commit,energy-pkg,energy-ram,seconds,temp_before,temp_after
968401ae6db3c8d3b96a782e4083fb08eec97846,2760.69,111.94,11.045968059,56000,56000
968401ae6db3c8d3b96a782e4083fb08eec97846,2779.75,113.08,11.117166323,55000,55000
968401ae6db3c8d3b96a782e4083fb08eec97846,2713.84,109.92,10.836715403,55000,56000
968401ae6db3c8d3b96a782e4083fb08eec97846,2857.50,116.77,11.422312953,55000,55000
968401ae6db3c8d3b96a782e4083fb08eec97846,2896.16,117.86,11.609275328,56000,56000
968401ae6db3c8d3b96a782e4083fb08eec97846,2811.29,114.82,11.221715749,55000,55000
968401ae6db3c8d3b96a782e4083fb08eec97846,2791.17,114.03,11.144638047,56000,56000
968401ae6db3c8d3b96a782e4083fb08eec97846,2839.58,116.24,11.355363154,56000,56000
968401ae6db3c8d3b96a782e4083fb08eec97846,2869.82,116.61,11.488641754,56000,56000
968401ae6db3c8d3b96a782e4083fb08eec97846,2729.44,110.57,10.916441455,56000,56000
968401ae6db3c8d3b96a782e4083fb08eec97846,2857.48,116.21,11.449602625,56000,56000
968401ae6db3c8d3b96a782e4083fb08eec97846,2857.25,116.10,11.441622419,56000,56000
968401ae6db3c8d3b96a782e4083fb08eec97846,2828.66,114.97,11.338810518,56000,56000
968401ae6db3c8d3b96a782e4083fb08eec97846,2813.95,114.08,11.263676507,55000,56000
968401ae6db3c8d3b96a782e4083fb08eec97846,2835.98,115.65,11.335808410,56000,56000
968401ae6db3c8d3b96a782e4083fb08eec97846,2833.01,115.57,11.317186712,56000,55000
968401ae6db3c8d3b96a782e4083fb08eec97846,2797.70,114.09,11.198527361,55000,56000
968401ae6db3c8d3b96a782e4083fb08eec97846,2779.41,113.24,11.125463649,56000,56000
968401ae6db3c8d3b96a782e4083fb08eec97846,2755.13,112.47,11.032238782,55000,55000
968401ae6db3c8d3b96a782e4083fb08eec97846,2811.54,114.66,11.266033728,56000,56000
968401ae6db3c8d3b96a782e4083fb08eec97846,2814.05,114.81,11.254585150,56000,56000
968401ae6db3c8d3b96a782e4083fb08eec97846,2872.51,117.18,11.509231762,56000,55000
968401ae6db3c8d3b96a782e4083fb08eec97846,2832.66,114.90,11.334229189,56000,55000
968401ae6db3c8d3b96a782e4083fb08eec97846,2790.54,113.81,11.178790215,55000,55000
968401ae6db3c8d3b96a782e4083fb08eec97846,2682.91,108.64,10.739542545,56000,56000
968401ae6db3c8d3b96a782e4083fb08eec97846,2790.40,113.26,11.172142038,56000,56000
968401ae6db3c8d3b96a782e4083fb08eec97846,2858.65,116.37,11.453312764,54000,55000
968401ae6db3c8d3b96a782e4083fb08eec97846,2812.70,115.18,11.244145949,56000,56000
968401ae6db3c8d3b96a782e4083fb08eec97846,2821.88,115.21,11.300209691,56000,56000
968401ae6db3c8d3b96a782e4083fb08eec97846,2825.63,115.19,11.299731724,55000,56000
ff9535c4e1fd871d482ab91b35e829626e7af0cd,2797.57,114.28,11.162899878,56000,56000
ff9535c4e1fd871d482ab91b35e829626e7af0cd,2789.89,113.13,11.146487792,56000,55000
ff9535c4e1fd871d482ab91b35e829626e7af0cd,2759.89,112.16,11.038604319,56000,56000
ff9535c4e1fd871d482ab91b35e829626e7af0cd,2775.39,113.29,11.087899725,56000,56000
ff9535c4e1fd871d482ab91b35e829626e7af0cd,2838.88,115.61,11.385003116,56000,56000
ff9535c4e1fd871d482ab91b35e829626e7af0cd,2807.36,113.84,11.260449192,56000,56000
ff9535c4e1fd871d482ab91b35e829626e7af0cd,2763.94,112.91,11.040448778,56000,56000
ff9535c4e1fd871d482ab91b35e829626e7af0cd,2760.49,112.31,11.050402032,56000,56000
ff9535c4e1fd871d482ab91b35e829626e7af0cd,2870.70,117.37,11.475150034,56000,56000
ff9535c4e1fd871d482ab91b35e829626e7af0cd,2714.51,109.96,10.858855128,56000,56000
ff9535c4e1fd871d482ab91b35e829626e7af0cd,2852.30,116.25,11.405350719,55000,56000
ff9535c4e1fd871d482ab91b35e829626e7af0cd,2826.61,114.43,11.327089998,56000,56000
ff9535c4e1fd871d482ab91b35e829626e7af0cd,2810.16,114.68,11.216474794,56000,56000
ff9535c4e1fd871d482ab91b35e829626e7af0cd,2767.79,112.40,11.055830897,56000,56000
ff9535c4e1fd871d482ab91b35e829626e7af0cd,2834.99,114.73,11.364400485,56000,55000
ff9535c4e1fd871d482ab91b35e829626e7af0cd,2783.43,113.07,11.137524257,56000,56000
ff9535c4e1fd871d482ab91b35e829626e7af0cd,2843.33,115.66,11.384584735,56000,56000
ff9535c4e1fd871d482ab91b35e829626e7af0cd,2820.96,114.22,11.309704026,56000,56000
ff9535c4e1fd871d482ab91b35e829626e7af0cd,2843.99,116.23,11.345210877,56000,56000
ff9535c4e1fd871d482ab91b35e829626e7af0cd,2810.26,114.12,11.250284132,56000,55000
ff9535c4e1fd871d482ab91b35e829626e7af0cd,2821.16,114.75,11.293690034,55000,56000
ff9535c4e1fd871d482ab91b35e829626e7af0cd,2832.17,115.66,11.353116623,56000,54000
ff9535c4e1fd871d482ab91b35e829626e7af0cd,2772.49,113.20,11.098242175,55000,56000
ff9535c4e1fd871d482ab91b35e829626e7af0cd,2790.38,113.78,11.153994930,56000,55000
ff9535c4e1fd871d482ab91b35e829626e7af0cd,2766.99,112.97,11.061875486,55000,56000
ff9535c4e1fd871d482ab91b35e829626e7af0cd,2831.86,115.36,11.320615258,55000,55000
ff9535c4e1fd871d482ab91b35e829626e7af0cd,2795.16,113.77,11.191763425,56000,55000
ff9535c4e1fd871d482ab91b35e829626e7af0cd,2790.59,113.22,11.174521904,55000,55000
ff9535c4e1fd871d482ab91b35e829626e7af0cd,2850.89,116.18,11.409201270,56000,56000
ff9535c4e1fd871d482ab91b35e829626e7af0cd,2828.06,115.32,11.332229299,56000,55000
3e1ede630c0fd8ae66eefdff3216054d2ac35a81,2788.99,112.94,11.152257704,56000,56000
3e1ede630c0fd8ae66eefdff3216054d2ac35a81,2888.66,117.58,11.579614298,56000,55000
3e1ede630c0fd8ae66eefdff3216054d2ac35a81,2800.04,113.53,11.221220616,55000,55000
3e1ede630c0fd8ae66eefdff3216054d2ac35a81,2780.60,113.11,11.127056272,56000,56000
3e1ede630c0fd8ae66eefdff3216054d2ac35a81,2803.48,114.22,11.188195930,56000,56000
3e1ede630c0fd8ae66eefdff3216054d2ac35a81,2846.22,116.19,11.398282471,56000,56000
3e1ede630c0fd8ae66eefdff3216054d2ac35a81,2797.88,114.55,11.161370281,55000,55000
3e1ede630c0fd8ae66eefdff3216054d2ac35a81,2891.19,117.95,11.571010730,56000,55000
3e1ede630c0fd8ae66eefdff3216054d2ac35a81,2821.60,114.58,11.292881464,56000,55000
3e1ede630c0fd8ae66eefdff3216054d2ac35a81,2773.24,112.78,11.090679419,56000,55000
3e1ede630c0fd8ae66eefdff3216054d2ac35a81,2883.60,116.86,11.554610432,55000,56000
3e1ede630c0fd8ae66eefdff3216054d2ac35a81,2781.33,113.48,11.108615200,56000,55000
3e1ede630c0fd8ae66eefdff3216054d2ac35a81,2810.96,114.22,11.265432667,56000,56000
3e1ede630c0fd8ae66eefdff3216054d2ac35a81,2767.36,112.33,11.079597552,56000,56000
3e1ede630c0fd8ae66eefdff3216054d2ac35a81,2741.24,111.41,10.983191097,56000,56000
3e1ede630c0fd8ae66eefdff3216054d2ac35a81,2790.69,113.59,11.162871260,56000,56000
3e1ede630c0fd8ae66eefdff3216054d2ac35a81,2777.30,112.97,11.121831151,55000,56000
3e1ede630c0fd8ae66eefdff3216054d2ac35a81,2802.35,114.47,11.202713722,56000,56000
3e1ede630c0fd8ae66eefdff3216054d2ac35a81,2761.84,112.66,11.039050093,55000,55000
3e1ede630c0fd8ae66eefdff3216054d2ac35a81,2891.68,118.21,11.564733675,55000,55000
3e1ede630c0fd8ae66eefdff3216054d2ac35a81,2706.19,109.69,10.815441582,55000,56000
3e1ede630c0fd8ae66eefdff3216054d2ac35a81,2820.06,114.81,11.301085659,54000,55000
3e1ede630c0fd8ae66eefdff3216054d2ac35a81,2766.49,112.98,11.086432169,55000,54000
3e1ede630c0fd8ae66eefdff3216054d2ac35a81,2796.46,113.22,11.213879293,56000,56000
3e1ede630c0fd8ae66eefdff3216054d2ac35a81,2773.64,112.64,11.116611254,55000,56000
3e1ede630c0fd8ae66eefdff3216054d2ac35a81,2786.06,112.93,11.147739759,56000,56000
3e1ede630c0fd8ae66eefdff3216054d2ac35a81,2783.78,112.87,11.151066656,56000,55000
3e1ede630c0fd8ae66eefdff3216054d2ac35a81,2832.16,115.08,11.347162770,56000,56000
3e1ede630c0fd8ae66eefdff3216054d2ac35a81,2864.63,116.69,11.474029563,55000,54000
3e1ede630c0fd8ae66eefdff3216054d2ac35a81,2835.14,115.82,11.367274188,56000,56000
9036017b3132600ce61fd154f282290de7e825ee,2818.81,114.49,11.294654870,55000,55000
9036017b3132600ce61fd154f282290de7e825ee,2848.14,116.13,11.376573542,55000,56000
9036017b3132600ce61fd154f282290de7e825ee,2809.52,114.72,11.234582027,56000,56000
9036017b3132600ce61fd154f282290de7e825ee,2823.82,114.54,11.295992470,56000,56000
9036017b3132600ce61fd154f282290de7e825ee,2799.18,113.29,11.224405761,56000,55000
9036017b3132600ce61fd154f282290de7e825ee,2911.94,118.69,11.638089674,56000,56000
9036017b3132600ce61fd154f282290de7e825ee,2835.97,115.96,11.347561965,56000,55000
9036017b3132600ce61fd154f282290de7e825ee,2793.12,113.61,11.167005908,56000,56000
9036017b3132600ce61fd154f282290de7e825ee,2810.25,114.28,11.258044441,55000,56000
9036017b3132600ce61fd154f282290de7e825ee,2780.75,112.66,11.146547214,56000,56000
9036017b3132600ce61fd154f282290de7e825ee,2761.91,111.93,11.049547701,56000,56000
9036017b3132600ce61fd154f282290de7e825ee,2837.69,115.91,11.354604770,56000,55000
9036017b3132600ce61fd154f282290de7e825ee,2803.24,114.32,11.194212430,55000,56000
9036017b3132600ce61fd154f282290de7e825ee,2759.63,112.29,11.030927693,55000,56000
9036017b3132600ce61fd154f282290de7e825ee,2836.70,115.65,11.349780827,56000,56000
9036017b3132600ce61fd154f282290de7e825ee,2796.90,114.06,11.202057389,55000,56000
9036017b3132600ce61fd154f282290de7e825ee,2748.66,111.52,11.001553816,56000,56000
9036017b3132600ce61fd154f282290de7e825ee,2872.45,117.33,11.489717518,56000,55000
9036017b3132600ce61fd154f282290de7e825ee,2864.42,116.32,11.467733806,55000,56000
9036017b3132600ce61fd154f282290de7e825ee,2840.84,115.18,11.405619756,56000,56000
9036017b3132600ce61fd154f282290de7e825ee,2842.32,116.42,11.363435111,55000,56000
9036017b3132600ce61fd154f282290de7e825ee,2759.20,111.86,11.041234451,55000,56000
9036017b3132600ce61fd154f282290de7e825ee,2726.95,110.66,10.899028100,55000,56000
9036017b3132600ce61fd154f282290de7e825ee,2748.64,111.67,11.021855980,56000,56000
9036017b3132600ce61fd154f282290de7e825ee,2785.69,113.57,11.160879203,56000,56000
9036017b3132600ce61fd154f282290de7e825ee,2831.88,116.09,11.307416350,56000,55000
9036017b3132600ce61fd154f282290de7e825ee,2836.44,115.47,11.345123496,56000,56000
9036017b3132600ce61fd154f282290de7e825ee,2848.37,116.49,11.367375919,56000,54000
9036017b3132600ce61fd154f282290de7e825ee,2800.75,114.21,11.217552176,55000,56000
9036017b3132600ce61fd154f282290de7e825ee,2853.76,116.53,11.448711473,56000,56000
974315b9daceaf44a15626cbeedf42c323c22662,2802.67,113.53,11.223362470,56000,56000
974315b9daceaf44a15626cbeedf42c323c22662,2801.03,114.02,11.207482677,55000,55000
974315b9daceaf44a15626cbeedf42c323c22662,2750.31,112.38,10.997859879,55000,56000
974315b9daceaf44a15626cbeedf42c323c22662,2886.88,117.41,11.551443611,56000,55000
974315b9daceaf44a15626cbeedf42c323c22662,2801.33,113.95,11.192987147,55000,55000
974315b9daceaf44a15626cbeedf42c323c22662,2785.81,112.96,11.137820170,55000,56000
974315b9daceaf44a15626cbeedf42c323c22662,2778.97,112.80,11.132122056,56000,56000
974315b9daceaf44a15626cbeedf42c323c22662,2851.27,116.44,11.406788187,56000,56000
974315b9daceaf44a15626cbeedf42c323c22662,2802.07,114.65,11.194137013,55000,56000
974315b9daceaf44a15626cbeedf42c323c22662,2792.86,113.79,11.169413235,56000,56000
974315b9daceaf44a15626cbeedf42c323c22662,2857.47,117.22,11.422730821,55000,56000
974315b9daceaf44a15626cbeedf42c323c22662,2849.56,115.49,11.430375523,55000,56000
974315b9daceaf44a15626cbeedf42c323c22662,2783.42,113.29,11.152804223,56000,55000
974315b9daceaf44a15626cbeedf42c323c22662,2818.62,114.93,11.279827192,56000,56000
974315b9daceaf44a15626cbeedf42c323c22662,2815.13,114.84,11.263763781,56000,56000
974315b9daceaf44a15626cbeedf42c323c22662,2825.05,114.35,11.315424277,56000,55000
974315b9daceaf44a15626cbeedf42c323c22662,2829.26,115.16,11.320162172,56000,56000
974315b9daceaf44a15626cbeedf42c323c22662,2789.00,113.78,11.151449292,55000,55000
974315b9daceaf44a15626cbeedf42c323c22662,2785.04,113.73,11.149371986,56000,56000
974315b9daceaf44a15626cbeedf42c323c22662,2886.57,117.47,11.570714195,56000,56000
974315b9daceaf44a15626cbeedf42c323c22662,2794.52,113.61,11.197890910,56000,56000
974315b9daceaf44a15626cbeedf42c323c22662,2802.89,113.56,11.229023914,56000,56000
974315b9daceaf44a15626cbeedf42c323c22662,2854.80,116.45,11.427959800,56000,55000
974315b9daceaf44a15626cbeedf42c323c22662,2836.17,115.78,11.307198281,55000,56000
974315b9daceaf44a15626cbeedf42c323c22662,2767.52,112.56,11.057086918,56000,55000
974315b9daceaf44a15626cbeedf42c323c22662,2825.35,115.39,11.305528756,55000,55000
974315b9daceaf44a15626cbeedf42c323c22662,2756.92,112.11,11.047495606,56000,56000
974315b9daceaf44a15626cbeedf42c323c22662,2683.40,108.72,10.756911210,56000,56000
974315b9daceaf44a15626cbeedf42c323c22662,2836.41,116.17,11.347178945,56000,55000
974315b9daceaf44a15626cbeedf42c323c22662,2830.54,115.13,11.343724033,56000,56000
79ac5bd29ad106ab58fc72b7468f2ed26f013769,2829.70,115.04,11.316800527,57000,56000
79ac5bd29ad106ab58fc72b7468f2ed26f013769,2769.05,112.86,11.062877381,56000,56000
79ac5bd29ad106ab58fc72b7468f2ed26f013769,2756.21,111.31,11.020719760,56000,55000
79ac5bd29ad106ab58fc72b7468f2ed26f013769,2837.28,115.76,11.353185079,55000,56000
79ac5bd29ad106ab58fc72b7468f2ed26f013769,2812.27,114.30,11.278865063,56000,56000
79ac5bd29ad106ab58fc72b7468f2ed26f013769,2759.74,111.88,11.067899136,55000,56000
79ac5bd29ad106ab58fc72b7468f2ed26f013769,2821.61,115.05,11.275540151,56000,56000
79ac5bd29ad106ab58fc72b7468f2ed26f013769,2780.44,113.14,11.125420364,55000,56000
79ac5bd29ad106ab58fc72b7468f2ed26f013769,2869.62,116.98,11.470601910,55000,56000
79ac5bd29ad106ab58fc72b7468f2ed26f013769,2764.06,112.15,11.065123313,56000,56000
79ac5bd29ad106ab58fc72b7468f2ed26f013769,2799.96,114.16,11.184184261,56000,56000
79ac5bd29ad106ab58fc72b7468f2ed26f013769,2814.48,114.37,11.264099949,56000,56000
79ac5bd29ad106ab58fc72b7468f2ed26f013769,2786.64,113.32,11.148622191,56000,56000
79ac5bd29ad106ab58fc72b7468f2ed26f013769,2797.05,114.03,11.185019950,56000,55000
79ac5bd29ad106ab58fc72b7468f2ed26f013769,2827.65,114.89,11.326856140,56000,56000
79ac5bd29ad106ab58fc72b7468f2ed26f013769,2799.99,114.01,11.203965936,55000,56000
79ac5bd29ad106ab58fc72b7468f2ed26f013769,2735.84,110.76,10.940577015,56000,55000
79ac5bd29ad106ab58fc72b7468f2ed26f013769,2810.82,114.96,11.226372796,56000,55000
79ac5bd29ad106ab58fc72b7468f2ed26f013769,2882.11,117.71,11.519629359,56000,56000
79ac5bd29ad106ab58fc72b7468f2ed26f013769,2868.83,117.49,11.453668672,56000,56000
79ac5bd29ad106ab58fc72b7468f2ed26f013769,2786.55,114.02,11.143059135,56000,55000
79ac5bd29ad106ab58fc72b7468f2ed26f013769,2790.00,113.89,11.151124220,55000,55000
79ac5bd29ad106ab58fc72b7468f2ed26f013769,2873.90,117.14,11.515208086,55000,56000
79ac5bd29ad106ab58fc72b7468f2ed26f013769,2888.35,117.54,11.588150577,56000,56000
79ac5bd29ad106ab58fc72b7468f2ed26f013769,2844.84,115.75,11.376039347,56000,56000
79ac5bd29ad106ab58fc72b7468f2ed26f013769,2853.70,116.78,11.392145960,56000,56000
79ac5bd29ad106ab58fc72b7468f2ed26f013769,2717.82,110.12,10.902009346,55000,56000
79ac5bd29ad106ab58fc72b7468f2ed26f013769,2820.51,114.60,11.283585476,55000,54000
79ac5bd29ad106ab58fc72b7468f2ed26f013769,2791.54,113.67,11.196567616,55000,56000
79ac5bd29ad106ab58fc72b7468f2ed26f013769,2788.99,113.97,11.193258368,56000,56000
85fad4398218b751ca4c3e8e2d5b2a52b8811fb5,2850.57,116.01,11.391320868,56000,56000
85fad4398218b751ca4c3e8e2d5b2a52b8811fb5,2835.33,115.41,11.355949720,56000,56000
85fad4398218b751ca4c3e8e2d5b2a52b8811fb5,2818.47,115.08,11.256131562,56000,55000
85fad4398218b751ca4c3e8e2d5b2a52b8811fb5,2750.23,111.89,10.987971093,55000,55000
85fad4398218b751ca4c3e8e2d5b2a52b8811fb5,2843.52,116.11,11.369732574,55000,55000
85fad4398218b751ca4c3e8e2d5b2a52b8811fb5,2849.81,116.21,11.372637420,56000,56000
85fad4398218b751ca4c3e8e2d5b2a52b8811fb5,2803.69,114.16,11.210586034,56000,55000
85fad4398218b751ca4c3e8e2d5b2a52b8811fb5,2829.07,115.55,11.324175328,56000,56000
85fad4398218b751ca4c3e8e2d5b2a52b8811fb5,2794.08,113.83,11.162436046,55000,56000
85fad4398218b751ca4c3e8e2d5b2a52b8811fb5,2815.00,114.67,11.261650428,56000,56000
85fad4398218b751ca4c3e8e2d5b2a52b8811fb5,2818.70,114.31,11.301388205,56000,56000
85fad4398218b751ca4c3e8e2d5b2a52b8811fb5,2808.57,113.91,11.233357286,55000,56000
85fad4398218b751ca4c3e8e2d5b2a52b8811fb5,2746.81,110.82,10.987012480,57000,56000
85fad4398218b751ca4c3e8e2d5b2a52b8811fb5,2838.16,115.38,11.332417375,56000,56000
85fad4398218b751ca4c3e8e2d5b2a52b8811fb5,2871.60,117.00,11.475267686,56000,56000
85fad4398218b751ca4c3e8e2d5b2a52b8811fb5,2866.14,116.63,11.492629267,56000,56000
85fad4398218b751ca4c3e8e2d5b2a52b8811fb5,2892.31,117.72,11.578836307,56000,56000
85fad4398218b751ca4c3e8e2d5b2a52b8811fb5,2785.84,113.79,11.143461931,56000,56000
85fad4398218b751ca4c3e8e2d5b2a52b8811fb5,2880.63,117.32,11.542871087,56000,56000
85fad4398218b751ca4c3e8e2d5b2a52b8811fb5,2844.48,115.71,11.391775864,56000,55000
85fad4398218b751ca4c3e8e2d5b2a52b8811fb5,2774.39,112.34,11.079806984,55000,56000
85fad4398218b751ca4c3e8e2d5b2a52b8811fb5,2821.88,114.82,11.268514306,54000,56000
85fad4398218b751ca4c3e8e2d5b2a52b8811fb5,2878.07,117.54,11.512137057,55000,56000
85fad4398218b751ca4c3e8e2d5b2a52b8811fb5,2822.70,114.94,11.291693741,56000,54000
85fad4398218b751ca4c3e8e2d5b2a52b8811fb5,2813.25,114.99,11.262065508,56000,56000
85fad4398218b751ca4c3e8e2d5b2a52b8811fb5,2764.54,112.97,11.053052904,56000,56000
85fad4398218b751ca4c3e8e2d5b2a52b8811fb5,2802.61,114.17,11.203529297,55000,55000
85fad4398218b751ca4c3e8e2d5b2a52b8811fb5,2866.52,116.97,11.483279029,55000,55000
85fad4398218b751ca4c3e8e2d5b2a52b8811fb5,2790.97,113.41,11.177533802,55000,56000
85fad4398218b751ca4c3e8e2d5b2a52b8811fb5,2734.99,111.17,10.940394049,56000,55000
be2dd1335dcf7c6f67cee13a53d0df64cb14800b,2828.51,115.45,11.305049044,56000,56000
be2dd1335dcf7c6f67cee13a53d0df64cb14800b,2891.19,117.42,11.578066652,56000,56000
be2dd1335dcf7c6f67cee13a53d0df64cb14800b,2867.58,116.73,11.473642095,56000,55000
be2dd1335dcf7c6f67cee13a53d0df64cb14800b,2796.48,113.88,11.181210910,56000,56000
be2dd1335dcf7c6f67cee13a53d0df64cb14800b,2818.52,114.96,11.277378912,56000,56000
be2dd1335dcf7c6f67cee13a53d0df64cb14800b,2845.31,115.27,11.416278848,56000,55000
be2dd1335dcf7c6f67cee13a53d0df64cb14800b,2825.60,115.16,11.295694501,56000,56000
be2dd1335dcf7c6f67cee13a53d0df64cb14800b,2789.09,112.59,11.149003867,56000,56000
be2dd1335dcf7c6f67cee13a53d0df64cb14800b,2836.05,115.50,11.347795843,56000,55000
be2dd1335dcf7c6f67cee13a53d0df64cb14800b,2799.81,114.52,11.187388247,55000,55000
be2dd1335dcf7c6f67cee13a53d0df64cb14800b,2807.82,114.30,11.239191149,55000,56000
be2dd1335dcf7c6f67cee13a53d0df64cb14800b,2781.58,113.35,11.148783056,55000,55000
be2dd1335dcf7c6f67cee13a53d0df64cb14800b,2848.74,116.50,11.395114946,56000,55000
be2dd1335dcf7c6f67cee13a53d0df64cb14800b,2777.33,112.67,11.116922631,56000,56000
be2dd1335dcf7c6f67cee13a53d0df64cb14800b,2820.50,115.01,11.291339254,56000,55000
be2dd1335dcf7c6f67cee13a53d0df64cb14800b,2825.60,115.26,11.295941395,55000,56000
be2dd1335dcf7c6f67cee13a53d0df64cb14800b,2843.50,116.04,11.362203604,56000,56000
be2dd1335dcf7c6f67cee13a53d0df64cb14800b,2810.30,115.01,11.221935788,55000,56000
be2dd1335dcf7c6f67cee13a53d0df64cb14800b,2842.99,115.78,11.381149823,55000,56000
be2dd1335dcf7c6f67cee13a53d0df64cb14800b,2828.38,114.84,11.317198125,56000,56000
be2dd1335dcf7c6f67cee13a53d0df64cb14800b,2748.51,111.78,11.009441360,56000,56000
be2dd1335dcf7c6f67cee13a53d0df64cb14800b,2800.13,114.14,11.194408045,55000,56000
be2dd1335dcf7c6f67cee13a53d0df64cb14800b,2806.23,114.28,11.233317706,56000,55000
be2dd1335dcf7c6f67cee13a53d0df64cb14800b,2759.30,112.59,11.023370039,56000,55000
be2dd1335dcf7c6f67cee13a53d0df64cb14800b,2717.32,110.19,10.851296352,56000,56000
be2dd1335dcf7c6f67cee13a53d0df64cb14800b,2832.60,115.08,11.332877681,56000,55000
be2dd1335dcf7c6f67cee13a53d0df64cb14800b,2817.15,114.72,11.276641952,56000,56000
be2dd1335dcf7c6f67cee13a53d0df64cb14800b,2781.70,113.08,11.130157577,55000,55000
be2dd1335dcf7c6f67cee13a53d0df64cb14800b,2839.95,115.43,11.360949954,55000,55000
be2dd1335dcf7c6f67cee13a53d0df64cb14800b,2788.80,113.29,11.166020883,55000,56000
d54eeccf0c59d8b11cdc88093817ecaf5468d93d,2881.36,117.65,11.537252273,56000,55000
d54eeccf0c59d8b11cdc88093817ecaf5468d93d,2751.52,111.50,11.022987462,56000,56000
d54eeccf0c59d8b11cdc88093817ecaf5468d93d,2742.99,110.88,10.996812735,56000,56000
d54eeccf0c59d8b11cdc88093817ecaf5468d93d,2870.36,116.57,11.490876889,56000,56000
d54eeccf0c59d8b11cdc88093817ecaf5468d93d,2820.57,115.02,11.297452132,56000,55000
d54eeccf0c59d8b11cdc88093817ecaf5468d93d,2812.24,114.65,11.258489946,56000,56000
d54eeccf0c59d8b11cdc88093817ecaf5468d93d,2817.01,114.81,11.264254873,55000,56000
d54eeccf0c59d8b11cdc88093817ecaf5468d93d,2810.88,114.39,11.253136660,55000,56000
d54eeccf0c59d8b11cdc88093817ecaf5468d93d,2769.31,111.76,11.090877796,56000,55000
d54eeccf0c59d8b11cdc88093817ecaf5468d93d,2800.00,114.04,11.197113984,55000,55000
d54eeccf0c59d8b11cdc88093817ecaf5468d93d,2832.99,114.76,11.353004328,56000,56000
d54eeccf0c59d8b11cdc88093817ecaf5468d93d,2868.96,116.58,11.484356485,56000,55000
d54eeccf0c59d8b11cdc88093817ecaf5468d93d,2810.13,114.32,11.231449434,56000,55000
d54eeccf0c59d8b11cdc88093817ecaf5468d93d,2750.04,111.26,11.001059702,56000,55000
d54eeccf0c59d8b11cdc88093817ecaf5468d93d,2812.60,114.32,11.242292761,55000,56000
d54eeccf0c59d8b11cdc88093817ecaf5468d93d,2875.20,117.44,11.499274907,56000,56000
d54eeccf0c59d8b11cdc88093817ecaf5468d93d,2820.16,114.80,11.280938474,56000,56000
d54eeccf0c59d8b11cdc88093817ecaf5468d93d,2800.51,114.16,11.206205718,56000,56000
d54eeccf0c59d8b11cdc88093817ecaf5468d93d,2774.29,112.51,11.108935533,55000,56000
d54eeccf0c59d8b11cdc88093817ecaf5468d93d,2869.38,117.08,11.461059150,56000,56000
d54eeccf0c59d8b11cdc88093817ecaf5468d93d,2849.15,115.90,11.406677651,56000,55000
d54eeccf0c59d8b11cdc88093817ecaf5468d93d,2833.19,115.78,11.317638020,56000,56000
d54eeccf0c59d8b11cdc88093817ecaf5468d93d,2787.33,113.51,11.159629420,56000,56000
d54eeccf0c59d8b11cdc88093817ecaf5468d93d,2841.09,115.67,11.374047573,55000,56000
d54eeccf0c59d8b11cdc88093817ecaf5468d93d,2855.45,116.32,11.431232964,56000,56000
d54eeccf0c59d8b11cdc88093817ecaf5468d93d,2806.46,114.18,11.228063153,56000,56000
d54eeccf0c59d8b11cdc88093817ecaf5468d93d,2871.64,116.63,11.519463533,56000,55000
d54eeccf0c59d8b11cdc88093817ecaf5468d93d,2850.40,116.35,11.386701010,56000,56000
d54eeccf0c59d8b11cdc88093817ecaf5468d93d,2867.08,116.94,11.475051462,56000,56000
d54eeccf0c59d8b11cdc88093817ecaf5468d93d,2782.13,112.92,11.158204893,56000,54000
c892aa8d34804a286cee775ca736e1c5ae7bd55a,2842.66,115.39,11.379225255,56000,55000
c892aa8d34804a286cee775ca736e1c5ae7bd55a,2839.12,115.31,11.357318012,56000,56000
c892aa8d34804a286cee775ca736e1c5ae7bd55a,2811.18,114.46,11.235616356,56000,56000
c892aa8d34804a286cee775ca736e1c5ae7bd55a,2749.63,111.83,10.994046230,55000,55000
c892aa8d34804a286cee775ca736e1c5ae7bd55a,2858.22,116.44,11.456329271,56000,56000
c892aa8d34804a286cee775ca736e1c5ae7bd55a,2804.27,114.66,11.205731590,56000,56000
c892aa8d34804a286cee775ca736e1c5ae7bd55a,2839.72,115.55,11.364460827,56000,55000
c892aa8d34804a286cee775ca736e1c5ae7bd55a,2863.92,116.31,11.466743439,56000,56000
c892aa8d34804a286cee775ca736e1c5ae7bd55a,2820.81,114.50,11.299864580,56000,56000
c892aa8d34804a286cee775ca736e1c5ae7bd55a,2838.40,115.29,11.344858416,55000,56000
c892aa8d34804a286cee775ca736e1c5ae7bd55a,2824.69,114.93,11.291149394,55000,56000
c892aa8d34804a286cee775ca736e1c5ae7bd55a,2796.56,113.99,11.178413394,56000,56000
c892aa8d34804a286cee775ca736e1c5ae7bd55a,2770.69,112.84,11.074489237,57000,55000
c892aa8d34804a286cee775ca736e1c5ae7bd55a,2793.66,113.02,11.170656267,55000,56000
c892aa8d34804a286cee775ca736e1c5ae7bd55a,2856.86,116.22,11.413614837,56000,55000
c892aa8d34804a286cee775ca736e1c5ae7bd55a,2749.70,111.09,10.997583736,56000,56000
c892aa8d34804a286cee775ca736e1c5ae7bd55a,2813.10,114.19,11.259623370,55000,56000
c892aa8d34804a286cee775ca736e1c5ae7bd55a,2804.49,114.04,11.209223205,55000,56000
c892aa8d34804a286cee775ca736e1c5ae7bd55a,2767.44,112.79,11.077218568,55000,56000
c892aa8d34804a286cee775ca736e1c5ae7bd55a,2769.15,112.46,11.073999028,56000,56000
c892aa8d34804a286cee775ca736e1c5ae7bd55a,2937.80,119.65,11.761148558,56000,55000
c892aa8d34804a286cee775ca736e1c5ae7bd55a,2791.79,113.43,11.167383708,56000,56000
c892aa8d34804a286cee775ca736e1c5ae7bd55a,2876.63,117.33,11.485873836,56000,56000
c892aa8d34804a286cee775ca736e1c5ae7bd55a,2848.82,116.29,11.404824378,56000,56000
c892aa8d34804a286cee775ca736e1c5ae7bd55a,2815.63,114.67,11.264216210,55000,56000
c892aa8d34804a286cee775ca736e1c5ae7bd55a,2794.03,113.63,11.158518490,56000,56000
c892aa8d34804a286cee775ca736e1c5ae7bd55a,2824.69,115.11,11.315429612,55000,56000
c892aa8d34804a286cee775ca736e1c5ae7bd55a,2859.77,116.80,11.436609167,56000,56000
c892aa8d34804a286cee775ca736e1c5ae7bd55a,2883.94,117.83,11.536914762,56000,56000
c892aa8d34804a286cee775ca736e1c5ae7bd55a,2874.24,117.29,11.504282171,55000,55000
590076704d673c02c7a33e215fbc701ec0ef2747,2865.48,116.32,11.477729301,56000,55000
590076704d673c02c7a33e215fbc701ec0ef2747,2859.51,116.58,11.459758774,56000,55000
590076704d673c02c7a33e215fbc701ec0ef2747,2773.36,112.66,11.092715568,56000,56000
590076704d673c02c7a33e215fbc701ec0ef2747,2842.83,116.07,11.369911723,56000,56000
590076704d673c02c7a33e215fbc701ec0ef2747,2799.64,113.85,11.199136838,56000,56000
590076704d673c02c7a33e215fbc701ec0ef2747,2811.27,114.54,11.246922745,56000,55000
590076704d673c02c7a33e215fbc701ec0ef2747,2759.22,112.08,11.034210879,56000,55000
590076704d673c02c7a33e215fbc701ec0ef2747,2736.67,110.77,10.939480315,56000,56000
590076704d673c02c7a33e215fbc701ec0ef2747,2890.58,117.42,11.569534521,56000,56000
590076704d673c02c7a33e215fbc701ec0ef2747,2819.06,114.53,11.266200531,55000,56000
590076704d673c02c7a33e215fbc701ec0ef2747,2871.10,116.51,11.476890758,56000,55000
590076704d673c02c7a33e215fbc701ec0ef2747,2790.04,113.56,11.155218439,56000,56000
590076704d673c02c7a33e215fbc701ec0ef2747,2746.97,111.55,11.000711399,56000,56000
590076704d673c02c7a33e215fbc701ec0ef2747,2833.91,114.93,11.364444965,56000,55000
590076704d673c02c7a33e215fbc701ec0ef2747,2791.22,113.04,11.178463311,56000,56000
590076704d673c02c7a33e215fbc701ec0ef2747,2813.59,114.65,11.274334184,56000,56000
590076704d673c02c7a33e215fbc701ec0ef2747,2814.85,114.75,11.240744839,56000,56000
590076704d673c02c7a33e215fbc701ec0ef2747,2794.85,114.16,11.172831265,56000,55000
590076704d673c02c7a33e215fbc701ec0ef2747,2847.00,116.12,11.387576460,56000,55000
590076704d673c02c7a33e215fbc701ec0ef2747,2832.63,115.41,11.347527706,56000,56000
590076704d673c02c7a33e215fbc701ec0ef2747,2937.07,119.86,11.746039456,56000,55000
590076704d673c02c7a33e215fbc701ec0ef2747,2843.53,116.58,11.366803051,55000,56000
590076704d673c02c7a33e215fbc701ec0ef2747,2732.08,111.04,10.936353992,56000,55000
590076704d673c02c7a33e215fbc701ec0ef2747,2772.48,113.15,11.112042305,56000,56000
590076704d673c02c7a33e215fbc701ec0ef2747,2829.62,114.81,11.333484500,55000,56000
590076704d673c02c7a33e215fbc701ec0ef2747,2859.06,116.60,11.435072386,56000,56000
590076704d673c02c7a33e215fbc701ec0ef2747,2806.35,114.44,11.225527072,56000,56000
590076704d673c02c7a33e215fbc701ec0ef2747,2682.86,108.81,10.709259937,56000,56000
590076704d673c02c7a33e215fbc701ec0ef2747,2913.93,119.12,11.648727236,55000,56000
590076704d673c02c7a33e215fbc701ec0ef2747,2818.50,114.82,11.297776290,56000,56000
ff7e1fad7de4c5b8bcae342b6ac52e6e34ff16f7,2838.51,115.02,11.373390590,56000,55000
ff7e1fad7de4c5b8bcae342b6ac52e6e34ff16f7,2863.49,116.53,11.455383924,56000,55000
ff7e1fad7de4c5b8bcae342b6ac52e6e34ff16f7,2821.76,115.40,11.277153068,56000,56000
ff7e1fad7de4c5b8bcae342b6ac52e6e34ff16f7,2810.93,114.09,11.259852973,56000,55000
ff7e1fad7de4c5b8bcae342b6ac52e6e34ff16f7,2821.58,114.66,11.269612147,56000,56000
ff7e1fad7de4c5b8bcae342b6ac52e6e34ff16f7,2750.11,111.46,10.997625270,56000,55000
ff7e1fad7de4c5b8bcae342b6ac52e6e34ff16f7,2799.14,114.19,11.180536783,55000,56000
ff7e1fad7de4c5b8bcae342b6ac52e6e34ff16f7,2811.64,114.55,11.230051126,56000,55000
ff7e1fad7de4c5b8bcae342b6ac52e6e34ff16f7,2755.20,111.44,11.047503514,56000,56000
ff7e1fad7de4c5b8bcae342b6ac52e6e34ff16f7,2818.79,114.94,11.268232233,55000,56000
ff7e1fad7de4c5b8bcae342b6ac52e6e34ff16f7,2798.73,113.60,11.191345205,55000,55000
ff7e1fad7de4c5b8bcae342b6ac52e6e34ff16f7,2799.17,113.82,11.217725425,56000,56000
ff7e1fad7de4c5b8bcae342b6ac52e6e34ff16f7,2810.53,114.39,11.230522261,55000,55000
ff7e1fad7de4c5b8bcae342b6ac52e6e34ff16f7,2802.34,113.99,11.207202499,55000,56000
ff7e1fad7de4c5b8bcae342b6ac52e6e34ff16f7,2810.68,114.70,11.229107441,56000,56000
ff7e1fad7de4c5b8bcae342b6ac52e6e34ff16f7,2782.40,113.54,11.125168543,55000,55000
ff7e1fad7de4c5b8bcae342b6ac52e6e34ff16f7,2742.56,111.50,10.945171025,56000,56000
ff7e1fad7de4c5b8bcae342b6ac52e6e34ff16f7,2793.78,113.71,11.175516618,55000,55000
ff7e1fad7de4c5b8bcae342b6ac52e6e34ff16f7,2809.25,114.24,11.248631509,55000,56000
ff7e1fad7de4c5b8bcae342b6ac52e6e34ff16f7,2772.66,112.75,11.107406866,56000,56000
ff7e1fad7de4c5b8bcae342b6ac52e6e34ff16f7,2886.93,117.43,11.538543202,56000,55000
ff7e1fad7de4c5b8bcae342b6ac52e6e34ff16f7,2834.85,115.42,11.367047061,56000,56000
ff7e1fad7de4c5b8bcae342b6ac52e6e34ff16f7,2831.83,115.50,11.310516030,56000,56000
ff7e1fad7de4c5b8bcae342b6ac52e6e34ff16f7,2849.43,115.37,11.407347893,56000,55000
ff7e1fad7de4c5b8bcae342b6ac52e6e34ff16f7,2801.02,113.59,11.211749541,55000,56000
ff7e1fad7de4c5b8bcae342b6ac52e6e34ff16f7,2847.89,116.05,11.392985381,55000,56000
ff7e1fad7de4c5b8bcae342b6ac52e6e34ff16f7,2834.92,114.44,11.378124845,56000,56000
ff7e1fad7de4c5b8bcae342b6ac52e6e34ff16f7,2791.97,113.34,11.187192259,56000,55000
ff7e1fad7de4c5b8bcae342b6ac52e6e34ff16f7,2762.06,112.03,11.034923917,55000,55000
ff7e1fad7de4c5b8bcae342b6ac52e6e34ff16f7,2812.48,114.38,11.259890045,55000,55000
a7302aef26c94fc0b592245140520c1deb3ca28d,2811.52,114.02,11.236987279,55000,56000
a7302aef26c94fc0b592245140520c1deb3ca28d,2742.11,110.99,10.960844250,55000,56000
a7302aef26c94fc0b592245140520c1deb3ca28d,2862.46,116.33,11.440180535,56000,56000
a7302aef26c94fc0b592245140520c1deb3ca28d,2861.58,116.47,11.448839381,56000,56000
a7302aef26c94fc0b592245140520c1deb3ca28d,2783.85,113.07,11.144556855,56000,56000
a7302aef26c94fc0b592245140520c1deb3ca28d,2841.04,115.81,11.351883257,55000,56000
a7302aef26c94fc0b592245140520c1deb3ca28d,2746.15,111.21,10.991939282,56000,55000
a7302aef26c94fc0b592245140520c1deb3ca28d,2734.88,110.88,10.915913867,56000,55000
a7302aef26c94fc0b592245140520c1deb3ca28d,2851.06,115.99,11.393066867,55000,57000
a7302aef26c94fc0b592245140520c1deb3ca28d,2867.74,116.82,11.456846600,56000,55000
a7302aef26c94fc0b592245140520c1deb3ca28d,2802.26,113.96,11.207884883,56000,56000
a7302aef26c94fc0b592245140520c1deb3ca28d,2819.84,115.21,11.267406324,55000,56000
a7302aef26c94fc0b592245140520c1deb3ca28d,2883.70,117.96,11.561938829,56000,56000
a7302aef26c94fc0b592245140520c1deb3ca28d,2860.98,116.88,11.450240028,56000,56000
a7302aef26c94fc0b592245140520c1deb3ca28d,2767.04,112.60,11.088429101,56000,56000
a7302aef26c94fc0b592245140520c1deb3ca28d,2859.47,116.70,11.425167504,57000,55000
a7302aef26c94fc0b592245140520c1deb3ca28d,2857.20,116.89,11.422456502,55000,56000
a7302aef26c94fc0b592245140520c1deb3ca28d,2867.35,117.29,11.463707543,56000,56000
a7302aef26c94fc0b592245140520c1deb3ca28d,2822.52,115.18,11.298998072,56000,56000
a7302aef26c94fc0b592245140520c1deb3ca28d,2761.83,112.08,11.028537281,56000,56000
a7302aef26c94fc0b592245140520c1deb3ca28d,2763.12,112.70,11.028086527,56000,56000
a7302aef26c94fc0b592245140520c1deb3ca28d,2778.39,112.15,11.117809867,56000,56000
a7302aef26c94fc0b592245140520c1deb3ca28d,2794.98,114.18,11.191874935,55000,56000
a7302aef26c94fc0b592245140520c1deb3ca28d,2830.60,115.37,11.320791395,55000,56000
a7302aef26c94fc0b592245140520c1deb3ca28d,2820.74,114.99,11.261761708,56000,55000
a7302aef26c94fc0b592245140520c1deb3ca28d,2897.86,118.36,11.566599446,56000,56000
a7302aef26c94fc0b592245140520c1deb3ca28d,2808.77,114.40,11.254436160,55000,56000
a7302aef26c94fc0b592245140520c1deb3ca28d,2881.68,117.09,11.532646417,56000,54000
a7302aef26c94fc0b592245140520c1deb3ca28d,2811.08,114.50,11.244539580,56000,56000
a7302aef26c94fc0b592245140520c1deb3ca28d,2795.69,114.33,11.184924422,55000,56000
b0e57876c48444a760df62631638b9864e1c95c8,2752.95,111.59,11.036955319,56000,56000
b0e57876c48444a760df62631638b9864e1c95c8,2807.50,113.89,11.217473883,56000,56000
b0e57876c48444a760df62631638b9864e1c95c8,2827.47,114.73,11.303615590,55000,56000
b0e57876c48444a760df62631638b9864e1c95c8,2869.04,116.88,11.471658911,56000,56000
b0e57876c48444a760df62631638b9864e1c95c8,2845.88,115.67,11.372061920,56000,55000
b0e57876c48444a760df62631638b9864e1c95c8,2813.19,114.51,11.281140651,56000,56000
b0e57876c48444a760df62631638b9864e1c95c8,2872.35,117.15,11.490866060,55000,56000
b0e57876c48444a760df62631638b9864e1c95c8,2817.60,115.23,11.273370731,56000,55000
b0e57876c48444a760df62631638b9864e1c95c8,2850.44,116.40,11.391787268,56000,56000
b0e57876c48444a760df62631638b9864e1c95c8,2769.17,112.62,11.076591646,55000,55000
b0e57876c48444a760df62631638b9864e1c95c8,2871.09,116.90,11.491308214,55000,56000
b0e57876c48444a760df62631638b9864e1c95c8,2812.65,114.68,11.233380882,56000,56000
b0e57876c48444a760df62631638b9864e1c95c8,2869.69,116.44,11.508812981,56000,55000
b0e57876c48444a760df62631638b9864e1c95c8,2799.88,113.98,11.194869829,56000,56000
b0e57876c48444a760df62631638b9864e1c95c8,2812.47,114.45,11.256346628,56000,56000
b0e57876c48444a760df62631638b9864e1c95c8,2841.20,115.51,11.360566991,56000,56000
b0e57876c48444a760df62631638b9864e1c95c8,2894.87,118.00,11.586562540,55000,56000
b0e57876c48444a760df62631638b9864e1c95c8,2859.20,116.93,11.433319082,56000,55000
b0e57876c48444a760df62631638b9864e1c95c8,2714.27,109.99,10.833338852,56000,54000
b0e57876c48444a760df62631638b9864e1c95c8,2878.56,117.31,11.502547761,56000,56000
b0e57876c48444a760df62631638b9864e1c95c8,2802.85,113.98,11.186576456,55000,56000
b0e57876c48444a760df62631638b9864e1c95c8,2838.19,115.55,11.363118440,56000,56000
b0e57876c48444a760df62631638b9864e1c95c8,2877.84,117.37,11.519428070,56000,55000
b0e57876c48444a760df62631638b9864e1c95c8,2852.55,116.08,11.401476847,56000,56000
b0e57876c48444a760df62631638b9864e1c95c8,2852.55,116.27,11.404889184,56000,56000
b0e57876c48444a760df62631638b9864e1c95c8,2842.49,115.67,11.374773098,56000,55000
b0e57876c48444a760df62631638b9864e1c95c8,2713.08,109.84,10.851675569,55000,56000
b0e57876c48444a760df62631638b9864e1c95c8,2901.24,118.11,11.622675075,56000,56000
b0e57876c48444a760df62631638b9864e1c95c8,2779.70,113.81,11.118703658,55000,56000
b0e57876c48444a760df62631638b9864e1c95c8,2844.75,116.39,11.394897976,56000,56000
c7af04ff69a067e9ad4091c2ee68f5d18d7a3b64,2830.80,115.28,11.334130414,56000,55000
c7af04ff69a067e9ad4091c2ee68f5d18d7a3b64,2872.98,117.09,11.487175401,56000,56000
c7af04ff69a067e9ad4091c2ee68f5d18d7a3b64,2901.86,118.46,11.599956359,56000,56000
c7af04ff69a067e9ad4091c2ee68f5d18d7a3b64,2801.93,113.91,11.190221765,56000,56000
c7af04ff69a067e9ad4091c2ee68f5d18d7a3b64,2793.55,113.58,11.167842628,56000,56000
c7af04ff69a067e9ad4091c2ee68f5d18d7a3b64,2819.62,114.86,11.275649976,56000,56000
c7af04ff69a067e9ad4091c2ee68f5d18d7a3b64,2843.14,115.56,11.350674124,56000,56000
c7af04ff69a067e9ad4091c2ee68f5d18d7a3b64,2829.80,115.54,11.281305033,55000,56000
c7af04ff69a067e9ad4091c2ee68f5d18d7a3b64,2856.31,116.25,11.436574846,56000,55000
c7af04ff69a067e9ad4091c2ee68f5d18d7a3b64,2788.39,113.10,11.147932455,56000,56000
c7af04ff69a067e9ad4091c2ee68f5d18d7a3b64,2821.91,115.09,11.278679169,56000,56000
c7af04ff69a067e9ad4091c2ee68f5d18d7a3b64,2844.11,115.66,11.393955539,56000,56000
c7af04ff69a067e9ad4091c2ee68f5d18d7a3b64,2836.32,115.30,11.348095664,55000,56000
c7af04ff69a067e9ad4091c2ee68f5d18d7a3b64,2844.67,116.22,11.390895442,56000,56000
c7af04ff69a067e9ad4091c2ee68f5d18d7a3b64,2747.59,111.06,10.975504014,55000,55000
c7af04ff69a067e9ad4091c2ee68f5d18d7a3b64,2771.44,112.66,11.099558811,56000,55000
c7af04ff69a067e9ad4091c2ee68f5d18d7a3b64,2814.38,114.08,11.275260184,56000,56000
c7af04ff69a067e9ad4091c2ee68f5d18d7a3b64,2837.07,115.80,11.342086301,55000,55000
c7af04ff69a067e9ad4091c2ee68f5d18d7a3b64,2832.12,115.24,11.330021430,56000,55000
c7af04ff69a067e9ad4091c2ee68f5d18d7a3b64,2814.33,114.17,11.251256031,56000,55000
c7af04ff69a067e9ad4091c2ee68f5d18d7a3b64,2804.60,114.33,11.207990684,56000,55000
c7af04ff69a067e9ad4091c2ee68f5d18d7a3b64,2745.59,111.17,10.983636736,56000,56000
c7af04ff69a067e9ad4091c2ee68f5d18d7a3b64,2838.06,115.65,11.333755126,55000,56000
c7af04ff69a067e9ad4091c2ee68f5d18d7a3b64,2863.83,116.99,11.459949772,56000,56000
c7af04ff69a067e9ad4091c2ee68f5d18d7a3b64,2816.43,114.57,11.272320678,56000,56000
c7af04ff69a067e9ad4091c2ee68f5d18d7a3b64,2827.58,115.13,11.311844397,56000,55000
c7af04ff69a067e9ad4091c2ee68f5d18d7a3b64,2867.94,116.71,11.483734050,56000,55000
c7af04ff69a067e9ad4091c2ee68f5d18d7a3b64,2693.52,109.37,10.758602434,55000,56000
c7af04ff69a067e9ad4091c2ee68f5d18d7a3b64,2828.61,114.85,11.296659830,55000,56000
c7af04ff69a067e9ad4091c2ee68f5d18d7a3b64,2854.95,116.60,11.428837674,56000,56000
3abd91198524a6660367d22b03f0cfed4db19dbb,2770.02,112.83,11.069947368,55000,55000
3abd91198524a6660367d22b03f0cfed4db19dbb,2911.69,118.25,11.635565426,56000,55000
3abd91198524a6660367d22b03f0cfed4db19dbb,2854.87,116.13,11.437338303,56000,55000
3abd91198524a6660367d22b03f0cfed4db19dbb,2841.99,115.53,11.384280287,56000,56000
3abd91198524a6660367d22b03f0cfed4db19dbb,2808.35,114.43,11.215828719,56000,56000
3abd91198524a6660367d22b03f0cfed4db19dbb,2831.33,115.13,11.316775601,56000,56000
3abd91198524a6660367d22b03f0cfed4db19dbb,2828.62,115.23,11.301583966,56000,56000
3abd91198524a6660367d22b03f0cfed4db19dbb,2849.37,116.26,11.403139916,56000,56000
3abd91198524a6660367d22b03f0cfed4db19dbb,2890.90,117.87,11.552093792,56000,56000
3abd91198524a6660367d22b03f0cfed4db19dbb,2800.92,113.98,11.179551333,56000,55000
3abd91198524a6660367d22b03f0cfed4db19dbb,2819.87,114.70,11.299485911,55000,56000
3abd91198524a6660367d22b03f0cfed4db19dbb,2841.03,115.61,11.393641284,56000,56000
3abd91198524a6660367d22b03f0cfed4db19dbb,2829.25,114.51,11.338252743,55000,56000
3abd91198524a6660367d22b03f0cfed4db19dbb,2707.05,109.58,10.818706738,56000,55000
3abd91198524a6660367d22b03f0cfed4db19dbb,2838.44,114.96,11.358305435,56000,56000
3abd91198524a6660367d22b03f0cfed4db19dbb,2864.17,116.62,11.450648578,56000,55000
3abd91198524a6660367d22b03f0cfed4db19dbb,2871.44,117.01,11.469282195,56000,55000
3abd91198524a6660367d22b03f0cfed4db19dbb,2791.49,113.50,11.173239558,56000,56000
3abd91198524a6660367d22b03f0cfed4db19dbb,2855.43,116.60,11.423749519,55000,56000
3abd91198524a6660367d22b03f0cfed4db19dbb,2842.35,116.31,11.374309867,56000,55000
3abd91198524a6660367d22b03f0cfed4db19dbb,2827.59,114.95,11.331908872,56000,55000
3abd91198524a6660367d22b03f0cfed4db19dbb,2771.10,112.82,11.109139709,56000,56000
3abd91198524a6660367d22b03f0cfed4db19dbb,2811.43,114.80,11.269182162,54000,54000
3abd91198524a6660367d22b03f0cfed4db19dbb,2703.05,109.29,10.787249026,56000,56000
3abd91198524a6660367d22b03f0cfed4db19dbb,2798.72,113.36,11.208396112,55000,56000
3abd91198524a6660367d22b03f0cfed4db19dbb,2820.63,115.07,11.279152663,55000,56000
3abd91198524a6660367d22b03f0cfed4db19dbb,2832.74,115.45,11.344056318,55000,55000
3abd91198524a6660367d22b03f0cfed4db19dbb,2875.62,117.76,11.495548223,56000,56000
3abd91198524a6660367d22b03f0cfed4db19dbb,2836.28,115.98,11.346984448,55000,56000
3abd91198524a6660367d22b03f0cfed4db19dbb,2877.32,117.10,11.532991666,55000,56000
d43357de6ce2c4ca6af3e75c761c1d4b10841c0d,2814.56,114.34,11.253247465,56000,56000
d43357de6ce2c4ca6af3e75c761c1d4b10841c0d,2834.41,115.61,11.325652835,56000,55000
d43357de6ce2c4ca6af3e75c761c1d4b10841c0d,2833.52,115.14,11.343299750,56000,56000
d43357de6ce2c4ca6af3e75c761c1d4b10841c0d,2794.93,113.38,11.186261176,55000,56000
d43357de6ce2c4ca6af3e75c761c1d4b10841c0d,2847.48,115.70,11.390729244,55000,56000
d43357de6ce2c4ca6af3e75c761c1d4b10841c0d,2842.36,115.68,11.367920334,56000,55000
d43357de6ce2c4ca6af3e75c761c1d4b10841c0d,2870.12,117.22,11.483105204,56000,56000
d43357de6ce2c4ca6af3e75c761c1d4b10841c0d,2771.43,112.96,11.066175262,55000,56000
d43357de6ce2c4ca6af3e75c761c1d4b10841c0d,2855.03,116.28,11.402485159,55000,55000
d43357de6ce2c4ca6af3e75c761c1d4b10841c0d,2839.86,114.96,11.382868155,56000,55000
d43357de6ce2c4ca6af3e75c761c1d4b10841c0d,2793.86,113.88,11.187103987,56000,56000
d43357de6ce2c4ca6af3e75c761c1d4b10841c0d,2832.39,115.29,11.314478993,55000,56000
d43357de6ce2c4ca6af3e75c761c1d4b10841c0d,2848.61,116.26,11.386365998,56000,56000
d43357de6ce2c4ca6af3e75c761c1d4b10841c0d,2810.11,114.57,11.243088772,56000,56000
d43357de6ce2c4ca6af3e75c761c1d4b10841c0d,2847.76,116.14,11.395560285,55000,55000
d43357de6ce2c4ca6af3e75c761c1d4b10841c0d,2853.24,116.45,11.418870438,56000,56000
d43357de6ce2c4ca6af3e75c761c1d4b10841c0d,2805.35,114.61,11.213456843,56000,56000
d43357de6ce2c4ca6af3e75c761c1d4b10841c0d,2805.95,114.24,11.230389845,55000,56000
d43357de6ce2c4ca6af3e75c761c1d4b10841c0d,2839.27,115.40,11.357150252,55000,55000
d43357de6ce2c4ca6af3e75c761c1d4b10841c0d,2867.30,116.39,11.443922039,55000,56000
d43357de6ce2c4ca6af3e75c761c1d4b10841c0d,2865.31,116.71,11.464800711,56000,56000
d43357de6ce2c4ca6af3e75c761c1d4b10841c0d,2820.58,114.80,11.275632305,55000,56000
d43357de6ce2c4ca6af3e75c761c1d4b10841c0d,2749.54,111.51,10.996552920,56000,56000
d43357de6ce2c4ca6af3e75c761c1d4b10841c0d,2803.39,114.08,11.241933338,56000,55000
d43357de6ce2c4ca6af3e75c761c1d4b10841c0d,2821.67,115.12,11.308473211,56000,56000
d43357de6ce2c4ca6af3e75c761c1d4b10841c0d,2800.82,114.09,11.191475108,56000,56000
d43357de6ce2c4ca6af3e75c761c1d4b10841c0d,2804.94,113.87,11.214986330,56000,56000
d43357de6ce2c4ca6af3e75c761c1d4b10841c0d,2816.13,115.16,11.268392142,56000,56000
d43357de6ce2c4ca6af3e75c761c1d4b10841c0d,2841.29,115.21,11.387091329,56000,54000
d43357de6ce2c4ca6af3e75c761c1d4b10841c0d,2834.01,115.82,11.350422677,55000,55000
d32cfdf9c8ae41e1effcb0a39870d501dfc2dd7d,2858.63,116.23,11.438227523,56000,56000
d32cfdf9c8ae41e1effcb0a39870d501dfc2dd7d,2785.39,112.80,11.146206272,56000,56000
d32cfdf9c8ae41e1effcb0a39870d501dfc2dd7d,2816.75,113.97,11.273251074,56000,55000
d32cfdf9c8ae41e1effcb0a39870d501dfc2dd7d,2876.13,117.29,11.495662350,56000,56000
d32cfdf9c8ae41e1effcb0a39870d501dfc2dd7d,2868.72,117.01,11.484951379,56000,56000
d32cfdf9c8ae41e1effcb0a39870d501dfc2dd7d,2856.81,116.30,11.434119518,55000,56000
d32cfdf9c8ae41e1effcb0a39870d501dfc2dd7d,2825.95,114.95,11.314823389,56000,56000
d32cfdf9c8ae41e1effcb0a39870d501dfc2dd7d,2816.05,114.98,11.256456502,56000,55000
d32cfdf9c8ae41e1effcb0a39870d501dfc2dd7d,2817.67,114.57,11.267859157,55000,55000
d32cfdf9c8ae41e1effcb0a39870d501dfc2dd7d,2737.28,110.90,10.952803698,56000,56000
d32cfdf9c8ae41e1effcb0a39870d501dfc2dd7d,2841.42,115.60,11.359477046,56000,56000
d32cfdf9c8ae41e1effcb0a39870d501dfc2dd7d,2845.17,115.69,11.366782563,56000,55000
d32cfdf9c8ae41e1effcb0a39870d501dfc2dd7d,2841.64,115.78,11.384999469,56000,55000
d32cfdf9c8ae41e1effcb0a39870d501dfc2dd7d,2888.14,117.68,11.544019672,56000,56000
d32cfdf9c8ae41e1effcb0a39870d501dfc2dd7d,2836.16,115.24,11.356819814,55000,56000
d32cfdf9c8ae41e1effcb0a39870d501dfc2dd7d,2849.74,116.24,11.390816012,56000,55000
d32cfdf9c8ae41e1effcb0a39870d501dfc2dd7d,2817.73,114.93,11.264818004,56000,55000
d32cfdf9c8ae41e1effcb0a39870d501dfc2dd7d,2886.43,117.16,11.555201477,56000,55000
d32cfdf9c8ae41e1effcb0a39870d501dfc2dd7d,2852.02,115.69,11.419620315,56000,55000
d32cfdf9c8ae41e1effcb0a39870d501dfc2dd7d,2685.36,108.68,10.733113524,56000,55000
d32cfdf9c8ae41e1effcb0a39870d501dfc2dd7d,2821.98,115.03,11.305782833,56000,55000
d32cfdf9c8ae41e1effcb0a39870d501dfc2dd7d,2847.43,116.23,11.375026626,56000,56000
d32cfdf9c8ae41e1effcb0a39870d501dfc2dd7d,2830.86,115.15,11.346215735,56000,56000
d32cfdf9c8ae41e1effcb0a39870d501dfc2dd7d,2853.31,115.99,11.430116716,54000,56000
d32cfdf9c8ae41e1effcb0a39870d501dfc2dd7d,2832.89,115.10,11.348102784,56000,56000
d32cfdf9c8ae41e1effcb0a39870d501dfc2dd7d,2840.55,116.10,11.357848182,55000,54000
d32cfdf9c8ae41e1effcb0a39870d501dfc2dd7d,2816.81,115.05,11.250438842,56000,55000
d32cfdf9c8ae41e1effcb0a39870d501dfc2dd7d,2824.54,114.93,11.309278048,55000,55000
d32cfdf9c8ae41e1effcb0a39870d501dfc2dd7d,2895.76,118.15,11.566172516,56000,56000
d32cfdf9c8ae41e1effcb0a39870d501dfc2dd7d,2771.42,113.20,11.104196279,55000,56000
e0ca965dae5ac74299be7c3d7b26f003f7163575,2823.77,114.60,11.317612695,57000,55000
e0ca965dae5ac74299be7c3d7b26f003f7163575,2772.53,112.76,11.067930366,56000,56000
e0ca965dae5ac74299be7c3d7b26f003f7163575,2841.50,115.78,11.380227669,55000,55000
e0ca965dae5ac74299be7c3d7b26f003f7163575,2816.48,114.33,11.281372352,55000,56000
e0ca965dae5ac74299be7c3d7b26f003f7163575,2839.14,115.66,11.352206782,56000,56000
e0ca965dae5ac74299be7c3d7b26f003f7163575,2802.42,114.06,11.207961509,55000,56000
e0ca965dae5ac74299be7c3d7b26f003f7163575,2878.26,117.72,11.488935456,55000,56000
e0ca965dae5ac74299be7c3d7b26f003f7163575,2849.92,116.68,11.398757654,56000,55000
e0ca965dae5ac74299be7c3d7b26f003f7163575,2847.74,115.73,11.391608186,56000,56000
e0ca965dae5ac74299be7c3d7b26f003f7163575,2868.92,117.06,11.468210500,56000,56000
e0ca965dae5ac74299be7c3d7b26f003f7163575,2835.92,115.53,11.316566470,56000,55000
e0ca965dae5ac74299be7c3d7b26f003f7163575,2834.87,115.58,11.324888385,56000,56000
e0ca965dae5ac74299be7c3d7b26f003f7163575,2736.27,110.97,10.907124496,56000,56000
e0ca965dae5ac74299be7c3d7b26f003f7163575,2765.50,112.15,11.059889271,56000,55000
e0ca965dae5ac74299be7c3d7b26f003f7163575,2825.87,115.25,11.319029872,56000,55000
e0ca965dae5ac74299be7c3d7b26f003f7163575,2806.30,113.92,11.210750957,56000,56000
e0ca965dae5ac74299be7c3d7b26f003f7163575,2810.28,114.78,11.235530507,56000,56000
e0ca965dae5ac74299be7c3d7b26f003f7163575,2862.73,117.15,11.430023807,56000,56000
e0ca965dae5ac74299be7c3d7b26f003f7163575,2831.86,116.00,11.331692454,56000,55000
e0ca965dae5ac74299be7c3d7b26f003f7163575,2880.76,117.49,11.512805851,55000,56000
e0ca965dae5ac74299be7c3d7b26f003f7163575,2763.18,112.87,11.059022598,56000,56000
e0ca965dae5ac74299be7c3d7b26f003f7163575,2805.84,114.39,11.207310226,55000,55000
e0ca965dae5ac74299be7c3d7b26f003f7163575,2873.24,116.98,11.483566802,56000,55000
e0ca965dae5ac74299be7c3d7b26f003f7163575,2815.96,114.78,11.263261067,56000,56000
e0ca965dae5ac74299be7c3d7b26f003f7163575,2824.73,115.03,11.280523533,56000,56000
e0ca965dae5ac74299be7c3d7b26f003f7163575,2703.34,109.69,10.803251630,56000,54000
e0ca965dae5ac74299be7c3d7b26f003f7163575,2792.00,113.45,11.147496889,56000,56000
e0ca965dae5ac74299be7c3d7b26f003f7163575,2796.81,113.92,11.177476557,56000,56000
e0ca965dae5ac74299be7c3d7b26f003f7163575,2826.63,115.34,11.299987344,56000,56000
e0ca965dae5ac74299be7c3d7b26f003f7163575,2843.23,116.28,11.372800712,55000,55000
dcec1de148bb0a04c50e35165c4375f7d52dab9e,2810.17,114.23,11.237901682,56000,56000
dcec1de148bb0a04c50e35165c4375f7d52dab9e,2832.86,115.16,11.326298595,56000,56000
dcec1de148bb0a04c50e35165c4375f7d52dab9e,2825.30,115.10,11.290453778,56000,55000
dcec1de148bb0a04c50e35165c4375f7d52dab9e,2798.94,113.96,11.199051468,56000,56000
dcec1de148bb0a04c50e35165c4375f7d52dab9e,2869.48,117.14,11.467009127,55000,56000
dcec1de148bb0a04c50e35165c4375f7d52dab9e,2800.29,113.90,11.222779429,56000,56000
dcec1de148bb0a04c50e35165c4375f7d52dab9e,2825.55,114.84,11.297002414,55000,56000
dcec1de148bb0a04c50e35165c4375f7d52dab9e,2840.70,115.32,11.351170112,55000,56000
dcec1de148bb0a04c50e35165c4375f7d52dab9e,2851.75,116.41,11.402507796,55000,55000
dcec1de148bb0a04c50e35165c4375f7d52dab9e,2782.86,112.90,11.130777412,56000,55000
dcec1de148bb0a04c50e35165c4375f7d52dab9e,2864.28,116.53,11.464490696,56000,56000
dcec1de148bb0a04c50e35165c4375f7d52dab9e,2806.72,114.22,11.243596226,55000,56000
dcec1de148bb0a04c50e35165c4375f7d52dab9e,2852.85,116.65,11.410793117,56000,55000
dcec1de148bb0a04c50e35165c4375f7d52dab9e,2779.94,113.08,11.100918650,56000,56000
dcec1de148bb0a04c50e35165c4375f7d52dab9e,2833.95,115.78,11.346612806,55000,56000
dcec1de148bb0a04c50e35165c4375f7d52dab9e,2855.10,116.65,11.421131171,56000,56000
dcec1de148bb0a04c50e35165c4375f7d52dab9e,2890.39,117.39,11.576055300,56000,56000
dcec1de148bb0a04c50e35165c4375f7d52dab9e,2844.44,115.96,11.380960141,55000,56000
dcec1de148bb0a04c50e35165c4375f7d52dab9e,2796.28,113.97,11.184558138,55000,55000
dcec1de148bb0a04c50e35165c4375f7d52dab9e,2829.15,115.03,11.325978723,56000,55000
dcec1de148bb0a04c50e35165c4375f7d52dab9e,2813.72,114.73,11.251886494,56000,56000
dcec1de148bb0a04c50e35165c4375f7d52dab9e,2818.04,115.01,11.284028627,56000,55000
dcec1de148bb0a04c50e35165c4375f7d52dab9e,2850.73,116.60,11.395495536,56000,56000
dcec1de148bb0a04c50e35165c4375f7d52dab9e,2835.15,115.50,11.327956110,56000,55000
dcec1de148bb0a04c50e35165c4375f7d52dab9e,2835.48,115.69,11.360349532,56000,56000
dcec1de148bb0a04c50e35165c4375f7d52dab9e,2817.62,114.35,11.291912234,56000,56000
dcec1de148bb0a04c50e35165c4375f7d52dab9e,2780.60,113.78,11.122721953,56000,56000
dcec1de148bb0a04c50e35165c4375f7d52dab9e,2815.43,114.65,11.272655832,55000,55000
dcec1de148bb0a04c50e35165c4375f7d52dab9e,2858.37,116.63,11.448188013,56000,56000
dcec1de148bb0a04c50e35165c4375f7d52dab9e,2835.38,115.46,11.338840253,56000,56000
70caae025793a88a73cd7f209afe3a5b519f6e23,2857.03,115.57,11.446937629,56000,56000
70caae025793a88a73cd7f209afe3a5b519f6e23,2822.47,114.97,11.280861852,55000,55000
70caae025793a88a73cd7f209afe3a5b519f6e23,2805.88,114.27,11.200603357,56000,56000
70caae025793a88a73cd7f209afe3a5b519f6e23,2809.89,114.32,11.243807853,56000,56000
70caae025793a88a73cd7f209afe3a5b519f6e23,2826.58,115.20,11.305795537,56000,56000
70caae025793a88a73cd7f209afe3a5b519f6e23,2749.13,111.40,10.984156011,56000,55000
70caae025793a88a73cd7f209afe3a5b519f6e23,2866.93,117.07,11.456101873,56000,56000
70caae025793a88a73cd7f209afe3a5b519f6e23,2919.41,118.51,11.671293011,55000,56000
70caae025793a88a73cd7f209afe3a5b519f6e23,2772.86,112.39,11.095433839,55000,56000
70caae025793a88a73cd7f209afe3a5b519f6e23,2836.27,115.53,11.350137357,56000,55000
70caae025793a88a73cd7f209afe3a5b519f6e23,2822.57,115.33,11.299162199,56000,56000
70caae025793a88a73cd7f209afe3a5b519f6e23,2801.56,113.96,11.204550391,56000,56000
70caae025793a88a73cd7f209afe3a5b519f6e23,2852.73,116.65,11.419587613,55000,56000
70caae025793a88a73cd7f209afe3a5b519f6e23,2874.90,117.35,11.520192942,56000,55000
70caae025793a88a73cd7f209afe3a5b519f6e23,2843.39,116.02,11.371667489,55000,55000
70caae025793a88a73cd7f209afe3a5b519f6e23,2808.45,114.91,11.247909151,56000,56000
70caae025793a88a73cd7f209afe3a5b519f6e23,2818.53,114.58,11.270252496,55000,55000
70caae025793a88a73cd7f209afe3a5b519f6e23,2742.27,111.41,10.986619446,56000,56000
70caae025793a88a73cd7f209afe3a5b519f6e23,2821.48,114.75,11.293340046,56000,56000
70caae025793a88a73cd7f209afe3a5b519f6e23,2862.80,116.41,11.472316184,56000,56000
70caae025793a88a73cd7f209afe3a5b519f6e23,2841.42,115.57,11.378739620,56000,56000
70caae025793a88a73cd7f209afe3a5b519f6e23,2839.94,115.11,11.380486709,56000,56000
70caae025793a88a73cd7f209afe3a5b519f6e23,2830.53,115.17,11.319827057,56000,56000
70caae025793a88a73cd7f209afe3a5b519f6e23,2803.25,114.38,11.196865838,56000,55000
70caae025793a88a73cd7f209afe3a5b519f6e23,2818.75,114.16,11.287208356,56000,55000
70caae025793a88a73cd7f209afe3a5b519f6e23,2764.47,112.36,11.050571068,55000,56000
70caae025793a88a73cd7f209afe3a5b519f6e23,2878.54,117.88,11.493581593,55000,55000
70caae025793a88a73cd7f209afe3a5b519f6e23,2793.48,113.84,11.176608387,55000,56000
70caae025793a88a73cd7f209afe3a5b519f6e23,2830.80,115.06,11.362494986,55000,55000
70caae025793a88a73cd7f209afe3a5b519f6e23,2861.59,116.25,11.462152470,55000,56000
8e3d3181b7bc24bd7ca5b34467d68fa83d72ee62,2911.50,117.91,11.667693197,56000,55000
8e3d3181b7bc24bd7ca5b34467d68fa83d72ee62,2780.56,112.05,11.136687593,56000,56000
8e3d3181b7bc24bd7ca5b34467d68fa83d72ee62,2933.39,119.04,11.751169644,56000,56000
8e3d3181b7bc24bd7ca5b34467d68fa83d72ee62,2861.31,116.30,11.432995051,56000,56000
8e3d3181b7bc24bd7ca5b34467d68fa83d72ee62,2914.62,118.37,11.702521354,56000,56000
8e3d3181b7bc24bd7ca5b34467d68fa83d72ee62,2820.59,114.95,11.288927289,56000,56000
8e3d3181b7bc24bd7ca5b34467d68fa83d72ee62,2837.24,114.84,11.400682618,55000,56000
8e3d3181b7bc24bd7ca5b34467d68fa83d72ee62,2829.13,115.05,11.327070552,55000,56000
8e3d3181b7bc24bd7ca5b34467d68fa83d72ee62,2829.67,115.03,11.335910945,56000,55000
8e3d3181b7bc24bd7ca5b34467d68fa83d72ee62,2876.33,116.78,11.507190427,55000,55000
8e3d3181b7bc24bd7ca5b34467d68fa83d72ee62,2816.76,114.59,11.289523014,56000,55000
8e3d3181b7bc24bd7ca5b34467d68fa83d72ee62,2744.03,111.12,10.962170093,56000,56000
8e3d3181b7bc24bd7ca5b34467d68fa83d72ee62,2819.18,114.26,11.287113305,56000,56000
8e3d3181b7bc24bd7ca5b34467d68fa83d72ee62,2823.90,114.40,11.294687027,56000,55000
8e3d3181b7bc24bd7ca5b34467d68fa83d72ee62,2867.67,116.72,11.495619328,56000,56000
8e3d3181b7bc24bd7ca5b34467d68fa83d72ee62,2834.49,115.02,11.366824480,56000,56000
8e3d3181b7bc24bd7ca5b34467d68fa83d72ee62,2888.09,117.63,11.557990783,56000,56000
8e3d3181b7bc24bd7ca5b34467d68fa83d72ee62,2871.52,116.83,11.479943654,55000,56000
8e3d3181b7bc24bd7ca5b34467d68fa83d72ee62,2859.17,116.28,11.436648349,56000,56000
8e3d3181b7bc24bd7ca5b34467d68fa83d72ee62,2779.38,112.90,11.128319676,55000,56000
8e3d3181b7bc24bd7ca5b34467d68fa83d72ee62,2824.41,114.99,11.319772577,56000,55000
8e3d3181b7bc24bd7ca5b34467d68fa83d72ee62,2789.21,113.91,11.182768812,56000,55000
8e3d3181b7bc24bd7ca5b34467d68fa83d72ee62,2822.03,115.00,11.302738207,55000,56000
8e3d3181b7bc24bd7ca5b34467d68fa83d72ee62,2863.41,116.66,11.463596064,56000,56000
8e3d3181b7bc24bd7ca5b34467d68fa83d72ee62,2858.57,115.80,11.458449307,55000,56000
8e3d3181b7bc24bd7ca5b34467d68fa83d72ee62,2841.24,115.56,11.384313802,56000,55000
8e3d3181b7bc24bd7ca5b34467d68fa83d72ee62,2804.76,113.80,11.240267781,56000,56000
8e3d3181b7bc24bd7ca5b34467d68fa83d72ee62,2818.35,114.39,11.287593274,56000,56000
8e3d3181b7bc24bd7ca5b34467d68fa83d72ee62,2783.30,112.76,11.146620587,54000,56000
8e3d3181b7bc24bd7ca5b34467d68fa83d72ee62,2828.12,114.73,11.352029643,55000,56000
793317d3072feb50dff5af3e950043bf54192061,2796.69,113.73,11.200382020,55000,56000
793317d3072feb50dff5af3e950043bf54192061,2788.15,113.27,11.164081669,55000,56000
793317d3072feb50dff5af3e950043bf54192061,2742.03,111.66,10.974763120,56000,56000
793317d3072feb50dff5af3e950043bf54192061,2786.01,113.15,11.141288842,55000,55000
793317d3072feb50dff5af3e950043bf54192061,2854.80,116.45,11.416306741,56000,56000
793317d3072feb50dff5af3e950043bf54192061,2828.80,115.20,11.318002991,56000,56000
793317d3072feb50dff5af3e950043bf54192061,2847.23,115.71,11.387646823,55000,56000
793317d3072feb50dff5af3e950043bf54192061,2795.45,113.60,11.173705444,56000,56000
793317d3072feb50dff5af3e950043bf54192061,2831.79,115.19,11.329508977,56000,56000
793317d3072feb50dff5af3e950043bf54192061,2852.82,115.78,11.426515905,56000,56000
793317d3072feb50dff5af3e950043bf54192061,2848.15,115.84,11.382430896,55000,56000
793317d3072feb50dff5af3e950043bf54192061,2893.22,117.58,11.584116516,56000,56000
793317d3072feb50dff5af3e950043bf54192061,2840.91,115.44,11.372159700,56000,55000
793317d3072feb50dff5af3e950043bf54192061,2794.05,114.18,11.173731549,56000,56000
793317d3072feb50dff5af3e950043bf54192061,2782.80,113.07,11.126926973,56000,55000
793317d3072feb50dff5af3e950043bf54192061,2849.07,116.56,11.400260205,55000,56000
793317d3072feb50dff5af3e950043bf54192061,2812.70,114.44,11.259377223,56000,56000
793317d3072feb50dff5af3e950043bf54192061,2772.64,112.62,11.079222101,56000,56000
793317d3072feb50dff5af3e950043bf54192061,2733.57,111.01,10.940413912,55000,54000
793317d3072feb50dff5af3e950043bf54192061,2856.78,116.72,11.422031727,55000,55000
793317d3072feb50dff5af3e950043bf54192061,2911.87,118.64,11.628384054,56000,55000
793317d3072feb50dff5af3e950043bf54192061,2820.04,115.51,11.292179839,55000,56000
793317d3072feb50dff5af3e950043bf54192061,2873.79,117.37,11.504785855,55000,55000
793317d3072feb50dff5af3e950043bf54192061,2819.12,114.64,11.273419731,56000,55000
793317d3072feb50dff5af3e950043bf54192061,2846.78,116.05,11.387362009,56000,55000
793317d3072feb50dff5af3e950043bf54192061,2866.63,116.88,11.445370818,55000,56000
793317d3072feb50dff5af3e950043bf54192061,2860.42,115.92,11.448954076,56000,56000
793317d3072feb50dff5af3e950043bf54192061,2853.82,116.23,11.413209161,55000,56000
793317d3072feb50dff5af3e950043bf54192061,2753.54,111.53,11.023100305,56000,54000
793317d3072feb50dff5af3e950043bf54192061,2794.88,113.85,11.202415859,56000,56000
1229ffc7ae69f2b95c812993506522a0e7cd54e2,2806.80,113.75,11.239200290,56000,56000
1229ffc7ae69f2b95c812993506522a0e7cd54e2,2780.30,113.21,11.116710459,56000,55000
1229ffc7ae69f2b95c812993506522a0e7cd54e2,2778.49,112.74,11.099331631,56000,56000
1229ffc7ae69f2b95c812993506522a0e7cd54e2,2859.75,116.16,11.452920386,55000,56000
1229ffc7ae69f2b95c812993506522a0e7cd54e2,2826.59,114.86,11.304620654,55000,56000
1229ffc7ae69f2b95c812993506522a0e7cd54e2,2820.26,114.73,11.296295120,56000,55000
1229ffc7ae69f2b95c812993506522a0e7cd54e2,2793.71,113.80,11.176883678,56000,56000
1229ffc7ae69f2b95c812993506522a0e7cd54e2,2813.73,114.73,11.250275582,56000,55000
1229ffc7ae69f2b95c812993506522a0e7cd54e2,2808.68,114.61,11.236870542,55000,56000
1229ffc7ae69f2b95c812993506522a0e7cd54e2,2794.17,113.44,11.163022027,56000,56000
1229ffc7ae69f2b95c812993506522a0e7cd54e2,2857.69,116.09,11.447745406,56000,56000
1229ffc7ae69f2b95c812993506522a0e7cd54e2,2797.46,113.62,11.185878246,55000,55000
1229ffc7ae69f2b95c812993506522a0e7cd54e2,2796.39,113.43,11.196150529,56000,55000
1229ffc7ae69f2b95c812993506522a0e7cd54e2,2832.81,115.30,11.348740288,56000,56000
1229ffc7ae69f2b95c812993506522a0e7cd54e2,2880.89,117.57,11.535325885,56000,56000
1229ffc7ae69f2b95c812993506522a0e7cd54e2,2821.38,114.39,11.287238625,56000,56000
1229ffc7ae69f2b95c812993506522a0e7cd54e2,2805.79,113.88,11.220097641,56000,56000
1229ffc7ae69f2b95c812993506522a0e7cd54e2,2935.03,119.73,11.748347225,56000,56000
1229ffc7ae69f2b95c812993506522a0e7cd54e2,2855.41,116.64,11.420161241,56000,56000
1229ffc7ae69f2b95c812993506522a0e7cd54e2,2841.73,115.86,11.368760148,56000,56000
1229ffc7ae69f2b95c812993506522a0e7cd54e2,2838.62,115.71,11.352527638,56000,54000
1229ffc7ae69f2b95c812993506522a0e7cd54e2,2881.81,117.71,11.531680255,56000,56000
1229ffc7ae69f2b95c812993506522a0e7cd54e2,2864.23,116.72,11.464251445,56000,55000
1229ffc7ae69f2b95c812993506522a0e7cd54e2,2821.21,114.66,11.298300394,54000,56000
1229ffc7ae69f2b95c812993506522a0e7cd54e2,2828.83,115.69,11.313685520,56000,55000
1229ffc7ae69f2b95c812993506522a0e7cd54e2,2786.50,113.39,11.154428551,56000,55000
1229ffc7ae69f2b95c812993506522a0e7cd54e2,2863.36,116.67,11.467543037,55000,55000
1229ffc7ae69f2b95c812993506522a0e7cd54e2,2868.81,117.37,11.476865381,55000,55000
1229ffc7ae69f2b95c812993506522a0e7cd54e2,2838.67,115.85,11.342921726,56000,55000
1229ffc7ae69f2b95c812993506522a0e7cd54e2,2846.86,116.29,11.373456034,56000,55000
f8c0eb84c3424655a6550f115d5328b7196b9a29,2850.03,116.03,11.402222038,56000,55000
f8c0eb84c3424655a6550f115d5328b7196b9a29,2807.53,114.21,11.238380973,55000,56000
f8c0eb84c3424655a6550f115d5328b7196b9a29,2832.74,115.48,11.319230321,56000,56000
f8c0eb84c3424655a6550f115d5328b7196b9a29,2882.87,117.10,11.562325066,56000,56000
f8c0eb84c3424655a6550f115d5328b7196b9a29,2811.53,114.17,11.269356676,56000,56000
f8c0eb84c3424655a6550f115d5328b7196b9a29,2828.00,115.07,11.308346759,55000,56000
f8c0eb84c3424655a6550f115d5328b7196b9a29,2845.79,115.65,11.388823057,56000,56000
f8c0eb84c3424655a6550f115d5328b7196b9a29,2826.05,114.55,11.316682263,55000,56000
f8c0eb84c3424655a6550f115d5328b7196b9a29,2846.31,115.59,11.427420566,56000,57000
f8c0eb84c3424655a6550f115d5328b7196b9a29,2845.24,115.60,11.393617059,55000,56000
f8c0eb84c3424655a6550f115d5328b7196b9a29,2825.39,115.00,11.299748587,55000,56000
f8c0eb84c3424655a6550f115d5328b7196b9a29,2850.14,116.22,11.386534142,56000,56000
f8c0eb84c3424655a6550f115d5328b7196b9a29,2886.24,117.64,11.551798684,56000,55000
f8c0eb84c3424655a6550f115d5328b7196b9a29,2875.70,117.29,11.492566306,56000,56000
f8c0eb84c3424655a6550f115d5328b7196b9a29,2706.15,109.62,10.804281456,55000,56000
f8c0eb84c3424655a6550f115d5328b7196b9a29,2927.59,119.44,11.701806386,54000,56000
f8c0eb84c3424655a6550f115d5328b7196b9a29,2845.19,116.36,11.372503276,56000,56000
f8c0eb84c3424655a6550f115d5328b7196b9a29,2897.22,118.35,11.591454207,55000,55000
f8c0eb84c3424655a6550f115d5328b7196b9a29,2748.21,112.11,10.974019801,56000,55000
f8c0eb84c3424655a6550f115d5328b7196b9a29,2837.02,115.47,11.364192678,56000,55000
f8c0eb84c3424655a6550f115d5328b7196b9a29,2846.86,115.83,11.397153292,56000,56000
f8c0eb84c3424655a6550f115d5328b7196b9a29,2858.52,116.44,11.450771231,56000,56000
f8c0eb84c3424655a6550f115d5328b7196b9a29,2820.62,114.24,11.290648437,55000,56000
f8c0eb84c3424655a6550f115d5328b7196b9a29,2800.98,114.16,11.205356814,56000,55000
f8c0eb84c3424655a6550f115d5328b7196b9a29,2857.40,116.65,11.422150581,56000,56000
f8c0eb84c3424655a6550f115d5328b7196b9a29,2945.66,120.57,11.770654579,55000,56000
f8c0eb84c3424655a6550f115d5328b7196b9a29,2823.52,115.18,11.304580508,55000,55000
f8c0eb84c3424655a6550f115d5328b7196b9a29,2805.65,114.67,11.229149639,55000,56000
f8c0eb84c3424655a6550f115d5328b7196b9a29,2899.42,118.33,11.623830257,55000,55000
f8c0eb84c3424655a6550f115d5328b7196b9a29,2790.55,113.85,11.158559171,55000,55000
ca61ef48e46e7808f77153eb706ccfe6443820b6,2813.67,114.44,11.235780707,55000,55000
ca61ef48e46e7808f77153eb706ccfe6443820b6,2847.57,115.73,11.362820148,56000,55000
ca61ef48e46e7808f77153eb706ccfe6443820b6,2854.66,116.49,11.432454746,56000,56000
ca61ef48e46e7808f77153eb706ccfe6443820b6,2850.88,115.83,11.407203724,55000,55000
ca61ef48e46e7808f77153eb706ccfe6443820b6,2944.49,120.13,11.796107264,56000,56000
ca61ef48e46e7808f77153eb706ccfe6443820b6,2866.66,117.10,11.469475429,56000,55000
ca61ef48e46e7808f77153eb706ccfe6443820b6,2835.49,115.40,11.345236305,56000,55000
ca61ef48e46e7808f77153eb706ccfe6443820b6,2886.90,117.68,11.576870854,56000,56000
ca61ef48e46e7808f77153eb706ccfe6443820b6,2879.48,117.23,11.526931352,56000,56000
ca61ef48e46e7808f77153eb706ccfe6443820b6,2870.62,115.95,11.505673335,56000,56000
ca61ef48e46e7808f77153eb706ccfe6443820b6,2923.94,118.89,11.688519371,56000,55000
ca61ef48e46e7808f77153eb706ccfe6443820b6,2859.38,116.34,11.428224548,55000,55000
ca61ef48e46e7808f77153eb706ccfe6443820b6,2898.49,118.45,11.589657231,56000,55000
ca61ef48e46e7808f77153eb706ccfe6443820b6,2872.33,116.99,11.485040528,56000,56000
ca61ef48e46e7808f77153eb706ccfe6443820b6,2846.67,115.72,11.392758337,56000,56000
ca61ef48e46e7808f77153eb706ccfe6443820b6,2905.89,118.80,11.641028283,56000,55000
ca61ef48e46e7808f77153eb706ccfe6443820b6,2872.48,117.07,11.482199758,56000,56000
ca61ef48e46e7808f77153eb706ccfe6443820b6,2894.40,118.61,11.569505560,55000,56000
ca61ef48e46e7808f77153eb706ccfe6443820b6,2862.23,116.54,11.469241450,56000,56000
ca61ef48e46e7808f77153eb706ccfe6443820b6,2848.23,115.92,11.400800375,56000,56000
ca61ef48e46e7808f77153eb706ccfe6443820b6,2863.10,117.14,11.432274116,56000,56000
ca61ef48e46e7808f77153eb706ccfe6443820b6,2866.30,116.58,11.491973582,56000,55000
ca61ef48e46e7808f77153eb706ccfe6443820b6,2815.27,114.17,11.268738369,56000,55000
ca61ef48e46e7808f77153eb706ccfe6443820b6,2897.75,117.99,11.595547125,55000,55000
ca61ef48e46e7808f77153eb706ccfe6443820b6,2839.05,115.03,11.384791305,56000,56000
ca61ef48e46e7808f77153eb706ccfe6443820b6,2858.16,116.98,11.432631810,56000,56000
ca61ef48e46e7808f77153eb706ccfe6443820b6,2904.68,118.47,11.592319866,56000,56000
ca61ef48e46e7808f77153eb706ccfe6443820b6,2852.40,115.56,11.417524530,56000,55000
ca61ef48e46e7808f77153eb706ccfe6443820b6,2847.13,115.58,11.405588210,56000,56000
ca61ef48e46e7808f77153eb706ccfe6443820b6,2845.18,116.15,11.384736986,56000,55000
2c27b87122138ecb585eb85e1b854b95b382c703,2861.48,116.80,11.446763072,55000,56000
2c27b87122138ecb585eb85e1b854b95b382c703,2874.87,116.95,11.493360005,56000,56000
2c27b87122138ecb585eb85e1b854b95b382c703,2930.39,119.41,11.741259915,56000,55000
2c27b87122138ecb585eb85e1b854b95b382c703,2869.61,116.94,11.496724883,56000,56000
2c27b87122138ecb585eb85e1b854b95b382c703,2828.97,115.56,11.338466492,56000,55000
2c27b87122138ecb585eb85e1b854b95b382c703,2854.56,115.84,11.440315837,56000,56000
2c27b87122138ecb585eb85e1b854b95b382c703,2912.52,118.47,11.694095627,55000,56000
2c27b87122138ecb585eb85e1b854b95b382c703,2822.20,114.79,11.293193324,56000,56000
2c27b87122138ecb585eb85e1b854b95b382c703,2877.14,117.51,11.515060536,56000,55000
2c27b87122138ecb585eb85e1b854b95b382c703,2874.44,116.97,11.512035526,56000,56000
2c27b87122138ecb585eb85e1b854b95b382c703,2931.17,118.92,11.740691886,56000,56000
2c27b87122138ecb585eb85e1b854b95b382c703,2831.15,115.29,11.316167341,56000,56000
2c27b87122138ecb585eb85e1b854b95b382c703,2867.65,116.35,11.485022727,56000,56000
2c27b87122138ecb585eb85e1b854b95b382c703,2864.14,116.65,11.470356296,56000,56000
2c27b87122138ecb585eb85e1b854b95b382c703,2840.21,115.98,11.353097032,56000,55000
2c27b87122138ecb585eb85e1b854b95b382c703,2861.57,116.72,11.442670101,56000,56000
2c27b87122138ecb585eb85e1b854b95b382c703,2846.01,116.05,11.390930585,56000,55000
2c27b87122138ecb585eb85e1b854b95b382c703,2905.86,118.90,11.600079528,55000,56000
2c27b87122138ecb585eb85e1b854b95b382c703,2894.80,117.36,11.597592034,56000,55000
2c27b87122138ecb585eb85e1b854b95b382c703,2907.73,118.95,11.630574740,55000,56000
2c27b87122138ecb585eb85e1b854b95b382c703,2816.93,114.24,11.279014807,56000,56000
2c27b87122138ecb585eb85e1b854b95b382c703,2930.46,119.84,11.730198812,56000,56000
2c27b87122138ecb585eb85e1b854b95b382c703,2891.14,118.17,11.577186550,56000,56000
2c27b87122138ecb585eb85e1b854b95b382c703,2797.35,114.26,11.175751140,55000,56000
2c27b87122138ecb585eb85e1b854b95b382c703,2892.75,117.40,11.588841004,56000,56000
2c27b87122138ecb585eb85e1b854b95b382c703,2847.70,116.00,11.386053373,56000,56000
2c27b87122138ecb585eb85e1b854b95b382c703,2851.03,115.94,11.416555387,56000,56000
2c27b87122138ecb585eb85e1b854b95b382c703,2922.53,118.34,11.707443677,56000,56000
2c27b87122138ecb585eb85e1b854b95b382c703,2816.77,114.97,11.284281492,55000,56000
2c27b87122138ecb585eb85e1b854b95b382c703,2892.57,118.56,11.578589966,56000,55000
c543b9c11120e0479bc4eeccefc113dd0b435d26,2743.75,110.48,10.959449420,55000,55000
c543b9c11120e0479bc4eeccefc113dd0b435d26,2825.84,115.40,11.289406511,55000,57000
c543b9c11120e0479bc4eeccefc113dd0b435d26,2889.13,118.03,11.532089753,56000,56000
c543b9c11120e0479bc4eeccefc113dd0b435d26,2873.73,117.29,11.503354294,56000,55000
c543b9c11120e0479bc4eeccefc113dd0b435d26,2831.75,115.11,11.337701688,56000,56000
c543b9c11120e0479bc4eeccefc113dd0b435d26,2839.93,115.36,11.371442375,56000,55000
c543b9c11120e0479bc4eeccefc113dd0b435d26,2885.35,117.15,11.544713877,56000,56000
c543b9c11120e0479bc4eeccefc113dd0b435d26,2847.62,115.68,11.388145203,56000,55000
c543b9c11120e0479bc4eeccefc113dd0b435d26,2896.09,118.02,11.571664047,56000,55000
c543b9c11120e0479bc4eeccefc113dd0b435d26,2775.30,112.50,11.088173312,56000,56000
c543b9c11120e0479bc4eeccefc113dd0b435d26,2854.87,116.21,11.433484316,56000,56000
c543b9c11120e0479bc4eeccefc113dd0b435d26,2899.84,118.41,11.600658794,55000,56000
c543b9c11120e0479bc4eeccefc113dd0b435d26,2966.18,121.41,11.865449473,55000,56000
c543b9c11120e0479bc4eeccefc113dd0b435d26,2886.03,117.42,11.553600903,55000,56000
c543b9c11120e0479bc4eeccefc113dd0b435d26,2855.27,116.20,11.407457785,56000,56000
c543b9c11120e0479bc4eeccefc113dd0b435d26,2780.35,112.64,11.110120001,56000,55000
c543b9c11120e0479bc4eeccefc113dd0b435d26,2921.47,119.17,11.700538445,55000,55000
c543b9c11120e0479bc4eeccefc113dd0b435d26,2853.67,116.17,11.390244295,56000,56000
c543b9c11120e0479bc4eeccefc113dd0b435d26,2764.41,112.17,11.054439534,56000,55000
c543b9c11120e0479bc4eeccefc113dd0b435d26,2801.81,113.69,11.222722959,56000,56000
c543b9c11120e0479bc4eeccefc113dd0b435d26,2838.53,115.67,11.339922200,56000,56000
c543b9c11120e0479bc4eeccefc113dd0b435d26,2905.79,118.52,11.614197701,56000,55000
c543b9c11120e0479bc4eeccefc113dd0b435d26,2858.49,116.35,11.425977202,56000,56000
c543b9c11120e0479bc4eeccefc113dd0b435d26,2786.82,113.03,11.150520142,56000,55000
c543b9c11120e0479bc4eeccefc113dd0b435d26,2815.84,114.49,11.272544078,56000,56000
c543b9c11120e0479bc4eeccefc113dd0b435d26,2887.52,117.85,11.548812342,56000,55000
c543b9c11120e0479bc4eeccefc113dd0b435d26,2824.84,114.88,11.308730861,56000,54000
c543b9c11120e0479bc4eeccefc113dd0b435d26,2903.78,118.05,11.605994029,56000,56000
c543b9c11120e0479bc4eeccefc113dd0b435d26,2854.80,116.72,11.410114643,56000,56000
c543b9c11120e0479bc4eeccefc113dd0b435d26,2873.99,116.91,11.521471738,55000,56000
4a93ef6da247b41f88a48792a6e161613c206acd,2863.86,116.72,11.462436196,57000,57000
4a93ef6da247b41f88a48792a6e161613c206acd,2889.15,118.09,11.534871789,56000,55000
4a93ef6da247b41f88a48792a6e161613c206acd,2826.40,114.62,11.288088373,55000,56000
4a93ef6da247b41f88a48792a6e161613c206acd,2861.53,116.19,11.455405823,56000,55000
4a93ef6da247b41f88a48792a6e161613c206acd,2880.31,117.85,11.519684165,56000,55000
4a93ef6da247b41f88a48792a6e161613c206acd,2771.43,112.33,11.068493896,56000,55000
4a93ef6da247b41f88a48792a6e161613c206acd,2858.31,116.57,11.423910599,55000,56000
4a93ef6da247b41f88a48792a6e161613c206acd,2837.10,115.59,11.351982062,55000,55000
4a93ef6da247b41f88a48792a6e161613c206acd,2857.13,116.71,11.416223390,56000,56000
4a93ef6da247b41f88a48792a6e161613c206acd,2867.14,116.66,11.463864217,56000,55000
4a93ef6da247b41f88a48792a6e161613c206acd,2828.48,115.08,11.293974576,56000,56000
4a93ef6da247b41f88a48792a6e161613c206acd,2874.54,117.60,11.483166958,56000,56000
4a93ef6da247b41f88a48792a6e161613c206acd,2875.71,116.55,11.496637679,56000,56000
4a93ef6da247b41f88a48792a6e161613c206acd,2816.71,114.11,11.267087828,56000,56000
4a93ef6da247b41f88a48792a6e161613c206acd,2866.47,116.16,11.473472906,56000,56000
4a93ef6da247b41f88a48792a6e161613c206acd,2844.74,115.96,11.386220278,56000,56000
4a93ef6da247b41f88a48792a6e161613c206acd,2853.04,116.44,11.427500885,56000,56000
4a93ef6da247b41f88a48792a6e161613c206acd,2894.06,118.37,11.570297307,56000,56000
4a93ef6da247b41f88a48792a6e161613c206acd,2884.78,117.68,11.569274482,55000,55000
4a93ef6da247b41f88a48792a6e161613c206acd,2829.94,115.38,11.320743283,56000,56000
4a93ef6da247b41f88a48792a6e161613c206acd,2878.04,117.79,11.516624744,56000,56000
4a93ef6da247b41f88a48792a6e161613c206acd,2884.82,117.72,11.528129723,55000,56000
4a93ef6da247b41f88a48792a6e161613c206acd,2892.61,117.89,11.576222307,56000,56000
4a93ef6da247b41f88a48792a6e161613c206acd,2816.22,115.13,11.245582862,56000,56000
4a93ef6da247b41f88a48792a6e161613c206acd,2870.13,117.33,11.473463918,56000,56000
4a93ef6da247b41f88a48792a6e161613c206acd,2850.26,116.16,11.419694636,54000,56000
4a93ef6da247b41f88a48792a6e161613c206acd,2852.69,116.47,11.434185911,56000,56000
4a93ef6da247b41f88a48792a6e161613c206acd,2820.12,115.03,11.311673168,55000,55000
4a93ef6da247b41f88a48792a6e161613c206acd,2773.04,112.06,11.089732602,55000,56000
4a93ef6da247b41f88a48792a6e161613c206acd,2863.42,116.58,11.464860599,56000,56000
5c2f20014be5745129fc70689522b2bdb1396fa2,2930.31,119.40,11.729840534,55000,55000
5c2f20014be5745129fc70689522b2bdb1396fa2,2808.78,113.37,11.231798304,56000,56000
5c2f20014be5745129fc70689522b2bdb1396fa2,2884.14,117.68,11.528445673,56000,56000
5c2f20014be5745129fc70689522b2bdb1396fa2,2887.83,117.50,11.562601118,56000,56000
5c2f20014be5745129fc70689522b2bdb1396fa2,2882.67,117.25,11.549112972,56000,56000
5c2f20014be5745129fc70689522b2bdb1396fa2,2856.44,116.58,11.428743366,55000,55000
5c2f20014be5745129fc70689522b2bdb1396fa2,2885.67,117.80,11.547732902,56000,55000
5c2f20014be5745129fc70689522b2bdb1396fa2,2812.23,114.21,11.263846945,56000,56000
5c2f20014be5745129fc70689522b2bdb1396fa2,2778.47,112.47,11.116151270,56000,55000
5c2f20014be5745129fc70689522b2bdb1396fa2,2871.95,116.81,11.496729774,55000,56000
5c2f20014be5745129fc70689522b2bdb1396fa2,2878.77,116.86,11.548987618,56000,56000
5c2f20014be5745129fc70689522b2bdb1396fa2,2836.15,115.39,11.377597609,56000,56000
5c2f20014be5745129fc70689522b2bdb1396fa2,2870.25,117.17,11.466143825,55000,56000
5c2f20014be5745129fc70689522b2bdb1396fa2,2812.40,114.93,11.232870505,56000,55000
5c2f20014be5745129fc70689522b2bdb1396fa2,2875.61,116.28,11.528796069,56000,56000
5c2f20014be5745129fc70689522b2bdb1396fa2,2833.26,114.88,11.358155204,56000,56000
5c2f20014be5745129fc70689522b2bdb1396fa2,2877.86,117.17,11.511414717,56000,55000
5c2f20014be5745129fc70689522b2bdb1396fa2,2847.63,116.59,11.375522375,56000,56000
5c2f20014be5745129fc70689522b2bdb1396fa2,2929.62,119.26,11.723098192,56000,55000
5c2f20014be5745129fc70689522b2bdb1396fa2,2794.13,113.95,11.155674963,56000,55000
5c2f20014be5745129fc70689522b2bdb1396fa2,2831.95,115.42,11.356488332,55000,56000
5c2f20014be5745129fc70689522b2bdb1396fa2,2868.12,117.44,11.467009062,56000,56000
5c2f20014be5745129fc70689522b2bdb1396fa2,2823.54,115.10,11.289074660,55000,56000
5c2f20014be5745129fc70689522b2bdb1396fa2,2809.69,113.85,11.242728047,56000,56000
5c2f20014be5745129fc70689522b2bdb1396fa2,2854.36,115.97,11.405752488,56000,56000
5c2f20014be5745129fc70689522b2bdb1396fa2,2888.92,117.63,11.561990306,56000,55000
5c2f20014be5745129fc70689522b2bdb1396fa2,2890.44,118.27,11.574892441,56000,55000
5c2f20014be5745129fc70689522b2bdb1396fa2,2780.24,112.73,11.131783628,55000,55000
5c2f20014be5745129fc70689522b2bdb1396fa2,2873.86,117.55,11.511751474,55000,56000
5c2f20014be5745129fc70689522b2bdb1396fa2,2891.05,117.90,11.578832651,56000,55000
90310ad182f86a2a76d87c7491ce8c6fc8222f45,2873.89,116.36,11.525587929,56000,55000
90310ad182f86a2a76d87c7491ce8c6fc8222f45,2831.90,114.70,11.326320891,56000,55000
90310ad182f86a2a76d87c7491ce8c6fc8222f45,2946.65,120.04,11.805782638,56000,56000
90310ad182f86a2a76d87c7491ce8c6fc8222f45,2842.47,115.78,11.368892161,56000,56000
90310ad182f86a2a76d87c7491ce8c6fc8222f45,2844.78,115.63,11.373857799,56000,56000
90310ad182f86a2a76d87c7491ce8c6fc8222f45,2803.08,113.47,11.203597705,56000,55000
90310ad182f86a2a76d87c7491ce8c6fc8222f45,2924.31,119.37,11.713062241,56000,55000
90310ad182f86a2a76d87c7491ce8c6fc8222f45,2788.11,113.25,11.130479489,56000,56000
90310ad182f86a2a76d87c7491ce8c6fc8222f45,2809.36,114.20,11.230443805,56000,55000
90310ad182f86a2a76d87c7491ce8c6fc8222f45,2845.81,116.14,11.384747349,55000,56000
90310ad182f86a2a76d87c7491ce8c6fc8222f45,2904.21,117.71,11.644215318,54000,55000
90310ad182f86a2a76d87c7491ce8c6fc8222f45,2867.24,116.94,11.469610325,56000,56000
90310ad182f86a2a76d87c7491ce8c6fc8222f45,2850.33,115.81,11.415753005,56000,55000
90310ad182f86a2a76d87c7491ce8c6fc8222f45,2870.51,116.92,11.482663965,56000,55000
90310ad182f86a2a76d87c7491ce8c6fc8222f45,2945.44,119.69,11.807686073,56000,56000
90310ad182f86a2a76d87c7491ce8c6fc8222f45,2850.82,115.91,11.403343808,56000,56000
90310ad182f86a2a76d87c7491ce8c6fc8222f45,2843.23,115.39,11.378825163,56000,55000
90310ad182f86a2a76d87c7491ce8c6fc8222f45,2872.83,116.90,11.481380273,56000,56000
90310ad182f86a2a76d87c7491ce8c6fc8222f45,2896.68,117.85,11.582393439,55000,56000
90310ad182f86a2a76d87c7491ce8c6fc8222f45,2833.45,115.08,11.341800459,55000,55000
90310ad182f86a2a76d87c7491ce8c6fc8222f45,2849.41,116.27,11.401075718,55000,56000
90310ad182f86a2a76d87c7491ce8c6fc8222f45,2829.52,115.56,11.329586656,56000,56000
90310ad182f86a2a76d87c7491ce8c6fc8222f45,2902.83,119.19,11.599188264,56000,55000
90310ad182f86a2a76d87c7491ce8c6fc8222f45,2869.26,116.55,11.522619173,56000,55000
90310ad182f86a2a76d87c7491ce8c6fc8222f45,2862.71,116.64,11.444663836,56000,56000
90310ad182f86a2a76d87c7491ce8c6fc8222f45,2850.56,116.10,11.411327019,55000,55000
90310ad182f86a2a76d87c7491ce8c6fc8222f45,2883.15,117.60,11.532209562,55000,56000
90310ad182f86a2a76d87c7491ce8c6fc8222f45,2888.02,117.62,11.563558076,55000,55000
90310ad182f86a2a76d87c7491ce8c6fc8222f45,2889.66,117.37,11.561398280,56000,55000
90310ad182f86a2a76d87c7491ce8c6fc8222f45,2899.94,118.55,11.606344513,56000,56000
23f4ef2ba7916181646e325bf932750529906cc5,2803.27,114.14,11.185863803,55000,56000
23f4ef2ba7916181646e325bf932750529906cc5,2831.81,115.22,11.324681065,56000,56000
23f4ef2ba7916181646e325bf932750529906cc5,2844.74,115.98,11.369130957,55000,56000
23f4ef2ba7916181646e325bf932750529906cc5,2841.65,115.42,11.360569744,56000,56000
23f4ef2ba7916181646e325bf932750529906cc5,2789.73,113.07,11.153102364,55000,56000
23f4ef2ba7916181646e325bf932750529906cc5,2866.52,116.69,11.457756318,55000,56000
23f4ef2ba7916181646e325bf932750529906cc5,2855.72,116.22,11.405638896,56000,56000
23f4ef2ba7916181646e325bf932750529906cc5,2921.50,118.80,11.693831346,56000,56000
23f4ef2ba7916181646e325bf932750529906cc5,2793.31,113.39,11.192003787,56000,56000
23f4ef2ba7916181646e325bf932750529906cc5,2814.21,114.91,11.256039240,56000,55000
23f4ef2ba7916181646e325bf932750529906cc5,2839.51,115.21,11.358005053,55000,56000
23f4ef2ba7916181646e325bf932750529906cc5,2878.64,116.70,11.525834544,56000,55000
23f4ef2ba7916181646e325bf932750529906cc5,2880.26,117.54,11.517091692,55000,55000
23f4ef2ba7916181646e325bf932750529906cc5,2880.03,117.47,11.520550296,56000,56000
23f4ef2ba7916181646e325bf932750529906cc5,2862.54,115.94,11.459981677,55000,55000
23f4ef2ba7916181646e325bf932750529906cc5,2872.65,116.65,11.492095560,56000,56000
23f4ef2ba7916181646e325bf932750529906cc5,2852.86,115.83,11.421596960,56000,56000
23f4ef2ba7916181646e325bf932750529906cc5,2938.23,119.47,11.794680746,55000,56000
23f4ef2ba7916181646e325bf932750529906cc5,2848.62,115.77,11.389334986,55000,56000
23f4ef2ba7916181646e325bf932750529906cc5,2902.58,118.83,11.617752848,56000,56000
23f4ef2ba7916181646e325bf932750529906cc5,2871.55,117.11,11.490723063,56000,56000
23f4ef2ba7916181646e325bf932750529906cc5,2834.29,115.58,11.346663700,55000,56000
23f4ef2ba7916181646e325bf932750529906cc5,2781.48,113.05,11.128387113,55000,56000
23f4ef2ba7916181646e325bf932750529906cc5,2896.38,117.98,11.621048296,56000,55000
23f4ef2ba7916181646e325bf932750529906cc5,2889.80,117.34,11.569814086,56000,55000
23f4ef2ba7916181646e325bf932750529906cc5,2887.63,117.33,11.559381168,56000,56000
23f4ef2ba7916181646e325bf932750529906cc5,2864.38,116.90,11.458785425,55000,56000
23f4ef2ba7916181646e325bf932750529906cc5,2896.06,118.38,11.570157761,56000,56000
23f4ef2ba7916181646e325bf932750529906cc5,2830.66,115.51,11.318873778,56000,56000
23f4ef2ba7916181646e325bf932750529906cc5,2835.67,115.58,11.363611888,56000,56000
aeb240cd5d095b6532b574050ed3d115059ac4a0,2893.13,117.11,11.577471459,56000,56000
aeb240cd5d095b6532b574050ed3d115059ac4a0,2854.03,115.62,11.410356872,55000,56000
aeb240cd5d095b6532b574050ed3d115059ac4a0,2772.77,112.51,11.054382669,56000,56000
aeb240cd5d095b6532b574050ed3d115059ac4a0,2931.29,119.29,11.736260686,55000,56000
aeb240cd5d095b6532b574050ed3d115059ac4a0,2859.39,116.22,11.440202601,55000,56000
aeb240cd5d095b6532b574050ed3d115059ac4a0,2894.63,117.54,11.580503143,56000,56000
aeb240cd5d095b6532b574050ed3d115059ac4a0,2852.42,115.84,11.414945487,56000,55000
aeb240cd5d095b6532b574050ed3d115059ac4a0,2854.09,116.25,11.417016366,56000,56000
aeb240cd5d095b6532b574050ed3d115059ac4a0,2831.25,114.80,11.325630263,56000,56000
aeb240cd5d095b6532b574050ed3d115059ac4a0,2860.90,116.57,11.456744149,56000,56000
aeb240cd5d095b6532b574050ed3d115059ac4a0,2865.57,116.08,11.495971028,56000,56000
aeb240cd5d095b6532b574050ed3d115059ac4a0,2850.21,116.29,11.416191058,56000,56000
aeb240cd5d095b6532b574050ed3d115059ac4a0,2804.17,114.00,11.208409645,55000,56000
aeb240cd5d095b6532b574050ed3d115059ac4a0,2793.86,113.61,11.178820375,56000,56000
aeb240cd5d095b6532b574050ed3d115059ac4a0,2843.58,115.56,11.374199526,56000,56000
aeb240cd5d095b6532b574050ed3d115059ac4a0,2891.38,117.76,11.572341079,56000,56000
aeb240cd5d095b6532b574050ed3d115059ac4a0,2830.87,114.91,11.330076667,55000,56000
aeb240cd5d095b6532b574050ed3d115059ac4a0,2844.06,115.55,11.364556578,55000,56000
aeb240cd5d095b6532b574050ed3d115059ac4a0,2900.49,118.26,11.613410685,56000,56000
aeb240cd5d095b6532b574050ed3d115059ac4a0,2809.32,114.25,11.225235598,56000,55000
aeb240cd5d095b6532b574050ed3d115059ac4a0,2857.72,116.05,11.425318975,56000,56000
aeb240cd5d095b6532b574050ed3d115059ac4a0,2892.05,117.74,11.597854831,56000,56000
aeb240cd5d095b6532b574050ed3d115059ac4a0,2849.88,116.19,11.390221068,56000,55000
aeb240cd5d095b6532b574050ed3d115059ac4a0,2824.70,115.17,11.300401622,56000,56000
aeb240cd5d095b6532b574050ed3d115059ac4a0,2943.56,119.79,11.783725245,56000,56000
aeb240cd5d095b6532b574050ed3d115059ac4a0,2906.35,118.33,11.613893038,55000,56000
aeb240cd5d095b6532b574050ed3d115059ac4a0,2889.22,117.86,11.547678734,56000,56000
aeb240cd5d095b6532b574050ed3d115059ac4a0,2850.47,116.33,11.395586463,54000,56000
aeb240cd5d095b6532b574050ed3d115059ac4a0,2742.77,110.82,10.985272323,56000,56000
aeb240cd5d095b6532b574050ed3d115059ac4a0,2871.68,117.27,11.485215538,56000,56000
5edb20f3579fa81e44e5e1883300d0b059757251,2842.68,115.63,11.346561161,55000,56000
5edb20f3579fa81e44e5e1883300d0b059757251,2879.26,116.68,11.552125040,55000,55000
5edb20f3579fa81e44e5e1883300d0b059757251,2896.76,117.89,11.590910179,56000,56000
5edb20f3579fa81e44e5e1883300d0b059757251,2892.55,118.06,11.589270708,56000,56000
5edb20f3579fa81e44e5e1883300d0b059757251,2866.86,116.91,11.487675141,55000,56000
5edb20f3579fa81e44e5e1883300d0b059757251,2879.77,117.24,11.553777375,56000,55000
5edb20f3579fa81e44e5e1883300d0b059757251,2889.07,117.63,11.553816646,56000,56000
5edb20f3579fa81e44e5e1883300d0b059757251,2862.14,116.70,11.461250813,56000,55000
5edb20f3579fa81e44e5e1883300d0b059757251,2917.09,118.62,11.691844451,56000,55000
5edb20f3579fa81e44e5e1883300d0b059757251,2843.92,115.38,11.392646349,56000,55000
5edb20f3579fa81e44e5e1883300d0b059757251,2860.42,116.79,11.423151366,56000,56000
5edb20f3579fa81e44e5e1883300d0b059757251,2867.23,116.68,11.476101818,56000,56000
5edb20f3579fa81e44e5e1883300d0b059757251,2912.25,118.44,11.667938230,56000,56000
5edb20f3579fa81e44e5e1883300d0b059757251,2825.39,114.70,11.307680983,55000,57000
5edb20f3579fa81e44e5e1883300d0b059757251,2893.96,118.17,11.568660252,56000,56000
5edb20f3579fa81e44e5e1883300d0b059757251,2853.28,116.04,11.413158436,55000,56000
5edb20f3579fa81e44e5e1883300d0b059757251,2867.94,116.26,11.478622555,55000,55000
5edb20f3579fa81e44e5e1883300d0b059757251,2870.79,117.49,11.494229642,56000,55000
5edb20f3579fa81e44e5e1883300d0b059757251,2882.11,117.73,11.513690015,55000,56000
5edb20f3579fa81e44e5e1883300d0b059757251,2854.70,115.96,11.433433503,55000,56000
5edb20f3579fa81e44e5e1883300d0b059757251,2857.68,116.24,11.416551737,55000,55000
5edb20f3579fa81e44e5e1883300d0b059757251,2735.15,110.24,10.925974298,56000,55000
5edb20f3579fa81e44e5e1883300d0b059757251,2854.68,116.21,11.428692924,55000,54000
5edb20f3579fa81e44e5e1883300d0b059757251,2877.42,117.59,11.513201123,55000,56000
5edb20f3579fa81e44e5e1883300d0b059757251,2919.61,118.96,11.709224267,56000,55000
5edb20f3579fa81e44e5e1883300d0b059757251,2883.52,116.95,11.539199393,56000,55000
5edb20f3579fa81e44e5e1883300d0b059757251,2839.62,115.06,11.377766766,56000,55000
5edb20f3579fa81e44e5e1883300d0b059757251,2835.02,115.44,11.331362943,55000,56000
5edb20f3579fa81e44e5e1883300d0b059757251,2851.35,115.90,11.409332060,55000,56000
5edb20f3579fa81e44e5e1883300d0b059757251,2860.81,116.69,11.449307676,54000,56000
851d932f93836a584ff8d77402a99b1caebfd0a3,2907.76,118.11,11.634239959,56000,56000
851d932f93836a584ff8d77402a99b1caebfd0a3,2865.42,116.84,11.452111995,56000,56000
851d932f93836a584ff8d77402a99b1caebfd0a3,2929.10,119.03,11.721481426,56000,55000
851d932f93836a584ff8d77402a99b1caebfd0a3,2803.18,113.79,11.190557781,55000,56000
851d932f93836a584ff8d77402a99b1caebfd0a3,2862.53,116.64,11.424934953,55000,55000
851d932f93836a584ff8d77402a99b1caebfd0a3,2836.07,115.80,11.377434469,56000,55000
851d932f93836a584ff8d77402a99b1caebfd0a3,2871.71,117.12,11.507557168,56000,55000
851d932f93836a584ff8d77402a99b1caebfd0a3,2881.50,117.56,11.525607615,55000,56000
851d932f93836a584ff8d77402a99b1caebfd0a3,2825.46,115.16,11.299276607,56000,56000
851d932f93836a584ff8d77402a99b1caebfd0a3,2879.60,117.25,11.495267668,56000,56000
851d932f93836a584ff8d77402a99b1caebfd0a3,2844.11,115.06,11.390602387,55000,56000
851d932f93836a584ff8d77402a99b1caebfd0a3,2842.96,116.21,11.349385015,56000,55000
851d932f93836a584ff8d77402a99b1caebfd0a3,2859.33,116.53,11.443692617,55000,56000
851d932f93836a584ff8d77402a99b1caebfd0a3,2793.76,112.75,11.195143931,55000,56000
851d932f93836a584ff8d77402a99b1caebfd0a3,2907.81,118.38,11.657233156,56000,56000
851d932f93836a584ff8d77402a99b1caebfd0a3,2916.25,118.95,11.679098918,56000,55000
851d932f93836a584ff8d77402a99b1caebfd0a3,2853.63,116.27,11.421027172,55000,56000
851d932f93836a584ff8d77402a99b1caebfd0a3,2889.39,118.12,11.565011895,56000,55000
851d932f93836a584ff8d77402a99b1caebfd0a3,2941.01,119.89,11.751410422,56000,56000
851d932f93836a584ff8d77402a99b1caebfd0a3,2884.98,117.47,11.519873027,55000,56000
851d932f93836a584ff8d77402a99b1caebfd0a3,2932.06,119.63,11.729347507,56000,56000
851d932f93836a584ff8d77402a99b1caebfd0a3,2870.29,116.35,11.502989930,56000,56000
851d932f93836a584ff8d77402a99b1caebfd0a3,2871.28,117.04,11.485804764,56000,55000
851d932f93836a584ff8d77402a99b1caebfd0a3,2822.22,114.72,11.305897372,55000,56000
851d932f93836a584ff8d77402a99b1caebfd0a3,2877.13,117.43,11.500266384,56000,56000
851d932f93836a584ff8d77402a99b1caebfd0a3,2916.81,119.12,11.640354348,55000,55000
851d932f93836a584ff8d77402a99b1caebfd0a3,2869.22,116.18,11.487858910,56000,56000
851d932f93836a584ff8d77402a99b1caebfd0a3,2887.42,117.59,11.547047468,56000,56000
851d932f93836a584ff8d77402a99b1caebfd0a3,2828.27,114.11,11.306583646,56000,56000
851d932f93836a584ff8d77402a99b1caebfd0a3,2842.64,115.58,11.369670068,55000,56000
1dd28900801dc9b6bfe6d9f63c8bfab608beca1f,2912.23,118.57,11.661199460,55000,56000
1dd28900801dc9b6bfe6d9f63c8bfab608beca1f,2878.15,116.86,11.511132384,56000,57000
1dd28900801dc9b6bfe6d9f63c8bfab608beca1f,2876.03,117.50,11.496443171,56000,56000
1dd28900801dc9b6bfe6d9f63c8bfab608beca1f,2847.62,116.00,11.403545976,56000,56000
1dd28900801dc9b6bfe6d9f63c8bfab608beca1f,2880.74,116.62,11.553226304,57000,56000
1dd28900801dc9b6bfe6d9f63c8bfab608beca1f,2873.86,117.09,11.482466117,55000,56000
1dd28900801dc9b6bfe6d9f63c8bfab608beca1f,2828.25,115.03,11.312668718,55000,56000
1dd28900801dc9b6bfe6d9f63c8bfab608beca1f,2881.63,117.20,11.499124881,55000,56000
1dd28900801dc9b6bfe6d9f63c8bfab608beca1f,2868.08,116.26,11.474999825,56000,55000
1dd28900801dc9b6bfe6d9f63c8bfab608beca1f,2851.25,116.52,11.390950342,55000,56000
1dd28900801dc9b6bfe6d9f63c8bfab608beca1f,2868.18,117.15,11.432299510,56000,56000
1dd28900801dc9b6bfe6d9f63c8bfab608beca1f,2874.75,116.96,11.503124065,56000,55000
1dd28900801dc9b6bfe6d9f63c8bfab608beca1f,2847.74,115.72,11.388688884,56000,56000
1dd28900801dc9b6bfe6d9f63c8bfab608beca1f,2922.28,119.53,11.674571884,56000,56000
1dd28900801dc9b6bfe6d9f63c8bfab608beca1f,2883.82,117.58,11.534991509,56000,56000
1dd28900801dc9b6bfe6d9f63c8bfab608beca1f,2871.15,116.71,11.484341179,56000,56000
1dd28900801dc9b6bfe6d9f63c8bfab608beca1f,2866.12,116.56,11.479193936,56000,56000
1dd28900801dc9b6bfe6d9f63c8bfab608beca1f,2844.36,115.50,11.389750090,56000,56000
1dd28900801dc9b6bfe6d9f63c8bfab608beca1f,2875.97,116.94,11.516560688,55000,55000
1dd28900801dc9b6bfe6d9f63c8bfab608beca1f,2826.29,115.03,11.294715590,56000,55000
1dd28900801dc9b6bfe6d9f63c8bfab608beca1f,2869.20,117.16,11.465182528,55000,56000
1dd28900801dc9b6bfe6d9f63c8bfab608beca1f,2919.76,118.92,11.687681764,56000,56000
1dd28900801dc9b6bfe6d9f63c8bfab608beca1f,2866.61,116.95,11.457014743,56000,55000
1dd28900801dc9b6bfe6d9f63c8bfab608beca1f,2912.05,118.79,11.641851810,55000,55000
1dd28900801dc9b6bfe6d9f63c8bfab608beca1f,2867.17,116.68,11.468320973,55000,56000
1dd28900801dc9b6bfe6d9f63c8bfab608beca1f,2900.32,117.78,11.611472783,55000,55000
1dd28900801dc9b6bfe6d9f63c8bfab608beca1f,2878.86,117.72,11.519928745,54000,55000
1dd28900801dc9b6bfe6d9f63c8bfab608beca1f,2851.80,115.96,11.416802367,56000,55000
1dd28900801dc9b6bfe6d9f63c8bfab608beca1f,2844.38,115.64,11.404423366,55000,56000
1dd28900801dc9b6bfe6d9f63c8bfab608beca1f,2721.92,110.35,10.873817166,56000,56000
beed50d548fa3f3a8879ffaa7173630b548a9f6e,2870.19,116.78,11.477218021,56000,56000
beed50d548fa3f3a8879ffaa7173630b548a9f6e,2803.77,113.90,11.221235559,56000,56000
beed50d548fa3f3a8879ffaa7173630b548a9f6e,2822.26,114.42,11.288203167,56000,56000
beed50d548fa3f3a8879ffaa7173630b548a9f6e,2871.11,116.88,11.498642588,55000,56000
beed50d548fa3f3a8879ffaa7173630b548a9f6e,2947.22,120.10,11.814654334,56000,56000
beed50d548fa3f3a8879ffaa7173630b548a9f6e,2898.95,118.22,11.584515858,56000,55000
beed50d548fa3f3a8879ffaa7173630b548a9f6e,2906.01,118.07,11.639168498,56000,56000
beed50d548fa3f3a8879ffaa7173630b548a9f6e,2907.69,118.45,11.628498053,56000,56000
beed50d548fa3f3a8879ffaa7173630b548a9f6e,2880.40,117.45,11.515198905,56000,56000
beed50d548fa3f3a8879ffaa7173630b548a9f6e,2825.94,114.78,11.299974046,55000,56000
beed50d548fa3f3a8879ffaa7173630b548a9f6e,2833.95,115.44,11.306778547,56000,56000
beed50d548fa3f3a8879ffaa7173630b548a9f6e,2905.56,118.37,11.608202948,55000,56000
beed50d548fa3f3a8879ffaa7173630b548a9f6e,2841.03,115.70,11.365249879,56000,56000
beed50d548fa3f3a8879ffaa7173630b548a9f6e,2893.24,117.47,11.565622601,56000,56000
beed50d548fa3f3a8879ffaa7173630b548a9f6e,2884.45,117.60,11.536242382,56000,56000
beed50d548fa3f3a8879ffaa7173630b548a9f6e,2937.94,119.40,11.748496749,56000,56000
beed50d548fa3f3a8879ffaa7173630b548a9f6e,2933.27,119.91,11.722167664,56000,56000
beed50d548fa3f3a8879ffaa7173630b548a9f6e,2924.34,118.95,11.728017861,55000,55000
beed50d548fa3f3a8879ffaa7173630b548a9f6e,2850.64,115.96,11.405312681,55000,56000
beed50d548fa3f3a8879ffaa7173630b548a9f6e,2830.91,115.25,11.336571644,56000,56000
beed50d548fa3f3a8879ffaa7173630b548a9f6e,2843.65,115.39,11.368732740,55000,56000
beed50d548fa3f3a8879ffaa7173630b548a9f6e,2874.59,117.62,11.486173384,56000,56000
beed50d548fa3f3a8879ffaa7173630b548a9f6e,2868.95,116.79,11.472343250,55000,56000
beed50d548fa3f3a8879ffaa7173630b548a9f6e,2837.81,115.13,11.374901339,56000,55000
beed50d548fa3f3a8879ffaa7173630b548a9f6e,2860.35,116.48,11.441316314,56000,55000
beed50d548fa3f3a8879ffaa7173630b548a9f6e,2898.11,118.33,11.571476248,56000,55000
beed50d548fa3f3a8879ffaa7173630b548a9f6e,2960.19,120.95,11.854030900,56000,55000
beed50d548fa3f3a8879ffaa7173630b548a9f6e,2899.30,118.01,11.602283373,56000,56000
beed50d548fa3f3a8879ffaa7173630b548a9f6e,2848.47,115.77,11.412948757,56000,56000
beed50d548fa3f3a8879ffaa7173630b548a9f6e,2845.70,116.06,11.382877193,56000,56000
e556adeff90244238a8ba93ef45fec3b58c2af93,2878.74,117.23,11.511250777,56000,56000
e556adeff90244238a8ba93ef45fec3b58c2af93,2851.61,115.62,11.410795975,55000,55000
e556adeff90244238a8ba93ef45fec3b58c2af93,2856.83,116.56,11.427434698,56000,55000
e556adeff90244238a8ba93ef45fec3b58c2af93,2908.84,118.53,11.641865851,56000,56000
e556adeff90244238a8ba93ef45fec3b58c2af93,2845.34,115.34,11.373379469,56000,56000
e556adeff90244238a8ba93ef45fec3b58c2af93,2864.69,116.19,11.476756636,56000,57000
e556adeff90244238a8ba93ef45fec3b58c2af93,2895.09,118.00,11.574873514,56000,56000
e556adeff90244238a8ba93ef45fec3b58c2af93,2851.69,116.34,11.403047566,56000,56000
e556adeff90244238a8ba93ef45fec3b58c2af93,2887.64,117.83,11.548480937,56000,56000
e556adeff90244238a8ba93ef45fec3b58c2af93,2849.66,116.28,11.404148659,55000,56000
e556adeff90244238a8ba93ef45fec3b58c2af93,2887.32,117.41,11.581748611,55000,56000
e556adeff90244238a8ba93ef45fec3b58c2af93,2936.82,120.24,11.744003157,56000,56000
e556adeff90244238a8ba93ef45fec3b58c2af93,2852.50,116.58,11.408217487,55000,55000
e556adeff90244238a8ba93ef45fec3b58c2af93,2884.72,117.59,11.544440008,55000,55000
e556adeff90244238a8ba93ef45fec3b58c2af93,2842.11,115.74,11.358235260,56000,56000
e556adeff90244238a8ba93ef45fec3b58c2af93,2836.26,114.79,11.343567388,56000,56000
e556adeff90244238a8ba93ef45fec3b58c2af93,2835.91,115.64,11.346586818,55000,56000
e556adeff90244238a8ba93ef45fec3b58c2af93,2847.81,116.49,11.406429675,56000,56000
e556adeff90244238a8ba93ef45fec3b58c2af93,2900.79,117.85,11.610936259,55000,56000
e556adeff90244238a8ba93ef45fec3b58c2af93,2899.47,118.23,11.601710096,55000,56000
e556adeff90244238a8ba93ef45fec3b58c2af93,2858.64,116.98,11.425829459,56000,56000
e556adeff90244238a8ba93ef45fec3b58c2af93,2930.21,119.59,11.738930383,56000,56000
e556adeff90244238a8ba93ef45fec3b58c2af93,2806.73,114.74,11.226970430,56000,56000
e556adeff90244238a8ba93ef45fec3b58c2af93,2854.14,116.37,11.422516755,55000,55000
e556adeff90244238a8ba93ef45fec3b58c2af93,2913.78,118.53,11.666356058,55000,56000
e556adeff90244238a8ba93ef45fec3b58c2af93,2893.84,118.22,11.582247855,55000,56000
e556adeff90244238a8ba93ef45fec3b58c2af93,2881.87,117.74,11.507675163,56000,56000
e556adeff90244238a8ba93ef45fec3b58c2af93,2857.19,116.36,11.436719697,55000,55000
e556adeff90244238a8ba93ef45fec3b58c2af93,2903.70,118.88,11.598275061,56000,56000
e556adeff90244238a8ba93ef45fec3b58c2af93,2836.67,115.80,11.350625378,54000,55000
c94322d0f72b2587a887e75d549310ef60efb96d,2878.43,117.17,11.500602494,56000,55000
c94322d0f72b2587a887e75d549310ef60efb96d,2735.45,110.78,10.937235245,55000,55000
c94322d0f72b2587a887e75d549310ef60efb96d,2902.20,117.98,11.611074394,56000,56000
c94322d0f72b2587a887e75d549310ef60efb96d,2898.89,118.14,11.611708453,56000,55000
c94322d0f72b2587a887e75d549310ef60efb96d,2853.84,115.47,11.445774669,55000,56000
c94322d0f72b2587a887e75d549310ef60efb96d,2838.65,115.83,11.338068080,55000,56000
c94322d0f72b2587a887e75d549310ef60efb96d,2869.20,117.08,11.476082238,56000,56000
c94322d0f72b2587a887e75d549310ef60efb96d,2798.70,113.56,11.185343508,56000,56000
c94322d0f72b2587a887e75d549310ef60efb96d,2873.07,117.87,11.494201775,56000,56000
c94322d0f72b2587a887e75d549310ef60efb96d,2898.69,117.80,11.616242566,55000,56000
c94322d0f72b2587a887e75d549310ef60efb96d,2811.56,114.24,11.258313520,56000,56000
c94322d0f72b2587a887e75d549310ef60efb96d,2853.27,115.38,11.430127047,56000,55000
c94322d0f72b2587a887e75d549310ef60efb96d,2888.49,117.72,11.561566973,56000,56000
c94322d0f72b2587a887e75d549310ef60efb96d,2790.45,113.24,11.163334121,55000,56000
c94322d0f72b2587a887e75d549310ef60efb96d,2883.44,116.99,11.549962990,56000,56000
c94322d0f72b2587a887e75d549310ef60efb96d,2868.41,116.46,11.474754821,56000,55000
c94322d0f72b2587a887e75d549310ef60efb96d,2887.33,117.59,11.550319594,56000,56000
c94322d0f72b2587a887e75d549310ef60efb96d,2902.25,118.34,11.602236089,56000,56000
c94322d0f72b2587a887e75d549310ef60efb96d,2861.44,116.49,11.433565346,55000,56000
c94322d0f72b2587a887e75d549310ef60efb96d,2840.73,115.27,11.370086259,56000,56000
c94322d0f72b2587a887e75d549310ef60efb96d,2904.17,118.97,11.596438073,56000,56000
c94322d0f72b2587a887e75d549310ef60efb96d,2879.39,117.61,11.521362605,56000,56000
c94322d0f72b2587a887e75d549310ef60efb96d,2862.90,116.54,11.463590708,56000,55000
c94322d0f72b2587a887e75d549310ef60efb96d,2858.79,116.49,11.426319498,55000,56000
c94322d0f72b2587a887e75d549310ef60efb96d,2880.07,117.49,11.526759221,56000,56000
c94322d0f72b2587a887e75d549310ef60efb96d,2864.50,117.15,11.436773489,55000,55000
c94322d0f72b2587a887e75d549310ef60efb96d,2915.50,119.25,11.673394208,56000,55000
c94322d0f72b2587a887e75d549310ef60efb96d,2859.07,115.88,11.453564599,56000,56000
c94322d0f72b2587a887e75d549310ef60efb96d,2881.10,117.36,11.537576677,56000,55000
c94322d0f72b2587a887e75d549310ef60efb96d,2902.27,118.62,11.610471622,56000,56000
46910c7c16be6c1ac8aa320bc00c0f37b5b66907,2859.69,116.52,11.445209997,55000,55000
46910c7c16be6c1ac8aa320bc00c0f37b5b66907,2849.52,115.91,11.397443799,56000,56000
46910c7c16be6c1ac8aa320bc00c0f37b5b66907,2822.85,115.50,11.257799470,56000,56000
46910c7c16be6c1ac8aa320bc00c0f37b5b66907,2858.42,115.97,11.441474151,55000,56000
46910c7c16be6c1ac8aa320bc00c0f37b5b66907,2852.32,116.63,11.408829563,56000,56000
46910c7c16be6c1ac8aa320bc00c0f37b5b66907,2879.68,117.53,11.519151067,56000,55000
46910c7c16be6c1ac8aa320bc00c0f37b5b66907,2901.95,118.47,11.622824620,56000,55000
46910c7c16be6c1ac8aa320bc00c0f37b5b66907,2844.91,115.80,11.385671979,55000,56000
46910c7c16be6c1ac8aa320bc00c0f37b5b66907,2867.03,116.71,11.465592730,56000,56000
46910c7c16be6c1ac8aa320bc00c0f37b5b66907,2889.09,117.56,11.563635536,55000,55000
46910c7c16be6c1ac8aa320bc00c0f37b5b66907,2846.08,115.43,11.403251061,56000,55000
46910c7c16be6c1ac8aa320bc00c0f37b5b66907,2860.21,116.32,11.457655694,55000,56000
46910c7c16be6c1ac8aa320bc00c0f37b5b66907,2915.53,119.01,11.662296407,56000,56000
46910c7c16be6c1ac8aa320bc00c0f37b5b66907,2896.00,117.79,11.588787367,55000,56000
46910c7c16be6c1ac8aa320bc00c0f37b5b66907,2879.55,117.17,11.526009249,56000,55000
46910c7c16be6c1ac8aa320bc00c0f37b5b66907,2818.27,114.84,11.276941563,56000,55000
46910c7c16be6c1ac8aa320bc00c0f37b5b66907,2819.66,114.64,11.285611479,56000,55000
46910c7c16be6c1ac8aa320bc00c0f37b5b66907,2758.84,112.29,11.037220549,56000,56000
46910c7c16be6c1ac8aa320bc00c0f37b5b66907,2892.68,117.42,11.578047681,56000,55000
46910c7c16be6c1ac8aa320bc00c0f37b5b66907,2878.52,116.74,11.511438896,56000,56000
46910c7c16be6c1ac8aa320bc00c0f37b5b66907,2708.11,110.06,10.801058959,56000,57000
46910c7c16be6c1ac8aa320bc00c0f37b5b66907,2925.22,119.53,11.691033897,56000,56000
46910c7c16be6c1ac8aa320bc00c0f37b5b66907,2905.65,118.40,11.632952753,56000,55000
46910c7c16be6c1ac8aa320bc00c0f37b5b66907,2890.04,117.69,11.566960084,56000,56000
46910c7c16be6c1ac8aa320bc00c0f37b5b66907,2899.89,118.39,11.590791953,56000,56000
46910c7c16be6c1ac8aa320bc00c0f37b5b66907,2913.95,119.17,11.663043003,56000,55000
46910c7c16be6c1ac8aa320bc00c0f37b5b66907,2906.34,118.82,11.596434113,55000,55000
46910c7c16be6c1ac8aa320bc00c0f37b5b66907,2850.96,116.06,11.411905270,56000,56000
46910c7c16be6c1ac8aa320bc00c0f37b5b66907,2886.53,118.34,11.533777623,54000,56000
46910c7c16be6c1ac8aa320bc00c0f37b5b66907,2866.21,117.30,11.467961745,55000,55000
c63a4bdc5fd3b42c9e7253613e5a27870b4e7227,2851.60,115.48,11.420940359,55000,56000
c63a4bdc5fd3b42c9e7253613e5a27870b4e7227,2839.20,114.68,11.354598592,55000,55000
c63a4bdc5fd3b42c9e7253613e5a27870b4e7227,2864.63,117.10,11.453698557,55000,55000
c63a4bdc5fd3b42c9e7253613e5a27870b4e7227,2850.68,115.42,11.418288309,56000,55000
c63a4bdc5fd3b42c9e7253613e5a27870b4e7227,2846.28,116.44,11.362398253,56000,56000
c63a4bdc5fd3b42c9e7253613e5a27870b4e7227,2927.59,119.85,11.709285303,56000,56000
c63a4bdc5fd3b42c9e7253613e5a27870b4e7227,2862.94,117.09,11.431289809,56000,56000
c63a4bdc5fd3b42c9e7253613e5a27870b4e7227,2913.62,118.50,11.655240751,56000,55000
c63a4bdc5fd3b42c9e7253613e5a27870b4e7227,2895.83,117.43,11.583386744,56000,55000
c63a4bdc5fd3b42c9e7253613e5a27870b4e7227,2845.61,115.76,11.386416467,55000,56000
c63a4bdc5fd3b42c9e7253613e5a27870b4e7227,2859.68,116.14,11.432286213,55000,56000
c63a4bdc5fd3b42c9e7253613e5a27870b4e7227,2902.57,118.40,11.614056950,57000,56000
c63a4bdc5fd3b42c9e7253613e5a27870b4e7227,2818.98,115.06,11.245668437,56000,55000
c63a4bdc5fd3b42c9e7253613e5a27870b4e7227,2866.31,116.37,11.473108792,56000,57000
c63a4bdc5fd3b42c9e7253613e5a27870b4e7227,2819.13,114.48,11.279026170,55000,55000
c63a4bdc5fd3b42c9e7253613e5a27870b4e7227,2772.17,112.23,11.065297663,56000,56000
c63a4bdc5fd3b42c9e7253613e5a27870b4e7227,2880.77,117.65,11.530656564,56000,56000
c63a4bdc5fd3b42c9e7253613e5a27870b4e7227,2898.64,118.40,11.593775865,55000,56000
c63a4bdc5fd3b42c9e7253613e5a27870b4e7227,2870.77,116.68,11.491537687,55000,56000
c63a4bdc5fd3b42c9e7253613e5a27870b4e7227,2899.40,118.05,11.605414716,55000,55000
c63a4bdc5fd3b42c9e7253613e5a27870b4e7227,2873.18,117.23,11.493910406,55000,56000
c63a4bdc5fd3b42c9e7253613e5a27870b4e7227,2881.39,117.57,11.522714832,56000,55000
c63a4bdc5fd3b42c9e7253613e5a27870b4e7227,2953.99,120.66,11.835862554,56000,55000
c63a4bdc5fd3b42c9e7253613e5a27870b4e7227,2870.13,117.40,11.501639441,56000,56000
c63a4bdc5fd3b42c9e7253613e5a27870b4e7227,2865.71,117.20,11.457021432,56000,56000
c63a4bdc5fd3b42c9e7253613e5a27870b4e7227,2885.69,117.89,11.548178481,55000,56000
c63a4bdc5fd3b42c9e7253613e5a27870b4e7227,2931.40,119.49,11.718207853,56000,56000
c63a4bdc5fd3b42c9e7253613e5a27870b4e7227,2895.03,117.98,11.586765128,55000,56000
c63a4bdc5fd3b42c9e7253613e5a27870b4e7227,2924.42,119.27,11.704180780,56000,56000
c63a4bdc5fd3b42c9e7253613e5a27870b4e7227,2852.60,115.89,11.420282302,56000,55000
5a82673a19b560c834706741a81e42f182033281,2865.77,116.43,11.473068099,55000,55000
5a82673a19b560c834706741a81e42f182033281,2882.79,116.59,11.534819478,55000,56000
5a82673a19b560c834706741a81e42f182033281,2902.73,118.39,11.629235723,56000,55000
5a82673a19b560c834706741a81e42f182033281,2831.98,115.40,11.310810723,56000,55000
5a82673a19b560c834706741a81e42f182033281,2847.08,116.01,11.393262640,56000,56000
5a82673a19b560c834706741a81e42f182033281,2749.74,111.52,10.998015559,56000,56000
5a82673a19b560c834706741a81e42f182033281,2928.91,119.87,11.707991614,56000,55000
5a82673a19b560c834706741a81e42f182033281,2832.25,114.88,11.343971956,55000,56000
5a82673a19b560c834706741a81e42f182033281,2766.82,111.70,11.071486533,56000,55000
5a82673a19b560c834706741a81e42f182033281,2827.49,115.47,11.281622527,56000,55000
5a82673a19b560c834706741a81e42f182033281,2848.94,116.34,11.382490794,56000,56000
5a82673a19b560c834706741a81e42f182033281,2915.53,118.93,11.669716256,56000,55000
5a82673a19b560c834706741a81e42f182033281,2842.26,115.15,11.384540601,56000,56000
5a82673a19b560c834706741a81e42f182033281,2908.02,118.33,11.624786539,56000,55000
5a82673a19b560c834706741a81e42f182033281,2852.01,116.07,11.405548464,56000,55000
5a82673a19b560c834706741a81e42f182033281,2855.91,116.38,11.416833484,55000,56000
5a82673a19b560c834706741a81e42f182033281,2875.45,116.90,11.521749381,55000,56000
5a82673a19b560c834706741a81e42f182033281,2918.65,119.14,11.680630143,55000,56000
5a82673a19b560c834706741a81e42f182033281,2878.92,117.25,11.510428727,56000,56000
5a82673a19b560c834706741a81e42f182033281,2799.43,113.87,11.204001173,56000,56000
5a82673a19b560c834706741a81e42f182033281,2862.08,116.36,11.470331059,56000,55000
5a82673a19b560c834706741a81e42f182033281,2897.44,117.80,11.604650040,55000,55000
5a82673a19b560c834706741a81e42f182033281,2872.42,117.83,11.486985414,56000,55000
5a82673a19b560c834706741a81e42f182033281,2922.10,119.34,11.694174069,56000,56000
5a82673a19b560c834706741a81e42f182033281,2897.41,117.99,11.593351171,56000,55000
5a82673a19b560c834706741a81e42f182033281,2878.83,117.46,11.526586696,56000,56000
5a82673a19b560c834706741a81e42f182033281,2857.25,116.52,11.453992075,55000,56000
5a82673a19b560c834706741a81e42f182033281,2898.30,118.36,11.577426547,56000,56000
5a82673a19b560c834706741a81e42f182033281,2857.32,116.20,11.429917302,56000,56000
5a82673a19b560c834706741a81e42f182033281,2902.64,118.27,11.610849830,55000,54000
5e96f38148a28ab191828be63f486f23aeee54c6,2883.26,116.79,11.537703206,56000,56000
5e96f38148a28ab191828be63f486f23aeee54c6,2854.99,116.07,11.428628781,56000,56000
5e96f38148a28ab191828be63f486f23aeee54c6,2873.53,116.62,11.501699063,56000,56000
5e96f38148a28ab191828be63f486f23aeee54c6,2858.81,116.43,11.433721295,55000,56000
5e96f38148a28ab191828be63f486f23aeee54c6,2835.13,115.35,11.344889947,56000,56000
5e96f38148a28ab191828be63f486f23aeee54c6,2927.02,119.53,11.717154829,56000,56000
5e96f38148a28ab191828be63f486f23aeee54c6,2951.72,120.56,11.811089870,56000,57000
5e96f38148a28ab191828be63f486f23aeee54c6,2827.01,114.63,11.317178323,55000,56000
5e96f38148a28ab191828be63f486f23aeee54c6,2884.84,117.76,11.544277157,55000,56000
5e96f38148a28ab191828be63f486f23aeee54c6,2841.33,115.69,11.385694178,56000,56000
5e96f38148a28ab191828be63f486f23aeee54c6,2905.24,118.47,11.648676921,55000,56000
5e96f38148a28ab191828be63f486f23aeee54c6,2872.83,116.74,11.502682827,55000,56000
5e96f38148a28ab191828be63f486f23aeee54c6,2879.32,117.88,11.503894665,55000,56000
5e96f38148a28ab191828be63f486f23aeee54c6,2793.70,113.66,11.154465588,56000,56000
5e96f38148a28ab191828be63f486f23aeee54c6,2847.01,115.68,11.385523791,56000,56000
5e96f38148a28ab191828be63f486f23aeee54c6,2806.50,114.50,11.225092074,56000,56000
5e96f38148a28ab191828be63f486f23aeee54c6,2847.62,116.08,11.386384464,56000,56000
5e96f38148a28ab191828be63f486f23aeee54c6,2856.49,116.58,11.439671203,56000,57000
5e96f38148a28ab191828be63f486f23aeee54c6,2876.75,117.46,11.502868528,55000,56000
5e96f38148a28ab191828be63f486f23aeee54c6,2837.78,116.01,11.327975059,56000,55000
5e96f38148a28ab191828be63f486f23aeee54c6,2844.94,115.99,11.385788413,55000,56000
5e96f38148a28ab191828be63f486f23aeee54c6,2899.61,117.88,11.597707029,56000,56000
5e96f38148a28ab191828be63f486f23aeee54c6,2847.23,116.02,11.386684200,56000,54000
5e96f38148a28ab191828be63f486f23aeee54c6,2824.06,114.71,11.303358476,55000,56000
5e96f38148a28ab191828be63f486f23aeee54c6,2852.55,116.20,11.400130625,55000,56000
5e96f38148a28ab191828be63f486f23aeee54c6,2852.08,115.99,11.416593180,55000,56000
5e96f38148a28ab191828be63f486f23aeee54c6,2794.36,113.23,11.185984997,56000,55000
5e96f38148a28ab191828be63f486f23aeee54c6,2900.40,117.92,11.626571187,56000,55000
5e96f38148a28ab191828be63f486f23aeee54c6,2875.82,116.92,11.507395400,55000,56000
5e96f38148a28ab191828be63f486f23aeee54c6,2813.98,114.03,11.277702831,55000,55000
7fb2bf354f535320be145e1349d6bd1e240c5131,2841.08,115.04,11.365932648,56000,56000
7fb2bf354f535320be145e1349d6bd1e240c5131,2906.76,118.16,11.632090705,56000,56000
7fb2bf354f535320be145e1349d6bd1e240c5131,2825.60,114.66,11.302789127,56000,56000
7fb2bf354f535320be145e1349d6bd1e240c5131,2846.03,116.72,11.381767685,56000,56000
7fb2bf354f535320be145e1349d6bd1e240c5131,2862.23,116.86,11.461153976,56000,56000
7fb2bf354f535320be145e1349d6bd1e240c5131,2883.37,117.54,11.533737557,56000,55000
7fb2bf354f535320be145e1349d6bd1e240c5131,2859.68,116.03,11.445301316,56000,56000
7fb2bf354f535320be145e1349d6bd1e240c5131,2902.75,118.02,11.616491603,55000,56000
7fb2bf354f535320be145e1349d6bd1e240c5131,2887.35,117.49,11.568015154,54000,56000
7fb2bf354f535320be145e1349d6bd1e240c5131,2912.38,118.62,11.664556770,56000,56000
7fb2bf354f535320be145e1349d6bd1e240c5131,2890.80,117.39,11.587564849,56000,56000
7fb2bf354f535320be145e1349d6bd1e240c5131,2861.45,116.47,11.434008945,56000,56000
7fb2bf354f535320be145e1349d6bd1e240c5131,2891.69,117.64,11.561990403,55000,55000
7fb2bf354f535320be145e1349d6bd1e240c5131,2854.28,116.01,11.429699884,56000,55000
7fb2bf354f535320be145e1349d6bd1e240c5131,2864.07,116.41,11.464929714,56000,55000
7fb2bf354f535320be145e1349d6bd1e240c5131,2844.01,115.89,11.383839301,56000,56000
7fb2bf354f535320be145e1349d6bd1e240c5131,2897.68,118.63,11.574792110,56000,56000
7fb2bf354f535320be145e1349d6bd1e240c5131,2867.10,117.14,11.470183569,56000,55000
7fb2bf354f535320be145e1349d6bd1e240c5131,2927.04,119.67,11.719303785,56000,56000
7fb2bf354f535320be145e1349d6bd1e240c5131,2883.87,117.46,11.536512845,55000,55000
7fb2bf354f535320be145e1349d6bd1e240c5131,2809.68,114.70,11.247047782,56000,55000
7fb2bf354f535320be145e1349d6bd1e240c5131,2872.41,116.32,11.486973456,56000,56000
7fb2bf354f535320be145e1349d6bd1e240c5131,2868.82,116.50,11.475218347,56000,56000
7fb2bf354f535320be145e1349d6bd1e240c5131,2845.33,115.97,11.375353438,55000,56000
7fb2bf354f535320be145e1349d6bd1e240c5131,2897.84,117.94,11.602131131,55000,56000
7fb2bf354f535320be145e1349d6bd1e240c5131,2857.94,116.53,11.406495658,56000,55000
7fb2bf354f535320be145e1349d6bd1e240c5131,2915.46,119.02,11.649961138,56000,56000
7fb2bf354f535320be145e1349d6bd1e240c5131,2920.53,118.85,11.700697072,55000,56000
7fb2bf354f535320be145e1349d6bd1e240c5131,2872.67,117.54,11.501796638,56000,55000
7fb2bf354f535320be145e1349d6bd1e240c5131,2885.85,117.41,11.540334707,54000,56000
d3dabdfb3a047bea7af27c188d68ff904ef02434,2866.31,116.38,11.477894052,56000,57000
d3dabdfb3a047bea7af27c188d68ff904ef02434,2913.76,119.40,11.636875050,56000,55000
d3dabdfb3a047bea7af27c188d68ff904ef02434,2936.58,119.58,11.735996954,56000,56000
d3dabdfb3a047bea7af27c188d68ff904ef02434,2887.47,117.27,11.569527757,56000,54000
d3dabdfb3a047bea7af27c188d68ff904ef02434,2866.77,116.94,11.484264842,56000,56000
d3dabdfb3a047bea7af27c188d68ff904ef02434,2934.01,119.87,11.746397252,56000,56000
d3dabdfb3a047bea7af27c188d68ff904ef02434,2841.06,116.11,11.347240812,55000,56000
d3dabdfb3a047bea7af27c188d68ff904ef02434,2865.72,117.14,11.442280509,56000,55000
d3dabdfb3a047bea7af27c188d68ff904ef02434,2866.79,116.93,11.469827058,56000,55000
d3dabdfb3a047bea7af27c188d68ff904ef02434,2879.44,117.56,11.530353514,56000,56000
d3dabdfb3a047bea7af27c188d68ff904ef02434,2896.17,117.60,11.579622327,56000,56000
d3dabdfb3a047bea7af27c188d68ff904ef02434,2866.73,116.19,11.483276445,56000,55000
d3dabdfb3a047bea7af27c188d68ff904ef02434,2883.35,117.27,11.537859063,55000,56000
d3dabdfb3a047bea7af27c188d68ff904ef02434,2898.30,117.62,11.592197861,55000,56000
d3dabdfb3a047bea7af27c188d68ff904ef02434,2791.92,113.07,11.160785507,56000,56000
d3dabdfb3a047bea7af27c188d68ff904ef02434,2873.31,116.96,11.486427290,56000,56000
d3dabdfb3a047bea7af27c188d68ff904ef02434,2850.30,116.08,11.413841133,55000,56000
d3dabdfb3a047bea7af27c188d68ff904ef02434,2891.30,118.18,11.579110515,56000,56000
d3dabdfb3a047bea7af27c188d68ff904ef02434,2924.60,119.19,11.704370815,55000,55000
d3dabdfb3a047bea7af27c188d68ff904ef02434,2893.36,118.06,11.573880266,56000,56000
d3dabdfb3a047bea7af27c188d68ff904ef02434,2939.12,119.32,11.794683145,55000,55000
d3dabdfb3a047bea7af27c188d68ff904ef02434,2893.84,118.15,11.563261120,56000,56000
d3dabdfb3a047bea7af27c188d68ff904ef02434,2834.97,115.22,11.346752174,56000,56000
d3dabdfb3a047bea7af27c188d68ff904ef02434,2894.72,117.81,11.603176381,56000,56000
d3dabdfb3a047bea7af27c188d68ff904ef02434,2853.24,116.61,11.391360008,56000,56000
d3dabdfb3a047bea7af27c188d68ff904ef02434,2930.30,119.67,11.731522118,55000,56000
d3dabdfb3a047bea7af27c188d68ff904ef02434,2871.69,117.40,11.488562148,56000,56000
d3dabdfb3a047bea7af27c188d68ff904ef02434,2883.44,117.47,11.537137706,55000,55000
d3dabdfb3a047bea7af27c188d68ff904ef02434,2832.36,115.50,11.337060291,54000,56000
d3dabdfb3a047bea7af27c188d68ff904ef02434,2902.11,118.00,11.612180201,54000,54000
d38b27605d2abbe399763132d83acbaf93f87fdc,2897.25,117.87,11.604617745,55000,55000
d38b27605d2abbe399763132d83acbaf93f87fdc,2844.62,115.82,11.356165484,56000,56000
d38b27605d2abbe399763132d83acbaf93f87fdc,2871.07,117.23,11.491895846,56000,55000
d38b27605d2abbe399763132d83acbaf93f87fdc,2824.78,114.89,11.312083377,55000,56000
d38b27605d2abbe399763132d83acbaf93f87fdc,2847.52,115.62,11.385796089,56000,56000
d38b27605d2abbe399763132d83acbaf93f87fdc,2888.13,117.59,11.543529822,56000,56000
d38b27605d2abbe399763132d83acbaf93f87fdc,2843.71,115.74,11.380264237,56000,56000
d38b27605d2abbe399763132d83acbaf93f87fdc,2858.17,115.97,11.436278063,55000,56000
d38b27605d2abbe399763132d83acbaf93f87fdc,2883.46,117.73,11.539440754,56000,56000
d38b27605d2abbe399763132d83acbaf93f87fdc,2849.65,116.23,11.369651565,56000,56000
d38b27605d2abbe399763132d83acbaf93f87fdc,2912.33,118.90,11.650898346,55000,55000
d38b27605d2abbe399763132d83acbaf93f87fdc,2901.13,117.91,11.585971251,55000,55000
d38b27605d2abbe399763132d83acbaf93f87fdc,2863.01,116.87,11.454662019,55000,55000
d38b27605d2abbe399763132d83acbaf93f87fdc,2853.27,115.72,11.404798958,55000,56000
d38b27605d2abbe399763132d83acbaf93f87fdc,2876.26,117.08,11.506960391,56000,56000
d38b27605d2abbe399763132d83acbaf93f87fdc,2891.39,117.70,11.588235818,55000,55000
d38b27605d2abbe399763132d83acbaf93f87fdc,2874.26,117.03,11.505396316,55000,55000
d38b27605d2abbe399763132d83acbaf93f87fdc,2875.78,117.16,11.530272611,55000,56000
d38b27605d2abbe399763132d83acbaf93f87fdc,2894.38,118.49,11.585443438,56000,56000
d38b27605d2abbe399763132d83acbaf93f87fdc,2905.15,118.56,11.614303031,56000,55000
d38b27605d2abbe399763132d83acbaf93f87fdc,2895.77,118.21,11.586506517,55000,56000
d38b27605d2abbe399763132d83acbaf93f87fdc,2851.09,116.03,11.387015551,55000,56000
d38b27605d2abbe399763132d83acbaf93f87fdc,2901.26,118.58,11.586181188,56000,55000
d38b27605d2abbe399763132d83acbaf93f87fdc,2915.85,118.65,11.689305316,55000,56000
d38b27605d2abbe399763132d83acbaf93f87fdc,2890.56,117.92,11.573181047,55000,56000
d38b27605d2abbe399763132d83acbaf93f87fdc,2837.59,115.60,11.360367972,56000,55000
d38b27605d2abbe399763132d83acbaf93f87fdc,2846.33,115.43,11.410318759,56000,56000
d38b27605d2abbe399763132d83acbaf93f87fdc,2746.71,111.04,10.975618684,55000,56000
d38b27605d2abbe399763132d83acbaf93f87fdc,2859.02,116.91,11.436587127,55000,54000
d38b27605d2abbe399763132d83acbaf93f87fdc,2845.67,115.87,11.387987092,56000,55000
9de0ab8048d0a0eb1d7b011c194d4b911c45de3f,2865.12,116.31,11.458936157,55000,55000
9de0ab8048d0a0eb1d7b011c194d4b911c45de3f,2858.68,116.55,11.449457536,56000,56000
9de0ab8048d0a0eb1d7b011c194d4b911c45de3f,2834.29,115.47,11.344505958,56000,56000
9de0ab8048d0a0eb1d7b011c194d4b911c45de3f,2849.09,115.68,11.395482548,56000,56000
9de0ab8048d0a0eb1d7b011c194d4b911c45de3f,2867.24,116.74,11.451231394,55000,56000
9de0ab8048d0a0eb1d7b011c194d4b911c45de3f,2852.76,115.97,11.408852687,56000,56000
9de0ab8048d0a0eb1d7b011c194d4b911c45de3f,2886.19,117.23,11.558772429,55000,56000
9de0ab8048d0a0eb1d7b011c194d4b911c45de3f,2936.11,120.09,11.726159072,55000,55000
9de0ab8048d0a0eb1d7b011c194d4b911c45de3f,2881.33,118.03,11.520696698,56000,56000
9de0ab8048d0a0eb1d7b011c194d4b911c45de3f,2827.63,114.88,11.307289359,55000,54000
9de0ab8048d0a0eb1d7b011c194d4b911c45de3f,2750.77,111.46,10.994301847,55000,55000
9de0ab8048d0a0eb1d7b011c194d4b911c45de3f,2863.96,116.94,11.424956911,56000,56000
9de0ab8048d0a0eb1d7b011c194d4b911c45de3f,2868.41,116.70,11.468830327,55000,55000
9de0ab8048d0a0eb1d7b011c194d4b911c45de3f,2856.42,115.92,11.435249471,55000,56000
9de0ab8048d0a0eb1d7b011c194d4b911c45de3f,2873.91,116.85,11.523186962,56000,55000
9de0ab8048d0a0eb1d7b011c194d4b911c45de3f,2891.74,117.73,11.570024822,56000,55000
9de0ab8048d0a0eb1d7b011c194d4b911c45de3f,2866.57,116.87,11.469472765,56000,56000
9de0ab8048d0a0eb1d7b011c194d4b911c45de3f,2889.51,117.37,11.589156404,56000,56000
9de0ab8048d0a0eb1d7b011c194d4b911c45de3f,2947.89,120.04,11.808726807,56000,56000
9de0ab8048d0a0eb1d7b011c194d4b911c45de3f,2869.93,117.44,11.467053397,56000,56000
9de0ab8048d0a0eb1d7b011c194d4b911c45de3f,2890.78,118.07,11.555113865,56000,56000
9de0ab8048d0a0eb1d7b011c194d4b911c45de3f,2873.00,116.43,11.499981316,56000,56000
9de0ab8048d0a0eb1d7b011c194d4b911c45de3f,2888.22,117.16,11.557070289,56000,55000
9de0ab8048d0a0eb1d7b011c194d4b911c45de3f,2743.82,111.44,10.976549370,56000,56000
9de0ab8048d0a0eb1d7b011c194d4b911c45de3f,2797.56,113.43,11.197349772,55000,56000
9de0ab8048d0a0eb1d7b011c194d4b911c45de3f,2853.68,116.15,11.441673642,56000,56000
9de0ab8048d0a0eb1d7b011c194d4b911c45de3f,2871.12,117.16,11.485794479,56000,56000
9de0ab8048d0a0eb1d7b011c194d4b911c45de3f,2893.78,118.10,11.560775641,56000,56000
9de0ab8048d0a0eb1d7b011c194d4b911c45de3f,2845.76,115.37,11.389680350,56000,55000
9de0ab8048d0a0eb1d7b011c194d4b911c45de3f,2863.49,117.03,11.453344383,55000,56000
e3de8ba61255693ec13d6a13fef0e279a5cfe26a,2900.99,117.58,11.614759302,56000,56000
e3de8ba61255693ec13d6a13fef0e279a5cfe26a,2841.14,114.81,11.375088205,56000,56000
e3de8ba61255693ec13d6a13fef0e279a5cfe26a,2811.14,114.46,11.231296857,55000,55000
e3de8ba61255693ec13d6a13fef0e279a5cfe26a,2906.33,118.56,11.638398165,55000,56000
e3de8ba61255693ec13d6a13fef0e279a5cfe26a,2921.51,118.47,11.704227611,56000,56000
e3de8ba61255693ec13d6a13fef0e279a5cfe26a,2849.85,116.42,11.388457277,56000,55000
e3de8ba61255693ec13d6a13fef0e279a5cfe26a,2862.44,116.25,11.451806177,56000,56000
e3de8ba61255693ec13d6a13fef0e279a5cfe26a,2889.76,117.56,11.561587700,55000,55000
e3de8ba61255693ec13d6a13fef0e279a5cfe26a,2889.05,117.54,11.565411933,56000,56000
e3de8ba61255693ec13d6a13fef0e279a5cfe26a,2850.29,115.43,11.401570128,56000,56000
e3de8ba61255693ec13d6a13fef0e279a5cfe26a,2823.25,114.96,11.282185261,56000,55000
e3de8ba61255693ec13d6a13fef0e279a5cfe26a,2912.52,118.67,11.652451862,54000,56000
e3de8ba61255693ec13d6a13fef0e279a5cfe26a,2741.70,110.72,10.940135345,56000,56000
e3de8ba61255693ec13d6a13fef0e279a5cfe26a,2881.63,117.65,11.518823293,56000,55000
e3de8ba61255693ec13d6a13fef0e279a5cfe26a,2912.22,118.93,11.650445514,55000,56000
e3de8ba61255693ec13d6a13fef0e279a5cfe26a,2862.04,117.09,11.443289484,56000,56000
e3de8ba61255693ec13d6a13fef0e279a5cfe26a,2848.69,116.12,11.391361870,56000,56000
e3de8ba61255693ec13d6a13fef0e279a5cfe26a,2921.92,119.65,11.691568508,56000,56000
e3de8ba61255693ec13d6a13fef0e279a5cfe26a,2898.44,118.61,11.581050569,56000,56000
e3de8ba61255693ec13d6a13fef0e279a5cfe26a,2837.35,115.27,11.358067532,55000,56000
e3de8ba61255693ec13d6a13fef0e279a5cfe26a,2861.36,116.51,11.459821463,56000,55000
e3de8ba61255693ec13d6a13fef0e279a5cfe26a,2873.97,117.24,11.511916389,56000,56000
e3de8ba61255693ec13d6a13fef0e279a5cfe26a,2895.32,117.40,11.611484554,56000,55000
e3de8ba61255693ec13d6a13fef0e279a5cfe26a,2819.91,114.62,11.278199263,55000,56000
e3de8ba61255693ec13d6a13fef0e279a5cfe26a,2876.69,117.34,11.524125521,55000,55000
e3de8ba61255693ec13d6a13fef0e279a5cfe26a,2843.65,115.98,11.373616576,55000,55000
e3de8ba61255693ec13d6a13fef0e279a5cfe26a,2884.71,117.94,11.521642036,56000,55000
e3de8ba61255693ec13d6a13fef0e279a5cfe26a,2849.90,116.30,11.401367398,55000,55000
e3de8ba61255693ec13d6a13fef0e279a5cfe26a,2919.40,118.87,11.700476141,56000,56000
e3de8ba61255693ec13d6a13fef0e279a5cfe26a,2893.84,117.45,11.618350279,56000,56000
0466e8302719cc9a6fc0bd238a8f4a25d7a5a26b,2924.42,119.22,11.705746072,56000,56000
0466e8302719cc9a6fc0bd238a8f4a25d7a5a26b,2861.44,116.59,11.468416800,55000,55000
0466e8302719cc9a6fc0bd238a8f4a25d7a5a26b,2828.91,115.48,11.294530524,56000,55000
0466e8302719cc9a6fc0bd238a8f4a25d7a5a26b,2919.99,119.00,11.696424331,55000,56000
0466e8302719cc9a6fc0bd238a8f4a25d7a5a26b,2869.75,117.17,11.466207206,56000,55000
0466e8302719cc9a6fc0bd238a8f4a25d7a5a26b,2871.56,116.76,11.495334629,56000,56000
0466e8302719cc9a6fc0bd238a8f4a25d7a5a26b,2850.93,116.29,11.408428141,56000,55000
0466e8302719cc9a6fc0bd238a8f4a25d7a5a26b,2858.39,116.18,11.448284376,56000,56000
0466e8302719cc9a6fc0bd238a8f4a25d7a5a26b,2783.36,112.83,11.137412997,56000,56000
0466e8302719cc9a6fc0bd238a8f4a25d7a5a26b,2912.66,118.50,11.666667070,55000,55000
0466e8302719cc9a6fc0bd238a8f4a25d7a5a26b,2822.35,114.50,11.292046034,55000,56000
0466e8302719cc9a6fc0bd238a8f4a25d7a5a26b,2815.15,113.92,11.242813172,56000,55000
0466e8302719cc9a6fc0bd238a8f4a25d7a5a26b,2914.87,118.85,11.653491084,56000,55000
0466e8302719cc9a6fc0bd238a8f4a25d7a5a26b,2892.88,117.78,11.571629698,56000,56000
0466e8302719cc9a6fc0bd238a8f4a25d7a5a26b,2868.30,116.64,11.474054898,56000,56000
0466e8302719cc9a6fc0bd238a8f4a25d7a5a26b,2865.91,116.76,11.465757005,56000,56000
0466e8302719cc9a6fc0bd238a8f4a25d7a5a26b,2861.28,116.62,11.459386060,56000,56000
0466e8302719cc9a6fc0bd238a8f4a25d7a5a26b,2885.65,117.99,11.512112998,56000,56000
0466e8302719cc9a6fc0bd238a8f4a25d7a5a26b,2883.60,117.25,11.531746540,56000,55000
0466e8302719cc9a6fc0bd238a8f4a25d7a5a26b,2890.98,117.94,11.552572378,56000,55000
0466e8302719cc9a6fc0bd238a8f4a25d7a5a26b,2827.27,115.15,11.307049000,55000,56000
0466e8302719cc9a6fc0bd238a8f4a25d7a5a26b,2834.27,115.79,11.328925987,56000,55000
0466e8302719cc9a6fc0bd238a8f4a25d7a5a26b,2871.76,116.86,11.498380219,56000,55000
0466e8302719cc9a6fc0bd238a8f4a25d7a5a26b,2920.27,118.97,11.695546604,56000,56000
0466e8302719cc9a6fc0bd238a8f4a25d7a5a26b,2871.82,116.54,11.511100431,55000,56000
0466e8302719cc9a6fc0bd238a8f4a25d7a5a26b,2880.56,117.08,11.546458545,55000,56000
0466e8302719cc9a6fc0bd238a8f4a25d7a5a26b,2906.44,118.43,11.655663315,56000,55000
0466e8302719cc9a6fc0bd238a8f4a25d7a5a26b,2851.40,116.58,11.404617543,56000,55000
0466e8302719cc9a6fc0bd238a8f4a25d7a5a26b,2867.74,116.18,11.463776923,56000,56000
0466e8302719cc9a6fc0bd238a8f4a25d7a5a26b,2879.57,117.24,11.530361488,55000,56000
8bd062afaf5fafa8028de407fb60605b99432993,2755.05,111.14,11.008946025,56000,55000
8bd062afaf5fafa8028de407fb60605b99432993,2872.89,117.07,11.490992511,56000,56000
8bd062afaf5fafa8028de407fb60605b99432993,2882.25,117.17,11.508546204,56000,55000
8bd062afaf5fafa8028de407fb60605b99432993,2870.50,116.88,11.474160361,56000,56000
8bd062afaf5fafa8028de407fb60605b99432993,2864.21,116.06,11.471258733,56000,56000
8bd062afaf5fafa8028de407fb60605b99432993,2878.55,117.07,11.527990424,56000,56000
8bd062afaf5fafa8028de407fb60605b99432993,2851.24,116.03,11.393926222,56000,55000
8bd062afaf5fafa8028de407fb60605b99432993,2888.44,117.81,11.547508649,56000,55000
8bd062afaf5fafa8028de407fb60605b99432993,2874.51,117.35,11.493679280,56000,55000
8bd062afaf5fafa8028de407fb60605b99432993,2860.35,116.80,11.430194778,57000,56000
8bd062afaf5fafa8028de407fb60605b99432993,2879.16,117.30,11.503899743,56000,55000
8bd062afaf5fafa8028de407fb60605b99432993,2933.61,119.50,11.736032258,55000,55000
8bd062afaf5fafa8028de407fb60605b99432993,2862.85,117.26,11.446581229,56000,55000
8bd062afaf5fafa8028de407fb60605b99432993,2880.86,117.64,11.526330392,56000,55000
8bd062afaf5fafa8028de407fb60605b99432993,2917.70,118.82,11.681821556,56000,56000
8bd062afaf5fafa8028de407fb60605b99432993,2860.28,116.73,11.419567667,56000,55000
8bd062afaf5fafa8028de407fb60605b99432993,2873.90,117.23,11.491517347,56000,56000
8bd062afaf5fafa8028de407fb60605b99432993,2842.35,115.06,11.385451600,55000,55000
8bd062afaf5fafa8028de407fb60605b99432993,2812.18,114.23,11.242176379,56000,56000
8bd062afaf5fafa8028de407fb60605b99432993,2894.70,118.09,11.576474030,56000,55000
8bd062afaf5fafa8028de407fb60605b99432993,2857.03,116.24,11.423272433,56000,56000
8bd062afaf5fafa8028de407fb60605b99432993,2848.91,116.16,11.401023341,56000,55000
8bd062afaf5fafa8028de407fb60605b99432993,2865.22,116.79,11.460488241,55000,56000
8bd062afaf5fafa8028de407fb60605b99432993,2882.29,117.49,11.519621583,54000,55000
8bd062afaf5fafa8028de407fb60605b99432993,2905.04,118.45,11.643933014,55000,56000
8bd062afaf5fafa8028de407fb60605b99432993,2829.02,114.99,11.309128373,56000,56000
8bd062afaf5fafa8028de407fb60605b99432993,2784.47,112.52,11.120940545,55000,55000
8bd062afaf5fafa8028de407fb60605b99432993,2860.01,116.30,11.451348964,56000,56000
8bd062afaf5fafa8028de407fb60605b99432993,2845.92,116.43,11.404495446,54000,55000
8bd062afaf5fafa8028de407fb60605b99432993,2872.17,117.38,11.496173781,56000,55000
4830cd391650b830318300adc146919c7c02f5ca,2888.43,117.87,11.548870660,54000,56000
4830cd391650b830318300adc146919c7c02f5ca,2836.84,115.52,11.346526331,56000,56000
4830cd391650b830318300adc146919c7c02f5ca,2850.23,116.06,11.422835685,56000,55000
4830cd391650b830318300adc146919c7c02f5ca,2821.86,114.84,11.275900791,56000,56000
4830cd391650b830318300adc146919c7c02f5ca,2862.96,116.46,11.446251812,55000,55000
4830cd391650b830318300adc146919c7c02f5ca,2863.88,116.87,11.446228951,56000,56000
4830cd391650b830318300adc146919c7c02f5ca,2826.94,115.25,11.310482124,56000,55000
4830cd391650b830318300adc146919c7c02f5ca,2866.85,116.99,11.465312764,55000,56000
4830cd391650b830318300adc146919c7c02f5ca,2740.23,110.43,10.967840229,55000,56000
4830cd391650b830318300adc146919c7c02f5ca,2861.38,116.36,11.455969888,56000,55000
4830cd391650b830318300adc146919c7c02f5ca,2887.28,117.80,11.525023113,55000,56000
4830cd391650b830318300adc146919c7c02f5ca,2860.24,116.01,11.459588182,56000,55000
4830cd391650b830318300adc146919c7c02f5ca,2886.78,117.27,11.541230839,55000,56000
4830cd391650b830318300adc146919c7c02f5ca,2800.02,113.23,11.193107294,56000,56000
4830cd391650b830318300adc146919c7c02f5ca,2871.19,117.23,11.453558523,55000,55000
4830cd391650b830318300adc146919c7c02f5ca,2847.20,116.23,11.399678163,56000,56000
4830cd391650b830318300adc146919c7c02f5ca,2713.66,109.62,10.851724786,56000,55000
4830cd391650b830318300adc146919c7c02f5ca,2802.94,113.32,11.205911264,56000,56000
4830cd391650b830318300adc146919c7c02f5ca,2885.58,117.42,11.537618105,56000,56000
4830cd391650b830318300adc146919c7c02f5ca,2879.39,117.40,11.526785061,55000,56000
4830cd391650b830318300adc146919c7c02f5ca,2885.05,117.21,11.538881325,56000,55000
4830cd391650b830318300adc146919c7c02f5ca,2879.26,117.41,11.507510376,55000,55000
4830cd391650b830318300adc146919c7c02f5ca,2814.16,113.85,11.254616220,56000,56000
4830cd391650b830318300adc146919c7c02f5ca,2900.13,117.43,11.623882318,56000,56000
4830cd391650b830318300adc146919c7c02f5ca,2849.59,115.47,11.400354056,56000,56000
4830cd391650b830318300adc146919c7c02f5ca,2828.64,115.17,11.344905922,56000,56000
4830cd391650b830318300adc146919c7c02f5ca,2880.29,117.42,11.529244172,55000,54000
4830cd391650b830318300adc146919c7c02f5ca,2864.93,116.78,11.458876763,54000,56000
4830cd391650b830318300adc146919c7c02f5ca,2844.44,115.58,11.397918927,55000,55000
4830cd391650b830318300adc146919c7c02f5ca,2883.59,117.75,11.542788085,56000,56000
c3e80bfc19b844d59c9260f4aaed992b5975e409,2849.27,115.53,11.400808158,56000,56000
c3e80bfc19b844d59c9260f4aaed992b5975e409,2872.95,116.95,11.508759281,56000,56000
c3e80bfc19b844d59c9260f4aaed992b5975e409,2855.51,116.28,11.422085706,56000,56000
c3e80bfc19b844d59c9260f4aaed992b5975e409,2877.44,117.27,11.494939898,56000,56000
c3e80bfc19b844d59c9260f4aaed992b5975e409,2831.86,115.56,11.339803842,56000,56000
c3e80bfc19b844d59c9260f4aaed992b5975e409,2949.60,120.20,11.796367243,56000,56000
c3e80bfc19b844d59c9260f4aaed992b5975e409,2815.77,114.46,11.269664033,56000,56000
c3e80bfc19b844d59c9260f4aaed992b5975e409,2870.67,116.59,11.485709553,56000,55000
c3e80bfc19b844d59c9260f4aaed992b5975e409,2858.65,116.39,11.441561522,56000,55000
c3e80bfc19b844d59c9260f4aaed992b5975e409,2867.33,116.98,11.466675767,56000,56000
c3e80bfc19b844d59c9260f4aaed992b5975e409,2882.23,116.88,11.537468388,56000,56000
c3e80bfc19b844d59c9260f4aaed992b5975e409,2859.47,116.52,11.425986540,56000,55000
c3e80bfc19b844d59c9260f4aaed992b5975e409,2847.30,115.61,11.420545733,56000,56000
c3e80bfc19b844d59c9260f4aaed992b5975e409,2883.83,117.10,11.547453464,56000,55000
c3e80bfc19b844d59c9260f4aaed992b5975e409,2826.83,115.06,11.308305205,56000,56000
c3e80bfc19b844d59c9260f4aaed992b5975e409,2887.94,117.50,11.551922593,55000,56000
c3e80bfc19b844d59c9260f4aaed992b5975e409,2845.40,115.82,11.359614575,56000,56000
c3e80bfc19b844d59c9260f4aaed992b5975e409,2875.88,117.04,11.500525809,56000,55000
c3e80bfc19b844d59c9260f4aaed992b5975e409,2895.62,117.37,11.593757003,56000,56000
c3e80bfc19b844d59c9260f4aaed992b5975e409,2913.52,119.06,11.638952828,55000,56000
c3e80bfc19b844d59c9260f4aaed992b5975e409,2837.45,114.88,11.356543718,56000,56000
c3e80bfc19b844d59c9260f4aaed992b5975e409,2862.32,116.81,11.461487808,57000,56000
c3e80bfc19b844d59c9260f4aaed992b5975e409,2829.88,115.71,11.308230752,55000,56000
c3e80bfc19b844d59c9260f4aaed992b5975e409,2895.74,117.46,11.613555048,56000,55000
c3e80bfc19b844d59c9260f4aaed992b5975e409,2846.36,116.11,11.395545414,56000,56000
c3e80bfc19b844d59c9260f4aaed992b5975e409,2836.37,115.30,11.340694831,56000,55000
c3e80bfc19b844d59c9260f4aaed992b5975e409,2846.91,115.73,11.415328618,54000,56000
c3e80bfc19b844d59c9260f4aaed992b5975e409,2766.98,112.03,11.078580034,56000,55000
c3e80bfc19b844d59c9260f4aaed992b5975e409,2894.89,118.20,11.588633599,56000,55000
c3e80bfc19b844d59c9260f4aaed992b5975e409,2828.84,115.01,11.353973227,56000,56000
a1993dea2ccbe3899ea808e4dc7bcd6c945d73c5,2820.69,114.38,11.292455984,56000,55000
a1993dea2ccbe3899ea808e4dc7bcd6c945d73c5,2875.38,116.85,11.500226625,56000,55000
a1993dea2ccbe3899ea808e4dc7bcd6c945d73c5,2876.18,117.09,11.515159185,55000,56000
a1993dea2ccbe3899ea808e4dc7bcd6c945d73c5,2862.77,116.46,11.459353201,56000,56000
a1993dea2ccbe3899ea808e4dc7bcd6c945d73c5,2857.81,115.92,11.434295017,56000,56000
a1993dea2ccbe3899ea808e4dc7bcd6c945d73c5,2912.34,118.67,11.650922419,56000,56000
a1993dea2ccbe3899ea808e4dc7bcd6c945d73c5,2863.60,116.84,11.458930822,55000,55000
a1993dea2ccbe3899ea808e4dc7bcd6c945d73c5,2861.13,116.60,11.436267699,56000,56000
a1993dea2ccbe3899ea808e4dc7bcd6c945d73c5,2876.67,117.10,11.522721873,56000,56000
a1993dea2ccbe3899ea808e4dc7bcd6c945d73c5,2877.11,117.47,11.510161350,56000,55000
a1993dea2ccbe3899ea808e4dc7bcd6c945d73c5,2870.78,116.87,11.485140634,55000,56000
a1993dea2ccbe3899ea808e4dc7bcd6c945d73c5,2858.28,116.42,11.415332714,56000,56000
a1993dea2ccbe3899ea808e4dc7bcd6c945d73c5,2790.38,113.34,11.175254416,55000,56000
a1993dea2ccbe3899ea808e4dc7bcd6c945d73c5,2919.37,119.42,11.663428639,56000,56000
a1993dea2ccbe3899ea808e4dc7bcd6c945d73c5,2931.19,119.47,11.728546080,56000,56000
a1993dea2ccbe3899ea808e4dc7bcd6c945d73c5,2828.36,114.20,11.344613348,56000,56000
a1993dea2ccbe3899ea808e4dc7bcd6c945d73c5,2782.75,112.91,11.143182342,56000,56000
a1993dea2ccbe3899ea808e4dc7bcd6c945d73c5,2835.42,114.91,11.363959022,55000,55000
a1993dea2ccbe3899ea808e4dc7bcd6c945d73c5,2876.44,117.50,11.466931777,56000,56000
a1993dea2ccbe3899ea808e4dc7bcd6c945d73c5,2851.02,116.07,11.395237999,56000,56000
a1993dea2ccbe3899ea808e4dc7bcd6c945d73c5,2888.86,117.98,11.576180011,56000,56000
a1993dea2ccbe3899ea808e4dc7bcd6c945d73c5,2939.67,120.10,11.772840265,56000,56000
a1993dea2ccbe3899ea808e4dc7bcd6c945d73c5,2877.49,117.15,11.512601232,55000,56000
a1993dea2ccbe3899ea808e4dc7bcd6c945d73c5,2831.33,115.15,11.325990033,56000,55000
a1993dea2ccbe3899ea808e4dc7bcd6c945d73c5,2859.19,116.08,11.451919409,56000,56000
a1993dea2ccbe3899ea808e4dc7bcd6c945d73c5,2872.85,116.67,11.507579729,56000,55000
a1993dea2ccbe3899ea808e4dc7bcd6c945d73c5,2891.74,117.62,11.564950707,56000,55000
a1993dea2ccbe3899ea808e4dc7bcd6c945d73c5,2878.96,116.69,11.532877600,55000,56000
a1993dea2ccbe3899ea808e4dc7bcd6c945d73c5,2862.30,116.10,11.454788194,55000,56000
a1993dea2ccbe3899ea808e4dc7bcd6c945d73c5,2794.06,113.82,11.177821057,56000,55000
04fbd62b373ae4ca77118a44ae76947ec85dbc94,2887.15,117.29,11.547672144,56000,56000
04fbd62b373ae4ca77118a44ae76947ec85dbc94,2853.22,116.22,11.430565542,56000,56000
04fbd62b373ae4ca77118a44ae76947ec85dbc94,2888.48,117.99,11.518196372,55000,55000
04fbd62b373ae4ca77118a44ae76947ec85dbc94,2863.30,116.41,11.465686209,56000,56000
04fbd62b373ae4ca77118a44ae76947ec85dbc94,2867.93,116.86,11.482622556,55000,56000
04fbd62b373ae4ca77118a44ae76947ec85dbc94,2951.49,120.68,11.805004466,56000,56000
04fbd62b373ae4ca77118a44ae76947ec85dbc94,2858.99,116.63,11.438866468,56000,55000
04fbd62b373ae4ca77118a44ae76947ec85dbc94,2896.67,117.74,11.602658315,56000,56000
04fbd62b373ae4ca77118a44ae76947ec85dbc94,2871.67,116.45,11.506576107,56000,56000
04fbd62b373ae4ca77118a44ae76947ec85dbc94,2862.71,116.13,11.447634410,56000,57000
04fbd62b373ae4ca77118a44ae76947ec85dbc94,2749.67,111.22,10.999034572,56000,55000
04fbd62b373ae4ca77118a44ae76947ec85dbc94,2836.36,115.23,11.353083822,56000,55000
04fbd62b373ae4ca77118a44ae76947ec85dbc94,2884.93,117.66,11.542364989,56000,56000
04fbd62b373ae4ca77118a44ae76947ec85dbc94,2871.94,117.08,11.490846522,56000,55000
04fbd62b373ae4ca77118a44ae76947ec85dbc94,2895.46,118.37,11.582314310,55000,55000
04fbd62b373ae4ca77118a44ae76947ec85dbc94,2883.91,117.57,11.538703963,56000,56000
04fbd62b373ae4ca77118a44ae76947ec85dbc94,2800.23,113.39,11.221429389,56000,55000
04fbd62b373ae4ca77118a44ae76947ec85dbc94,2906.66,119.03,11.606640825,56000,55000
04fbd62b373ae4ca77118a44ae76947ec85dbc94,2837.43,115.69,11.339187974,56000,56000
04fbd62b373ae4ca77118a44ae76947ec85dbc94,2888.00,117.90,11.554564782,55000,56000
04fbd62b373ae4ca77118a44ae76947ec85dbc94,2817.16,115.11,11.276468467,56000,56000
04fbd62b373ae4ca77118a44ae76947ec85dbc94,2845.59,115.48,11.385486196,56000,56000
04fbd62b373ae4ca77118a44ae76947ec85dbc94,2861.86,116.65,11.447313117,56000,56000
04fbd62b373ae4ca77118a44ae76947ec85dbc94,2857.95,116.44,11.457653268,56000,55000
04fbd62b373ae4ca77118a44ae76947ec85dbc94,2911.70,118.77,11.648067305,55000,56000
04fbd62b373ae4ca77118a44ae76947ec85dbc94,2813.24,114.18,11.265846492,56000,56000
04fbd62b373ae4ca77118a44ae76947ec85dbc94,2838.83,115.25,11.354961102,56000,56000
04fbd62b373ae4ca77118a44ae76947ec85dbc94,2879.81,117.03,11.528285677,55000,56000
04fbd62b373ae4ca77118a44ae76947ec85dbc94,2878.48,117.56,11.530601040,55000,56000
04fbd62b373ae4ca77118a44ae76947ec85dbc94,2805.56,114.47,11.234552523,56000,55000
2e6e5a217dd39325d385e75d2a18d225835b6d73,2901.73,117.78,11.638083564,55000,56000
2e6e5a217dd39325d385e75d2a18d225835b6d73,2884.57,117.23,11.544249393,56000,55000
2e6e5a217dd39325d385e75d2a18d225835b6d73,2863.18,116.70,11.454746174,56000,55000
2e6e5a217dd39325d385e75d2a18d225835b6d73,2841.41,115.92,11.351884968,55000,56000
2e6e5a217dd39325d385e75d2a18d225835b6d73,2863.58,116.66,11.456130934,56000,55000
2e6e5a217dd39325d385e75d2a18d225835b6d73,2835.54,115.71,11.350383670,55000,55000
2e6e5a217dd39325d385e75d2a18d225835b6d73,2877.41,117.18,11.510303642,55000,56000
2e6e5a217dd39325d385e75d2a18d225835b6d73,2869.22,116.46,11.489079581,56000,56000
2e6e5a217dd39325d385e75d2a18d225835b6d73,2748.92,111.41,10.989072675,56000,55000
2e6e5a217dd39325d385e75d2a18d225835b6d73,2892.97,117.94,11.574035596,56000,56000
2e6e5a217dd39325d385e75d2a18d225835b6d73,2806.05,114.20,11.218073491,56000,56000
2e6e5a217dd39325d385e75d2a18d225835b6d73,2904.09,118.26,11.617677666,56000,55000
2e6e5a217dd39325d385e75d2a18d225835b6d73,2902.80,118.33,11.612083866,56000,55000
2e6e5a217dd39325d385e75d2a18d225835b6d73,2879.68,116.79,11.529297026,56000,55000
2e6e5a217dd39325d385e75d2a18d225835b6d73,2845.55,115.93,11.355548658,56000,55000
2e6e5a217dd39325d385e75d2a18d225835b6d73,2853.58,115.68,11.419018927,55000,56000
2e6e5a217dd39325d385e75d2a18d225835b6d73,2860.95,116.79,11.456426512,55000,55000
2e6e5a217dd39325d385e75d2a18d225835b6d73,2912.12,118.66,11.637501493,56000,55000
2e6e5a217dd39325d385e75d2a18d225835b6d73,2870.75,116.75,11.484614331,55000,56000
2e6e5a217dd39325d385e75d2a18d225835b6d73,2879.89,117.87,11.523012148,55000,55000
2e6e5a217dd39325d385e75d2a18d225835b6d73,2900.70,118.42,11.607713431,56000,56000
2e6e5a217dd39325d385e75d2a18d225835b6d73,2868.86,117.06,11.482409220,56000,56000
2e6e5a217dd39325d385e75d2a18d225835b6d73,2913.80,118.97,11.662994026,56000,56000
2e6e5a217dd39325d385e75d2a18d225835b6d73,2829.51,114.88,11.334220829,56000,56000
2e6e5a217dd39325d385e75d2a18d225835b6d73,2825.23,114.89,11.291194587,55000,56000
2e6e5a217dd39325d385e75d2a18d225835b6d73,2872.28,117.38,11.493431554,56000,55000
2e6e5a217dd39325d385e75d2a18d225835b6d73,2888.26,117.98,11.583321747,56000,56000
2e6e5a217dd39325d385e75d2a18d225835b6d73,2869.43,117.38,11.474285740,55000,56000
2e6e5a217dd39325d385e75d2a18d225835b6d73,2876.51,117.31,11.499744718,56000,56000
2e6e5a217dd39325d385e75d2a18d225835b6d73,2883.21,117.71,11.545347268,55000,55000
395b02cd608549c557a1136c7a0ed5f00a0d4aac,2848.25,115.65,11.405282134,55000,56000
395b02cd608549c557a1136c7a0ed5f00a0d4aac,2794.13,113.41,11.164888126,56000,56000
395b02cd608549c557a1136c7a0ed5f00a0d4aac,2883.45,117.07,11.527590148,55000,56000
395b02cd608549c557a1136c7a0ed5f00a0d4aac,2780.39,112.78,11.138384623,56000,56000
395b02cd608549c557a1136c7a0ed5f00a0d4aac,2908.14,118.68,11.617254045,56000,56000
395b02cd608549c557a1136c7a0ed5f00a0d4aac,2825.41,114.97,11.311533628,56000,56000
395b02cd608549c557a1136c7a0ed5f00a0d4aac,2888.46,117.68,11.537931441,56000,56000
395b02cd608549c557a1136c7a0ed5f00a0d4aac,2901.73,118.29,11.590944987,56000,56000
395b02cd608549c557a1136c7a0ed5f00a0d4aac,2870.60,116.71,11.483453943,56000,56000
395b02cd608549c557a1136c7a0ed5f00a0d4aac,2887.41,117.38,11.547285001,55000,56000
395b02cd608549c557a1136c7a0ed5f00a0d4aac,2801.73,114.08,11.208539162,56000,55000
395b02cd608549c557a1136c7a0ed5f00a0d4aac,2887.15,117.85,11.573555586,56000,56000
395b02cd608549c557a1136c7a0ed5f00a0d4aac,2893.79,117.41,11.579052648,55000,56000
395b02cd608549c557a1136c7a0ed5f00a0d4aac,2876.07,117.07,11.514715737,56000,55000
395b02cd608549c557a1136c7a0ed5f00a0d4aac,2837.43,115.13,11.337723423,56000,56000
395b02cd608549c557a1136c7a0ed5f00a0d4aac,2857.51,116.52,11.436424884,55000,56000
395b02cd608549c557a1136c7a0ed5f00a0d4aac,2904.95,118.55,11.649193170,56000,55000
395b02cd608549c557a1136c7a0ed5f00a0d4aac,2831.80,115.02,11.333211706,56000,56000
395b02cd608549c557a1136c7a0ed5f00a0d4aac,2817.81,114.55,11.239000081,56000,56000
395b02cd608549c557a1136c7a0ed5f00a0d4aac,2893.34,118.15,11.575605014,56000,56000
395b02cd608549c557a1136c7a0ed5f00a0d4aac,2838.23,116.61,11.315150382,56000,55000
395b02cd608549c557a1136c7a0ed5f00a0d4aac,2884.67,117.47,11.521047337,56000,55000
395b02cd608549c557a1136c7a0ed5f00a0d4aac,2873.22,116.83,11.481959112,55000,55000
395b02cd608549c557a1136c7a0ed5f00a0d4aac,2854.55,116.08,11.437291783,56000,56000
395b02cd608549c557a1136c7a0ed5f00a0d4aac,2934.43,119.56,11.741452169,56000,55000
395b02cd608549c557a1136c7a0ed5f00a0d4aac,2849.42,115.62,11.411436849,56000,55000
395b02cd608549c557a1136c7a0ed5f00a0d4aac,2862.47,116.93,11.442800656,56000,55000
395b02cd608549c557a1136c7a0ed5f00a0d4aac,2899.13,118.26,11.602144748,56000,56000
395b02cd608549c557a1136c7a0ed5f00a0d4aac,2849.50,115.93,11.430806390,54000,56000
395b02cd608549c557a1136c7a0ed5f00a0d4aac,2838.20,115.61,11.357175169,55000,55000
aa0af0e8bf4e29fefa6bf074533fff266c38d566,2845.52,115.58,11.410785233,56000,56000
aa0af0e8bf4e29fefa6bf074533fff266c38d566,2876.31,117.11,11.501719478,56000,55000
aa0af0e8bf4e29fefa6bf074533fff266c38d566,2844.48,115.55,11.378629408,55000,56000
aa0af0e8bf4e29fefa6bf074533fff266c38d566,2848.42,115.84,11.407000809,55000,55000
aa0af0e8bf4e29fefa6bf074533fff266c38d566,2877.70,116.89,11.540166922,56000,56000
aa0af0e8bf4e29fefa6bf074533fff266c38d566,2875.05,116.70,11.521600960,55000,56000
aa0af0e8bf4e29fefa6bf074533fff266c38d566,2878.33,117.25,11.515095235,55000,56000
aa0af0e8bf4e29fefa6bf074533fff266c38d566,2895.90,118.26,11.594845394,56000,56000
aa0af0e8bf4e29fefa6bf074533fff266c38d566,2836.60,115.28,11.348583653,56000,56000
aa0af0e8bf4e29fefa6bf074533fff266c38d566,2877.15,117.06,11.517543536,56000,56000
aa0af0e8bf4e29fefa6bf074533fff266c38d566,2800.38,113.64,11.214054566,56000,56000
aa0af0e8bf4e29fefa6bf074533fff266c38d566,2805.19,113.54,11.240209948,55000,55000
aa0af0e8bf4e29fefa6bf074533fff266c38d566,2873.28,116.88,11.487741446,56000,56000
aa0af0e8bf4e29fefa6bf074533fff266c38d566,2917.17,118.81,11.659510846,56000,56000
aa0af0e8bf4e29fefa6bf074533fff266c38d566,2864.81,116.47,11.455298476,56000,56000
aa0af0e8bf4e29fefa6bf074533fff266c38d566,2804.48,113.77,11.236494522,56000,56000
aa0af0e8bf4e29fefa6bf074533fff266c38d566,2868.41,117.06,11.470539960,55000,56000
aa0af0e8bf4e29fefa6bf074533fff266c38d566,2889.47,117.54,11.563794283,56000,56000
aa0af0e8bf4e29fefa6bf074533fff266c38d566,2787.87,112.89,11.133790535,55000,56000
aa0af0e8bf4e29fefa6bf074533fff266c38d566,2903.90,118.17,11.630585424,55000,56000
aa0af0e8bf4e29fefa6bf074533fff266c38d566,2920.71,119.49,11.671557843,55000,55000
aa0af0e8bf4e29fefa6bf074533fff266c38d566,2854.08,116.67,11.406873866,55000,56000
aa0af0e8bf4e29fefa6bf074533fff266c38d566,2840.58,115.94,11.355943758,56000,56000
aa0af0e8bf4e29fefa6bf074533fff266c38d566,2835.84,115.32,11.350524237,55000,56000
aa0af0e8bf4e29fefa6bf074533fff266c38d566,2822.30,114.45,11.292882373,56000,55000
aa0af0e8bf4e29fefa6bf074533fff266c38d566,2906.96,118.02,11.640177573,56000,56000
aa0af0e8bf4e29fefa6bf074533fff266c38d566,2817.71,114.56,11.266038259,56000,56000
aa0af0e8bf4e29fefa6bf074533fff266c38d566,2857.11,116.73,11.444423806,55000,55000
aa0af0e8bf4e29fefa6bf074533fff266c38d566,2875.25,116.73,11.492848862,56000,55000
aa0af0e8bf4e29fefa6bf074533fff266c38d566,2823.08,115.36,11.294589217,56000,56000
9fbadf145c18e7682c0f4fda8c82a8d059eca214,2856.77,116.33,11.414011917,55000,55000
9fbadf145c18e7682c0f4fda8c82a8d059eca214,2873.95,117.10,11.485284142,55000,55000
9fbadf145c18e7682c0f4fda8c82a8d059eca214,2852.10,115.89,11.414785752,56000,56000
9fbadf145c18e7682c0f4fda8c82a8d059eca214,2881.31,116.75,11.551981718,56000,56000
9fbadf145c18e7682c0f4fda8c82a8d059eca214,2932.50,119.30,11.745342183,56000,56000
9fbadf145c18e7682c0f4fda8c82a8d059eca214,2926.31,118.98,11.716034121,56000,55000
9fbadf145c18e7682c0f4fda8c82a8d059eca214,2882.32,117.26,11.535737703,56000,55000
9fbadf145c18e7682c0f4fda8c82a8d059eca214,2847.52,115.73,11.408788830,56000,56000
9fbadf145c18e7682c0f4fda8c82a8d059eca214,2836.56,115.22,11.344489559,56000,56000
9fbadf145c18e7682c0f4fda8c82a8d059eca214,2899.88,118.61,11.602916378,55000,56000
9fbadf145c18e7682c0f4fda8c82a8d059eca214,2807.08,114.03,11.216354944,56000,56000
9fbadf145c18e7682c0f4fda8c82a8d059eca214,2878.12,116.52,11.544599345,56000,55000
9fbadf145c18e7682c0f4fda8c82a8d059eca214,2823.61,115.33,11.306098902,55000,55000
9fbadf145c18e7682c0f4fda8c82a8d059eca214,2830.55,115.59,11.310849846,56000,56000
9fbadf145c18e7682c0f4fda8c82a8d059eca214,2928.54,119.45,11.735390917,55000,56000
9fbadf145c18e7682c0f4fda8c82a8d059eca214,2873.60,117.02,11.489301862,56000,55000
9fbadf145c18e7682c0f4fda8c82a8d059eca214,2891.51,117.96,11.601415110,55000,56000
9fbadf145c18e7682c0f4fda8c82a8d059eca214,2921.15,118.96,11.694250529,56000,55000
9fbadf145c18e7682c0f4fda8c82a8d059eca214,2855.92,115.87,11.439357878,56000,56000
9fbadf145c18e7682c0f4fda8c82a8d059eca214,2896.82,118.22,11.589610993,55000,56000
9fbadf145c18e7682c0f4fda8c82a8d059eca214,2879.46,117.04,11.536698761,56000,56000
9fbadf145c18e7682c0f4fda8c82a8d059eca214,2785.57,112.38,11.158536970,56000,55000
9fbadf145c18e7682c0f4fda8c82a8d059eca214,2916.56,118.44,11.680885251,56000,56000
9fbadf145c18e7682c0f4fda8c82a8d059eca214,2877.38,117.31,11.515840012,56000,55000
9fbadf145c18e7682c0f4fda8c82a8d059eca214,2852.70,116.30,11.409232655,55000,56000
9fbadf145c18e7682c0f4fda8c82a8d059eca214,2847.27,115.88,11.399181052,55000,56000
9fbadf145c18e7682c0f4fda8c82a8d059eca214,2904.22,118.61,11.624100675,56000,55000
9fbadf145c18e7682c0f4fda8c82a8d059eca214,2806.35,114.69,11.229155387,56000,56000
9fbadf145c18e7682c0f4fda8c82a8d059eca214,2837.67,115.36,11.361851784,55000,56000
9fbadf145c18e7682c0f4fda8c82a8d059eca214,2889.87,118.35,11.554618577,56000,55000
7e5b4237d7a85e37140e1fe8b61b625b37b8bd55,2878.96,116.89,11.531741637,56000,55000
7e5b4237d7a85e37140e1fe8b61b625b37b8bd55,2775.14,112.12,11.100268775,56000,55000
7e5b4237d7a85e37140e1fe8b61b625b37b8bd55,2887.05,117.36,11.555616971,56000,56000
7e5b4237d7a85e37140e1fe8b61b625b37b8bd55,2892.90,117.66,11.570631370,56000,56000
7e5b4237d7a85e37140e1fe8b61b625b37b8bd55,2748.44,111.27,10.984207145,55000,56000
7e5b4237d7a85e37140e1fe8b61b625b37b8bd55,2953.94,120.28,11.832358136,56000,55000
7e5b4237d7a85e37140e1fe8b61b625b37b8bd55,2863.70,117.04,11.443842825,56000,55000
7e5b4237d7a85e37140e1fe8b61b625b37b8bd55,2861.05,116.94,11.436718291,56000,56000
7e5b4237d7a85e37140e1fe8b61b625b37b8bd55,2895.62,118.42,11.573159314,56000,55000
7e5b4237d7a85e37140e1fe8b61b625b37b8bd55,2876.17,117.24,11.481855393,56000,56000
7e5b4237d7a85e37140e1fe8b61b625b37b8bd55,2903.84,117.89,11.628456537,55000,56000
7e5b4237d7a85e37140e1fe8b61b625b37b8bd55,2878.16,116.81,11.537210844,55000,55000
7e5b4237d7a85e37140e1fe8b61b625b37b8bd55,2857.14,116.31,11.431467743,56000,56000
7e5b4237d7a85e37140e1fe8b61b625b37b8bd55,2853.93,115.86,11.404535004,55000,56000
7e5b4237d7a85e37140e1fe8b61b625b37b8bd55,2895.98,117.98,11.592140780,56000,56000
7e5b4237d7a85e37140e1fe8b61b625b37b8bd55,2817.80,114.50,11.273687733,56000,55000
7e5b4237d7a85e37140e1fe8b61b625b37b8bd55,2895.92,118.18,11.607755115,56000,56000
7e5b4237d7a85e37140e1fe8b61b625b37b8bd55,2834.04,115.08,11.349445487,56000,55000
7e5b4237d7a85e37140e1fe8b61b625b37b8bd55,2859.60,116.86,11.405322683,56000,55000
7e5b4237d7a85e37140e1fe8b61b625b37b8bd55,2836.66,115.78,11.347177320,55000,56000
7e5b4237d7a85e37140e1fe8b61b625b37b8bd55,2833.98,115.07,11.342190082,56000,55000
7e5b4237d7a85e37140e1fe8b61b625b37b8bd55,2877.63,117.84,11.527541952,55000,56000
7e5b4237d7a85e37140e1fe8b61b625b37b8bd55,2888.50,117.16,11.572051176,56000,56000
7e5b4237d7a85e37140e1fe8b61b625b37b8bd55,2903.12,117.97,11.614414924,56000,56000
7e5b4237d7a85e37140e1fe8b61b625b37b8bd55,2905.27,117.95,11.640956453,56000,55000
7e5b4237d7a85e37140e1fe8b61b625b37b8bd55,2760.19,111.86,11.058820033,56000,56000
7e5b4237d7a85e37140e1fe8b61b625b37b8bd55,2851.80,116.09,11.407413322,55000,56000
7e5b4237d7a85e37140e1fe8b61b625b37b8bd55,2845.64,116.11,11.397029626,55000,56000
7e5b4237d7a85e37140e1fe8b61b625b37b8bd55,2885.22,117.70,11.539544851,56000,56000
7e5b4237d7a85e37140e1fe8b61b625b37b8bd55,2820.69,114.88,11.304257248,56000,56000
28a9dda0093c86b9bc99ccc45e660f42effe9865,2794.85,113.55,11.189281961,57000,57000
28a9dda0093c86b9bc99ccc45e660f42effe9865,2833.79,115.62,11.315244920,55000,56000
28a9dda0093c86b9bc99ccc45e660f42effe9865,2812.46,114.24,11.265155237,56000,56000
28a9dda0093c86b9bc99ccc45e660f42effe9865,2823.14,114.48,11.266272068,56000,56000
28a9dda0093c86b9bc99ccc45e660f42effe9865,2800.75,114.21,11.186246409,56000,56000
28a9dda0093c86b9bc99ccc45e660f42effe9865,2855.45,116.41,11.403361371,56000,55000
28a9dda0093c86b9bc99ccc45e660f42effe9865,2874.44,116.71,11.500222249,56000,56000
28a9dda0093c86b9bc99ccc45e660f42effe9865,2746.87,111.04,10.983142319,56000,56000
28a9dda0093c86b9bc99ccc45e660f42effe9865,2857.08,116.86,11.429760787,55000,56000
28a9dda0093c86b9bc99ccc45e660f42effe9865,2801.51,113.68,11.201843977,56000,56000
28a9dda0093c86b9bc99ccc45e660f42effe9865,2821.23,115.26,11.267360443,56000,56000
28a9dda0093c86b9bc99ccc45e660f42effe9865,2801.21,114.20,11.186878980,56000,55000
28a9dda0093c86b9bc99ccc45e660f42effe9865,2871.17,117.17,11.480341602,55000,56000
28a9dda0093c86b9bc99ccc45e660f42effe9865,2796.64,113.46,11.191055816,56000,56000
28a9dda0093c86b9bc99ccc45e660f42effe9865,2851.93,116.76,11.389249441,56000,56000
28a9dda0093c86b9bc99ccc45e660f42effe9865,2899.95,118.05,11.592231903,56000,56000
28a9dda0093c86b9bc99ccc45e660f42effe9865,2830.59,115.30,11.301064481,56000,56000
28a9dda0093c86b9bc99ccc45e660f42effe9865,2738.12,111.26,10.924158269,56000,56000
28a9dda0093c86b9bc99ccc45e660f42effe9865,2846.24,116.28,11.354096812,56000,55000
28a9dda0093c86b9bc99ccc45e660f42effe9865,2830.86,115.78,11.322187909,56000,56000
28a9dda0093c86b9bc99ccc45e660f42effe9865,2842.32,115.94,11.389571887,56000,56000
28a9dda0093c86b9bc99ccc45e660f42effe9865,2822.89,115.07,11.296040086,55000,56000
28a9dda0093c86b9bc99ccc45e660f42effe9865,2763.76,112.46,11.044354243,56000,56000
28a9dda0093c86b9bc99ccc45e660f42effe9865,2868.38,117.11,11.460299890,56000,55000
28a9dda0093c86b9bc99ccc45e660f42effe9865,2860.02,116.64,11.435294521,55000,56000
28a9dda0093c86b9bc99ccc45e660f42effe9865,2813.76,114.59,11.246525425,56000,55000
28a9dda0093c86b9bc99ccc45e660f42effe9865,2796.49,113.71,11.169114562,56000,55000
28a9dda0093c86b9bc99ccc45e660f42effe9865,2823.11,115.65,11.283707170,56000,55000
28a9dda0093c86b9bc99ccc45e660f42effe9865,2794.86,113.54,11.189496213,56000,55000
28a9dda0093c86b9bc99ccc45e660f42effe9865,2888.41,117.91,11.543940194,56000,56000
0a711570cd32b4411567f6581bf5b0826fecdf4f,2830.83,115.19,11.329116271,56000,57000
0a711570cd32b4411567f6581bf5b0826fecdf4f,2824.09,114.66,11.297050578,56000,56000
0a711570cd32b4411567f6581bf5b0826fecdf4f,2820.68,114.47,11.284090093,56000,55000
0a711570cd32b4411567f6581bf5b0826fecdf4f,2840.04,115.85,11.361536106,56000,55000
0a711570cd32b4411567f6581bf5b0826fecdf4f,2892.03,118.24,11.564521156,56000,56000
0a711570cd32b4411567f6581bf5b0826fecdf4f,2887.78,117.82,11.536916632,56000,56000
0a711570cd32b4411567f6581bf5b0826fecdf4f,2926.84,119.45,11.695504418,56000,55000
0a711570cd32b4411567f6581bf5b0826fecdf4f,2894.13,118.36,11.565716713,56000,56000
0a711570cd32b4411567f6581bf5b0826fecdf4f,2924.79,119.35,11.686449249,56000,56000
0a711570cd32b4411567f6581bf5b0826fecdf4f,2913.18,118.80,11.658493559,56000,56000
0a711570cd32b4411567f6581bf5b0826fecdf4f,2891.84,117.48,11.562800737,56000,56000
0a711570cd32b4411567f6581bf5b0826fecdf4f,2903.10,118.57,11.597875780,56000,56000
0a711570cd32b4411567f6581bf5b0826fecdf4f,2889.62,117.47,11.587852564,56000,56000
0a711570cd32b4411567f6581bf5b0826fecdf4f,2882.02,117.66,11.506738361,55000,56000
0a711570cd32b4411567f6581bf5b0826fecdf4f,2796.77,113.44,11.196171263,55000,55000
0a711570cd32b4411567f6581bf5b0826fecdf4f,2879.94,116.92,11.539825576,56000,55000
0a711570cd32b4411567f6581bf5b0826fecdf4f,2812.29,114.48,11.242680323,56000,56000
0a711570cd32b4411567f6581bf5b0826fecdf4f,2764.42,111.78,11.043450608,56000,55000
0a711570cd32b4411567f6581bf5b0826fecdf4f,2844.95,115.47,11.395661826,55000,56000
0a711570cd32b4411567f6581bf5b0826fecdf4f,2852.07,116.34,11.420262216,56000,56000
0a711570cd32b4411567f6581bf5b0826fecdf4f,2867.99,116.70,11.485154160,56000,56000
0a711570cd32b4411567f6581bf5b0826fecdf4f,2871.05,116.62,11.481074922,56000,56000
0a711570cd32b4411567f6581bf5b0826fecdf4f,2898.60,118.68,11.596282711,56000,56000
0a711570cd32b4411567f6581bf5b0826fecdf4f,2882.24,117.62,11.542029277,55000,55000
0a711570cd32b4411567f6581bf5b0826fecdf4f,2891.10,118.19,11.562057028,56000,56000
0a711570cd32b4411567f6581bf5b0826fecdf4f,2828.37,115.51,11.311462441,55000,56000
0a711570cd32b4411567f6581bf5b0826fecdf4f,2879.96,117.58,11.538930274,56000,56000
0a711570cd32b4411567f6581bf5b0826fecdf4f,2852.78,115.33,11.413053401,56000,55000
0a711570cd32b4411567f6581bf5b0826fecdf4f,2877.49,117.19,11.523670239,56000,55000
0a711570cd32b4411567f6581bf5b0826fecdf4f,2868.14,116.78,11.467215263,55000,54000
e4d98fef6ec0b91fdcfd821b97a996b84264259e,2863.51,116.34,11.455539127,55000,56000
e4d98fef6ec0b91fdcfd821b97a996b84264259e,2894.79,117.38,11.586106556,56000,56000
e4d98fef6ec0b91fdcfd821b97a996b84264259e,2875.58,117.07,11.526341852,56000,56000
e4d98fef6ec0b91fdcfd821b97a996b84264259e,2834.04,115.16,11.327523180,56000,56000
e4d98fef6ec0b91fdcfd821b97a996b84264259e,2846.96,115.53,11.404835463,56000,56000
e4d98fef6ec0b91fdcfd821b97a996b84264259e,2770.42,112.27,11.082380344,56000,56000
e4d98fef6ec0b91fdcfd821b97a996b84264259e,2907.13,118.73,11.637543996,55000,56000
e4d98fef6ec0b91fdcfd821b97a996b84264259e,2941.37,119.80,11.792755516,56000,56000
e4d98fef6ec0b91fdcfd821b97a996b84264259e,2830.23,115.44,11.327562134,57000,56000
e4d98fef6ec0b91fdcfd821b97a996b84264259e,2880.76,117.56,11.517035611,56000,55000
e4d98fef6ec0b91fdcfd821b97a996b84264259e,2832.06,115.11,11.349587176,56000,55000
e4d98fef6ec0b91fdcfd821b97a996b84264259e,2921.21,118.89,11.684731615,56000,56000
e4d98fef6ec0b91fdcfd821b97a996b84264259e,2872.64,116.94,11.483835343,55000,56000
e4d98fef6ec0b91fdcfd821b97a996b84264259e,2879.51,117.58,11.549144237,56000,56000
e4d98fef6ec0b91fdcfd821b97a996b84264259e,2868.72,117.10,11.464934446,55000,56000
e4d98fef6ec0b91fdcfd821b97a996b84264259e,2859.99,116.82,11.435575234,55000,56000
e4d98fef6ec0b91fdcfd821b97a996b84264259e,2861.81,116.37,11.441563554,56000,56000
e4d98fef6ec0b91fdcfd821b97a996b84264259e,2835.90,115.47,11.345377555,55000,55000
e4d98fef6ec0b91fdcfd821b97a996b84264259e,2901.42,118.08,11.595345675,56000,55000
e4d98fef6ec0b91fdcfd821b97a996b84264259e,2852.42,116.64,11.402790862,56000,56000
e4d98fef6ec0b91fdcfd821b97a996b84264259e,2889.58,118.03,11.551775153,56000,56000
e4d98fef6ec0b91fdcfd821b97a996b84264259e,2885.58,117.26,11.553888401,55000,55000
e4d98fef6ec0b91fdcfd821b97a996b84264259e,2741.93,110.94,10.976083810,55000,56000
e4d98fef6ec0b91fdcfd821b97a996b84264259e,2880.82,118.00,11.520742419,55000,56000
e4d98fef6ec0b91fdcfd821b97a996b84264259e,2870.87,117.32,11.490162979,56000,56000
e4d98fef6ec0b91fdcfd821b97a996b84264259e,2847.37,116.27,11.401290564,55000,55000
e4d98fef6ec0b91fdcfd821b97a996b84264259e,2859.06,116.10,11.439047467,56000,56000
e4d98fef6ec0b91fdcfd821b97a996b84264259e,2870.83,116.90,11.473916386,56000,56000
e4d98fef6ec0b91fdcfd821b97a996b84264259e,2893.57,117.73,11.592166953,55000,56000
e4d98fef6ec0b91fdcfd821b97a996b84264259e,2834.66,115.84,11.363364724,56000,55000
5dc08f77ba7491ae9215dc07d8de2cd364398ab7,2845.13,115.55,11.369022769,56000,55000
5dc08f77ba7491ae9215dc07d8de2cd364398ab7,2805.49,114.17,11.211047587,56000,55000
5dc08f77ba7491ae9215dc07d8de2cd364398ab7,2822.78,114.31,11.309523357,56000,56000
5dc08f77ba7491ae9215dc07d8de2cd364398ab7,2865.26,116.54,11.464979615,56000,55000
5dc08f77ba7491ae9215dc07d8de2cd364398ab7,2925.41,119.22,11.710037944,55000,56000
5dc08f77ba7491ae9215dc07d8de2cd364398ab7,2903.95,118.27,11.601754796,56000,55000
5dc08f77ba7491ae9215dc07d8de2cd364398ab7,2867.15,117.42,11.457825183,56000,55000
5dc08f77ba7491ae9215dc07d8de2cd364398ab7,2904.36,118.32,11.637366471,56000,56000
5dc08f77ba7491ae9215dc07d8de2cd364398ab7,2849.17,115.75,11.418947315,56000,56000
5dc08f77ba7491ae9215dc07d8de2cd364398ab7,2756.30,111.60,11.026831808,55000,56000
5dc08f77ba7491ae9215dc07d8de2cd364398ab7,2841.05,115.75,11.370025534,56000,56000
5dc08f77ba7491ae9215dc07d8de2cd364398ab7,2844.74,116.03,11.383777254,56000,56000
5dc08f77ba7491ae9215dc07d8de2cd364398ab7,2871.69,117.21,11.475363914,56000,56000
5dc08f77ba7491ae9215dc07d8de2cd364398ab7,2786.49,112.64,11.146435104,56000,56000
5dc08f77ba7491ae9215dc07d8de2cd364398ab7,2888.01,117.40,11.539028531,56000,58000
5dc08f77ba7491ae9215dc07d8de2cd364398ab7,2881.04,117.21,11.530506171,56000,55000
5dc08f77ba7491ae9215dc07d8de2cd364398ab7,2883.34,116.79,11.551900462,55000,56000
5dc08f77ba7491ae9215dc07d8de2cd364398ab7,2828.10,114.94,11.317582512,56000,56000
5dc08f77ba7491ae9215dc07d8de2cd364398ab7,2875.45,116.55,11.523458992,55000,56000
5dc08f77ba7491ae9215dc07d8de2cd364398ab7,2860.32,116.10,11.430683685,55000,56000
5dc08f77ba7491ae9215dc07d8de2cd364398ab7,2869.43,116.85,11.474555241,56000,55000
5dc08f77ba7491ae9215dc07d8de2cd364398ab7,2923.45,119.39,11.702634849,56000,55000
5dc08f77ba7491ae9215dc07d8de2cd364398ab7,2934.78,119.60,11.755837416,55000,55000
5dc08f77ba7491ae9215dc07d8de2cd364398ab7,2904.50,119.01,11.622880045,55000,56000
5dc08f77ba7491ae9215dc07d8de2cd364398ab7,2874.91,116.96,11.521926116,56000,56000
5dc08f77ba7491ae9215dc07d8de2cd364398ab7,2850.39,116.36,11.414494270,56000,55000
5dc08f77ba7491ae9215dc07d8de2cd364398ab7,2867.32,116.52,11.482156214,56000,56000
5dc08f77ba7491ae9215dc07d8de2cd364398ab7,2845.28,115.84,11.381007639,56000,55000
5dc08f77ba7491ae9215dc07d8de2cd364398ab7,2865.16,115.81,11.476680561,56000,56000
5dc08f77ba7491ae9215dc07d8de2cd364398ab7,2865.04,116.11,11.485261899,56000,56000
04457b9061424d8889003037302fc9a0bdc217c8,2929.68,118.98,11.728471901,55000,55000
04457b9061424d8889003037302fc9a0bdc217c8,2882.39,117.42,11.533790321,56000,56000
04457b9061424d8889003037302fc9a0bdc217c8,2893.60,117.76,11.590065886,55000,55000
04457b9061424d8889003037302fc9a0bdc217c8,2936.48,119.52,11.716689669,56000,56000
04457b9061424d8889003037302fc9a0bdc217c8,2910.42,118.73,11.623951614,56000,56000
04457b9061424d8889003037302fc9a0bdc217c8,2836.32,114.94,11.358692813,55000,55000
04457b9061424d8889003037302fc9a0bdc217c8,2935.92,119.61,11.743972603,56000,56000
04457b9061424d8889003037302fc9a0bdc217c8,2883.55,117.33,11.555341429,56000,55000
04457b9061424d8889003037302fc9a0bdc217c8,2917.30,118.96,11.662394251,56000,55000
04457b9061424d8889003037302fc9a0bdc217c8,2936.03,119.95,11.719949865,55000,56000
04457b9061424d8889003037302fc9a0bdc217c8,2938.85,120.33,11.745081457,56000,56000
04457b9061424d8889003037302fc9a0bdc217c8,2869.46,116.68,11.488843645,56000,56000
04457b9061424d8889003037302fc9a0bdc217c8,2811.00,113.60,11.257338007,55000,56000
04457b9061424d8889003037302fc9a0bdc217c8,2935.71,119.94,11.723803464,56000,56000
04457b9061424d8889003037302fc9a0bdc217c8,2887.00,117.60,11.563585557,55000,56000
04457b9061424d8889003037302fc9a0bdc217c8,2828.41,115.06,11.309207318,55000,56000
04457b9061424d8889003037302fc9a0bdc217c8,2901.84,118.55,11.612323712,55000,54000
04457b9061424d8889003037302fc9a0bdc217c8,2907.70,118.71,11.627877484,56000,56000
04457b9061424d8889003037302fc9a0bdc217c8,2920.56,119.00,11.704948650,55000,56000
04457b9061424d8889003037302fc9a0bdc217c8,2891.04,117.56,11.554486656,55000,55000
04457b9061424d8889003037302fc9a0bdc217c8,2901.45,118.50,11.604995638,55000,56000
04457b9061424d8889003037302fc9a0bdc217c8,2885.51,116.88,11.586224356,56000,56000
04457b9061424d8889003037302fc9a0bdc217c8,2917.41,119.03,11.680484971,56000,55000
04457b9061424d8889003037302fc9a0bdc217c8,2862.23,116.49,11.448209062,56000,56000
04457b9061424d8889003037302fc9a0bdc217c8,2899.03,117.60,11.582671097,56000,56000
04457b9061424d8889003037302fc9a0bdc217c8,2913.70,118.51,11.643076998,56000,56000
04457b9061424d8889003037302fc9a0bdc217c8,2860.27,116.02,11.444391347,56000,55000
04457b9061424d8889003037302fc9a0bdc217c8,2928.94,119.69,11.740197427,56000,56000
04457b9061424d8889003037302fc9a0bdc217c8,2782.85,112.56,11.147924864,56000,55000
04457b9061424d8889003037302fc9a0bdc217c8,2909.35,118.96,11.648592183,56000,56000
610bec3588960485b885a6a35d795b3c94de2d99,2923.54,119.00,11.682943051,55000,56000
610bec3588960485b885a6a35d795b3c94de2d99,2888.16,117.16,11.541581076,56000,56000
610bec3588960485b885a6a35d795b3c94de2d99,2801.96,113.06,11.196627670,56000,56000
610bec3588960485b885a6a35d795b3c94de2d99,2911.61,117.98,11.648670955,56000,56000
610bec3588960485b885a6a35d795b3c94de2d99,2957.09,120.39,11.865778851,55000,56000
610bec3588960485b885a6a35d795b3c94de2d99,2898.11,117.93,11.578381324,56000,56000
610bec3588960485b885a6a35d795b3c94de2d99,2896.07,118.11,11.604181442,56000,56000
610bec3588960485b885a6a35d795b3c94de2d99,2944.10,119.86,11.777994178,56000,54000
610bec3588960485b885a6a35d795b3c94de2d99,2833.93,115.54,11.332211168,56000,56000
610bec3588960485b885a6a35d795b3c94de2d99,2860.03,116.99,11.420719227,56000,55000
610bec3588960485b885a6a35d795b3c94de2d99,2905.24,119.14,11.592762054,56000,55000
610bec3588960485b885a6a35d795b3c94de2d99,2880.14,117.43,11.521345608,56000,56000
610bec3588960485b885a6a35d795b3c94de2d99,2872.19,117.15,11.508546403,55000,55000
610bec3588960485b885a6a35d795b3c94de2d99,2850.91,115.31,11.372747515,54000,56000
610bec3588960485b885a6a35d795b3c94de2d99,2936.48,119.67,11.751306326,55000,56000
610bec3588960485b885a6a35d795b3c94de2d99,2867.03,116.50,11.472692114,56000,56000
610bec3588960485b885a6a35d795b3c94de2d99,2914.21,118.98,11.662079397,56000,55000
610bec3588960485b885a6a35d795b3c94de2d99,2863.00,116.53,11.440117580,56000,56000
610bec3588960485b885a6a35d795b3c94de2d99,2940.70,120.18,11.751305373,55000,56000
610bec3588960485b885a6a35d795b3c94de2d99,2906.42,118.38,11.631839962,55000,56000
610bec3588960485b885a6a35d795b3c94de2d99,2951.36,120.62,11.796378222,56000,56000
610bec3588960485b885a6a35d795b3c94de2d99,2838.68,115.03,11.360267001,55000,56000
610bec3588960485b885a6a35d795b3c94de2d99,2881.73,117.34,11.510603596,56000,55000
610bec3588960485b885a6a35d795b3c94de2d99,2876.76,117.12,11.509029655,56000,55000
610bec3588960485b885a6a35d795b3c94de2d99,2878.36,117.05,11.515440452,55000,54000
610bec3588960485b885a6a35d795b3c94de2d99,2902.00,118.49,11.622274258,56000,56000
610bec3588960485b885a6a35d795b3c94de2d99,2914.48,118.81,11.684979773,55000,54000
610bec3588960485b885a6a35d795b3c94de2d99,2858.56,116.08,11.439548307,56000,56000
610bec3588960485b885a6a35d795b3c94de2d99,2903.23,118.54,11.620383736,55000,56000
610bec3588960485b885a6a35d795b3c94de2d99,2897.15,118.74,11.583214517,56000,56000
e81f793faba16ed102aeba4760fa0b5cd6e260d2,2949.12,120.14,11.802784821,56000,56000
e81f793faba16ed102aeba4760fa0b5cd6e260d2,2873.29,117.00,11.502346502,56000,56000
e81f793faba16ed102aeba4760fa0b5cd6e260d2,2907.33,118.49,11.633899850,56000,55000
e81f793faba16ed102aeba4760fa0b5cd6e260d2,2934.93,119.78,11.751122522,55000,55000
e81f793faba16ed102aeba4760fa0b5cd6e260d2,2942.68,120.24,11.779605224,56000,56000
e81f793faba16ed102aeba4760fa0b5cd6e260d2,2910.81,118.41,11.645709310,56000,56000
e81f793faba16ed102aeba4760fa0b5cd6e260d2,2870.49,116.53,11.504834125,56000,55000
e81f793faba16ed102aeba4760fa0b5cd6e260d2,2955.58,120.29,11.827948976,55000,56000
e81f793faba16ed102aeba4760fa0b5cd6e260d2,2849.94,115.07,11.401755168,56000,56000
e81f793faba16ed102aeba4760fa0b5cd6e260d2,2780.37,112.30,11.117990390,56000,56000
e81f793faba16ed102aeba4760fa0b5cd6e260d2,2904.25,118.36,11.595925345,56000,55000
e81f793faba16ed102aeba4760fa0b5cd6e260d2,2891.52,118.04,11.571133257,56000,56000
e81f793faba16ed102aeba4760fa0b5cd6e260d2,2942.91,119.56,11.772656641,56000,56000
e81f793faba16ed102aeba4760fa0b5cd6e260d2,2878.54,117.07,11.520958341,56000,56000
e81f793faba16ed102aeba4760fa0b5cd6e260d2,2864.72,116.77,11.454751769,55000,56000
e81f793faba16ed102aeba4760fa0b5cd6e260d2,2858.22,116.77,11.422645252,55000,55000
e81f793faba16ed102aeba4760fa0b5cd6e260d2,2912.48,119.03,11.655578964,55000,56000
e81f793faba16ed102aeba4760fa0b5cd6e260d2,2852.86,115.90,11.424941764,56000,55000
e81f793faba16ed102aeba4760fa0b5cd6e260d2,2900.63,118.31,11.603854994,56000,56000
e81f793faba16ed102aeba4760fa0b5cd6e260d2,2867.36,116.97,11.464006655,56000,56000
e81f793faba16ed102aeba4760fa0b5cd6e260d2,2899.32,118.29,11.597711337,55000,55000
e81f793faba16ed102aeba4760fa0b5cd6e260d2,2904.56,118.85,11.614440791,57000,55000
e81f793faba16ed102aeba4760fa0b5cd6e260d2,2924.42,119.42,11.686826916,56000,56000
e81f793faba16ed102aeba4760fa0b5cd6e260d2,2921.66,119.38,11.695431129,56000,56000
e81f793faba16ed102aeba4760fa0b5cd6e260d2,2841.35,115.23,11.358113054,55000,56000
e81f793faba16ed102aeba4760fa0b5cd6e260d2,2964.54,120.87,11.868747597,56000,56000
e81f793faba16ed102aeba4760fa0b5cd6e260d2,2931.00,119.04,11.744078680,56000,56000
e81f793faba16ed102aeba4760fa0b5cd6e260d2,2791.56,113.20,11.181878221,55000,56000
e81f793faba16ed102aeba4760fa0b5cd6e260d2,2878.06,117.30,11.528037027,56000,56000
e81f793faba16ed102aeba4760fa0b5cd6e260d2,2842.71,115.81,11.350367415,56000,56000
aa843294f647f14ddbf1d3b5b4246abaa01b8f05,2896.11,117.73,11.595508221,56000,55000
aa843294f647f14ddbf1d3b5b4246abaa01b8f05,2896.42,118.22,11.597222569,55000,56000
aa843294f647f14ddbf1d3b5b4246abaa01b8f05,2885.18,117.59,11.532574321,56000,56000
aa843294f647f14ddbf1d3b5b4246abaa01b8f05,2891.10,117.56,11.558100177,56000,56000
aa843294f647f14ddbf1d3b5b4246abaa01b8f05,2864.17,116.91,11.468677737,56000,56000
aa843294f647f14ddbf1d3b5b4246abaa01b8f05,2943.62,119.92,11.778710238,55000,55000
aa843294f647f14ddbf1d3b5b4246abaa01b8f05,2906.40,118.42,11.639116051,56000,56000
aa843294f647f14ddbf1d3b5b4246abaa01b8f05,2906.76,118.86,11.630209979,56000,56000
aa843294f647f14ddbf1d3b5b4246abaa01b8f05,2892.55,118.14,11.574175814,56000,56000
aa843294f647f14ddbf1d3b5b4246abaa01b8f05,2882.81,117.61,11.528702137,56000,56000
aa843294f647f14ddbf1d3b5b4246abaa01b8f05,2887.20,117.07,11.547954563,56000,55000
aa843294f647f14ddbf1d3b5b4246abaa01b8f05,2886.58,117.59,11.543333465,56000,56000
aa843294f647f14ddbf1d3b5b4246abaa01b8f05,2927.97,119.59,11.715674730,56000,56000
aa843294f647f14ddbf1d3b5b4246abaa01b8f05,2883.24,117.53,11.530459602,56000,56000
aa843294f647f14ddbf1d3b5b4246abaa01b8f05,2891.42,117.87,11.563225439,56000,56000
aa843294f647f14ddbf1d3b5b4246abaa01b8f05,2933.40,119.36,11.749707646,55000,55000
aa843294f647f14ddbf1d3b5b4246abaa01b8f05,2938.59,120.30,11.753132789,56000,55000
aa843294f647f14ddbf1d3b5b4246abaa01b8f05,2904.57,118.89,11.619461226,56000,55000
aa843294f647f14ddbf1d3b5b4246abaa01b8f05,2906.33,117.96,11.634322308,56000,56000
aa843294f647f14ddbf1d3b5b4246abaa01b8f05,2873.49,116.92,11.503061653,55000,56000
aa843294f647f14ddbf1d3b5b4246abaa01b8f05,2884.95,118.12,11.532326783,56000,55000
aa843294f647f14ddbf1d3b5b4246abaa01b8f05,2941.23,120.12,11.791851942,55000,54000
aa843294f647f14ddbf1d3b5b4246abaa01b8f05,2776.02,112.88,11.098037630,56000,56000
aa843294f647f14ddbf1d3b5b4246abaa01b8f05,2926.61,119.48,11.704661119,55000,56000
aa843294f647f14ddbf1d3b5b4246abaa01b8f05,2904.73,118.30,11.646447612,55000,56000
aa843294f647f14ddbf1d3b5b4246abaa01b8f05,2878.75,117.01,11.553040883,56000,55000
aa843294f647f14ddbf1d3b5b4246abaa01b8f05,2860.94,116.92,11.453174393,55000,56000
aa843294f647f14ddbf1d3b5b4246abaa01b8f05,2891.48,117.59,11.597218867,55000,55000
aa843294f647f14ddbf1d3b5b4246abaa01b8f05,2922.75,119.71,11.686744711,56000,55000
aa843294f647f14ddbf1d3b5b4246abaa01b8f05,2866.83,116.98,11.475511266,56000,55000
830e36bf81f66f4e612073c536c35383816cf947,2901.94,118.16,11.603740990,56000,56000
830e36bf81f66f4e612073c536c35383816cf947,2873.03,116.24,11.483623332,55000,55000
830e36bf81f66f4e612073c536c35383816cf947,2873.09,116.63,11.489883445,55000,55000
830e36bf81f66f4e612073c536c35383816cf947,2901.78,118.20,11.608708638,56000,55000
830e36bf81f66f4e612073c536c35383816cf947,2910.83,118.41,11.641087476,55000,55000
830e36bf81f66f4e612073c536c35383816cf947,2912.16,118.85,11.659677401,55000,56000
830e36bf81f66f4e612073c536c35383816cf947,2918.50,118.97,11.665226595,56000,55000
830e36bf81f66f4e612073c536c35383816cf947,2930.08,119.41,11.739735918,55000,56000
830e36bf81f66f4e612073c536c35383816cf947,2834.81,115.45,11.327172273,56000,56000
830e36bf81f66f4e612073c536c35383816cf947,2889.88,117.87,11.542612128,56000,56000
830e36bf81f66f4e612073c536c35383816cf947,2921.95,118.85,11.704069240,55000,56000
830e36bf81f66f4e612073c536c35383816cf947,2957.27,120.84,11.804563628,55000,56000
830e36bf81f66f4e612073c536c35383816cf947,2993.69,121.93,11.981410863,56000,56000
830e36bf81f66f4e612073c536c35383816cf947,2871.84,116.57,11.477482959,56000,55000
830e36bf81f66f4e612073c536c35383816cf947,2882.38,117.57,11.530216653,56000,55000
830e36bf81f66f4e612073c536c35383816cf947,2851.82,115.27,11.400542645,54000,56000
830e36bf81f66f4e612073c536c35383816cf947,2932.13,120.01,11.745842393,56000,56000
830e36bf81f66f4e612073c536c35383816cf947,2848.41,115.62,11.412383893,56000,56000
830e36bf81f66f4e612073c536c35383816cf947,2912.89,118.95,11.644459010,55000,56000
830e36bf81f66f4e612073c536c35383816cf947,2870.94,116.88,11.499915371,56000,56000
830e36bf81f66f4e612073c536c35383816cf947,2925.31,119.43,11.691251910,55000,56000
830e36bf81f66f4e612073c536c35383816cf947,2888.30,117.91,11.536227429,55000,55000
830e36bf81f66f4e612073c536c35383816cf947,2832.59,115.06,11.328175479,55000,56000
830e36bf81f66f4e612073c536c35383816cf947,2866.48,116.81,11.462889091,56000,56000
830e36bf81f66f4e612073c536c35383816cf947,2831.00,114.89,11.335072845,56000,56000
830e36bf81f66f4e612073c536c35383816cf947,2877.38,117.52,11.523572475,56000,55000
830e36bf81f66f4e612073c536c35383816cf947,2878.13,117.18,11.524782076,55000,56000
830e36bf81f66f4e612073c536c35383816cf947,2844.97,115.66,11.392228568,56000,56000
830e36bf81f66f4e612073c536c35383816cf947,2947.40,120.65,11.798065830,55000,55000
830e36bf81f66f4e612073c536c35383816cf947,2921.69,118.83,11.704105275,56000,56000
bd7305bc257423c62d719c828de1ccee00b823d3,2951.24,120.10,11.803387412,56000,56000
bd7305bc257423c62d719c828de1ccee00b823d3,2863.75,116.68,11.459278361,56000,56000
bd7305bc257423c62d719c828de1ccee00b823d3,2890.85,117.63,11.575211794,56000,56000
bd7305bc257423c62d719c828de1ccee00b823d3,2891.41,117.74,11.560554089,55000,55000
bd7305bc257423c62d719c828de1ccee00b823d3,2867.58,116.50,11.468815769,56000,56000
bd7305bc257423c62d719c828de1ccee00b823d3,2863.97,116.74,11.444640614,56000,56000
bd7305bc257423c62d719c828de1ccee00b823d3,2929.83,120.12,11.714922647,55000,56000
bd7305bc257423c62d719c828de1ccee00b823d3,2898.83,117.69,11.621460005,55000,55000
bd7305bc257423c62d719c828de1ccee00b823d3,2885.97,117.65,11.535728476,56000,56000
bd7305bc257423c62d719c828de1ccee00b823d3,2897.71,117.39,11.591099609,56000,56000
bd7305bc257423c62d719c828de1ccee00b823d3,2878.94,117.06,11.516784130,56000,56000
bd7305bc257423c62d719c828de1ccee00b823d3,2872.99,116.74,11.498140140,56000,56000
bd7305bc257423c62d719c828de1ccee00b823d3,2892.50,118.03,11.566388835,55000,56000
bd7305bc257423c62d719c828de1ccee00b823d3,2942.93,120.08,11.759117235,56000,56000
bd7305bc257423c62d719c828de1ccee00b823d3,2890.00,117.26,11.584255637,55000,55000
bd7305bc257423c62d719c828de1ccee00b823d3,2860.50,116.56,11.446062097,56000,56000
bd7305bc257423c62d719c828de1ccee00b823d3,2905.51,118.67,11.632113828,56000,56000
bd7305bc257423c62d719c828de1ccee00b823d3,2939.73,120.23,11.746065882,56000,56000
bd7305bc257423c62d719c828de1ccee00b823d3,2905.72,118.84,11.614637168,56000,56000
bd7305bc257423c62d719c828de1ccee00b823d3,2885.76,117.61,11.545745434,56000,56000
bd7305bc257423c62d719c828de1ccee00b823d3,2889.67,118.06,11.559428969,56000,56000
bd7305bc257423c62d719c828de1ccee00b823d3,2948.02,120.15,11.794972696,56000,56000
bd7305bc257423c62d719c828de1ccee00b823d3,2923.58,118.95,11.701899617,56000,56000
bd7305bc257423c62d719c828de1ccee00b823d3,2838.83,115.44,11.352601638,56000,56000
bd7305bc257423c62d719c828de1ccee00b823d3,2892.76,117.76,11.573426346,56000,55000
bd7305bc257423c62d719c828de1ccee00b823d3,2904.01,118.53,11.594652037,54000,55000
bd7305bc257423c62d719c828de1ccee00b823d3,2895.68,117.85,11.580296992,56000,56000
bd7305bc257423c62d719c828de1ccee00b823d3,2871.45,116.67,11.488539058,56000,56000
bd7305bc257423c62d719c828de1ccee00b823d3,2848.09,116.02,11.386410984,56000,55000
bd7305bc257423c62d719c828de1ccee00b823d3,2927.98,119.52,11.715293493,55000,55000
047e4651cef0acb65d1fcb66cb5ce0858a5461eb,2867.15,116.52,11.468989413,55000,56000
047e4651cef0acb65d1fcb66cb5ce0858a5461eb,2865.39,116.25,11.478899354,55000,56000
047e4651cef0acb65d1fcb66cb5ce0858a5461eb,2914.87,118.74,11.659946406,56000,56000
047e4651cef0acb65d1fcb66cb5ce0858a5461eb,2906.22,118.41,11.625642122,56000,55000
047e4651cef0acb65d1fcb66cb5ce0858a5461eb,2906.14,118.38,11.622543415,56000,55000
047e4651cef0acb65d1fcb66cb5ce0858a5461eb,2928.67,119.41,11.711102493,55000,56000
047e4651cef0acb65d1fcb66cb5ce0858a5461eb,2855.29,116.65,11.403319363,56000,57000
047e4651cef0acb65d1fcb66cb5ce0858a5461eb,2783.90,112.86,11.131379594,56000,55000
047e4651cef0acb65d1fcb66cb5ce0858a5461eb,2897.43,118.22,11.580451386,55000,56000
047e4651cef0acb65d1fcb66cb5ce0858a5461eb,2882.84,117.27,11.569381935,55000,56000
047e4651cef0acb65d1fcb66cb5ce0858a5461eb,2855.35,115.46,11.434770525,56000,55000
047e4651cef0acb65d1fcb66cb5ce0858a5461eb,2887.75,117.26,11.544710073,56000,56000
047e4651cef0acb65d1fcb66cb5ce0858a5461eb,2855.32,116.10,11.424153322,56000,56000
047e4651cef0acb65d1fcb66cb5ce0858a5461eb,2877.38,116.89,11.509666143,56000,56000
047e4651cef0acb65d1fcb66cb5ce0858a5461eb,2940.09,119.23,11.761649448,56000,56000
047e4651cef0acb65d1fcb66cb5ce0858a5461eb,2830.41,114.72,11.326770458,55000,55000
047e4651cef0acb65d1fcb66cb5ce0858a5461eb,2831.76,114.33,11.318591577,56000,55000
047e4651cef0acb65d1fcb66cb5ce0858a5461eb,2845.15,115.75,11.373847153,55000,56000
047e4651cef0acb65d1fcb66cb5ce0858a5461eb,2860.22,116.42,11.447092651,56000,55000
047e4651cef0acb65d1fcb66cb5ce0858a5461eb,2911.23,118.89,11.644973524,55000,55000
047e4651cef0acb65d1fcb66cb5ce0858a5461eb,2912.94,118.43,11.672906900,55000,56000
047e4651cef0acb65d1fcb66cb5ce0858a5461eb,2900.45,117.99,11.598794212,56000,56000
047e4651cef0acb65d1fcb66cb5ce0858a5461eb,2768.21,112.16,11.054247747,56000,55000
047e4651cef0acb65d1fcb66cb5ce0858a5461eb,2883.00,117.39,11.531391984,56000,56000
047e4651cef0acb65d1fcb66cb5ce0858a5461eb,2872.00,117.35,11.494088046,56000,56000
047e4651cef0acb65d1fcb66cb5ce0858a5461eb,2940.96,119.57,11.776475216,56000,55000
047e4651cef0acb65d1fcb66cb5ce0858a5461eb,2844.30,115.91,11.370369319,54000,56000
047e4651cef0acb65d1fcb66cb5ce0858a5461eb,2904.11,118.15,11.626154015,55000,56000
047e4651cef0acb65d1fcb66cb5ce0858a5461eb,2866.71,117.01,11.477749234,56000,56000
047e4651cef0acb65d1fcb66cb5ce0858a5461eb,2867.81,117.02,11.483757683,54000,56000
42bfd19d7fdf663d03a5f0c40e09d4f206a87e27,2809.32,113.78,11.231182219,55000,56000
42bfd19d7fdf663d03a5f0c40e09d4f206a87e27,2854.31,116.25,11.397794444,56000,55000
42bfd19d7fdf663d03a5f0c40e09d4f206a87e27,2913.89,118.76,11.649994662,56000,56000
42bfd19d7fdf663d03a5f0c40e09d4f206a87e27,2928.39,119.50,11.701692077,56000,55000
42bfd19d7fdf663d03a5f0c40e09d4f206a87e27,2827.37,114.86,11.330518294,55000,56000
42bfd19d7fdf663d03a5f0c40e09d4f206a87e27,2910.55,118.90,11.635081089,55000,56000
42bfd19d7fdf663d03a5f0c40e09d4f206a87e27,2884.08,118.05,11.516147626,56000,56000
42bfd19d7fdf663d03a5f0c40e09d4f206a87e27,2928.56,119.39,11.722414080,56000,55000
42bfd19d7fdf663d03a5f0c40e09d4f206a87e27,2898.11,118.39,11.583770119,56000,55000
42bfd19d7fdf663d03a5f0c40e09d4f206a87e27,2883.13,117.13,11.512153937,56000,56000
42bfd19d7fdf663d03a5f0c40e09d4f206a87e27,2847.37,115.90,11.380815221,55000,56000
42bfd19d7fdf663d03a5f0c40e09d4f206a87e27,2911.86,118.74,11.641927707,56000,56000
42bfd19d7fdf663d03a5f0c40e09d4f206a87e27,2823.90,114.33,11.290300365,55000,56000
42bfd19d7fdf663d03a5f0c40e09d4f206a87e27,2835.50,115.54,11.332396969,56000,56000
42bfd19d7fdf663d03a5f0c40e09d4f206a87e27,2889.63,117.88,11.570937479,55000,56000
42bfd19d7fdf663d03a5f0c40e09d4f206a87e27,2899.09,118.20,11.607425120,56000,56000
42bfd19d7fdf663d03a5f0c40e09d4f206a87e27,2883.11,117.65,11.519681881,55000,56000
42bfd19d7fdf663d03a5f0c40e09d4f206a87e27,2894.96,117.94,11.569201949,56000,55000
42bfd19d7fdf663d03a5f0c40e09d4f206a87e27,2859.47,115.75,11.435954588,54000,56000
42bfd19d7fdf663d03a5f0c40e09d4f206a87e27,2904.91,117.99,11.615370943,56000,56000
42bfd19d7fdf663d03a5f0c40e09d4f206a87e27,2910.29,118.42,11.652658205,55000,56000
42bfd19d7fdf663d03a5f0c40e09d4f206a87e27,2926.52,119.56,11.710505732,55000,56000
42bfd19d7fdf663d03a5f0c40e09d4f206a87e27,2876.40,117.37,11.513337976,56000,56000
42bfd19d7fdf663d03a5f0c40e09d4f206a87e27,2821.75,114.64,11.296317617,56000,56000
42bfd19d7fdf663d03a5f0c40e09d4f206a87e27,2824.69,114.49,11.299501208,56000,56000
42bfd19d7fdf663d03a5f0c40e09d4f206a87e27,2885.04,117.81,11.538663827,55000,56000
42bfd19d7fdf663d03a5f0c40e09d4f206a87e27,2925.30,119.00,11.692943708,55000,56000
42bfd19d7fdf663d03a5f0c40e09d4f206a87e27,2908.00,119.11,11.629516492,55000,56000
42bfd19d7fdf663d03a5f0c40e09d4f206a87e27,2793.09,112.86,11.160425548,56000,55000
42bfd19d7fdf663d03a5f0c40e09d4f206a87e27,2900.85,118.31,11.626845846,55000,56000
f269cf553e2e3fa2a904aa7360f3e3fe7802accc,2892.32,117.80,11.553583531,56000,54000
f269cf553e2e3fa2a904aa7360f3e3fe7802accc,2923.48,119.32,11.673879920,55000,56000
f269cf553e2e3fa2a904aa7360f3e3fe7802accc,2910.45,118.50,11.649986635,55000,56000
f269cf553e2e3fa2a904aa7360f3e3fe7802accc,2863.73,116.55,11.433423812,56000,55000
f269cf553e2e3fa2a904aa7360f3e3fe7802accc,2878.42,117.18,11.508871470,56000,56000
f269cf553e2e3fa2a904aa7360f3e3fe7802accc,2867.58,116.54,11.480904628,56000,55000
f269cf553e2e3fa2a904aa7360f3e3fe7802accc,2909.35,118.81,11.646425482,55000,56000
f269cf553e2e3fa2a904aa7360f3e3fe7802accc,2911.57,119.05,11.633501551,56000,55000
f269cf553e2e3fa2a904aa7360f3e3fe7802accc,2891.69,118.00,11.562842702,56000,56000
f269cf553e2e3fa2a904aa7360f3e3fe7802accc,2945.89,120.14,11.784563572,56000,55000
f269cf553e2e3fa2a904aa7360f3e3fe7802accc,2932.90,119.95,11.747948879,56000,55000
f269cf553e2e3fa2a904aa7360f3e3fe7802accc,2867.17,117.00,11.476680406,57000,56000
f269cf553e2e3fa2a904aa7360f3e3fe7802accc,2984.23,122.30,11.936780223,56000,56000
f269cf553e2e3fa2a904aa7360f3e3fe7802accc,2930.47,119.37,11.734197595,55000,56000
f269cf553e2e3fa2a904aa7360f3e3fe7802accc,2905.13,118.15,11.619526942,55000,56000
f269cf553e2e3fa2a904aa7360f3e3fe7802accc,2872.18,116.98,11.474162018,55000,55000
f269cf553e2e3fa2a904aa7360f3e3fe7802accc,2909.08,118.58,11.633702390,56000,56000
f269cf553e2e3fa2a904aa7360f3e3fe7802accc,2923.73,118.85,11.699236457,55000,56000
f269cf553e2e3fa2a904aa7360f3e3fe7802accc,2841.98,115.47,11.392804193,55000,57000
f269cf553e2e3fa2a904aa7360f3e3fe7802accc,2871.16,116.79,11.489575234,56000,56000
f269cf553e2e3fa2a904aa7360f3e3fe7802accc,2956.04,120.99,11.833242265,56000,55000
f269cf553e2e3fa2a904aa7360f3e3fe7802accc,2878.84,117.10,11.508821186,55000,56000
f269cf553e2e3fa2a904aa7360f3e3fe7802accc,2928.80,119.08,11.715230896,56000,55000
f269cf553e2e3fa2a904aa7360f3e3fe7802accc,2866.40,116.76,11.447413710,56000,56000
f269cf553e2e3fa2a904aa7360f3e3fe7802accc,2868.75,116.65,11.498444840,55000,56000
f269cf553e2e3fa2a904aa7360f3e3fe7802accc,2916.57,118.80,11.677066809,56000,56000
f269cf553e2e3fa2a904aa7360f3e3fe7802accc,2927.00,119.16,11.717639671,56000,55000
f269cf553e2e3fa2a904aa7360f3e3fe7802accc,2814.75,113.89,11.284109818,55000,56000
f269cf553e2e3fa2a904aa7360f3e3fe7802accc,2789.30,113.13,11.162117901,55000,56000
f269cf553e2e3fa2a904aa7360f3e3fe7802accc,2841.85,116.35,11.374914737,55000,55000
58a8a75b78238ae2e682ce8cde3a8547f03eb91e,2910.33,118.10,11.648029190,55000,55000
58a8a75b78238ae2e682ce8cde3a8547f03eb91e,2904.75,118.31,11.601183279,56000,56000
58a8a75b78238ae2e682ce8cde3a8547f03eb91e,2885.55,117.21,11.573683052,55000,55000
58a8a75b78238ae2e682ce8cde3a8547f03eb91e,2861.85,116.44,11.454881680,55000,56000
58a8a75b78238ae2e682ce8cde3a8547f03eb91e,2873.90,116.85,11.497902549,56000,56000
58a8a75b78238ae2e682ce8cde3a8547f03eb91e,2877.31,116.57,11.508622595,56000,56000
58a8a75b78238ae2e682ce8cde3a8547f03eb91e,2940.25,119.74,11.756586939,55000,56000
58a8a75b78238ae2e682ce8cde3a8547f03eb91e,2907.85,118.20,11.643734937,56000,55000
58a8a75b78238ae2e682ce8cde3a8547f03eb91e,2864.32,116.64,11.445723300,55000,56000
58a8a75b78238ae2e682ce8cde3a8547f03eb91e,2770.21,112.07,11.089250824,56000,56000
58a8a75b78238ae2e682ce8cde3a8547f03eb91e,2935.18,119.73,11.741908542,56000,56000
58a8a75b78238ae2e682ce8cde3a8547f03eb91e,2919.06,118.37,11.693692162,56000,56000
58a8a75b78238ae2e682ce8cde3a8547f03eb91e,2821.03,114.61,11.263567514,56000,56000
58a8a75b78238ae2e682ce8cde3a8547f03eb91e,2894.21,117.86,11.570677541,56000,56000
58a8a75b78238ae2e682ce8cde3a8547f03eb91e,2892.71,117.99,11.585835221,55000,56000
58a8a75b78238ae2e682ce8cde3a8547f03eb91e,2840.03,115.50,11.344401689,55000,56000
58a8a75b78238ae2e682ce8cde3a8547f03eb91e,2893.29,117.55,11.590996666,55000,56000
58a8a75b78238ae2e682ce8cde3a8547f03eb91e,2873.62,116.98,11.502598360,55000,55000
58a8a75b78238ae2e682ce8cde3a8547f03eb91e,2925.96,119.14,11.700394517,55000,56000
58a8a75b78238ae2e682ce8cde3a8547f03eb91e,2874.23,116.96,11.499912148,56000,56000
58a8a75b78238ae2e682ce8cde3a8547f03eb91e,2915.99,119.10,11.657470564,56000,56000
58a8a75b78238ae2e682ce8cde3a8547f03eb91e,2834.48,115.11,11.346498399,56000,56000
58a8a75b78238ae2e682ce8cde3a8547f03eb91e,2896.10,118.03,11.568878126,56000,56000
58a8a75b78238ae2e682ce8cde3a8547f03eb91e,2886.93,117.80,11.566555523,55000,55000
58a8a75b78238ae2e682ce8cde3a8547f03eb91e,2885.25,117.08,11.564895203,56000,56000
58a8a75b78238ae2e682ce8cde3a8547f03eb91e,2906.61,118.50,11.633170091,55000,56000
58a8a75b78238ae2e682ce8cde3a8547f03eb91e,2911.23,119.19,11.647231565,55000,56000
58a8a75b78238ae2e682ce8cde3a8547f03eb91e,2920.42,118.92,11.687552097,56000,56000
58a8a75b78238ae2e682ce8cde3a8547f03eb91e,2872.52,116.79,11.483972602,56000,56000
58a8a75b78238ae2e682ce8cde3a8547f03eb91e,2877.24,117.12,11.540703807,56000,55000
5672603056f88030b3532843a29be70dc53fb270,2864.73,116.85,11.454975598,55000,56000
5672603056f88030b3532843a29be70dc53fb270,2956.97,121.05,11.815422674,55000,56000
5672603056f88030b3532843a29be70dc53fb270,2877.35,117.82,11.478623732,56000,56000
5672603056f88030b3532843a29be70dc53fb270,2916.74,119.24,11.656860877,56000,56000
5672603056f88030b3532843a29be70dc53fb270,2898.37,117.83,11.589359522,56000,55000
5672603056f88030b3532843a29be70dc53fb270,2902.70,118.18,11.620331794,56000,56000
5672603056f88030b3532843a29be70dc53fb270,2920.51,118.57,11.682713923,56000,56000
5672603056f88030b3532843a29be70dc53fb270,2873.38,117.20,11.499180753,56000,56000
5672603056f88030b3532843a29be70dc53fb270,2916.80,119.00,11.654473047,56000,55000
5672603056f88030b3532843a29be70dc53fb270,2919.86,118.97,11.710293642,56000,56000
5672603056f88030b3532843a29be70dc53fb270,2901.35,118.31,11.617632207,56000,55000
5672603056f88030b3532843a29be70dc53fb270,2931.34,119.01,11.736968819,55000,56000
5672603056f88030b3532843a29be70dc53fb270,2897.04,118.44,11.590310699,56000,56000
5672603056f88030b3532843a29be70dc53fb270,2881.25,117.01,11.523040098,56000,56000
5672603056f88030b3532843a29be70dc53fb270,2920.28,119.17,11.682186869,56000,56000
5672603056f88030b3532843a29be70dc53fb270,2964.06,121.24,11.852008367,55000,56000
5672603056f88030b3532843a29be70dc53fb270,2936.94,119.49,11.754605440,56000,55000
5672603056f88030b3532843a29be70dc53fb270,2869.58,116.44,11.486220598,56000,56000
5672603056f88030b3532843a29be70dc53fb270,2929.32,119.65,11.697075405,56000,56000
5672603056f88030b3532843a29be70dc53fb270,2924.24,119.81,11.687689520,56000,57000
5672603056f88030b3532843a29be70dc53fb270,2866.44,116.83,11.464100841,56000,56000
5672603056f88030b3532843a29be70dc53fb270,2987.05,122.07,11.968347542,56000,56000
5672603056f88030b3532843a29be70dc53fb270,2898.82,118.50,11.600896179,56000,56000
5672603056f88030b3532843a29be70dc53fb270,2915.75,118.30,11.673072332,55000,55000
5672603056f88030b3532843a29be70dc53fb270,2949.57,120.23,11.803736917,55000,56000
5672603056f88030b3532843a29be70dc53fb270,2916.02,118.76,11.672272020,56000,56000
5672603056f88030b3532843a29be70dc53fb270,2909.81,118.71,11.618830521,55000,55000
5672603056f88030b3532843a29be70dc53fb270,2890.36,118.49,11.565377050,56000,56000
5672603056f88030b3532843a29be70dc53fb270,2893.36,118.23,11.603580623,56000,56000
5672603056f88030b3532843a29be70dc53fb270,2894.15,117.60,11.590181444,55000,56000
f1a789b9f892a714476faeb3f3f87b2f88499f3c,2869.32,115.92,11.486949111,55000,56000
f1a789b9f892a714476faeb3f3f87b2f88499f3c,2947.96,120.22,11.791211788,56000,56000
f1a789b9f892a714476faeb3f3f87b2f88499f3c,2930.23,119.74,11.718867485,56000,56000
f1a789b9f892a714476faeb3f3f87b2f88499f3c,2908.50,118.84,11.617193729,55000,55000
f1a789b9f892a714476faeb3f3f87b2f88499f3c,2891.04,117.92,11.567153713,56000,56000
f1a789b9f892a714476faeb3f3f87b2f88499f3c,2794.53,113.17,11.160156468,56000,56000
f1a789b9f892a714476faeb3f3f87b2f88499f3c,2857.70,116.46,11.429877082,56000,56000
f1a789b9f892a714476faeb3f3f87b2f88499f3c,2904.10,118.19,11.598830592,55000,56000
f1a789b9f892a714476faeb3f3f87b2f88499f3c,2817.54,113.73,11.298822117,56000,56000
f1a789b9f892a714476faeb3f3f87b2f88499f3c,2918.41,119.00,11.653333078,56000,55000
f1a789b9f892a714476faeb3f3f87b2f88499f3c,2940.42,119.31,11.779805112,56000,56000
f1a789b9f892a714476faeb3f3f87b2f88499f3c,2889.66,116.97,11.544503080,55000,56000
f1a789b9f892a714476faeb3f3f87b2f88499f3c,2831.68,114.40,11.341737816,56000,55000
f1a789b9f892a714476faeb3f3f87b2f88499f3c,2860.03,116.12,11.449636175,56000,55000
f1a789b9f892a714476faeb3f3f87b2f88499f3c,2893.44,117.99,11.571152747,56000,56000
f1a789b9f892a714476faeb3f3f87b2f88499f3c,2920.20,119.23,11.677962397,56000,56000
f1a789b9f892a714476faeb3f3f87b2f88499f3c,2912.18,118.69,11.666596213,56000,55000
f1a789b9f892a714476faeb3f3f87b2f88499f3c,2956.51,120.92,11.833600249,56000,55000
f1a789b9f892a714476faeb3f3f87b2f88499f3c,2871.35,117.47,11.469601481,55000,56000
f1a789b9f892a714476faeb3f3f87b2f88499f3c,2900.45,118.07,11.585372195,55000,56000
f1a789b9f892a714476faeb3f3f87b2f88499f3c,2871.61,117.08,11.482131042,56000,56000
f1a789b9f892a714476faeb3f3f87b2f88499f3c,2890.91,117.76,11.579526952,56000,56000
f1a789b9f892a714476faeb3f3f87b2f88499f3c,2871.73,116.37,11.484360325,55000,55000
f1a789b9f892a714476faeb3f3f87b2f88499f3c,2796.35,113.64,11.179898077,56000,56000
f1a789b9f892a714476faeb3f3f87b2f88499f3c,2894.11,117.76,11.579536934,56000,55000
f1a789b9f892a714476faeb3f3f87b2f88499f3c,2952.85,120.45,11.817755288,55000,56000
f1a789b9f892a714476faeb3f3f87b2f88499f3c,2865.73,116.78,11.476401835,56000,56000
f1a789b9f892a714476faeb3f3f87b2f88499f3c,2886.55,118.10,11.559238580,55000,56000
f1a789b9f892a714476faeb3f3f87b2f88499f3c,2911.14,119.02,11.652583841,55000,55000
f1a789b9f892a714476faeb3f3f87b2f88499f3c,2939.21,120.26,11.776989460,56000,55000
b6cbc3f7549a3d947f1a7c404a824993a038faca,2847.16,115.57,11.369421605,56000,55000
b6cbc3f7549a3d947f1a7c404a824993a038faca,2959.81,120.56,11.850158837,56000,56000
b6cbc3f7549a3d947f1a7c404a824993a038faca,2826.89,114.81,11.291388079,56000,56000
b6cbc3f7549a3d947f1a7c404a824993a038faca,2818.21,114.66,11.259512367,56000,56000
b6cbc3f7549a3d947f1a7c404a824993a038faca,2900.93,118.11,11.600128390,55000,56000
b6cbc3f7549a3d947f1a7c404a824993a038faca,2895.15,118.09,11.585475832,56000,56000
b6cbc3f7549a3d947f1a7c404a824993a038faca,2919.55,119.00,11.681946775,56000,56000
b6cbc3f7549a3d947f1a7c404a824993a038faca,2870.48,116.63,11.468080047,55000,56000
b6cbc3f7549a3d947f1a7c404a824993a038faca,3012.11,122.22,12.090389498,55000,56000
b6cbc3f7549a3d947f1a7c404a824993a038faca,2882.89,116.66,11.560783434,56000,56000
b6cbc3f7549a3d947f1a7c404a824993a038faca,2892.56,117.95,11.589683793,56000,56000
b6cbc3f7549a3d947f1a7c404a824993a038faca,2892.50,118.00,11.572939460,56000,57000
b6cbc3f7549a3d947f1a7c404a824993a038faca,2929.67,119.20,11.735468283,56000,56000
b6cbc3f7549a3d947f1a7c404a824993a038faca,2923.88,119.91,11.690120850,56000,56000
b6cbc3f7549a3d947f1a7c404a824993a038faca,2931.52,119.43,11.727612032,56000,56000
b6cbc3f7549a3d947f1a7c404a824993a038faca,2959.87,120.57,11.858249695,56000,56000
b6cbc3f7549a3d947f1a7c404a824993a038faca,2865.86,116.50,11.457312432,56000,56000
b6cbc3f7549a3d947f1a7c404a824993a038faca,2890.42,117.91,11.544187712,56000,56000
b6cbc3f7549a3d947f1a7c404a824993a038faca,2875.13,117.64,11.486746069,55000,56000
b6cbc3f7549a3d947f1a7c404a824993a038faca,2866.86,116.21,11.502270319,55000,55000
b6cbc3f7549a3d947f1a7c404a824993a038faca,2930.64,119.92,11.698806945,56000,55000
b6cbc3f7549a3d947f1a7c404a824993a038faca,2875.31,117.37,11.460076555,55000,54000
b6cbc3f7549a3d947f1a7c404a824993a038faca,2846.78,115.20,11.419932770,56000,56000
b6cbc3f7549a3d947f1a7c404a824993a038faca,2953.12,121.10,11.827279320,56000,56000
b6cbc3f7549a3d947f1a7c404a824993a038faca,2877.02,117.59,11.503259064,55000,56000
b6cbc3f7549a3d947f1a7c404a824993a038faca,2907.81,119.19,11.628692441,55000,56000
b6cbc3f7549a3d947f1a7c404a824993a038faca,2882.06,116.91,11.522789185,56000,56000
b6cbc3f7549a3d947f1a7c404a824993a038faca,2820.46,114.91,11.267574741,56000,56000
b6cbc3f7549a3d947f1a7c404a824993a038faca,2929.48,119.52,11.714525039,56000,56000
b6cbc3f7549a3d947f1a7c404a824993a038faca,2894.37,117.60,11.594689344,55000,55000
f9968dfc94f09d59c86be26f5fd6f1e4465ce16f,2878.33,117.49,11.519686124,55000,55000
f9968dfc94f09d59c86be26f5fd6f1e4465ce16f,2946.87,120.04,11.789261058,55000,56000
f9968dfc94f09d59c86be26f5fd6f1e4465ce16f,2880.42,117.37,11.504496308,56000,55000
f9968dfc94f09d59c86be26f5fd6f1e4465ce16f,2839.29,115.76,11.351993906,56000,56000
f9968dfc94f09d59c86be26f5fd6f1e4465ce16f,2883.05,116.78,11.554336738,56000,56000
f9968dfc94f09d59c86be26f5fd6f1e4465ce16f,2849.61,116.02,11.397522288,56000,56000
f9968dfc94f09d59c86be26f5fd6f1e4465ce16f,2860.83,116.65,11.442543695,56000,56000
f9968dfc94f09d59c86be26f5fd6f1e4465ce16f,2940.19,120.01,11.769713489,55000,56000
f9968dfc94f09d59c86be26f5fd6f1e4465ce16f,2825.35,114.50,11.291503689,55000,56000
f9968dfc94f09d59c86be26f5fd6f1e4465ce16f,2851.84,116.23,11.380600851,56000,56000
f9968dfc94f09d59c86be26f5fd6f1e4465ce16f,2884.72,117.32,11.545970521,56000,56000
f9968dfc94f09d59c86be26f5fd6f1e4465ce16f,2939.24,120.18,11.767365160,56000,56000
f9968dfc94f09d59c86be26f5fd6f1e4465ce16f,2918.26,118.93,11.698893148,56000,56000
f9968dfc94f09d59c86be26f5fd6f1e4465ce16f,2957.13,120.60,11.835719141,56000,56000
f9968dfc94f09d59c86be26f5fd6f1e4465ce16f,2845.69,115.62,11.370014906,56000,56000
f9968dfc94f09d59c86be26f5fd6f1e4465ce16f,2903.45,117.91,11.621213573,56000,56000
f9968dfc94f09d59c86be26f5fd6f1e4465ce16f,2853.61,116.24,11.417615939,55000,56000
f9968dfc94f09d59c86be26f5fd6f1e4465ce16f,2896.89,117.82,11.601708070,55000,56000
f9968dfc94f09d59c86be26f5fd6f1e4465ce16f,2883.83,117.64,11.516567313,55000,55000
f9968dfc94f09d59c86be26f5fd6f1e4465ce16f,2901.78,118.16,11.603583649,55000,55000
f9968dfc94f09d59c86be26f5fd6f1e4465ce16f,2905.44,118.19,11.607311138,56000,56000
f9968dfc94f09d59c86be26f5fd6f1e4465ce16f,2856.11,115.93,11.449709742,56000,56000
f9968dfc94f09d59c86be26f5fd6f1e4465ce16f,2791.87,113.36,11.159552791,55000,55000
f9968dfc94f09d59c86be26f5fd6f1e4465ce16f,2881.02,117.05,11.553947742,55000,56000
f9968dfc94f09d59c86be26f5fd6f1e4465ce16f,2884.69,117.23,11.556750114,55000,56000
f9968dfc94f09d59c86be26f5fd6f1e4465ce16f,2913.97,118.38,11.683903451,56000,55000
f9968dfc94f09d59c86be26f5fd6f1e4465ce16f,2938.84,119.15,11.796196712,55000,55000
f9968dfc94f09d59c86be26f5fd6f1e4465ce16f,2900.25,118.04,11.616750516,56000,55000
f9968dfc94f09d59c86be26f5fd6f1e4465ce16f,2956.99,121.08,11.831754003,55000,56000
f9968dfc94f09d59c86be26f5fd6f1e4465ce16f,2908.89,118.83,11.641025157,56000,56000
5de4a0f79c12c2f4ac4c2bec428efffb01bd92b8,2890.86,118.28,11.548421100,56000,55000
5de4a0f79c12c2f4ac4c2bec428efffb01bd92b8,2930.80,119.09,11.741431810,56000,56000
5de4a0f79c12c2f4ac4c2bec428efffb01bd92b8,2872.62,117.05,11.483091211,56000,56000
5de4a0f79c12c2f4ac4c2bec428efffb01bd92b8,2885.11,117.93,11.534678592,56000,55000
5de4a0f79c12c2f4ac4c2bec428efffb01bd92b8,2945.24,120.27,11.775008764,56000,55000
5de4a0f79c12c2f4ac4c2bec428efffb01bd92b8,2856.13,116.62,11.423732061,56000,56000
5de4a0f79c12c2f4ac4c2bec428efffb01bd92b8,2931.92,119.68,11.724255112,56000,56000
5de4a0f79c12c2f4ac4c2bec428efffb01bd92b8,2921.85,119.04,11.703417154,55000,56000
5de4a0f79c12c2f4ac4c2bec428efffb01bd92b8,2928.58,119.37,11.719136847,56000,56000
5de4a0f79c12c2f4ac4c2bec428efffb01bd92b8,2876.60,116.98,11.525944099,56000,56000
5de4a0f79c12c2f4ac4c2bec428efffb01bd92b8,2939.24,119.61,11.771684025,55000,56000
5de4a0f79c12c2f4ac4c2bec428efffb01bd92b8,2899.02,117.65,11.610845922,55000,56000
5de4a0f79c12c2f4ac4c2bec428efffb01bd92b8,2930.96,119.45,11.722987950,56000,56000
5de4a0f79c12c2f4ac4c2bec428efffb01bd92b8,2830.56,115.02,11.299907082,56000,56000
5de4a0f79c12c2f4ac4c2bec428efffb01bd92b8,2960.60,121.35,11.840414382,56000,56000
5de4a0f79c12c2f4ac4c2bec428efffb01bd92b8,2852.63,115.46,11.443394311,56000,56000
5de4a0f79c12c2f4ac4c2bec428efffb01bd92b8,2876.93,117.30,11.521859477,56000,55000
5de4a0f79c12c2f4ac4c2bec428efffb01bd92b8,2935.56,119.66,11.761246231,55000,56000
5de4a0f79c12c2f4ac4c2bec428efffb01bd92b8,2837.97,115.88,11.351390574,56000,56000
5de4a0f79c12c2f4ac4c2bec428efffb01bd92b8,2918.93,118.82,11.679915409,56000,55000
5de4a0f79c12c2f4ac4c2bec428efffb01bd92b8,2923.25,119.98,11.678213493,56000,56000
5de4a0f79c12c2f4ac4c2bec428efffb01bd92b8,2889.74,117.79,11.571874326,56000,55000
5de4a0f79c12c2f4ac4c2bec428efffb01bd92b8,2972.41,121.10,11.917002966,56000,56000
5de4a0f79c12c2f4ac4c2bec428efffb01bd92b8,2849.30,115.84,11.385780251,56000,56000
5de4a0f79c12c2f4ac4c2bec428efffb01bd92b8,2933.60,119.87,11.699190191,56000,55000
5de4a0f79c12c2f4ac4c2bec428efffb01bd92b8,2921.24,119.68,11.683841369,56000,56000
5de4a0f79c12c2f4ac4c2bec428efffb01bd92b8,2892.74,117.55,11.605052341,56000,56000
5de4a0f79c12c2f4ac4c2bec428efffb01bd92b8,2886.32,117.98,11.560819623,56000,56000
5de4a0f79c12c2f4ac4c2bec428efffb01bd92b8,2873.04,117.28,11.509221759,56000,56000
5de4a0f79c12c2f4ac4c2bec428efffb01bd92b8,2889.89,117.86,11.569373566,55000,55000
26a54f6fa106c0233cca0fbdfbb356603501ce13,2894.00,118.31,11.570779522,55000,56000
26a54f6fa106c0233cca0fbdfbb356603501ce13,2900.80,117.77,11.625327945,56000,56000
26a54f6fa106c0233cca0fbdfbb356603501ce13,2874.68,116.78,11.517337094,56000,56000
26a54f6fa106c0233cca0fbdfbb356603501ce13,2894.36,117.92,11.578215083,55000,56000
26a54f6fa106c0233cca0fbdfbb356603501ce13,2926.53,119.45,11.705586587,56000,56000
26a54f6fa106c0233cca0fbdfbb356603501ce13,2855.51,116.19,11.420981243,56000,56000
26a54f6fa106c0233cca0fbdfbb356603501ce13,2889.16,117.62,11.561605639,56000,56000
26a54f6fa106c0233cca0fbdfbb356603501ce13,2928.88,119.55,11.714145939,56000,56000
26a54f6fa106c0233cca0fbdfbb356603501ce13,2957.11,120.46,11.839144819,55000,55000
26a54f6fa106c0233cca0fbdfbb356603501ce13,2873.35,117.37,11.483837438,56000,56000
26a54f6fa106c0233cca0fbdfbb356603501ce13,2908.52,118.44,11.644412625,55000,56000
26a54f6fa106c0233cca0fbdfbb356603501ce13,2829.88,114.65,11.307146885,55000,55000
26a54f6fa106c0233cca0fbdfbb356603501ce13,2842.26,115.63,11.353870861,55000,56000
26a54f6fa106c0233cca0fbdfbb356603501ce13,2882.50,116.95,11.562179584,56000,56000
26a54f6fa106c0233cca0fbdfbb356603501ce13,2888.82,117.64,11.538500608,56000,56000
26a54f6fa106c0233cca0fbdfbb356603501ce13,2891.64,117.82,11.582262813,56000,56000
26a54f6fa106c0233cca0fbdfbb356603501ce13,2883.24,117.70,11.529233530,56000,56000
26a54f6fa106c0233cca0fbdfbb356603501ce13,2793.86,113.24,11.187467703,56000,55000
26a54f6fa106c0233cca0fbdfbb356603501ce13,2899.86,118.48,11.592616686,56000,55000
26a54f6fa106c0233cca0fbdfbb356603501ce13,2857.04,116.47,11.443362199,55000,55000
26a54f6fa106c0233cca0fbdfbb356603501ce13,2907.95,118.92,11.646935775,55000,55000
26a54f6fa106c0233cca0fbdfbb356603501ce13,2867.87,116.74,11.473858496,55000,56000
26a54f6fa106c0233cca0fbdfbb356603501ce13,2911.49,119.22,11.639618329,55000,55000
26a54f6fa106c0233cca0fbdfbb356603501ce13,2865.19,117.05,11.445777289,56000,56000
26a54f6fa106c0233cca0fbdfbb356603501ce13,2874.25,117.31,11.496476199,56000,55000
26a54f6fa106c0233cca0fbdfbb356603501ce13,2878.14,117.07,11.503138415,56000,56000
26a54f6fa106c0233cca0fbdfbb356603501ce13,2865.80,116.54,11.458447745,55000,55000
26a54f6fa106c0233cca0fbdfbb356603501ce13,2835.51,115.59,11.314846248,56000,55000
26a54f6fa106c0233cca0fbdfbb356603501ce13,2904.35,118.39,11.626005576,56000,56000
26a54f6fa106c0233cca0fbdfbb356603501ce13,2920.07,119.23,11.694837447,55000,56000
72442b9c30675926256503ef433cc61706d73b63,2816.78,113.60,11.262283745,56000,55000
72442b9c30675926256503ef433cc61706d73b63,2805.13,113.83,11.217540461,56000,56000
72442b9c30675926256503ef433cc61706d73b63,2834.60,115.48,11.336461199,56000,55000
72442b9c30675926256503ef433cc61706d73b63,2846.94,115.66,11.385365515,56000,55000
72442b9c30675926256503ef433cc61706d73b63,2886.68,117.68,11.542537501,56000,56000
72442b9c30675926256503ef433cc61706d73b63,2868.94,117.37,11.460619291,56000,56000
72442b9c30675926256503ef433cc61706d73b63,2884.51,118.06,11.524742158,56000,56000
72442b9c30675926256503ef433cc61706d73b63,2884.35,117.82,11.534534440,56000,56000
72442b9c30675926256503ef433cc61706d73b63,2840.17,115.24,11.357443233,56000,55000
72442b9c30675926256503ef433cc61706d73b63,2860.02,116.73,11.422302290,56000,55000
72442b9c30675926256503ef433cc61706d73b63,2905.06,118.87,11.625624312,56000,56000
72442b9c30675926256503ef433cc61706d73b63,2923.50,118.45,11.675353545,55000,56000
72442b9c30675926256503ef433cc61706d73b63,2888.56,117.95,11.559505857,56000,56000
72442b9c30675926256503ef433cc61706d73b63,2869.09,117.52,11.444637956,56000,56000
72442b9c30675926256503ef433cc61706d73b63,2917.42,118.75,11.665563713,56000,55000
72442b9c30675926256503ef433cc61706d73b63,2834.87,115.09,11.331562948,56000,56000
72442b9c30675926256503ef433cc61706d73b63,2853.79,116.72,11.387356149,56000,55000
72442b9c30675926256503ef433cc61706d73b63,2837.17,115.23,11.346009073,55000,56000
72442b9c30675926256503ef433cc61706d73b63,2864.72,116.57,11.459223607,55000,56000
72442b9c30675926256503ef433cc61706d73b63,2869.76,117.23,11.471459791,56000,56000
72442b9c30675926256503ef433cc61706d73b63,2874.89,117.32,11.483348291,55000,57000
72442b9c30675926256503ef433cc61706d73b63,2846.44,115.55,11.343095425,56000,56000
72442b9c30675926256503ef433cc61706d73b63,2871.70,117.82,11.468969898,56000,56000
72442b9c30675926256503ef433cc61706d73b63,2903.00,118.26,11.621326935,54000,56000
72442b9c30675926256503ef433cc61706d73b63,2859.64,116.94,11.397797424,56000,56000
72442b9c30675926256503ef433cc61706d73b63,2879.82,117.52,11.517452248,56000,56000
72442b9c30675926256503ef433cc61706d73b63,2865.19,116.35,11.460674942,56000,56000
72442b9c30675926256503ef433cc61706d73b63,2879.27,117.50,11.494110198,56000,56000
72442b9c30675926256503ef433cc61706d73b63,2825.12,114.97,11.283781514,56000,55000
72442b9c30675926256503ef433cc61706d73b63,2784.44,113.33,11.139332082,56000,55000
3c4225c90fb4dd3d5bcd38955ba421c2e9c94328,2810.52,114.49,11.251030460,55000,56000
3c4225c90fb4dd3d5bcd38955ba421c2e9c94328,2875.26,116.41,11.512314392,55000,55000
3c4225c90fb4dd3d5bcd38955ba421c2e9c94328,2904.84,118.71,11.596463363,56000,56000
3c4225c90fb4dd3d5bcd38955ba421c2e9c94328,2913.84,118.50,11.651837794,55000,56000
3c4225c90fb4dd3d5bcd38955ba421c2e9c94328,2929.94,119.38,11.729096732,56000,56000
3c4225c90fb4dd3d5bcd38955ba421c2e9c94328,2848.91,116.26,11.378353314,56000,56000
3c4225c90fb4dd3d5bcd38955ba421c2e9c94328,2893.64,117.20,11.579927652,54000,56000
3c4225c90fb4dd3d5bcd38955ba421c2e9c94328,2860.40,116.81,11.412321890,55000,56000
3c4225c90fb4dd3d5bcd38955ba421c2e9c94328,2846.24,116.26,11.388226725,55000,56000
3c4225c90fb4dd3d5bcd38955ba421c2e9c94328,2914.68,119.25,11.644845642,56000,56000
3c4225c90fb4dd3d5bcd38955ba421c2e9c94328,2923.78,119.41,11.668729044,56000,56000
3c4225c90fb4dd3d5bcd38955ba421c2e9c94328,2885.36,117.61,11.520603416,56000,56000
3c4225c90fb4dd3d5bcd38955ba421c2e9c94328,2942.04,119.92,11.755215571,56000,56000
3c4225c90fb4dd3d5bcd38955ba421c2e9c94328,2912.18,118.89,11.639057071,56000,56000
3c4225c90fb4dd3d5bcd38955ba421c2e9c94328,2886.25,117.70,11.548020354,56000,56000
3c4225c90fb4dd3d5bcd38955ba421c2e9c94328,2885.25,117.46,11.561305887,56000,56000
3c4225c90fb4dd3d5bcd38955ba421c2e9c94328,2845.64,115.42,11.379650950,55000,56000
3c4225c90fb4dd3d5bcd38955ba421c2e9c94328,2892.39,117.17,11.574239112,56000,55000
3c4225c90fb4dd3d5bcd38955ba421c2e9c94328,2864.46,116.38,11.408592716,56000,56000
3c4225c90fb4dd3d5bcd38955ba421c2e9c94328,2896.89,117.90,11.583770055,56000,56000
3c4225c90fb4dd3d5bcd38955ba421c2e9c94328,2897.57,117.93,11.553554004,56000,55000
3c4225c90fb4dd3d5bcd38955ba421c2e9c94328,2921.17,118.97,11.663316276,55000,56000
3c4225c90fb4dd3d5bcd38955ba421c2e9c94328,2849.43,115.84,11.351733330,56000,55000
3c4225c90fb4dd3d5bcd38955ba421c2e9c94328,2907.43,117.91,11.599911951,56000,56000
3c4225c90fb4dd3d5bcd38955ba421c2e9c94328,2839.83,115.27,11.339616690,55000,56000
3c4225c90fb4dd3d5bcd38955ba421c2e9c94328,2925.53,119.72,11.709183269,56000,55000
3c4225c90fb4dd3d5bcd38955ba421c2e9c94328,2869.65,117.00,11.452461569,55000,56000
3c4225c90fb4dd3d5bcd38955ba421c2e9c94328,2844.15,115.56,11.376084789,56000,56000
3c4225c90fb4dd3d5bcd38955ba421c2e9c94328,2881.78,117.49,11.497728081,56000,56000
3c4225c90fb4dd3d5bcd38955ba421c2e9c94328,2919.40,119.02,11.634118620,56000,56000
5c3904cb2f9962fd5f0089cf57d00414329d1084,2872.64,116.97,11.492271925,55000,55000
5c3904cb2f9962fd5f0089cf57d00414329d1084,2893.23,118.36,11.559849313,56000,56000
5c3904cb2f9962fd5f0089cf57d00414329d1084,2889.13,117.67,11.555055970,56000,56000
5c3904cb2f9962fd5f0089cf57d00414329d1084,2945.37,119.52,11.775525408,56000,55000
5c3904cb2f9962fd5f0089cf57d00414329d1084,2917.18,118.35,11.663193672,56000,55000
5c3904cb2f9962fd5f0089cf57d00414329d1084,2969.06,121.16,11.844380609,54000,55000
5c3904cb2f9962fd5f0089cf57d00414329d1084,2882.86,117.60,11.511812545,56000,55000
5c3904cb2f9962fd5f0089cf57d00414329d1084,2891.77,117.33,11.574048467,56000,56000
5c3904cb2f9962fd5f0089cf57d00414329d1084,2874.92,116.83,11.495666319,55000,56000
5c3904cb2f9962fd5f0089cf57d00414329d1084,2850.37,115.48,11.390425574,56000,56000
5c3904cb2f9962fd5f0089cf57d00414329d1084,2914.02,118.84,11.617547943,56000,56000
5c3904cb2f9962fd5f0089cf57d00414329d1084,2879.25,117.13,11.489935430,56000,56000
5c3904cb2f9962fd5f0089cf57d00414329d1084,2873.36,117.26,11.472382480,56000,56000
5c3904cb2f9962fd5f0089cf57d00414329d1084,2960.83,120.89,11.834191227,56000,56000
5c3904cb2f9962fd5f0089cf57d00414329d1084,2851.83,116.14,11.399563560,55000,56000
5c3904cb2f9962fd5f0089cf57d00414329d1084,2892.86,117.83,11.565156977,55000,56000
5c3904cb2f9962fd5f0089cf57d00414329d1084,2938.44,119.36,11.740153663,55000,55000
5c3904cb2f9962fd5f0089cf57d00414329d1084,2885.08,117.17,11.541334394,55000,56000
5c3904cb2f9962fd5f0089cf57d00414329d1084,2919.82,118.65,11.686492209,55000,55000
5c3904cb2f9962fd5f0089cf57d00414329d1084,2887.98,117.42,11.531525919,55000,56000
5c3904cb2f9962fd5f0089cf57d00414329d1084,2936.81,119.09,11.747779841,55000,56000
5c3904cb2f9962fd5f0089cf57d00414329d1084,2836.44,114.92,11.341575862,56000,55000
5c3904cb2f9962fd5f0089cf57d00414329d1084,2918.92,119.23,11.653941587,56000,56000
5c3904cb2f9962fd5f0089cf57d00414329d1084,2931.73,119.13,11.723241231,56000,56000
5c3904cb2f9962fd5f0089cf57d00414329d1084,2844.24,115.35,11.345211679,56000,56000
5c3904cb2f9962fd5f0089cf57d00414329d1084,2916.01,118.77,11.639237487,56000,55000
5c3904cb2f9962fd5f0089cf57d00414329d1084,2871.08,116.31,11.457219776,56000,55000
5c3904cb2f9962fd5f0089cf57d00414329d1084,2881.18,117.94,11.487246132,56000,56000
5c3904cb2f9962fd5f0089cf57d00414329d1084,2887.81,117.59,11.563919168,56000,56000
5c3904cb2f9962fd5f0089cf57d00414329d1084,2854.71,116.15,11.403375742,55000,55000
d213e12d80baceac028d2a74a4d2a13d004c1512,2883.87,117.71,11.539828033,56000,56000
d213e12d80baceac028d2a74a4d2a13d004c1512,2870.04,116.87,11.486329349,55000,56000
d213e12d80baceac028d2a74a4d2a13d004c1512,2866.52,116.77,11.440963878,56000,56000
d213e12d80baceac028d2a74a4d2a13d004c1512,2834.47,115.77,11.319385881,56000,56000
d213e12d80baceac028d2a74a4d2a13d004c1512,2862.19,116.95,11.438652795,55000,56000
d213e12d80baceac028d2a74a4d2a13d004c1512,2877.74,117.32,11.453209598,56000,56000
d213e12d80baceac028d2a74a4d2a13d004c1512,2826.72,115.15,11.290596261,56000,56000
d213e12d80baceac028d2a74a4d2a13d004c1512,2919.68,119.23,11.663557223,55000,56000
d213e12d80baceac028d2a74a4d2a13d004c1512,2831.39,115.23,11.311611911,56000,56000
d213e12d80baceac028d2a74a4d2a13d004c1512,2765.89,112.04,11.030503071,56000,56000
d213e12d80baceac028d2a74a4d2a13d004c1512,2884.89,117.15,11.526411930,55000,56000
d213e12d80baceac028d2a74a4d2a13d004c1512,2897.18,118.26,11.556204839,56000,56000
d213e12d80baceac028d2a74a4d2a13d004c1512,2874.12,117.40,11.448640041,55000,56000
d213e12d80baceac028d2a74a4d2a13d004c1512,2852.21,116.23,11.383476057,56000,55000
d213e12d80baceac028d2a74a4d2a13d004c1512,2924.62,119.19,11.705278327,56000,56000
d213e12d80baceac028d2a74a4d2a13d004c1512,2878.75,117.25,11.521121070,56000,55000
d213e12d80baceac028d2a74a4d2a13d004c1512,2837.24,115.83,11.315425644,56000,56000
d213e12d80baceac028d2a74a4d2a13d004c1512,2911.52,118.65,11.612595954,55000,55000
d213e12d80baceac028d2a74a4d2a13d004c1512,2927.02,119.71,11.681575590,55000,54000
d213e12d80baceac028d2a74a4d2a13d004c1512,2795.99,113.76,11.148280420,56000,56000
d213e12d80baceac028d2a74a4d2a13d004c1512,2913.22,118.71,11.643425559,56000,56000
d213e12d80baceac028d2a74a4d2a13d004c1512,2865.49,116.82,11.444847103,56000,56000
d213e12d80baceac028d2a74a4d2a13d004c1512,2881.00,117.91,11.496803681,56000,56000
d213e12d80baceac028d2a74a4d2a13d004c1512,2839.74,115.58,11.338462999,56000,56000
d213e12d80baceac028d2a74a4d2a13d004c1512,2830.26,115.13,11.301046595,56000,56000
d213e12d80baceac028d2a74a4d2a13d004c1512,2883.10,117.73,11.504674950,56000,55000
d213e12d80baceac028d2a74a4d2a13d004c1512,2866.94,116.90,11.437811787,56000,56000
d213e12d80baceac028d2a74a4d2a13d004c1512,2883.33,118.00,11.487954926,56000,56000
d213e12d80baceac028d2a74a4d2a13d004c1512,2874.42,117.38,11.477316955,55000,56000
d213e12d80baceac028d2a74a4d2a13d004c1512,2882.79,117.96,11.496342204,56000,56000
dfaeab46aa80ccf3dd1e26de2d57719eca8ab035,2881.02,117.63,11.481111137,55000,55000
dfaeab46aa80ccf3dd1e26de2d57719eca8ab035,2864.50,117.15,11.432048497,55000,56000
dfaeab46aa80ccf3dd1e26de2d57719eca8ab035,2932.23,119.27,11.709563846,55000,55000
dfaeab46aa80ccf3dd1e26de2d57719eca8ab035,2910.15,119.10,11.625678667,56000,56000
dfaeab46aa80ccf3dd1e26de2d57719eca8ab035,2868.61,117.22,11.451583031,55000,56000
dfaeab46aa80ccf3dd1e26de2d57719eca8ab035,2865.28,116.72,11.436228788,55000,55000
dfaeab46aa80ccf3dd1e26de2d57719eca8ab035,2891.58,117.85,11.553013778,55000,56000
dfaeab46aa80ccf3dd1e26de2d57719eca8ab035,2883.59,118.06,11.503427893,54000,56000
dfaeab46aa80ccf3dd1e26de2d57719eca8ab035,2885.19,117.60,11.515458320,55000,56000
dfaeab46aa80ccf3dd1e26de2d57719eca8ab035,2868.85,116.97,11.486138452,56000,56000
dfaeab46aa80ccf3dd1e26de2d57719eca8ab035,2869.10,116.89,11.455567755,55000,56000
dfaeab46aa80ccf3dd1e26de2d57719eca8ab035,2824.26,115.08,11.255153807,54000,55000
dfaeab46aa80ccf3dd1e26de2d57719eca8ab035,2924.25,119.45,11.669236965,56000,56000
dfaeab46aa80ccf3dd1e26de2d57719eca8ab035,2856.34,116.42,11.413387516,56000,56000
dfaeab46aa80ccf3dd1e26de2d57719eca8ab035,2870.25,117.01,11.465135554,55000,55000
dfaeab46aa80ccf3dd1e26de2d57719eca8ab035,2858.90,117.00,11.403334383,55000,56000
dfaeab46aa80ccf3dd1e26de2d57719eca8ab035,2941.51,119.82,11.738658256,55000,56000
dfaeab46aa80ccf3dd1e26de2d57719eca8ab035,2826.42,114.72,11.295659945,56000,56000
dfaeab46aa80ccf3dd1e26de2d57719eca8ab035,2867.20,116.84,11.407343558,56000,55000
dfaeab46aa80ccf3dd1e26de2d57719eca8ab035,2762.69,111.65,11.008399030,56000,56000
dfaeab46aa80ccf3dd1e26de2d57719eca8ab035,2903.40,118.94,11.583979946,55000,56000
dfaeab46aa80ccf3dd1e26de2d57719eca8ab035,2859.59,116.77,11.420958227,56000,56000
dfaeab46aa80ccf3dd1e26de2d57719eca8ab035,2883.71,117.40,11.520295157,55000,56000
dfaeab46aa80ccf3dd1e26de2d57719eca8ab035,2904.56,118.56,11.619032301,56000,55000
dfaeab46aa80ccf3dd1e26de2d57719eca8ab035,2867.93,116.59,11.445532137,56000,56000
dfaeab46aa80ccf3dd1e26de2d57719eca8ab035,2884.21,117.00,11.512853996,56000,55000
dfaeab46aa80ccf3dd1e26de2d57719eca8ab035,2789.43,112.85,11.112676391,55000,56000
dfaeab46aa80ccf3dd1e26de2d57719eca8ab035,2871.18,117.43,11.436937762,56000,55000
dfaeab46aa80ccf3dd1e26de2d57719eca8ab035,2894.00,117.98,11.547501049,56000,56000
dfaeab46aa80ccf3dd1e26de2d57719eca8ab035,2902.62,118.29,11.589865277,56000,56000
2ffdc7b45e6826ff8cbe0854fc482a4739ef7e9e,2870.88,117.26,11.467444896,56000,56000
2ffdc7b45e6826ff8cbe0854fc482a4739ef7e9e,2870.19,117.07,11.466427242,55000,55000
2ffdc7b45e6826ff8cbe0854fc482a4739ef7e9e,2864.57,117.10,11.451969194,55000,56000
2ffdc7b45e6826ff8cbe0854fc482a4739ef7e9e,2887.91,117.81,11.535903313,56000,56000
2ffdc7b45e6826ff8cbe0854fc482a4739ef7e9e,2840.96,115.63,11.326264224,56000,55000
2ffdc7b45e6826ff8cbe0854fc482a4739ef7e9e,2835.37,114.47,11.355507090,55000,55000
2ffdc7b45e6826ff8cbe0854fc482a4739ef7e9e,2858.59,116.24,11.440361308,56000,56000
2ffdc7b45e6826ff8cbe0854fc482a4739ef7e9e,2887.99,117.30,11.564279496,55000,55000
2ffdc7b45e6826ff8cbe0854fc482a4739ef7e9e,2878.39,117.09,11.499225385,56000,56000
2ffdc7b45e6826ff8cbe0854fc482a4739ef7e9e,2846.13,115.66,11.377658128,56000,56000
2ffdc7b45e6826ff8cbe0854fc482a4739ef7e9e,2870.00,117.54,11.472973861,56000,55000
2ffdc7b45e6826ff8cbe0854fc482a4739ef7e9e,2887.61,118.15,11.544878398,56000,56000
2ffdc7b45e6826ff8cbe0854fc482a4739ef7e9e,2847.86,116.03,11.389308868,56000,55000
2ffdc7b45e6826ff8cbe0854fc482a4739ef7e9e,2834.18,115.27,11.324559817,56000,55000
2ffdc7b45e6826ff8cbe0854fc482a4739ef7e9e,2847.67,115.64,11.369258153,56000,56000
2ffdc7b45e6826ff8cbe0854fc482a4739ef7e9e,2822.01,114.81,11.251174708,56000,56000
2ffdc7b45e6826ff8cbe0854fc482a4739ef7e9e,2836.34,115.20,11.312887506,56000,56000
2ffdc7b45e6826ff8cbe0854fc482a4739ef7e9e,2888.65,117.14,11.555861095,56000,55000
2ffdc7b45e6826ff8cbe0854fc482a4739ef7e9e,2901.39,118.13,11.593034610,56000,56000
2ffdc7b45e6826ff8cbe0854fc482a4739ef7e9e,2819.80,114.87,11.259175364,56000,55000
2ffdc7b45e6826ff8cbe0854fc482a4739ef7e9e,2850.78,116.51,11.381140337,55000,56000
2ffdc7b45e6826ff8cbe0854fc482a4739ef7e9e,2813.61,115.04,11.251728321,56000,56000
2ffdc7b45e6826ff8cbe0854fc482a4739ef7e9e,2879.58,117.57,11.522187122,56000,55000
2ffdc7b45e6826ff8cbe0854fc482a4739ef7e9e,2889.45,118.27,11.554724976,56000,56000
2ffdc7b45e6826ff8cbe0854fc482a4739ef7e9e,2839.63,116.12,11.329230350,56000,55000
2ffdc7b45e6826ff8cbe0854fc482a4739ef7e9e,2845.97,116.31,11.355859119,56000,55000
2ffdc7b45e6826ff8cbe0854fc482a4739ef7e9e,2819.10,114.72,11.268186784,56000,55000
2ffdc7b45e6826ff8cbe0854fc482a4739ef7e9e,2874.31,117.42,11.462809924,55000,55000
2ffdc7b45e6826ff8cbe0854fc482a4739ef7e9e,2895.79,117.60,11.579818836,56000,56000
2ffdc7b45e6826ff8cbe0854fc482a4739ef7e9e,2857.06,116.43,11.414948377,56000,56000
78174c763361de0a19ea4f7acc92140a9c24b993,2843.22,115.62,11.354799395,55000,56000
78174c763361de0a19ea4f7acc92140a9c24b993,2836.04,115.75,11.325087165,55000,56000
78174c763361de0a19ea4f7acc92140a9c24b993,2933.35,119.63,11.713725389,56000,56000
78174c763361de0a19ea4f7acc92140a9c24b993,2921.78,119.22,11.663546069,55000,56000
78174c763361de0a19ea4f7acc92140a9c24b993,2918.33,118.80,11.669983696,55000,56000
78174c763361de0a19ea4f7acc92140a9c24b993,2889.91,118.07,11.524690707,55000,55000
78174c763361de0a19ea4f7acc92140a9c24b993,2853.05,115.90,11.424856287,56000,54000
78174c763361de0a19ea4f7acc92140a9c24b993,2838.37,115.81,11.337314615,55000,56000
78174c763361de0a19ea4f7acc92140a9c24b993,2871.35,117.09,11.453984381,56000,56000
78174c763361de0a19ea4f7acc92140a9c24b993,2871.27,117.68,11.460828621,55000,56000
78174c763361de0a19ea4f7acc92140a9c24b993,2840.09,115.15,11.355799838,56000,56000
78174c763361de0a19ea4f7acc92140a9c24b993,2862.52,116.98,11.459173049,56000,55000
78174c763361de0a19ea4f7acc92140a9c24b993,2885.96,117.92,11.534393900,56000,56000
78174c763361de0a19ea4f7acc92140a9c24b993,2812.16,114.17,11.236257301,56000,56000
78174c763361de0a19ea4f7acc92140a9c24b993,2876.33,117.40,11.477942492,56000,56000
78174c763361de0a19ea4f7acc92140a9c24b993,2843.97,115.67,11.340064362,55000,56000
78174c763361de0a19ea4f7acc92140a9c24b993,2746.78,111.36,10.965984357,55000,56000
78174c763361de0a19ea4f7acc92140a9c24b993,2925.28,119.25,11.672220000,56000,55000
78174c763361de0a19ea4f7acc92140a9c24b993,2835.81,115.31,11.349327021,55000,56000
78174c763361de0a19ea4f7acc92140a9c24b993,2845.81,115.56,11.366074682,56000,56000
78174c763361de0a19ea4f7acc92140a9c24b993,2889.89,117.37,11.546331151,56000,56000
78174c763361de0a19ea4f7acc92140a9c24b993,2877.78,117.17,11.505780110,56000,56000
78174c763361de0a19ea4f7acc92140a9c24b993,2877.35,117.34,11.504498503,56000,56000
78174c763361de0a19ea4f7acc92140a9c24b993,2892.34,118.56,11.550283603,56000,56000
78174c763361de0a19ea4f7acc92140a9c24b993,2816.18,114.46,11.216389191,56000,56000
78174c763361de0a19ea4f7acc92140a9c24b993,2933.48,119.95,11.710033991,56000,55000
78174c763361de0a19ea4f7acc92140a9c24b993,2864.99,117.12,11.408539566,55000,56000
78174c763361de0a19ea4f7acc92140a9c24b993,2840.15,115.72,11.346511293,56000,56000
78174c763361de0a19ea4f7acc92140a9c24b993,2856.13,116.26,11.386931745,56000,56000
78174c763361de0a19ea4f7acc92140a9c24b993,2807.57,114.16,11.205371828,56000,56000
4a8c8c9c8bf86fff43d5a6726780b18041b748e4,2872.66,117.28,11.461333687,56000,56000
4a8c8c9c8bf86fff43d5a6726780b18041b748e4,2889.93,118.07,11.539652290,56000,55000
4a8c8c9c8bf86fff43d5a6726780b18041b748e4,2874.91,117.88,11.490606825,56000,56000
4a8c8c9c8bf86fff43d5a6726780b18041b748e4,2844.92,116.09,11.343779607,56000,56000
4a8c8c9c8bf86fff43d5a6726780b18041b748e4,2905.39,118.47,11.591843881,55000,55000
4a8c8c9c8bf86fff43d5a6726780b18041b748e4,2879.80,117.59,11.518988417,55000,56000
4a8c8c9c8bf86fff43d5a6726780b18041b748e4,2868.21,116.92,11.441150363,56000,56000
4a8c8c9c8bf86fff43d5a6726780b18041b748e4,2866.66,116.80,11.460593063,55000,56000
4a8c8c9c8bf86fff43d5a6726780b18041b748e4,2911.06,118.59,11.646332990,56000,56000
4a8c8c9c8bf86fff43d5a6726780b18041b748e4,2851.20,116.10,11.400524766,56000,56000
4a8c8c9c8bf86fff43d5a6726780b18041b748e4,2846.92,116.18,11.390839783,56000,56000
4a8c8c9c8bf86fff43d5a6726780b18041b748e4,2890.80,118.01,11.553018635,56000,55000
4a8c8c9c8bf86fff43d5a6726780b18041b748e4,2916.53,119.15,11.681264989,56000,56000
4a8c8c9c8bf86fff43d5a6726780b18041b748e4,2828.56,114.87,11.297196225,56000,56000
4a8c8c9c8bf86fff43d5a6726780b18041b748e4,2867.40,117.39,11.426829493,56000,56000
4a8c8c9c8bf86fff43d5a6726780b18041b748e4,2832.62,115.51,11.310276660,55000,55000
4a8c8c9c8bf86fff43d5a6726780b18041b748e4,2874.83,117.31,11.497564693,56000,55000
4a8c8c9c8bf86fff43d5a6726780b18041b748e4,2854.21,116.09,11.392705409,55000,55000
4a8c8c9c8bf86fff43d5a6726780b18041b748e4,2900.15,117.96,11.586506010,55000,56000
4a8c8c9c8bf86fff43d5a6726780b18041b748e4,2876.35,117.34,11.496107434,56000,55000
4a8c8c9c8bf86fff43d5a6726780b18041b748e4,2820.16,114.78,11.267366359,56000,56000
4a8c8c9c8bf86fff43d5a6726780b18041b748e4,2916.54,118.18,11.652210024,55000,56000
4a8c8c9c8bf86fff43d5a6726780b18041b748e4,2860.58,117.06,11.423654433,56000,56000
4a8c8c9c8bf86fff43d5a6726780b18041b748e4,2794.42,112.93,11.156485238,56000,56000
4a8c8c9c8bf86fff43d5a6726780b18041b748e4,2861.07,117.19,11.415065557,56000,56000
4a8c8c9c8bf86fff43d5a6726780b18041b748e4,2911.81,118.65,11.625991457,56000,56000
4a8c8c9c8bf86fff43d5a6726780b18041b748e4,2885.91,118.05,11.512993949,55000,56000
4a8c8c9c8bf86fff43d5a6726780b18041b748e4,2793.95,113.19,11.162928405,55000,56000
4a8c8c9c8bf86fff43d5a6726780b18041b748e4,2861.85,116.77,11.423767792,55000,56000
4a8c8c9c8bf86fff43d5a6726780b18041b748e4,2891.35,118.19,11.556842502,56000,56000
44e455a864df8648053805890d81e35e340d3f06,2923.82,119.70,11.671159805,55000,55000
44e455a864df8648053805890d81e35e340d3f06,2878.52,117.49,11.517077969,56000,56000
44e455a864df8648053805890d81e35e340d3f06,2841.25,115.65,11.346830111,55000,56000
44e455a864df8648053805890d81e35e340d3f06,2880.11,117.37,11.485279657,55000,56000
44e455a864df8648053805890d81e35e340d3f06,2845.06,116.37,11.335912836,54000,56000
44e455a864df8648053805890d81e35e340d3f06,2884.45,117.92,11.497097215,55000,55000
44e455a864df8648053805890d81e35e340d3f06,2887.03,117.44,11.536574453,55000,56000
44e455a864df8648053805890d81e35e340d3f06,2859.80,116.71,11.396785800,56000,56000
44e455a864df8648053805890d81e35e340d3f06,2865.05,116.68,11.438411344,56000,55000
44e455a864df8648053805890d81e35e340d3f06,2860.56,116.63,11.426030045,56000,56000
44e455a864df8648053805890d81e35e340d3f06,2845.12,116.28,11.370002394,55000,55000
44e455a864df8648053805890d81e35e340d3f06,2854.38,116.07,11.411913387,56000,55000
44e455a864df8648053805890d81e35e340d3f06,2848.39,116.03,11.377866377,56000,56000
44e455a864df8648053805890d81e35e340d3f06,2833.66,115.21,11.335888884,55000,56000
44e455a864df8648053805890d81e35e340d3f06,2885.01,117.42,11.543482749,56000,55000
44e455a864df8648053805890d81e35e340d3f06,2877.44,117.27,11.513190332,55000,56000
44e455a864df8648053805890d81e35e340d3f06,2802.58,114.21,11.179222781,56000,55000
44e455a864df8648053805890d81e35e340d3f06,2938.65,119.75,11.744688622,56000,55000
44e455a864df8648053805890d81e35e340d3f06,2887.90,117.10,11.518638642,55000,56000
44e455a864df8648053805890d81e35e340d3f06,2874.22,117.27,11.458744240,56000,55000
44e455a864df8648053805890d81e35e340d3f06,2779.00,113.33,11.080646964,56000,56000
44e455a864df8648053805890d81e35e340d3f06,2849.14,116.18,11.388173581,56000,56000
44e455a864df8648053805890d81e35e340d3f06,2838.59,115.67,11.318650329,56000,56000
44e455a864df8648053805890d81e35e340d3f06,2920.93,119.65,11.645770462,56000,56000
44e455a864df8648053805890d81e35e340d3f06,2853.74,116.30,11.376206886,55000,56000
44e455a864df8648053805890d81e35e340d3f06,2878.92,117.64,11.468584121,56000,56000
44e455a864df8648053805890d81e35e340d3f06,2781.71,112.65,11.083340612,56000,56000
44e455a864df8648053805890d81e35e340d3f06,2862.87,116.52,11.414340914,56000,56000
44e455a864df8648053805890d81e35e340d3f06,2841.93,115.32,11.354538549,56000,56000
44e455a864df8648053805890d81e35e340d3f06,2849.93,115.70,11.407947658,55000,56000
49157500037590fd4435277af32eea08bf7f9188,2781.30,112.78,11.140173086,56000,56000
49157500037590fd4435277af32eea08bf7f9188,2857.78,116.33,11.430953268,55000,55000
49157500037590fd4435277af32eea08bf7f9188,2847.13,115.90,11.362793571,56000,55000
49157500037590fd4435277af32eea08bf7f9188,2918.32,119.01,11.664721598,56000,56000
49157500037590fd4435277af32eea08bf7f9188,2849.53,116.31,11.361500981,56000,56000
49157500037590fd4435277af32eea08bf7f9188,2925.25,119.25,11.697853805,56000,56000
49157500037590fd4435277af32eea08bf7f9188,2862.77,116.15,11.419021465,55000,56000
49157500037590fd4435277af32eea08bf7f9188,2842.69,116.21,11.347826310,55000,55000
49157500037590fd4435277af32eea08bf7f9188,2892.69,117.95,11.547545774,56000,56000
49157500037590fd4435277af32eea08bf7f9188,2884.80,117.94,11.532056565,55000,56000
49157500037590fd4435277af32eea08bf7f9188,2842.23,116.05,11.330800434,56000,56000
49157500037590fd4435277af32eea08bf7f9188,2890.77,117.49,11.565461684,56000,56000
49157500037590fd4435277af32eea08bf7f9188,2860.14,115.83,11.440139047,56000,56000
49157500037590fd4435277af32eea08bf7f9188,2834.16,115.09,11.327132691,56000,56000
49157500037590fd4435277af32eea08bf7f9188,2896.87,118.34,11.592089062,55000,56000
49157500037590fd4435277af32eea08bf7f9188,2883.86,117.75,11.519187449,55000,56000
49157500037590fd4435277af32eea08bf7f9188,2886.17,118.01,11.529295092,55000,56000
49157500037590fd4435277af32eea08bf7f9188,2874.78,116.96,11.509130278,56000,55000
49157500037590fd4435277af32eea08bf7f9188,2878.78,117.47,11.506373822,56000,56000
49157500037590fd4435277af32eea08bf7f9188,2856.49,116.70,11.383838884,55000,55000
49157500037590fd4435277af32eea08bf7f9188,2880.50,116.97,11.502409403,55000,56000
49157500037590fd4435277af32eea08bf7f9188,2814.86,114.92,11.271205330,56000,56000
49157500037590fd4435277af32eea08bf7f9188,2828.56,115.37,11.286187705,56000,56000
49157500037590fd4435277af32eea08bf7f9188,2854.85,116.21,11.397678031,56000,56000
49157500037590fd4435277af32eea08bf7f9188,2823.94,115.10,11.274612606,56000,56000
49157500037590fd4435277af32eea08bf7f9188,2838.41,116.11,11.304075658,56000,56000
49157500037590fd4435277af32eea08bf7f9188,2859.77,116.28,11.416479056,56000,56000
49157500037590fd4435277af32eea08bf7f9188,2908.80,118.75,11.616306218,56000,55000
49157500037590fd4435277af32eea08bf7f9188,2902.29,118.25,11.578613953,55000,56000
49157500037590fd4435277af32eea08bf7f9188,2915.32,119.15,11.638752022,56000,55000
3607c41a6d9b15843dc8ef227696b494d038dc53,2855.06,117.21,11.431486815,55000,56000
3607c41a6d9b15843dc8ef227696b494d038dc53,2927.21,119.67,11.709064406,55000,55000
3607c41a6d9b15843dc8ef227696b494d038dc53,2881.14,117.50,11.500235167,55000,56000
3607c41a6d9b15843dc8ef227696b494d038dc53,2868.00,117.15,11.459405644,55000,56000
3607c41a6d9b15843dc8ef227696b494d038dc53,2871.82,116.36,11.471218675,56000,55000
3607c41a6d9b15843dc8ef227696b494d038dc53,2801.31,113.63,11.193614124,56000,56000
3607c41a6d9b15843dc8ef227696b494d038dc53,2875.57,117.01,11.449051641,56000,56000
3607c41a6d9b15843dc8ef227696b494d038dc53,2930.69,119.76,11.695297860,55000,56000
3607c41a6d9b15843dc8ef227696b494d038dc53,2893.58,117.81,11.575497520,55000,54000
3607c41a6d9b15843dc8ef227696b494d038dc53,2906.15,118.77,11.605148750,56000,55000
3607c41a6d9b15843dc8ef227696b494d038dc53,2889.33,118.26,11.523623296,56000,56000
3607c41a6d9b15843dc8ef227696b494d038dc53,2784.48,112.84,11.134429212,55000,55000
3607c41a6d9b15843dc8ef227696b494d038dc53,2887.32,117.21,11.549836816,56000,56000
3607c41a6d9b15843dc8ef227696b494d038dc53,2932.76,119.57,11.713046161,56000,55000
3607c41a6d9b15843dc8ef227696b494d038dc53,2807.76,113.77,11.191882333,55000,56000
3607c41a6d9b15843dc8ef227696b494d038dc53,2838.27,115.38,11.348180751,56000,56000
3607c41a6d9b15843dc8ef227696b494d038dc53,2878.82,117.17,11.484890060,55000,55000
3607c41a6d9b15843dc8ef227696b494d038dc53,2887.92,117.36,11.513306361,56000,55000
3607c41a6d9b15843dc8ef227696b494d038dc53,2885.20,117.26,11.536217214,56000,56000
3607c41a6d9b15843dc8ef227696b494d038dc53,2895.85,118.41,11.589924626,55000,56000
3607c41a6d9b15843dc8ef227696b494d038dc53,2867.02,116.92,11.446158577,56000,56000
3607c41a6d9b15843dc8ef227696b494d038dc53,2922.46,119.08,11.675836279,56000,56000
3607c41a6d9b15843dc8ef227696b494d038dc53,2831.86,115.46,11.294030534,56000,56000
3607c41a6d9b15843dc8ef227696b494d038dc53,2836.71,115.72,11.317920587,56000,56000
3607c41a6d9b15843dc8ef227696b494d038dc53,2857.52,116.37,11.415518427,56000,56000
3607c41a6d9b15843dc8ef227696b494d038dc53,2852.34,116.25,11.383911204,56000,56000
3607c41a6d9b15843dc8ef227696b494d038dc53,2898.35,118.26,11.573308314,56000,55000
3607c41a6d9b15843dc8ef227696b494d038dc53,2918.32,119.14,11.646826761,56000,56000
3607c41a6d9b15843dc8ef227696b494d038dc53,2842.93,116.22,11.352664333,55000,55000
3607c41a6d9b15843dc8ef227696b494d038dc53,2917.88,118.72,11.648833248,56000,56000
207d81b77ccb90184d5efac18d945de585a77841,2868.74,117.28,11.477847063,56000,56000
207d81b77ccb90184d5efac18d945de585a77841,2905.46,118.73,11.633225921,56000,55000
207d81b77ccb90184d5efac18d945de585a77841,2829.43,115.46,11.299203664,56000,55000
207d81b77ccb90184d5efac18d945de585a77841,2916.11,119.19,11.648763606,56000,56000
207d81b77ccb90184d5efac18d945de585a77841,2850.76,116.53,11.382813202,56000,56000
207d81b77ccb90184d5efac18d945de585a77841,2920.13,118.99,11.672869548,56000,56000
207d81b77ccb90184d5efac18d945de585a77841,2891.72,117.58,11.549912686,55000,56000
207d81b77ccb90184d5efac18d945de585a77841,2874.71,116.52,11.479561571,56000,56000
207d81b77ccb90184d5efac18d945de585a77841,2904.32,118.26,11.601595396,56000,55000
207d81b77ccb90184d5efac18d945de585a77841,2864.32,116.86,11.428612762,56000,55000
207d81b77ccb90184d5efac18d945de585a77841,2880.52,117.35,11.528240723,56000,56000
207d81b77ccb90184d5efac18d945de585a77841,2885.00,117.50,11.536372480,56000,56000
207d81b77ccb90184d5efac18d945de585a77841,2898.09,118.58,11.566782817,56000,55000
207d81b77ccb90184d5efac18d945de585a77841,2842.89,115.75,11.361767202,56000,55000
207d81b77ccb90184d5efac18d945de585a77841,2884.11,117.57,11.507516681,55000,55000
207d81b77ccb90184d5efac18d945de585a77841,2838.15,114.43,11.370042285,56000,56000
207d81b77ccb90184d5efac18d945de585a77841,2863.11,116.70,11.444888137,56000,56000
207d81b77ccb90184d5efac18d945de585a77841,2835.70,115.31,11.314671458,56000,56000
207d81b77ccb90184d5efac18d945de585a77841,2876.49,117.14,11.506162924,56000,55000
207d81b77ccb90184d5efac18d945de585a77841,2919.42,118.71,11.691891039,55000,56000
207d81b77ccb90184d5efac18d945de585a77841,2861.70,116.75,11.426949175,55000,55000
207d81b77ccb90184d5efac18d945de585a77841,2939.35,120.51,11.764649799,56000,56000
207d81b77ccb90184d5efac18d945de585a77841,2855.05,116.18,11.418438458,55000,55000
207d81b77ccb90184d5efac18d945de585a77841,2889.94,117.91,11.537733989,55000,56000
207d81b77ccb90184d5efac18d945de585a77841,2903.03,118.64,11.595755486,55000,55000
207d81b77ccb90184d5efac18d945de585a77841,2919.63,119.11,11.670652579,56000,56000
207d81b77ccb90184d5efac18d945de585a77841,2854.52,116.24,11.396983200,55000,55000
207d81b77ccb90184d5efac18d945de585a77841,2924.91,119.05,11.672669599,56000,56000
207d81b77ccb90184d5efac18d945de585a77841,2877.35,116.61,11.485280111,56000,56000
207d81b77ccb90184d5efac18d945de585a77841,2947.99,120.49,11.773220907,56000,56000
8335f5469e0a39ce66a0000ae26c3f3f356e0f15,2915.67,118.45,11.683402066,56000,55000
8335f5469e0a39ce66a0000ae26c3f3f356e0f15,2876.44,117.48,11.509019741,56000,56000
8335f5469e0a39ce66a0000ae26c3f3f356e0f15,2932.13,119.50,11.721234272,56000,56000
8335f5469e0a39ce66a0000ae26c3f3f356e0f15,2896.56,118.06,11.564256176,55000,56000
8335f5469e0a39ce66a0000ae26c3f3f356e0f15,2843.44,115.31,11.373317892,56000,55000
8335f5469e0a39ce66a0000ae26c3f3f356e0f15,2850.76,115.64,11.391405824,55000,56000
8335f5469e0a39ce66a0000ae26c3f3f356e0f15,2833.81,114.89,11.326346935,56000,55000
8335f5469e0a39ce66a0000ae26c3f3f356e0f15,2854.83,116.98,11.400465119,55000,56000
8335f5469e0a39ce66a0000ae26c3f3f356e0f15,2827.98,114.74,11.269411314,56000,55000
8335f5469e0a39ce66a0000ae26c3f3f356e0f15,2837.61,115.75,11.337362745,56000,56000
8335f5469e0a39ce66a0000ae26c3f3f356e0f15,2832.59,114.75,11.319888423,55000,56000
8335f5469e0a39ce66a0000ae26c3f3f356e0f15,2798.25,113.88,11.206597291,54000,55000
8335f5469e0a39ce66a0000ae26c3f3f356e0f15,2880.29,117.69,11.509996332,55000,55000
8335f5469e0a39ce66a0000ae26c3f3f356e0f15,2788.33,113.43,11.127820709,55000,56000
8335f5469e0a39ce66a0000ae26c3f3f356e0f15,2838.55,115.98,11.343231044,56000,56000
8335f5469e0a39ce66a0000ae26c3f3f356e0f15,2893.66,117.98,11.572057136,56000,56000
8335f5469e0a39ce66a0000ae26c3f3f356e0f15,2864.95,116.97,11.458737824,56000,56000
8335f5469e0a39ce66a0000ae26c3f3f356e0f15,2899.71,117.97,11.603430673,55000,55000
8335f5469e0a39ce66a0000ae26c3f3f356e0f15,2879.73,116.93,11.512828947,56000,55000
8335f5469e0a39ce66a0000ae26c3f3f356e0f15,2897.42,117.87,11.568958908,56000,56000
8335f5469e0a39ce66a0000ae26c3f3f356e0f15,2883.08,117.65,11.491440413,56000,56000
8335f5469e0a39ce66a0000ae26c3f3f356e0f15,2891.53,118.14,11.532656461,56000,55000
8335f5469e0a39ce66a0000ae26c3f3f356e0f15,2880.87,117.48,11.514251717,56000,56000
8335f5469e0a39ce66a0000ae26c3f3f356e0f15,2882.56,117.50,11.512151213,56000,55000
8335f5469e0a39ce66a0000ae26c3f3f356e0f15,2935.20,119.53,11.711783348,56000,56000
8335f5469e0a39ce66a0000ae26c3f3f356e0f15,2925.50,119.72,11.658152894,56000,56000
8335f5469e0a39ce66a0000ae26c3f3f356e0f15,2903.53,118.48,11.606359521,55000,56000
8335f5469e0a39ce66a0000ae26c3f3f356e0f15,2855.11,115.98,11.407042942,56000,55000
8335f5469e0a39ce66a0000ae26c3f3f356e0f15,2923.55,119.47,11.681978368,56000,56000
8335f5469e0a39ce66a0000ae26c3f3f356e0f15,2872.43,117.28,11.444256023,56000,56000
96ba062ab5301659244b04654f150e4c9aeb0ac0,2937.75,120.05,11.750674776,55000,56000
96ba062ab5301659244b04654f150e4c9aeb0ac0,2857.90,116.28,11.435803686,56000,56000
96ba062ab5301659244b04654f150e4c9aeb0ac0,2822.19,114.87,11.288290492,56000,56000
96ba062ab5301659244b04654f150e4c9aeb0ac0,2896.51,118.12,11.550857023,56000,56000
96ba062ab5301659244b04654f150e4c9aeb0ac0,2913.37,118.52,11.647886234,56000,56000
96ba062ab5301659244b04654f150e4c9aeb0ac0,2851.30,116.05,11.394237211,55000,56000
96ba062ab5301659244b04654f150e4c9aeb0ac0,2920.08,118.80,11.667723371,56000,56000
96ba062ab5301659244b04654f150e4c9aeb0ac0,2789.30,112.91,11.134376286,56000,56000
96ba062ab5301659244b04654f150e4c9aeb0ac0,2850.41,115.92,11.384208727,55000,56000
96ba062ab5301659244b04654f150e4c9aeb0ac0,2851.25,116.17,11.408460867,56000,56000
96ba062ab5301659244b04654f150e4c9aeb0ac0,2855.74,116.28,11.428977459,56000,55000
96ba062ab5301659244b04654f150e4c9aeb0ac0,2890.32,117.51,11.538574047,56000,55000
96ba062ab5301659244b04654f150e4c9aeb0ac0,2860.47,116.44,11.448249968,55000,56000
96ba062ab5301659244b04654f150e4c9aeb0ac0,2803.63,114.12,11.204744374,56000,55000
96ba062ab5301659244b04654f150e4c9aeb0ac0,2897.76,118.01,11.589664994,56000,55000
96ba062ab5301659244b04654f150e4c9aeb0ac0,2901.28,118.14,11.594032195,56000,55000
96ba062ab5301659244b04654f150e4c9aeb0ac0,2897.14,117.82,11.567915559,56000,55000
96ba062ab5301659244b04654f150e4c9aeb0ac0,2829.10,114.60,11.292094554,56000,56000
96ba062ab5301659244b04654f150e4c9aeb0ac0,2885.00,117.55,11.533938125,55000,56000
96ba062ab5301659244b04654f150e4c9aeb0ac0,2917.89,118.54,11.656446424,56000,56000
96ba062ab5301659244b04654f150e4c9aeb0ac0,2921.45,119.71,11.646877168,55000,56000
96ba062ab5301659244b04654f150e4c9aeb0ac0,2941.70,120.20,11.745804124,56000,56000
96ba062ab5301659244b04654f150e4c9aeb0ac0,2899.46,117.86,11.581103000,56000,55000
96ba062ab5301659244b04654f150e4c9aeb0ac0,2882.08,117.27,11.504319655,55000,56000
96ba062ab5301659244b04654f150e4c9aeb0ac0,2899.41,118.21,11.534783279,55000,56000
96ba062ab5301659244b04654f150e4c9aeb0ac0,2854.04,116.02,11.404943058,55000,56000
96ba062ab5301659244b04654f150e4c9aeb0ac0,2904.82,118.81,11.578475156,55000,56000
96ba062ab5301659244b04654f150e4c9aeb0ac0,2901.36,118.49,11.577750289,56000,56000
96ba062ab5301659244b04654f150e4c9aeb0ac0,2902.66,118.57,11.583229939,56000,56000
96ba062ab5301659244b04654f150e4c9aeb0ac0,2834.48,115.51,11.284409363,56000,56000
19ac6664e160cf9afa42fcbc6531f2b3533105b3,2877.91,117.98,11.513749018,55000,56000
19ac6664e160cf9afa42fcbc6531f2b3533105b3,2944.69,120.40,11.749079601,56000,56000
19ac6664e160cf9afa42fcbc6531f2b3533105b3,2878.08,117.34,11.499661715,56000,56000
19ac6664e160cf9afa42fcbc6531f2b3533105b3,2911.37,119.01,11.652849675,55000,56000
19ac6664e160cf9afa42fcbc6531f2b3533105b3,2903.66,118.62,11.569565775,56000,56000
19ac6664e160cf9afa42fcbc6531f2b3533105b3,2871.89,117.41,11.431137792,56000,56000
19ac6664e160cf9afa42fcbc6531f2b3533105b3,2828.13,114.76,11.315295717,55000,55000
19ac6664e160cf9afa42fcbc6531f2b3533105b3,2891.26,118.16,11.553798585,55000,56000
19ac6664e160cf9afa42fcbc6531f2b3533105b3,2833.88,114.53,11.331698415,56000,56000
19ac6664e160cf9afa42fcbc6531f2b3533105b3,2827.02,114.90,11.280916298,55000,56000
19ac6664e160cf9afa42fcbc6531f2b3533105b3,2867.34,117.34,11.445871929,56000,56000
19ac6664e160cf9afa42fcbc6531f2b3533105b3,2880.77,117.50,11.486235621,56000,55000
19ac6664e160cf9afa42fcbc6531f2b3533105b3,2859.37,116.02,11.432955988,56000,56000
19ac6664e160cf9afa42fcbc6531f2b3533105b3,2837.58,114.69,11.362636947,55000,56000
19ac6664e160cf9afa42fcbc6531f2b3533105b3,2736.52,111.41,10.926267502,56000,56000
19ac6664e160cf9afa42fcbc6531f2b3533105b3,2869.31,116.76,11.466896985,56000,55000
19ac6664e160cf9afa42fcbc6531f2b3533105b3,2909.84,119.00,11.629253020,55000,56000
19ac6664e160cf9afa42fcbc6531f2b3533105b3,2889.06,117.54,11.546953813,56000,55000
19ac6664e160cf9afa42fcbc6531f2b3533105b3,2902.88,117.78,11.596019967,56000,55000
19ac6664e160cf9afa42fcbc6531f2b3533105b3,2875.43,116.81,11.476947974,56000,55000
19ac6664e160cf9afa42fcbc6531f2b3533105b3,2928.81,119.11,11.688879822,56000,56000
19ac6664e160cf9afa42fcbc6531f2b3533105b3,2904.61,117.84,11.626705770,56000,56000
19ac6664e160cf9afa42fcbc6531f2b3533105b3,2759.99,112.25,10.995182461,56000,55000
19ac6664e160cf9afa42fcbc6531f2b3533105b3,2897.63,118.23,11.548137698,55000,56000
19ac6664e160cf9afa42fcbc6531f2b3533105b3,2899.25,118.72,11.565971793,56000,56000
19ac6664e160cf9afa42fcbc6531f2b3533105b3,2869.78,117.13,11.475164775,56000,55000
19ac6664e160cf9afa42fcbc6531f2b3533105b3,2961.06,121.17,11.810794858,56000,56000
19ac6664e160cf9afa42fcbc6531f2b3533105b3,2920.38,118.89,11.680283362,56000,55000
19ac6664e160cf9afa42fcbc6531f2b3533105b3,2869.03,116.97,11.467891236,56000,56000
19ac6664e160cf9afa42fcbc6531f2b3533105b3,2899.71,118.66,11.580464710,56000,56000
2ab130208689df24ed767d03ca358832f8b3f95b,2886.54,117.69,11.547216511,56000,55000
2ab130208689df24ed767d03ca358832f8b3f95b,2921.09,119.16,11.677035735,56000,55000
2ab130208689df24ed767d03ca358832f8b3f95b,2915.41,119.11,11.639221851,55000,56000
2ab130208689df24ed767d03ca358832f8b3f95b,2901.23,118.94,11.582938767,56000,56000
2ab130208689df24ed767d03ca358832f8b3f95b,2890.35,118.04,11.528711328,55000,55000
2ab130208689df24ed767d03ca358832f8b3f95b,2804.73,114.23,11.207573380,56000,56000
2ab130208689df24ed767d03ca358832f8b3f95b,2897.85,117.81,11.577170800,56000,55000
2ab130208689df24ed767d03ca358832f8b3f95b,2929.28,119.73,11.681013024,56000,56000
2ab130208689df24ed767d03ca358832f8b3f95b,2850.11,116.07,11.387263036,55000,55000
2ab130208689df24ed767d03ca358832f8b3f95b,2931.71,120.46,11.697097513,56000,56000
2ab130208689df24ed767d03ca358832f8b3f95b,2873.48,117.18,11.508484217,55000,55000
2ab130208689df24ed767d03ca358832f8b3f95b,2815.76,114.76,11.244377449,56000,56000
2ab130208689df24ed767d03ca358832f8b3f95b,2831.62,115.45,11.331387359,56000,56000
2ab130208689df24ed767d03ca358832f8b3f95b,2911.12,118.66,11.605983081,56000,56000
2ab130208689df24ed767d03ca358832f8b3f95b,2826.82,115.47,11.303595913,55000,55000
2ab130208689df24ed767d03ca358832f8b3f95b,2910.52,118.73,11.648282187,56000,56000
2ab130208689df24ed767d03ca358832f8b3f95b,2911.96,118.58,11.663815725,56000,56000
2ab130208689df24ed767d03ca358832f8b3f95b,2843.64,116.05,11.337265039,56000,56000
2ab130208689df24ed767d03ca358832f8b3f95b,2909.11,118.86,11.610807572,56000,56000
2ab130208689df24ed767d03ca358832f8b3f95b,2890.02,117.84,11.542957855,56000,55000
2ab130208689df24ed767d03ca358832f8b3f95b,2847.26,115.26,11.403745045,56000,55000
2ab130208689df24ed767d03ca358832f8b3f95b,2927.79,118.87,11.710333369,56000,56000
2ab130208689df24ed767d03ca358832f8b3f95b,2913.11,117.70,11.624948704,56000,56000
2ab130208689df24ed767d03ca358832f8b3f95b,2906.88,118.20,11.617723784,56000,56000
2ab130208689df24ed767d03ca358832f8b3f95b,2951.94,120.94,11.755799895,56000,56000
2ab130208689df24ed767d03ca358832f8b3f95b,2852.44,116.35,11.398034227,55000,56000
2ab130208689df24ed767d03ca358832f8b3f95b,2871.66,116.88,11.461786476,55000,56000
2ab130208689df24ed767d03ca358832f8b3f95b,2896.46,117.89,11.563333915,56000,56000
2ab130208689df24ed767d03ca358832f8b3f95b,2915.20,118.98,11.638629487,55000,56000
2ab130208689df24ed767d03ca358832f8b3f95b,2835.03,115.20,11.308824949,56000,56000
f5e620057068b4a012424a3afad99cc22dae557a,2886.45,117.71,11.517873337,55000,56000
f5e620057068b4a012424a3afad99cc22dae557a,2902.40,118.72,11.586371855,55000,56000
f5e620057068b4a012424a3afad99cc22dae557a,2865.50,116.96,11.444015157,56000,56000
f5e620057068b4a012424a3afad99cc22dae557a,2838.52,115.18,11.352223793,56000,55000
f5e620057068b4a012424a3afad99cc22dae557a,2844.63,115.42,11.352656611,55000,56000
f5e620057068b4a012424a3afad99cc22dae557a,2914.81,118.90,11.659224743,56000,56000
f5e620057068b4a012424a3afad99cc22dae557a,2865.13,117.04,11.472977251,56000,56000
f5e620057068b4a012424a3afad99cc22dae557a,2845.04,115.94,11.361498554,55000,55000
f5e620057068b4a012424a3afad99cc22dae557a,2895.15,117.98,11.555424975,56000,56000
f5e620057068b4a012424a3afad99cc22dae557a,2842.89,115.39,11.368331140,56000,56000
f5e620057068b4a012424a3afad99cc22dae557a,2851.30,116.33,11.394570170,56000,55000
f5e620057068b4a012424a3afad99cc22dae557a,2900.97,118.16,11.583193702,55000,55000
f5e620057068b4a012424a3afad99cc22dae557a,2824.57,114.85,11.279338225,55000,56000
f5e620057068b4a012424a3afad99cc22dae557a,2929.10,119.80,11.697660764,56000,55000
f5e620057068b4a012424a3afad99cc22dae557a,2814.88,114.36,11.275532297,56000,56000
f5e620057068b4a012424a3afad99cc22dae557a,2873.34,116.86,11.477889611,56000,56000
f5e620057068b4a012424a3afad99cc22dae557a,2864.43,116.77,11.402635972,55000,55000
f5e620057068b4a012424a3afad99cc22dae557a,2887.33,117.02,11.537330724,56000,56000
f5e620057068b4a012424a3afad99cc22dae557a,2895.71,118.44,11.520965193,55000,56000
f5e620057068b4a012424a3afad99cc22dae557a,2836.46,115.27,11.302546937,55000,56000
f5e620057068b4a012424a3afad99cc22dae557a,2939.90,119.54,11.738445469,55000,56000
f5e620057068b4a012424a3afad99cc22dae557a,2892.95,117.29,11.578275829,55000,56000
f5e620057068b4a012424a3afad99cc22dae557a,2941.98,120.41,11.782824067,56000,55000
f5e620057068b4a012424a3afad99cc22dae557a,2869.11,116.93,11.487740927,55000,56000
f5e620057068b4a012424a3afad99cc22dae557a,2918.98,119.14,11.652344123,56000,56000
f5e620057068b4a012424a3afad99cc22dae557a,2881.79,117.21,11.503622778,56000,56000
f5e620057068b4a012424a3afad99cc22dae557a,2889.70,117.97,11.512933793,56000,56000
f5e620057068b4a012424a3afad99cc22dae557a,2871.03,117.60,11.440486326,56000,55000
f5e620057068b4a012424a3afad99cc22dae557a,2898.79,118.20,11.590107226,56000,56000
f5e620057068b4a012424a3afad99cc22dae557a,2874.10,116.85,11.483203937,56000,55000
9165a0f04a31a9f54b9523af8f65da64d42a1857,2901.84,118.92,11.624021737,55000,56000
9165a0f04a31a9f54b9523af8f65da64d42a1857,2949.37,120.42,11.780167185,56000,55000
9165a0f04a31a9f54b9523af8f65da64d42a1857,2867.48,117.27,11.448944600,56000,56000
9165a0f04a31a9f54b9523af8f65da64d42a1857,2799.53,113.90,11.199443230,56000,56000
9165a0f04a31a9f54b9523af8f65da64d42a1857,2848.04,116.21,11.370736286,56000,55000
9165a0f04a31a9f54b9523af8f65da64d42a1857,2914.91,117.95,11.686738134,56000,56000
9165a0f04a31a9f54b9523af8f65da64d42a1857,2855.85,115.90,11.404154994,56000,56000
9165a0f04a31a9f54b9523af8f65da64d42a1857,2857.46,116.82,11.420928532,55000,56000
9165a0f04a31a9f54b9523af8f65da64d42a1857,2807.55,113.99,11.237868703,56000,56000
9165a0f04a31a9f54b9523af8f65da64d42a1857,2880.71,117.28,11.513995861,56000,56000
9165a0f04a31a9f54b9523af8f65da64d42a1857,2892.77,117.88,11.566336568,56000,55000
9165a0f04a31a9f54b9523af8f65da64d42a1857,2931.25,119.47,11.739633047,56000,55000
9165a0f04a31a9f54b9523af8f65da64d42a1857,2737.88,111.03,10.908123155,56000,56000
9165a0f04a31a9f54b9523af8f65da64d42a1857,2842.09,115.71,11.347510880,55000,56000
9165a0f04a31a9f54b9523af8f65da64d42a1857,2918.72,119.23,11.656646624,56000,56000
9165a0f04a31a9f54b9523af8f65da64d42a1857,2863.93,117.00,11.444554291,56000,56000
9165a0f04a31a9f54b9523af8f65da64d42a1857,2852.61,116.58,11.400174761,56000,56000
9165a0f04a31a9f54b9523af8f65da64d42a1857,2885.39,116.95,11.525699412,55000,55000
9165a0f04a31a9f54b9523af8f65da64d42a1857,2867.10,116.79,11.450171355,56000,56000
9165a0f04a31a9f54b9523af8f65da64d42a1857,2958.87,120.54,11.839789245,56000,56000
9165a0f04a31a9f54b9523af8f65da64d42a1857,2861.35,115.60,11.438580954,56000,56000
9165a0f04a31a9f54b9523af8f65da64d42a1857,2867.06,116.92,11.445698669,55000,56000
9165a0f04a31a9f54b9523af8f65da64d42a1857,2889.58,117.84,11.532153437,56000,55000
9165a0f04a31a9f54b9523af8f65da64d42a1857,2887.72,117.83,11.539166164,56000,56000
9165a0f04a31a9f54b9523af8f65da64d42a1857,2825.48,114.42,11.298099398,55000,55000
9165a0f04a31a9f54b9523af8f65da64d42a1857,2848.28,115.95,11.378579148,55000,56000
9165a0f04a31a9f54b9523af8f65da64d42a1857,2832.70,115.40,11.313265677,56000,55000
9165a0f04a31a9f54b9523af8f65da64d42a1857,2913.65,118.31,11.654890333,56000,54000
9165a0f04a31a9f54b9523af8f65da64d42a1857,2826.99,114.95,11.275996407,56000,54000
9165a0f04a31a9f54b9523af8f65da64d42a1857,2933.31,119.33,11.721869168,56000,56000
ac1a2823c0cabf5143332f586dfd1bdbf6a1e8ad,2841.76,115.67,11.367884195,55000,56000
ac1a2823c0cabf5143332f586dfd1bdbf6a1e8ad,2821.46,115.03,11.273494476,56000,55000
ac1a2823c0cabf5143332f586dfd1bdbf6a1e8ad,2908.08,118.97,11.609840549,55000,56000
ac1a2823c0cabf5143332f586dfd1bdbf6a1e8ad,2855.78,116.05,11.399001279,56000,56000
ac1a2823c0cabf5143332f586dfd1bdbf6a1e8ad,2822.31,114.54,11.302204674,56000,55000
ac1a2823c0cabf5143332f586dfd1bdbf6a1e8ad,2919.52,118.89,11.665293552,55000,56000
ac1a2823c0cabf5143332f586dfd1bdbf6a1e8ad,2864.05,116.50,11.458551358,56000,54000
ac1a2823c0cabf5143332f586dfd1bdbf6a1e8ad,2879.19,117.19,11.519387240,56000,56000
ac1a2823c0cabf5143332f586dfd1bdbf6a1e8ad,2909.51,118.68,11.627164342,56000,56000
ac1a2823c0cabf5143332f586dfd1bdbf6a1e8ad,2874.33,117.22,11.446275407,55000,55000
ac1a2823c0cabf5143332f586dfd1bdbf6a1e8ad,2883.07,117.55,11.513158050,56000,56000
ac1a2823c0cabf5143332f586dfd1bdbf6a1e8ad,2897.30,118.17,11.574247632,55000,56000
ac1a2823c0cabf5143332f586dfd1bdbf6a1e8ad,2847.30,115.75,11.392325540,56000,56000
ac1a2823c0cabf5143332f586dfd1bdbf6a1e8ad,2937.12,120.11,11.766198892,55000,56000
ac1a2823c0cabf5143332f586dfd1bdbf6a1e8ad,2894.61,118.62,11.563903585,56000,56000
ac1a2823c0cabf5143332f586dfd1bdbf6a1e8ad,2916.72,119.31,11.651692295,56000,56000
ac1a2823c0cabf5143332f586dfd1bdbf6a1e8ad,2924.87,119.53,11.691593067,56000,56000
ac1a2823c0cabf5143332f586dfd1bdbf6a1e8ad,2947.26,120.11,11.818843559,56000,56000
ac1a2823c0cabf5143332f586dfd1bdbf6a1e8ad,2834.83,115.30,11.324016486,56000,55000
ac1a2823c0cabf5143332f586dfd1bdbf6a1e8ad,2869.84,116.55,11.464950120,56000,55000
ac1a2823c0cabf5143332f586dfd1bdbf6a1e8ad,2843.41,115.24,11.362962516,56000,56000
ac1a2823c0cabf5143332f586dfd1bdbf6a1e8ad,2907.26,118.05,11.597773815,55000,55000
ac1a2823c0cabf5143332f586dfd1bdbf6a1e8ad,2806.78,113.61,11.201433631,56000,56000
ac1a2823c0cabf5143332f586dfd1bdbf6a1e8ad,2867.64,116.91,11.454849765,56000,56000
ac1a2823c0cabf5143332f586dfd1bdbf6a1e8ad,2845.46,115.68,11.363030767,56000,56000
ac1a2823c0cabf5143332f586dfd1bdbf6a1e8ad,2878.39,117.35,11.482865498,56000,55000
ac1a2823c0cabf5143332f586dfd1bdbf6a1e8ad,2905.15,118.33,11.610820357,56000,56000
ac1a2823c0cabf5143332f586dfd1bdbf6a1e8ad,2896.86,117.81,11.570788992,56000,56000
ac1a2823c0cabf5143332f586dfd1bdbf6a1e8ad,2850.48,115.99,11.390384467,56000,56000
ac1a2823c0cabf5143332f586dfd1bdbf6a1e8ad,2885.04,117.29,11.531214106,56000,57000
71c56916e4511c64d38dac7274c7fd1a4b401fde,2884.05,118.01,11.525261437,55000,55000
71c56916e4511c64d38dac7274c7fd1a4b401fde,2908.97,118.47,11.621259733,55000,55000
71c56916e4511c64d38dac7274c7fd1a4b401fde,2919.79,118.96,11.683282409,56000,56000
71c56916e4511c64d38dac7274c7fd1a4b401fde,2885.44,117.28,11.520119088,54000,56000
71c56916e4511c64d38dac7274c7fd1a4b401fde,2894.16,117.98,11.552125260,56000,56000
71c56916e4511c64d38dac7274c7fd1a4b401fde,2906.31,118.29,11.608142231,55000,56000
71c56916e4511c64d38dac7274c7fd1a4b401fde,2878.20,117.14,11.497822758,55000,54000
71c56916e4511c64d38dac7274c7fd1a4b401fde,2927.28,119.35,11.686903404,56000,56000
71c56916e4511c64d38dac7274c7fd1a4b401fde,2901.93,118.16,11.611189362,56000,56000
71c56916e4511c64d38dac7274c7fd1a4b401fde,2857.08,116.08,11.443278282,56000,55000
71c56916e4511c64d38dac7274c7fd1a4b401fde,2828.86,114.64,11.321623471,56000,56000
71c56916e4511c64d38dac7274c7fd1a4b401fde,2833.20,115.51,11.356770597,56000,56000
71c56916e4511c64d38dac7274c7fd1a4b401fde,2902.17,118.37,11.591270099,56000,55000
71c56916e4511c64d38dac7274c7fd1a4b401fde,2850.43,116.72,11.400942075,55000,55000
71c56916e4511c64d38dac7274c7fd1a4b401fde,2907.93,118.76,11.606600201,56000,56000
71c56916e4511c64d38dac7274c7fd1a4b401fde,2782.41,112.70,11.115665086,56000,55000
71c56916e4511c64d38dac7274c7fd1a4b401fde,2859.16,116.87,11.415954679,55000,56000
71c56916e4511c64d38dac7274c7fd1a4b401fde,2881.45,117.61,11.502730683,56000,56000
71c56916e4511c64d38dac7274c7fd1a4b401fde,2867.22,117.11,11.455812263,55000,56000
71c56916e4511c64d38dac7274c7fd1a4b401fde,2880.83,117.26,11.513151113,55000,56000
71c56916e4511c64d38dac7274c7fd1a4b401fde,2917.99,119.50,11.587853331,56000,56000
71c56916e4511c64d38dac7274c7fd1a4b401fde,2857.75,116.08,11.403889932,56000,56000
71c56916e4511c64d38dac7274c7fd1a4b401fde,2936.42,119.58,11.689793271,56000,55000
71c56916e4511c64d38dac7274c7fd1a4b401fde,2846.62,116.31,11.346347654,56000,56000
71c56916e4511c64d38dac7274c7fd1a4b401fde,2843.93,115.96,11.366949538,56000,56000
71c56916e4511c64d38dac7274c7fd1a4b401fde,2856.31,115.90,11.415744100,56000,55000
71c56916e4511c64d38dac7274c7fd1a4b401fde,2805.94,113.23,11.211880393,56000,56000
71c56916e4511c64d38dac7274c7fd1a4b401fde,2848.83,115.84,11.388663650,56000,56000
71c56916e4511c64d38dac7274c7fd1a4b401fde,2879.74,117.36,11.515771940,56000,56000
71c56916e4511c64d38dac7274c7fd1a4b401fde,2899.98,118.42,11.568935592,56000,56000
da7bf213ee7a71b4ba88d363865836f9bf8b1a1d,2853.42,116.13,11.420915125,56000,56000
da7bf213ee7a71b4ba88d363865836f9bf8b1a1d,2930.04,119.38,11.702092379,56000,56000
da7bf213ee7a71b4ba88d363865836f9bf8b1a1d,2845.85,115.40,11.373687320,56000,54000
da7bf213ee7a71b4ba88d363865836f9bf8b1a1d,2847.51,115.94,11.369598490,55000,55000
da7bf213ee7a71b4ba88d363865836f9bf8b1a1d,2861.07,116.72,11.424112957,56000,56000
da7bf213ee7a71b4ba88d363865836f9bf8b1a1d,2875.74,117.33,11.468097723,55000,56000
da7bf213ee7a71b4ba88d363865836f9bf8b1a1d,2843.12,115.41,11.352509406,56000,56000
da7bf213ee7a71b4ba88d363865836f9bf8b1a1d,2864.85,117.01,11.450879858,56000,56000
da7bf213ee7a71b4ba88d363865836f9bf8b1a1d,2947.26,120.69,11.767300212,55000,55000
da7bf213ee7a71b4ba88d363865836f9bf8b1a1d,2840.00,115.65,11.324622190,56000,55000
da7bf213ee7a71b4ba88d363865836f9bf8b1a1d,2962.45,121.18,11.816521547,55000,56000
da7bf213ee7a71b4ba88d363865836f9bf8b1a1d,2893.91,117.82,11.540505594,56000,56000
da7bf213ee7a71b4ba88d363865836f9bf8b1a1d,2850.59,116.00,11.398938218,56000,55000
da7bf213ee7a71b4ba88d363865836f9bf8b1a1d,2901.90,118.86,11.581777157,56000,56000
da7bf213ee7a71b4ba88d363865836f9bf8b1a1d,2910.34,119.08,11.632022355,56000,56000
da7bf213ee7a71b4ba88d363865836f9bf8b1a1d,2909.00,118.93,11.641632118,56000,55000
da7bf213ee7a71b4ba88d363865836f9bf8b1a1d,2849.42,115.70,11.386114073,55000,56000
da7bf213ee7a71b4ba88d363865836f9bf8b1a1d,2897.39,118.11,11.584165469,56000,56000
da7bf213ee7a71b4ba88d363865836f9bf8b1a1d,2875.94,117.47,11.484751501,55000,56000
da7bf213ee7a71b4ba88d363865836f9bf8b1a1d,2889.96,118.15,11.568652964,56000,56000
da7bf213ee7a71b4ba88d363865836f9bf8b1a1d,2921.67,119.86,11.658768386,56000,56000
da7bf213ee7a71b4ba88d363865836f9bf8b1a1d,2905.79,118.95,11.614635612,56000,56000
da7bf213ee7a71b4ba88d363865836f9bf8b1a1d,2932.71,120.03,11.708093310,56000,55000
da7bf213ee7a71b4ba88d363865836f9bf8b1a1d,2907.07,118.43,11.614090679,56000,55000
da7bf213ee7a71b4ba88d363865836f9bf8b1a1d,2802.03,113.58,11.188022471,56000,56000
da7bf213ee7a71b4ba88d363865836f9bf8b1a1d,2884.70,118.03,11.542806729,55000,56000
da7bf213ee7a71b4ba88d363865836f9bf8b1a1d,2884.75,117.39,11.525208031,56000,56000
da7bf213ee7a71b4ba88d363865836f9bf8b1a1d,2856.61,116.92,11.411748395,56000,56000
da7bf213ee7a71b4ba88d363865836f9bf8b1a1d,2894.40,117.72,11.554718188,56000,55000
da7bf213ee7a71b4ba88d363865836f9bf8b1a1d,2835.33,114.83,11.345374419,56000,55000
28ed1a9146e01049778140989a10d083d8190b7e,2801.18,113.48,11.201573019,54000,54000
28ed1a9146e01049778140989a10d083d8190b7e,2902.67,118.06,11.591677999,56000,56000
28ed1a9146e01049778140989a10d083d8190b7e,2833.94,115.19,11.318855751,56000,55000
28ed1a9146e01049778140989a10d083d8190b7e,2878.46,117.43,11.495784474,56000,55000
28ed1a9146e01049778140989a10d083d8190b7e,2854.92,116.22,11.405538636,56000,56000
28ed1a9146e01049778140989a10d083d8190b7e,2901.24,118.02,11.589084695,56000,56000
28ed1a9146e01049778140989a10d083d8190b7e,2929.15,119.47,11.702618518,56000,56000
28ed1a9146e01049778140989a10d083d8190b7e,2911.14,118.11,11.662738867,56000,56000
28ed1a9146e01049778140989a10d083d8190b7e,2927.74,119.29,11.722569640,55000,55000
28ed1a9146e01049778140989a10d083d8190b7e,2918.98,118.75,11.677425881,56000,56000
28ed1a9146e01049778140989a10d083d8190b7e,2867.13,116.83,11.464112516,56000,56000
28ed1a9146e01049778140989a10d083d8190b7e,2901.87,118.49,11.588683629,55000,55000
28ed1a9146e01049778140989a10d083d8190b7e,2900.21,118.55,11.610098558,56000,56000
28ed1a9146e01049778140989a10d083d8190b7e,2880.95,117.55,11.510536623,56000,56000
28ed1a9146e01049778140989a10d083d8190b7e,2916.43,118.96,11.652378095,55000,56000
28ed1a9146e01049778140989a10d083d8190b7e,2885.08,117.26,11.551927472,55000,56000
28ed1a9146e01049778140989a10d083d8190b7e,2889.18,117.27,11.535782937,56000,55000
28ed1a9146e01049778140989a10d083d8190b7e,2879.15,117.74,11.501055779,56000,56000
28ed1a9146e01049778140989a10d083d8190b7e,2878.13,117.23,11.495748346,56000,56000
28ed1a9146e01049778140989a10d083d8190b7e,2949.05,119.92,11.747588658,56000,55000
28ed1a9146e01049778140989a10d083d8190b7e,2948.49,119.78,11.780963341,56000,56000
28ed1a9146e01049778140989a10d083d8190b7e,2855.42,116.39,11.380377143,56000,55000
28ed1a9146e01049778140989a10d083d8190b7e,2870.92,117.11,11.444624563,56000,55000
28ed1a9146e01049778140989a10d083d8190b7e,2887.09,117.90,11.502694630,56000,56000
28ed1a9146e01049778140989a10d083d8190b7e,2901.49,118.63,11.565115511,55000,56000
28ed1a9146e01049778140989a10d083d8190b7e,2886.18,116.96,11.538563797,56000,56000
28ed1a9146e01049778140989a10d083d8190b7e,2758.42,111.35,11.022070863,56000,56000
28ed1a9146e01049778140989a10d083d8190b7e,2909.23,118.25,11.628117884,56000,55000
28ed1a9146e01049778140989a10d083d8190b7e,2935.41,119.49,11.726808836,55000,56000
28ed1a9146e01049778140989a10d083d8190b7e,2915.91,118.60,11.649463388,56000,56000
e389d52546a79582c1626167c92f27a74a9771c2,2837.78,115.82,11.354823438,56000,55000
e389d52546a79582c1626167c92f27a74a9771c2,2913.06,118.16,11.640752569,56000,56000
e389d52546a79582c1626167c92f27a74a9771c2,2877.47,117.74,11.470544518,55000,55000
e389d52546a79582c1626167c92f27a74a9771c2,2933.04,119.40,11.736514929,56000,55000
e389d52546a79582c1626167c92f27a74a9771c2,2837.26,115.77,11.309015742,55000,56000
e389d52546a79582c1626167c92f27a74a9771c2,2850.13,116.07,11.422281560,56000,55000
e389d52546a79582c1626167c92f27a74a9771c2,2865.13,117.01,11.455453391,56000,56000
e389d52546a79582c1626167c92f27a74a9771c2,2874.50,117.05,11.483051092,55000,55000
e389d52546a79582c1626167c92f27a74a9771c2,2823.88,114.33,11.293200809,55000,56000
e389d52546a79582c1626167c92f27a74a9771c2,2894.19,117.92,11.572323221,55000,56000
e389d52546a79582c1626167c92f27a74a9771c2,2828.06,114.99,11.295403868,55000,55000
e389d52546a79582c1626167c92f27a74a9771c2,2907.28,118.58,11.599032439,56000,56000
e389d52546a79582c1626167c92f27a74a9771c2,2913.74,118.45,11.630837474,55000,55000
e389d52546a79582c1626167c92f27a74a9771c2,2930.71,119.38,11.697293480,55000,56000
e389d52546a79582c1626167c92f27a74a9771c2,2808.24,113.92,11.209427176,56000,56000
e389d52546a79582c1626167c92f27a74a9771c2,2879.61,117.24,11.532745240,56000,55000
e389d52546a79582c1626167c92f27a74a9771c2,2832.40,115.05,11.343746896,56000,56000
e389d52546a79582c1626167c92f27a74a9771c2,2852.62,116.28,11.416596581,55000,56000
e389d52546a79582c1626167c92f27a74a9771c2,2857.45,116.42,11.409972742,56000,56000
e389d52546a79582c1626167c92f27a74a9771c2,2886.07,117.88,11.522549257,56000,56000
e389d52546a79582c1626167c92f27a74a9771c2,2898.98,118.08,11.577950575,57000,56000
e389d52546a79582c1626167c92f27a74a9771c2,2821.24,115.09,11.265982538,55000,56000
e389d52546a79582c1626167c92f27a74a9771c2,2909.67,118.74,11.623866642,56000,56000
e389d52546a79582c1626167c92f27a74a9771c2,2820.84,114.53,11.248118371,56000,55000
e389d52546a79582c1626167c92f27a74a9771c2,2857.75,116.26,11.401298701,55000,56000
e389d52546a79582c1626167c92f27a74a9771c2,2857.33,116.73,11.390631635,56000,55000
e389d52546a79582c1626167c92f27a74a9771c2,2910.39,118.39,11.629141404,56000,56000
e389d52546a79582c1626167c92f27a74a9771c2,2898.48,118.08,11.571302995,55000,56000
e389d52546a79582c1626167c92f27a74a9771c2,2849.36,115.82,11.387599787,56000,56000
e389d52546a79582c1626167c92f27a74a9771c2,2934.24,119.20,11.734026711,55000,55000
6695404072229e34da18ee6a77c958537d9e48d2,2877.26,118.00,11.486156701,56000,55000
6695404072229e34da18ee6a77c958537d9e48d2,2851.13,116.40,11.407449642,55000,56000
6695404072229e34da18ee6a77c958537d9e48d2,2926.08,119.36,11.706042678,55000,55000
6695404072229e34da18ee6a77c958537d9e48d2,2886.84,117.78,11.540754814,56000,56000
6695404072229e34da18ee6a77c958537d9e48d2,2845.06,116.01,11.358593298,56000,55000
6695404072229e34da18ee6a77c958537d9e48d2,2788.68,113.51,11.107815478,55000,55000
6695404072229e34da18ee6a77c958537d9e48d2,2779.12,112.48,11.093522564,55000,56000
6695404072229e34da18ee6a77c958537d9e48d2,2882.83,117.81,11.521639121,55000,55000
6695404072229e34da18ee6a77c958537d9e48d2,2881.50,117.75,11.490883997,56000,56000
6695404072229e34da18ee6a77c958537d9e48d2,2927.88,119.26,11.700347298,55000,55000
6695404072229e34da18ee6a77c958537d9e48d2,2877.59,117.04,11.514898234,55000,55000
6695404072229e34da18ee6a77c958537d9e48d2,2848.02,115.70,11.395566305,56000,55000
6695404072229e34da18ee6a77c958537d9e48d2,2864.49,116.54,11.459675722,56000,56000
6695404072229e34da18ee6a77c958537d9e48d2,2945.34,120.36,11.773333102,56000,55000
6695404072229e34da18ee6a77c958537d9e48d2,2839.18,115.46,11.340848985,56000,56000
6695404072229e34da18ee6a77c958537d9e48d2,2822.40,115.08,11.276393329,56000,56000
6695404072229e34da18ee6a77c958537d9e48d2,2832.76,115.43,11.312171862,56000,56000
6695404072229e34da18ee6a77c958537d9e48d2,2861.40,116.72,11.401697194,56000,56000
6695404072229e34da18ee6a77c958537d9e48d2,2917.09,119.15,11.653070662,56000,56000
6695404072229e34da18ee6a77c958537d9e48d2,2867.32,116.41,11.470107710,55000,56000
6695404072229e34da18ee6a77c958537d9e48d2,2922.28,119.04,11.650000701,55000,56000
6695404072229e34da18ee6a77c958537d9e48d2,2911.39,118.88,11.630575962,55000,56000
6695404072229e34da18ee6a77c958537d9e48d2,2838.20,115.43,11.355802071,56000,55000
6695404072229e34da18ee6a77c958537d9e48d2,2918.14,119.17,11.653653533,56000,55000
6695404072229e34da18ee6a77c958537d9e48d2,2820.45,114.92,11.273648720,55000,56000
6695404072229e34da18ee6a77c958537d9e48d2,2893.69,117.91,11.568043953,55000,55000
6695404072229e34da18ee6a77c958537d9e48d2,2947.30,119.94,11.787800491,56000,56000
6695404072229e34da18ee6a77c958537d9e48d2,2853.24,116.00,11.404190004,55000,56000
6695404072229e34da18ee6a77c958537d9e48d2,2926.02,119.76,11.684163112,56000,55000
6695404072229e34da18ee6a77c958537d9e48d2,2848.57,116.27,11.378357935,56000,55000
4627b8b5d2c926a909a0c32a3b05ae3d145f129a,2857.73,116.27,11.421285990,55000,55000
4627b8b5d2c926a909a0c32a3b05ae3d145f129a,2891.91,117.96,11.561786337,55000,56000
4627b8b5d2c926a909a0c32a3b05ae3d145f129a,2861.16,116.63,11.425255735,55000,56000
4627b8b5d2c926a909a0c32a3b05ae3d145f129a,2910.59,118.93,11.612096500,56000,55000
4627b8b5d2c926a909a0c32a3b05ae3d145f129a,2946.10,119.83,11.772210601,56000,55000
4627b8b5d2c926a909a0c32a3b05ae3d145f129a,2757.48,111.76,11.009358062,56000,56000
4627b8b5d2c926a909a0c32a3b05ae3d145f129a,2817.66,114.24,11.262103776,56000,55000
4627b8b5d2c926a909a0c32a3b05ae3d145f129a,2896.05,117.89,11.553707325,56000,56000
4627b8b5d2c926a909a0c32a3b05ae3d145f129a,2871.67,116.87,11.494823154,56000,55000
4627b8b5d2c926a909a0c32a3b05ae3d145f129a,2876.13,116.96,11.513511849,56000,56000
4627b8b5d2c926a909a0c32a3b05ae3d145f129a,2855.22,117.02,11.389428520,56000,56000
4627b8b5d2c926a909a0c32a3b05ae3d145f129a,2883.46,117.80,11.541138178,56000,56000
4627b8b5d2c926a909a0c32a3b05ae3d145f129a,2814.06,114.26,11.235463273,56000,55000
4627b8b5d2c926a909a0c32a3b05ae3d145f129a,2868.81,117.22,11.452703188,55000,56000
4627b8b5d2c926a909a0c32a3b05ae3d145f129a,2794.77,112.90,11.179791312,55000,56000
4627b8b5d2c926a909a0c32a3b05ae3d145f129a,2880.53,117.35,11.494233281,55000,55000
4627b8b5d2c926a909a0c32a3b05ae3d145f129a,2860.59,117.03,11.422881280,56000,56000
4627b8b5d2c926a909a0c32a3b05ae3d145f129a,2930.19,119.02,11.730487008,55000,55000
4627b8b5d2c926a909a0c32a3b05ae3d145f129a,2861.75,116.33,11.443406925,56000,56000
4627b8b5d2c926a909a0c32a3b05ae3d145f129a,2823.19,114.92,11.272856487,56000,54000
4627b8b5d2c926a909a0c32a3b05ae3d145f129a,2880.62,117.38,11.514577471,56000,55000
4627b8b5d2c926a909a0c32a3b05ae3d145f129a,2892.91,118.14,11.560310560,56000,56000
4627b8b5d2c926a909a0c32a3b05ae3d145f129a,2878.43,117.27,11.497081363,55000,55000
4627b8b5d2c926a909a0c32a3b05ae3d145f129a,2861.24,116.60,11.424035002,56000,56000
4627b8b5d2c926a909a0c32a3b05ae3d145f129a,2860.73,116.62,11.426372881,56000,55000
4627b8b5d2c926a909a0c32a3b05ae3d145f129a,2898.57,118.09,11.579331359,55000,56000
4627b8b5d2c926a909a0c32a3b05ae3d145f129a,2830.26,115.25,11.294785491,55000,56000
4627b8b5d2c926a909a0c32a3b05ae3d145f129a,2844.64,116.16,11.380493946,56000,57000
4627b8b5d2c926a909a0c32a3b05ae3d145f129a,2838.48,114.94,11.345714608,56000,55000
4627b8b5d2c926a909a0c32a3b05ae3d145f129a,2839.92,115.42,11.343673900,56000,55000
336c9147d6b6287258ecddefa54288ea0481f0f6,2871.24,117.24,11.496222878,55000,55000
336c9147d6b6287258ecddefa54288ea0481f0f6,2850.90,116.24,11.355036810,56000,56000
336c9147d6b6287258ecddefa54288ea0481f0f6,2946.37,119.95,11.769879397,56000,56000
336c9147d6b6287258ecddefa54288ea0481f0f6,2913.66,118.75,11.626437149,56000,55000
336c9147d6b6287258ecddefa54288ea0481f0f6,2930.80,119.45,11.704095870,55000,55000
336c9147d6b6287258ecddefa54288ea0481f0f6,2880.94,117.43,11.521030338,56000,56000
336c9147d6b6287258ecddefa54288ea0481f0f6,2926.78,119.98,11.616219670,56000,55000
336c9147d6b6287258ecddefa54288ea0481f0f6,2937.57,119.65,11.735279425,56000,56000
336c9147d6b6287258ecddefa54288ea0481f0f6,2893.32,118.16,11.558194329,55000,56000
336c9147d6b6287258ecddefa54288ea0481f0f6,2956.25,120.33,11.803373925,56000,56000
336c9147d6b6287258ecddefa54288ea0481f0f6,2905.15,118.36,11.599143709,55000,56000
336c9147d6b6287258ecddefa54288ea0481f0f6,2905.90,118.72,11.609673414,56000,55000
336c9147d6b6287258ecddefa54288ea0481f0f6,2856.74,115.91,11.405857195,56000,56000
336c9147d6b6287258ecddefa54288ea0481f0f6,2779.67,112.92,11.139233008,56000,55000
336c9147d6b6287258ecddefa54288ea0481f0f6,2811.39,113.98,11.259131609,56000,56000
336c9147d6b6287258ecddefa54288ea0481f0f6,2836.69,115.49,11.334265859,56000,56000
336c9147d6b6287258ecddefa54288ea0481f0f6,2873.97,117.05,11.482556439,56000,56000
336c9147d6b6287258ecddefa54288ea0481f0f6,2800.02,113.45,11.180842163,55000,55000
336c9147d6b6287258ecddefa54288ea0481f0f6,2837.94,114.99,11.365081699,55000,56000
336c9147d6b6287258ecddefa54288ea0481f0f6,2858.62,115.94,11.402176823,56000,55000
336c9147d6b6287258ecddefa54288ea0481f0f6,2866.13,116.74,11.467607496,56000,55000
336c9147d6b6287258ecddefa54288ea0481f0f6,2882.56,117.68,11.493435108,56000,55000
336c9147d6b6287258ecddefa54288ea0481f0f6,2890.64,118.42,11.540905642,55000,56000
336c9147d6b6287258ecddefa54288ea0481f0f6,2855.12,116.65,11.375119328,55000,55000
336c9147d6b6287258ecddefa54288ea0481f0f6,2907.97,118.56,11.616186436,55000,56000
336c9147d6b6287258ecddefa54288ea0481f0f6,2908.76,118.52,11.633634830,55000,56000
336c9147d6b6287258ecddefa54288ea0481f0f6,2923.17,119.00,11.678633508,55000,56000
336c9147d6b6287258ecddefa54288ea0481f0f6,2857.46,116.05,11.398599349,55000,56000
336c9147d6b6287258ecddefa54288ea0481f0f6,2895.48,117.94,11.587752486,56000,56000
336c9147d6b6287258ecddefa54288ea0481f0f6,2833.55,115.43,11.294375187,55000,56000
72211d44833fbe8631a41b8dcea0972fe9f88321,2876.60,116.80,11.515328080,55000,55000
72211d44833fbe8631a41b8dcea0972fe9f88321,2839.87,115.55,11.325391925,56000,55000
72211d44833fbe8631a41b8dcea0972fe9f88321,2879.34,117.14,11.501208277,56000,56000
72211d44833fbe8631a41b8dcea0972fe9f88321,2885.27,117.72,11.510243386,56000,55000
72211d44833fbe8631a41b8dcea0972fe9f88321,2836.64,115.32,11.325854170,55000,55000
72211d44833fbe8631a41b8dcea0972fe9f88321,2843.68,115.38,11.367565374,56000,56000
72211d44833fbe8631a41b8dcea0972fe9f88321,2907.71,117.97,11.634522240,56000,55000
72211d44833fbe8631a41b8dcea0972fe9f88321,2771.89,112.46,11.045625673,54000,54000
72211d44833fbe8631a41b8dcea0972fe9f88321,2956.03,120.23,11.837162469,56000,56000
72211d44833fbe8631a41b8dcea0972fe9f88321,2859.89,116.40,11.437139828,55000,55000
72211d44833fbe8631a41b8dcea0972fe9f88321,2850.62,116.73,11.401096924,56000,55000
72211d44833fbe8631a41b8dcea0972fe9f88321,2899.48,118.31,11.572201270,56000,56000
72211d44833fbe8631a41b8dcea0972fe9f88321,2902.71,118.41,11.597426813,55000,56000
72211d44833fbe8631a41b8dcea0972fe9f88321,2811.06,114.60,11.254297947,56000,56000
72211d44833fbe8631a41b8dcea0972fe9f88321,2926.82,119.49,11.706086642,54000,56000
72211d44833fbe8631a41b8dcea0972fe9f88321,2906.24,118.47,11.615023189,56000,56000
72211d44833fbe8631a41b8dcea0972fe9f88321,2979.29,121.27,11.905439941,55000,55000
72211d44833fbe8631a41b8dcea0972fe9f88321,2955.18,120.03,11.794574422,55000,55000
72211d44833fbe8631a41b8dcea0972fe9f88321,2848.59,115.54,11.365914285,55000,56000
72211d44833fbe8631a41b8dcea0972fe9f88321,2920.37,119.62,11.667953723,56000,56000
72211d44833fbe8631a41b8dcea0972fe9f88321,2905.27,118.98,11.598867839,55000,56000
72211d44833fbe8631a41b8dcea0972fe9f88321,2894.36,117.78,11.544323308,56000,56000
72211d44833fbe8631a41b8dcea0972fe9f88321,2874.79,116.67,11.492085097,56000,56000
72211d44833fbe8631a41b8dcea0972fe9f88321,2925.05,120.29,11.648564222,56000,55000
72211d44833fbe8631a41b8dcea0972fe9f88321,2870.44,117.29,11.446888923,56000,56000
72211d44833fbe8631a41b8dcea0972fe9f88321,2890.78,117.89,11.555205728,56000,56000
72211d44833fbe8631a41b8dcea0972fe9f88321,2872.65,117.22,11.459387567,56000,56000
72211d44833fbe8631a41b8dcea0972fe9f88321,2871.57,116.86,11.445162894,56000,55000
72211d44833fbe8631a41b8dcea0972fe9f88321,2882.69,117.52,11.508422627,55000,56000
72211d44833fbe8631a41b8dcea0972fe9f88321,2857.13,116.43,11.393475545,56000,56000
4fb65ec2b10f0f02c22589f142cf8c98750913ae,2871.09,117.37,11.487115163,56000,56000
4fb65ec2b10f0f02c22589f142cf8c98750913ae,2909.08,118.35,11.636763407,56000,54000
4fb65ec2b10f0f02c22589f142cf8c98750913ae,2883.45,117.95,11.495847614,55000,56000
4fb65ec2b10f0f02c22589f142cf8c98750913ae,2863.11,117.11,11.413488446,55000,56000
4fb65ec2b10f0f02c22589f142cf8c98750913ae,2938.33,120.05,11.732951067,55000,54000
4fb65ec2b10f0f02c22589f142cf8c98750913ae,2871.30,117.16,11.462051717,55000,55000
4fb65ec2b10f0f02c22589f142cf8c98750913ae,2872.66,116.49,11.494625365,56000,56000
4fb65ec2b10f0f02c22589f142cf8c98750913ae,2837.54,115.48,11.348774657,56000,56000
4fb65ec2b10f0f02c22589f142cf8c98750913ae,2892.71,117.97,11.547929193,55000,56000
4fb65ec2b10f0f02c22589f142cf8c98750913ae,2869.06,117.34,11.467489585,56000,55000
4fb65ec2b10f0f02c22589f142cf8c98750913ae,2771.03,112.54,11.054535481,56000,56000
4fb65ec2b10f0f02c22589f142cf8c98750913ae,2923.04,119.57,11.660331267,55000,55000
4fb65ec2b10f0f02c22589f142cf8c98750913ae,2845.88,116.10,11.384009951,56000,55000
4fb65ec2b10f0f02c22589f142cf8c98750913ae,2863.30,116.97,11.423155088,55000,56000
4fb65ec2b10f0f02c22589f142cf8c98750913ae,2925.93,119.27,11.695694786,56000,55000
4fb65ec2b10f0f02c22589f142cf8c98750913ae,2809.73,114.65,11.218211252,56000,55000
4fb65ec2b10f0f02c22589f142cf8c98750913ae,2948.80,120.41,11.755713704,55000,56000
4fb65ec2b10f0f02c22589f142cf8c98750913ae,2901.98,118.38,11.567272731,56000,56000
4fb65ec2b10f0f02c22589f142cf8c98750913ae,2838.96,115.40,11.340977692,55000,55000
4fb65ec2b10f0f02c22589f142cf8c98750913ae,2973.59,121.72,11.869719307,56000,55000
4fb65ec2b10f0f02c22589f142cf8c98750913ae,2858.78,116.09,11.438785345,55000,56000
4fb65ec2b10f0f02c22589f142cf8c98750913ae,2847.90,115.68,11.389041449,56000,55000
4fb65ec2b10f0f02c22589f142cf8c98750913ae,2912.94,118.97,11.606012198,55000,56000
4fb65ec2b10f0f02c22589f142cf8c98750913ae,2868.72,116.53,11.476366290,56000,56000
4fb65ec2b10f0f02c22589f142cf8c98750913ae,2902.25,118.35,11.574781963,55000,55000
4fb65ec2b10f0f02c22589f142cf8c98750913ae,2895.56,118.06,11.584920696,56000,56000
4fb65ec2b10f0f02c22589f142cf8c98750913ae,2890.79,117.91,11.551664785,56000,56000
4fb65ec2b10f0f02c22589f142cf8c98750913ae,2882.01,116.82,11.512755216,56000,56000
4fb65ec2b10f0f02c22589f142cf8c98750913ae,2861.22,116.12,11.442134062,56000,55000
4fb65ec2b10f0f02c22589f142cf8c98750913ae,2870.51,117.11,11.465408392,55000,55000
a85ee180cabf8a203867cd03141add2193f4657e,2808.94,114.31,11.246141933,56000,56000
a85ee180cabf8a203867cd03141add2193f4657e,2823.10,115.14,11.277383801,55000,56000
a85ee180cabf8a203867cd03141add2193f4657e,2893.67,118.25,11.548267476,56000,56000
a85ee180cabf8a203867cd03141add2193f4657e,2886.09,117.14,11.528273147,56000,55000
a85ee180cabf8a203867cd03141add2193f4657e,2908.55,118.56,11.647460665,56000,56000
a85ee180cabf8a203867cd03141add2193f4657e,2867.87,116.84,11.438153532,55000,55000
a85ee180cabf8a203867cd03141add2193f4657e,2850.66,116.02,11.384948493,56000,56000
a85ee180cabf8a203867cd03141add2193f4657e,2906.16,118.62,11.629350111,55000,56000
a85ee180cabf8a203867cd03141add2193f4657e,2907.96,119.05,11.611466491,56000,56000
a85ee180cabf8a203867cd03141add2193f4657e,2870.17,117.17,11.502117596,56000,55000
a85ee180cabf8a203867cd03141add2193f4657e,2884.95,117.49,11.519763664,55000,56000
a85ee180cabf8a203867cd03141add2193f4657e,2865.06,116.48,11.459271303,55000,56000
a85ee180cabf8a203867cd03141add2193f4657e,2917.03,119.00,11.653618354,56000,56000
a85ee180cabf8a203867cd03141add2193f4657e,2897.41,118.10,11.590513063,55000,56000
a85ee180cabf8a203867cd03141add2193f4657e,2854.67,116.14,11.388205782,56000,56000
a85ee180cabf8a203867cd03141add2193f4657e,2915.96,118.50,11.658066735,56000,56000
a85ee180cabf8a203867cd03141add2193f4657e,2852.46,115.18,11.400689556,56000,56000
a85ee180cabf8a203867cd03141add2193f4657e,2848.58,115.58,11.383314070,56000,56000
a85ee180cabf8a203867cd03141add2193f4657e,2869.72,116.46,11.464090654,55000,56000
a85ee180cabf8a203867cd03141add2193f4657e,2855.73,116.36,11.379618711,56000,55000
a85ee180cabf8a203867cd03141add2193f4657e,2890.10,117.39,11.556198026,55000,55000
a85ee180cabf8a203867cd03141add2193f4657e,2846.67,115.75,11.368093769,56000,56000
a85ee180cabf8a203867cd03141add2193f4657e,2922.83,119.15,11.665400664,56000,56000
a85ee180cabf8a203867cd03141add2193f4657e,2814.77,114.00,11.225871955,56000,55000
a85ee180cabf8a203867cd03141add2193f4657e,2921.35,119.46,11.660946365,55000,56000
a85ee180cabf8a203867cd03141add2193f4657e,2857.38,116.12,11.422464303,56000,56000
a85ee180cabf8a203867cd03141add2193f4657e,2882.49,117.41,11.516675156,56000,55000
a85ee180cabf8a203867cd03141add2193f4657e,2927.93,119.50,11.692164582,56000,56000
a85ee180cabf8a203867cd03141add2193f4657e,2947.36,120.24,11.765711905,56000,56000
a85ee180cabf8a203867cd03141add2193f4657e,2916.26,119.10,11.650299191,55000,56000
64b005a9705036ece9f065fec3587655cb336a74,2875.14,117.85,11.503646328,55000,57000
64b005a9705036ece9f065fec3587655cb336a74,2884.37,117.52,11.559862174,55000,56000
64b005a9705036ece9f065fec3587655cb336a74,2880.46,117.34,11.549592455,55000,56000
64b005a9705036ece9f065fec3587655cb336a74,2912.18,119.53,11.649484742,56000,56000
64b005a9705036ece9f065fec3587655cb336a74,2864.42,116.51,11.445363500,55000,56000
64b005a9705036ece9f065fec3587655cb336a74,2856.70,116.25,11.424829387,56000,56000
64b005a9705036ece9f065fec3587655cb336a74,2880.96,117.03,11.500333833,56000,56000
64b005a9705036ece9f065fec3587655cb336a74,2879.24,117.52,11.491403422,57000,56000
64b005a9705036ece9f065fec3587655cb336a74,2881.25,117.48,11.530532879,55000,56000
64b005a9705036ece9f065fec3587655cb336a74,2865.87,116.39,11.478112986,56000,56000
64b005a9705036ece9f065fec3587655cb336a74,2932.38,119.49,11.713274879,56000,54000
64b005a9705036ece9f065fec3587655cb336a74,2906.92,118.04,11.617368650,55000,56000
64b005a9705036ece9f065fec3587655cb336a74,2882.99,117.18,11.516651164,56000,55000
64b005a9705036ece9f065fec3587655cb336a74,2864.70,116.80,11.440071060,55000,56000
64b005a9705036ece9f065fec3587655cb336a74,2898.40,117.54,11.591074038,56000,56000
64b005a9705036ece9f065fec3587655cb336a74,2889.06,117.33,11.563627987,56000,56000
64b005a9705036ece9f065fec3587655cb336a74,2878.01,117.05,11.507724113,56000,55000
64b005a9705036ece9f065fec3587655cb336a74,2935.27,119.73,11.753693844,56000,56000
64b005a9705036ece9f065fec3587655cb336a74,2910.25,118.26,11.641024425,54000,56000
64b005a9705036ece9f065fec3587655cb336a74,2864.19,115.84,11.443841503,55000,55000
64b005a9705036ece9f065fec3587655cb336a74,2823.51,114.57,11.258019617,56000,55000
64b005a9705036ece9f065fec3587655cb336a74,2873.67,116.72,11.472605673,56000,56000
64b005a9705036ece9f065fec3587655cb336a74,2915.29,118.47,11.661518076,56000,55000
64b005a9705036ece9f065fec3587655cb336a74,2880.81,117.24,11.524705307,56000,55000
64b005a9705036ece9f065fec3587655cb336a74,2896.71,117.89,11.572560271,56000,55000
64b005a9705036ece9f065fec3587655cb336a74,2899.23,118.19,11.576133809,56000,54000
64b005a9705036ece9f065fec3587655cb336a74,2889.73,117.53,11.549419635,56000,56000
64b005a9705036ece9f065fec3587655cb336a74,2894.08,118.12,11.547282733,56000,56000
64b005a9705036ece9f065fec3587655cb336a74,2857.52,116.53,11.410989941,56000,55000
64b005a9705036ece9f065fec3587655cb336a74,2860.87,116.35,11.416314255,55000,56000
a2186364263be3c97a646d36f38f114f191739ed,2832.08,115.22,11.342927729,56000,55000
a2186364263be3c97a646d36f38f114f191739ed,2895.65,118.11,11.592829628,55000,55000
a2186364263be3c97a646d36f38f114f191739ed,2884.84,116.90,11.539647171,56000,55000
a2186364263be3c97a646d36f38f114f191739ed,2892.23,117.92,11.559508339,56000,55000
a2186364263be3c97a646d36f38f114f191739ed,2829.06,114.91,11.288612624,56000,56000
a2186364263be3c97a646d36f38f114f191739ed,2883.74,117.38,11.503898792,56000,56000
a2186364263be3c97a646d36f38f114f191739ed,2884.63,117.37,11.513714048,55000,56000
a2186364263be3c97a646d36f38f114f191739ed,2925.91,119.33,11.693171134,56000,56000
a2186364263be3c97a646d36f38f114f191739ed,2970.92,121.90,11.869264273,56000,56000
a2186364263be3c97a646d36f38f114f191739ed,2816.19,114.56,11.252075718,56000,55000
a2186364263be3c97a646d36f38f114f191739ed,2888.85,117.87,11.548551095,56000,55000
a2186364263be3c97a646d36f38f114f191739ed,2902.35,117.27,11.599016966,55000,56000
a2186364263be3c97a646d36f38f114f191739ed,2899.94,117.58,11.571611349,55000,55000
a2186364263be3c97a646d36f38f114f191739ed,2849.93,115.63,11.366500127,55000,56000
a2186364263be3c97a646d36f38f114f191739ed,2885.45,117.40,11.521752591,55000,56000
a2186364263be3c97a646d36f38f114f191739ed,2913.91,118.53,11.630214721,56000,55000
a2186364263be3c97a646d36f38f114f191739ed,2933.64,119.81,11.713798541,56000,56000
a2186364263be3c97a646d36f38f114f191739ed,2877.26,116.47,11.531688819,55000,56000
a2186364263be3c97a646d36f38f114f191739ed,2920.98,118.93,11.703838948,56000,55000
a2186364263be3c97a646d36f38f114f191739ed,2843.10,115.95,11.356020478,55000,56000
a2186364263be3c97a646d36f38f114f191739ed,2873.38,116.92,11.478418921,56000,56000
a2186364263be3c97a646d36f38f114f191739ed,2887.64,117.96,11.531388048,56000,56000
a2186364263be3c97a646d36f38f114f191739ed,2864.27,116.34,11.416261324,56000,55000
a2186364263be3c97a646d36f38f114f191739ed,2824.17,114.25,11.269960016,56000,56000
a2186364263be3c97a646d36f38f114f191739ed,2929.10,119.59,11.699077078,55000,56000
a2186364263be3c97a646d36f38f114f191739ed,2900.99,118.19,11.584669576,56000,56000
a2186364263be3c97a646d36f38f114f191739ed,2877.47,117.25,11.469654506,56000,55000
a2186364263be3c97a646d36f38f114f191739ed,2941.24,119.72,11.738872303,56000,56000
a2186364263be3c97a646d36f38f114f191739ed,2883.27,117.24,11.530740590,56000,56000
a2186364263be3c97a646d36f38f114f191739ed,2903.98,118.38,11.588700344,56000,56000
a1ec04444624fe0c3b9e2d1a79b34f554f551bf1,2870.06,116.83,11.485869443,56000,56000
a1ec04444624fe0c3b9e2d1a79b34f554f551bf1,2889.41,117.91,11.551545226,54000,55000
a1ec04444624fe0c3b9e2d1a79b34f554f551bf1,2887.70,117.61,11.525121097,55000,56000
a1ec04444624fe0c3b9e2d1a79b34f554f551bf1,2892.62,117.31,11.573404996,56000,56000
a1ec04444624fe0c3b9e2d1a79b34f554f551bf1,2880.58,117.22,11.485631183,56000,56000
a1ec04444624fe0c3b9e2d1a79b34f554f551bf1,2923.44,119.31,11.652740849,56000,56000
a1ec04444624fe0c3b9e2d1a79b34f554f551bf1,2897.71,118.23,11.616729557,56000,56000
a1ec04444624fe0c3b9e2d1a79b34f554f551bf1,2901.18,118.12,11.633150577,56000,56000
a1ec04444624fe0c3b9e2d1a79b34f554f551bf1,2881.68,117.36,11.523567852,56000,55000
a1ec04444624fe0c3b9e2d1a79b34f554f551bf1,2958.92,121.10,11.824184749,56000,56000
a1ec04444624fe0c3b9e2d1a79b34f554f551bf1,2852.91,116.06,11.407669940,56000,55000
a1ec04444624fe0c3b9e2d1a79b34f554f551bf1,2947.39,120.13,11.786135046,55000,55000
a1ec04444624fe0c3b9e2d1a79b34f554f551bf1,2933.38,119.60,11.746090841,55000,56000
a1ec04444624fe0c3b9e2d1a79b34f554f551bf1,2884.35,117.87,11.510439743,55000,56000
a1ec04444624fe0c3b9e2d1a79b34f554f551bf1,2895.73,117.85,11.601919126,56000,56000
a1ec04444624fe0c3b9e2d1a79b34f554f551bf1,2837.00,115.24,11.336366636,55000,55000
a1ec04444624fe0c3b9e2d1a79b34f554f551bf1,2893.16,117.19,11.557622243,56000,55000
a1ec04444624fe0c3b9e2d1a79b34f554f551bf1,2930.53,119.62,11.706565713,56000,55000
a1ec04444624fe0c3b9e2d1a79b34f554f551bf1,2902.08,117.35,11.610916048,56000,56000
a1ec04444624fe0c3b9e2d1a79b34f554f551bf1,2923.24,118.77,11.693537238,56000,55000
a1ec04444624fe0c3b9e2d1a79b34f554f551bf1,2857.49,116.38,11.414533231,56000,55000
a1ec04444624fe0c3b9e2d1a79b34f554f551bf1,2926.91,118.79,11.692005253,54000,56000
a1ec04444624fe0c3b9e2d1a79b34f554f551bf1,2890.87,117.25,11.554552300,56000,56000
a1ec04444624fe0c3b9e2d1a79b34f554f551bf1,2808.01,113.92,11.217058513,56000,56000
a1ec04444624fe0c3b9e2d1a79b34f554f551bf1,2897.91,117.82,11.585422926,56000,56000
a1ec04444624fe0c3b9e2d1a79b34f554f551bf1,2899.32,118.28,11.557164560,55000,56000
a1ec04444624fe0c3b9e2d1a79b34f554f551bf1,2907.27,118.49,11.623089434,57000,56000
a1ec04444624fe0c3b9e2d1a79b34f554f551bf1,2901.99,117.90,11.599116083,56000,55000
a1ec04444624fe0c3b9e2d1a79b34f554f551bf1,2911.66,118.25,11.636435504,56000,55000
a1ec04444624fe0c3b9e2d1a79b34f554f551bf1,2895.39,117.78,11.551567233,56000,56000
3333c24b979622d7da4a01b558634d5433b22825,2907.23,118.37,11.634575322,56000,56000
3333c24b979622d7da4a01b558634d5433b22825,2959.38,121.16,11.814753304,56000,55000
3333c24b979622d7da4a01b558634d5433b22825,2891.70,117.70,11.558513323,56000,55000
3333c24b979622d7da4a01b558634d5433b22825,2835.02,115.63,11.334935374,56000,56000
3333c24b979622d7da4a01b558634d5433b22825,2924.13,119.13,11.678126542,56000,55000
3333c24b979622d7da4a01b558634d5433b22825,2877.30,117.64,11.485566292,56000,56000
3333c24b979622d7da4a01b558634d5433b22825,2885.94,116.93,11.528452938,56000,56000
3333c24b979622d7da4a01b558634d5433b22825,2843.79,115.72,11.344278488,56000,56000
3333c24b979622d7da4a01b558634d5433b22825,2896.74,117.52,11.590284211,55000,56000
3333c24b979622d7da4a01b558634d5433b22825,2885.20,117.30,11.530237392,56000,56000
3333c24b979622d7da4a01b558634d5433b22825,2889.88,117.42,11.568008408,56000,55000
3333c24b979622d7da4a01b558634d5433b22825,2885.39,117.44,11.532449288,55000,56000
3333c24b979622d7da4a01b558634d5433b22825,2896.71,117.66,11.591673972,55000,56000
3333c24b979622d7da4a01b558634d5433b22825,2965.93,121.49,11.853685064,56000,56000
3333c24b979622d7da4a01b558634d5433b22825,2876.02,117.26,11.491060259,56000,56000
3333c24b979622d7da4a01b558634d5433b22825,2911.60,117.96,11.651532265,56000,56000
3333c24b979622d7da4a01b558634d5433b22825,2969.81,121.39,11.850326160,56000,55000
3333c24b979622d7da4a01b558634d5433b22825,2872.34,116.30,11.494387805,55000,56000
3333c24b979622d7da4a01b558634d5433b22825,2920.74,119.65,11.657012379,56000,54000
3333c24b979622d7da4a01b558634d5433b22825,2887.41,117.20,11.540654152,55000,55000
3333c24b979622d7da4a01b558634d5433b22825,2872.98,117.21,11.461503955,56000,56000
3333c24b979622d7da4a01b558634d5433b22825,2879.52,117.89,11.506336941,55000,55000
3333c24b979622d7da4a01b558634d5433b22825,2897.07,117.55,11.583334060,56000,55000
3333c24b979622d7da4a01b558634d5433b22825,2917.76,119.01,11.648193713,56000,56000
3333c24b979622d7da4a01b558634d5433b22825,2905.32,118.27,11.597845294,55000,55000
3333c24b979622d7da4a01b558634d5433b22825,2872.93,116.86,11.465384614,55000,55000
3333c24b979622d7da4a01b558634d5433b22825,2885.43,116.85,11.524665042,55000,56000
3333c24b979622d7da4a01b558634d5433b22825,2917.84,119.21,11.664899371,55000,56000
3333c24b979622d7da4a01b558634d5433b22825,2906.35,118.73,11.595457353,56000,56000
3333c24b979622d7da4a01b558634d5433b22825,2939.24,119.53,11.737527601,56000,55000
e1761feda1a4b6e1cd9c934b79ed9f063d2655c0,2886.69,117.65,11.551810321,55000,56000
e1761feda1a4b6e1cd9c934b79ed9f063d2655c0,2875.47,116.72,11.503341572,55000,55000
e1761feda1a4b6e1cd9c934b79ed9f063d2655c0,2819.63,114.31,11.274655575,55000,55000
e1761feda1a4b6e1cd9c934b79ed9f063d2655c0,2904.54,118.70,11.590142873,56000,56000
e1761feda1a4b6e1cd9c934b79ed9f063d2655c0,2841.80,115.52,11.377383787,56000,56000
e1761feda1a4b6e1cd9c934b79ed9f063d2655c0,2889.42,118.50,11.514039346,55000,55000
e1761feda1a4b6e1cd9c934b79ed9f063d2655c0,2905.46,118.26,11.596588690,56000,55000
e1761feda1a4b6e1cd9c934b79ed9f063d2655c0,2940.45,120.22,11.756739680,56000,56000
e1761feda1a4b6e1cd9c934b79ed9f063d2655c0,2911.47,118.64,11.651176569,56000,55000
e1761feda1a4b6e1cd9c934b79ed9f063d2655c0,2906.79,118.25,11.639567390,56000,56000
e1761feda1a4b6e1cd9c934b79ed9f063d2655c0,2878.09,116.72,11.508165842,56000,55000
e1761feda1a4b6e1cd9c934b79ed9f063d2655c0,2817.86,113.99,11.271739319,56000,56000
e1761feda1a4b6e1cd9c934b79ed9f063d2655c0,2784.07,113.17,11.143537420,56000,56000
e1761feda1a4b6e1cd9c934b79ed9f063d2655c0,2865.85,116.63,11.446249998,56000,55000
e1761feda1a4b6e1cd9c934b79ed9f063d2655c0,2890.12,118.21,11.523687310,56000,56000
e1761feda1a4b6e1cd9c934b79ed9f063d2655c0,2845.63,115.62,11.361297801,55000,56000
e1761feda1a4b6e1cd9c934b79ed9f063d2655c0,2884.82,116.75,11.521450949,55000,56000
e1761feda1a4b6e1cd9c934b79ed9f063d2655c0,2874.84,116.87,11.478105592,56000,56000
e1761feda1a4b6e1cd9c934b79ed9f063d2655c0,2921.71,118.91,11.680698971,56000,56000
e1761feda1a4b6e1cd9c934b79ed9f063d2655c0,2832.24,115.03,11.326585079,56000,56000
e1761feda1a4b6e1cd9c934b79ed9f063d2655c0,2855.81,115.38,11.420407044,55000,56000
e1761feda1a4b6e1cd9c934b79ed9f063d2655c0,2886.67,117.74,11.541743813,55000,56000
e1761feda1a4b6e1cd9c934b79ed9f063d2655c0,2882.41,117.51,11.502887625,55000,56000
e1761feda1a4b6e1cd9c934b79ed9f063d2655c0,2906.05,118.45,11.609080956,55000,56000
e1761feda1a4b6e1cd9c934b79ed9f063d2655c0,2909.39,117.84,11.627475729,56000,56000
e1761feda1a4b6e1cd9c934b79ed9f063d2655c0,2923.76,118.89,11.651680895,56000,56000
e1761feda1a4b6e1cd9c934b79ed9f063d2655c0,2937.69,119.86,11.739400071,56000,56000
e1761feda1a4b6e1cd9c934b79ed9f063d2655c0,2832.11,115.30,11.315006855,55000,56000
e1761feda1a4b6e1cd9c934b79ed9f063d2655c0,2923.06,119.14,11.674719161,56000,56000
e1761feda1a4b6e1cd9c934b79ed9f063d2655c0,2831.12,114.78,11.315862121,56000,56000
3bc3b5a813f0203165a19679435c8207dfe2d0d3,2915.01,118.75,11.637218812,56000,56000
3bc3b5a813f0203165a19679435c8207dfe2d0d3,2882.88,117.74,11.490075208,56000,56000
3bc3b5a813f0203165a19679435c8207dfe2d0d3,2856.48,116.27,11.421627793,56000,56000
3bc3b5a813f0203165a19679435c8207dfe2d0d3,2920.17,118.66,11.681698651,56000,55000
3bc3b5a813f0203165a19679435c8207dfe2d0d3,2908.76,117.67,11.639876592,56000,55000
3bc3b5a813f0203165a19679435c8207dfe2d0d3,2944.72,120.33,11.742994463,56000,56000
3bc3b5a813f0203165a19679435c8207dfe2d0d3,2963.62,120.73,11.839689505,56000,55000
3bc3b5a813f0203165a19679435c8207dfe2d0d3,2994.51,122.56,11.971611918,56000,56000
3bc3b5a813f0203165a19679435c8207dfe2d0d3,2931.77,119.15,11.728597128,56000,56000
3bc3b5a813f0203165a19679435c8207dfe2d0d3,2885.15,117.30,11.546065525,56000,55000
3bc3b5a813f0203165a19679435c8207dfe2d0d3,2925.83,119.57,11.691016355,56000,56000
3bc3b5a813f0203165a19679435c8207dfe2d0d3,2923.14,119.28,11.709665908,56000,56000
3bc3b5a813f0203165a19679435c8207dfe2d0d3,2892.59,117.90,11.558701755,56000,56000
3bc3b5a813f0203165a19679435c8207dfe2d0d3,2892.01,117.67,11.568316088,55000,56000
3bc3b5a813f0203165a19679435c8207dfe2d0d3,2900.97,118.85,11.590643619,56000,55000
3bc3b5a813f0203165a19679435c8207dfe2d0d3,2884.53,117.12,11.524074438,55000,56000
3bc3b5a813f0203165a19679435c8207dfe2d0d3,2837.68,116.17,11.321829247,56000,56000
3bc3b5a813f0203165a19679435c8207dfe2d0d3,2913.95,118.93,11.626716411,55000,56000
3bc3b5a813f0203165a19679435c8207dfe2d0d3,2752.48,111.19,10.996952845,56000,56000
3bc3b5a813f0203165a19679435c8207dfe2d0d3,2955.90,120.52,11.813861871,56000,55000
3bc3b5a813f0203165a19679435c8207dfe2d0d3,2875.49,117.11,11.501274550,56000,55000
3bc3b5a813f0203165a19679435c8207dfe2d0d3,2921.98,119.12,11.683304016,56000,55000
3bc3b5a813f0203165a19679435c8207dfe2d0d3,2879.72,116.97,11.499029826,56000,56000
3bc3b5a813f0203165a19679435c8207dfe2d0d3,2921.66,118.94,11.672854763,56000,56000
3bc3b5a813f0203165a19679435c8207dfe2d0d3,2868.38,117.42,11.446755494,55000,56000
3bc3b5a813f0203165a19679435c8207dfe2d0d3,2914.80,119.10,11.644865205,56000,56000
3bc3b5a813f0203165a19679435c8207dfe2d0d3,2932.45,119.07,11.727989197,56000,55000
3bc3b5a813f0203165a19679435c8207dfe2d0d3,2939.22,120.01,11.722083447,56000,56000
3bc3b5a813f0203165a19679435c8207dfe2d0d3,2823.80,114.98,11.280276774,56000,56000
3bc3b5a813f0203165a19679435c8207dfe2d0d3,2906.62,117.98,11.635152371,56000,56000
3e9078e3cfa338468cbce153120e63bcc27df147,2958.46,121.07,11.822236618,55000,55000
3e9078e3cfa338468cbce153120e63bcc27df147,2909.99,118.92,11.607497254,55000,54000
3e9078e3cfa338468cbce153120e63bcc27df147,2926.20,119.45,11.687499078,55000,56000
3e9078e3cfa338468cbce153120e63bcc27df147,2922.20,118.71,11.682938637,56000,56000
3e9078e3cfa338468cbce153120e63bcc27df147,2890.69,118.00,11.558620863,56000,56000
3e9078e3cfa338468cbce153120e63bcc27df147,2890.83,118.47,11.529410847,56000,55000
3e9078e3cfa338468cbce153120e63bcc27df147,2847.07,115.97,11.376388125,56000,56000
3e9078e3cfa338468cbce153120e63bcc27df147,2933.15,119.32,11.729922019,56000,55000
3e9078e3cfa338468cbce153120e63bcc27df147,2923.99,119.07,11.687478420,56000,56000
3e9078e3cfa338468cbce153120e63bcc27df147,2862.82,115.99,11.455062029,56000,55000
3e9078e3cfa338468cbce153120e63bcc27df147,2808.42,114.18,11.210542541,56000,56000
3e9078e3cfa338468cbce153120e63bcc27df147,2899.45,118.13,11.580517049,55000,55000
3e9078e3cfa338468cbce153120e63bcc27df147,2866.86,116.37,11.466901651,56000,56000
3e9078e3cfa338468cbce153120e63bcc27df147,2868.39,116.92,11.440036586,55000,56000
3e9078e3cfa338468cbce153120e63bcc27df147,2884.75,117.03,11.519176991,56000,56000
3e9078e3cfa338468cbce153120e63bcc27df147,2899.20,118.16,11.591723209,56000,55000
3e9078e3cfa338468cbce153120e63bcc27df147,2876.28,116.66,11.494153614,56000,56000
3e9078e3cfa338468cbce153120e63bcc27df147,2897.05,118.10,11.578425919,56000,56000
3e9078e3cfa338468cbce153120e63bcc27df147,2906.53,118.25,11.626996346,55000,56000
3e9078e3cfa338468cbce153120e63bcc27df147,2912.43,118.62,11.667216808,56000,55000
3e9078e3cfa338468cbce153120e63bcc27df147,2865.40,116.80,11.448212816,56000,56000
3e9078e3cfa338468cbce153120e63bcc27df147,2928.05,119.52,11.691748018,56000,56000
3e9078e3cfa338468cbce153120e63bcc27df147,2908.09,118.35,11.610384032,55000,55000
3e9078e3cfa338468cbce153120e63bcc27df147,2864.68,116.04,11.475519767,56000,56000
3e9078e3cfa338468cbce153120e63bcc27df147,2909.35,118.70,11.621433781,56000,55000
3e9078e3cfa338468cbce153120e63bcc27df147,2906.01,119.16,11.618200668,56000,56000
3e9078e3cfa338468cbce153120e63bcc27df147,2938.56,120.32,11.733627361,56000,56000
3e9078e3cfa338468cbce153120e63bcc27df147,2842.52,115.41,11.358678181,56000,56000
3e9078e3cfa338468cbce153120e63bcc27df147,2893.13,117.59,11.560230434,57000,56000
3e9078e3cfa338468cbce153120e63bcc27df147,2900.07,117.63,11.613782024,56000,56000
448a7745c327d9ef0ce48ce5e31d3b3fe63c29c9,2946.62,120.33,11.776610204,55000,56000
448a7745c327d9ef0ce48ce5e31d3b3fe63c29c9,2937.50,119.92,11.736299238,56000,55000
448a7745c327d9ef0ce48ce5e31d3b3fe63c29c9,2803.71,113.98,11.202016013,56000,55000
448a7745c327d9ef0ce48ce5e31d3b3fe63c29c9,2917.54,118.78,11.671896401,56000,56000
448a7745c327d9ef0ce48ce5e31d3b3fe63c29c9,2806.45,113.62,11.192791310,56000,56000
448a7745c327d9ef0ce48ce5e31d3b3fe63c29c9,2862.29,116.75,11.429178072,56000,55000
448a7745c327d9ef0ce48ce5e31d3b3fe63c29c9,2904.12,118.14,11.597460070,56000,56000
448a7745c327d9ef0ce48ce5e31d3b3fe63c29c9,2923.59,119.06,11.692049187,56000,55000
448a7745c327d9ef0ce48ce5e31d3b3fe63c29c9,2884.58,117.90,11.539235757,56000,56000
448a7745c327d9ef0ce48ce5e31d3b3fe63c29c9,2881.24,117.00,11.523629290,55000,56000
448a7745c327d9ef0ce48ce5e31d3b3fe63c29c9,2895.70,118.38,11.556924688,56000,57000
448a7745c327d9ef0ce48ce5e31d3b3fe63c29c9,2936.52,119.49,11.733943035,56000,56000
448a7745c327d9ef0ce48ce5e31d3b3fe63c29c9,2931.96,119.63,11.735792677,56000,56000
448a7745c327d9ef0ce48ce5e31d3b3fe63c29c9,2880.16,117.49,11.510287617,56000,55000
448a7745c327d9ef0ce48ce5e31d3b3fe63c29c9,2779.85,112.61,11.088246067,56000,56000
448a7745c327d9ef0ce48ce5e31d3b3fe63c29c9,2879.60,117.26,11.498631420,56000,55000
448a7745c327d9ef0ce48ce5e31d3b3fe63c29c9,2936.80,119.02,11.730124796,56000,56000
448a7745c327d9ef0ce48ce5e31d3b3fe63c29c9,2919.73,118.84,11.658471481,55000,55000
448a7745c327d9ef0ce48ce5e31d3b3fe63c29c9,2959.06,120.78,11.796550215,56000,56000
448a7745c327d9ef0ce48ce5e31d3b3fe63c29c9,2870.32,116.79,11.463954540,56000,56000
448a7745c327d9ef0ce48ce5e31d3b3fe63c29c9,2893.71,117.85,11.561165582,56000,56000
448a7745c327d9ef0ce48ce5e31d3b3fe63c29c9,2855.34,115.89,11.397420243,55000,56000
448a7745c327d9ef0ce48ce5e31d3b3fe63c29c9,2845.36,115.92,11.389708601,55000,56000
448a7745c327d9ef0ce48ce5e31d3b3fe63c29c9,2889.26,117.71,11.538578255,56000,55000
448a7745c327d9ef0ce48ce5e31d3b3fe63c29c9,2928.46,119.84,11.707752498,55000,56000
448a7745c327d9ef0ce48ce5e31d3b3fe63c29c9,2939.59,119.83,11.729922323,56000,55000
448a7745c327d9ef0ce48ce5e31d3b3fe63c29c9,2846.23,115.34,11.385625871,56000,56000
448a7745c327d9ef0ce48ce5e31d3b3fe63c29c9,2883.45,117.51,11.527567356,56000,57000
448a7745c327d9ef0ce48ce5e31d3b3fe63c29c9,2907.73,118.75,11.599218813,56000,56000
448a7745c327d9ef0ce48ce5e31d3b3fe63c29c9,2851.01,116.15,11.396468243,55000,56000
17f864d3e273e94f383352e0ac5658a1ed8c2d7a,2882.14,117.48,11.530949246,56000,55000
17f864d3e273e94f383352e0ac5658a1ed8c2d7a,2958.14,120.85,11.808341377,56000,55000
17f864d3e273e94f383352e0ac5658a1ed8c2d7a,2891.90,117.90,11.539059201,56000,55000
17f864d3e273e94f383352e0ac5658a1ed8c2d7a,2862.12,116.31,11.458812393,56000,56000
17f864d3e273e94f383352e0ac5658a1ed8c2d7a,2884.07,117.52,11.548627459,56000,56000
17f864d3e273e94f383352e0ac5658a1ed8c2d7a,2859.65,115.79,11.444138432,55000,56000
17f864d3e273e94f383352e0ac5658a1ed8c2d7a,2967.96,121.12,11.843715733,55000,55000
17f864d3e273e94f383352e0ac5658a1ed8c2d7a,2897.86,118.02,11.574663419,56000,56000
17f864d3e273e94f383352e0ac5658a1ed8c2d7a,2928.27,119.46,11.705325521,56000,55000
17f864d3e273e94f383352e0ac5658a1ed8c2d7a,2915.90,118.95,11.659515364,56000,56000
17f864d3e273e94f383352e0ac5658a1ed8c2d7a,2923.68,118.47,11.702240867,56000,56000
17f864d3e273e94f383352e0ac5658a1ed8c2d7a,2915.46,118.69,11.670001412,56000,56000
17f864d3e273e94f383352e0ac5658a1ed8c2d7a,2837.81,115.02,11.337093659,55000,56000
17f864d3e273e94f383352e0ac5658a1ed8c2d7a,2854.92,116.04,11.407212709,55000,56000
17f864d3e273e94f383352e0ac5658a1ed8c2d7a,2872.39,116.32,11.471376344,56000,54000
17f864d3e273e94f383352e0ac5658a1ed8c2d7a,2839.30,115.07,11.338933628,56000,56000
17f864d3e273e94f383352e0ac5658a1ed8c2d7a,2928.93,118.67,11.701482153,56000,56000
17f864d3e273e94f383352e0ac5658a1ed8c2d7a,2854.19,116.14,11.420023011,55000,56000
17f864d3e273e94f383352e0ac5658a1ed8c2d7a,2852.06,115.94,11.386407155,56000,55000
17f864d3e273e94f383352e0ac5658a1ed8c2d7a,2829.27,114.72,11.296225596,55000,56000
17f864d3e273e94f383352e0ac5658a1ed8c2d7a,2919.71,119.31,11.671358452,55000,55000
17f864d3e273e94f383352e0ac5658a1ed8c2d7a,2864.22,116.65,11.436335529,56000,56000
17f864d3e273e94f383352e0ac5658a1ed8c2d7a,2904.44,118.51,11.580356705,56000,56000
17f864d3e273e94f383352e0ac5658a1ed8c2d7a,2934.11,119.51,11.719322372,56000,56000
17f864d3e273e94f383352e0ac5658a1ed8c2d7a,2926.17,119.57,11.668781412,56000,56000
17f864d3e273e94f383352e0ac5658a1ed8c2d7a,2884.14,117.86,11.508120680,56000,56000
17f864d3e273e94f383352e0ac5658a1ed8c2d7a,2909.59,119.02,11.616506599,56000,56000
17f864d3e273e94f383352e0ac5658a1ed8c2d7a,2941.06,120.26,11.716366820,56000,56000
17f864d3e273e94f383352e0ac5658a1ed8c2d7a,2910.47,118.72,11.605458586,56000,55000
17f864d3e273e94f383352e0ac5658a1ed8c2d7a,2835.52,115.06,11.331092835,56000,56000
c0066556c81f073443de64313229599ec08839e4,2852.70,116.49,11.420621805,55000,56000
c0066556c81f073443de64313229599ec08839e4,2901.87,118.05,11.627138409,56000,56000
c0066556c81f073443de64313229599ec08839e4,2855.16,116.02,11.420653343,55000,56000
c0066556c81f073443de64313229599ec08839e4,2800.41,113.32,11.178488816,56000,56000
c0066556c81f073443de64313229599ec08839e4,2874.21,116.80,11.497027190,55000,56000
c0066556c81f073443de64313229599ec08839e4,2913.47,118.30,11.650590683,56000,56000
c0066556c81f073443de64313229599ec08839e4,2931.55,119.41,11.721613930,55000,56000
c0066556c81f073443de64313229599ec08839e4,2906.71,118.67,11.607520462,55000,56000
c0066556c81f073443de64313229599ec08839e4,2939.44,119.15,11.762176753,56000,56000
c0066556c81f073443de64313229599ec08839e4,2921.07,119.07,11.676259271,56000,56000
c0066556c81f073443de64313229599ec08839e4,2971.78,121.05,11.898994654,56000,56000
c0066556c81f073443de64313229599ec08839e4,2996.21,122.09,11.984451927,56000,56000
c0066556c81f073443de64313229599ec08839e4,2950.26,120.31,11.798918581,56000,55000
c0066556c81f073443de64313229599ec08839e4,2948.27,119.97,11.807217483,56000,55000
c0066556c81f073443de64313229599ec08839e4,2940.91,120.22,11.737529243,56000,56000
c0066556c81f073443de64313229599ec08839e4,2927.30,119.00,11.692437048,56000,56000
c0066556c81f073443de64313229599ec08839e4,2906.73,118.01,11.603897332,56000,55000
c0066556c81f073443de64313229599ec08839e4,2987.88,120.91,11.948048880,55000,56000
c0066556c81f073443de64313229599ec08839e4,2913.18,118.41,11.642941613,56000,56000
c0066556c81f073443de64313229599ec08839e4,2930.11,119.83,11.738059463,55000,55000
c0066556c81f073443de64313229599ec08839e4,2972.51,120.74,11.873643698,56000,56000
c0066556c81f073443de64313229599ec08839e4,2921.47,118.56,11.686274805,56000,55000
c0066556c81f073443de64313229599ec08839e4,3005.69,122.64,11.999275234,56000,55000
c0066556c81f073443de64313229599ec08839e4,2913.83,118.45,11.640223448,56000,56000
c0066556c81f073443de64313229599ec08839e4,2988.25,121.45,11.920022900,56000,56000
c0066556c81f073443de64313229599ec08839e4,2904.19,118.35,11.594677173,56000,56000
c0066556c81f073443de64313229599ec08839e4,2968.12,120.87,11.856325691,56000,56000
c0066556c81f073443de64313229599ec08839e4,2967.04,121.21,11.840032539,56000,56000
c0066556c81f073443de64313229599ec08839e4,2994.34,121.92,11.950070517,56000,56000
c0066556c81f073443de64313229599ec08839e4,2944.56,120.07,11.751697484,55000,56000
6317d9e61688d573bae7d81a9b04a3bd25696ec2,2900.73,118.25,11.595118812,56000,56000
6317d9e61688d573bae7d81a9b04a3bd25696ec2,2908.92,117.91,11.639468913,56000,55000
6317d9e61688d573bae7d81a9b04a3bd25696ec2,2947.59,119.76,11.783502281,56000,56000
6317d9e61688d573bae7d81a9b04a3bd25696ec2,2934.41,119.15,11.731439064,56000,55000
6317d9e61688d573bae7d81a9b04a3bd25696ec2,2893.46,118.25,11.561419670,56000,55000
6317d9e61688d573bae7d81a9b04a3bd25696ec2,2890.30,117.91,11.545739838,55000,56000
6317d9e61688d573bae7d81a9b04a3bd25696ec2,2933.24,119.18,11.712061064,56000,56000
6317d9e61688d573bae7d81a9b04a3bd25696ec2,2956.87,120.27,11.794131786,56000,55000
6317d9e61688d573bae7d81a9b04a3bd25696ec2,2918.73,118.99,11.653628453,56000,55000
6317d9e61688d573bae7d81a9b04a3bd25696ec2,2945.41,119.95,11.764512672,56000,56000
6317d9e61688d573bae7d81a9b04a3bd25696ec2,2946.92,120.21,11.771940726,56000,55000
6317d9e61688d573bae7d81a9b04a3bd25696ec2,2849.78,115.77,11.385155432,55000,56000
6317d9e61688d573bae7d81a9b04a3bd25696ec2,2977.11,121.54,11.907917935,55000,55000
6317d9e61688d573bae7d81a9b04a3bd25696ec2,2976.23,121.30,11.903316093,55000,55000
6317d9e61688d573bae7d81a9b04a3bd25696ec2,2943.23,119.70,11.780360158,55000,56000
6317d9e61688d573bae7d81a9b04a3bd25696ec2,2945.37,119.75,11.783724110,56000,55000
6317d9e61688d573bae7d81a9b04a3bd25696ec2,2945.54,119.90,11.763655629,56000,56000
6317d9e61688d573bae7d81a9b04a3bd25696ec2,2894.07,117.23,11.563215558,56000,56000
6317d9e61688d573bae7d81a9b04a3bd25696ec2,2932.55,119.72,11.695923046,56000,55000
6317d9e61688d573bae7d81a9b04a3bd25696ec2,2943.07,119.72,11.753103218,55000,55000
6317d9e61688d573bae7d81a9b04a3bd25696ec2,2968.45,120.91,11.855601988,56000,56000
6317d9e61688d573bae7d81a9b04a3bd25696ec2,2924.04,119.12,11.675679252,56000,55000
6317d9e61688d573bae7d81a9b04a3bd25696ec2,2855.44,115.99,11.413149127,55000,56000
6317d9e61688d573bae7d81a9b04a3bd25696ec2,2911.92,118.56,11.640980557,56000,56000
6317d9e61688d573bae7d81a9b04a3bd25696ec2,2922.93,119.04,11.671735103,56000,56000
6317d9e61688d573bae7d81a9b04a3bd25696ec2,2902.21,118.50,11.590702653,55000,55000
6317d9e61688d573bae7d81a9b04a3bd25696ec2,2941.05,119.84,11.736008559,56000,56000
6317d9e61688d573bae7d81a9b04a3bd25696ec2,2943.22,120.26,11.771962436,55000,56000
6317d9e61688d573bae7d81a9b04a3bd25696ec2,2897.31,117.59,11.581053056,56000,56000
6317d9e61688d573bae7d81a9b04a3bd25696ec2,2912.04,118.26,11.661941017,56000,56000
114277ed39e8a86215e8d9c4c386abd54e8c1b92,2907.22,118.82,11.613211757,56000,56000
114277ed39e8a86215e8d9c4c386abd54e8c1b92,2909.72,118.32,11.626317416,55000,56000
114277ed39e8a86215e8d9c4c386abd54e8c1b92,2993.78,121.94,11.972185257,56000,56000
114277ed39e8a86215e8d9c4c386abd54e8c1b92,2915.73,118.55,11.648758635,56000,56000
114277ed39e8a86215e8d9c4c386abd54e8c1b92,2899.68,118.01,11.613407731,56000,56000
114277ed39e8a86215e8d9c4c386abd54e8c1b92,2882.20,117.44,11.515116277,56000,56000
114277ed39e8a86215e8d9c4c386abd54e8c1b92,2854.88,115.86,11.402656803,56000,56000
114277ed39e8a86215e8d9c4c386abd54e8c1b92,2921.53,119.24,11.653736774,56000,55000
114277ed39e8a86215e8d9c4c386abd54e8c1b92,2906.44,117.78,11.617617609,56000,55000
114277ed39e8a86215e8d9c4c386abd54e8c1b92,2968.72,120.99,11.870043204,56000,56000
114277ed39e8a86215e8d9c4c386abd54e8c1b92,2958.84,121.06,11.833474141,55000,55000
114277ed39e8a86215e8d9c4c386abd54e8c1b92,2959.79,120.80,11.849096455,56000,55000
114277ed39e8a86215e8d9c4c386abd54e8c1b92,2944.94,120.46,11.768886861,55000,55000
114277ed39e8a86215e8d9c4c386abd54e8c1b92,2943.22,119.61,11.770150236,55000,56000
114277ed39e8a86215e8d9c4c386abd54e8c1b92,2921.03,119.02,11.670201214,55000,56000
114277ed39e8a86215e8d9c4c386abd54e8c1b92,2805.77,113.33,11.186539328,56000,55000
114277ed39e8a86215e8d9c4c386abd54e8c1b92,2933.68,119.16,11.736611738,55000,56000
114277ed39e8a86215e8d9c4c386abd54e8c1b92,2873.84,117.16,11.494867474,56000,55000
114277ed39e8a86215e8d9c4c386abd54e8c1b92,2961.35,120.19,11.816763693,55000,56000
114277ed39e8a86215e8d9c4c386abd54e8c1b92,2916.30,117.96,11.658235174,55000,55000
114277ed39e8a86215e8d9c4c386abd54e8c1b92,2896.50,118.20,11.539162042,56000,56000
114277ed39e8a86215e8d9c4c386abd54e8c1b92,2960.19,121.31,11.838477971,56000,55000
114277ed39e8a86215e8d9c4c386abd54e8c1b92,2910.77,118.93,11.640047432,56000,56000
114277ed39e8a86215e8d9c4c386abd54e8c1b92,2909.82,118.78,11.625904710,55000,56000
114277ed39e8a86215e8d9c4c386abd54e8c1b92,2925.05,118.90,11.700592758,55000,55000
114277ed39e8a86215e8d9c4c386abd54e8c1b92,2936.82,119.53,11.726021790,56000,56000
114277ed39e8a86215e8d9c4c386abd54e8c1b92,2817.55,114.11,11.255420593,56000,56000
114277ed39e8a86215e8d9c4c386abd54e8c1b92,2941.54,119.74,11.765443603,55000,56000
114277ed39e8a86215e8d9c4c386abd54e8c1b92,2985.43,121.91,11.947166013,55000,56000
114277ed39e8a86215e8d9c4c386abd54e8c1b92,2996.11,122.24,11.978042009,56000,56000
42753efb26cfa16be0daf761ca5a8e8c36401e40,2906.19,118.81,11.628079994,55000,55000
42753efb26cfa16be0daf761ca5a8e8c36401e40,2947.45,120.05,11.781549022,54000,56000
42753efb26cfa16be0daf761ca5a8e8c36401e40,2900.23,118.12,11.572007473,55000,56000
42753efb26cfa16be0daf761ca5a8e8c36401e40,2836.38,114.73,11.309167929,55000,56000
42753efb26cfa16be0daf761ca5a8e8c36401e40,2905.49,118.07,11.619271968,56000,56000
42753efb26cfa16be0daf761ca5a8e8c36401e40,2982.18,121.63,11.919459233,56000,56000
42753efb26cfa16be0daf761ca5a8e8c36401e40,2935.74,119.13,11.729780715,56000,56000
42753efb26cfa16be0daf761ca5a8e8c36401e40,2958.66,120.74,11.834173391,56000,56000
42753efb26cfa16be0daf761ca5a8e8c36401e40,2902.81,118.08,11.609146622,56000,55000
42753efb26cfa16be0daf761ca5a8e8c36401e40,2893.70,117.82,11.574354842,56000,56000
42753efb26cfa16be0daf761ca5a8e8c36401e40,2975.56,120.99,11.920573605,56000,56000
42753efb26cfa16be0daf761ca5a8e8c36401e40,2936.05,119.53,11.723426771,55000,56000
42753efb26cfa16be0daf761ca5a8e8c36401e40,3006.78,123.15,11.999660595,55000,56000
42753efb26cfa16be0daf761ca5a8e8c36401e40,2917.15,118.48,11.662078878,56000,56000
42753efb26cfa16be0daf761ca5a8e8c36401e40,2947.79,120.07,11.788915468,56000,56000
42753efb26cfa16be0daf761ca5a8e8c36401e40,2918.47,119.00,11.663578507,56000,56000
42753efb26cfa16be0daf761ca5a8e8c36401e40,2935.03,119.37,11.739576546,55000,56000
42753efb26cfa16be0daf761ca5a8e8c36401e40,2955.04,120.72,11.793816286,54000,56000
42753efb26cfa16be0daf761ca5a8e8c36401e40,2974.07,121.58,11.842004782,55000,55000
42753efb26cfa16be0daf761ca5a8e8c36401e40,2991.12,121.94,11.979882892,56000,56000
42753efb26cfa16be0daf761ca5a8e8c36401e40,2961.50,120.38,11.817792180,56000,56000
42753efb26cfa16be0daf761ca5a8e8c36401e40,2950.08,119.91,11.783463954,56000,56000
42753efb26cfa16be0daf761ca5a8e8c36401e40,2873.19,117.24,11.474315069,55000,56000
42753efb26cfa16be0daf761ca5a8e8c36401e40,2941.83,119.77,11.755412281,56000,56000
42753efb26cfa16be0daf761ca5a8e8c36401e40,2962.32,121.06,11.826286044,55000,56000
42753efb26cfa16be0daf761ca5a8e8c36401e40,2915.82,118.95,11.644268461,56000,56000
42753efb26cfa16be0daf761ca5a8e8c36401e40,2957.19,120.47,11.820624131,56000,56000
42753efb26cfa16be0daf761ca5a8e8c36401e40,2881.20,116.95,11.501146199,56000,55000
42753efb26cfa16be0daf761ca5a8e8c36401e40,2918.57,119.07,11.670914194,56000,56000
42753efb26cfa16be0daf761ca5a8e8c36401e40,2891.76,117.17,11.554988791,55000,56000
220451f7efc9310859f7f0264edd72914976ad4e,2973.07,121.43,11.912443214,56000,55000
220451f7efc9310859f7f0264edd72914976ad4e,2927.71,119.00,11.704203706,56000,56000
220451f7efc9310859f7f0264edd72914976ad4e,2930.17,118.95,11.698014646,55000,55000
220451f7efc9310859f7f0264edd72914976ad4e,2898.11,118.10,11.555560220,56000,56000
220451f7efc9310859f7f0264edd72914976ad4e,2968.51,120.98,11.881211967,55000,56000
220451f7efc9310859f7f0264edd72914976ad4e,2899.59,117.77,11.585376951,56000,56000
220451f7efc9310859f7f0264edd72914976ad4e,2918.67,119.19,11.688384736,55000,56000
220451f7efc9310859f7f0264edd72914976ad4e,2879.04,116.50,11.517924211,56000,55000
220451f7efc9310859f7f0264edd72914976ad4e,2948.46,120.49,11.802978210,56000,56000
220451f7efc9310859f7f0264edd72914976ad4e,2901.02,118.36,11.614910082,56000,56000
220451f7efc9310859f7f0264edd72914976ad4e,2978.78,121.75,11.885847094,56000,55000
220451f7efc9310859f7f0264edd72914976ad4e,2932.03,119.41,11.722589940,56000,56000
220451f7efc9310859f7f0264edd72914976ad4e,2964.00,120.75,11.855666641,56000,55000
220451f7efc9310859f7f0264edd72914976ad4e,2934.55,119.46,11.737944964,56000,56000
220451f7efc9310859f7f0264edd72914976ad4e,2971.61,120.74,11.870231050,56000,56000
220451f7efc9310859f7f0264edd72914976ad4e,2931.61,118.95,11.687177504,56000,56000
220451f7efc9310859f7f0264edd72914976ad4e,2920.03,118.08,11.662819617,56000,56000
220451f7efc9310859f7f0264edd72914976ad4e,2936.49,119.74,11.735302633,56000,56000
220451f7efc9310859f7f0264edd72914976ad4e,2953.95,120.21,11.816178974,56000,55000
220451f7efc9310859f7f0264edd72914976ad4e,2972.43,121.41,11.864637455,55000,55000
220451f7efc9310859f7f0264edd72914976ad4e,2913.88,118.25,11.641939641,55000,55000
220451f7efc9310859f7f0264edd72914976ad4e,2982.92,121.76,11.915849857,56000,56000
220451f7efc9310859f7f0264edd72914976ad4e,2945.95,120.18,11.752763294,56000,56000
220451f7efc9310859f7f0264edd72914976ad4e,2923.04,119.57,11.649541411,56000,56000
220451f7efc9310859f7f0264edd72914976ad4e,2984.28,121.37,11.911977295,56000,56000
220451f7efc9310859f7f0264edd72914976ad4e,2942.10,119.64,11.736908319,56000,55000
220451f7efc9310859f7f0264edd72914976ad4e,2958.12,120.81,11.804982241,55000,55000
220451f7efc9310859f7f0264edd72914976ad4e,2955.53,120.77,11.791446698,56000,55000
220451f7efc9310859f7f0264edd72914976ad4e,2896.78,117.80,11.590713825,56000,56000
220451f7efc9310859f7f0264edd72914976ad4e,2955.04,120.03,11.805705114,56000,56000
96f719a73d038a9ba5f9d5484cb10650c51c024c,2869.54,116.94,11.465201956,56000,55000
96f719a73d038a9ba5f9d5484cb10650c51c024c,2912.92,118.96,11.615311420,56000,56000
96f719a73d038a9ba5f9d5484cb10650c51c024c,2908.03,117.86,11.643172502,56000,56000
96f719a73d038a9ba5f9d5484cb10650c51c024c,2934.75,119.50,11.722918237,56000,56000
96f719a73d038a9ba5f9d5484cb10650c51c024c,2949.78,120.09,11.798398279,55000,56000
96f719a73d038a9ba5f9d5484cb10650c51c024c,2886.96,117.63,11.548672345,55000,55000
96f719a73d038a9ba5f9d5484cb10650c51c024c,2886.18,117.41,11.559615564,56000,56000
96f719a73d038a9ba5f9d5484cb10650c51c024c,2878.75,117.62,11.495277280,56000,55000
96f719a73d038a9ba5f9d5484cb10650c51c024c,2944.52,120.57,11.769395444,55000,56000
96f719a73d038a9ba5f9d5484cb10650c51c024c,2927.85,119.27,11.700839513,56000,55000
96f719a73d038a9ba5f9d5484cb10650c51c024c,2902.90,118.07,11.596101846,56000,55000
96f719a73d038a9ba5f9d5484cb10650c51c024c,2896.36,117.81,11.572803424,55000,55000
96f719a73d038a9ba5f9d5484cb10650c51c024c,2988.62,122.07,11.937273223,56000,56000
96f719a73d038a9ba5f9d5484cb10650c51c024c,2920.34,118.90,11.662988275,55000,56000
96f719a73d038a9ba5f9d5484cb10650c51c024c,2956.50,120.69,11.844533391,56000,56000
96f719a73d038a9ba5f9d5484cb10650c51c024c,2898.91,117.49,11.583574499,56000,54000
96f719a73d038a9ba5f9d5484cb10650c51c024c,2913.47,118.11,11.649730769,55000,55000
96f719a73d038a9ba5f9d5484cb10650c51c024c,2971.30,121.01,11.869071851,57000,56000
96f719a73d038a9ba5f9d5484cb10650c51c024c,2945.44,119.64,11.782960806,55000,54000
96f719a73d038a9ba5f9d5484cb10650c51c024c,2962.64,120.76,11.839306435,54000,56000
96f719a73d038a9ba5f9d5484cb10650c51c024c,2881.21,116.64,11.515079321,56000,56000
96f719a73d038a9ba5f9d5484cb10650c51c024c,2906.28,118.50,11.593662755,56000,56000
96f719a73d038a9ba5f9d5484cb10650c51c024c,2909.94,118.72,11.616192339,56000,55000
96f719a73d038a9ba5f9d5484cb10650c51c024c,2856.29,115.57,11.415555206,56000,56000
96f719a73d038a9ba5f9d5484cb10650c51c024c,2871.77,116.45,11.449855121,56000,56000
96f719a73d038a9ba5f9d5484cb10650c51c024c,2852.64,115.93,11.388563301,56000,56000
96f719a73d038a9ba5f9d5484cb10650c51c024c,2905.10,117.77,11.614066100,56000,55000
96f719a73d038a9ba5f9d5484cb10650c51c024c,2895.24,118.17,11.553788738,56000,55000
96f719a73d038a9ba5f9d5484cb10650c51c024c,2937.35,120.02,11.730467150,55000,56000
96f719a73d038a9ba5f9d5484cb10650c51c024c,2991.64,121.67,11.969277743,56000,56000
c21fa516f4dbee1560179cac55f982f928bfd42f,3058.68,124.67,12.244734320,55000,55000
c21fa516f4dbee1560179cac55f982f928bfd42f,3087.83,125.49,12.379942612,56000,56000
c21fa516f4dbee1560179cac55f982f928bfd42f,3107.45,126.71,12.424454692,56000,55000
c21fa516f4dbee1560179cac55f982f928bfd42f,3072.78,124.96,12.309846581,56000,55000
c21fa516f4dbee1560179cac55f982f928bfd42f,3085.18,125.40,12.336876754,56000,56000
c21fa516f4dbee1560179cac55f982f928bfd42f,3077.82,125.31,12.374897854,55000,56000
c21fa516f4dbee1560179cac55f982f928bfd42f,3120.10,127.08,12.515787776,55000,56000
c21fa516f4dbee1560179cac55f982f928bfd42f,3110.10,127.00,12.452685868,56000,56000
c21fa516f4dbee1560179cac55f982f928bfd42f,3081.03,124.99,12.364847502,56000,56000
c21fa516f4dbee1560179cac55f982f928bfd42f,3092.81,125.20,12.402882798,56000,55000
c21fa516f4dbee1560179cac55f982f928bfd42f,3068.85,124.86,12.292715553,56000,56000
c21fa516f4dbee1560179cac55f982f928bfd42f,3083.32,124.92,12.360179525,56000,56000
c21fa516f4dbee1560179cac55f982f928bfd42f,3051.17,123.78,12.208465131,55000,56000
c21fa516f4dbee1560179cac55f982f928bfd42f,3122.15,126.90,12.500060439,55000,55000
c21fa516f4dbee1560179cac55f982f928bfd42f,3067.67,124.88,12.286547897,55000,55000
c21fa516f4dbee1560179cac55f982f928bfd42f,3123.63,126.83,12.519887251,56000,56000
c21fa516f4dbee1560179cac55f982f928bfd42f,3102.90,126.39,12.439258491,56000,56000
c21fa516f4dbee1560179cac55f982f928bfd42f,3080.64,125.52,12.325306941,56000,56000
c21fa516f4dbee1560179cac55f982f928bfd42f,3085.25,124.92,12.360620304,54000,55000
c21fa516f4dbee1560179cac55f982f928bfd42f,3080.59,124.83,12.325596659,56000,56000
c21fa516f4dbee1560179cac55f982f928bfd42f,3083.66,125.27,12.362315660,56000,56000
c21fa516f4dbee1560179cac55f982f928bfd42f,3082.96,124.89,12.360981055,56000,56000
c21fa516f4dbee1560179cac55f982f928bfd42f,3102.18,125.54,12.416924917,56000,56000
c21fa516f4dbee1560179cac55f982f928bfd42f,3129.14,127.16,12.561812677,56000,55000
c21fa516f4dbee1560179cac55f982f928bfd42f,3150.51,128.61,12.619546811,56000,56000
c21fa516f4dbee1560179cac55f982f928bfd42f,3074.24,125.18,12.311767426,55000,56000
c21fa516f4dbee1560179cac55f982f928bfd42f,3055.18,123.66,12.248915475,56000,56000
c21fa516f4dbee1560179cac55f982f928bfd42f,3085.41,125.27,12.355093295,56000,55000
c21fa516f4dbee1560179cac55f982f928bfd42f,3074.89,124.83,12.329781188,56000,56000
c21fa516f4dbee1560179cac55f982f928bfd42f,3045.21,123.91,12.171782120,56000,55000
c88029a8f4d195e566de740d227ae2fe558ad632,3031.51,123.27,12.139377592,56000,56000
c88029a8f4d195e566de740d227ae2fe558ad632,3089.65,126.13,12.378313422,56000,56000
c88029a8f4d195e566de740d227ae2fe558ad632,3031.42,122.55,12.138662746,56000,56000
c88029a8f4d195e566de740d227ae2fe558ad632,3109.54,126.47,12.442284660,56000,56000
c88029a8f4d195e566de740d227ae2fe558ad632,3063.32,125.15,12.226846615,56000,55000
c88029a8f4d195e566de740d227ae2fe558ad632,3071.25,125.02,12.299785348,56000,56000
c88029a8f4d195e566de740d227ae2fe558ad632,3101.87,126.34,12.410789101,55000,56000
c88029a8f4d195e566de740d227ae2fe558ad632,3122.62,127.01,12.526937166,55000,56000
c88029a8f4d195e566de740d227ae2fe558ad632,3166.96,128.63,12.705149589,56000,55000
c88029a8f4d195e566de740d227ae2fe558ad632,3142.35,127.53,12.592963071,55000,55000
c88029a8f4d195e566de740d227ae2fe558ad632,3064.96,124.51,12.283876972,55000,56000
c88029a8f4d195e566de740d227ae2fe558ad632,3058.39,124.07,12.273588966,56000,56000
c88029a8f4d195e566de740d227ae2fe558ad632,3086.08,125.72,12.374481608,55000,56000
c88029a8f4d195e566de740d227ae2fe558ad632,3050.10,123.94,12.230231487,56000,56000
c88029a8f4d195e566de740d227ae2fe558ad632,3176.66,129.36,12.722462012,56000,56000
c88029a8f4d195e566de740d227ae2fe558ad632,3040.57,123.65,12.182578823,55000,56000
c88029a8f4d195e566de740d227ae2fe558ad632,3046.12,123.82,12.186107824,55000,56000
c88029a8f4d195e566de740d227ae2fe558ad632,3143.02,127.58,12.596816547,56000,56000
c88029a8f4d195e566de740d227ae2fe558ad632,3089.05,125.17,12.376780890,56000,56000
c88029a8f4d195e566de740d227ae2fe558ad632,3163.80,128.14,12.666377340,56000,55000
c88029a8f4d195e566de740d227ae2fe558ad632,3096.48,125.92,12.398679282,55000,56000
c88029a8f4d195e566de740d227ae2fe558ad632,3114.84,127.04,12.461888383,55000,55000
c88029a8f4d195e566de740d227ae2fe558ad632,3100.89,125.68,12.412028909,55000,55000
c88029a8f4d195e566de740d227ae2fe558ad632,3122.64,126.76,12.518584204,56000,56000
c88029a8f4d195e566de740d227ae2fe558ad632,3085.36,125.72,12.331684577,56000,55000
c88029a8f4d195e566de740d227ae2fe558ad632,3073.11,125.62,12.285429472,55000,55000
c88029a8f4d195e566de740d227ae2fe558ad632,3022.37,122.77,12.103084964,56000,56000
c88029a8f4d195e566de740d227ae2fe558ad632,3091.71,125.26,12.371162543,56000,56000
c88029a8f4d195e566de740d227ae2fe558ad632,3116.79,126.75,12.483186944,57000,56000
c88029a8f4d195e566de740d227ae2fe558ad632,3047.38,123.71,12.192719778,56000,55000
92b644677964496fb841ba41bed52247f8a24786,3006.72,122.62,12.051969742,56000,55000
92b644677964496fb841ba41bed52247f8a24786,3093.86,126.14,12.407105117,56000,55000
92b644677964496fb841ba41bed52247f8a24786,3038.30,123.55,12.191021216,56000,55000
92b644677964496fb841ba41bed52247f8a24786,3019.53,123.29,12.069902011,56000,56000
92b644677964496fb841ba41bed52247f8a24786,3042.68,123.58,12.191491957,56000,56000
92b644677964496fb841ba41bed52247f8a24786,3102.38,126.13,12.430807404,55000,56000
92b644677964496fb841ba41bed52247f8a24786,3085.12,125.22,12.390339911,55000,56000
92b644677964496fb841ba41bed52247f8a24786,3056.87,124.32,12.252762654,56000,55000
92b644677964496fb841ba41bed52247f8a24786,3061.42,124.66,12.265956725,55000,56000
92b644677964496fb841ba41bed52247f8a24786,3083.45,124.92,12.353586123,56000,56000
92b644677964496fb841ba41bed52247f8a24786,3129.76,127.47,12.553163172,56000,56000
92b644677964496fb841ba41bed52247f8a24786,3108.10,126.17,12.458472055,56000,56000
92b644677964496fb841ba41bed52247f8a24786,2995.03,121.83,11.980997464,56000,56000
92b644677964496fb841ba41bed52247f8a24786,3085.80,125.15,12.365715076,55000,55000
92b644677964496fb841ba41bed52247f8a24786,3075.91,125.21,12.329021413,56000,56000
92b644677964496fb841ba41bed52247f8a24786,3123.53,127.40,12.521124467,56000,56000
92b644677964496fb841ba41bed52247f8a24786,3098.18,126.59,12.387880855,56000,56000
92b644677964496fb841ba41bed52247f8a24786,3041.79,123.93,12.166585316,55000,56000
92b644677964496fb841ba41bed52247f8a24786,3100.98,125.30,12.410247576,55000,56000
92b644677964496fb841ba41bed52247f8a24786,3082.62,125.55,12.339274504,55000,56000
92b644677964496fb841ba41bed52247f8a24786,3106.93,126.10,12.446295618,56000,55000
92b644677964496fb841ba41bed52247f8a24786,3069.20,124.15,12.314012545,55000,56000
92b644677964496fb841ba41bed52247f8a24786,2970.02,119.71,11.865918847,56000,56000
92b644677964496fb841ba41bed52247f8a24786,3014.61,122.14,12.086009881,55000,56000
92b644677964496fb841ba41bed52247f8a24786,3114.73,126.21,12.480763377,56000,56000
92b644677964496fb841ba41bed52247f8a24786,3029.98,123.35,12.117926072,56000,56000
92b644677964496fb841ba41bed52247f8a24786,3059.20,124.03,12.243440171,56000,56000
92b644677964496fb841ba41bed52247f8a24786,3090.80,125.53,12.385155650,56000,56000
92b644677964496fb841ba41bed52247f8a24786,3095.18,126.23,12.387227318,56000,56000
92b644677964496fb841ba41bed52247f8a24786,3109.67,126.59,12.446301941,56000,56000
8b358c63db2b4a5dc844f96e9453809b8f83adf8,3114.32,127.02,12.481824838,55000,56000
8b358c63db2b4a5dc844f96e9453809b8f83adf8,3113.62,125.93,12.486351069,56000,55000
8b358c63db2b4a5dc844f96e9453809b8f83adf8,3072.13,125.41,12.293648736,56000,55000
8b358c63db2b4a5dc844f96e9453809b8f83adf8,3100.43,125.95,12.425121199,55000,55000
8b358c63db2b4a5dc844f96e9453809b8f83adf8,3067.87,124.93,12.257819802,55000,56000
8b358c63db2b4a5dc844f96e9453809b8f83adf8,3081.05,124.99,12.330418173,55000,56000
8b358c63db2b4a5dc844f96e9453809b8f83adf8,3091.22,125.10,12.388525526,56000,56000
8b358c63db2b4a5dc844f96e9453809b8f83adf8,3021.33,122.48,12.116660955,54000,56000
8b358c63db2b4a5dc844f96e9453809b8f83adf8,3157.86,128.98,12.631814475,55000,56000
8b358c63db2b4a5dc844f96e9453809b8f83adf8,3093.44,125.92,12.400086417,55000,56000
8b358c63db2b4a5dc844f96e9453809b8f83adf8,3145.34,127.41,12.584035618,56000,56000
8b358c63db2b4a5dc844f96e9453809b8f83adf8,3088.89,126.01,12.330961505,55000,56000
8b358c63db2b4a5dc844f96e9453809b8f83adf8,3075.55,124.93,12.320220354,56000,56000
8b358c63db2b4a5dc844f96e9453809b8f83adf8,3097.84,126.01,12.418762474,54000,56000
8b358c63db2b4a5dc844f96e9453809b8f83adf8,3101.59,126.23,12.420253537,56000,56000
8b358c63db2b4a5dc844f96e9453809b8f83adf8,3082.83,125.49,12.355886544,56000,55000
8b358c63db2b4a5dc844f96e9453809b8f83adf8,3080.07,125.58,12.322989468,56000,56000
8b358c63db2b4a5dc844f96e9453809b8f83adf8,3123.14,126.78,12.507233300,56000,56000
8b358c63db2b4a5dc844f96e9453809b8f83adf8,3074.59,125.14,12.319264286,55000,55000
8b358c63db2b4a5dc844f96e9453809b8f83adf8,3123.73,127.05,12.478461218,56000,56000
8b358c63db2b4a5dc844f96e9453809b8f83adf8,2982.53,120.47,11.922452572,56000,56000
8b358c63db2b4a5dc844f96e9453809b8f83adf8,3064.98,124.63,12.280772878,56000,55000
8b358c63db2b4a5dc844f96e9453809b8f83adf8,2999.98,122.10,12.028300500,56000,56000
8b358c63db2b4a5dc844f96e9453809b8f83adf8,3063.50,124.55,12.264765848,55000,56000
8b358c63db2b4a5dc844f96e9453809b8f83adf8,3038.21,123.18,12.176133040,56000,56000
8b358c63db2b4a5dc844f96e9453809b8f83adf8,3116.38,127.11,12.438150365,56000,56000
8b358c63db2b4a5dc844f96e9453809b8f83adf8,3101.75,126.21,12.414306896,56000,56000
8b358c63db2b4a5dc844f96e9453809b8f83adf8,3045.12,123.00,12.209321348,54000,56000
8b358c63db2b4a5dc844f96e9453809b8f83adf8,3113.37,126.43,12.476327613,55000,55000
8b358c63db2b4a5dc844f96e9453809b8f83adf8,3045.70,123.92,12.214978304,56000,56000
708ae1b9488ebe4de34f947c43c507e18424af95,3112.85,127.35,12.530697429,56000,56000
708ae1b9488ebe4de34f947c43c507e18424af95,3036.74,123.66,12.207876830,56000,55000
708ae1b9488ebe4de34f947c43c507e18424af95,3065.46,125.20,12.275069909,56000,56000
708ae1b9488ebe4de34f947c43c507e18424af95,3122.50,126.80,12.526918887,56000,56000
708ae1b9488ebe4de34f947c43c507e18424af95,3125.13,127.01,12.525237255,56000,56000
708ae1b9488ebe4de34f947c43c507e18424af95,3074.99,123.76,12.345997863,56000,55000
708ae1b9488ebe4de34f947c43c507e18424af95,3053.79,124.52,12.211577189,56000,56000
708ae1b9488ebe4de34f947c43c507e18424af95,3051.98,124.24,12.225527006,56000,56000
708ae1b9488ebe4de34f947c43c507e18424af95,3121.26,127.40,12.501141215,56000,54000
708ae1b9488ebe4de34f947c43c507e18424af95,3099.23,125.85,12.420678307,55000,55000
708ae1b9488ebe4de34f947c43c507e18424af95,3071.00,124.40,12.324449336,56000,55000
708ae1b9488ebe4de34f947c43c507e18424af95,3037.95,123.26,12.145250641,55000,56000
708ae1b9488ebe4de34f947c43c507e18424af95,3143.41,127.61,12.619114445,56000,56000
708ae1b9488ebe4de34f947c43c507e18424af95,3075.99,125.12,12.339607510,56000,56000
708ae1b9488ebe4de34f947c43c507e18424af95,3105.96,125.84,12.447735339,55000,55000
708ae1b9488ebe4de34f947c43c507e18424af95,3086.01,125.85,12.366428009,56000,56000
708ae1b9488ebe4de34f947c43c507e18424af95,3083.09,125.29,12.377502117,56000,56000
708ae1b9488ebe4de34f947c43c507e18424af95,3071.29,124.67,12.297479293,55000,56000
708ae1b9488ebe4de34f947c43c507e18424af95,3048.17,123.84,12.222064273,55000,56000
708ae1b9488ebe4de34f947c43c507e18424af95,3068.55,124.16,12.301955441,56000,56000
708ae1b9488ebe4de34f947c43c507e18424af95,3135.36,127.55,12.546578633,56000,55000
708ae1b9488ebe4de34f947c43c507e18424af95,3098.65,125.66,12.400836008,56000,56000
708ae1b9488ebe4de34f947c43c507e18424af95,3125.35,126.61,12.535361236,55000,56000
708ae1b9488ebe4de34f947c43c507e18424af95,3067.15,124.06,12.276418220,55000,56000
708ae1b9488ebe4de34f947c43c507e18424af95,3013.09,122.46,12.054520917,56000,56000
708ae1b9488ebe4de34f947c43c507e18424af95,3042.91,123.99,12.189938003,55000,56000
708ae1b9488ebe4de34f947c43c507e18424af95,3062.31,125.11,12.250196206,55000,56000
708ae1b9488ebe4de34f947c43c507e18424af95,3094.21,125.75,12.403866917,55000,54000
708ae1b9488ebe4de34f947c43c507e18424af95,3088.44,125.31,12.346205217,56000,55000
708ae1b9488ebe4de34f947c43c507e18424af95,3091.09,125.98,12.353746301,56000,56000
97913986e08997c1205c8e0778924a8c0e443bbc,3010.51,123.02,12.044292556,56000,56000
97913986e08997c1205c8e0778924a8c0e443bbc,3128.70,127.93,12.518287655,56000,56000
97913986e08997c1205c8e0778924a8c0e443bbc,3003.65,121.71,12.055898598,55000,56000
97913986e08997c1205c8e0778924a8c0e443bbc,3107.30,126.66,12.443916412,55000,56000
97913986e08997c1205c8e0778924a8c0e443bbc,3080.96,125.91,12.317543905,56000,56000
97913986e08997c1205c8e0778924a8c0e443bbc,3086.53,125.64,12.367718008,55000,56000
97913986e08997c1205c8e0778924a8c0e443bbc,3134.47,127.55,12.597886131,56000,55000
97913986e08997c1205c8e0778924a8c0e443bbc,3008.71,122.73,12.025437181,55000,56000
97913986e08997c1205c8e0778924a8c0e443bbc,3101.78,126.64,12.379136019,55000,55000
97913986e08997c1205c8e0778924a8c0e443bbc,3088.18,125.69,12.373670566,56000,56000
97913986e08997c1205c8e0778924a8c0e443bbc,3099.52,126.18,12.401929808,55000,56000
97913986e08997c1205c8e0778924a8c0e443bbc,3092.33,126.16,12.368550495,56000,55000
97913986e08997c1205c8e0778924a8c0e443bbc,3004.74,122.44,12.034049368,55000,55000
97913986e08997c1205c8e0778924a8c0e443bbc,3108.30,126.53,12.463565954,56000,56000
97913986e08997c1205c8e0778924a8c0e443bbc,3029.76,123.36,12.103329392,56000,56000
97913986e08997c1205c8e0778924a8c0e443bbc,3036.28,123.34,12.158242155,56000,56000
97913986e08997c1205c8e0778924a8c0e443bbc,3074.78,125.63,12.312501545,56000,56000
97913986e08997c1205c8e0778924a8c0e443bbc,3010.81,122.57,12.043428781,56000,55000
97913986e08997c1205c8e0778924a8c0e443bbc,3060.91,124.63,12.245275248,55000,56000
97913986e08997c1205c8e0778924a8c0e443bbc,3045.08,123.09,12.169429086,56000,56000
97913986e08997c1205c8e0778924a8c0e443bbc,3061.66,124.72,12.249051075,56000,56000
97913986e08997c1205c8e0778924a8c0e443bbc,3102.11,126.25,12.402192795,56000,55000
97913986e08997c1205c8e0778924a8c0e443bbc,3126.91,127.31,12.534928881,55000,56000
97913986e08997c1205c8e0778924a8c0e443bbc,3084.79,125.93,12.339419252,55000,56000
97913986e08997c1205c8e0778924a8c0e443bbc,3014.78,122.32,12.061943577,55000,55000
97913986e08997c1205c8e0778924a8c0e443bbc,3105.57,126.22,12.436563338,56000,56000
97913986e08997c1205c8e0778924a8c0e443bbc,3162.42,128.39,12.667799598,55000,56000
97913986e08997c1205c8e0778924a8c0e443bbc,3022.77,122.57,12.104758476,56000,56000
97913986e08997c1205c8e0778924a8c0e443bbc,3057.27,124.39,12.246740479,55000,56000
97913986e08997c1205c8e0778924a8c0e443bbc,3078.11,125.42,12.307570726,56000,56000
1c8b2829fc95f4bbb2ba38d09d5fcbd1b114c511,3112.15,126.98,12.476174814,55000,55000
1c8b2829fc95f4bbb2ba38d09d5fcbd1b114c511,3106.09,126.08,12.449437156,54000,56000
1c8b2829fc95f4bbb2ba38d09d5fcbd1b114c511,3100.95,126.26,12.405062078,56000,56000
1c8b2829fc95f4bbb2ba38d09d5fcbd1b114c511,3070.93,124.68,12.283048254,56000,56000
1c8b2829fc95f4bbb2ba38d09d5fcbd1b114c511,3075.73,124.99,12.333891616,55000,56000
1c8b2829fc95f4bbb2ba38d09d5fcbd1b114c511,3149.32,128.40,12.641830851,56000,56000
1c8b2829fc95f4bbb2ba38d09d5fcbd1b114c511,3151.23,128.07,12.637911547,55000,56000
1c8b2829fc95f4bbb2ba38d09d5fcbd1b114c511,3127.86,127.64,12.518857557,56000,56000
1c8b2829fc95f4bbb2ba38d09d5fcbd1b114c511,3084.57,124.95,12.399891142,56000,56000
1c8b2829fc95f4bbb2ba38d09d5fcbd1b114c511,3074.14,125.38,12.307395772,56000,55000
1c8b2829fc95f4bbb2ba38d09d5fcbd1b114c511,3064.54,124.17,12.304224893,55000,56000
1c8b2829fc95f4bbb2ba38d09d5fcbd1b114c511,3086.38,125.75,12.358582306,56000,56000
1c8b2829fc95f4bbb2ba38d09d5fcbd1b114c511,3116.98,126.98,12.483502681,54000,56000
1c8b2829fc95f4bbb2ba38d09d5fcbd1b114c511,3054.63,123.82,12.228019348,56000,55000
1c8b2829fc95f4bbb2ba38d09d5fcbd1b114c511,3059.34,123.95,12.246536487,56000,56000
1c8b2829fc95f4bbb2ba38d09d5fcbd1b114c511,3084.53,125.97,12.346250428,56000,56000
1c8b2829fc95f4bbb2ba38d09d5fcbd1b114c511,3082.60,125.59,12.372345756,56000,56000
1c8b2829fc95f4bbb2ba38d09d5fcbd1b114c511,3054.29,123.42,12.235177074,56000,56000
1c8b2829fc95f4bbb2ba38d09d5fcbd1b114c511,3101.62,126.44,12.434917076,55000,56000
1c8b2829fc95f4bbb2ba38d09d5fcbd1b114c511,3071.70,124.88,12.305734935,56000,55000
1c8b2829fc95f4bbb2ba38d09d5fcbd1b114c511,3121.60,126.88,12.485440528,56000,56000
1c8b2829fc95f4bbb2ba38d09d5fcbd1b114c511,3116.16,126.47,12.480786526,56000,56000
1c8b2829fc95f4bbb2ba38d09d5fcbd1b114c511,3022.16,122.31,12.112103949,55000,56000
1c8b2829fc95f4bbb2ba38d09d5fcbd1b114c511,3094.44,126.55,12.387636559,55000,55000
1c8b2829fc95f4bbb2ba38d09d5fcbd1b114c511,3126.30,127.29,12.499124918,56000,55000
1c8b2829fc95f4bbb2ba38d09d5fcbd1b114c511,3070.24,125.26,12.296251254,56000,56000
1c8b2829fc95f4bbb2ba38d09d5fcbd1b114c511,3034.91,123.55,12.131521771,56000,55000
1c8b2829fc95f4bbb2ba38d09d5fcbd1b114c511,3141.04,127.44,12.589802618,55000,56000
1c8b2829fc95f4bbb2ba38d09d5fcbd1b114c511,3133.13,127.14,12.549491039,56000,56000
1c8b2829fc95f4bbb2ba38d09d5fcbd1b114c511,3046.53,123.61,12.199901334,56000,55000
e8d8861e9ff95f33271ec42fbb7bb8d712fd5de4,3100.33,126.14,12.390661469,55000,55000
e8d8861e9ff95f33271ec42fbb7bb8d712fd5de4,3068.41,124.79,12.284629442,56000,56000
e8d8861e9ff95f33271ec42fbb7bb8d712fd5de4,3091.50,125.48,12.371189363,56000,55000
e8d8861e9ff95f33271ec42fbb7bb8d712fd5de4,3174.95,128.97,12.704176327,56000,56000
e8d8861e9ff95f33271ec42fbb7bb8d712fd5de4,3065.58,124.83,12.268818806,56000,56000
e8d8861e9ff95f33271ec42fbb7bb8d712fd5de4,3083.93,125.37,12.361676133,56000,56000
e8d8861e9ff95f33271ec42fbb7bb8d712fd5de4,3114.85,126.74,12.458408962,56000,56000
e8d8861e9ff95f33271ec42fbb7bb8d712fd5de4,3039.44,123.49,12.187020093,56000,56000
e8d8861e9ff95f33271ec42fbb7bb8d712fd5de4,3086.50,125.50,12.389182761,56000,56000
e8d8861e9ff95f33271ec42fbb7bb8d712fd5de4,3104.79,127.06,12.437784212,55000,56000
e8d8861e9ff95f33271ec42fbb7bb8d712fd5de4,3071.49,125.37,12.277290470,55000,55000
e8d8861e9ff95f33271ec42fbb7bb8d712fd5de4,3101.62,126.20,12.402419989,56000,55000
e8d8861e9ff95f33271ec42fbb7bb8d712fd5de4,3032.98,123.25,12.138464991,55000,56000
e8d8861e9ff95f33271ec42fbb7bb8d712fd5de4,3143.92,127.72,12.621967621,55000,56000
e8d8861e9ff95f33271ec42fbb7bb8d712fd5de4,3079.98,125.33,12.317846444,55000,56000
e8d8861e9ff95f33271ec42fbb7bb8d712fd5de4,3073.16,124.37,12.313831992,56000,56000
e8d8861e9ff95f33271ec42fbb7bb8d712fd5de4,3107.15,125.90,12.453217095,56000,55000
e8d8861e9ff95f33271ec42fbb7bb8d712fd5de4,3142.51,127.53,12.598584377,56000,55000
e8d8861e9ff95f33271ec42fbb7bb8d712fd5de4,3096.75,125.88,12.402206843,56000,56000
e8d8861e9ff95f33271ec42fbb7bb8d712fd5de4,3113.28,126.04,12.473298342,56000,56000
e8d8861e9ff95f33271ec42fbb7bb8d712fd5de4,3081.14,125.61,12.322360691,56000,56000
e8d8861e9ff95f33271ec42fbb7bb8d712fd5de4,3125.67,127.62,12.529996527,55000,56000
e8d8861e9ff95f33271ec42fbb7bb8d712fd5de4,3028.95,122.98,12.152918586,56000,55000
e8d8861e9ff95f33271ec42fbb7bb8d712fd5de4,3136.72,127.93,12.568076430,56000,56000
e8d8861e9ff95f33271ec42fbb7bb8d712fd5de4,3024.17,122.89,12.096705816,56000,55000
e8d8861e9ff95f33271ec42fbb7bb8d712fd5de4,3144.61,128.06,12.591919628,56000,55000
e8d8861e9ff95f33271ec42fbb7bb8d712fd5de4,3055.96,124.09,12.238528397,56000,56000
e8d8861e9ff95f33271ec42fbb7bb8d712fd5de4,3050.28,124.47,12.185020427,56000,56000
e8d8861e9ff95f33271ec42fbb7bb8d712fd5de4,3065.46,124.51,12.273557478,55000,56000
e8d8861e9ff95f33271ec42fbb7bb8d712fd5de4,3106.21,126.45,12.446752684,56000,55000
3bda3be101f602a83ae9356d7168c9fa218f4cb0,2993.53,121.21,11.980303406,56000,55000
3bda3be101f602a83ae9356d7168c9fa218f4cb0,3080.56,125.15,12.363415918,56000,56000
3bda3be101f602a83ae9356d7168c9fa218f4cb0,3044.06,123.92,12.178420356,56000,56000
3bda3be101f602a83ae9356d7168c9fa218f4cb0,3086.83,125.13,12.356384183,56000,55000
3bda3be101f602a83ae9356d7168c9fa218f4cb0,3107.95,126.31,12.442083932,55000,56000
3bda3be101f602a83ae9356d7168c9fa218f4cb0,3075.61,125.73,12.313581722,56000,56000
3bda3be101f602a83ae9356d7168c9fa218f4cb0,3015.15,123.34,12.042933185,56000,56000
3bda3be101f602a83ae9356d7168c9fa218f4cb0,3051.75,123.77,12.205713310,56000,56000
3bda3be101f602a83ae9356d7168c9fa218f4cb0,3093.37,125.96,12.394146137,55000,56000
3bda3be101f602a83ae9356d7168c9fa218f4cb0,3080.14,125.66,12.328025256,56000,56000
3bda3be101f602a83ae9356d7168c9fa218f4cb0,3114.48,127.38,12.460768927,56000,55000
3bda3be101f602a83ae9356d7168c9fa218f4cb0,3099.49,126.89,12.392911722,55000,56000
3bda3be101f602a83ae9356d7168c9fa218f4cb0,3039.65,123.69,12.171489287,56000,56000
3bda3be101f602a83ae9356d7168c9fa218f4cb0,3059.50,124.32,12.257432615,56000,56000
3bda3be101f602a83ae9356d7168c9fa218f4cb0,3043.04,123.64,12.180267622,56000,56000
3bda3be101f602a83ae9356d7168c9fa218f4cb0,3008.25,121.89,12.042396149,56000,56000
3bda3be101f602a83ae9356d7168c9fa218f4cb0,2959.10,119.16,11.861132495,55000,56000
3bda3be101f602a83ae9356d7168c9fa218f4cb0,3066.95,124.28,12.315346689,55000,56000
3bda3be101f602a83ae9356d7168c9fa218f4cb0,3028.26,122.62,12.118041385,56000,56000
3bda3be101f602a83ae9356d7168c9fa218f4cb0,3096.76,125.78,12.396314517,55000,55000
3bda3be101f602a83ae9356d7168c9fa218f4cb0,3171.56,129.29,12.706525206,55000,56000
3bda3be101f602a83ae9356d7168c9fa218f4cb0,3067.14,124.98,12.261265039,56000,55000
3bda3be101f602a83ae9356d7168c9fa218f4cb0,3121.94,126.83,12.530214613,56000,56000
3bda3be101f602a83ae9356d7168c9fa218f4cb0,3162.00,128.87,12.679269678,56000,56000
3bda3be101f602a83ae9356d7168c9fa218f4cb0,2930.55,118.54,11.720121677,56000,56000
3bda3be101f602a83ae9356d7168c9fa218f4cb0,3100.83,125.25,12.422904376,56000,56000
3bda3be101f602a83ae9356d7168c9fa218f4cb0,3115.80,126.59,12.467909047,56000,55000
3bda3be101f602a83ae9356d7168c9fa218f4cb0,3046.67,123.12,12.201791919,56000,56000
3bda3be101f602a83ae9356d7168c9fa218f4cb0,3117.01,126.71,12.487611317,56000,56000
3bda3be101f602a83ae9356d7168c9fa218f4cb0,3062.14,124.86,12.252687688,56000,56000
955baf59b9788d50f1854f120bd937eff0b9409e,2851.85,115.51,11.471747829,55000,56000
955baf59b9788d50f1854f120bd937eff0b9409e,2860.96,115.73,11.513620650,56000,55000
955baf59b9788d50f1854f120bd937eff0b9409e,2822.40,113.37,11.331213335,56000,55000
955baf59b9788d50f1854f120bd937eff0b9409e,2834.44,114.68,11.377350718,55000,55000
955baf59b9788d50f1854f120bd937eff0b9409e,2834.13,114.38,11.390930407,56000,55000
955baf59b9788d50f1854f120bd937eff0b9409e,2890.17,116.70,11.618606556,55000,56000
955baf59b9788d50f1854f120bd937eff0b9409e,2885.20,116.51,11.616923511,55000,55000
955baf59b9788d50f1854f120bd937eff0b9409e,2891.78,116.46,11.616350486,56000,55000
955baf59b9788d50f1854f120bd937eff0b9409e,2869.99,115.82,11.524813885,56000,56000
955baf59b9788d50f1854f120bd937eff0b9409e,2772.45,111.98,11.120728539,56000,54000
955baf59b9788d50f1854f120bd937eff0b9409e,2909.86,117.23,11.703386639,56000,56000
955baf59b9788d50f1854f120bd937eff0b9409e,2831.28,114.09,11.384952796,55000,56000
955baf59b9788d50f1854f120bd937eff0b9409e,2857.93,115.20,11.492606596,55000,55000
955baf59b9788d50f1854f120bd937eff0b9409e,2771.97,111.54,11.172090397,56000,56000
955baf59b9788d50f1854f120bd937eff0b9409e,2860.01,115.62,11.505817156,56000,56000
955baf59b9788d50f1854f120bd937eff0b9409e,2797.57,112.63,11.237596057,56000,56000
955baf59b9788d50f1854f120bd937eff0b9409e,2841.54,113.82,11.431066390,56000,56000
955baf59b9788d50f1854f120bd937eff0b9409e,2794.27,112.78,11.235882099,55000,54000
955baf59b9788d50f1854f120bd937eff0b9409e,2866.98,115.69,11.519102842,55000,56000
955baf59b9788d50f1854f120bd937eff0b9409e,2897.29,116.54,11.664512054,56000,55000
955baf59b9788d50f1854f120bd937eff0b9409e,2843.21,114.56,11.437804625,55000,56000
955baf59b9788d50f1854f120bd937eff0b9409e,2849.00,114.31,11.480854013,56000,56000
955baf59b9788d50f1854f120bd937eff0b9409e,2808.48,113.02,11.291795012,56000,56000
955baf59b9788d50f1854f120bd937eff0b9409e,2892.40,116.51,11.632597485,56000,56000
955baf59b9788d50f1854f120bd937eff0b9409e,2906.26,116.79,11.702282010,55000,56000
955baf59b9788d50f1854f120bd937eff0b9409e,2862.85,115.14,11.515858050,56000,56000
955baf59b9788d50f1854f120bd937eff0b9409e,2878.47,115.81,11.580999242,55000,56000
955baf59b9788d50f1854f120bd937eff0b9409e,2893.66,116.23,11.620467106,56000,56000
955baf59b9788d50f1854f120bd937eff0b9409e,2869.74,115.93,11.538678969,56000,56000
955baf59b9788d50f1854f120bd937eff0b9409e,2880.03,115.82,11.561378896,55000,55000
68bd2ecc6877a4111b0747dd53f71b02297d8d6e,2841.03,114.66,11.394322952,56000,56000
68bd2ecc6877a4111b0747dd53f71b02297d8d6e,2874.20,115.80,11.544898072,56000,56000
68bd2ecc6877a4111b0747dd53f71b02297d8d6e,2879.42,115.56,11.568520164,55000,55000
68bd2ecc6877a4111b0747dd53f71b02297d8d6e,2861.64,115.12,11.504300210,56000,55000
68bd2ecc6877a4111b0747dd53f71b02297d8d6e,2834.85,114.25,11.372854583,56000,56000
68bd2ecc6877a4111b0747dd53f71b02297d8d6e,2816.42,113.23,11.326774839,56000,55000
68bd2ecc6877a4111b0747dd53f71b02297d8d6e,2820.92,113.50,11.341516818,56000,54000
68bd2ecc6877a4111b0747dd53f71b02297d8d6e,2901.25,116.89,11.661103694,56000,56000
68bd2ecc6877a4111b0747dd53f71b02297d8d6e,2876.24,116.00,11.564292556,56000,56000
68bd2ecc6877a4111b0747dd53f71b02297d8d6e,2802.60,112.40,11.271474433,55000,55000
68bd2ecc6877a4111b0747dd53f71b02297d8d6e,2864.98,115.37,11.508445029,55000,56000
68bd2ecc6877a4111b0747dd53f71b02297d8d6e,2889.55,116.66,11.614911020,55000,55000
68bd2ecc6877a4111b0747dd53f71b02297d8d6e,2912.54,117.19,11.705073885,56000,56000
68bd2ecc6877a4111b0747dd53f71b02297d8d6e,2888.26,116.63,11.624575777,56000,55000
68bd2ecc6877a4111b0747dd53f71b02297d8d6e,2885.08,116.43,11.604048553,55000,55000
68bd2ecc6877a4111b0747dd53f71b02297d8d6e,2892.97,116.29,11.640876522,55000,56000
68bd2ecc6877a4111b0747dd53f71b02297d8d6e,2899.27,116.81,11.644754835,56000,55000
68bd2ecc6877a4111b0747dd53f71b02297d8d6e,2813.80,113.00,11.282329170,56000,56000
68bd2ecc6877a4111b0747dd53f71b02297d8d6e,2828.82,113.85,11.353918238,55000,55000
68bd2ecc6877a4111b0747dd53f71b02297d8d6e,2829.47,113.85,11.353364178,55000,56000
68bd2ecc6877a4111b0747dd53f71b02297d8d6e,2879.30,115.69,11.566009073,55000,56000
68bd2ecc6877a4111b0747dd53f71b02297d8d6e,2863.94,115.14,11.524335561,55000,56000
68bd2ecc6877a4111b0747dd53f71b02297d8d6e,2892.85,116.38,11.622355248,56000,56000
68bd2ecc6877a4111b0747dd53f71b02297d8d6e,2934.31,118.75,11.798680059,56000,56000
68bd2ecc6877a4111b0747dd53f71b02297d8d6e,2892.59,117.25,11.648570496,56000,56000
68bd2ecc6877a4111b0747dd53f71b02297d8d6e,2883.59,116.68,11.588566290,56000,56000
68bd2ecc6877a4111b0747dd53f71b02297d8d6e,2768.91,111.76,11.120508203,55000,56000
68bd2ecc6877a4111b0747dd53f71b02297d8d6e,2869.88,116.14,11.531619699,56000,56000
68bd2ecc6877a4111b0747dd53f71b02297d8d6e,2863.88,114.89,11.505552640,56000,56000
68bd2ecc6877a4111b0747dd53f71b02297d8d6e,2851.23,114.70,11.449870841,55000,56000
9a84cd9788a39bb19e00278bad18fd72838b372f,2871.06,116.08,11.546417399,55000,56000
9a84cd9788a39bb19e00278bad18fd72838b372f,2879.80,116.17,11.559060458,55000,56000
9a84cd9788a39bb19e00278bad18fd72838b372f,2895.11,116.85,11.637254930,56000,55000
9a84cd9788a39bb19e00278bad18fd72838b372f,2803.31,112.24,11.275474694,56000,56000
9a84cd9788a39bb19e00278bad18fd72838b372f,2861.55,115.26,11.510288555,56000,56000
9a84cd9788a39bb19e00278bad18fd72838b372f,2847.54,115.20,11.418211690,56000,55000
9a84cd9788a39bb19e00278bad18fd72838b372f,2856.42,115.11,11.488294132,56000,55000
9a84cd9788a39bb19e00278bad18fd72838b372f,2828.39,113.53,11.388776700,56000,56000
9a84cd9788a39bb19e00278bad18fd72838b372f,2829.31,113.85,11.409415617,56000,56000
9a84cd9788a39bb19e00278bad18fd72838b372f,2859.18,115.14,11.506369272,55000,55000
9a84cd9788a39bb19e00278bad18fd72838b372f,2882.98,116.43,11.591355947,55000,55000
9a84cd9788a39bb19e00278bad18fd72838b372f,2870.48,115.56,11.545949160,56000,56000
9a84cd9788a39bb19e00278bad18fd72838b372f,2875.34,115.87,11.574381166,56000,55000
9a84cd9788a39bb19e00278bad18fd72838b372f,2888.68,117.12,11.629941704,56000,55000
9a84cd9788a39bb19e00278bad18fd72838b372f,2849.85,114.58,11.443226954,56000,55000
9a84cd9788a39bb19e00278bad18fd72838b372f,2803.30,111.89,11.282185578,56000,56000
9a84cd9788a39bb19e00278bad18fd72838b372f,2925.76,117.97,11.771330938,55000,56000
9a84cd9788a39bb19e00278bad18fd72838b372f,2952.90,118.70,11.860687854,56000,56000
9a84cd9788a39bb19e00278bad18fd72838b372f,2858.08,114.69,11.502927145,55000,55000
9a84cd9788a39bb19e00278bad18fd72838b372f,2882.29,115.80,11.599983133,55000,56000
9a84cd9788a39bb19e00278bad18fd72838b372f,2886.73,116.15,11.623174542,56000,56000
9a84cd9788a39bb19e00278bad18fd72838b372f,2801.80,112.90,11.217545219,56000,55000
9a84cd9788a39bb19e00278bad18fd72838b372f,2849.42,115.33,11.434692184,56000,55000
9a84cd9788a39bb19e00278bad18fd72838b372f,2877.12,116.35,11.567955690,56000,55000
9a84cd9788a39bb19e00278bad18fd72838b372f,2875.25,115.77,11.564807677,56000,56000
9a84cd9788a39bb19e00278bad18fd72838b372f,2835.73,114.08,11.396889010,55000,56000
9a84cd9788a39bb19e00278bad18fd72838b372f,2849.48,115.09,11.430288576,56000,56000
9a84cd9788a39bb19e00278bad18fd72838b372f,2878.23,115.89,11.569726470,56000,55000
9a84cd9788a39bb19e00278bad18fd72838b372f,2770.76,110.73,11.136454586,56000,55000
9a84cd9788a39bb19e00278bad18fd72838b372f,2892.36,116.64,11.632076208,56000,56000
2bb319215c0d9179099b8d45df25f39832a39335,2887.74,116.14,11.636009665,56000,56000
2bb319215c0d9179099b8d45df25f39832a39335,2934.99,118.04,11.796991702,56000,56000
2bb319215c0d9179099b8d45df25f39832a39335,2854.45,114.94,11.471196396,56000,56000
2bb319215c0d9179099b8d45df25f39832a39335,2918.56,117.52,11.714443044,55000,56000
2bb319215c0d9179099b8d45df25f39832a39335,2841.11,114.69,11.428987414,56000,56000
2bb319215c0d9179099b8d45df25f39832a39335,2872.20,115.47,11.579965259,56000,56000
2bb319215c0d9179099b8d45df25f39832a39335,2836.57,114.41,11.392664004,56000,55000
2bb319215c0d9179099b8d45df25f39832a39335,2900.39,117.04,11.669894139,56000,56000
2bb319215c0d9179099b8d45df25f39832a39335,2856.24,114.99,11.481756579,55000,56000
2bb319215c0d9179099b8d45df25f39832a39335,2834.46,113.84,11.397262352,56000,55000
2bb319215c0d9179099b8d45df25f39832a39335,2840.48,113.57,11.438311484,56000,56000
2bb319215c0d9179099b8d45df25f39832a39335,2879.74,115.96,11.576790448,56000,56000
2bb319215c0d9179099b8d45df25f39832a39335,2836.57,114.02,11.414395331,56000,55000
2bb319215c0d9179099b8d45df25f39832a39335,2834.71,113.58,11.410970353,56000,56000
2bb319215c0d9179099b8d45df25f39832a39335,2904.09,117.11,11.662927182,56000,56000
2bb319215c0d9179099b8d45df25f39832a39335,2808.13,112.00,11.262340559,55000,55000
2bb319215c0d9179099b8d45df25f39832a39335,2854.40,114.02,11.483638710,56000,56000
2bb319215c0d9179099b8d45df25f39832a39335,2899.73,116.68,11.665412977,55000,56000
2bb319215c0d9179099b8d45df25f39832a39335,2881.07,115.90,11.586165377,55000,56000
2bb319215c0d9179099b8d45df25f39832a39335,2856.93,115.40,11.486227948,55000,56000
2bb319215c0d9179099b8d45df25f39832a39335,2947.19,119.55,11.842890134,56000,56000
2bb319215c0d9179099b8d45df25f39832a39335,2889.33,116.42,11.613487307,56000,55000
2bb319215c0d9179099b8d45df25f39832a39335,2872.82,116.00,11.541798577,56000,56000
2bb319215c0d9179099b8d45df25f39832a39335,2826.09,113.61,11.364028618,56000,56000
2bb319215c0d9179099b8d45df25f39832a39335,2807.60,113.03,11.282740878,55000,56000
2bb319215c0d9179099b8d45df25f39832a39335,2903.49,117.39,11.660266288,55000,55000
2bb319215c0d9179099b8d45df25f39832a39335,2851.76,115.00,11.438252571,55000,56000
2bb319215c0d9179099b8d45df25f39832a39335,2891.41,116.28,11.646426100,56000,56000
2bb319215c0d9179099b8d45df25f39832a39335,2806.23,112.45,11.278842566,56000,56000
2bb319215c0d9179099b8d45df25f39832a39335,2858.35,114.92,11.469796555,56000,55000
91f291974ff391bc845715d62aaed93db5ce36b9,2869.23,116.22,11.550964700,56000,55000
91f291974ff391bc845715d62aaed93db5ce36b9,2884.88,116.41,11.614423950,56000,56000
91f291974ff391bc845715d62aaed93db5ce36b9,2855.61,115.37,11.478654124,56000,56000
91f291974ff391bc845715d62aaed93db5ce36b9,2873.33,115.54,11.581041149,56000,55000
91f291974ff391bc845715d62aaed93db5ce36b9,2824.47,113.15,11.364865636,55000,55000
91f291974ff391bc845715d62aaed93db5ce36b9,2870.25,115.64,11.534526279,55000,55000
91f291974ff391bc845715d62aaed93db5ce36b9,2895.53,116.32,11.660849949,56000,55000
91f291974ff391bc845715d62aaed93db5ce36b9,2902.98,117.65,11.649143745,56000,56000
91f291974ff391bc845715d62aaed93db5ce36b9,2879.17,115.34,11.586989166,56000,56000
91f291974ff391bc845715d62aaed93db5ce36b9,2895.15,116.78,11.627498766,56000,56000
91f291974ff391bc845715d62aaed93db5ce36b9,2827.90,113.38,11.368204080,56000,56000
91f291974ff391bc845715d62aaed93db5ce36b9,2886.19,115.78,11.606447356,56000,56000
91f291974ff391bc845715d62aaed93db5ce36b9,2835.79,114.04,11.402727702,56000,56000
91f291974ff391bc845715d62aaed93db5ce36b9,2818.21,113.45,11.320460605,55000,56000
91f291974ff391bc845715d62aaed93db5ce36b9,2865.06,115.58,11.526775905,56000,56000
91f291974ff391bc845715d62aaed93db5ce36b9,2819.65,113.07,11.351145317,56000,56000
91f291974ff391bc845715d62aaed93db5ce36b9,2853.31,114.86,11.464143264,56000,55000
91f291974ff391bc845715d62aaed93db5ce36b9,2876.08,115.19,11.578170279,55000,55000
91f291974ff391bc845715d62aaed93db5ce36b9,2890.71,116.10,11.634584398,55000,55000
91f291974ff391bc845715d62aaed93db5ce36b9,2881.66,115.73,11.581387544,56000,56000
91f291974ff391bc845715d62aaed93db5ce36b9,2889.65,116.23,11.596019395,56000,56000
91f291974ff391bc845715d62aaed93db5ce36b9,2895.54,116.94,11.616079891,56000,56000
91f291974ff391bc845715d62aaed93db5ce36b9,2878.87,115.93,11.573459682,55000,56000
91f291974ff391bc845715d62aaed93db5ce36b9,2891.03,116.39,11.609827398,55000,56000
91f291974ff391bc845715d62aaed93db5ce36b9,2856.20,115.07,11.472861540,56000,55000
91f291974ff391bc845715d62aaed93db5ce36b9,2887.77,116.78,11.589109650,56000,56000
91f291974ff391bc845715d62aaed93db5ce36b9,2897.54,116.72,11.632370233,56000,55000
91f291974ff391bc845715d62aaed93db5ce36b9,2915.38,117.27,11.692239092,55000,55000
91f291974ff391bc845715d62aaed93db5ce36b9,2910.34,117.26,11.689179342,56000,56000
91f291974ff391bc845715d62aaed93db5ce36b9,2896.35,116.57,11.645408041,56000,56000
26c26ad3c82e86ad8c54d3ddb5c6d77a6e04ba0e,2820.19,113.55,11.344571683,55000,55000
26c26ad3c82e86ad8c54d3ddb5c6d77a6e04ba0e,2829.87,114.20,11.362809772,56000,56000
26c26ad3c82e86ad8c54d3ddb5c6d77a6e04ba0e,2846.18,115.46,11.424545699,56000,56000
26c26ad3c82e86ad8c54d3ddb5c6d77a6e04ba0e,2789.67,112.04,11.216335584,55000,56000
26c26ad3c82e86ad8c54d3ddb5c6d77a6e04ba0e,2837.75,114.21,11.399917685,56000,55000
26c26ad3c82e86ad8c54d3ddb5c6d77a6e04ba0e,2904.76,117.37,11.689273586,56000,55000
26c26ad3c82e86ad8c54d3ddb5c6d77a6e04ba0e,2849.30,114.71,11.478350330,55000,55000
26c26ad3c82e86ad8c54d3ddb5c6d77a6e04ba0e,2892.51,116.02,11.662948737,55000,55000
26c26ad3c82e86ad8c54d3ddb5c6d77a6e04ba0e,2829.17,113.73,11.393148369,55000,55000
26c26ad3c82e86ad8c54d3ddb5c6d77a6e04ba0e,2936.58,118.90,11.792153705,55000,55000
26c26ad3c82e86ad8c54d3ddb5c6d77a6e04ba0e,2872.14,115.67,11.550004238,56000,55000
26c26ad3c82e86ad8c54d3ddb5c6d77a6e04ba0e,2900.17,116.88,11.641258837,56000,56000
26c26ad3c82e86ad8c54d3ddb5c6d77a6e04ba0e,2872.85,115.74,11.562298665,55000,56000
26c26ad3c82e86ad8c54d3ddb5c6d77a6e04ba0e,2870.93,115.66,11.549929411,56000,56000
26c26ad3c82e86ad8c54d3ddb5c6d77a6e04ba0e,2872.68,115.72,11.536811708,55000,56000
26c26ad3c82e86ad8c54d3ddb5c6d77a6e04ba0e,2871.36,116.01,11.525704452,56000,56000
26c26ad3c82e86ad8c54d3ddb5c6d77a6e04ba0e,2821.59,112.98,11.361215611,56000,56000
26c26ad3c82e86ad8c54d3ddb5c6d77a6e04ba0e,2851.53,115.06,11.471985980,56000,56000
26c26ad3c82e86ad8c54d3ddb5c6d77a6e04ba0e,2819.11,112.94,11.351811873,56000,56000
26c26ad3c82e86ad8c54d3ddb5c6d77a6e04ba0e,2835.15,114.06,11.400557510,56000,56000
26c26ad3c82e86ad8c54d3ddb5c6d77a6e04ba0e,2885.48,116.85,11.559495173,55000,55000
26c26ad3c82e86ad8c54d3ddb5c6d77a6e04ba0e,2899.01,117.10,11.652352617,56000,55000
26c26ad3c82e86ad8c54d3ddb5c6d77a6e04ba0e,2903.05,117.12,11.650183147,56000,56000
26c26ad3c82e86ad8c54d3ddb5c6d77a6e04ba0e,2816.29,112.89,11.322113785,56000,56000
26c26ad3c82e86ad8c54d3ddb5c6d77a6e04ba0e,2836.48,114.30,11.384273081,56000,56000
26c26ad3c82e86ad8c54d3ddb5c6d77a6e04ba0e,2845.41,114.74,11.426096965,55000,55000
26c26ad3c82e86ad8c54d3ddb5c6d77a6e04ba0e,2822.24,113.79,11.353054954,55000,56000
26c26ad3c82e86ad8c54d3ddb5c6d77a6e04ba0e,2863.24,115.90,11.519195403,55000,55000
26c26ad3c82e86ad8c54d3ddb5c6d77a6e04ba0e,2868.16,115.49,11.523578990,56000,56000
26c26ad3c82e86ad8c54d3ddb5c6d77a6e04ba0e,2863.71,115.29,11.494945578,56000,56000
2c30071914c55471ed300cf2ad5a25fa6a349f2d,2828.26,113.81,11.363143290,55000,56000
2c30071914c55471ed300cf2ad5a25fa6a349f2d,2906.36,117.58,11.655089261,55000,55000
2c30071914c55471ed300cf2ad5a25fa6a349f2d,2910.98,117.54,11.704051404,54000,56000
2c30071914c55471ed300cf2ad5a25fa6a349f2d,2872.78,115.31,11.577293691,56000,55000
2c30071914c55471ed300cf2ad5a25fa6a349f2d,2790.25,112.24,11.207106723,55000,56000
2c30071914c55471ed300cf2ad5a25fa6a349f2d,2895.58,116.32,11.636595181,56000,55000
2c30071914c55471ed300cf2ad5a25fa6a349f2d,2934.87,118.62,11.806474427,55000,55000
2c30071914c55471ed300cf2ad5a25fa6a349f2d,2874.02,115.82,11.559469631,56000,56000
2c30071914c55471ed300cf2ad5a25fa6a349f2d,2851.99,115.12,11.450476677,56000,56000
2c30071914c55471ed300cf2ad5a25fa6a349f2d,2856.34,114.71,11.464156220,56000,56000
2c30071914c55471ed300cf2ad5a25fa6a349f2d,2835.09,113.88,11.418918142,55000,55000
2c30071914c55471ed300cf2ad5a25fa6a349f2d,2876.49,116.27,11.566378862,55000,55000
2c30071914c55471ed300cf2ad5a25fa6a349f2d,2794.57,112.60,11.239215613,56000,56000
2c30071914c55471ed300cf2ad5a25fa6a349f2d,2873.35,116.08,11.557836297,56000,56000
2c30071914c55471ed300cf2ad5a25fa6a349f2d,2891.81,116.78,11.637292276,56000,55000
2c30071914c55471ed300cf2ad5a25fa6a349f2d,2826.71,113.55,11.370292901,55000,55000
2c30071914c55471ed300cf2ad5a25fa6a349f2d,2828.59,113.68,11.387128495,56000,56000
2c30071914c55471ed300cf2ad5a25fa6a349f2d,2854.03,115.21,11.485548145,56000,55000
2c30071914c55471ed300cf2ad5a25fa6a349f2d,2887.71,115.88,11.623140097,56000,56000
2c30071914c55471ed300cf2ad5a25fa6a349f2d,2824.28,113.63,11.377084338,55000,56000
2c30071914c55471ed300cf2ad5a25fa6a349f2d,2889.45,116.46,11.619777182,56000,56000
2c30071914c55471ed300cf2ad5a25fa6a349f2d,2828.29,113.21,11.370566397,55000,56000
2c30071914c55471ed300cf2ad5a25fa6a349f2d,2796.61,111.80,11.238558870,56000,56000
2c30071914c55471ed300cf2ad5a25fa6a349f2d,2876.40,115.64,11.555370314,56000,56000
2c30071914c55471ed300cf2ad5a25fa6a349f2d,2859.73,114.62,11.501505546,56000,56000
2c30071914c55471ed300cf2ad5a25fa6a349f2d,2819.17,113.00,11.343107441,56000,55000
2c30071914c55471ed300cf2ad5a25fa6a349f2d,2858.89,114.72,11.503477571,56000,56000
2c30071914c55471ed300cf2ad5a25fa6a349f2d,2828.01,114.13,11.375079738,55000,56000
2c30071914c55471ed300cf2ad5a25fa6a349f2d,2832.83,114.01,11.390874719,56000,56000
2c30071914c55471ed300cf2ad5a25fa6a349f2d,2864.41,115.01,11.495020018,56000,56000
bc37c531a4aa19afb945ae8fac3d86afba14aca2,2857.69,115.19,11.501673179,56000,55000
bc37c531a4aa19afb945ae8fac3d86afba14aca2,2826.49,113.85,11.356371222,55000,56000
bc37c531a4aa19afb945ae8fac3d86afba14aca2,2812.87,113.63,11.298432869,56000,56000
bc37c531a4aa19afb945ae8fac3d86afba14aca2,2849.46,114.87,11.452802302,56000,56000
bc37c531a4aa19afb945ae8fac3d86afba14aca2,2860.71,116.01,11.463205250,55000,56000
bc37c531a4aa19afb945ae8fac3d86afba14aca2,2839.06,114.82,11.385271393,56000,56000
bc37c531a4aa19afb945ae8fac3d86afba14aca2,2899.23,116.76,11.661034379,56000,56000
bc37c531a4aa19afb945ae8fac3d86afba14aca2,2815.44,113.36,11.316565696,56000,56000
bc37c531a4aa19afb945ae8fac3d86afba14aca2,2847.62,114.63,11.466898826,56000,55000
bc37c531a4aa19afb945ae8fac3d86afba14aca2,2871.87,115.92,11.566019239,55000,56000
bc37c531a4aa19afb945ae8fac3d86afba14aca2,2832.94,114.29,11.382797037,55000,55000
bc37c531a4aa19afb945ae8fac3d86afba14aca2,2739.06,109.68,11.007201937,56000,56000
bc37c531a4aa19afb945ae8fac3d86afba14aca2,2821.47,113.54,11.329307175,55000,55000
bc37c531a4aa19afb945ae8fac3d86afba14aca2,2840.87,114.93,11.425409015,56000,56000
bc37c531a4aa19afb945ae8fac3d86afba14aca2,2848.06,114.66,11.443057760,55000,55000
bc37c531a4aa19afb945ae8fac3d86afba14aca2,2861.55,115.47,11.517733157,55000,55000
bc37c531a4aa19afb945ae8fac3d86afba14aca2,2866.64,115.81,11.512220448,55000,56000
bc37c531a4aa19afb945ae8fac3d86afba14aca2,2866.90,115.57,11.519011919,55000,56000
bc37c531a4aa19afb945ae8fac3d86afba14aca2,2808.93,112.52,11.317580013,56000,56000
bc37c531a4aa19afb945ae8fac3d86afba14aca2,2828.24,113.90,11.381888625,55000,56000
bc37c531a4aa19afb945ae8fac3d86afba14aca2,2824.83,113.82,11.351226086,56000,56000
bc37c531a4aa19afb945ae8fac3d86afba14aca2,2852.86,114.81,11.485782711,56000,56000
bc37c531a4aa19afb945ae8fac3d86afba14aca2,2869.01,115.28,11.534652716,56000,55000
bc37c531a4aa19afb945ae8fac3d86afba14aca2,2906.52,117.23,11.669199287,55000,55000
bc37c531a4aa19afb945ae8fac3d86afba14aca2,2873.77,116.47,11.528711025,56000,56000
bc37c531a4aa19afb945ae8fac3d86afba14aca2,2855.52,114.97,11.457639609,56000,56000
bc37c531a4aa19afb945ae8fac3d86afba14aca2,2850.29,114.40,11.465165994,56000,56000
bc37c531a4aa19afb945ae8fac3d86afba14aca2,2858.81,115.63,11.460740462,55000,56000
bc37c531a4aa19afb945ae8fac3d86afba14aca2,2862.32,115.31,11.481973993,55000,56000
bc37c531a4aa19afb945ae8fac3d86afba14aca2,2896.64,117.37,11.598192213,55000,56000
75b97f7a61d8d9dcf51ae87ee0e62d3730747d46,2871.52,116.52,11.539225641,55000,55000
75b97f7a61d8d9dcf51ae87ee0e62d3730747d46,2843.98,115.15,11.444084520,55000,56000
75b97f7a61d8d9dcf51ae87ee0e62d3730747d46,2775.84,111.20,11.158075807,56000,56000
75b97f7a61d8d9dcf51ae87ee0e62d3730747d46,2871.53,116.07,11.530040048,56000,55000
75b97f7a61d8d9dcf51ae87ee0e62d3730747d46,2847.05,114.40,11.439097043,56000,56000
75b97f7a61d8d9dcf51ae87ee0e62d3730747d46,2824.86,113.51,11.367708518,56000,55000
75b97f7a61d8d9dcf51ae87ee0e62d3730747d46,2861.72,114.62,11.521250056,56000,55000
75b97f7a61d8d9dcf51ae87ee0e62d3730747d46,2891.90,116.53,11.628250591,55000,55000
75b97f7a61d8d9dcf51ae87ee0e62d3730747d46,2929.53,118.12,11.772794274,56000,56000
75b97f7a61d8d9dcf51ae87ee0e62d3730747d46,2888.86,116.97,11.618266304,56000,56000
75b97f7a61d8d9dcf51ae87ee0e62d3730747d46,2780.82,111.88,11.179890592,56000,57000
75b97f7a61d8d9dcf51ae87ee0e62d3730747d46,2831.08,114.21,11.364730879,56000,56000
75b97f7a61d8d9dcf51ae87ee0e62d3730747d46,2883.87,116.28,11.573680588,56000,55000
75b97f7a61d8d9dcf51ae87ee0e62d3730747d46,2831.70,114.21,11.376427969,56000,55000
75b97f7a61d8d9dcf51ae87ee0e62d3730747d46,2822.34,113.82,11.356603840,56000,56000
75b97f7a61d8d9dcf51ae87ee0e62d3730747d46,2819.66,113.87,11.335635344,56000,55000
75b97f7a61d8d9dcf51ae87ee0e62d3730747d46,2850.34,115.05,11.449421822,56000,56000
75b97f7a61d8d9dcf51ae87ee0e62d3730747d46,2857.05,115.32,11.482772832,56000,56000
75b97f7a61d8d9dcf51ae87ee0e62d3730747d46,2851.72,114.75,11.460351088,56000,56000
75b97f7a61d8d9dcf51ae87ee0e62d3730747d46,2855.95,115.21,11.485759745,56000,56000
75b97f7a61d8d9dcf51ae87ee0e62d3730747d46,2815.73,113.45,11.326158704,56000,55000
75b97f7a61d8d9dcf51ae87ee0e62d3730747d46,2789.99,112.53,11.232131920,56000,56000
75b97f7a61d8d9dcf51ae87ee0e62d3730747d46,2822.47,113.40,11.356351823,56000,56000
75b97f7a61d8d9dcf51ae87ee0e62d3730747d46,2891.14,116.61,11.615812451,56000,56000
75b97f7a61d8d9dcf51ae87ee0e62d3730747d46,2840.09,114.32,11.413637113,55000,56000
75b97f7a61d8d9dcf51ae87ee0e62d3730747d46,2762.16,111.03,11.120400914,56000,56000
75b97f7a61d8d9dcf51ae87ee0e62d3730747d46,2854.74,114.95,11.459247605,56000,56000
75b97f7a61d8d9dcf51ae87ee0e62d3730747d46,2942.77,118.81,11.811258879,55000,56000
75b97f7a61d8d9dcf51ae87ee0e62d3730747d46,2819.43,113.64,11.325138789,56000,56000
75b97f7a61d8d9dcf51ae87ee0e62d3730747d46,2924.87,117.95,11.735726927,55000,57000
a0b569ebec7b31fab9ab575764296d10363e3668,2831.54,114.29,11.374549863,55000,55000
a0b569ebec7b31fab9ab575764296d10363e3668,2869.97,115.68,11.546447634,56000,55000
a0b569ebec7b31fab9ab575764296d10363e3668,2801.04,113.29,11.236357739,56000,56000
a0b569ebec7b31fab9ab575764296d10363e3668,2902.39,117.28,11.667342517,56000,56000
a0b569ebec7b31fab9ab575764296d10363e3668,2818.54,113.51,11.311530803,55000,56000
a0b569ebec7b31fab9ab575764296d10363e3668,2890.46,117.10,11.597578568,56000,56000
a0b569ebec7b31fab9ab575764296d10363e3668,2853.97,115.14,11.479649005,55000,56000
a0b569ebec7b31fab9ab575764296d10363e3668,2895.25,116.97,11.645305477,55000,56000
a0b569ebec7b31fab9ab575764296d10363e3668,2839.35,114.25,11.439351962,55000,56000
a0b569ebec7b31fab9ab575764296d10363e3668,2865.47,115.30,11.527388030,56000,55000
a0b569ebec7b31fab9ab575764296d10363e3668,2802.85,113.27,11.259159326,55000,56000
a0b569ebec7b31fab9ab575764296d10363e3668,2862.89,115.63,11.532388754,56000,56000
a0b569ebec7b31fab9ab575764296d10363e3668,2851.07,115.08,11.465386008,56000,56000
a0b569ebec7b31fab9ab575764296d10363e3668,2902.54,117.03,11.678659013,55000,56000
a0b569ebec7b31fab9ab575764296d10363e3668,2831.03,114.25,11.367593127,55000,55000
a0b569ebec7b31fab9ab575764296d10363e3668,2791.36,112.72,11.230994254,56000,55000
a0b569ebec7b31fab9ab575764296d10363e3668,2861.41,115.12,11.515347177,56000,56000
a0b569ebec7b31fab9ab575764296d10363e3668,2836.20,114.52,11.386196704,56000,56000
a0b569ebec7b31fab9ab575764296d10363e3668,2826.23,114.21,11.357550854,55000,56000
a0b569ebec7b31fab9ab575764296d10363e3668,2846.94,114.84,11.425041617,55000,55000
a0b569ebec7b31fab9ab575764296d10363e3668,2859.74,115.08,11.490270833,55000,55000
a0b569ebec7b31fab9ab575764296d10363e3668,2912.57,117.53,11.684785650,55000,55000
a0b569ebec7b31fab9ab575764296d10363e3668,2864.84,115.18,11.510478816,56000,56000
a0b569ebec7b31fab9ab575764296d10363e3668,2865.63,115.42,11.496628857,56000,55000
a0b569ebec7b31fab9ab575764296d10363e3668,2801.93,112.31,11.258237646,54000,56000
a0b569ebec7b31fab9ab575764296d10363e3668,2851.21,114.91,11.471908597,56000,55000
a0b569ebec7b31fab9ab575764296d10363e3668,2828.34,114.16,11.355426864,56000,55000
a0b569ebec7b31fab9ab575764296d10363e3668,2765.35,111.12,11.112436487,56000,56000
a0b569ebec7b31fab9ab575764296d10363e3668,2912.16,117.87,11.692219526,55000,56000
a0b569ebec7b31fab9ab575764296d10363e3668,2883.13,116.36,11.593777260,56000,56000
b5d2a9ff77f755c382e945b4503cdbd288b197f8,2858.04,115.51,11.527643107,55000,56000
b5d2a9ff77f755c382e945b4503cdbd288b197f8,2854.22,115.66,11.494542909,56000,56000
b5d2a9ff77f755c382e945b4503cdbd288b197f8,2867.47,115.97,11.532854936,55000,56000
b5d2a9ff77f755c382e945b4503cdbd288b197f8,2808.55,113.20,11.298637954,55000,56000
b5d2a9ff77f755c382e945b4503cdbd288b197f8,2808.53,113.13,11.284207552,56000,56000
b5d2a9ff77f755c382e945b4503cdbd288b197f8,2864.95,115.31,11.517372794,56000,56000
b5d2a9ff77f755c382e945b4503cdbd288b197f8,2767.45,111.14,11.116450465,55000,55000
b5d2a9ff77f755c382e945b4503cdbd288b197f8,2895.38,117.30,11.612938507,55000,54000
b5d2a9ff77f755c382e945b4503cdbd288b197f8,2822.10,113.18,11.354521161,56000,55000
b5d2a9ff77f755c382e945b4503cdbd288b197f8,2859.13,115.18,11.491367832,56000,56000
b5d2a9ff77f755c382e945b4503cdbd288b197f8,2865.11,115.66,11.529070924,56000,55000
b5d2a9ff77f755c382e945b4503cdbd288b197f8,2840.41,114.58,11.419137781,56000,56000
b5d2a9ff77f755c382e945b4503cdbd288b197f8,2899.45,117.08,11.659024493,56000,56000
b5d2a9ff77f755c382e945b4503cdbd288b197f8,2837.29,114.47,11.410786371,56000,56000
b5d2a9ff77f755c382e945b4503cdbd288b197f8,2838.72,114.21,11.427816350,55000,56000
b5d2a9ff77f755c382e945b4503cdbd288b197f8,2850.91,114.77,11.456006438,56000,56000
b5d2a9ff77f755c382e945b4503cdbd288b197f8,2845.89,114.82,11.439709708,55000,56000
b5d2a9ff77f755c382e945b4503cdbd288b197f8,2857.53,115.45,11.507933196,56000,56000
b5d2a9ff77f755c382e945b4503cdbd288b197f8,2815.76,113.10,11.314428818,56000,56000
b5d2a9ff77f755c382e945b4503cdbd288b197f8,2843.27,114.28,11.437144506,56000,55000
b5d2a9ff77f755c382e945b4503cdbd288b197f8,2852.64,115.00,11.470020552,56000,56000
b5d2a9ff77f755c382e945b4503cdbd288b197f8,2828.72,114.42,11.367533562,56000,56000
b5d2a9ff77f755c382e945b4503cdbd288b197f8,2870.93,115.91,11.553067903,56000,56000
b5d2a9ff77f755c382e945b4503cdbd288b197f8,2893.81,117.18,11.629790105,56000,56000
b5d2a9ff77f755c382e945b4503cdbd288b197f8,2855.41,115.31,11.476351177,56000,56000
b5d2a9ff77f755c382e945b4503cdbd288b197f8,2786.91,111.60,11.194262447,56000,55000
b5d2a9ff77f755c382e945b4503cdbd288b197f8,2844.23,114.83,11.435238173,56000,55000
b5d2a9ff77f755c382e945b4503cdbd288b197f8,2845.17,114.52,11.420333437,55000,55000
b5d2a9ff77f755c382e945b4503cdbd288b197f8,2845.59,114.72,11.415162999,56000,56000
b5d2a9ff77f755c382e945b4503cdbd288b197f8,2866.76,115.50,11.519109789,55000,56000
a2075e398073122e1ffa8652b1db3737455e7a31,2827.79,114.20,11.366441445,55000,56000
a2075e398073122e1ffa8652b1db3737455e7a31,2853.96,115.22,11.458792911,56000,56000
a2075e398073122e1ffa8652b1db3737455e7a31,2880.26,116.19,11.554721358,56000,56000
a2075e398073122e1ffa8652b1db3737455e7a31,2851.02,114.96,11.457719256,56000,56000
a2075e398073122e1ffa8652b1db3737455e7a31,2862.54,115.43,11.534978176,56000,56000
a2075e398073122e1ffa8652b1db3737455e7a31,2846.84,115.37,11.440602416,55000,56000
a2075e398073122e1ffa8652b1db3737455e7a31,2912.31,117.57,11.702512704,56000,56000
a2075e398073122e1ffa8652b1db3737455e7a31,2865.30,115.16,11.500990843,55000,56000
a2075e398073122e1ffa8652b1db3737455e7a31,2874.41,116.17,11.534936036,56000,56000
a2075e398073122e1ffa8652b1db3737455e7a31,2814.32,113.21,11.330042506,56000,56000
a2075e398073122e1ffa8652b1db3737455e7a31,2863.45,115.81,11.492757781,55000,56000
a2075e398073122e1ffa8652b1db3737455e7a31,2892.52,116.58,11.628489166,55000,55000
a2075e398073122e1ffa8652b1db3737455e7a31,2847.44,114.94,11.433866140,56000,55000
a2075e398073122e1ffa8652b1db3737455e7a31,2827.85,114.11,11.359902899,56000,56000
a2075e398073122e1ffa8652b1db3737455e7a31,2833.26,114.23,11.395060735,55000,56000
a2075e398073122e1ffa8652b1db3737455e7a31,2838.68,113.91,11.425421942,55000,55000
a2075e398073122e1ffa8652b1db3737455e7a31,2848.60,114.62,11.446428342,55000,55000
a2075e398073122e1ffa8652b1db3737455e7a31,2780.96,111.40,11.180437274,55000,55000
a2075e398073122e1ffa8652b1db3737455e7a31,2902.15,117.27,11.639764016,56000,56000
a2075e398073122e1ffa8652b1db3737455e7a31,2803.18,112.50,11.274913284,55000,56000
a2075e398073122e1ffa8652b1db3737455e7a31,2857.83,115.60,11.477243844,56000,55000
a2075e398073122e1ffa8652b1db3737455e7a31,2865.05,115.69,11.516031720,56000,55000
a2075e398073122e1ffa8652b1db3737455e7a31,2837.52,114.87,11.390892408,55000,55000
a2075e398073122e1ffa8652b1db3737455e7a31,2836.72,114.19,11.388465593,56000,56000
a2075e398073122e1ffa8652b1db3737455e7a31,2900.69,117.47,11.651081659,55000,56000
a2075e398073122e1ffa8652b1db3737455e7a31,2858.25,115.15,11.486075953,56000,56000
a2075e398073122e1ffa8652b1db3737455e7a31,2880.16,116.37,11.576564831,55000,55000
a2075e398073122e1ffa8652b1db3737455e7a31,2773.86,111.63,11.145583005,55000,56000
a2075e398073122e1ffa8652b1db3737455e7a31,2759.94,110.55,11.067927601,56000,56000
a2075e398073122e1ffa8652b1db3737455e7a31,2892.46,116.55,11.628851995,56000,56000
cb7370e69dc62b69944a669243d87a0e88fe20aa,2795.31,112.71,11.261454699,56000,56000
cb7370e69dc62b69944a669243d87a0e88fe20aa,2889.98,116.37,11.619107718,55000,55000
cb7370e69dc62b69944a669243d87a0e88fe20aa,2910.14,117.66,11.679988050,56000,56000
cb7370e69dc62b69944a669243d87a0e88fe20aa,2900.39,117.06,11.654016103,56000,56000
cb7370e69dc62b69944a669243d87a0e88fe20aa,2834.04,113.60,11.385473424,55000,56000
cb7370e69dc62b69944a669243d87a0e88fe20aa,2840.91,114.55,11.405092390,56000,55000
cb7370e69dc62b69944a669243d87a0e88fe20aa,2900.62,117.13,11.665315041,56000,56000
cb7370e69dc62b69944a669243d87a0e88fe20aa,2883.60,116.71,11.611402748,55000,56000
cb7370e69dc62b69944a669243d87a0e88fe20aa,2815.50,113.36,11.328262968,56000,55000
cb7370e69dc62b69944a669243d87a0e88fe20aa,2797.57,112.24,11.247300997,56000,56000
cb7370e69dc62b69944a669243d87a0e88fe20aa,2904.98,117.85,11.706412789,55000,55000
cb7370e69dc62b69944a669243d87a0e88fe20aa,2844.58,114.57,11.447270252,56000,56000
cb7370e69dc62b69944a669243d87a0e88fe20aa,2893.67,117.19,11.627728647,55000,56000
cb7370e69dc62b69944a669243d87a0e88fe20aa,2805.02,112.77,11.289844677,56000,56000
cb7370e69dc62b69944a669243d87a0e88fe20aa,2865.02,115.63,11.521326280,56000,56000
cb7370e69dc62b69944a669243d87a0e88fe20aa,2857.69,114.78,11.476059061,56000,56000
cb7370e69dc62b69944a669243d87a0e88fe20aa,2925.48,117.98,11.730121366,56000,56000
cb7370e69dc62b69944a669243d87a0e88fe20aa,2874.33,115.66,11.558663707,55000,56000
cb7370e69dc62b69944a669243d87a0e88fe20aa,2812.24,112.45,11.332171938,56000,56000
cb7370e69dc62b69944a669243d87a0e88fe20aa,2860.06,115.53,11.491676062,55000,56000
cb7370e69dc62b69944a669243d87a0e88fe20aa,2869.03,115.61,11.539352450,56000,55000
cb7370e69dc62b69944a669243d87a0e88fe20aa,2875.13,115.83,11.545625377,56000,56000
cb7370e69dc62b69944a669243d87a0e88fe20aa,2863.33,115.81,11.495746982,56000,55000
cb7370e69dc62b69944a669243d87a0e88fe20aa,2847.58,114.86,11.447639358,56000,56000
cb7370e69dc62b69944a669243d87a0e88fe20aa,2817.45,113.35,11.306462413,56000,55000
cb7370e69dc62b69944a669243d87a0e88fe20aa,2877.49,116.36,11.553155137,56000,56000
cb7370e69dc62b69944a669243d87a0e88fe20aa,2905.26,116.51,11.663283113,56000,56000
cb7370e69dc62b69944a669243d87a0e88fe20aa,2907.15,117.44,11.672688297,55000,56000
cb7370e69dc62b69944a669243d87a0e88fe20aa,2874.75,115.81,11.564911784,56000,56000
cb7370e69dc62b69944a669243d87a0e88fe20aa,2789.22,111.85,11.208722489,55000,55000
153a2c8018b499cbb5eb5acf59ff1c8d4c055d0b,2854.38,115.52,11.457868095,54000,56000
153a2c8018b499cbb5eb5acf59ff1c8d4c055d0b,2877.35,116.41,11.558501180,54000,55000
153a2c8018b499cbb5eb5acf59ff1c8d4c055d0b,2881.12,116.56,11.576659867,55000,56000
153a2c8018b499cbb5eb5acf59ff1c8d4c055d0b,2855.06,115.10,11.467196815,55000,56000
153a2c8018b499cbb5eb5acf59ff1c8d4c055d0b,2840.50,114.66,11.416728526,56000,56000
153a2c8018b499cbb5eb5acf59ff1c8d4c055d0b,2872.19,115.66,11.566509548,55000,55000
153a2c8018b499cbb5eb5acf59ff1c8d4c055d0b,2846.68,114.58,11.471316915,56000,55000
153a2c8018b499cbb5eb5acf59ff1c8d4c055d0b,2843.87,114.65,11.438760580,56000,56000
153a2c8018b499cbb5eb5acf59ff1c8d4c055d0b,2823.48,114.44,11.360079461,56000,56000
153a2c8018b499cbb5eb5acf59ff1c8d4c055d0b,2869.85,115.87,11.552389896,55000,56000
153a2c8018b499cbb5eb5acf59ff1c8d4c055d0b,2809.86,112.83,11.308218927,56000,55000
153a2c8018b499cbb5eb5acf59ff1c8d4c055d0b,2850.81,114.91,11.461335652,56000,56000
153a2c8018b499cbb5eb5acf59ff1c8d4c055d0b,2841.74,114.52,11.443622662,56000,56000
153a2c8018b499cbb5eb5acf59ff1c8d4c055d0b,2826.73,114.00,11.347084339,56000,55000
153a2c8018b499cbb5eb5acf59ff1c8d4c055d0b,2791.28,111.94,11.209229085,55000,56000
153a2c8018b499cbb5eb5acf59ff1c8d4c055d0b,2879.29,115.95,11.564864274,56000,55000
153a2c8018b499cbb5eb5acf59ff1c8d4c055d0b,2857.99,115.08,11.496956268,55000,56000
153a2c8018b499cbb5eb5acf59ff1c8d4c055d0b,2838.41,113.91,11.402834492,56000,56000
153a2c8018b499cbb5eb5acf59ff1c8d4c055d0b,2817.09,113.40,11.311489815,55000,56000
153a2c8018b499cbb5eb5acf59ff1c8d4c055d0b,2811.14,112.78,11.325095181,56000,55000
153a2c8018b499cbb5eb5acf59ff1c8d4c055d0b,2842.48,114.80,11.409861930,56000,56000
153a2c8018b499cbb5eb5acf59ff1c8d4c055d0b,2860.65,115.41,11.503181577,56000,56000
153a2c8018b499cbb5eb5acf59ff1c8d4c055d0b,2861.69,115.45,11.463036961,56000,56000
153a2c8018b499cbb5eb5acf59ff1c8d4c055d0b,2806.93,113.06,11.282357146,56000,55000
153a2c8018b499cbb5eb5acf59ff1c8d4c055d0b,2874.36,115.76,11.541001158,56000,56000
153a2c8018b499cbb5eb5acf59ff1c8d4c055d0b,2930.21,118.20,11.786685611,56000,56000
153a2c8018b499cbb5eb5acf59ff1c8d4c055d0b,2804.57,112.56,11.292369121,55000,56000
153a2c8018b499cbb5eb5acf59ff1c8d4c055d0b,2849.83,114.57,11.452783939,55000,56000
153a2c8018b499cbb5eb5acf59ff1c8d4c055d0b,2855.39,114.75,11.464079075,57000,55000
153a2c8018b499cbb5eb5acf59ff1c8d4c055d0b,2897.93,116.55,11.659791467,56000,56000
83f55db0d2dc1d73817b2d56629988e59457a7d7,2854.84,115.33,11.487875370,55000,56000
83f55db0d2dc1d73817b2d56629988e59457a7d7,2865.74,115.70,11.506407020,56000,55000
83f55db0d2dc1d73817b2d56629988e59457a7d7,2800.17,112.27,11.257103493,55000,55000
83f55db0d2dc1d73817b2d56629988e59457a7d7,2833.03,113.81,11.390249677,56000,56000
83f55db0d2dc1d73817b2d56629988e59457a7d7,2824.10,113.38,11.343970689,56000,56000
83f55db0d2dc1d73817b2d56629988e59457a7d7,2841.08,114.61,11.423421889,56000,55000
83f55db0d2dc1d73817b2d56629988e59457a7d7,2817.38,113.79,11.293357641,55000,56000
83f55db0d2dc1d73817b2d56629988e59457a7d7,2857.81,114.76,11.495098818,56000,56000
83f55db0d2dc1d73817b2d56629988e59457a7d7,2873.17,116.08,11.543783571,56000,55000
83f55db0d2dc1d73817b2d56629988e59457a7d7,2847.49,114.73,11.458671966,55000,56000
83f55db0d2dc1d73817b2d56629988e59457a7d7,2845.33,114.59,11.469064591,54000,55000
83f55db0d2dc1d73817b2d56629988e59457a7d7,2819.88,113.64,11.327368137,56000,55000
83f55db0d2dc1d73817b2d56629988e59457a7d7,2900.89,116.92,11.635444729,56000,56000
83f55db0d2dc1d73817b2d56629988e59457a7d7,2903.35,116.98,11.664816875,55000,56000
83f55db0d2dc1d73817b2d56629988e59457a7d7,2848.65,114.44,11.452789934,55000,55000
83f55db0d2dc1d73817b2d56629988e59457a7d7,2867.73,115.80,11.535883006,56000,56000
83f55db0d2dc1d73817b2d56629988e59457a7d7,2795.44,112.10,11.244137873,55000,56000
83f55db0d2dc1d73817b2d56629988e59457a7d7,2848.93,114.43,11.456580360,55000,56000
83f55db0d2dc1d73817b2d56629988e59457a7d7,2728.64,108.93,10.967200155,56000,56000
83f55db0d2dc1d73817b2d56629988e59457a7d7,2901.74,117.43,11.664298970,56000,56000
83f55db0d2dc1d73817b2d56629988e59457a7d7,2857.12,114.67,11.497492081,56000,55000
83f55db0d2dc1d73817b2d56629988e59457a7d7,2868.37,115.28,11.538638894,56000,56000
83f55db0d2dc1d73817b2d56629988e59457a7d7,2866.03,115.81,11.492977014,56000,56000
83f55db0d2dc1d73817b2d56629988e59457a7d7,2875.51,115.86,11.565759100,56000,55000
83f55db0d2dc1d73817b2d56629988e59457a7d7,2832.62,113.68,11.373981687,56000,56000
83f55db0d2dc1d73817b2d56629988e59457a7d7,2878.01,116.42,11.548671450,56000,56000
83f55db0d2dc1d73817b2d56629988e59457a7d7,2867.18,115.52,11.496650154,56000,56000
83f55db0d2dc1d73817b2d56629988e59457a7d7,2855.99,115.43,11.458340709,55000,56000
83f55db0d2dc1d73817b2d56629988e59457a7d7,2826.23,113.08,11.394967386,56000,56000
83f55db0d2dc1d73817b2d56629988e59457a7d7,2848.52,114.73,11.434481119,56000,55000
8bee00ef487f5ceb666f6aa560e40207072fa870,2847.82,115.17,11.496719638,56000,56000
8bee00ef487f5ceb666f6aa560e40207072fa870,2766.42,111.52,11.110740313,56000,56000
8bee00ef487f5ceb666f6aa560e40207072fa870,2853.11,114.88,11.466223743,55000,56000
8bee00ef487f5ceb666f6aa560e40207072fa870,2848.00,114.58,11.447351752,56000,55000
8bee00ef487f5ceb666f6aa560e40207072fa870,2721.12,108.93,10.924944306,55000,55000
8bee00ef487f5ceb666f6aa560e40207072fa870,2871.93,116.11,11.537464438,55000,56000
8bee00ef487f5ceb666f6aa560e40207072fa870,2853.33,115.20,11.472488443,56000,55000
8bee00ef487f5ceb666f6aa560e40207072fa870,2879.29,115.70,11.579171147,55000,56000
8bee00ef487f5ceb666f6aa560e40207072fa870,2856.44,114.27,11.483192169,56000,55000
8bee00ef487f5ceb666f6aa560e40207072fa870,2734.87,109.41,10.973662736,55000,56000
8bee00ef487f5ceb666f6aa560e40207072fa870,2902.65,117.53,11.680066409,56000,56000
8bee00ef487f5ceb666f6aa560e40207072fa870,2813.88,113.39,11.319107911,55000,56000
8bee00ef487f5ceb666f6aa560e40207072fa870,2844.01,114.83,11.434924527,55000,56000
8bee00ef487f5ceb666f6aa560e40207072fa870,2883.62,116.18,11.593705565,56000,55000
8bee00ef487f5ceb666f6aa560e40207072fa870,2845.24,114.46,11.463842554,56000,56000
8bee00ef487f5ceb666f6aa560e40207072fa870,2855.11,115.00,11.496477964,55000,56000
8bee00ef487f5ceb666f6aa560e40207072fa870,2810.53,113.41,11.294802408,55000,56000
8bee00ef487f5ceb666f6aa560e40207072fa870,2834.34,113.87,11.410763676,56000,55000
8bee00ef487f5ceb666f6aa560e40207072fa870,2852.28,114.80,11.495943711,55000,56000
8bee00ef487f5ceb666f6aa560e40207072fa870,2830.42,113.70,11.377210341,55000,55000
8bee00ef487f5ceb666f6aa560e40207072fa870,2784.89,111.31,11.230166018,55000,56000
8bee00ef487f5ceb666f6aa560e40207072fa870,2847.37,114.31,11.424863208,56000,56000
8bee00ef487f5ceb666f6aa560e40207072fa870,2909.82,117.15,11.688975747,56000,56000
8bee00ef487f5ceb666f6aa560e40207072fa870,2846.78,114.94,11.432197377,56000,56000
8bee00ef487f5ceb666f6aa560e40207072fa870,2858.16,115.06,11.484462807,54000,55000
8bee00ef487f5ceb666f6aa560e40207072fa870,2849.99,115.28,11.459420952,56000,56000
8bee00ef487f5ceb666f6aa560e40207072fa870,2887.80,116.62,11.605070797,55000,55000
8bee00ef487f5ceb666f6aa560e40207072fa870,2842.81,114.37,11.407361843,56000,55000
8bee00ef487f5ceb666f6aa560e40207072fa870,2855.28,114.87,11.452047549,56000,57000
8bee00ef487f5ceb666f6aa560e40207072fa870,2843.48,115.13,11.391257272,55000,56000
bbd6d65cae4e559b7086a319d2ea999d360f799d,2840.51,114.20,11.432686513,56000,55000
bbd6d65cae4e559b7086a319d2ea999d360f799d,2813.15,113.51,11.300012608,55000,56000
bbd6d65cae4e559b7086a319d2ea999d360f799d,2831.81,113.94,11.376601252,56000,56000
bbd6d65cae4e559b7086a319d2ea999d360f799d,2864.50,115.48,11.517367355,55000,56000
bbd6d65cae4e559b7086a319d2ea999d360f799d,2816.77,113.50,11.321568724,56000,56000
bbd6d65cae4e559b7086a319d2ea999d360f799d,2797.73,112.69,11.241495315,56000,56000
bbd6d65cae4e559b7086a319d2ea999d360f799d,2825.97,113.92,11.373816208,56000,55000
bbd6d65cae4e559b7086a319d2ea999d360f799d,2875.95,115.65,11.586516928,55000,56000
bbd6d65cae4e559b7086a319d2ea999d360f799d,2875.61,115.99,11.551189663,56000,56000
bbd6d65cae4e559b7086a319d2ea999d360f799d,2812.86,113.07,11.298843456,56000,56000
bbd6d65cae4e559b7086a319d2ea999d360f799d,2848.35,114.35,11.466073516,56000,56000
bbd6d65cae4e559b7086a319d2ea999d360f799d,2894.06,116.41,11.645319054,56000,56000
bbd6d65cae4e559b7086a319d2ea999d360f799d,2845.74,114.60,11.433913683,56000,56000
bbd6d65cae4e559b7086a319d2ea999d360f799d,2800.44,112.22,11.269721873,55000,56000
bbd6d65cae4e559b7086a319d2ea999d360f799d,2875.02,116.45,11.545825826,56000,56000
bbd6d65cae4e559b7086a319d2ea999d360f799d,2846.11,114.37,11.434859382,56000,56000
bbd6d65cae4e559b7086a319d2ea999d360f799d,2890.83,116.95,11.604786498,56000,55000
bbd6d65cae4e559b7086a319d2ea999d360f799d,2935.25,118.17,11.805177347,55000,56000
bbd6d65cae4e559b7086a319d2ea999d360f799d,2814.70,112.89,11.299149394,56000,55000
bbd6d65cae4e559b7086a319d2ea999d360f799d,2840.73,114.29,11.400887199,56000,56000
bbd6d65cae4e559b7086a319d2ea999d360f799d,2819.65,112.78,11.347654368,55000,56000
bbd6d65cae4e559b7086a319d2ea999d360f799d,2839.14,113.99,11.424088708,55000,55000
bbd6d65cae4e559b7086a319d2ea999d360f799d,2841.74,114.38,11.415543977,55000,56000
bbd6d65cae4e559b7086a319d2ea999d360f799d,2882.22,116.40,11.574934343,56000,55000
bbd6d65cae4e559b7086a319d2ea999d360f799d,2815.97,113.67,11.296394002,56000,55000
bbd6d65cae4e559b7086a319d2ea999d360f799d,2817.60,113.59,11.343098711,56000,56000
bbd6d65cae4e559b7086a319d2ea999d360f799d,2884.05,116.38,11.583947857,55000,56000
bbd6d65cae4e559b7086a319d2ea999d360f799d,2823.60,113.90,11.338837880,56000,56000
bbd6d65cae4e559b7086a319d2ea999d360f799d,2912.58,117.40,11.700042829,55000,56000
bbd6d65cae4e559b7086a319d2ea999d360f799d,2911.61,117.66,11.698510061,56000,56000
52da9a0e004da2ac4ed5403d45d19dff5d37e3cd,2864.92,115.98,11.514183833,56000,56000
52da9a0e004da2ac4ed5403d45d19dff5d37e3cd,2829.11,113.74,11.376834663,55000,56000
52da9a0e004da2ac4ed5403d45d19dff5d37e3cd,2817.61,113.12,11.339350522,56000,55000
52da9a0e004da2ac4ed5403d45d19dff5d37e3cd,2879.06,116.14,11.564450392,56000,55000
52da9a0e004da2ac4ed5403d45d19dff5d37e3cd,2875.58,115.78,11.558459375,56000,56000
52da9a0e004da2ac4ed5403d45d19dff5d37e3cd,2858.23,115.24,11.494913678,56000,56000
52da9a0e004da2ac4ed5403d45d19dff5d37e3cd,2857.90,114.44,11.489798553,55000,56000
52da9a0e004da2ac4ed5403d45d19dff5d37e3cd,2857.59,115.04,11.496839451,55000,54000
52da9a0e004da2ac4ed5403d45d19dff5d37e3cd,2844.68,114.64,11.426808587,56000,56000
52da9a0e004da2ac4ed5403d45d19dff5d37e3cd,2848.37,114.71,11.454413596,56000,55000
52da9a0e004da2ac4ed5403d45d19dff5d37e3cd,2876.59,116.06,11.566566310,56000,55000
52da9a0e004da2ac4ed5403d45d19dff5d37e3cd,2885.42,116.00,11.633967514,56000,56000
52da9a0e004da2ac4ed5403d45d19dff5d37e3cd,2885.45,116.59,11.597776772,55000,55000
52da9a0e004da2ac4ed5403d45d19dff5d37e3cd,2824.95,114.03,11.375728651,56000,55000
52da9a0e004da2ac4ed5403d45d19dff5d37e3cd,2878.14,116.30,11.574459043,56000,55000
52da9a0e004da2ac4ed5403d45d19dff5d37e3cd,2895.95,117.07,11.615722735,56000,56000
52da9a0e004da2ac4ed5403d45d19dff5d37e3cd,2894.82,116.44,11.642856645,56000,56000
52da9a0e004da2ac4ed5403d45d19dff5d37e3cd,2881.88,115.87,11.587665737,55000,56000
52da9a0e004da2ac4ed5403d45d19dff5d37e3cd,2885.63,116.34,11.599620800,56000,56000
52da9a0e004da2ac4ed5403d45d19dff5d37e3cd,2895.70,116.38,11.627240575,56000,56000
52da9a0e004da2ac4ed5403d45d19dff5d37e3cd,2779.28,111.43,11.168797167,56000,55000
52da9a0e004da2ac4ed5403d45d19dff5d37e3cd,2802.90,112.85,11.275798003,55000,56000
52da9a0e004da2ac4ed5403d45d19dff5d37e3cd,2829.67,113.43,11.407517802,56000,56000
52da9a0e004da2ac4ed5403d45d19dff5d37e3cd,2817.83,113.82,11.329933900,55000,56000
52da9a0e004da2ac4ed5403d45d19dff5d37e3cd,2893.27,116.82,11.600978044,55000,56000
52da9a0e004da2ac4ed5403d45d19dff5d37e3cd,2824.84,113.83,11.373075593,56000,56000
52da9a0e004da2ac4ed5403d45d19dff5d37e3cd,2842.64,114.89,11.426184297,56000,56000
52da9a0e004da2ac4ed5403d45d19dff5d37e3cd,2784.77,112.61,11.175147134,56000,56000
52da9a0e004da2ac4ed5403d45d19dff5d37e3cd,2852.58,114.91,11.463901517,55000,55000
52da9a0e004da2ac4ed5403d45d19dff5d37e3cd,2862.56,115.27,11.507297532,56000,55000
b930a6baa5c72bc5f8fb5d9cf16e0165b056f676,2831.92,113.54,11.393057163,56000,55000
b930a6baa5c72bc5f8fb5d9cf16e0165b056f676,2847.03,115.09,11.414705597,55000,56000
b930a6baa5c72bc5f8fb5d9cf16e0165b056f676,2833.70,113.83,11.414508211,56000,56000
b930a6baa5c72bc5f8fb5d9cf16e0165b056f676,2820.81,113.41,11.355437562,56000,56000
b930a6baa5c72bc5f8fb5d9cf16e0165b056f676,2789.64,112.66,11.225540444,56000,55000
b930a6baa5c72bc5f8fb5d9cf16e0165b056f676,2863.35,115.28,11.530116333,55000,55000
b930a6baa5c72bc5f8fb5d9cf16e0165b056f676,2866.44,115.20,11.527178088,56000,55000
b930a6baa5c72bc5f8fb5d9cf16e0165b056f676,2820.14,113.14,11.343876101,56000,56000
b930a6baa5c72bc5f8fb5d9cf16e0165b056f676,2794.39,112.79,11.232401625,55000,55000
b930a6baa5c72bc5f8fb5d9cf16e0165b056f676,2794.66,112.43,11.243860719,56000,56000
b930a6baa5c72bc5f8fb5d9cf16e0165b056f676,2874.47,116.15,11.570183114,56000,56000
b930a6baa5c72bc5f8fb5d9cf16e0165b056f676,2860.30,115.49,11.526883342,55000,55000
b930a6baa5c72bc5f8fb5d9cf16e0165b056f676,2862.84,115.06,11.530811527,56000,55000
b930a6baa5c72bc5f8fb5d9cf16e0165b056f676,2915.64,117.75,11.738849552,56000,55000
b930a6baa5c72bc5f8fb5d9cf16e0165b056f676,2835.13,113.78,11.411376396,56000,55000
b930a6baa5c72bc5f8fb5d9cf16e0165b056f676,2864.94,115.28,11.554381438,55000,55000
b930a6baa5c72bc5f8fb5d9cf16e0165b056f676,2781.42,112.18,11.199424951,54000,55000
b930a6baa5c72bc5f8fb5d9cf16e0165b056f676,2811.78,113.04,11.325879570,56000,55000
b930a6baa5c72bc5f8fb5d9cf16e0165b056f676,2752.92,110.51,11.075410985,56000,56000
b930a6baa5c72bc5f8fb5d9cf16e0165b056f676,2761.11,110.87,11.088707785,55000,55000
b930a6baa5c72bc5f8fb5d9cf16e0165b056f676,2821.52,113.55,11.374761625,56000,56000
b930a6baa5c72bc5f8fb5d9cf16e0165b056f676,2840.79,114.18,11.438806835,56000,56000
b930a6baa5c72bc5f8fb5d9cf16e0165b056f676,2846.89,114.72,11.463472595,55000,55000
b930a6baa5c72bc5f8fb5d9cf16e0165b056f676,2803.00,112.80,11.292539670,55000,56000
b930a6baa5c72bc5f8fb5d9cf16e0165b056f676,2835.16,114.40,11.412257372,56000,56000
b930a6baa5c72bc5f8fb5d9cf16e0165b056f676,2864.38,115.29,11.551713582,55000,56000
b930a6baa5c72bc5f8fb5d9cf16e0165b056f676,2821.46,113.31,11.351333203,55000,56000
b930a6baa5c72bc5f8fb5d9cf16e0165b056f676,2852.79,115.30,11.496868716,55000,55000
b930a6baa5c72bc5f8fb5d9cf16e0165b056f676,2753.08,110.92,11.076931868,56000,56000
b930a6baa5c72bc5f8fb5d9cf16e0165b056f676,2823.85,114.58,11.342691650,55000,55000
e2160378e5c23e69c7288b55707b08faaa36d028,2778.95,111.73,11.157901633,55000,55000
e2160378e5c23e69c7288b55707b08faaa36d028,2794.85,112.91,11.252480681,56000,56000
e2160378e5c23e69c7288b55707b08faaa36d028,2771.91,111.79,11.132396586,56000,55000
e2160378e5c23e69c7288b55707b08faaa36d028,2756.49,110.40,11.107715151,56000,56000
e2160378e5c23e69c7288b55707b08faaa36d028,2812.18,113.38,11.317268070,55000,55000
e2160378e5c23e69c7288b55707b08faaa36d028,2832.63,113.99,11.412449856,54000,56000
e2160378e5c23e69c7288b55707b08faaa36d028,2836.59,114.06,11.392282587,56000,55000
e2160378e5c23e69c7288b55707b08faaa36d028,2772.51,111.69,11.166868543,56000,55000
e2160378e5c23e69c7288b55707b08faaa36d028,2819.22,113.40,11.344104033,56000,55000
e2160378e5c23e69c7288b55707b08faaa36d028,2743.89,110.48,11.040074875,55000,56000
e2160378e5c23e69c7288b55707b08faaa36d028,2723.19,109.23,10.979783640,56000,55000
e2160378e5c23e69c7288b55707b08faaa36d028,2826.24,113.82,11.364560251,55000,55000
e2160378e5c23e69c7288b55707b08faaa36d028,2864.03,115.72,11.528323320,55000,56000
e2160378e5c23e69c7288b55707b08faaa36d028,2831.76,113.83,11.414093751,55000,54000
e2160378e5c23e69c7288b55707b08faaa36d028,2836.39,114.49,11.417427439,56000,56000
e2160378e5c23e69c7288b55707b08faaa36d028,2815.08,113.34,11.310959649,56000,56000
e2160378e5c23e69c7288b55707b08faaa36d028,2816.23,112.97,11.355061787,55000,56000
e2160378e5c23e69c7288b55707b08faaa36d028,2797.54,112.57,11.267507913,56000,55000
e2160378e5c23e69c7288b55707b08faaa36d028,2854.92,114.98,11.502825888,56000,56000
e2160378e5c23e69c7288b55707b08faaa36d028,2828.89,113.98,11.400183565,56000,56000
e2160378e5c23e69c7288b55707b08faaa36d028,2770.28,111.05,11.143635305,55000,56000
e2160378e5c23e69c7288b55707b08faaa36d028,2828.65,114.55,11.386891943,56000,56000
e2160378e5c23e69c7288b55707b08faaa36d028,2788.00,112.84,11.190909024,55000,55000
e2160378e5c23e69c7288b55707b08faaa36d028,2758.18,110.94,11.103876486,55000,55000
e2160378e5c23e69c7288b55707b08faaa36d028,2884.09,116.81,11.609189453,56000,55000
e2160378e5c23e69c7288b55707b08faaa36d028,2828.11,114.15,11.402871055,55000,56000
e2160378e5c23e69c7288b55707b08faaa36d028,2859.50,115.31,11.492318229,56000,56000
e2160378e5c23e69c7288b55707b08faaa36d028,2775.42,111.61,11.165406410,55000,55000
e2160378e5c23e69c7288b55707b08faaa36d028,2768.59,110.95,11.162870249,56000,55000
e2160378e5c23e69c7288b55707b08faaa36d028,2851.60,114.44,11.483090981,54000,56000
bcc2336c11b1353f5c045ab6e9fe7314c794bcfc,2865.60,115.57,11.496449806,56000,56000
bcc2336c11b1353f5c045ab6e9fe7314c794bcfc,2796.43,112.06,11.248576706,54000,55000
bcc2336c11b1353f5c045ab6e9fe7314c794bcfc,2846.17,114.81,11.416913001,56000,55000
bcc2336c11b1353f5c045ab6e9fe7314c794bcfc,2822.19,113.66,11.330636027,55000,55000
bcc2336c11b1353f5c045ab6e9fe7314c794bcfc,2864.80,115.63,11.525454587,56000,56000
bcc2336c11b1353f5c045ab6e9fe7314c794bcfc,2888.76,116.56,11.605495514,55000,56000
bcc2336c11b1353f5c045ab6e9fe7314c794bcfc,2782.84,112.03,11.186355494,56000,55000
bcc2336c11b1353f5c045ab6e9fe7314c794bcfc,2835.79,114.36,11.430493338,56000,55000
bcc2336c11b1353f5c045ab6e9fe7314c794bcfc,2761.04,110.65,11.097293014,56000,56000
bcc2336c11b1353f5c045ab6e9fe7314c794bcfc,2800.28,112.13,11.271629652,56000,56000
bcc2336c11b1353f5c045ab6e9fe7314c794bcfc,2749.19,110.43,11.042154382,55000,55000
bcc2336c11b1353f5c045ab6e9fe7314c794bcfc,2860.79,115.19,11.530290614,56000,56000
bcc2336c11b1353f5c045ab6e9fe7314c794bcfc,2858.30,115.01,11.505470877,54000,55000
bcc2336c11b1353f5c045ab6e9fe7314c794bcfc,2838.94,114.08,11.427451886,55000,55000
bcc2336c11b1353f5c045ab6e9fe7314c794bcfc,2882.66,116.65,11.600571367,55000,56000
bcc2336c11b1353f5c045ab6e9fe7314c794bcfc,2876.19,116.32,11.565073980,55000,55000
bcc2336c11b1353f5c045ab6e9fe7314c794bcfc,2828.91,114.02,11.367174115,54000,56000
bcc2336c11b1353f5c045ab6e9fe7314c794bcfc,2841.18,114.25,11.429608534,56000,56000
bcc2336c11b1353f5c045ab6e9fe7314c794bcfc,2857.69,115.12,11.515143032,56000,56000
bcc2336c11b1353f5c045ab6e9fe7314c794bcfc,2885.63,116.59,11.605356400,56000,55000
bcc2336c11b1353f5c045ab6e9fe7314c794bcfc,2804.40,112.74,11.291314253,55000,56000
bcc2336c11b1353f5c045ab6e9fe7314c794bcfc,2800.87,112.84,11.291448474,55000,56000
bcc2336c11b1353f5c045ab6e9fe7314c794bcfc,2842.63,114.98,11.434208171,56000,55000
bcc2336c11b1353f5c045ab6e9fe7314c794bcfc,2803.27,112.57,11.263403666,56000,56000
bcc2336c11b1353f5c045ab6e9fe7314c794bcfc,2845.12,114.88,11.443402485,56000,56000
bcc2336c11b1353f5c045ab6e9fe7314c794bcfc,2767.06,111.19,11.137767659,56000,56000
bcc2336c11b1353f5c045ab6e9fe7314c794bcfc,2840.09,114.55,11.452200938,55000,56000
bcc2336c11b1353f5c045ab6e9fe7314c794bcfc,2820.22,114.14,11.341497345,55000,55000
bcc2336c11b1353f5c045ab6e9fe7314c794bcfc,2830.74,114.37,11.366673706,55000,55000
bcc2336c11b1353f5c045ab6e9fe7314c794bcfc,2821.04,113.34,11.361179655,56000,55000
af741198a466135c5e446de1ec181a17c578dad4,2873.00,116.04,11.583590092,55000,56000
af741198a466135c5e446de1ec181a17c578dad4,2885.74,116.61,11.570199984,55000,56000
af741198a466135c5e446de1ec181a17c578dad4,2853.56,115.02,11.471245913,56000,56000
af741198a466135c5e446de1ec181a17c578dad4,2853.51,115.34,11.474074288,56000,56000
af741198a466135c5e446de1ec181a17c578dad4,2869.80,115.39,11.521014714,56000,56000
af741198a466135c5e446de1ec181a17c578dad4,2901.02,117.02,11.646329519,55000,55000
af741198a466135c5e446de1ec181a17c578dad4,2813.18,112.90,11.328509851,56000,54000
af741198a466135c5e446de1ec181a17c578dad4,2851.15,114.31,11.490392346,55000,56000
af741198a466135c5e446de1ec181a17c578dad4,2834.50,114.60,11.401055883,56000,55000
af741198a466135c5e446de1ec181a17c578dad4,2849.60,114.63,11.455849403,56000,56000
af741198a466135c5e446de1ec181a17c578dad4,2836.17,114.42,11.401493996,55000,55000
af741198a466135c5e446de1ec181a17c578dad4,2855.20,115.38,11.464525985,55000,55000
af741198a466135c5e446de1ec181a17c578dad4,2848.21,114.73,11.480206080,56000,55000
af741198a466135c5e446de1ec181a17c578dad4,2899.79,116.91,11.680901218,56000,56000
af741198a466135c5e446de1ec181a17c578dad4,2900.72,117.08,11.662255459,56000,54000
af741198a466135c5e446de1ec181a17c578dad4,2814.69,113.72,11.326122005,56000,56000
af741198a466135c5e446de1ec181a17c578dad4,2791.10,112.70,11.234590678,56000,55000
af741198a466135c5e446de1ec181a17c578dad4,2859.93,115.00,11.504242848,56000,55000
af741198a466135c5e446de1ec181a17c578dad4,2853.96,115.32,11.484174088,56000,55000
af741198a466135c5e446de1ec181a17c578dad4,2783.43,112.15,11.206420514,56000,55000
af741198a466135c5e446de1ec181a17c578dad4,2865.62,115.76,11.525737436,55000,54000
af741198a466135c5e446de1ec181a17c578dad4,2944.12,119.32,11.839798252,56000,55000
af741198a466135c5e446de1ec181a17c578dad4,2811.77,113.44,11.301299680,56000,55000
af741198a466135c5e446de1ec181a17c578dad4,2776.23,111.57,11.166357578,56000,56000
af741198a466135c5e446de1ec181a17c578dad4,2890.59,116.46,11.620810854,56000,56000
af741198a466135c5e446de1ec181a17c578dad4,2751.19,110.17,11.075387557,56000,56000
af741198a466135c5e446de1ec181a17c578dad4,2842.97,114.16,11.461396834,55000,54000
af741198a466135c5e446de1ec181a17c578dad4,2811.19,113.79,11.328042467,54000,55000
af741198a466135c5e446de1ec181a17c578dad4,2825.24,113.54,11.379788291,56000,55000
af741198a466135c5e446de1ec181a17c578dad4,2831.78,114.63,11.367609627,56000,54000
b16856a5c5b60690b5dce5fc3a13cc0977231439,2876.38,116.20,11.596434296,56000,56000
b16856a5c5b60690b5dce5fc3a13cc0977231439,2839.77,114.35,11.404631705,56000,55000
b16856a5c5b60690b5dce5fc3a13cc0977231439,2861.78,115.35,11.484765982,55000,55000
b16856a5c5b60690b5dce5fc3a13cc0977231439,2842.29,114.46,11.433989710,56000,55000
b16856a5c5b60690b5dce5fc3a13cc0977231439,2843.56,114.44,11.423360938,55000,56000
b16856a5c5b60690b5dce5fc3a13cc0977231439,2838.22,114.15,11.417130627,56000,56000
b16856a5c5b60690b5dce5fc3a13cc0977231439,2841.09,114.49,11.421338856,56000,56000
b16856a5c5b60690b5dce5fc3a13cc0977231439,2869.70,115.76,11.551678789,54000,55000
b16856a5c5b60690b5dce5fc3a13cc0977231439,2772.26,111.20,11.185147233,55000,55000
b16856a5c5b60690b5dce5fc3a13cc0977231439,2815.77,112.94,11.319531393,56000,56000
b16856a5c5b60690b5dce5fc3a13cc0977231439,2881.79,115.87,11.586112810,55000,55000
b16856a5c5b60690b5dce5fc3a13cc0977231439,2830.40,114.20,11.385560502,56000,54000
b16856a5c5b60690b5dce5fc3a13cc0977231439,2813.46,113.06,11.333850562,55000,55000
b16856a5c5b60690b5dce5fc3a13cc0977231439,2856.06,115.10,11.498852437,55000,55000
b16856a5c5b60690b5dce5fc3a13cc0977231439,2821.14,114.31,11.326997702,56000,55000
b16856a5c5b60690b5dce5fc3a13cc0977231439,2871.36,115.61,11.560327485,56000,55000
b16856a5c5b60690b5dce5fc3a13cc0977231439,2859.22,114.89,11.516724740,56000,56000
b16856a5c5b60690b5dce5fc3a13cc0977231439,2762.13,111.63,11.115846114,55000,55000
b16856a5c5b60690b5dce5fc3a13cc0977231439,2889.19,116.59,11.640210796,56000,55000
b16856a5c5b60690b5dce5fc3a13cc0977231439,2758.19,111.06,11.099644059,56000,56000
b16856a5c5b60690b5dce5fc3a13cc0977231439,2841.30,114.74,11.433703766,56000,55000
b16856a5c5b60690b5dce5fc3a13cc0977231439,2790.67,111.97,11.247825885,55000,56000
b16856a5c5b60690b5dce5fc3a13cc0977231439,2844.66,114.65,11.435008159,56000,55000
b16856a5c5b60690b5dce5fc3a13cc0977231439,2855.99,114.86,11.487945163,56000,55000
b16856a5c5b60690b5dce5fc3a13cc0977231439,2884.29,116.25,11.594478903,55000,54000
b16856a5c5b60690b5dce5fc3a13cc0977231439,2821.98,113.13,11.374754275,56000,55000
b16856a5c5b60690b5dce5fc3a13cc0977231439,2837.99,114.01,11.434648955,55000,56000
b16856a5c5b60690b5dce5fc3a13cc0977231439,2834.21,113.83,11.383193160,55000,55000
b16856a5c5b60690b5dce5fc3a13cc0977231439,2838.82,114.22,11.416904740,55000,56000
b16856a5c5b60690b5dce5fc3a13cc0977231439,2799.55,112.78,11.257449266,55000,54000
1907341003fd5cea75ce2267036b832f219e7fad,2849.28,114.93,11.452831366,55000,56000
1907341003fd5cea75ce2267036b832f219e7fad,2845.08,115.17,11.445661816,56000,56000
1907341003fd5cea75ce2267036b832f219e7fad,2817.25,114.18,11.321964971,56000,56000
1907341003fd5cea75ce2267036b832f219e7fad,2752.61,110.17,11.071377932,55000,56000
1907341003fd5cea75ce2267036b832f219e7fad,2834.96,113.97,11.404967351,55000,56000
1907341003fd5cea75ce2267036b832f219e7fad,2811.36,113.10,11.330733161,55000,56000
1907341003fd5cea75ce2267036b832f219e7fad,2767.17,110.91,11.183111199,55000,55000
1907341003fd5cea75ce2267036b832f219e7fad,2807.38,112.84,11.298266503,55000,56000
1907341003fd5cea75ce2267036b832f219e7fad,2820.19,113.40,11.356394634,55000,55000
1907341003fd5cea75ce2267036b832f219e7fad,2845.08,114.47,11.450297417,55000,56000
1907341003fd5cea75ce2267036b832f219e7fad,2828.70,113.91,11.394859853,55000,55000
1907341003fd5cea75ce2267036b832f219e7fad,2769.22,111.58,11.133722839,55000,55000
1907341003fd5cea75ce2267036b832f219e7fad,2804.04,112.50,11.294385809,55000,55000
1907341003fd5cea75ce2267036b832f219e7fad,2834.54,114.36,11.420442596,56000,55000
1907341003fd5cea75ce2267036b832f219e7fad,2840.97,114.32,11.462158284,55000,55000
1907341003fd5cea75ce2267036b832f219e7fad,2806.43,113.73,11.295599602,55000,55000
1907341003fd5cea75ce2267036b832f219e7fad,2866.42,115.94,11.526518495,56000,55000
1907341003fd5cea75ce2267036b832f219e7fad,2798.41,113.07,11.272556085,56000,56000
1907341003fd5cea75ce2267036b832f219e7fad,2728.30,109.82,10.992831604,55000,56000
1907341003fd5cea75ce2267036b832f219e7fad,2813.00,113.48,11.328603111,55000,56000
1907341003fd5cea75ce2267036b832f219e7fad,2831.32,113.79,11.407045275,54000,55000
1907341003fd5cea75ce2267036b832f219e7fad,2733.42,109.33,11.006954572,56000,56000
1907341003fd5cea75ce2267036b832f219e7fad,2793.06,112.46,11.243608604,56000,56000
1907341003fd5cea75ce2267036b832f219e7fad,2818.25,114.10,11.335291804,55000,56000
1907341003fd5cea75ce2267036b832f219e7fad,2839.48,114.03,11.435632861,55000,56000
1907341003fd5cea75ce2267036b832f219e7fad,2772.55,111.72,11.164476767,56000,56000
1907341003fd5cea75ce2267036b832f219e7fad,2822.14,113.40,11.364216397,55000,55000
1907341003fd5cea75ce2267036b832f219e7fad,2796.43,112.69,11.261181024,55000,56000
1907341003fd5cea75ce2267036b832f219e7fad,2758.40,111.00,11.108007144,56000,55000
1907341003fd5cea75ce2267036b832f219e7fad,2865.15,115.70,11.533332569,55000,56000
4113c9e2475a80f0bf1bfb32d0c84c4d94c2e48c,2758.21,110.53,11.110502026,55000,56000
4113c9e2475a80f0bf1bfb32d0c84c4d94c2e48c,2819.55,112.96,11.353324363,56000,56000
4113c9e2475a80f0bf1bfb32d0c84c4d94c2e48c,2845.24,114.52,11.459904823,56000,55000
4113c9e2475a80f0bf1bfb32d0c84c4d94c2e48c,2769.05,111.69,11.127564146,56000,56000
4113c9e2475a80f0bf1bfb32d0c84c4d94c2e48c,2851.83,115.06,11.468015927,55000,54000
4113c9e2475a80f0bf1bfb32d0c84c4d94c2e48c,2768.59,110.98,11.153380521,56000,56000
4113c9e2475a80f0bf1bfb32d0c84c4d94c2e48c,2817.53,113.37,11.336076534,55000,56000
4113c9e2475a80f0bf1bfb32d0c84c4d94c2e48c,2848.57,114.76,11.442574737,55000,55000
4113c9e2475a80f0bf1bfb32d0c84c4d94c2e48c,2825.53,113.20,11.367921288,56000,55000
4113c9e2475a80f0bf1bfb32d0c84c4d94c2e48c,2795.46,112.44,11.266352915,56000,55000
4113c9e2475a80f0bf1bfb32d0c84c4d94c2e48c,2783.68,111.56,11.216723016,55000,56000
4113c9e2475a80f0bf1bfb32d0c84c4d94c2e48c,2749.34,110.11,11.072534249,55000,56000
4113c9e2475a80f0bf1bfb32d0c84c4d94c2e48c,2713.89,108.94,10.940551394,55000,56000
4113c9e2475a80f0bf1bfb32d0c84c4d94c2e48c,2802.09,113.22,11.270160480,55000,55000
4113c9e2475a80f0bf1bfb32d0c84c4d94c2e48c,2797.61,112.35,11.272539600,56000,55000
4113c9e2475a80f0bf1bfb32d0c84c4d94c2e48c,2841.83,114.41,11.456107822,55000,54000
4113c9e2475a80f0bf1bfb32d0c84c4d94c2e48c,2805.44,113.29,11.287488271,55000,56000
4113c9e2475a80f0bf1bfb32d0c84c4d94c2e48c,2780.69,111.80,11.200450325,56000,55000
4113c9e2475a80f0bf1bfb32d0c84c4d94c2e48c,2882.15,116.57,11.604667943,55000,55000
4113c9e2475a80f0bf1bfb32d0c84c4d94c2e48c,2803.07,112.67,11.294379541,56000,55000
4113c9e2475a80f0bf1bfb32d0c84c4d94c2e48c,2753.75,110.61,11.100235005,56000,56000
4113c9e2475a80f0bf1bfb32d0c84c4d94c2e48c,2843.14,113.95,11.455990979,56000,56000
4113c9e2475a80f0bf1bfb32d0c84c4d94c2e48c,2841.56,114.12,11.443390553,56000,56000
4113c9e2475a80f0bf1bfb32d0c84c4d94c2e48c,2811.93,113.53,11.301606768,56000,55000
4113c9e2475a80f0bf1bfb32d0c84c4d94c2e48c,2761.11,111.03,11.130821420,56000,55000
4113c9e2475a80f0bf1bfb32d0c84c4d94c2e48c,2840.08,114.31,11.455409000,56000,55000
4113c9e2475a80f0bf1bfb32d0c84c4d94c2e48c,2767.45,111.29,11.155508053,56000,55000
4113c9e2475a80f0bf1bfb32d0c84c4d94c2e48c,2794.79,112.52,11.235989264,56000,56000
4113c9e2475a80f0bf1bfb32d0c84c4d94c2e48c,2844.98,114.09,11.449858151,56000,56000
4113c9e2475a80f0bf1bfb32d0c84c4d94c2e48c,2846.14,114.32,11.446773327,55000,56000
01ca4fea4247b4294d6c70006bb1921eed4b8977,2818.92,114.10,11.355803380,56000,56000
01ca4fea4247b4294d6c70006bb1921eed4b8977,2737.37,109.79,11.002201274,56000,56000
01ca4fea4247b4294d6c70006bb1921eed4b8977,2812.25,112.71,11.320499455,55000,56000
01ca4fea4247b4294d6c70006bb1921eed4b8977,2863.83,115.04,11.514613637,54000,56000
01ca4fea4247b4294d6c70006bb1921eed4b8977,2863.60,115.05,11.519994134,55000,56000
01ca4fea4247b4294d6c70006bb1921eed4b8977,2795.26,112.66,11.245178668,56000,56000
01ca4fea4247b4294d6c70006bb1921eed4b8977,2782.68,111.39,11.188322203,56000,55000
01ca4fea4247b4294d6c70006bb1921eed4b8977,2832.25,114.02,11.434966073,56000,55000
01ca4fea4247b4294d6c70006bb1921eed4b8977,2823.09,113.60,11.365717314,56000,56000
01ca4fea4247b4294d6c70006bb1921eed4b8977,2804.67,112.65,11.307307202,56000,55000
01ca4fea4247b4294d6c70006bb1921eed4b8977,2820.66,113.36,11.363167001,56000,56000
01ca4fea4247b4294d6c70006bb1921eed4b8977,2837.85,114.13,11.416811096,56000,55000
01ca4fea4247b4294d6c70006bb1921eed4b8977,2862.09,115.65,11.513998121,56000,56000
01ca4fea4247b4294d6c70006bb1921eed4b8977,2794.02,112.69,11.252324039,56000,55000
01ca4fea4247b4294d6c70006bb1921eed4b8977,2816.66,113.75,11.322290069,56000,55000
01ca4fea4247b4294d6c70006bb1921eed4b8977,2796.54,112.60,11.269668643,56000,55000
01ca4fea4247b4294d6c70006bb1921eed4b8977,2827.99,113.55,11.398467494,56000,56000
01ca4fea4247b4294d6c70006bb1921eed4b8977,2792.40,111.92,11.256490956,56000,56000
01ca4fea4247b4294d6c70006bb1921eed4b8977,2863.77,115.16,11.529421325,55000,56000
01ca4fea4247b4294d6c70006bb1921eed4b8977,2779.11,111.99,11.185779881,55000,56000
01ca4fea4247b4294d6c70006bb1921eed4b8977,2810.57,113.09,11.313118748,56000,55000
01ca4fea4247b4294d6c70006bb1921eed4b8977,2700.73,108.30,10.884336910,56000,56000
01ca4fea4247b4294d6c70006bb1921eed4b8977,2834.58,114.40,11.399916247,55000,55000
01ca4fea4247b4294d6c70006bb1921eed4b8977,2858.60,115.14,11.523914782,56000,56000
01ca4fea4247b4294d6c70006bb1921eed4b8977,2838.12,113.83,11.436914883,55000,55000
01ca4fea4247b4294d6c70006bb1921eed4b8977,2841.79,114.87,11.417636893,56000,55000
01ca4fea4247b4294d6c70006bb1921eed4b8977,2877.92,115.96,11.578758561,56000,56000
01ca4fea4247b4294d6c70006bb1921eed4b8977,2836.21,114.15,11.412934714,56000,56000
01ca4fea4247b4294d6c70006bb1921eed4b8977,2821.95,113.80,11.369631901,56000,55000
01ca4fea4247b4294d6c70006bb1921eed4b8977,2872.78,116.24,11.552972941,55000,54000
94d33a27a396dce3119f9de2c72250c33d7ca297,2798.29,112.19,11.249629311,56000,56000
94d33a27a396dce3119f9de2c72250c33d7ca297,2820.30,113.36,11.340368020,56000,55000
94d33a27a396dce3119f9de2c72250c33d7ca297,2807.56,112.90,11.282325944,56000,56000
94d33a27a396dce3119f9de2c72250c33d7ca297,2792.94,112.27,11.225847780,55000,55000
94d33a27a396dce3119f9de2c72250c33d7ca297,2850.00,115.28,11.444586337,55000,56000
94d33a27a396dce3119f9de2c72250c33d7ca297,2806.28,113.03,11.316508526,56000,56000
94d33a27a396dce3119f9de2c72250c33d7ca297,2775.27,111.35,11.177114398,56000,56000
94d33a27a396dce3119f9de2c72250c33d7ca297,2842.90,114.78,11.420176928,56000,56000
94d33a27a396dce3119f9de2c72250c33d7ca297,2771.29,111.59,11.153364219,55000,56000
94d33a27a396dce3119f9de2c72250c33d7ca297,2882.02,116.14,11.584545314,54000,55000
94d33a27a396dce3119f9de2c72250c33d7ca297,2822.87,113.38,11.356272775,56000,56000
94d33a27a396dce3119f9de2c72250c33d7ca297,2764.76,110.76,11.136454499,55000,56000
94d33a27a396dce3119f9de2c72250c33d7ca297,2888.36,116.36,11.646082406,55000,55000
94d33a27a396dce3119f9de2c72250c33d7ca297,2795.16,112.28,11.270828645,56000,55000
94d33a27a396dce3119f9de2c72250c33d7ca297,2817.16,113.47,11.344441733,56000,55000
94d33a27a396dce3119f9de2c72250c33d7ca297,2851.05,114.63,11.484410081,55000,55000
94d33a27a396dce3119f9de2c72250c33d7ca297,2840.59,115.04,11.426479152,56000,55000
94d33a27a396dce3119f9de2c72250c33d7ca297,2807.74,112.92,11.300115815,55000,56000
94d33a27a396dce3119f9de2c72250c33d7ca297,2826.65,113.70,11.379027727,56000,56000
94d33a27a396dce3119f9de2c72250c33d7ca297,2837.23,114.82,11.423585163,56000,55000
94d33a27a396dce3119f9de2c72250c33d7ca297,2896.64,116.65,11.679857342,55000,56000
94d33a27a396dce3119f9de2c72250c33d7ca297,2810.15,113.12,11.318578772,55000,56000
94d33a27a396dce3119f9de2c72250c33d7ca297,2757.75,110.81,11.084544392,55000,54000
94d33a27a396dce3119f9de2c72250c33d7ca297,2767.53,111.08,11.140584380,56000,56000
94d33a27a396dce3119f9de2c72250c33d7ca297,2820.45,113.36,11.340915944,55000,56000
94d33a27a396dce3119f9de2c72250c33d7ca297,2845.11,114.71,11.466319141,56000,56000
94d33a27a396dce3119f9de2c72250c33d7ca297,2823.72,113.27,11.379572832,56000,54000
94d33a27a396dce3119f9de2c72250c33d7ca297,2874.13,115.62,11.580587950,55000,55000
94d33a27a396dce3119f9de2c72250c33d7ca297,2832.82,113.95,11.397375405,55000,55000
94d33a27a396dce3119f9de2c72250c33d7ca297,2774.46,111.19,11.160034207,55000,55000
2b8ecb9ad96d2191560f3499765bc060422b3396,2829.91,113.80,11.383770850,56000,55000
2b8ecb9ad96d2191560f3499765bc060422b3396,2810.11,112.83,11.290514634,56000,56000
2b8ecb9ad96d2191560f3499765bc060422b3396,2885.31,116.59,11.585301116,54000,55000
2b8ecb9ad96d2191560f3499765bc060422b3396,2883.91,116.13,11.602264483,55000,56000
2b8ecb9ad96d2191560f3499765bc060422b3396,2815.79,113.65,11.310176767,56000,56000
2b8ecb9ad96d2191560f3499765bc060422b3396,2856.20,115.19,11.489227880,56000,56000
2b8ecb9ad96d2191560f3499765bc060422b3396,2820.61,114.20,11.340221529,55000,56000
2b8ecb9ad96d2191560f3499765bc060422b3396,2780.21,111.70,11.177142728,56000,55000
2b8ecb9ad96d2191560f3499765bc060422b3396,2835.31,114.05,11.393649474,56000,56000
2b8ecb9ad96d2191560f3499765bc060422b3396,2772.63,111.67,11.157368745,56000,56000
2b8ecb9ad96d2191560f3499765bc060422b3396,2827.63,114.28,11.370346370,56000,56000
2b8ecb9ad96d2191560f3499765bc060422b3396,2810.43,113.09,11.304403741,56000,56000
2b8ecb9ad96d2191560f3499765bc060422b3396,2820.89,113.97,11.345728926,55000,56000
2b8ecb9ad96d2191560f3499765bc060422b3396,2855.37,115.03,11.520968886,54000,55000
2b8ecb9ad96d2191560f3499765bc060422b3396,2790.09,112.15,11.263436759,56000,55000
2b8ecb9ad96d2191560f3499765bc060422b3396,2768.12,111.23,11.120990888,55000,55000
2b8ecb9ad96d2191560f3499765bc060422b3396,2839.62,114.21,11.423210772,56000,55000
2b8ecb9ad96d2191560f3499765bc060422b3396,2766.88,111.06,11.158565043,56000,56000
2b8ecb9ad96d2191560f3499765bc060422b3396,2839.70,113.70,11.419503845,56000,55000
2b8ecb9ad96d2191560f3499765bc060422b3396,2817.11,113.41,11.330065331,56000,55000
2b8ecb9ad96d2191560f3499765bc060422b3396,2863.81,115.19,11.548111109,56000,56000
2b8ecb9ad96d2191560f3499765bc060422b3396,2863.23,115.28,11.533436019,56000,56000
2b8ecb9ad96d2191560f3499765bc060422b3396,2847.98,114.73,11.478312740,55000,56000
2b8ecb9ad96d2191560f3499765bc060422b3396,2782.87,111.31,11.201131405,55000,56000
2b8ecb9ad96d2191560f3499765bc060422b3396,2820.77,113.50,11.352550315,55000,55000
2b8ecb9ad96d2191560f3499765bc060422b3396,2882.94,116.39,11.586365416,55000,56000
2b8ecb9ad96d2191560f3499765bc060422b3396,2829.64,113.66,11.407769234,55000,56000
2b8ecb9ad96d2191560f3499765bc060422b3396,2826.67,113.72,11.376602354,55000,55000
2b8ecb9ad96d2191560f3499765bc060422b3396,2730.46,109.49,10.987619429,55000,55000
2b8ecb9ad96d2191560f3499765bc060422b3396,2819.29,113.75,11.335964591,55000,55000
ae2137d4e4fd9ee2f99d34bd39f959266fff642e,2762.70,111.31,11.125824891,55000,56000
ae2137d4e4fd9ee2f99d34bd39f959266fff642e,2797.04,112.70,11.244527800,55000,56000
ae2137d4e4fd9ee2f99d34bd39f959266fff642e,2859.42,115.15,11.500315802,55000,56000
ae2137d4e4fd9ee2f99d34bd39f959266fff642e,2851.76,114.99,11.447888494,55000,55000
ae2137d4e4fd9ee2f99d34bd39f959266fff642e,2788.69,112.03,11.254643062,56000,56000
ae2137d4e4fd9ee2f99d34bd39f959266fff642e,2782.09,111.90,11.214986559,55000,55000
ae2137d4e4fd9ee2f99d34bd39f959266fff642e,2775.07,111.20,11.158720477,55000,56000
ae2137d4e4fd9ee2f99d34bd39f959266fff642e,2847.66,114.82,11.470912025,56000,55000
ae2137d4e4fd9ee2f99d34bd39f959266fff642e,2762.75,110.54,11.159412152,56000,55000
ae2137d4e4fd9ee2f99d34bd39f959266fff642e,2809.03,112.76,11.303223115,56000,56000
ae2137d4e4fd9ee2f99d34bd39f959266fff642e,2784.65,111.55,11.201193002,56000,56000
ae2137d4e4fd9ee2f99d34bd39f959266fff642e,2812.33,112.76,11.328019765,55000,55000
ae2137d4e4fd9ee2f99d34bd39f959266fff642e,2812.82,113.55,11.317028694,55000,55000
ae2137d4e4fd9ee2f99d34bd39f959266fff642e,2820.42,113.81,11.335970219,55000,55000
ae2137d4e4fd9ee2f99d34bd39f959266fff642e,2782.09,112.41,11.182258404,55000,55000
ae2137d4e4fd9ee2f99d34bd39f959266fff642e,2800.16,113.00,11.262614020,56000,55000
ae2137d4e4fd9ee2f99d34bd39f959266fff642e,2783.66,111.70,11.217601817,55000,56000
ae2137d4e4fd9ee2f99d34bd39f959266fff642e,2807.20,112.69,11.316277625,56000,55000
ae2137d4e4fd9ee2f99d34bd39f959266fff642e,2808.27,113.08,11.327854822,55000,56000
ae2137d4e4fd9ee2f99d34bd39f959266fff642e,2817.65,113.68,11.342889095,55000,56000
ae2137d4e4fd9ee2f99d34bd39f959266fff642e,2836.86,114.01,11.425755138,55000,56000
ae2137d4e4fd9ee2f99d34bd39f959266fff642e,2866.51,115.77,11.530400217,56000,56000
ae2137d4e4fd9ee2f99d34bd39f959266fff642e,2861.47,115.06,11.533170901,56000,55000
ae2137d4e4fd9ee2f99d34bd39f959266fff642e,2825.04,113.49,11.380669149,55000,55000
ae2137d4e4fd9ee2f99d34bd39f959266fff642e,2826.54,113.95,11.383835812,55000,55000
ae2137d4e4fd9ee2f99d34bd39f959266fff642e,2885.93,116.33,11.642581435,55000,55000
ae2137d4e4fd9ee2f99d34bd39f959266fff642e,2827.47,113.26,11.398628803,56000,55000
ae2137d4e4fd9ee2f99d34bd39f959266fff642e,2761.06,110.17,11.096828220,55000,55000
ae2137d4e4fd9ee2f99d34bd39f959266fff642e,2733.96,109.54,10.992747386,55000,55000
ae2137d4e4fd9ee2f99d34bd39f959266fff642e,2852.92,115.32,11.488388824,55000,55000
51a2fc3c8f7e92592e5032e7ed14e956ea9eccf9,2829.22,114.01,11.374120159,56000,56000
51a2fc3c8f7e92592e5032e7ed14e956ea9eccf9,2778.80,111.28,11.162873337,55000,56000
51a2fc3c8f7e92592e5032e7ed14e956ea9eccf9,2850.30,115.26,11.438167857,56000,56000
51a2fc3c8f7e92592e5032e7ed14e956ea9eccf9,2797.00,112.93,11.239284373,55000,56000
51a2fc3c8f7e92592e5032e7ed14e956ea9eccf9,2843.01,114.10,11.468839602,55000,55000
51a2fc3c8f7e92592e5032e7ed14e956ea9eccf9,2814.34,113.16,11.313698590,55000,55000
51a2fc3c8f7e92592e5032e7ed14e956ea9eccf9,2749.67,110.03,11.059548758,56000,55000
51a2fc3c8f7e92592e5032e7ed14e956ea9eccf9,2828.06,113.71,11.396295828,56000,56000
51a2fc3c8f7e92592e5032e7ed14e956ea9eccf9,2778.04,111.38,11.194238352,54000,55000
51a2fc3c8f7e92592e5032e7ed14e956ea9eccf9,2780.71,111.73,11.195674234,56000,55000
51a2fc3c8f7e92592e5032e7ed14e956ea9eccf9,2801.84,112.77,11.274322035,56000,55000
51a2fc3c8f7e92592e5032e7ed14e956ea9eccf9,2852.12,115.17,11.492675312,55000,55000
51a2fc3c8f7e92592e5032e7ed14e956ea9eccf9,2805.41,113.02,11.298220033,56000,56000
51a2fc3c8f7e92592e5032e7ed14e956ea9eccf9,2794.44,112.89,11.233560692,55000,55000
51a2fc3c8f7e92592e5032e7ed14e956ea9eccf9,2808.32,112.97,11.314630470,56000,55000
51a2fc3c8f7e92592e5032e7ed14e956ea9eccf9,2776.99,111.00,11.203889678,55000,55000
51a2fc3c8f7e92592e5032e7ed14e956ea9eccf9,2838.95,114.36,11.428871997,55000,56000
51a2fc3c8f7e92592e5032e7ed14e956ea9eccf9,2820.00,113.51,11.357560097,56000,55000
51a2fc3c8f7e92592e5032e7ed14e956ea9eccf9,2744.25,109.86,11.054099746,56000,55000
51a2fc3c8f7e92592e5032e7ed14e956ea9eccf9,2777.02,111.46,11.199270490,56000,56000
51a2fc3c8f7e92592e5032e7ed14e956ea9eccf9,2798.71,112.79,11.267381811,56000,56000
51a2fc3c8f7e92592e5032e7ed14e956ea9eccf9,2811.74,112.80,11.329977454,56000,55000
51a2fc3c8f7e92592e5032e7ed14e956ea9eccf9,2879.01,116.43,11.577006589,56000,56000
51a2fc3c8f7e92592e5032e7ed14e956ea9eccf9,2765.55,110.65,11.132148493,54000,55000
51a2fc3c8f7e92592e5032e7ed14e956ea9eccf9,2754.26,110.41,11.094221824,55000,55000
51a2fc3c8f7e92592e5032e7ed14e956ea9eccf9,2813.80,113.67,11.323104904,55000,56000
51a2fc3c8f7e92592e5032e7ed14e956ea9eccf9,2803.06,113.34,11.284441114,55000,55000
51a2fc3c8f7e92592e5032e7ed14e956ea9eccf9,2788.92,112.45,11.240390094,56000,56000
51a2fc3c8f7e92592e5032e7ed14e956ea9eccf9,2767.80,111.05,11.137510781,56000,56000
51a2fc3c8f7e92592e5032e7ed14e956ea9eccf9,2832.23,113.84,11.394838624,56000,55000
dbc40c872ad90f679d28194902096893269bdbdd,2818.84,113.99,11.315586381,55000,56000
dbc40c872ad90f679d28194902096893269bdbdd,2774.46,111.32,11.161320341,56000,56000
dbc40c872ad90f679d28194902096893269bdbdd,2849.81,114.66,11.479372144,56000,56000
dbc40c872ad90f679d28194902096893269bdbdd,2837.45,114.12,11.414265009,56000,55000
dbc40c872ad90f679d28194902096893269bdbdd,2785.89,112.07,11.200623349,56000,55000
dbc40c872ad90f679d28194902096893269bdbdd,2739.36,110.27,11.046411617,55000,56000
dbc40c872ad90f679d28194902096893269bdbdd,2805.98,113.34,11.279150474,56000,56000
dbc40c872ad90f679d28194902096893269bdbdd,2850.06,114.68,11.488715552,56000,56000
dbc40c872ad90f679d28194902096893269bdbdd,2877.09,115.61,11.596109871,55000,56000
dbc40c872ad90f679d28194902096893269bdbdd,2819.75,113.62,11.353265392,55000,56000
dbc40c872ad90f679d28194902096893269bdbdd,2852.26,115.22,11.462750186,56000,55000
dbc40c872ad90f679d28194902096893269bdbdd,2865.17,115.41,11.543481670,56000,56000
dbc40c872ad90f679d28194902096893269bdbdd,2832.70,114.62,11.406290456,56000,55000
dbc40c872ad90f679d28194902096893269bdbdd,2832.37,114.13,11.409461934,55000,56000
dbc40c872ad90f679d28194902096893269bdbdd,2789.07,112.59,11.223916604,56000,54000
dbc40c872ad90f679d28194902096893269bdbdd,2844.44,114.51,11.457250154,56000,56000
dbc40c872ad90f679d28194902096893269bdbdd,2754.99,110.63,11.094201940,56000,55000
dbc40c872ad90f679d28194902096893269bdbdd,2806.80,113.05,11.295759077,55000,56000
dbc40c872ad90f679d28194902096893269bdbdd,2812.27,113.17,11.323362413,56000,56000
dbc40c872ad90f679d28194902096893269bdbdd,2794.93,112.16,11.255816694,56000,56000
dbc40c872ad90f679d28194902096893269bdbdd,2847.75,114.96,11.465225133,56000,56000
dbc40c872ad90f679d28194902096893269bdbdd,2827.38,113.98,11.396363729,56000,55000
dbc40c872ad90f679d28194902096893269bdbdd,2770.07,112.14,11.153262612,56000,55000
dbc40c872ad90f679d28194902096893269bdbdd,2879.06,115.97,11.574241313,54000,55000
dbc40c872ad90f679d28194902096893269bdbdd,2786.68,112.67,11.191681989,55000,54000
dbc40c872ad90f679d28194902096893269bdbdd,2851.73,114.56,11.482290605,55000,55000
dbc40c872ad90f679d28194902096893269bdbdd,2823.03,113.98,11.360065940,55000,56000
dbc40c872ad90f679d28194902096893269bdbdd,2748.91,110.39,11.083079872,56000,56000
dbc40c872ad90f679d28194902096893269bdbdd,2813.39,113.18,11.337558543,56000,56000
dbc40c872ad90f679d28194902096893269bdbdd,2848.87,114.89,11.457150906,56000,56000
f9f8ac8262caa908da98168b321e450ef79415d0,2827.49,114.01,11.368958749,56000,56000
f9f8ac8262caa908da98168b321e450ef79415d0,2795.62,112.53,11.244153219,56000,56000
f9f8ac8262caa908da98168b321e450ef79415d0,2843.10,114.59,11.420543098,56000,56000
f9f8ac8262caa908da98168b321e450ef79415d0,2805.61,112.59,11.272114974,55000,56000
f9f8ac8262caa908da98168b321e450ef79415d0,2791.64,112.26,11.233788659,56000,56000
f9f8ac8262caa908da98168b321e450ef79415d0,2828.97,113.77,11.395102541,55000,56000
f9f8ac8262caa908da98168b321e450ef79415d0,2821.64,113.32,11.348884473,56000,56000
f9f8ac8262caa908da98168b321e450ef79415d0,2887.36,116.53,11.626759658,55000,55000
f9f8ac8262caa908da98168b321e450ef79415d0,2737.20,110.19,11.020005353,55000,56000
f9f8ac8262caa908da98168b321e450ef79415d0,2847.00,114.97,11.455130321,56000,56000
f9f8ac8262caa908da98168b321e450ef79415d0,2846.76,114.55,11.475448091,56000,56000
f9f8ac8262caa908da98168b321e450ef79415d0,2925.47,118.34,11.776143985,56000,55000
f9f8ac8262caa908da98168b321e450ef79415d0,2800.68,112.22,11.277439316,55000,55000
f9f8ac8262caa908da98168b321e450ef79415d0,2809.39,113.14,11.304252973,56000,55000
f9f8ac8262caa908da98168b321e450ef79415d0,2815.07,112.97,11.359003364,56000,56000
f9f8ac8262caa908da98168b321e450ef79415d0,2788.61,112.35,11.225928933,56000,56000
f9f8ac8262caa908da98168b321e450ef79415d0,2738.03,109.35,11.027234196,55000,56000
f9f8ac8262caa908da98168b321e450ef79415d0,2873.02,115.54,11.551164831,56000,56000
f9f8ac8262caa908da98168b321e450ef79415d0,2880.48,116.13,11.615680714,55000,56000
f9f8ac8262caa908da98168b321e450ef79415d0,2819.78,113.31,11.347228093,56000,56000
f9f8ac8262caa908da98168b321e450ef79415d0,2835.72,113.81,11.432699282,56000,55000
f9f8ac8262caa908da98168b321e450ef79415d0,2851.85,115.02,11.500436165,56000,56000
f9f8ac8262caa908da98168b321e450ef79415d0,2719.32,108.50,10.957431213,55000,56000
f9f8ac8262caa908da98168b321e450ef79415d0,2762.02,111.09,11.135704289,56000,55000
f9f8ac8262caa908da98168b321e450ef79415d0,2836.74,114.29,11.415163868,56000,56000
f9f8ac8262caa908da98168b321e450ef79415d0,2809.48,112.93,11.308274169,56000,55000
f9f8ac8262caa908da98168b321e450ef79415d0,2774.46,111.36,11.161866120,56000,55000
f9f8ac8262caa908da98168b321e450ef79415d0,2814.40,112.76,11.350249390,54000,55000
f9f8ac8262caa908da98168b321e450ef79415d0,2791.84,112.04,11.255257153,54000,54000
f9f8ac8262caa908da98168b321e450ef79415d0,2799.07,112.45,11.260780876,54000,55000
754aba0a2ceaf506d755714e971d8a114f6d3a4f,2803.27,112.90,11.293989117,56000,56000
754aba0a2ceaf506d755714e971d8a114f6d3a4f,2834.60,114.13,11.394579021,55000,56000
754aba0a2ceaf506d755714e971d8a114f6d3a4f,2785.84,111.59,11.210755217,56000,56000
754aba0a2ceaf506d755714e971d8a114f6d3a4f,2808.47,113.08,11.305641333,56000,56000
754aba0a2ceaf506d755714e971d8a114f6d3a4f,2801.52,112.73,11.284435854,56000,54000
754aba0a2ceaf506d755714e971d8a114f6d3a4f,2836.10,113.98,11.425711570,56000,55000
754aba0a2ceaf506d755714e971d8a114f6d3a4f,2749.99,110.47,11.069900356,55000,55000
754aba0a2ceaf506d755714e971d8a114f6d3a4f,2799.79,112.15,11.262838243,55000,55000
754aba0a2ceaf506d755714e971d8a114f6d3a4f,2809.29,112.89,11.288792596,56000,56000
754aba0a2ceaf506d755714e971d8a114f6d3a4f,2838.41,113.93,11.427431346,56000,55000
754aba0a2ceaf506d755714e971d8a114f6d3a4f,2780.88,111.49,11.179257677,56000,56000
754aba0a2ceaf506d755714e971d8a114f6d3a4f,2733.90,109.55,11.015302854,56000,56000
754aba0a2ceaf506d755714e971d8a114f6d3a4f,2805.06,112.96,11.295474972,56000,56000
754aba0a2ceaf506d755714e971d8a114f6d3a4f,2774.02,111.35,11.167874916,56000,54000
754aba0a2ceaf506d755714e971d8a114f6d3a4f,2756.00,111.59,11.105374746,56000,55000
754aba0a2ceaf506d755714e971d8a114f6d3a4f,2829.79,113.92,11.396503941,55000,55000
754aba0a2ceaf506d755714e971d8a114f6d3a4f,2859.55,115.30,11.485134531,54000,54000
754aba0a2ceaf506d755714e971d8a114f6d3a4f,2834.49,114.83,11.387648480,56000,55000
754aba0a2ceaf506d755714e971d8a114f6d3a4f,2895.46,116.76,11.650092643,55000,55000
754aba0a2ceaf506d755714e971d8a114f6d3a4f,2859.97,115.04,11.517224531,55000,55000
754aba0a2ceaf506d755714e971d8a114f6d3a4f,2792.10,112.25,11.250452583,55000,56000
754aba0a2ceaf506d755714e971d8a114f6d3a4f,2877.32,115.75,11.596281498,56000,56000
754aba0a2ceaf506d755714e971d8a114f6d3a4f,2787.01,111.91,11.230931516,55000,55000
754aba0a2ceaf506d755714e971d8a114f6d3a4f,2871.98,115.91,11.553556519,55000,56000
754aba0a2ceaf506d755714e971d8a114f6d3a4f,2835.33,114.06,11.417815206,55000,56000
754aba0a2ceaf506d755714e971d8a114f6d3a4f,2862.38,115.31,11.516113232,56000,56000
754aba0a2ceaf506d755714e971d8a114f6d3a4f,2772.48,110.99,11.175555685,56000,56000
754aba0a2ceaf506d755714e971d8a114f6d3a4f,2798.22,112.20,11.255383274,56000,54000
754aba0a2ceaf506d755714e971d8a114f6d3a4f,2765.37,110.98,11.125891513,56000,56000
754aba0a2ceaf506d755714e971d8a114f6d3a4f,2846.84,114.85,11.457037472,54000,56000
7eed860c52b3d034b08336a5d5d8a2f10b83e41c,2820.37,113.62,11.341419829,56000,56000
7eed860c52b3d034b08336a5d5d8a2f10b83e41c,2752.52,110.16,11.065701149,55000,55000
7eed860c52b3d034b08336a5d5d8a2f10b83e41c,2809.41,113.13,11.298674091,56000,56000
7eed860c52b3d034b08336a5d5d8a2f10b83e41c,2822.64,113.40,11.348917896,56000,56000
7eed860c52b3d034b08336a5d5d8a2f10b83e41c,2829.21,114.08,11.374218140,56000,56000
7eed860c52b3d034b08336a5d5d8a2f10b83e41c,2792.77,112.23,11.229394240,55000,56000
7eed860c52b3d034b08336a5d5d8a2f10b83e41c,2836.47,114.52,11.416733497,55000,55000
7eed860c52b3d034b08336a5d5d8a2f10b83e41c,2788.83,111.99,11.212540331,54000,56000
7eed860c52b3d034b08336a5d5d8a2f10b83e41c,2858.71,114.91,11.518385712,55000,55000
7eed860c52b3d034b08336a5d5d8a2f10b83e41c,2836.66,114.30,11.434522213,56000,56000
7eed860c52b3d034b08336a5d5d8a2f10b83e41c,2760.91,110.91,11.105000483,56000,55000
7eed860c52b3d034b08336a5d5d8a2f10b83e41c,2832.42,113.62,11.425459829,56000,56000
7eed860c52b3d034b08336a5d5d8a2f10b83e41c,2818.76,113.10,11.355941146,55000,56000
7eed860c52b3d034b08336a5d5d8a2f10b83e41c,2790.07,111.83,11.242922288,56000,55000
7eed860c52b3d034b08336a5d5d8a2f10b83e41c,2791.78,112.26,11.255838023,56000,56000
7eed860c52b3d034b08336a5d5d8a2f10b83e41c,2817.24,113.59,11.333695685,55000,55000
7eed860c52b3d034b08336a5d5d8a2f10b83e41c,2775.21,111.28,11.185974373,55000,55000
7eed860c52b3d034b08336a5d5d8a2f10b83e41c,2798.16,112.02,11.276865067,55000,55000
7eed860c52b3d034b08336a5d5d8a2f10b83e41c,2870.27,115.87,11.566783868,54000,54000
7eed860c52b3d034b08336a5d5d8a2f10b83e41c,2803.22,112.59,11.275230232,56000,55000
7eed860c52b3d034b08336a5d5d8a2f10b83e41c,2721.72,109.30,10.959861390,56000,56000
7eed860c52b3d034b08336a5d5d8a2f10b83e41c,2836.54,113.98,11.435526428,56000,56000
7eed860c52b3d034b08336a5d5d8a2f10b83e41c,2806.18,113.03,11.307335343,55000,56000
7eed860c52b3d034b08336a5d5d8a2f10b83e41c,2855.79,115.39,11.502743082,55000,55000
7eed860c52b3d034b08336a5d5d8a2f10b83e41c,2781.20,111.58,11.222240234,55000,55000
7eed860c52b3d034b08336a5d5d8a2f10b83e41c,2831.22,114.12,11.399802546,54000,56000
7eed860c52b3d034b08336a5d5d8a2f10b83e41c,2760.29,111.14,11.113238112,56000,55000
7eed860c52b3d034b08336a5d5d8a2f10b83e41c,2829.64,113.98,11.395686770,56000,55000
7eed860c52b3d034b08336a5d5d8a2f10b83e41c,2803.53,112.13,11.298457226,55000,56000
7eed860c52b3d034b08336a5d5d8a2f10b83e41c,2778.28,111.34,11.210407402,56000,55000
b9ece8884c03c9ec60a8315fef993ea55d4cbed0,2829.82,114.53,11.363770774,55000,56000
b9ece8884c03c9ec60a8315fef993ea55d4cbed0,2762.04,111.25,11.090265660,56000,56000
b9ece8884c03c9ec60a8315fef993ea55d4cbed0,2780.60,111.62,11.165537278,55000,56000
b9ece8884c03c9ec60a8315fef993ea55d4cbed0,2812.22,113.60,11.308951640,56000,56000
b9ece8884c03c9ec60a8315fef993ea55d4cbed0,2790.89,111.98,11.226930139,56000,56000
b9ece8884c03c9ec60a8315fef993ea55d4cbed0,2843.77,114.47,11.462087010,55000,56000
b9ece8884c03c9ec60a8315fef993ea55d4cbed0,2741.99,110.23,11.030648925,56000,56000
b9ece8884c03c9ec60a8315fef993ea55d4cbed0,2804.82,113.03,11.291901969,55000,56000
b9ece8884c03c9ec60a8315fef993ea55d4cbed0,2836.62,114.43,11.402719631,56000,56000
b9ece8884c03c9ec60a8315fef993ea55d4cbed0,2796.55,111.88,11.279119218,55000,56000
b9ece8884c03c9ec60a8315fef993ea55d4cbed0,2790.32,112.20,11.232237591,56000,55000
b9ece8884c03c9ec60a8315fef993ea55d4cbed0,2844.89,114.49,11.464307541,55000,55000
b9ece8884c03c9ec60a8315fef993ea55d4cbed0,2806.96,113.14,11.295366121,56000,55000
b9ece8884c03c9ec60a8315fef993ea55d4cbed0,2807.62,112.81,11.318175085,55000,55000
b9ece8884c03c9ec60a8315fef993ea55d4cbed0,2776.12,111.27,11.186689978,56000,56000
b9ece8884c03c9ec60a8315fef993ea55d4cbed0,2827.72,114.28,11.383725268,56000,56000
b9ece8884c03c9ec60a8315fef993ea55d4cbed0,2821.52,113.33,11.360870930,55000,56000
b9ece8884c03c9ec60a8315fef993ea55d4cbed0,2822.37,113.64,11.373509071,55000,55000
b9ece8884c03c9ec60a8315fef993ea55d4cbed0,2822.65,114.05,11.335282139,55000,55000
b9ece8884c03c9ec60a8315fef993ea55d4cbed0,2791.12,112.22,11.236920968,54000,56000
b9ece8884c03c9ec60a8315fef993ea55d4cbed0,2803.83,113.26,11.298515463,55000,55000
b9ece8884c03c9ec60a8315fef993ea55d4cbed0,2825.32,113.15,11.373918412,55000,56000
b9ece8884c03c9ec60a8315fef993ea55d4cbed0,2801.34,112.91,11.271807296,55000,55000
b9ece8884c03c9ec60a8315fef993ea55d4cbed0,2705.74,108.27,10.897079082,55000,55000
b9ece8884c03c9ec60a8315fef993ea55d4cbed0,2788.92,112.03,11.254507859,55000,56000
b9ece8884c03c9ec60a8315fef993ea55d4cbed0,2835.38,113.99,11.417197112,55000,56000
b9ece8884c03c9ec60a8315fef993ea55d4cbed0,2888.00,116.63,11.635188101,56000,56000
b9ece8884c03c9ec60a8315fef993ea55d4cbed0,2793.16,111.71,11.254293831,55000,56000
b9ece8884c03c9ec60a8315fef993ea55d4cbed0,2768.48,111.25,11.155601168,55000,55000
b9ece8884c03c9ec60a8315fef993ea55d4cbed0,2806.93,113.82,11.279443266,55000,55000
02c75875f18f76624cdda916b229516838092e3c,2853.28,114.58,11.488207185,56000,56000
02c75875f18f76624cdda916b229516838092e3c,2850.64,114.68,11.466055121,56000,56000
02c75875f18f76624cdda916b229516838092e3c,2877.36,116.09,11.564856806,56000,56000
02c75875f18f76624cdda916b229516838092e3c,2841.96,114.04,11.437140628,56000,55000
02c75875f18f76624cdda916b229516838092e3c,2829.44,114.23,11.353310884,56000,56000
02c75875f18f76624cdda916b229516838092e3c,2852.04,115.06,11.465103509,55000,54000
02c75875f18f76624cdda916b229516838092e3c,2810.42,113.17,11.316315929,54000,55000
02c75875f18f76624cdda916b229516838092e3c,2791.73,112.73,11.247248674,56000,56000
02c75875f18f76624cdda916b229516838092e3c,2834.53,113.96,11.408514486,54000,56000
02c75875f18f76624cdda916b229516838092e3c,2823.18,113.31,11.350163885,55000,56000
02c75875f18f76624cdda916b229516838092e3c,2822.82,113.51,11.373800392,56000,55000
02c75875f18f76624cdda916b229516838092e3c,2842.06,114.56,11.470780122,55000,55000
02c75875f18f76624cdda916b229516838092e3c,2873.76,116.31,11.565729722,54000,55000
02c75875f18f76624cdda916b229516838092e3c,2839.89,114.25,11.447262079,54000,55000
02c75875f18f76624cdda916b229516838092e3c,2744.51,110.03,11.055670781,55000,55000
02c75875f18f76624cdda916b229516838092e3c,2848.86,114.99,11.461091946,55000,55000
02c75875f18f76624cdda916b229516838092e3c,2837.51,114.10,11.430262840,56000,55000
02c75875f18f76624cdda916b229516838092e3c,2786.86,111.66,11.214938401,56000,54000
02c75875f18f76624cdda916b229516838092e3c,2803.34,112.89,11.285556986,56000,55000
02c75875f18f76624cdda916b229516838092e3c,2798.68,112.29,11.283196945,56000,56000
02c75875f18f76624cdda916b229516838092e3c,2716.02,109.19,10.931178013,54000,55000
02c75875f18f76624cdda916b229516838092e3c,2820.31,114.04,11.353417991,56000,55000
02c75875f18f76624cdda916b229516838092e3c,2754.30,110.68,11.104900598,56000,55000
02c75875f18f76624cdda916b229516838092e3c,2848.87,115.49,11.460902017,56000,56000
02c75875f18f76624cdda916b229516838092e3c,2876.40,115.66,11.575737782,55000,56000
02c75875f18f76624cdda916b229516838092e3c,2852.70,115.07,11.472113709,55000,56000
02c75875f18f76624cdda916b229516838092e3c,2758.88,110.92,11.123978706,56000,55000
02c75875f18f76624cdda916b229516838092e3c,2789.21,111.81,11.237237587,55000,55000
02c75875f18f76624cdda916b229516838092e3c,2878.64,115.98,11.546012918,56000,55000
02c75875f18f76624cdda916b229516838092e3c,2855.80,115.01,11.515618916,56000,56000
e523453bedb331e726c01cfea23d3489d1bc7473,2773.75,111.27,11.179193152,55000,56000
e523453bedb331e726c01cfea23d3489d1bc7473,2859.16,115.46,11.484048530,55000,56000
e523453bedb331e726c01cfea23d3489d1bc7473,2814.73,113.73,11.298688942,56000,56000
e523453bedb331e726c01cfea23d3489d1bc7473,2799.46,112.43,11.287843819,56000,56000
e523453bedb331e726c01cfea23d3489d1bc7473,2782.40,111.49,11.205530298,56000,55000
e523453bedb331e726c01cfea23d3489d1bc7473,2824.95,113.40,11.379745345,56000,55000
e523453bedb331e726c01cfea23d3489d1bc7473,2902.79,117.16,11.669928750,55000,56000
e523453bedb331e726c01cfea23d3489d1bc7473,2823.60,113.91,11.368326456,55000,54000
e523453bedb331e726c01cfea23d3489d1bc7473,2828.30,113.57,11.372426117,56000,56000
e523453bedb331e726c01cfea23d3489d1bc7473,2872.39,115.47,11.562019235,56000,56000
e523453bedb331e726c01cfea23d3489d1bc7473,2854.58,115.16,11.508823675,56000,55000
e523453bedb331e726c01cfea23d3489d1bc7473,2801.02,112.50,11.293858409,56000,56000
e523453bedb331e726c01cfea23d3489d1bc7473,2860.12,115.27,11.504337486,56000,54000
e523453bedb331e726c01cfea23d3489d1bc7473,2809.98,113.18,11.321324132,55000,56000
e523453bedb331e726c01cfea23d3489d1bc7473,2843.74,114.41,11.436784974,56000,55000
e523453bedb331e726c01cfea23d3489d1bc7473,2754.81,110.45,11.109980868,55000,56000
e523453bedb331e726c01cfea23d3489d1bc7473,2805.14,112.79,11.289724805,56000,55000
e523453bedb331e726c01cfea23d3489d1bc7473,2773.44,111.29,11.180676938,56000,56000
e523453bedb331e726c01cfea23d3489d1bc7473,2785.50,111.86,11.226033453,56000,56000
e523453bedb331e726c01cfea23d3489d1bc7473,2837.65,113.87,11.457790366,56000,56000
e523453bedb331e726c01cfea23d3489d1bc7473,2836.61,113.59,11.451985727,56000,56000
e523453bedb331e726c01cfea23d3489d1bc7473,2803.34,112.89,11.290553805,56000,56000
e523453bedb331e726c01cfea23d3489d1bc7473,2763.75,111.25,11.109967448,56000,55000
e523453bedb331e726c01cfea23d3489d1bc7473,2808.26,112.75,11.317890138,55000,55000
e523453bedb331e726c01cfea23d3489d1bc7473,2841.55,114.12,11.446526421,56000,56000
e523453bedb331e726c01cfea23d3489d1bc7473,2716.05,109.25,10.939150009,56000,55000
e523453bedb331e726c01cfea23d3489d1bc7473,2801.61,112.63,11.306453011,55000,55000
e523453bedb331e726c01cfea23d3489d1bc7473,2763.47,110.54,11.141763053,56000,55000
e523453bedb331e726c01cfea23d3489d1bc7473,2790.34,112.13,11.235992645,55000,55000
e523453bedb331e726c01cfea23d3489d1bc7473,2852.81,114.72,11.475211047,54000,55000
46839873701ed289a36d07b6e0bbbaa7612ccc64,2825.83,113.37,11.368145347,56000,55000
46839873701ed289a36d07b6e0bbbaa7612ccc64,2810.71,113.66,11.268047661,55000,56000
46839873701ed289a36d07b6e0bbbaa7612ccc64,2838.37,113.67,11.421773558,56000,55000
46839873701ed289a36d07b6e0bbbaa7612ccc64,2810.57,113.05,11.324803932,56000,55000
46839873701ed289a36d07b6e0bbbaa7612ccc64,2814.04,112.70,11.340194474,56000,56000
46839873701ed289a36d07b6e0bbbaa7612ccc64,2866.49,115.68,11.554489617,55000,54000
46839873701ed289a36d07b6e0bbbaa7612ccc64,2805.00,112.44,11.312978171,55000,56000
46839873701ed289a36d07b6e0bbbaa7612ccc64,2822.79,113.60,11.335716521,56000,55000
46839873701ed289a36d07b6e0bbbaa7612ccc64,2819.01,113.10,11.338113083,56000,56000
46839873701ed289a36d07b6e0bbbaa7612ccc64,2831.74,113.75,11.414652221,55000,55000
46839873701ed289a36d07b6e0bbbaa7612ccc64,2843.42,114.20,11.477835637,55000,56000
46839873701ed289a36d07b6e0bbbaa7612ccc64,2848.00,115.21,11.463552321,55000,55000
46839873701ed289a36d07b6e0bbbaa7612ccc64,2839.91,113.91,11.441201878,55000,56000
46839873701ed289a36d07b6e0bbbaa7612ccc64,2823.96,113.41,11.388309097,55000,56000
46839873701ed289a36d07b6e0bbbaa7612ccc64,2815.48,113.07,11.348585294,55000,54000
46839873701ed289a36d07b6e0bbbaa7612ccc64,2767.45,110.58,11.158512380,55000,56000
46839873701ed289a36d07b6e0bbbaa7612ccc64,2863.78,115.54,11.517171930,56000,56000
46839873701ed289a36d07b6e0bbbaa7612ccc64,2806.90,112.91,11.308706749,56000,56000
46839873701ed289a36d07b6e0bbbaa7612ccc64,2785.43,111.87,11.212916417,56000,56000
46839873701ed289a36d07b6e0bbbaa7612ccc64,2776.45,111.35,11.182316448,56000,55000
46839873701ed289a36d07b6e0bbbaa7612ccc64,2833.54,114.60,11.390106923,55000,56000
46839873701ed289a36d07b6e0bbbaa7612ccc64,2789.42,112.05,11.226763614,55000,56000
46839873701ed289a36d07b6e0bbbaa7612ccc64,2851.50,114.71,11.485722340,54000,55000
46839873701ed289a36d07b6e0bbbaa7612ccc64,2853.70,114.81,11.477441724,56000,56000
46839873701ed289a36d07b6e0bbbaa7612ccc64,2835.74,114.18,11.444676229,56000,56000
46839873701ed289a36d07b6e0bbbaa7612ccc64,2786.64,111.40,11.232097883,55000,56000
46839873701ed289a36d07b6e0bbbaa7612ccc64,2822.55,113.74,11.363386136,55000,55000
46839873701ed289a36d07b6e0bbbaa7612ccc64,2785.36,111.34,11.226754830,55000,55000
46839873701ed289a36d07b6e0bbbaa7612ccc64,2862.38,115.00,11.522786041,56000,56000
46839873701ed289a36d07b6e0bbbaa7612ccc64,2800.01,112.50,11.287287972,54000,55000
4a8f0eca16928cafdb5bd72a2d599229f636091a,2856.42,115.08,11.470767058,56000,56000
4a8f0eca16928cafdb5bd72a2d599229f636091a,2841.42,114.97,11.429375006,56000,55000
4a8f0eca16928cafdb5bd72a2d599229f636091a,2797.25,112.29,11.269900295,56000,55000
4a8f0eca16928cafdb5bd72a2d599229f636091a,2772.29,111.60,11.175766666,55000,56000
4a8f0eca16928cafdb5bd72a2d599229f636091a,2821.31,113.46,11.376037763,55000,56000
4a8f0eca16928cafdb5bd72a2d599229f636091a,2837.26,114.27,11.428392119,55000,54000
4a8f0eca16928cafdb5bd72a2d599229f636091a,2856.74,114.62,11.494450984,55000,56000
4a8f0eca16928cafdb5bd72a2d599229f636091a,2886.38,116.36,11.611667541,56000,55000
4a8f0eca16928cafdb5bd72a2d599229f636091a,2843.17,114.46,11.445864049,56000,56000
4a8f0eca16928cafdb5bd72a2d599229f636091a,2773.29,111.36,11.159783600,55000,55000
4a8f0eca16928cafdb5bd72a2d599229f636091a,2819.07,113.21,11.338872212,55000,56000
4a8f0eca16928cafdb5bd72a2d599229f636091a,2923.78,117.59,11.791449049,55000,55000
4a8f0eca16928cafdb5bd72a2d599229f636091a,2787.21,112.19,11.224421794,55000,56000
4a8f0eca16928cafdb5bd72a2d599229f636091a,2833.22,113.68,11.430260326,56000,55000
4a8f0eca16928cafdb5bd72a2d599229f636091a,2873.02,115.95,11.584321519,56000,55000
4a8f0eca16928cafdb5bd72a2d599229f636091a,2863.05,115.55,11.525373657,55000,54000
4a8f0eca16928cafdb5bd72a2d599229f636091a,2797.68,112.43,11.279101209,56000,56000
4a8f0eca16928cafdb5bd72a2d599229f636091a,2871.26,115.39,11.555566865,56000,55000
4a8f0eca16928cafdb5bd72a2d599229f636091a,2883.16,115.77,11.627329180,56000,56000
4a8f0eca16928cafdb5bd72a2d599229f636091a,2876.83,115.93,11.591896532,55000,56000
4a8f0eca16928cafdb5bd72a2d599229f636091a,2862.38,115.48,11.535889829,56000,56000
4a8f0eca16928cafdb5bd72a2d599229f636091a,2830.10,113.60,11.388282763,56000,55000
4a8f0eca16928cafdb5bd72a2d599229f636091a,2826.45,113.85,11.390449468,56000,55000
4a8f0eca16928cafdb5bd72a2d599229f636091a,2852.94,114.71,11.505079236,56000,56000
4a8f0eca16928cafdb5bd72a2d599229f636091a,2796.42,112.48,11.257537027,56000,55000
4a8f0eca16928cafdb5bd72a2d599229f636091a,2837.78,114.55,11.427065975,56000,55000
4a8f0eca16928cafdb5bd72a2d599229f636091a,2784.00,111.84,11.195420808,55000,56000
4a8f0eca16928cafdb5bd72a2d599229f636091a,2895.33,116.41,11.669125338,56000,55000
4a8f0eca16928cafdb5bd72a2d599229f636091a,2886.29,116.15,11.618741546,55000,55000
4a8f0eca16928cafdb5bd72a2d599229f636091a,2875.83,115.98,11.575597469,55000,56000
09933789397f89de40e6b28937654043d3a38a0d,2810.23,112.70,11.311907375,56000,55000
09933789397f89de40e6b28937654043d3a38a0d,2770.18,110.72,11.122193528,55000,56000
09933789397f89de40e6b28937654043d3a38a0d,2861.77,115.51,11.515391014,56000,55000
09933789397f89de40e6b28937654043d3a38a0d,2863.02,115.51,11.506385120,56000,56000
09933789397f89de40e6b28937654043d3a38a0d,2818.88,113.01,11.333989350,56000,56000
09933789397f89de40e6b28937654043d3a38a0d,2876.45,115.80,11.586936644,56000,56000
09933789397f89de40e6b28937654043d3a38a0d,2816.15,113.59,11.322615687,55000,56000
09933789397f89de40e6b28937654043d3a38a0d,2838.45,114.44,11.427348762,55000,55000
09933789397f89de40e6b28937654043d3a38a0d,2789.13,112.24,11.250125843,55000,56000
09933789397f89de40e6b28937654043d3a38a0d,2763.06,111.13,11.108788391,55000,55000
09933789397f89de40e6b28937654043d3a38a0d,2821.26,113.33,11.371109029,56000,55000
09933789397f89de40e6b28937654043d3a38a0d,2788.04,111.60,11.224375279,56000,56000
09933789397f89de40e6b28937654043d3a38a0d,2833.04,114.12,11.382307410,55000,55000
09933789397f89de40e6b28937654043d3a38a0d,2861.98,115.52,11.544733336,55000,56000
09933789397f89de40e6b28937654043d3a38a0d,2811.63,113.09,11.324847111,56000,56000
09933789397f89de40e6b28937654043d3a38a0d,2782.22,111.47,11.219436542,54000,56000
09933789397f89de40e6b28937654043d3a38a0d,2849.49,114.69,11.479036182,55000,55000
09933789397f89de40e6b28937654043d3a38a0d,2779.12,111.71,11.194436337,55000,55000
09933789397f89de40e6b28937654043d3a38a0d,2764.05,110.36,11.143959568,56000,55000
09933789397f89de40e6b28937654043d3a38a0d,2876.86,116.06,11.598470800,56000,55000
09933789397f89de40e6b28937654043d3a38a0d,2826.05,113.66,11.385422110,55000,55000
09933789397f89de40e6b28937654043d3a38a0d,2795.38,112.41,11.265130714,56000,56000
09933789397f89de40e6b28937654043d3a38a0d,2819.51,113.15,11.364946916,56000,55000
09933789397f89de40e6b28937654043d3a38a0d,2806.40,112.37,11.300821592,56000,56000
09933789397f89de40e6b28937654043d3a38a0d,2847.43,114.13,11.469389380,55000,56000
09933789397f89de40e6b28937654043d3a38a0d,2798.22,112.80,11.241631059,56000,56000
09933789397f89de40e6b28937654043d3a38a0d,2824.95,113.77,11.366670085,55000,55000
09933789397f89de40e6b28937654043d3a38a0d,2848.38,114.15,11.482021753,56000,56000
09933789397f89de40e6b28937654043d3a38a0d,2748.89,109.74,11.073025353,55000,54000
09933789397f89de40e6b28937654043d3a38a0d,2790.57,112.19,11.241318725,55000,55000
ff9fde8e2f2c33d2a780751fbf9a4d1992bde764,2839.62,114.66,11.419218404,56000,56000
ff9fde8e2f2c33d2a780751fbf9a4d1992bde764,2792.54,112.05,11.245145973,56000,56000
ff9fde8e2f2c33d2a780751fbf9a4d1992bde764,2693.43,108.21,10.839792708,55000,56000
ff9fde8e2f2c33d2a780751fbf9a4d1992bde764,2863.80,115.70,11.492622314,56000,56000
ff9fde8e2f2c33d2a780751fbf9a4d1992bde764,2789.94,112.10,11.229856161,56000,56000
ff9fde8e2f2c33d2a780751fbf9a4d1992bde764,2883.15,116.43,11.633905480,54000,56000
ff9fde8e2f2c33d2a780751fbf9a4d1992bde764,2780.87,111.49,11.201579383,56000,55000
ff9fde8e2f2c33d2a780751fbf9a4d1992bde764,2819.23,113.28,11.364649701,55000,56000
ff9fde8e2f2c33d2a780751fbf9a4d1992bde764,2842.39,114.78,11.437118425,56000,56000
ff9fde8e2f2c33d2a780751fbf9a4d1992bde764,2867.25,115.54,11.540918042,55000,55000
ff9fde8e2f2c33d2a780751fbf9a4d1992bde764,2759.16,110.66,11.098367057,55000,55000
ff9fde8e2f2c33d2a780751fbf9a4d1992bde764,2833.96,113.63,11.415539726,56000,56000
ff9fde8e2f2c33d2a780751fbf9a4d1992bde764,2832.80,114.05,11.425705736,56000,56000
ff9fde8e2f2c33d2a780751fbf9a4d1992bde764,2845.95,114.45,11.452995124,55000,56000
ff9fde8e2f2c33d2a780751fbf9a4d1992bde764,2843.32,114.29,11.425807633,56000,55000
ff9fde8e2f2c33d2a780751fbf9a4d1992bde764,2766.01,111.05,11.133577610,56000,56000
ff9fde8e2f2c33d2a780751fbf9a4d1992bde764,2797.20,112.74,11.274719769,56000,56000
ff9fde8e2f2c33d2a780751fbf9a4d1992bde764,2792.99,112.26,11.259250245,55000,56000
ff9fde8e2f2c33d2a780751fbf9a4d1992bde764,2880.15,116.38,11.599370372,55000,55000
ff9fde8e2f2c33d2a780751fbf9a4d1992bde764,2794.92,112.89,11.224232456,55000,54000
ff9fde8e2f2c33d2a780751fbf9a4d1992bde764,2743.06,110.10,11.042368583,55000,56000
ff9fde8e2f2c33d2a780751fbf9a4d1992bde764,2863.55,115.18,11.531709574,56000,55000
ff9fde8e2f2c33d2a780751fbf9a4d1992bde764,2858.73,115.30,11.526463004,55000,55000
ff9fde8e2f2c33d2a780751fbf9a4d1992bde764,2809.49,112.83,11.320176915,56000,54000
ff9fde8e2f2c33d2a780751fbf9a4d1992bde764,2853.48,114.67,11.507965062,55000,55000
ff9fde8e2f2c33d2a780751fbf9a4d1992bde764,2826.43,113.64,11.388537301,56000,56000
ff9fde8e2f2c33d2a780751fbf9a4d1992bde764,2906.20,117.17,11.701880839,55000,55000
ff9fde8e2f2c33d2a780751fbf9a4d1992bde764,2822.70,113.51,11.379098617,56000,56000
ff9fde8e2f2c33d2a780751fbf9a4d1992bde764,2841.91,114.32,11.439902033,56000,55000
ff9fde8e2f2c33d2a780751fbf9a4d1992bde764,2868.94,115.08,11.564338669,55000,56000
9ff32e6459e845683e180d290320d1b87bb44acd,2852.70,115.07,11.493157666,56000,56000
9ff32e6459e845683e180d290320d1b87bb44acd,2826.06,113.78,11.367589615,55000,56000
9ff32e6459e845683e180d290320d1b87bb44acd,2844.67,114.43,11.433493976,56000,55000
9ff32e6459e845683e180d290320d1b87bb44acd,2809.87,112.57,11.289450796,55000,55000
9ff32e6459e845683e180d290320d1b87bb44acd,2835.09,114.27,11.405304644,56000,56000
9ff32e6459e845683e180d290320d1b87bb44acd,2773.24,111.01,11.145314211,56000,56000
9ff32e6459e845683e180d290320d1b87bb44acd,2850.12,114.78,11.482774712,56000,56000
9ff32e6459e845683e180d290320d1b87bb44acd,2846.08,114.60,11.456516711,55000,55000
9ff32e6459e845683e180d290320d1b87bb44acd,2781.83,111.71,11.192122714,56000,55000
9ff32e6459e845683e180d290320d1b87bb44acd,2834.60,113.97,11.415198778,55000,56000
9ff32e6459e845683e180d290320d1b87bb44acd,2814.74,112.71,11.357802376,55000,55000
9ff32e6459e845683e180d290320d1b87bb44acd,2718.05,108.72,10.944994156,56000,55000
9ff32e6459e845683e180d290320d1b87bb44acd,2815.30,113.14,11.337382872,55000,55000
9ff32e6459e845683e180d290320d1b87bb44acd,2851.35,115.01,11.459809869,55000,55000
9ff32e6459e845683e180d290320d1b87bb44acd,2805.58,112.80,11.314336874,56000,55000
9ff32e6459e845683e180d290320d1b87bb44acd,2840.86,114.40,11.449901131,56000,56000
9ff32e6459e845683e180d290320d1b87bb44acd,2844.86,114.82,11.445966459,56000,55000
9ff32e6459e845683e180d290320d1b87bb44acd,2847.37,114.94,11.484880614,56000,56000
9ff32e6459e845683e180d290320d1b87bb44acd,2817.75,113.68,11.375136223,56000,56000
9ff32e6459e845683e180d290320d1b87bb44acd,2851.33,114.56,11.495124945,55000,55000
9ff32e6459e845683e180d290320d1b87bb44acd,2852.13,114.74,11.471688033,55000,55000
9ff32e6459e845683e180d290320d1b87bb44acd,2852.70,114.74,11.496564346,55000,56000
9ff32e6459e845683e180d290320d1b87bb44acd,2747.12,110.00,11.053796942,56000,56000
9ff32e6459e845683e180d290320d1b87bb44acd,2856.69,115.02,11.484556606,55000,55000
9ff32e6459e845683e180d290320d1b87bb44acd,2820.03,113.40,11.345687624,56000,55000
9ff32e6459e845683e180d290320d1b87bb44acd,2844.56,114.81,11.452633232,56000,56000
9ff32e6459e845683e180d290320d1b87bb44acd,2760.10,110.93,11.113107317,54000,56000
9ff32e6459e845683e180d290320d1b87bb44acd,2809.28,112.85,11.289221463,55000,55000
9ff32e6459e845683e180d290320d1b87bb44acd,2856.49,115.08,11.495192410,55000,55000
9ff32e6459e845683e180d290320d1b87bb44acd,2876.75,115.68,11.606753874,56000,56000
ab487be4d213294859d963ec3dfdb976c4ce49c9,2802.05,112.83,11.296629426,56000,56000
ab487be4d213294859d963ec3dfdb976c4ce49c9,2812.81,113.19,11.355357364,55000,55000
ab487be4d213294859d963ec3dfdb976c4ce49c9,2841.29,114.40,11.429230683,56000,56000
ab487be4d213294859d963ec3dfdb976c4ce49c9,2888.65,116.04,11.637969353,56000,56000
ab487be4d213294859d963ec3dfdb976c4ce49c9,2805.21,112.93,11.296417975,56000,55000
ab487be4d213294859d963ec3dfdb976c4ce49c9,2823.88,113.48,11.377467630,56000,56000
ab487be4d213294859d963ec3dfdb976c4ce49c9,2809.74,113.42,11.316011888,56000,55000
ab487be4d213294859d963ec3dfdb976c4ce49c9,2837.68,114.43,11.423880190,56000,56000
ab487be4d213294859d963ec3dfdb976c4ce49c9,2810.20,112.95,11.319972626,55000,55000
ab487be4d213294859d963ec3dfdb976c4ce49c9,2812.82,112.80,11.334215567,56000,56000
ab487be4d213294859d963ec3dfdb976c4ce49c9,2791.80,112.13,11.253162732,56000,55000
ab487be4d213294859d963ec3dfdb976c4ce49c9,2814.34,113.37,11.360498760,56000,55000
ab487be4d213294859d963ec3dfdb976c4ce49c9,2833.92,114.47,11.405456398,56000,56000
ab487be4d213294859d963ec3dfdb976c4ce49c9,2785.52,111.95,11.233054266,55000,55000
ab487be4d213294859d963ec3dfdb976c4ce49c9,2755.50,111.07,11.088926497,55000,54000
ab487be4d213294859d963ec3dfdb976c4ce49c9,2798.04,112.18,11.278731705,55000,55000
ab487be4d213294859d963ec3dfdb976c4ce49c9,2858.05,115.57,11.501432827,55000,56000
ab487be4d213294859d963ec3dfdb976c4ce49c9,2828.85,114.03,11.360413314,56000,55000
ab487be4d213294859d963ec3dfdb976c4ce49c9,2823.17,113.13,11.374711070,56000,55000
ab487be4d213294859d963ec3dfdb976c4ce49c9,2762.40,110.60,11.133315301,55000,55000
ab487be4d213294859d963ec3dfdb976c4ce49c9,2848.60,114.73,11.485393848,56000,56000
ab487be4d213294859d963ec3dfdb976c4ce49c9,2798.42,113.05,11.260205937,55000,55000
ab487be4d213294859d963ec3dfdb976c4ce49c9,2795.53,112.27,11.281151011,56000,56000
ab487be4d213294859d963ec3dfdb976c4ce49c9,2811.20,113.08,11.356380743,56000,56000
ab487be4d213294859d963ec3dfdb976c4ce49c9,2765.13,111.07,11.156639793,56000,56000
ab487be4d213294859d963ec3dfdb976c4ce49c9,2834.31,114.22,11.403865831,55000,56000
ab487be4d213294859d963ec3dfdb976c4ce49c9,2862.51,114.96,11.530456487,55000,55000
ab487be4d213294859d963ec3dfdb976c4ce49c9,2840.80,114.10,11.421690342,55000,56000
ab487be4d213294859d963ec3dfdb976c4ce49c9,2791.89,112.35,11.260857699,55000,56000
ab487be4d213294859d963ec3dfdb976c4ce49c9,2833.54,114.35,11.405613778,56000,56000
a8641d59b6c3a5999472d8e5d7fcc4ec34e116ab,2820.04,113.20,11.366934175,56000,55000
a8641d59b6c3a5999472d8e5d7fcc4ec34e116ab,2826.94,113.72,11.375613976,56000,56000
a8641d59b6c3a5999472d8e5d7fcc4ec34e116ab,2789.88,112.08,11.212860271,56000,56000
a8641d59b6c3a5999472d8e5d7fcc4ec34e116ab,2796.13,112.32,11.256956994,56000,56000
a8641d59b6c3a5999472d8e5d7fcc4ec34e116ab,2797.41,112.22,11.252203908,55000,56000
a8641d59b6c3a5999472d8e5d7fcc4ec34e116ab,2816.38,113.52,11.355473544,56000,56000
a8641d59b6c3a5999472d8e5d7fcc4ec34e116ab,2834.48,113.83,11.433178677,56000,56000
a8641d59b6c3a5999472d8e5d7fcc4ec34e116ab,2820.73,113.65,11.366390792,56000,56000
a8641d59b6c3a5999472d8e5d7fcc4ec34e116ab,2768.83,110.76,11.163467360,55000,55000
a8641d59b6c3a5999472d8e5d7fcc4ec34e116ab,2848.24,114.73,11.461997343,55000,55000
a8641d59b6c3a5999472d8e5d7fcc4ec34e116ab,2837.59,114.15,11.433519964,55000,55000
a8641d59b6c3a5999472d8e5d7fcc4ec34e116ab,2782.59,111.50,11.213926229,55000,56000
a8641d59b6c3a5999472d8e5d7fcc4ec34e116ab,2810.67,113.44,11.317572716,55000,55000
a8641d59b6c3a5999472d8e5d7fcc4ec34e116ab,2861.65,115.15,11.525539620,55000,56000
a8641d59b6c3a5999472d8e5d7fcc4ec34e116ab,2833.46,114.05,11.411865725,56000,56000
a8641d59b6c3a5999472d8e5d7fcc4ec34e116ab,2776.22,111.67,11.187785214,56000,56000
a8641d59b6c3a5999472d8e5d7fcc4ec34e116ab,2771.25,111.49,11.174582535,55000,56000
a8641d59b6c3a5999472d8e5d7fcc4ec34e116ab,2809.99,113.13,11.315500104,56000,56000
a8641d59b6c3a5999472d8e5d7fcc4ec34e116ab,2826.97,113.87,11.377920468,54000,56000
a8641d59b6c3a5999472d8e5d7fcc4ec34e116ab,2824.39,114.04,11.372743463,55000,55000
a8641d59b6c3a5999472d8e5d7fcc4ec34e116ab,2842.27,114.39,11.458655736,55000,56000
a8641d59b6c3a5999472d8e5d7fcc4ec34e116ab,2844.67,114.29,11.466708632,56000,56000
a8641d59b6c3a5999472d8e5d7fcc4ec34e116ab,2882.66,116.02,11.624381516,55000,55000
a8641d59b6c3a5999472d8e5d7fcc4ec34e116ab,2836.63,114.45,11.415022499,56000,56000
a8641d59b6c3a5999472d8e5d7fcc4ec34e116ab,2866.71,115.73,11.566354041,56000,55000
a8641d59b6c3a5999472d8e5d7fcc4ec34e116ab,2877.50,115.84,11.591820305,54000,56000
a8641d59b6c3a5999472d8e5d7fcc4ec34e116ab,2904.93,117.56,11.673076871,56000,56000
a8641d59b6c3a5999472d8e5d7fcc4ec34e116ab,2810.84,112.89,11.330095319,56000,56000
a8641d59b6c3a5999472d8e5d7fcc4ec34e116ab,2823.67,113.62,11.359088061,55000,56000
a8641d59b6c3a5999472d8e5d7fcc4ec34e116ab,2850.88,115.46,11.448365502,55000,56000
27840ea775de96f95cb6a375d7c31a083e662da5,2885.84,116.20,11.614664157,56000,55000
27840ea775de96f95cb6a375d7c31a083e662da5,2789.17,112.02,11.211142928,56000,56000
27840ea775de96f95cb6a375d7c31a083e662da5,2876.49,115.92,11.561480347,56000,55000
27840ea775de96f95cb6a375d7c31a083e662da5,2819.08,112.67,11.376934210,56000,56000
27840ea775de96f95cb6a375d7c31a083e662da5,2859.30,114.79,11.510888559,55000,54000
27840ea775de96f95cb6a375d7c31a083e662da5,2834.08,113.75,11.399763038,56000,56000
27840ea775de96f95cb6a375d7c31a083e662da5,2832.58,113.78,11.386795516,55000,56000
27840ea775de96f95cb6a375d7c31a083e662da5,2852.04,114.78,11.471748539,56000,56000
27840ea775de96f95cb6a375d7c31a083e662da5,2848.11,114.29,11.475309544,56000,56000
27840ea775de96f95cb6a375d7c31a083e662da5,2771.57,111.07,11.160452493,56000,55000
27840ea775de96f95cb6a375d7c31a083e662da5,2832.31,113.67,11.418454024,55000,55000
27840ea775de96f95cb6a375d7c31a083e662da5,2876.85,115.93,11.587279575,55000,55000
27840ea775de96f95cb6a375d7c31a083e662da5,2902.25,117.32,11.685409237,56000,56000
27840ea775de96f95cb6a375d7c31a083e662da5,2832.76,113.74,11.427469909,56000,56000
27840ea775de96f95cb6a375d7c31a083e662da5,2839.93,114.25,11.460506733,55000,55000
27840ea775de96f95cb6a375d7c31a083e662da5,2791.38,111.68,11.267162049,56000,55000
27840ea775de96f95cb6a375d7c31a083e662da5,2819.58,113.48,11.354341214,56000,55000
27840ea775de96f95cb6a375d7c31a083e662da5,2872.48,115.93,11.574659389,55000,56000
27840ea775de96f95cb6a375d7c31a083e662da5,2865.85,115.23,11.534330654,54000,54000
27840ea775de96f95cb6a375d7c31a083e662da5,2821.49,113.54,11.348391926,56000,56000
27840ea775de96f95cb6a375d7c31a083e662da5,2828.64,113.71,11.395596399,55000,56000
27840ea775de96f95cb6a375d7c31a083e662da5,2822.53,113.39,11.362321909,55000,56000
27840ea775de96f95cb6a375d7c31a083e662da5,2835.73,113.92,11.427375579,56000,56000
27840ea775de96f95cb6a375d7c31a083e662da5,2859.59,115.11,11.498290489,56000,55000
27840ea775de96f95cb6a375d7c31a083e662da5,2796.05,112.75,11.257034048,55000,56000
27840ea775de96f95cb6a375d7c31a083e662da5,2822.84,113.25,11.379126004,56000,56000
27840ea775de96f95cb6a375d7c31a083e662da5,2875.34,116.20,11.593878698,55000,55000
27840ea775de96f95cb6a375d7c31a083e662da5,2825.01,113.73,11.373437954,55000,56000
27840ea775de96f95cb6a375d7c31a083e662da5,2854.39,114.62,11.512347600,56000,55000
27840ea775de96f95cb6a375d7c31a083e662da5,2872.64,115.42,11.573345861,55000,56000
9951e3d7a472287bb40fa20861a803073b801760,2848.38,114.65,11.470774036,56000,56000
9951e3d7a472287bb40fa20861a803073b801760,2806.01,112.85,11.257708046,56000,56000
9951e3d7a472287bb40fa20861a803073b801760,2840.92,114.23,11.412994870,55000,55000
9951e3d7a472287bb40fa20861a803073b801760,2849.54,114.58,11.465191214,55000,56000
9951e3d7a472287bb40fa20861a803073b801760,2843.33,114.75,11.449526232,55000,56000
9951e3d7a472287bb40fa20861a803073b801760,2819.45,113.14,11.369021671,56000,56000
9951e3d7a472287bb40fa20861a803073b801760,2799.95,112.75,11.280980450,55000,55000
9951e3d7a472287bb40fa20861a803073b801760,2840.72,114.18,11.417264132,55000,56000
9951e3d7a472287bb40fa20861a803073b801760,2841.31,114.11,11.433071131,55000,56000
9951e3d7a472287bb40fa20861a803073b801760,2875.78,115.72,11.600367402,55000,56000
9951e3d7a472287bb40fa20861a803073b801760,2817.79,112.95,11.343630517,56000,56000
9951e3d7a472287bb40fa20861a803073b801760,2826.69,113.92,11.367789602,55000,56000
9951e3d7a472287bb40fa20861a803073b801760,2877.02,115.75,11.596622073,55000,55000
9951e3d7a472287bb40fa20861a803073b801760,2854.03,114.99,11.497119312,55000,55000
9951e3d7a472287bb40fa20861a803073b801760,2859.09,115.40,11.525864609,55000,55000
9951e3d7a472287bb40fa20861a803073b801760,2842.02,114.11,11.456780139,55000,56000
9951e3d7a472287bb40fa20861a803073b801760,2827.19,113.94,11.369359727,55000,56000
9951e3d7a472287bb40fa20861a803073b801760,2841.83,113.96,11.436310824,55000,55000
9951e3d7a472287bb40fa20861a803073b801760,2818.27,113.07,11.356189538,55000,55000
9951e3d7a472287bb40fa20861a803073b801760,2872.48,115.95,11.558194032,55000,55000
9951e3d7a472287bb40fa20861a803073b801760,2897.76,116.70,11.676085100,55000,56000
9951e3d7a472287bb40fa20861a803073b801760,2826.28,113.98,11.384857924,55000,56000
9951e3d7a472287bb40fa20861a803073b801760,2795.27,112.78,11.266138982,55000,55000
9951e3d7a472287bb40fa20861a803073b801760,2804.49,112.03,11.308940146,56000,56000
9951e3d7a472287bb40fa20861a803073b801760,2865.13,115.37,11.553053327,55000,56000
9951e3d7a472287bb40fa20861a803073b801760,2798.93,113.22,11.258785716,55000,55000
9951e3d7a472287bb40fa20861a803073b801760,2804.89,112.55,11.308341387,56000,55000
9951e3d7a472287bb40fa20861a803073b801760,2754.41,109.75,11.091258747,55000,55000
9951e3d7a472287bb40fa20861a803073b801760,2817.78,113.12,11.349388142,56000,56000
9951e3d7a472287bb40fa20861a803073b801760,2764.31,110.56,11.136214731,56000,55000
6af5a14f263a81ca709500540bdcc70e0547ef56,2781.29,111.85,11.199508984,56000,56000
6af5a14f263a81ca709500540bdcc70e0547ef56,2886.91,116.08,11.597034644,56000,55000
6af5a14f263a81ca709500540bdcc70e0547ef56,2815.59,113.18,11.307870750,56000,56000
6af5a14f263a81ca709500540bdcc70e0547ef56,2847.89,114.79,11.427549117,55000,56000
6af5a14f263a81ca709500540bdcc70e0547ef56,2820.45,113.47,11.342369521,56000,56000
6af5a14f263a81ca709500540bdcc70e0547ef56,2808.04,112.62,11.296041829,55000,56000
6af5a14f263a81ca709500540bdcc70e0547ef56,2865.19,115.62,11.526265561,56000,56000
6af5a14f263a81ca709500540bdcc70e0547ef56,2782.96,111.66,11.206863437,55000,56000
6af5a14f263a81ca709500540bdcc70e0547ef56,2836.54,114.60,11.406614325,56000,56000
6af5a14f263a81ca709500540bdcc70e0547ef56,2889.17,116.44,11.633310488,55000,56000
6af5a14f263a81ca709500540bdcc70e0547ef56,2785.91,111.79,11.221550508,56000,55000
6af5a14f263a81ca709500540bdcc70e0547ef56,2761.50,110.36,11.115748485,56000,54000
6af5a14f263a81ca709500540bdcc70e0547ef56,2904.01,116.53,11.691021684,55000,56000
6af5a14f263a81ca709500540bdcc70e0547ef56,2773.02,111.64,11.163640590,56000,55000
6af5a14f263a81ca709500540bdcc70e0547ef56,2864.76,115.37,11.541478915,55000,55000
6af5a14f263a81ca709500540bdcc70e0547ef56,2870.06,115.25,11.575396867,55000,55000
6af5a14f263a81ca709500540bdcc70e0547ef56,2827.50,113.78,11.394647979,55000,56000
6af5a14f263a81ca709500540bdcc70e0547ef56,2882.79,116.29,11.616251413,55000,55000
6af5a14f263a81ca709500540bdcc70e0547ef56,2799.95,113.06,11.279167609,56000,55000
6af5a14f263a81ca709500540bdcc70e0547ef56,2818.73,113.15,11.373011044,54000,56000
6af5a14f263a81ca709500540bdcc70e0547ef56,2801.47,112.34,11.283875978,55000,56000
6af5a14f263a81ca709500540bdcc70e0547ef56,2888.37,116.35,11.630994138,55000,55000
6af5a14f263a81ca709500540bdcc70e0547ef56,2826.45,113.76,11.374432751,54000,55000
6af5a14f263a81ca709500540bdcc70e0547ef56,2853.91,115.13,11.501267428,55000,56000
6af5a14f263a81ca709500540bdcc70e0547ef56,2840.30,114.34,11.442753148,56000,56000
6af5a14f263a81ca709500540bdcc70e0547ef56,2823.28,113.95,11.363257806,55000,55000
6af5a14f263a81ca709500540bdcc70e0547ef56,2778.42,111.51,11.200749611,56000,56000
6af5a14f263a81ca709500540bdcc70e0547ef56,2776.70,111.67,11.189033576,56000,56000
6af5a14f263a81ca709500540bdcc70e0547ef56,2809.94,112.75,11.328565564,56000,55000
6af5a14f263a81ca709500540bdcc70e0547ef56,2811.06,113.11,11.317714568,56000,55000
60a3f46a25c393bde5cc51b13709135e33f7c34b,2854.98,115.24,11.481152691,55000,55000
60a3f46a25c393bde5cc51b13709135e33f7c34b,2832.77,113.90,11.394750792,56000,55000
60a3f46a25c393bde5cc51b13709135e33f7c34b,2814.48,113.43,11.317017832,55000,55000
60a3f46a25c393bde5cc51b13709135e33f7c34b,2863.10,114.91,11.517297569,56000,56000
60a3f46a25c393bde5cc51b13709135e33f7c34b,2875.94,115.99,11.573809410,56000,56000
60a3f46a25c393bde5cc51b13709135e33f7c34b,2809.03,112.93,11.314445094,54000,54000
60a3f46a25c393bde5cc51b13709135e33f7c34b,2813.16,113.35,11.343360037,56000,56000
60a3f46a25c393bde5cc51b13709135e33f7c34b,2862.87,115.51,11.528389693,55000,55000
60a3f46a25c393bde5cc51b13709135e33f7c34b,2769.23,111.01,11.132956321,56000,56000
60a3f46a25c393bde5cc51b13709135e33f7c34b,2929.83,117.93,11.792139771,56000,56000
60a3f46a25c393bde5cc51b13709135e33f7c34b,2827.69,114.17,11.392716188,55000,55000
60a3f46a25c393bde5cc51b13709135e33f7c34b,2791.15,112.49,11.250362136,55000,56000
60a3f46a25c393bde5cc51b13709135e33f7c34b,2834.37,114.50,11.417374135,55000,55000
60a3f46a25c393bde5cc51b13709135e33f7c34b,2830.57,113.48,11.411912470,54000,55000
60a3f46a25c393bde5cc51b13709135e33f7c34b,2777.56,111.71,11.189596398,56000,55000
60a3f46a25c393bde5cc51b13709135e33f7c34b,2855.50,114.79,11.502853875,55000,54000
60a3f46a25c393bde5cc51b13709135e33f7c34b,2861.86,115.16,11.531013407,56000,56000
60a3f46a25c393bde5cc51b13709135e33f7c34b,2846.39,115.01,11.452789080,56000,56000
60a3f46a25c393bde5cc51b13709135e33f7c34b,2848.75,114.92,11.479365296,56000,55000
60a3f46a25c393bde5cc51b13709135e33f7c34b,2851.51,114.83,11.481718881,55000,55000
60a3f46a25c393bde5cc51b13709135e33f7c34b,2786.90,111.63,11.230763550,55000,56000
60a3f46a25c393bde5cc51b13709135e33f7c34b,2789.78,112.10,11.256086794,56000,55000
60a3f46a25c393bde5cc51b13709135e33f7c34b,2898.99,116.89,11.684453223,54000,56000
60a3f46a25c393bde5cc51b13709135e33f7c34b,2822.93,113.58,11.357701208,55000,55000
60a3f46a25c393bde5cc51b13709135e33f7c34b,2818.82,113.23,11.357530344,55000,56000
60a3f46a25c393bde5cc51b13709135e33f7c34b,2866.73,115.22,11.560016075,56000,55000
60a3f46a25c393bde5cc51b13709135e33f7c34b,2787.67,112.63,11.191594261,55000,55000
60a3f46a25c393bde5cc51b13709135e33f7c34b,2759.75,109.98,11.121693103,56000,55000
60a3f46a25c393bde5cc51b13709135e33f7c34b,2765.05,111.55,11.131459934,55000,55000
60a3f46a25c393bde5cc51b13709135e33f7c34b,2808.44,112.93,11.294260734,56000,55000
fa1891de9d39235bd2aad2549555ffb6630be5ae,2860.55,115.27,11.501995514,55000,56000
fa1891de9d39235bd2aad2549555ffb6630be5ae,2825.35,113.91,11.350929185,56000,56000
fa1891de9d39235bd2aad2549555ffb6630be5ae,2900.64,116.71,11.653580254,56000,56000
fa1891de9d39235bd2aad2549555ffb6630be5ae,2834.94,114.16,11.409248095,56000,54000
fa1891de9d39235bd2aad2549555ffb6630be5ae,2803.80,112.89,11.269052567,56000,56000
fa1891de9d39235bd2aad2549555ffb6630be5ae,2865.67,115.45,11.531912188,56000,56000
fa1891de9d39235bd2aad2549555ffb6630be5ae,2880.34,116.22,11.579578803,56000,54000
fa1891de9d39235bd2aad2549555ffb6630be5ae,2845.49,114.87,11.466485364,54000,55000
fa1891de9d39235bd2aad2549555ffb6630be5ae,2838.77,114.32,11.415221653,55000,55000
fa1891de9d39235bd2aad2549555ffb6630be5ae,2757.58,111.50,11.069402920,55000,56000
fa1891de9d39235bd2aad2549555ffb6630be5ae,2844.14,114.67,11.462167529,56000,55000
fa1891de9d39235bd2aad2549555ffb6630be5ae,2783.12,111.81,11.223572528,55000,55000
fa1891de9d39235bd2aad2549555ffb6630be5ae,2851.38,114.59,11.487517660,56000,55000
fa1891de9d39235bd2aad2549555ffb6630be5ae,2821.58,113.38,11.356584315,56000,55000
fa1891de9d39235bd2aad2549555ffb6630be5ae,2937.93,118.23,11.833846944,55000,54000
fa1891de9d39235bd2aad2549555ffb6630be5ae,2876.33,115.85,11.587873402,54000,56000
fa1891de9d39235bd2aad2549555ffb6630be5ae,2812.67,113.26,11.318975098,55000,55000
fa1891de9d39235bd2aad2549555ffb6630be5ae,2885.36,116.10,11.629445795,55000,55000
fa1891de9d39235bd2aad2549555ffb6630be5ae,2871.55,115.72,11.581679568,55000,56000
fa1891de9d39235bd2aad2549555ffb6630be5ae,2767.16,111.91,11.126257825,55000,55000
fa1891de9d39235bd2aad2549555ffb6630be5ae,2823.16,113.67,11.363093452,54000,56000
fa1891de9d39235bd2aad2549555ffb6630be5ae,2883.19,116.14,11.598523945,55000,56000
fa1891de9d39235bd2aad2549555ffb6630be5ae,2807.77,112.31,11.332019900,55000,54000
fa1891de9d39235bd2aad2549555ffb6630be5ae,2860.20,115.02,11.526425980,55000,55000
fa1891de9d39235bd2aad2549555ffb6630be5ae,2805.51,113.01,11.297232927,55000,55000
fa1891de9d39235bd2aad2549555ffb6630be5ae,2791.30,112.22,11.248654988,55000,55000
fa1891de9d39235bd2aad2549555ffb6630be5ae,2854.40,115.29,11.490423447,55000,56000
fa1891de9d39235bd2aad2549555ffb6630be5ae,2829.72,114.16,11.384274808,56000,56000
fa1891de9d39235bd2aad2549555ffb6630be5ae,2861.05,115.70,11.516598011,55000,56000
fa1891de9d39235bd2aad2549555ffb6630be5ae,2835.13,114.27,11.393704017,56000,56000
54d28cc45566824afb84e69313b0ef3ed47ba8ee,2885.37,116.16,11.609684570,55000,54000
54d28cc45566824afb84e69313b0ef3ed47ba8ee,2818.02,113.22,11.308259468,56000,56000
54d28cc45566824afb84e69313b0ef3ed47ba8ee,2777.71,111.87,11.194327201,56000,56000
54d28cc45566824afb84e69313b0ef3ed47ba8ee,2887.82,116.38,11.630368826,56000,56000
54d28cc45566824afb84e69313b0ef3ed47ba8ee,2897.99,116.37,11.664851032,55000,56000
54d28cc45566824afb84e69313b0ef3ed47ba8ee,2833.55,114.07,11.385874978,55000,56000
54d28cc45566824afb84e69313b0ef3ed47ba8ee,2847.74,114.56,11.478405959,55000,55000
54d28cc45566824afb84e69313b0ef3ed47ba8ee,2877.62,115.43,11.598105199,55000,55000
54d28cc45566824afb84e69313b0ef3ed47ba8ee,2831.42,113.90,11.408069596,56000,55000
54d28cc45566824afb84e69313b0ef3ed47ba8ee,2807.37,112.76,11.321880321,55000,55000
54d28cc45566824afb84e69313b0ef3ed47ba8ee,2857.52,114.94,11.510347284,55000,55000
54d28cc45566824afb84e69313b0ef3ed47ba8ee,2819.61,113.44,11.336863276,56000,55000
54d28cc45566824afb84e69313b0ef3ed47ba8ee,2826.69,113.63,11.413282805,55000,56000
54d28cc45566824afb84e69313b0ef3ed47ba8ee,2838.02,114.22,11.437366792,55000,55000
54d28cc45566824afb84e69313b0ef3ed47ba8ee,2833.58,114.52,11.384972076,55000,55000
54d28cc45566824afb84e69313b0ef3ed47ba8ee,2837.73,114.15,11.445097675,56000,56000
54d28cc45566824afb84e69313b0ef3ed47ba8ee,2813.01,113.17,11.335117421,55000,55000
54d28cc45566824afb84e69313b0ef3ed47ba8ee,2834.19,114.52,11.409936653,55000,56000
54d28cc45566824afb84e69313b0ef3ed47ba8ee,2862.63,115.00,11.546855872,56000,55000
54d28cc45566824afb84e69313b0ef3ed47ba8ee,2811.58,113.18,11.328718142,56000,55000
54d28cc45566824afb84e69313b0ef3ed47ba8ee,2834.68,114.19,11.411386706,54000,55000
54d28cc45566824afb84e69313b0ef3ed47ba8ee,2779.20,111.76,11.186127506,54000,55000
54d28cc45566824afb84e69313b0ef3ed47ba8ee,2915.18,117.54,11.737110445,56000,55000
54d28cc45566824afb84e69313b0ef3ed47ba8ee,2828.49,113.80,11.380031036,56000,55000
54d28cc45566824afb84e69313b0ef3ed47ba8ee,2909.48,117.72,11.719637379,56000,56000
54d28cc45566824afb84e69313b0ef3ed47ba8ee,2819.76,113.47,11.340483111,54000,55000
54d28cc45566824afb84e69313b0ef3ed47ba8ee,2851.22,114.78,11.479313761,55000,56000
54d28cc45566824afb84e69313b0ef3ed47ba8ee,2803.51,112.57,11.307462519,56000,55000
54d28cc45566824afb84e69313b0ef3ed47ba8ee,2857.28,114.89,11.497017111,54000,56000
54d28cc45566824afb84e69313b0ef3ed47ba8ee,2839.25,114.28,11.419465586,56000,56000
152900f698d8ec379d214588418c953cf1de593c,2822.06,113.82,11.365779835,56000,56000
152900f698d8ec379d214588418c953cf1de593c,2796.99,112.65,11.264472010,56000,56000
152900f698d8ec379d214588418c953cf1de593c,2746.39,110.83,11.055776544,55000,54000
152900f698d8ec379d214588418c953cf1de593c,2820.59,113.47,11.345255591,56000,56000
152900f698d8ec379d214588418c953cf1de593c,2886.96,116.26,11.614311604,55000,55000
152900f698d8ec379d214588418c953cf1de593c,2867.94,115.30,11.559567650,56000,56000
152900f698d8ec379d214588418c953cf1de593c,2837.22,114.11,11.436699350,55000,56000
152900f698d8ec379d214588418c953cf1de593c,2837.12,114.39,11.417542781,56000,54000
152900f698d8ec379d214588418c953cf1de593c,2897.29,116.43,11.673962590,55000,55000
152900f698d8ec379d214588418c953cf1de593c,2867.51,115.91,11.539120894,55000,56000
152900f698d8ec379d214588418c953cf1de593c,2846.00,115.02,11.446097958,54000,55000
152900f698d8ec379d214588418c953cf1de593c,2859.61,114.68,11.505036342,55000,55000
152900f698d8ec379d214588418c953cf1de593c,2814.78,113.15,11.303405408,56000,56000
152900f698d8ec379d214588418c953cf1de593c,2794.61,112.07,11.251401956,55000,55000
152900f698d8ec379d214588418c953cf1de593c,2866.06,115.06,11.544008717,55000,55000
152900f698d8ec379d214588418c953cf1de593c,2806.28,113.19,11.307453194,56000,56000
152900f698d8ec379d214588418c953cf1de593c,2824.43,113.59,11.381855755,55000,55000
152900f698d8ec379d214588418c953cf1de593c,2891.49,116.55,11.637325213,55000,55000
152900f698d8ec379d214588418c953cf1de593c,2808.25,112.94,11.297581357,56000,56000
152900f698d8ec379d214588418c953cf1de593c,2813.94,113.41,11.343470606,54000,56000
152900f698d8ec379d214588418c953cf1de593c,2834.43,113.99,11.418190694,56000,56000
152900f698d8ec379d214588418c953cf1de593c,2857.70,114.45,11.522393583,55000,55000
152900f698d8ec379d214588418c953cf1de593c,2846.09,114.37,11.457261155,55000,56000
152900f698d8ec379d214588418c953cf1de593c,2821.52,113.25,11.384328241,56000,56000
152900f698d8ec379d214588418c953cf1de593c,2853.37,114.56,11.494044967,56000,56000
152900f698d8ec379d214588418c953cf1de593c,2886.49,116.75,11.627048166,56000,56000
152900f698d8ec379d214588418c953cf1de593c,2829.91,113.56,11.398896015,56000,56000
152900f698d8ec379d214588418c953cf1de593c,2803.59,112.36,11.295727810,56000,55000
152900f698d8ec379d214588418c953cf1de593c,2851.72,115.14,11.470060354,55000,55000
152900f698d8ec379d214588418c953cf1de593c,2900.16,116.85,11.672951985,55000,54000
7b4d611e528008939eb6cff3571cf8ef4e646513,2824.02,113.81,11.345451113,56000,56000
7b4d611e528008939eb6cff3571cf8ef4e646513,2768.91,111.20,11.145552842,56000,55000
7b4d611e528008939eb6cff3571cf8ef4e646513,2845.83,114.64,11.455271359,56000,56000
7b4d611e528008939eb6cff3571cf8ef4e646513,2816.75,113.85,11.329316619,56000,55000
7b4d611e528008939eb6cff3571cf8ef4e646513,2820.96,113.70,11.368612683,56000,55000
7b4d611e528008939eb6cff3571cf8ef4e646513,2813.45,113.29,11.317501925,55000,56000
7b4d611e528008939eb6cff3571cf8ef4e646513,2767.43,110.63,11.143178342,55000,56000
7b4d611e528008939eb6cff3571cf8ef4e646513,2818.00,113.13,11.348255774,56000,56000
7b4d611e528008939eb6cff3571cf8ef4e646513,2834.70,114.18,11.403016419,56000,56000
7b4d611e528008939eb6cff3571cf8ef4e646513,2836.28,114.21,11.420273523,54000,55000
7b4d611e528008939eb6cff3571cf8ef4e646513,2777.01,111.88,11.186066715,56000,56000
7b4d611e528008939eb6cff3571cf8ef4e646513,2854.44,115.39,11.485687901,55000,56000
7b4d611e528008939eb6cff3571cf8ef4e646513,2867.04,115.19,11.561123565,56000,56000
7b4d611e528008939eb6cff3571cf8ef4e646513,2805.62,113.28,11.307991639,55000,55000
7b4d611e528008939eb6cff3571cf8ef4e646513,2846.51,114.74,11.464980937,55000,56000
7b4d611e528008939eb6cff3571cf8ef4e646513,2826.33,113.55,11.371229276,56000,55000
7b4d611e528008939eb6cff3571cf8ef4e646513,2832.88,114.30,11.412895615,55000,55000
7b4d611e528008939eb6cff3571cf8ef4e646513,2843.18,115.15,11.422386490,56000,56000
7b4d611e528008939eb6cff3571cf8ef4e646513,2822.36,113.58,11.357611988,55000,56000
7b4d611e528008939eb6cff3571cf8ef4e646513,2813.50,113.22,11.319219585,56000,54000
7b4d611e528008939eb6cff3571cf8ef4e646513,2821.51,113.68,11.366037332,55000,54000
7b4d611e528008939eb6cff3571cf8ef4e646513,2854.69,115.25,11.490037363,56000,54000
7b4d611e528008939eb6cff3571cf8ef4e646513,2856.43,115.03,11.500027409,55000,55000
7b4d611e528008939eb6cff3571cf8ef4e646513,2857.73,115.38,11.505212468,56000,56000
7b4d611e528008939eb6cff3571cf8ef4e646513,2829.03,113.92,11.400429781,56000,56000
7b4d611e528008939eb6cff3571cf8ef4e646513,2801.03,112.67,11.282643950,55000,56000
7b4d611e528008939eb6cff3571cf8ef4e646513,2818.40,113.45,11.345586081,56000,56000
7b4d611e528008939eb6cff3571cf8ef4e646513,2757.02,109.84,11.098914865,55000,56000
7b4d611e528008939eb6cff3571cf8ef4e646513,2824.14,113.63,11.390721792,55000,55000
7b4d611e528008939eb6cff3571cf8ef4e646513,2855.98,115.32,11.494971760,55000,55000
9be432eecfd836c5772220947ad544691c3d4cfe,2844.00,114.65,11.423212577,56000,56000
9be432eecfd836c5772220947ad544691c3d4cfe,2888.82,116.48,11.599704832,56000,56000
9be432eecfd836c5772220947ad544691c3d4cfe,2846.84,114.42,11.456407572,56000,56000
9be432eecfd836c5772220947ad544691c3d4cfe,2828.74,113.78,11.369166969,56000,55000
9be432eecfd836c5772220947ad544691c3d4cfe,2819.59,113.88,11.340798278,55000,56000
9be432eecfd836c5772220947ad544691c3d4cfe,2809.38,113.24,11.304514919,55000,56000
9be432eecfd836c5772220947ad544691c3d4cfe,2784.25,112.26,11.207561296,56000,55000
9be432eecfd836c5772220947ad544691c3d4cfe,2826.92,113.93,11.389189113,56000,55000
9be432eecfd836c5772220947ad544691c3d4cfe,2872.74,116.05,11.553426715,54000,55000
9be432eecfd836c5772220947ad544691c3d4cfe,2864.70,115.24,11.513766798,56000,55000
9be432eecfd836c5772220947ad544691c3d4cfe,2801.69,112.51,11.286780456,56000,56000
9be432eecfd836c5772220947ad544691c3d4cfe,2786.71,112.41,11.213175866,56000,56000
9be432eecfd836c5772220947ad544691c3d4cfe,2811.36,113.05,11.331374481,55000,55000
9be432eecfd836c5772220947ad544691c3d4cfe,2794.74,112.91,11.266451562,56000,55000
9be432eecfd836c5772220947ad544691c3d4cfe,2854.79,114.88,11.502886493,56000,55000
9be432eecfd836c5772220947ad544691c3d4cfe,2803.64,113.21,11.274621482,55000,56000
9be432eecfd836c5772220947ad544691c3d4cfe,2813.22,113.26,11.324390998,55000,54000
9be432eecfd836c5772220947ad544691c3d4cfe,2775.82,111.37,11.181710692,55000,55000
9be432eecfd836c5772220947ad544691c3d4cfe,2847.91,115.20,11.449331205,56000,56000
9be432eecfd836c5772220947ad544691c3d4cfe,2823.36,113.23,11.361438668,56000,55000
9be432eecfd836c5772220947ad544691c3d4cfe,2878.20,115.79,11.590462063,56000,55000
9be432eecfd836c5772220947ad544691c3d4cfe,2799.51,112.37,11.270023230,55000,55000
9be432eecfd836c5772220947ad544691c3d4cfe,2828.08,113.51,11.395472688,56000,55000
9be432eecfd836c5772220947ad544691c3d4cfe,2803.44,112.98,11.269342550,55000,56000
9be432eecfd836c5772220947ad544691c3d4cfe,2859.23,115.07,11.521259095,56000,56000
9be432eecfd836c5772220947ad544691c3d4cfe,2825.52,113.40,11.376961686,55000,55000
9be432eecfd836c5772220947ad544691c3d4cfe,2831.15,114.09,11.402620859,56000,56000
9be432eecfd836c5772220947ad544691c3d4cfe,2791.80,111.77,11.233825788,56000,56000
9be432eecfd836c5772220947ad544691c3d4cfe,2837.71,114.38,11.443362518,55000,55000
9be432eecfd836c5772220947ad544691c3d4cfe,2866.54,115.52,11.522503663,56000,56000
dd19b749ff80e79ee813c70504a6282699d0abe2,2806.27,112.88,11.289217514,55000,55000
dd19b749ff80e79ee813c70504a6282699d0abe2,2810.94,113.26,11.315594562,56000,56000
dd19b749ff80e79ee813c70504a6282699d0abe2,2830.96,113.58,11.391393806,56000,56000
dd19b749ff80e79ee813c70504a6282699d0abe2,2857.85,115.27,11.508792179,56000,55000
dd19b749ff80e79ee813c70504a6282699d0abe2,2826.31,113.34,11.377648081,55000,56000
dd19b749ff80e79ee813c70504a6282699d0abe2,2800.45,112.74,11.283643851,56000,56000
dd19b749ff80e79ee813c70504a6282699d0abe2,2797.05,112.26,11.259136165,56000,54000
dd19b749ff80e79ee813c70504a6282699d0abe2,2884.28,115.76,11.637236450,56000,56000
dd19b749ff80e79ee813c70504a6282699d0abe2,2820.09,113.42,11.356324106,55000,55000
dd19b749ff80e79ee813c70504a6282699d0abe2,2768.44,111.74,11.139838185,55000,55000
dd19b749ff80e79ee813c70504a6282699d0abe2,2876.42,116.04,11.574829656,56000,56000
dd19b749ff80e79ee813c70504a6282699d0abe2,2881.11,116.16,11.610909317,55000,54000
dd19b749ff80e79ee813c70504a6282699d0abe2,2834.43,114.13,11.428972638,56000,55000
dd19b749ff80e79ee813c70504a6282699d0abe2,2890.80,116.95,11.634804399,55000,56000
dd19b749ff80e79ee813c70504a6282699d0abe2,2822.88,113.38,11.383426796,55000,54000
dd19b749ff80e79ee813c70504a6282699d0abe2,2854.33,115.06,11.482141035,55000,56000
dd19b749ff80e79ee813c70504a6282699d0abe2,2802.35,113.03,11.275323330,55000,56000
dd19b749ff80e79ee813c70504a6282699d0abe2,2834.84,114.10,11.417257325,55000,56000
dd19b749ff80e79ee813c70504a6282699d0abe2,2837.25,113.81,11.434845141,56000,56000
dd19b749ff80e79ee813c70504a6282699d0abe2,2767.86,111.17,11.111840340,55000,54000
dd19b749ff80e79ee813c70504a6282699d0abe2,2806.42,113.00,11.281204563,56000,55000
dd19b749ff80e79ee813c70504a6282699d0abe2,2875.21,115.58,11.570059034,56000,56000
dd19b749ff80e79ee813c70504a6282699d0abe2,2825.58,114.12,11.382942281,55000,55000
dd19b749ff80e79ee813c70504a6282699d0abe2,2841.73,114.45,11.437508412,56000,54000
dd19b749ff80e79ee813c70504a6282699d0abe2,2760.47,110.73,11.102114094,55000,56000
dd19b749ff80e79ee813c70504a6282699d0abe2,2840.45,114.22,11.440987837,56000,56000
dd19b749ff80e79ee813c70504a6282699d0abe2,2859.03,115.22,11.509154522,56000,55000
dd19b749ff80e79ee813c70504a6282699d0abe2,2823.67,113.55,11.344139594,54000,56000
dd19b749ff80e79ee813c70504a6282699d0abe2,2764.44,110.59,11.152792346,56000,56000
dd19b749ff80e79ee813c70504a6282699d0abe2,2877.52,116.33,11.575797817,55000,56000
d21a9043d6499fec6db0e8ab23bdc119399b57e1,2826.47,114.02,11.369708025,55000,56000
d21a9043d6499fec6db0e8ab23bdc119399b57e1,2834.22,114.16,11.384831575,55000,56000
d21a9043d6499fec6db0e8ab23bdc119399b57e1,2818.84,113.76,11.332784088,55000,56000
d21a9043d6499fec6db0e8ab23bdc119399b57e1,2776.29,111.35,11.169368093,56000,56000
d21a9043d6499fec6db0e8ab23bdc119399b57e1,2838.42,114.33,11.399214023,55000,56000
d21a9043d6499fec6db0e8ab23bdc119399b57e1,2843.97,114.35,11.449236157,56000,56000
d21a9043d6499fec6db0e8ab23bdc119399b57e1,2841.36,114.37,11.454666206,56000,54000
d21a9043d6499fec6db0e8ab23bdc119399b57e1,2828.55,113.64,11.391223256,56000,56000
d21a9043d6499fec6db0e8ab23bdc119399b57e1,2808.61,112.74,11.289142873,56000,56000
d21a9043d6499fec6db0e8ab23bdc119399b57e1,2906.08,116.66,11.688954130,55000,54000
d21a9043d6499fec6db0e8ab23bdc119399b57e1,2816.55,113.92,11.339977642,56000,56000
d21a9043d6499fec6db0e8ab23bdc119399b57e1,2826.27,114.03,11.371167841,56000,56000
d21a9043d6499fec6db0e8ab23bdc119399b57e1,2895.09,117.05,11.662020948,55000,55000
d21a9043d6499fec6db0e8ab23bdc119399b57e1,2817.06,113.64,11.361608509,56000,55000
d21a9043d6499fec6db0e8ab23bdc119399b57e1,2779.31,111.45,11.218398844,56000,56000
d21a9043d6499fec6db0e8ab23bdc119399b57e1,2857.65,115.16,11.502873377,56000,56000
d21a9043d6499fec6db0e8ab23bdc119399b57e1,2788.24,112.25,11.221947914,54000,55000
d21a9043d6499fec6db0e8ab23bdc119399b57e1,2803.88,112.78,11.307873096,55000,55000
d21a9043d6499fec6db0e8ab23bdc119399b57e1,2799.02,112.35,11.261319629,56000,55000
d21a9043d6499fec6db0e8ab23bdc119399b57e1,2839.67,114.29,11.426376161,56000,55000
d21a9043d6499fec6db0e8ab23bdc119399b57e1,2845.42,114.76,11.451627961,56000,55000
d21a9043d6499fec6db0e8ab23bdc119399b57e1,2791.75,112.04,11.260505473,56000,56000
d21a9043d6499fec6db0e8ab23bdc119399b57e1,2896.53,116.68,11.654119269,56000,56000
d21a9043d6499fec6db0e8ab23bdc119399b57e1,2747.02,110.38,11.053705187,56000,55000
d21a9043d6499fec6db0e8ab23bdc119399b57e1,2797.81,112.29,11.270372706,56000,55000
d21a9043d6499fec6db0e8ab23bdc119399b57e1,2791.95,111.61,11.233430069,56000,56000
d21a9043d6499fec6db0e8ab23bdc119399b57e1,2863.80,115.33,11.545599443,56000,56000
d21a9043d6499fec6db0e8ab23bdc119399b57e1,2862.77,115.55,11.543056227,56000,56000
d21a9043d6499fec6db0e8ab23bdc119399b57e1,2883.75,116.42,11.629994911,55000,55000
d21a9043d6499fec6db0e8ab23bdc119399b57e1,2889.84,116.72,11.620997693,55000,56000
e857e47592d8a40e5236358cd945dc5d964eb42b,2757.76,110.33,11.076926094,55000,55000
e857e47592d8a40e5236358cd945dc5d964eb42b,2861.92,115.19,11.502436223,55000,56000
e857e47592d8a40e5236358cd945dc5d964eb42b,2767.41,111.08,11.112744187,55000,56000
e857e47592d8a40e5236358cd945dc5d964eb42b,2830.36,114.13,11.373875242,56000,56000
e857e47592d8a40e5236358cd945dc5d964eb42b,2814.61,113.24,11.342428502,56000,56000
e857e47592d8a40e5236358cd945dc5d964eb42b,2786.82,112.21,11.210325234,55000,56000
e857e47592d8a40e5236358cd945dc5d964eb42b,2796.93,112.34,11.269430708,55000,56000
e857e47592d8a40e5236358cd945dc5d964eb42b,2832.61,113.93,11.408577896,55000,55000
e857e47592d8a40e5236358cd945dc5d964eb42b,2803.11,112.62,11.283712659,56000,56000
e857e47592d8a40e5236358cd945dc5d964eb42b,2798.60,112.60,11.267449306,55000,56000
e857e47592d8a40e5236358cd945dc5d964eb42b,2726.53,109.15,10.979002390,54000,56000
e857e47592d8a40e5236358cd945dc5d964eb42b,2809.95,113.14,11.317435517,55000,56000
e857e47592d8a40e5236358cd945dc5d964eb42b,2802.55,112.92,11.279567991,55000,55000
e857e47592d8a40e5236358cd945dc5d964eb42b,2865.37,114.72,11.547685754,55000,55000
e857e47592d8a40e5236358cd945dc5d964eb42b,2866.98,115.26,11.558287796,56000,55000
e857e47592d8a40e5236358cd945dc5d964eb42b,2837.28,114.15,11.426916853,56000,56000
e857e47592d8a40e5236358cd945dc5d964eb42b,2868.83,115.75,11.575746684,55000,56000
e857e47592d8a40e5236358cd945dc5d964eb42b,2871.43,115.89,11.556712901,56000,56000
e857e47592d8a40e5236358cd945dc5d964eb42b,2734.94,110.43,10.987211979,55000,56000
e857e47592d8a40e5236358cd945dc5d964eb42b,2806.43,112.75,11.308355803,54000,55000
e857e47592d8a40e5236358cd945dc5d964eb42b,2795.78,112.02,11.240498221,55000,55000
e857e47592d8a40e5236358cd945dc5d964eb42b,2789.04,111.62,11.249188543,55000,56000
e857e47592d8a40e5236358cd945dc5d964eb42b,2780.90,111.34,11.212361429,56000,56000
e857e47592d8a40e5236358cd945dc5d964eb42b,2802.23,112.48,11.294290225,56000,55000
e857e47592d8a40e5236358cd945dc5d964eb42b,2846.68,114.69,11.467869929,56000,56000
e857e47592d8a40e5236358cd945dc5d964eb42b,2792.98,112.24,11.227030603,55000,56000
e857e47592d8a40e5236358cd945dc5d964eb42b,2800.59,112.53,11.263653490,56000,56000
e857e47592d8a40e5236358cd945dc5d964eb42b,2823.59,113.97,11.363692888,55000,55000
e857e47592d8a40e5236358cd945dc5d964eb42b,2849.77,115.33,11.466428121,56000,55000
e857e47592d8a40e5236358cd945dc5d964eb42b,2792.43,112.44,11.243730560,55000,55000
843f236ecf94c684a4fcc69d77235e046d5573b2,2824.44,113.88,11.368380403,54000,54000
843f236ecf94c684a4fcc69d77235e046d5573b2,2728.10,109.22,10.958673257,56000,56000
843f236ecf94c684a4fcc69d77235e046d5573b2,2809.35,112.99,11.310379482,56000,55000
843f236ecf94c684a4fcc69d77235e046d5573b2,2812.37,113.45,11.289362027,56000,56000
843f236ecf94c684a4fcc69d77235e046d5573b2,2823.07,113.81,11.340116606,56000,56000
843f236ecf94c684a4fcc69d77235e046d5573b2,2714.28,108.82,10.944762696,55000,55000
843f236ecf94c684a4fcc69d77235e046d5573b2,2843.99,114.77,11.434827825,56000,55000
843f236ecf94c684a4fcc69d77235e046d5573b2,2894.78,116.39,11.657511691,56000,56000
843f236ecf94c684a4fcc69d77235e046d5573b2,2775.22,111.17,11.169262744,55000,55000
843f236ecf94c684a4fcc69d77235e046d5573b2,2788.53,112.26,11.199327187,56000,56000
843f236ecf94c684a4fcc69d77235e046d5573b2,2809.08,112.28,11.325038512,56000,56000
843f236ecf94c684a4fcc69d77235e046d5573b2,2812.22,112.97,11.346986838,56000,55000
843f236ecf94c684a4fcc69d77235e046d5573b2,2847.58,114.82,11.469701967,56000,56000
843f236ecf94c684a4fcc69d77235e046d5573b2,2766.37,111.51,11.141333546,56000,54000
843f236ecf94c684a4fcc69d77235e046d5573b2,2911.99,117.77,11.727201637,56000,56000
843f236ecf94c684a4fcc69d77235e046d5573b2,2840.86,114.11,11.454110541,54000,54000
843f236ecf94c684a4fcc69d77235e046d5573b2,2802.20,113.19,11.271827066,56000,56000
843f236ecf94c684a4fcc69d77235e046d5573b2,2792.15,112.15,11.246868866,56000,56000
843f236ecf94c684a4fcc69d77235e046d5573b2,2755.31,110.97,11.100624212,56000,56000
843f236ecf94c684a4fcc69d77235e046d5573b2,2748.04,110.78,11.061614427,55000,55000
843f236ecf94c684a4fcc69d77235e046d5573b2,2795.96,112.55,11.271170523,56000,55000
843f236ecf94c684a4fcc69d77235e046d5573b2,2819.34,113.76,11.357660223,55000,56000
843f236ecf94c684a4fcc69d77235e046d5573b2,2784.27,112.22,11.188327300,55000,56000
843f236ecf94c684a4fcc69d77235e046d5573b2,2815.77,113.31,11.345714619,56000,56000
843f236ecf94c684a4fcc69d77235e046d5573b2,2834.72,114.28,11.412896133,55000,55000
843f236ecf94c684a4fcc69d77235e046d5573b2,2871.31,115.79,11.575860142,56000,56000
843f236ecf94c684a4fcc69d77235e046d5573b2,2767.75,111.29,11.169009149,55000,56000
843f236ecf94c684a4fcc69d77235e046d5573b2,2816.64,112.76,11.346673605,55000,56000
843f236ecf94c684a4fcc69d77235e046d5573b2,2793.02,112.24,11.244956505,55000,55000
843f236ecf94c684a4fcc69d77235e046d5573b2,2795.27,112.61,11.252452277,56000,56000
2be3c62bfc97ce466200697f571f1b23144cb767,2855.49,114.94,11.479556930,56000,55000
2be3c62bfc97ce466200697f571f1b23144cb767,2786.66,111.49,11.185442688,56000,56000
2be3c62bfc97ce466200697f571f1b23144cb767,2878.44,115.86,11.554640033,55000,56000
2be3c62bfc97ce466200697f571f1b23144cb767,2830.89,113.52,11.408236898,56000,56000
2be3c62bfc97ce466200697f571f1b23144cb767,2859.96,115.14,11.514259240,55000,56000
2be3c62bfc97ce466200697f571f1b23144cb767,2852.64,114.98,11.483785170,55000,56000
2be3c62bfc97ce466200697f571f1b23144cb767,2891.61,116.18,11.650367335,56000,56000
2be3c62bfc97ce466200697f571f1b23144cb767,2890.76,116.43,11.620989564,56000,56000
2be3c62bfc97ce466200697f571f1b23144cb767,2857.52,115.40,11.503635001,54000,54000
2be3c62bfc97ce466200697f571f1b23144cb767,2852.18,114.89,11.484787342,55000,55000
2be3c62bfc97ce466200697f571f1b23144cb767,2792.48,112.61,11.241830343,55000,55000
2be3c62bfc97ce466200697f571f1b23144cb767,2843.43,114.61,11.423257755,56000,55000
2be3c62bfc97ce466200697f571f1b23144cb767,2909.36,116.67,11.714380284,56000,55000
2be3c62bfc97ce466200697f571f1b23144cb767,2905.33,116.89,11.685486400,55000,56000
2be3c62bfc97ce466200697f571f1b23144cb767,2851.04,115.00,11.459786495,55000,56000
2be3c62bfc97ce466200697f571f1b23144cb767,2831.58,114.01,11.422060949,55000,54000
2be3c62bfc97ce466200697f571f1b23144cb767,2855.88,114.93,11.507280651,55000,54000
2be3c62bfc97ce466200697f571f1b23144cb767,2826.02,113.65,11.394313399,55000,55000
2be3c62bfc97ce466200697f571f1b23144cb767,2776.71,112.20,11.169364101,56000,56000
2be3c62bfc97ce466200697f571f1b23144cb767,2852.12,114.68,11.487841284,56000,55000
2be3c62bfc97ce466200697f571f1b23144cb767,2812.92,113.29,11.339103344,55000,55000
2be3c62bfc97ce466200697f571f1b23144cb767,2891.68,117.13,11.633770202,55000,55000
2be3c62bfc97ce466200697f571f1b23144cb767,2833.77,114.14,11.400220650,56000,54000
2be3c62bfc97ce466200697f571f1b23144cb767,2805.23,112.33,11.283937350,55000,55000
2be3c62bfc97ce466200697f571f1b23144cb767,2813.91,113.23,11.330076749,56000,56000
2be3c62bfc97ce466200697f571f1b23144cb767,2829.81,114.15,11.391943593,56000,55000
2be3c62bfc97ce466200697f571f1b23144cb767,2795.84,112.57,11.259573060,55000,56000
2be3c62bfc97ce466200697f571f1b23144cb767,2872.89,115.67,11.570275647,55000,56000
2be3c62bfc97ce466200697f571f1b23144cb767,2847.39,114.30,11.470712882,55000,55000
2be3c62bfc97ce466200697f571f1b23144cb767,2851.33,114.79,11.490930881,56000,54000
217ef1cdcdd799baef0d42cb88829a0367184874,2854.09,114.64,11.487555273,56000,55000
217ef1cdcdd799baef0d42cb88829a0367184874,2777.99,111.30,11.170137323,56000,56000
217ef1cdcdd799baef0d42cb88829a0367184874,2802.59,112.76,11.264150493,55000,55000
217ef1cdcdd799baef0d42cb88829a0367184874,2854.49,115.11,11.478753542,55000,56000
217ef1cdcdd799baef0d42cb88829a0367184874,2739.61,109.74,11.001260289,56000,56000
217ef1cdcdd799baef0d42cb88829a0367184874,2864.00,114.94,11.514267458,56000,56000
217ef1cdcdd799baef0d42cb88829a0367184874,2868.91,115.54,11.542953951,56000,56000
217ef1cdcdd799baef0d42cb88829a0367184874,2878.48,115.72,11.582631068,56000,56000
217ef1cdcdd799baef0d42cb88829a0367184874,2833.82,113.73,11.392529946,56000,55000
217ef1cdcdd799baef0d42cb88829a0367184874,2862.98,115.50,11.548545513,56000,55000
217ef1cdcdd799baef0d42cb88829a0367184874,2874.44,115.99,11.554701038,56000,55000
217ef1cdcdd799baef0d42cb88829a0367184874,2810.13,113.06,11.313239763,54000,56000
217ef1cdcdd799baef0d42cb88829a0367184874,2807.64,112.63,11.315637004,55000,55000
217ef1cdcdd799baef0d42cb88829a0367184874,2835.06,114.89,11.395252356,55000,55000
217ef1cdcdd799baef0d42cb88829a0367184874,2849.71,114.83,11.485776704,56000,56000
217ef1cdcdd799baef0d42cb88829a0367184874,2830.08,113.87,11.396968770,56000,56000
217ef1cdcdd799baef0d42cb88829a0367184874,2834.27,113.76,11.412597758,56000,56000
217ef1cdcdd799baef0d42cb88829a0367184874,2797.61,112.73,11.258200367,56000,55000
217ef1cdcdd799baef0d42cb88829a0367184874,2813.89,113.41,11.319802451,56000,56000
217ef1cdcdd799baef0d42cb88829a0367184874,2811.47,113.74,11.298012147,56000,56000
217ef1cdcdd799baef0d42cb88829a0367184874,2844.72,114.53,11.459346202,55000,55000
217ef1cdcdd799baef0d42cb88829a0367184874,2819.81,113.87,11.357314427,56000,55000
217ef1cdcdd799baef0d42cb88829a0367184874,2819.12,113.43,11.349010600,56000,56000
217ef1cdcdd799baef0d42cb88829a0367184874,2762.20,110.92,11.133282354,55000,56000
217ef1cdcdd799baef0d42cb88829a0367184874,2833.59,114.12,11.416751679,54000,56000
217ef1cdcdd799baef0d42cb88829a0367184874,2816.56,113.34,11.336770744,56000,55000
217ef1cdcdd799baef0d42cb88829a0367184874,2871.13,115.90,11.564076418,56000,55000
217ef1cdcdd799baef0d42cb88829a0367184874,2867.23,115.42,11.563745740,56000,55000
217ef1cdcdd799baef0d42cb88829a0367184874,2841.61,114.41,11.424329033,55000,56000
217ef1cdcdd799baef0d42cb88829a0367184874,2764.61,111.38,11.138729820,55000,55000
07d9fff828c213ecc4ce1e5e37029cbb282c0bf3,2879.52,116.10,11.581118327,57000,57000
07d9fff828c213ecc4ce1e5e37029cbb282c0bf3,2889.94,116.85,11.619241904,56000,56000
07d9fff828c213ecc4ce1e5e37029cbb282c0bf3,2761.24,110.88,11.086993749,56000,56000
07d9fff828c213ecc4ce1e5e37029cbb282c0bf3,2787.01,111.97,11.198525463,56000,56000
07d9fff828c213ecc4ce1e5e37029cbb282c0bf3,2853.56,114.80,11.471788115,56000,56000
07d9fff828c213ecc4ce1e5e37029cbb282c0bf3,2868.60,115.57,11.505229181,56000,56000
07d9fff828c213ecc4ce1e5e37029cbb282c0bf3,2856.04,114.87,11.467379223,55000,55000
07d9fff828c213ecc4ce1e5e37029cbb282c0bf3,2817.83,113.85,11.322130203,56000,56000
07d9fff828c213ecc4ce1e5e37029cbb282c0bf3,2837.11,114.42,11.406978029,56000,54000
07d9fff828c213ecc4ce1e5e37029cbb282c0bf3,2802.53,112.98,11.272057090,55000,56000
07d9fff828c213ecc4ce1e5e37029cbb282c0bf3,2832.49,113.94,11.410001562,56000,55000
07d9fff828c213ecc4ce1e5e37029cbb282c0bf3,2851.26,115.16,11.461298767,56000,55000
07d9fff828c213ecc4ce1e5e37029cbb282c0bf3,2912.46,116.81,11.704731783,56000,56000
07d9fff828c213ecc4ce1e5e37029cbb282c0bf3,2836.07,114.37,11.406085985,56000,56000
07d9fff828c213ecc4ce1e5e37029cbb282c0bf3,2852.11,114.84,11.457872094,55000,56000
07d9fff828c213ecc4ce1e5e37029cbb282c0bf3,2840.09,114.68,11.435363794,55000,56000
07d9fff828c213ecc4ce1e5e37029cbb282c0bf3,2804.87,112.45,11.284983514,55000,56000
07d9fff828c213ecc4ce1e5e37029cbb282c0bf3,2843.62,114.35,11.461852692,55000,55000
07d9fff828c213ecc4ce1e5e37029cbb282c0bf3,2835.59,114.37,11.397092734,55000,55000
07d9fff828c213ecc4ce1e5e37029cbb282c0bf3,2790.85,112.31,11.231538392,56000,55000
07d9fff828c213ecc4ce1e5e37029cbb282c0bf3,2802.19,112.74,11.286217256,55000,55000
07d9fff828c213ecc4ce1e5e37029cbb282c0bf3,2808.84,112.80,11.323595272,56000,56000
07d9fff828c213ecc4ce1e5e37029cbb282c0bf3,2771.46,111.20,11.176653292,56000,55000
07d9fff828c213ecc4ce1e5e37029cbb282c0bf3,2849.11,114.25,11.481254879,54000,55000
07d9fff828c213ecc4ce1e5e37029cbb282c0bf3,2784.44,111.36,11.192280486,55000,55000
07d9fff828c213ecc4ce1e5e37029cbb282c0bf3,2798.41,112.93,11.242973073,55000,55000
07d9fff828c213ecc4ce1e5e37029cbb282c0bf3,2865.31,115.28,11.529347029,55000,56000
07d9fff828c213ecc4ce1e5e37029cbb282c0bf3,2851.14,114.63,11.482225730,55000,56000
07d9fff828c213ecc4ce1e5e37029cbb282c0bf3,2843.51,114.28,11.430101229,55000,56000
07d9fff828c213ecc4ce1e5e37029cbb282c0bf3,2856.49,115.16,11.509100008,55000,56000
7aac7f43bac97f333a4e71bbaed833a17ea7b5fe,2871.19,115.82,11.531654525,55000,56000
7aac7f43bac97f333a4e71bbaed833a17ea7b5fe,2875.12,116.09,11.550737135,56000,55000
7aac7f43bac97f333a4e71bbaed833a17ea7b5fe,2821.45,113.42,11.379505969,56000,56000
7aac7f43bac97f333a4e71bbaed833a17ea7b5fe,2879.75,115.99,11.599386060,55000,54000
7aac7f43bac97f333a4e71bbaed833a17ea7b5fe,2838.04,114.31,11.412013028,55000,56000
7aac7f43bac97f333a4e71bbaed833a17ea7b5fe,2856.82,115.44,11.475586038,56000,56000
7aac7f43bac97f333a4e71bbaed833a17ea7b5fe,2858.90,114.96,11.496170102,55000,55000
7aac7f43bac97f333a4e71bbaed833a17ea7b5fe,2843.71,114.55,11.455976003,55000,55000
7aac7f43bac97f333a4e71bbaed833a17ea7b5fe,2828.04,114.26,11.369606773,55000,56000
7aac7f43bac97f333a4e71bbaed833a17ea7b5fe,2824.28,113.74,11.377253380,55000,55000
7aac7f43bac97f333a4e71bbaed833a17ea7b5fe,2867.12,115.62,11.527842449,55000,55000
7aac7f43bac97f333a4e71bbaed833a17ea7b5fe,2840.36,114.30,11.441656607,55000,55000
7aac7f43bac97f333a4e71bbaed833a17ea7b5fe,2746.91,110.60,11.049180964,55000,55000
7aac7f43bac97f333a4e71bbaed833a17ea7b5fe,2843.88,114.39,11.438936622,54000,55000
7aac7f43bac97f333a4e71bbaed833a17ea7b5fe,2842.57,114.34,11.463268562,56000,55000
7aac7f43bac97f333a4e71bbaed833a17ea7b5fe,2828.63,113.88,11.388014088,55000,55000
7aac7f43bac97f333a4e71bbaed833a17ea7b5fe,2813.17,113.33,11.328023373,56000,55000
7aac7f43bac97f333a4e71bbaed833a17ea7b5fe,2782.47,111.36,11.186541006,55000,56000
7aac7f43bac97f333a4e71bbaed833a17ea7b5fe,2858.63,115.19,11.506848971,56000,56000
7aac7f43bac97f333a4e71bbaed833a17ea7b5fe,2863.88,115.20,11.547363080,56000,56000
7aac7f43bac97f333a4e71bbaed833a17ea7b5fe,2870.46,115.68,11.528303340,56000,56000
7aac7f43bac97f333a4e71bbaed833a17ea7b5fe,2815.54,113.33,11.334605135,55000,56000
7aac7f43bac97f333a4e71bbaed833a17ea7b5fe,2804.54,112.48,11.296487895,55000,55000
7aac7f43bac97f333a4e71bbaed833a17ea7b5fe,2815.61,113.78,11.305697467,55000,56000
7aac7f43bac97f333a4e71bbaed833a17ea7b5fe,2815.05,113.26,11.323217888,55000,55000
7aac7f43bac97f333a4e71bbaed833a17ea7b5fe,2887.83,116.53,11.606171518,55000,54000
7aac7f43bac97f333a4e71bbaed833a17ea7b5fe,2891.23,116.20,11.649736076,55000,54000
7aac7f43bac97f333a4e71bbaed833a17ea7b5fe,2829.89,114.29,11.380452182,55000,56000
7aac7f43bac97f333a4e71bbaed833a17ea7b5fe,2872.41,115.99,11.555949167,55000,56000
7aac7f43bac97f333a4e71bbaed833a17ea7b5fe,2802.84,113.21,11.273359329,56000,55000
06ca78ce0bda0f55cd4d85a6e1bea96288019a0d,2791.25,112.13,11.231028391,56000,55000
06ca78ce0bda0f55cd4d85a6e1bea96288019a0d,2855.18,114.54,11.479826565,56000,56000
06ca78ce0bda0f55cd4d85a6e1bea96288019a0d,2867.28,115.89,11.534859083,56000,56000
06ca78ce0bda0f55cd4d85a6e1bea96288019a0d,2818.80,113.83,11.336354768,54000,56000
06ca78ce0bda0f55cd4d85a6e1bea96288019a0d,2778.26,111.84,11.194033293,56000,54000
06ca78ce0bda0f55cd4d85a6e1bea96288019a0d,2917.14,117.81,11.723363784,56000,56000
06ca78ce0bda0f55cd4d85a6e1bea96288019a0d,2820.47,113.25,11.358649163,56000,55000
06ca78ce0bda0f55cd4d85a6e1bea96288019a0d,2886.43,116.25,11.607123739,56000,56000
06ca78ce0bda0f55cd4d85a6e1bea96288019a0d,2747.46,110.53,11.036800039,56000,55000
06ca78ce0bda0f55cd4d85a6e1bea96288019a0d,2871.45,116.40,11.547211587,55000,55000
06ca78ce0bda0f55cd4d85a6e1bea96288019a0d,2846.26,114.80,11.450049346,55000,55000
06ca78ce0bda0f55cd4d85a6e1bea96288019a0d,2837.36,114.28,11.430017340,55000,55000
06ca78ce0bda0f55cd4d85a6e1bea96288019a0d,2794.72,112.47,11.258493698,56000,55000
06ca78ce0bda0f55cd4d85a6e1bea96288019a0d,2810.90,112.83,11.305924621,56000,56000
06ca78ce0bda0f55cd4d85a6e1bea96288019a0d,2787.70,111.83,11.215387782,55000,56000
06ca78ce0bda0f55cd4d85a6e1bea96288019a0d,2863.90,115.42,11.530184311,56000,55000
06ca78ce0bda0f55cd4d85a6e1bea96288019a0d,2895.38,116.78,11.656433388,56000,55000
06ca78ce0bda0f55cd4d85a6e1bea96288019a0d,2843.14,114.27,11.428580799,56000,56000
06ca78ce0bda0f55cd4d85a6e1bea96288019a0d,2798.69,113.13,11.248758748,55000,56000
06ca78ce0bda0f55cd4d85a6e1bea96288019a0d,2794.68,112.23,11.262071446,55000,56000
06ca78ce0bda0f55cd4d85a6e1bea96288019a0d,2853.83,114.85,11.489781776,56000,54000
06ca78ce0bda0f55cd4d85a6e1bea96288019a0d,2791.50,112.32,11.212778068,55000,55000
06ca78ce0bda0f55cd4d85a6e1bea96288019a0d,2832.79,113.89,11.400592721,55000,56000
06ca78ce0bda0f55cd4d85a6e1bea96288019a0d,2842.44,114.62,11.437851976,55000,56000
06ca78ce0bda0f55cd4d85a6e1bea96288019a0d,2896.61,116.76,11.668477616,56000,56000
06ca78ce0bda0f55cd4d85a6e1bea96288019a0d,2805.29,112.88,11.301823122,55000,55000
06ca78ce0bda0f55cd4d85a6e1bea96288019a0d,2836.70,114.04,11.409233767,56000,56000
06ca78ce0bda0f55cd4d85a6e1bea96288019a0d,2838.02,114.21,11.402558469,56000,56000
06ca78ce0bda0f55cd4d85a6e1bea96288019a0d,2909.61,117.00,11.721103475,55000,55000
06ca78ce0bda0f55cd4d85a6e1bea96288019a0d,2780.81,111.32,11.179178637,55000,56000
4cefb8a642777eabb7d18fc09174e6315dc4eecf,2756.42,111.23,11.056935499,56000,56000
4cefb8a642777eabb7d18fc09174e6315dc4eecf,2815.68,113.32,11.324667530,56000,56000
4cefb8a642777eabb7d18fc09174e6315dc4eecf,2837.68,114.10,11.410886550,55000,55000
4cefb8a642777eabb7d18fc09174e6315dc4eecf,2848.44,114.67,11.470734136,54000,55000
4cefb8a642777eabb7d18fc09174e6315dc4eecf,2836.51,114.38,11.420867704,56000,55000
4cefb8a642777eabb7d18fc09174e6315dc4eecf,2857.14,115.43,11.486799260,55000,56000
4cefb8a642777eabb7d18fc09174e6315dc4eecf,2839.45,114.57,11.421737016,55000,56000
4cefb8a642777eabb7d18fc09174e6315dc4eecf,2872.91,115.64,11.557347483,56000,56000
4cefb8a642777eabb7d18fc09174e6315dc4eecf,2855.00,115.14,11.478703218,56000,55000
4cefb8a642777eabb7d18fc09174e6315dc4eecf,2849.08,114.61,11.460525222,56000,56000
4cefb8a642777eabb7d18fc09174e6315dc4eecf,2844.15,114.97,11.442443014,56000,56000
4cefb8a642777eabb7d18fc09174e6315dc4eecf,2928.51,118.32,11.775486158,56000,55000
4cefb8a642777eabb7d18fc09174e6315dc4eecf,2885.61,116.11,11.613032471,55000,56000
4cefb8a642777eabb7d18fc09174e6315dc4eecf,2866.56,115.46,11.530311187,55000,56000
4cefb8a642777eabb7d18fc09174e6315dc4eecf,2879.59,116.47,11.569407502,56000,55000
4cefb8a642777eabb7d18fc09174e6315dc4eecf,2846.78,114.63,11.444872583,55000,55000
4cefb8a642777eabb7d18fc09174e6315dc4eecf,2860.72,114.86,11.505962010,56000,55000
4cefb8a642777eabb7d18fc09174e6315dc4eecf,2834.23,113.98,11.409436697,56000,56000
4cefb8a642777eabb7d18fc09174e6315dc4eecf,2819.18,113.08,11.376644226,56000,56000
4cefb8a642777eabb7d18fc09174e6315dc4eecf,2850.89,114.75,11.466673690,55000,56000
4cefb8a642777eabb7d18fc09174e6315dc4eecf,2804.05,113.07,11.287595989,56000,55000
4cefb8a642777eabb7d18fc09174e6315dc4eecf,2811.01,112.95,11.314374833,55000,54000
4cefb8a642777eabb7d18fc09174e6315dc4eecf,2837.00,114.68,11.393189929,55000,55000
4cefb8a642777eabb7d18fc09174e6315dc4eecf,2890.21,116.48,11.625821179,55000,55000
4cefb8a642777eabb7d18fc09174e6315dc4eecf,2868.78,116.03,11.523508575,56000,54000
4cefb8a642777eabb7d18fc09174e6315dc4eecf,2788.27,111.26,11.228791172,55000,55000
4cefb8a642777eabb7d18fc09174e6315dc4eecf,2880.03,115.62,11.581250505,55000,55000
4cefb8a642777eabb7d18fc09174e6315dc4eecf,2830.75,113.84,11.399394376,54000,55000
4cefb8a642777eabb7d18fc09174e6315dc4eecf,2867.45,115.33,11.539934519,56000,55000
4cefb8a642777eabb7d18fc09174e6315dc4eecf,2791.99,113.26,11.225658347,56000,55000
f0a364a60f5d1a724fc1154cda157f1cd69f3d12,2873.72,115.79,11.562305743,55000,56000
f0a364a60f5d1a724fc1154cda157f1cd69f3d12,2901.19,117.36,11.645915411,56000,55000
f0a364a60f5d1a724fc1154cda157f1cd69f3d12,2856.74,114.47,11.496184962,56000,55000
f0a364a60f5d1a724fc1154cda157f1cd69f3d12,2817.11,113.85,11.322838106,56000,55000
f0a364a60f5d1a724fc1154cda157f1cd69f3d12,2834.87,114.07,11.398131994,56000,55000
f0a364a60f5d1a724fc1154cda157f1cd69f3d12,2857.18,114.67,11.468242026,56000,55000
f0a364a60f5d1a724fc1154cda157f1cd69f3d12,2766.93,110.92,11.157063901,56000,56000
f0a364a60f5d1a724fc1154cda157f1cd69f3d12,2854.56,114.88,11.500256398,55000,56000
f0a364a60f5d1a724fc1154cda157f1cd69f3d12,2835.95,113.99,11.401723737,55000,56000
f0a364a60f5d1a724fc1154cda157f1cd69f3d12,2780.13,111.61,11.177975191,56000,55000
f0a364a60f5d1a724fc1154cda157f1cd69f3d12,2862.68,115.48,11.520479477,56000,56000
f0a364a60f5d1a724fc1154cda157f1cd69f3d12,2895.10,116.69,11.644991319,55000,55000
f0a364a60f5d1a724fc1154cda157f1cd69f3d12,2839.91,114.35,11.416341239,55000,56000
f0a364a60f5d1a724fc1154cda157f1cd69f3d12,2849.11,114.68,11.462717108,56000,56000
f0a364a60f5d1a724fc1154cda157f1cd69f3d12,2791.37,112.04,11.240570752,55000,56000
f0a364a60f5d1a724fc1154cda157f1cd69f3d12,2858.97,115.08,11.533008472,56000,56000
f0a364a60f5d1a724fc1154cda157f1cd69f3d12,2920.36,117.95,11.729601610,55000,55000
f0a364a60f5d1a724fc1154cda157f1cd69f3d12,2801.65,112.57,11.278775920,55000,55000
f0a364a60f5d1a724fc1154cda157f1cd69f3d12,2802.41,112.67,11.273928907,56000,55000
f0a364a60f5d1a724fc1154cda157f1cd69f3d12,2889.70,116.76,11.626441889,56000,56000
f0a364a60f5d1a724fc1154cda157f1cd69f3d12,2802.10,112.53,11.280403295,56000,56000
f0a364a60f5d1a724fc1154cda157f1cd69f3d12,2842.70,114.43,11.448394647,56000,55000
f0a364a60f5d1a724fc1154cda157f1cd69f3d12,2898.75,116.91,11.676239927,56000,56000
f0a364a60f5d1a724fc1154cda157f1cd69f3d12,2842.25,114.02,11.456405786,55000,55000
f0a364a60f5d1a724fc1154cda157f1cd69f3d12,2773.82,110.97,11.158599840,56000,56000
f0a364a60f5d1a724fc1154cda157f1cd69f3d12,2830.19,113.88,11.388059018,56000,55000
f0a364a60f5d1a724fc1154cda157f1cd69f3d12,2826.68,113.49,11.393085388,55000,56000
f0a364a60f5d1a724fc1154cda157f1cd69f3d12,2772.93,111.73,11.144989834,56000,54000
f0a364a60f5d1a724fc1154cda157f1cd69f3d12,2878.55,115.87,11.564860543,56000,55000
f0a364a60f5d1a724fc1154cda157f1cd69f3d12,2811.31,113.06,11.310858845,56000,56000
12aa23f3d5bc8ec2b7aa76f981da4dad0456ddd3,2798.38,112.73,11.252448245,56000,56000
12aa23f3d5bc8ec2b7aa76f981da4dad0456ddd3,2863.97,115.47,11.512372388,56000,55000
12aa23f3d5bc8ec2b7aa76f981da4dad0456ddd3,2825.93,113.71,11.364672720,55000,56000
12aa23f3d5bc8ec2b7aa76f981da4dad0456ddd3,2802.10,112.35,11.272708151,55000,56000
12aa23f3d5bc8ec2b7aa76f981da4dad0456ddd3,2831.14,113.95,11.397417635,54000,56000
12aa23f3d5bc8ec2b7aa76f981da4dad0456ddd3,2845.35,114.59,11.455507151,56000,56000
12aa23f3d5bc8ec2b7aa76f981da4dad0456ddd3,2852.31,114.72,11.450705928,56000,55000
12aa23f3d5bc8ec2b7aa76f981da4dad0456ddd3,2775.52,111.15,11.184797258,56000,55000
12aa23f3d5bc8ec2b7aa76f981da4dad0456ddd3,2737.42,109.36,11.018967320,56000,55000
12aa23f3d5bc8ec2b7aa76f981da4dad0456ddd3,2874.95,115.80,11.564051604,56000,55000
12aa23f3d5bc8ec2b7aa76f981da4dad0456ddd3,2782.29,112.06,11.203140621,55000,55000
12aa23f3d5bc8ec2b7aa76f981da4dad0456ddd3,2808.26,112.92,11.311086743,56000,56000
12aa23f3d5bc8ec2b7aa76f981da4dad0456ddd3,2790.90,112.27,11.225109896,55000,55000
12aa23f3d5bc8ec2b7aa76f981da4dad0456ddd3,2848.11,114.91,11.461028317,55000,55000
12aa23f3d5bc8ec2b7aa76f981da4dad0456ddd3,2870.04,116.03,11.557870014,54000,55000
12aa23f3d5bc8ec2b7aa76f981da4dad0456ddd3,2825.01,114.01,11.375516332,55000,56000
12aa23f3d5bc8ec2b7aa76f981da4dad0456ddd3,2774.12,111.95,11.157381954,55000,56000
12aa23f3d5bc8ec2b7aa76f981da4dad0456ddd3,2773.78,111.16,11.163165042,55000,56000
12aa23f3d5bc8ec2b7aa76f981da4dad0456ddd3,2842.37,114.35,11.431353105,56000,55000
12aa23f3d5bc8ec2b7aa76f981da4dad0456ddd3,2817.14,113.48,11.334878397,56000,55000
12aa23f3d5bc8ec2b7aa76f981da4dad0456ddd3,2877.52,115.84,11.578743368,55000,56000
12aa23f3d5bc8ec2b7aa76f981da4dad0456ddd3,2870.73,115.64,11.543358908,55000,55000
12aa23f3d5bc8ec2b7aa76f981da4dad0456ddd3,2803.52,112.82,11.278907541,56000,56000
12aa23f3d5bc8ec2b7aa76f981da4dad0456ddd3,2856.43,115.44,11.493729692,56000,55000
12aa23f3d5bc8ec2b7aa76f981da4dad0456ddd3,2797.34,112.63,11.257279535,55000,55000
12aa23f3d5bc8ec2b7aa76f981da4dad0456ddd3,2826.26,113.77,11.381743764,56000,55000
12aa23f3d5bc8ec2b7aa76f981da4dad0456ddd3,2813.07,113.02,11.331879857,55000,56000
12aa23f3d5bc8ec2b7aa76f981da4dad0456ddd3,2801.74,112.60,11.267975722,55000,54000
12aa23f3d5bc8ec2b7aa76f981da4dad0456ddd3,2800.87,113.13,11.266193524,55000,56000
12aa23f3d5bc8ec2b7aa76f981da4dad0456ddd3,2835.24,114.52,11.397302299,56000,56000
9b5fac18de33b8d46d6f446571de627dd8f52f03,2803.00,112.34,11.262579922,56000,56000
9b5fac18de33b8d46d6f446571de627dd8f52f03,2887.05,116.73,11.576542250,55000,55000
9b5fac18de33b8d46d6f446571de627dd8f52f03,2797.48,112.01,11.268815099,56000,56000
9b5fac18de33b8d46d6f446571de627dd8f52f03,2738.09,109.96,11.003919840,55000,54000
9b5fac18de33b8d46d6f446571de627dd8f52f03,2793.44,111.62,11.233248102,55000,56000
9b5fac18de33b8d46d6f446571de627dd8f52f03,2839.55,114.19,11.412506575,55000,56000
9b5fac18de33b8d46d6f446571de627dd8f52f03,2881.90,115.97,11.584719057,56000,55000
9b5fac18de33b8d46d6f446571de627dd8f52f03,2837.24,113.94,11.408234344,56000,56000
9b5fac18de33b8d46d6f446571de627dd8f52f03,2774.47,110.99,11.172482356,56000,55000
9b5fac18de33b8d46d6f446571de627dd8f52f03,2777.35,112.10,11.161797088,55000,55000
9b5fac18de33b8d46d6f446571de627dd8f52f03,2856.83,115.40,11.504033670,55000,55000
9b5fac18de33b8d46d6f446571de627dd8f52f03,2793.05,112.37,11.247437723,56000,55000
9b5fac18de33b8d46d6f446571de627dd8f52f03,2838.44,114.12,11.444132776,56000,55000
9b5fac18de33b8d46d6f446571de627dd8f52f03,2830.16,113.87,11.408674983,56000,55000
9b5fac18de33b8d46d6f446571de627dd8f52f03,2830.65,114.21,11.379450567,55000,55000
9b5fac18de33b8d46d6f446571de627dd8f52f03,2839.68,114.01,11.464964721,56000,56000
9b5fac18de33b8d46d6f446571de627dd8f52f03,2897.04,116.96,11.655462492,56000,55000
9b5fac18de33b8d46d6f446571de627dd8f52f03,2878.35,116.36,11.568104023,55000,56000
9b5fac18de33b8d46d6f446571de627dd8f52f03,2821.55,113.46,11.359496397,55000,55000
9b5fac18de33b8d46d6f446571de627dd8f52f03,2890.33,117.06,11.616099589,56000,56000
9b5fac18de33b8d46d6f446571de627dd8f52f03,2848.73,114.99,11.465632216,55000,56000
9b5fac18de33b8d46d6f446571de627dd8f52f03,2842.82,114.49,11.466056838,55000,56000
9b5fac18de33b8d46d6f446571de627dd8f52f03,2829.26,113.92,11.388055132,55000,56000
9b5fac18de33b8d46d6f446571de627dd8f52f03,2800.15,112.41,11.270258830,56000,55000
9b5fac18de33b8d46d6f446571de627dd8f52f03,2892.97,116.19,11.640544063,55000,56000
9b5fac18de33b8d46d6f446571de627dd8f52f03,2852.04,114.88,11.476553251,54000,55000
9b5fac18de33b8d46d6f446571de627dd8f52f03,2880.75,116.12,11.575760385,56000,55000
9b5fac18de33b8d46d6f446571de627dd8f52f03,2827.76,114.38,11.351097490,56000,54000
9b5fac18de33b8d46d6f446571de627dd8f52f03,2801.26,112.61,11.252671081,56000,55000
9b5fac18de33b8d46d6f446571de627dd8f52f03,2832.73,114.11,11.398313258,56000,55000
8ba4d60c00fd8b6deac4f1f225b3a931055986e5,2873.34,115.71,11.553574024,55000,55000
8ba4d60c00fd8b6deac4f1f225b3a931055986e5,2843.26,114.76,11.430861533,56000,55000
8ba4d60c00fd8b6deac4f1f225b3a931055986e5,2804.11,112.60,11.294918540,55000,55000
8ba4d60c00fd8b6deac4f1f225b3a931055986e5,2835.17,114.07,11.383175324,56000,56000
8ba4d60c00fd8b6deac4f1f225b3a931055986e5,2866.60,115.46,11.524402356,56000,56000
8ba4d60c00fd8b6deac4f1f225b3a931055986e5,2841.19,114.33,11.429818693,55000,56000
8ba4d60c00fd8b6deac4f1f225b3a931055986e5,2819.90,113.98,11.338091835,55000,56000
8ba4d60c00fd8b6deac4f1f225b3a931055986e5,2787.14,111.93,11.199605732,55000,56000
8ba4d60c00fd8b6deac4f1f225b3a931055986e5,2871.63,115.96,11.574073742,54000,55000
8ba4d60c00fd8b6deac4f1f225b3a931055986e5,2863.04,115.41,11.520492509,55000,54000
8ba4d60c00fd8b6deac4f1f225b3a931055986e5,2862.32,115.63,11.513960699,56000,56000
8ba4d60c00fd8b6deac4f1f225b3a931055986e5,2872.84,115.57,11.537632196,56000,56000
8ba4d60c00fd8b6deac4f1f225b3a931055986e5,2740.97,110.05,11.035482317,56000,55000
8ba4d60c00fd8b6deac4f1f225b3a931055986e5,2858.06,115.44,11.520215335,54000,54000
8ba4d60c00fd8b6deac4f1f225b3a931055986e5,2774.45,111.13,11.171981680,55000,56000
8ba4d60c00fd8b6deac4f1f225b3a931055986e5,2904.79,117.70,11.687315835,54000,56000
8ba4d60c00fd8b6deac4f1f225b3a931055986e5,2822.90,113.62,11.360180241,55000,55000
8ba4d60c00fd8b6deac4f1f225b3a931055986e5,2845.60,114.35,11.444526576,55000,55000
8ba4d60c00fd8b6deac4f1f225b3a931055986e5,2845.44,114.61,11.451971811,56000,56000
8ba4d60c00fd8b6deac4f1f225b3a931055986e5,2890.38,117.00,11.614884416,56000,56000
8ba4d60c00fd8b6deac4f1f225b3a931055986e5,2859.34,115.56,11.494751252,55000,56000
8ba4d60c00fd8b6deac4f1f225b3a931055986e5,2810.87,112.96,11.314857280,55000,55000
8ba4d60c00fd8b6deac4f1f225b3a931055986e5,2793.26,112.74,11.257639290,55000,55000
8ba4d60c00fd8b6deac4f1f225b3a931055986e5,2803.75,112.72,11.285243766,55000,56000
8ba4d60c00fd8b6deac4f1f225b3a931055986e5,2859.27,115.67,11.494998325,56000,56000
8ba4d60c00fd8b6deac4f1f225b3a931055986e5,2864.86,115.80,11.523964798,55000,54000
8ba4d60c00fd8b6deac4f1f225b3a931055986e5,2736.28,109.70,11.013406583,56000,55000
8ba4d60c00fd8b6deac4f1f225b3a931055986e5,2860.33,115.41,11.518513677,56000,55000
8ba4d60c00fd8b6deac4f1f225b3a931055986e5,2781.64,112.02,11.190850414,56000,55000
8ba4d60c00fd8b6deac4f1f225b3a931055986e5,2829.76,114.01,11.392849747,56000,55000
11015652268d7c3b48ef17fd8aa92386bebf55c4,2793.78,112.20,11.242075225,56000,55000
11015652268d7c3b48ef17fd8aa92386bebf55c4,2810.03,113.71,11.310839903,55000,56000
11015652268d7c3b48ef17fd8aa92386bebf55c4,2817.33,113.19,11.331854035,55000,55000
11015652268d7c3b48ef17fd8aa92386bebf55c4,2866.51,115.54,11.498506767,55000,55000
11015652268d7c3b48ef17fd8aa92386bebf55c4,2832.68,113.53,11.374896601,56000,56000
11015652268d7c3b48ef17fd8aa92386bebf55c4,2776.56,111.10,11.185523984,56000,56000
11015652268d7c3b48ef17fd8aa92386bebf55c4,2774.88,111.66,11.181688860,56000,56000
11015652268d7c3b48ef17fd8aa92386bebf55c4,2870.94,115.67,11.532426526,56000,56000
11015652268d7c3b48ef17fd8aa92386bebf55c4,2856.70,115.11,11.471549415,56000,55000
11015652268d7c3b48ef17fd8aa92386bebf55c4,2891.44,116.39,11.631225006,56000,56000
11015652268d7c3b48ef17fd8aa92386bebf55c4,2818.52,113.50,11.346500025,55000,56000
11015652268d7c3b48ef17fd8aa92386bebf55c4,2840.52,114.64,11.421027846,56000,56000
11015652268d7c3b48ef17fd8aa92386bebf55c4,2830.78,114.06,11.396595485,56000,55000
11015652268d7c3b48ef17fd8aa92386bebf55c4,2859.46,115.23,11.523556974,55000,55000
11015652268d7c3b48ef17fd8aa92386bebf55c4,2818.25,113.07,11.351758116,56000,56000
11015652268d7c3b48ef17fd8aa92386bebf55c4,2845.87,114.89,11.436607440,56000,55000
11015652268d7c3b48ef17fd8aa92386bebf55c4,2849.29,115.11,11.464464214,54000,56000
11015652268d7c3b48ef17fd8aa92386bebf55c4,2871.17,116.03,11.555442559,55000,56000
11015652268d7c3b48ef17fd8aa92386bebf55c4,2850.98,114.64,11.489143497,56000,55000
11015652268d7c3b48ef17fd8aa92386bebf55c4,2857.50,114.98,11.480294333,56000,55000
11015652268d7c3b48ef17fd8aa92386bebf55c4,2872.98,116.04,11.566545333,56000,56000
11015652268d7c3b48ef17fd8aa92386bebf55c4,2854.30,115.12,11.484193872,55000,54000
11015652268d7c3b48ef17fd8aa92386bebf55c4,2868.16,115.67,11.539039738,55000,55000
11015652268d7c3b48ef17fd8aa92386bebf55c4,2789.98,111.81,11.232689753,56000,55000
11015652268d7c3b48ef17fd8aa92386bebf55c4,2852.54,114.80,11.460972594,55000,56000
11015652268d7c3b48ef17fd8aa92386bebf55c4,2837.15,113.71,11.412381107,54000,56000
11015652268d7c3b48ef17fd8aa92386bebf55c4,2809.97,113.31,11.305670157,55000,56000
11015652268d7c3b48ef17fd8aa92386bebf55c4,2846.15,114.18,11.461199924,55000,56000
11015652268d7c3b48ef17fd8aa92386bebf55c4,2858.64,115.22,11.496682123,56000,55000
11015652268d7c3b48ef17fd8aa92386bebf55c4,2860.79,115.29,11.506153977,55000,55000
5f94ed6f590fa52047814eb92e67f23aa410019e,2861.97,115.32,11.516265061,56000,56000
5f94ed6f590fa52047814eb92e67f23aa410019e,2768.02,110.98,11.130625030,56000,55000
5f94ed6f590fa52047814eb92e67f23aa410019e,2811.29,113.18,11.306491679,55000,56000
5f94ed6f590fa52047814eb92e67f23aa410019e,2839.97,114.26,11.428626830,55000,56000
5f94ed6f590fa52047814eb92e67f23aa410019e,2830.62,113.89,11.366678371,55000,56000
5f94ed6f590fa52047814eb92e67f23aa410019e,2857.47,114.59,11.506280968,55000,56000
5f94ed6f590fa52047814eb92e67f23aa410019e,2768.89,111.31,11.122670848,55000,56000
5f94ed6f590fa52047814eb92e67f23aa410019e,2793.49,112.22,11.214334270,56000,56000
5f94ed6f590fa52047814eb92e67f23aa410019e,2840.04,114.32,11.420595811,55000,55000
5f94ed6f590fa52047814eb92e67f23aa410019e,2832.18,113.74,11.385702660,55000,55000
5f94ed6f590fa52047814eb92e67f23aa410019e,2820.06,112.90,11.356289611,56000,56000
5f94ed6f590fa52047814eb92e67f23aa410019e,2810.14,112.74,11.285170012,54000,55000
5f94ed6f590fa52047814eb92e67f23aa410019e,2811.32,112.91,11.297934465,54000,55000
5f94ed6f590fa52047814eb92e67f23aa410019e,2876.82,116.04,11.585917424,55000,56000
5f94ed6f590fa52047814eb92e67f23aa410019e,2861.50,115.65,11.508580032,55000,56000
5f94ed6f590fa52047814eb92e67f23aa410019e,2782.04,111.79,11.183802237,55000,55000
5f94ed6f590fa52047814eb92e67f23aa410019e,2862.85,115.44,11.524089599,55000,56000
5f94ed6f590fa52047814eb92e67f23aa410019e,2815.76,112.53,11.365133704,56000,55000
5f94ed6f590fa52047814eb92e67f23aa410019e,2770.84,111.41,11.129962714,56000,56000
5f94ed6f590fa52047814eb92e67f23aa410019e,2808.33,113.15,11.301116811,54000,55000
5f94ed6f590fa52047814eb92e67f23aa410019e,2836.55,114.47,11.396992991,56000,56000
5f94ed6f590fa52047814eb92e67f23aa410019e,2766.25,110.85,11.144993144,56000,54000
5f94ed6f590fa52047814eb92e67f23aa410019e,2881.60,116.41,11.592027490,56000,55000
5f94ed6f590fa52047814eb92e67f23aa410019e,2861.89,114.86,11.528869042,56000,55000
5f94ed6f590fa52047814eb92e67f23aa410019e,2835.92,114.10,11.390273398,56000,55000
5f94ed6f590fa52047814eb92e67f23aa410019e,2833.84,113.53,11.411390330,56000,56000
5f94ed6f590fa52047814eb92e67f23aa410019e,2896.08,116.72,11.653863724,55000,56000
5f94ed6f590fa52047814eb92e67f23aa410019e,2797.55,112.53,11.269733973,55000,56000
5f94ed6f590fa52047814eb92e67f23aa410019e,2801.83,112.24,11.288469918,55000,55000
5f94ed6f590fa52047814eb92e67f23aa410019e,2867.91,115.76,11.530039392,55000,55000
4100b1110eb6483346cf01e3225cd768b32ca2d6,2812.27,113.45,11.326293660,57000,55000
4100b1110eb6483346cf01e3225cd768b32ca2d6,2794.09,112.29,11.244204328,56000,56000
4100b1110eb6483346cf01e3225cd768b32ca2d6,2849.58,114.27,11.464090558,56000,55000
4100b1110eb6483346cf01e3225cd768b32ca2d6,2797.82,112.43,11.230761160,56000,56000
4100b1110eb6483346cf01e3225cd768b32ca2d6,2863.29,115.47,11.500658340,55000,56000
4100b1110eb6483346cf01e3225cd768b32ca2d6,2812.62,113.63,11.304684138,56000,55000
4100b1110eb6483346cf01e3225cd768b32ca2d6,2718.01,109.18,10.911690185,55000,55000
4100b1110eb6483346cf01e3225cd768b32ca2d6,2791.49,111.80,11.219840338,56000,56000
4100b1110eb6483346cf01e3225cd768b32ca2d6,2760.19,110.28,11.115372613,55000,55000
4100b1110eb6483346cf01e3225cd768b32ca2d6,2837.37,114.09,11.411207488,55000,55000
4100b1110eb6483346cf01e3225cd768b32ca2d6,2815.12,113.05,11.338990340,56000,56000
4100b1110eb6483346cf01e3225cd768b32ca2d6,2719.51,108.62,10.973120104,56000,56000
4100b1110eb6483346cf01e3225cd768b32ca2d6,2845.45,114.61,11.463949487,55000,55000
4100b1110eb6483346cf01e3225cd768b32ca2d6,2869.27,116.23,11.534199078,56000,56000
4100b1110eb6483346cf01e3225cd768b32ca2d6,2789.62,112.49,11.205548698,55000,54000
4100b1110eb6483346cf01e3225cd768b32ca2d6,2753.29,110.03,11.090714246,56000,55000
4100b1110eb6483346cf01e3225cd768b32ca2d6,2819.92,113.51,11.348172062,55000,56000
4100b1110eb6483346cf01e3225cd768b32ca2d6,2854.95,114.82,11.485241006,55000,54000
4100b1110eb6483346cf01e3225cd768b32ca2d6,2839.73,114.35,11.449499288,55000,56000
4100b1110eb6483346cf01e3225cd768b32ca2d6,2821.34,113.06,11.361609057,56000,55000
4100b1110eb6483346cf01e3225cd768b32ca2d6,2814.96,113.20,11.316905500,56000,54000
4100b1110eb6483346cf01e3225cd768b32ca2d6,2820.01,113.42,11.359007714,56000,55000
4100b1110eb6483346cf01e3225cd768b32ca2d6,2820.46,114.14,11.341259134,56000,55000
4100b1110eb6483346cf01e3225cd768b32ca2d6,2897.24,116.79,11.646869565,54000,56000
4100b1110eb6483346cf01e3225cd768b32ca2d6,2894.26,116.89,11.640066297,55000,55000
4100b1110eb6483346cf01e3225cd768b32ca2d6,2859.67,115.46,11.494388593,55000,55000
4100b1110eb6483346cf01e3225cd768b32ca2d6,2863.60,115.37,11.514916448,56000,55000
4100b1110eb6483346cf01e3225cd768b32ca2d6,2821.59,113.33,11.346440499,56000,55000
4100b1110eb6483346cf01e3225cd768b32ca2d6,2836.16,114.33,11.398357206,55000,55000
4100b1110eb6483346cf01e3225cd768b32ca2d6,2827.23,114.45,11.376597919,56000,54000
e68c6741fd50f68c8a957f36c58f2a4a0bed3108,2861.13,115.01,11.472384616,56000,56000
e68c6741fd50f68c8a957f36c58f2a4a0bed3108,2846.19,114.46,11.426562372,55000,55000
e68c6741fd50f68c8a957f36c58f2a4a0bed3108,2873.76,116.08,11.580897168,55000,56000
e68c6741fd50f68c8a957f36c58f2a4a0bed3108,2838.39,114.45,11.402647282,56000,56000
e68c6741fd50f68c8a957f36c58f2a4a0bed3108,2876.86,115.91,11.597845390,55000,56000
e68c6741fd50f68c8a957f36c58f2a4a0bed3108,2864.33,116.01,11.505012758,55000,55000
e68c6741fd50f68c8a957f36c58f2a4a0bed3108,2833.79,114.06,11.388287849,56000,56000
e68c6741fd50f68c8a957f36c58f2a4a0bed3108,2900.07,117.12,11.649403789,56000,55000
e68c6741fd50f68c8a957f36c58f2a4a0bed3108,2881.31,116.26,11.589186586,55000,56000
e68c6741fd50f68c8a957f36c58f2a4a0bed3108,2824.00,113.72,11.368792693,55000,56000
e68c6741fd50f68c8a957f36c58f2a4a0bed3108,2846.63,114.56,11.476877792,55000,55000
e68c6741fd50f68c8a957f36c58f2a4a0bed3108,2863.63,115.36,11.507468814,56000,56000
e68c6741fd50f68c8a957f36c58f2a4a0bed3108,2788.03,112.12,11.215873896,55000,55000
e68c6741fd50f68c8a957f36c58f2a4a0bed3108,2793.60,112.08,11.238307629,56000,56000
e68c6741fd50f68c8a957f36c58f2a4a0bed3108,2827.15,113.57,11.378025774,55000,55000
e68c6741fd50f68c8a957f36c58f2a4a0bed3108,2819.43,113.58,11.333558951,55000,56000
e68c6741fd50f68c8a957f36c58f2a4a0bed3108,2821.01,113.59,11.360581469,55000,55000
e68c6741fd50f68c8a957f36c58f2a4a0bed3108,2832.27,114.15,11.404253146,56000,56000
e68c6741fd50f68c8a957f36c58f2a4a0bed3108,2854.87,114.79,11.480742902,55000,55000
e68c6741fd50f68c8a957f36c58f2a4a0bed3108,2796.17,112.01,11.249285493,55000,55000
e68c6741fd50f68c8a957f36c58f2a4a0bed3108,2873.64,115.87,11.554532292,55000,56000
e68c6741fd50f68c8a957f36c58f2a4a0bed3108,2806.24,112.50,11.288118844,55000,56000
e68c6741fd50f68c8a957f36c58f2a4a0bed3108,2877.39,116.33,11.565109320,55000,56000
e68c6741fd50f68c8a957f36c58f2a4a0bed3108,2817.86,113.05,11.332097471,56000,55000
e68c6741fd50f68c8a957f36c58f2a4a0bed3108,2914.20,118.02,11.732492050,56000,55000
e68c6741fd50f68c8a957f36c58f2a4a0bed3108,2824.32,113.80,11.365233726,56000,56000
e68c6741fd50f68c8a957f36c58f2a4a0bed3108,2868.60,116.05,11.533287355,56000,56000
e68c6741fd50f68c8a957f36c58f2a4a0bed3108,2858.21,115.39,11.505146611,55000,55000
e68c6741fd50f68c8a957f36c58f2a4a0bed3108,2845.41,114.58,11.470813990,55000,56000
e68c6741fd50f68c8a957f36c58f2a4a0bed3108,2854.59,115.24,11.476015641,56000,55000
84b76f5375ddceb60a995415a8bb83b6cd64fe16,2865.21,115.65,11.518328083,56000,56000
84b76f5375ddceb60a995415a8bb83b6cd64fe16,2881.79,116.23,11.554571111,56000,56000
84b76f5375ddceb60a995415a8bb83b6cd64fe16,2903.64,117.41,11.667944406,55000,56000
84b76f5375ddceb60a995415a8bb83b6cd64fe16,2851.46,115.03,11.454855368,56000,56000
84b76f5375ddceb60a995415a8bb83b6cd64fe16,2870.36,115.95,11.521116089,56000,56000
84b76f5375ddceb60a995415a8bb83b6cd64fe16,2826.31,114.55,11.340593842,56000,56000
84b76f5375ddceb60a995415a8bb83b6cd64fe16,2864.65,115.38,11.516840808,56000,55000
84b76f5375ddceb60a995415a8bb83b6cd64fe16,2855.00,114.47,11.507561560,54000,56000
84b76f5375ddceb60a995415a8bb83b6cd64fe16,2836.48,114.04,11.400401412,56000,56000
84b76f5375ddceb60a995415a8bb83b6cd64fe16,2854.58,114.80,11.478762095,56000,56000
84b76f5375ddceb60a995415a8bb83b6cd64fe16,2866.82,115.55,11.541799128,55000,55000
84b76f5375ddceb60a995415a8bb83b6cd64fe16,2910.14,117.53,11.709104663,55000,56000
84b76f5375ddceb60a995415a8bb83b6cd64fe16,2907.71,117.71,11.690636463,55000,56000
84b76f5375ddceb60a995415a8bb83b6cd64fe16,2851.63,115.21,11.460986605,56000,56000
84b76f5375ddceb60a995415a8bb83b6cd64fe16,2868.99,115.83,11.527006181,54000,55000
84b76f5375ddceb60a995415a8bb83b6cd64fe16,2884.30,116.98,11.577606085,56000,55000
84b76f5375ddceb60a995415a8bb83b6cd64fe16,2851.87,115.44,11.470281424,56000,56000
84b76f5375ddceb60a995415a8bb83b6cd64fe16,2861.82,115.70,11.505801712,55000,55000
84b76f5375ddceb60a995415a8bb83b6cd64fe16,2866.79,115.24,11.514934012,55000,56000
84b76f5375ddceb60a995415a8bb83b6cd64fe16,2893.79,116.95,11.653020543,56000,56000
84b76f5375ddceb60a995415a8bb83b6cd64fe16,2879.96,116.58,11.574949519,55000,56000
84b76f5375ddceb60a995415a8bb83b6cd64fe16,2861.88,115.39,11.513518902,55000,56000
84b76f5375ddceb60a995415a8bb83b6cd64fe16,2840.62,114.50,11.412695292,56000,56000
84b76f5375ddceb60a995415a8bb83b6cd64fe16,2801.93,113.24,11.273199216,55000,55000
84b76f5375ddceb60a995415a8bb83b6cd64fe16,2842.41,114.44,11.448325771,55000,56000
84b76f5375ddceb60a995415a8bb83b6cd64fe16,2832.78,114.16,11.419301707,55000,56000
84b76f5375ddceb60a995415a8bb83b6cd64fe16,2854.20,115.29,11.466703007,55000,56000
84b76f5375ddceb60a995415a8bb83b6cd64fe16,2844.37,114.14,11.428907324,55000,55000
84b76f5375ddceb60a995415a8bb83b6cd64fe16,2822.35,113.69,11.338370260,56000,56000
84b76f5375ddceb60a995415a8bb83b6cd64fe16,2848.14,114.70,11.468672680,56000,55000
87b2d08dd6499546c132fea63b2722765b45e157,2843.06,114.54,11.442459488,55000,56000
87b2d08dd6499546c132fea63b2722765b45e157,2899.59,117.02,11.670266050,56000,56000
87b2d08dd6499546c132fea63b2722765b45e157,2858.34,115.52,11.497645651,56000,56000
87b2d08dd6499546c132fea63b2722765b45e157,2864.02,115.06,11.519479542,56000,56000
87b2d08dd6499546c132fea63b2722765b45e157,2863.97,115.33,11.531187702,56000,55000
87b2d08dd6499546c132fea63b2722765b45e157,2877.17,116.01,11.577370072,56000,55000
87b2d08dd6499546c132fea63b2722765b45e157,2856.74,115.27,11.465758022,56000,55000
87b2d08dd6499546c132fea63b2722765b45e157,2865.51,115.45,11.544435098,55000,55000
87b2d08dd6499546c132fea63b2722765b45e157,2803.51,113.40,11.279253812,56000,55000
87b2d08dd6499546c132fea63b2722765b45e157,2879.53,116.23,11.578242075,55000,56000
87b2d08dd6499546c132fea63b2722765b45e157,2872.82,116.15,11.551919510,55000,56000
87b2d08dd6499546c132fea63b2722765b45e157,2903.09,117.45,11.678002509,55000,56000
87b2d08dd6499546c132fea63b2722765b45e157,2877.11,116.29,11.577310152,54000,55000
87b2d08dd6499546c132fea63b2722765b45e157,2872.36,115.55,11.575197733,55000,55000
87b2d08dd6499546c132fea63b2722765b45e157,2844.88,113.90,11.459698662,56000,55000
87b2d08dd6499546c132fea63b2722765b45e157,2824.23,113.43,11.369140626,56000,56000
87b2d08dd6499546c132fea63b2722765b45e157,2861.72,115.40,11.519102881,54000,56000
87b2d08dd6499546c132fea63b2722765b45e157,2881.13,116.13,11.590245805,56000,56000
87b2d08dd6499546c132fea63b2722765b45e157,2908.35,117.74,11.713087109,56000,54000
87b2d08dd6499546c132fea63b2722765b45e157,2899.23,117.17,11.673856294,55000,56000
87b2d08dd6499546c132fea63b2722765b45e157,2889.80,116.96,11.619547319,56000,56000
87b2d08dd6499546c132fea63b2722765b45e157,2797.10,112.76,11.238736157,55000,56000
87b2d08dd6499546c132fea63b2722765b45e157,2872.77,115.72,11.549311879,55000,56000
87b2d08dd6499546c132fea63b2722765b45e157,2802.54,113.10,11.284966671,56000,55000
87b2d08dd6499546c132fea63b2722765b45e157,2877.52,115.94,11.586534694,56000,56000
87b2d08dd6499546c132fea63b2722765b45e157,2832.87,114.36,11.406119324,56000,56000
87b2d08dd6499546c132fea63b2722765b45e157,2846.21,115.01,11.442135321,55000,56000
87b2d08dd6499546c132fea63b2722765b45e157,2865.97,115.37,11.531593006,55000,54000
87b2d08dd6499546c132fea63b2722765b45e157,2867.98,115.90,11.528808674,55000,55000
87b2d08dd6499546c132fea63b2722765b45e157,2875.41,116.23,11.569882449,56000,56000
0e32b49c260a9e5f8afefe14b326546dacccd37e,2863.25,115.65,11.551645133,56000,56000
0e32b49c260a9e5f8afefe14b326546dacccd37e,2834.12,114.36,11.373696097,56000,55000
0e32b49c260a9e5f8afefe14b326546dacccd37e,2839.17,114.21,11.415592169,56000,56000
0e32b49c260a9e5f8afefe14b326546dacccd37e,2859.55,115.30,11.501503535,56000,56000
0e32b49c260a9e5f8afefe14b326546dacccd37e,2853.68,115.24,11.460326784,55000,56000
0e32b49c260a9e5f8afefe14b326546dacccd37e,2871.82,116.13,11.551539188,56000,56000
0e32b49c260a9e5f8afefe14b326546dacccd37e,2870.77,116.00,11.546440299,55000,54000
0e32b49c260a9e5f8afefe14b326546dacccd37e,2822.30,113.67,11.365449135,56000,55000
0e32b49c260a9e5f8afefe14b326546dacccd37e,2882.39,116.28,11.582542284,54000,55000
0e32b49c260a9e5f8afefe14b326546dacccd37e,2812.86,112.65,11.291774054,56000,56000
0e32b49c260a9e5f8afefe14b326546dacccd37e,2799.30,112.87,11.255248693,56000,56000
0e32b49c260a9e5f8afefe14b326546dacccd37e,2821.67,113.94,11.348604187,55000,55000
0e32b49c260a9e5f8afefe14b326546dacccd37e,2903.89,117.20,11.672826609,55000,56000
0e32b49c260a9e5f8afefe14b326546dacccd37e,2873.95,116.09,11.559072595,56000,55000
0e32b49c260a9e5f8afefe14b326546dacccd37e,2848.43,115.12,11.465297679,56000,56000
0e32b49c260a9e5f8afefe14b326546dacccd37e,2802.52,112.73,11.296379605,55000,55000
0e32b49c260a9e5f8afefe14b326546dacccd37e,2854.51,115.22,11.500299716,55000,54000
0e32b49c260a9e5f8afefe14b326546dacccd37e,2896.58,116.72,11.660646227,56000,56000
0e32b49c260a9e5f8afefe14b326546dacccd37e,2857.85,115.47,11.500277972,55000,56000
0e32b49c260a9e5f8afefe14b326546dacccd37e,2909.26,117.93,11.679555474,56000,56000
0e32b49c260a9e5f8afefe14b326546dacccd37e,2882.38,116.29,11.594807136,56000,56000
0e32b49c260a9e5f8afefe14b326546dacccd37e,2873.07,115.87,11.562678846,55000,55000
0e32b49c260a9e5f8afefe14b326546dacccd37e,2779.04,111.78,11.179960169,56000,56000
0e32b49c260a9e5f8afefe14b326546dacccd37e,2901.45,117.53,11.660371914,55000,55000
0e32b49c260a9e5f8afefe14b326546dacccd37e,2916.56,118.09,11.720824045,56000,56000
0e32b49c260a9e5f8afefe14b326546dacccd37e,2898.58,117.12,11.649739837,56000,56000
0e32b49c260a9e5f8afefe14b326546dacccd37e,2865.70,115.42,11.555659038,56000,55000
0e32b49c260a9e5f8afefe14b326546dacccd37e,2848.43,114.13,11.471659830,56000,55000
0e32b49c260a9e5f8afefe14b326546dacccd37e,2902.03,117.30,11.647884793,56000,55000
0e32b49c260a9e5f8afefe14b326546dacccd37e,2824.97,113.82,11.362081979,55000,55000
4166fc02b71873b1a99140d09ac61e7badb3ac93,2863.31,115.34,11.518715851,56000,55000
4166fc02b71873b1a99140d09ac61e7badb3ac93,2919.09,117.43,11.703813039,55000,56000
4166fc02b71873b1a99140d09ac61e7badb3ac93,2829.15,114.53,11.372772150,56000,56000
4166fc02b71873b1a99140d09ac61e7badb3ac93,2877.40,115.83,11.564482023,55000,56000
4166fc02b71873b1a99140d09ac61e7badb3ac93,2808.03,113.98,11.288440752,55000,55000
4166fc02b71873b1a99140d09ac61e7badb3ac93,2850.29,115.06,11.465638071,56000,56000
4166fc02b71873b1a99140d09ac61e7badb3ac93,2814.88,113.06,11.334986522,56000,56000
4166fc02b71873b1a99140d09ac61e7badb3ac93,2817.04,113.37,11.355095364,56000,56000
4166fc02b71873b1a99140d09ac61e7badb3ac93,2864.67,115.62,11.520000861,56000,54000
4166fc02b71873b1a99140d09ac61e7badb3ac93,2794.71,112.83,11.246111601,56000,55000
4166fc02b71873b1a99140d09ac61e7badb3ac93,2890.46,116.68,11.636532841,55000,56000
4166fc02b71873b1a99140d09ac61e7badb3ac93,2865.69,115.42,11.557207693,55000,55000
4166fc02b71873b1a99140d09ac61e7badb3ac93,2828.14,114.75,11.370127274,56000,56000
4166fc02b71873b1a99140d09ac61e7badb3ac93,2774.98,111.56,11.162365599,56000,56000
4166fc02b71873b1a99140d09ac61e7badb3ac93,2886.76,116.75,11.631886005,55000,55000
4166fc02b71873b1a99140d09ac61e7badb3ac93,2809.34,113.32,11.294743350,56000,56000
4166fc02b71873b1a99140d09ac61e7badb3ac93,2846.89,114.85,11.453590028,55000,54000
4166fc02b71873b1a99140d09ac61e7badb3ac93,2740.80,110.34,11.015541856,54000,55000
4166fc02b71873b1a99140d09ac61e7badb3ac93,2821.70,113.97,11.335802562,55000,56000
4166fc02b71873b1a99140d09ac61e7badb3ac93,2835.88,114.24,11.411822348,56000,55000
4166fc02b71873b1a99140d09ac61e7badb3ac93,2856.92,115.98,11.493084567,56000,55000
4166fc02b71873b1a99140d09ac61e7badb3ac93,2858.79,115.43,11.491992518,56000,55000
4166fc02b71873b1a99140d09ac61e7badb3ac93,2830.76,114.65,11.374731019,56000,55000
4166fc02b71873b1a99140d09ac61e7badb3ac93,2893.15,116.66,11.643647159,56000,56000
4166fc02b71873b1a99140d09ac61e7badb3ac93,2858.01,115.62,11.483993004,56000,55000
4166fc02b71873b1a99140d09ac61e7badb3ac93,2846.35,114.35,11.436239917,55000,56000
4166fc02b71873b1a99140d09ac61e7badb3ac93,2829.46,113.81,11.389366847,56000,55000
4166fc02b71873b1a99140d09ac61e7badb3ac93,2871.19,115.48,11.542734679,55000,56000
4166fc02b71873b1a99140d09ac61e7badb3ac93,2780.79,112.11,11.189566034,55000,56000
4166fc02b71873b1a99140d09ac61e7badb3ac93,2895.91,117.32,11.634962362,55000,55000
68804d35aa7c7d71c977d4e7f9df1c65c6a42366,2850.10,115.30,11.468707120,56000,56000
68804d35aa7c7d71c977d4e7f9df1c65c6a42366,2834.24,114.45,11.389841476,56000,55000
68804d35aa7c7d71c977d4e7f9df1c65c6a42366,2790.06,112.44,11.215355136,55000,56000
68804d35aa7c7d71c977d4e7f9df1c65c6a42366,2877.02,115.88,11.545565724,56000,56000
68804d35aa7c7d71c977d4e7f9df1c65c6a42366,2875.08,116.14,11.567435145,55000,56000
68804d35aa7c7d71c977d4e7f9df1c65c6a42366,2900.45,117.18,11.645404624,56000,56000
68804d35aa7c7d71c977d4e7f9df1c65c6a42366,2821.53,113.41,11.349597679,56000,56000
68804d35aa7c7d71c977d4e7f9df1c65c6a42366,2851.51,115.51,11.463150858,56000,56000
68804d35aa7c7d71c977d4e7f9df1c65c6a42366,2885.33,117.03,11.581771614,56000,55000
68804d35aa7c7d71c977d4e7f9df1c65c6a42366,2819.54,113.49,11.348205003,55000,56000
68804d35aa7c7d71c977d4e7f9df1c65c6a42366,2811.15,113.18,11.313418332,55000,55000
68804d35aa7c7d71c977d4e7f9df1c65c6a42366,2829.53,114.14,11.360546657,55000,56000
68804d35aa7c7d71c977d4e7f9df1c65c6a42366,2856.20,115.11,11.505708189,56000,56000
68804d35aa7c7d71c977d4e7f9df1c65c6a42366,2837.10,114.13,11.413863799,55000,56000
68804d35aa7c7d71c977d4e7f9df1c65c6a42366,2857.32,115.67,11.494336637,56000,56000
68804d35aa7c7d71c977d4e7f9df1c65c6a42366,2865.80,115.66,11.535764336,56000,56000
68804d35aa7c7d71c977d4e7f9df1c65c6a42366,2835.18,114.42,11.386988858,55000,56000
68804d35aa7c7d71c977d4e7f9df1c65c6a42366,2929.78,118.32,11.775218531,55000,55000
68804d35aa7c7d71c977d4e7f9df1c65c6a42366,2869.42,115.54,11.560874262,56000,55000
68804d35aa7c7d71c977d4e7f9df1c65c6a42366,2860.14,115.31,11.498649557,55000,56000
68804d35aa7c7d71c977d4e7f9df1c65c6a42366,2847.97,115.32,11.450455072,56000,56000
68804d35aa7c7d71c977d4e7f9df1c65c6a42366,2820.28,113.61,11.328143822,55000,56000
68804d35aa7c7d71c977d4e7f9df1c65c6a42366,2796.06,112.94,11.234133598,56000,56000
68804d35aa7c7d71c977d4e7f9df1c65c6a42366,2876.65,116.05,11.562195190,56000,56000
68804d35aa7c7d71c977d4e7f9df1c65c6a42366,2835.64,114.09,11.399695361,55000,55000
68804d35aa7c7d71c977d4e7f9df1c65c6a42366,2859.50,115.79,11.525578400,55000,56000
68804d35aa7c7d71c977d4e7f9df1c65c6a42366,2824.10,113.39,11.354930592,56000,55000
68804d35aa7c7d71c977d4e7f9df1c65c6a42366,2879.38,116.15,11.571754003,56000,55000
68804d35aa7c7d71c977d4e7f9df1c65c6a42366,2829.24,114.76,11.367422759,55000,56000
68804d35aa7c7d71c977d4e7f9df1c65c6a42366,2875.58,115.73,11.570558558,56000,56000
708c35cb144fdf4d5b1905dff18251b86a83d77f,2832.60,114.86,11.407106044,56000,55000
708c35cb144fdf4d5b1905dff18251b86a83d77f,2916.11,117.75,11.716056589,55000,56000
708c35cb144fdf4d5b1905dff18251b86a83d77f,2826.85,113.83,11.375076004,55000,55000
708c35cb144fdf4d5b1905dff18251b86a83d77f,2853.22,115.71,11.456078598,55000,56000
708c35cb144fdf4d5b1905dff18251b86a83d77f,2874.88,115.81,11.567352023,55000,55000
708c35cb144fdf4d5b1905dff18251b86a83d77f,2866.81,115.51,11.530905966,56000,54000
708c35cb144fdf4d5b1905dff18251b86a83d77f,2874.46,116.20,11.543889198,55000,56000
708c35cb144fdf4d5b1905dff18251b86a83d77f,2836.98,114.66,11.411011834,56000,56000
708c35cb144fdf4d5b1905dff18251b86a83d77f,2835.45,114.51,11.407701848,55000,56000
708c35cb144fdf4d5b1905dff18251b86a83d77f,2801.76,112.70,11.265723646,54000,55000
708c35cb144fdf4d5b1905dff18251b86a83d77f,2921.60,117.85,11.765953987,56000,56000
708c35cb144fdf4d5b1905dff18251b86a83d77f,2871.91,116.33,11.543475210,55000,55000
708c35cb144fdf4d5b1905dff18251b86a83d77f,2885.91,116.90,11.615832452,55000,55000
708c35cb144fdf4d5b1905dff18251b86a83d77f,2769.24,111.31,11.142513057,55000,54000
708c35cb144fdf4d5b1905dff18251b86a83d77f,2837.32,114.24,11.410218644,55000,56000
708c35cb144fdf4d5b1905dff18251b86a83d77f,2834.64,114.03,11.400021818,55000,56000
708c35cb144fdf4d5b1905dff18251b86a83d77f,2812.25,113.42,11.294115671,56000,56000
708c35cb144fdf4d5b1905dff18251b86a83d77f,2823.74,113.77,11.346357308,56000,56000
708c35cb144fdf4d5b1905dff18251b86a83d77f,2848.88,114.64,11.457372356,55000,55000
708c35cb144fdf4d5b1905dff18251b86a83d77f,2826.14,113.84,11.369243290,56000,55000
708c35cb144fdf4d5b1905dff18251b86a83d77f,2819.27,113.71,11.342252023,56000,55000
708c35cb144fdf4d5b1905dff18251b86a83d77f,2890.03,117.47,11.627780047,55000,56000
708c35cb144fdf4d5b1905dff18251b86a83d77f,2812.81,113.72,11.298037628,55000,56000
708c35cb144fdf4d5b1905dff18251b86a83d77f,2850.28,114.71,11.480272008,54000,55000
708c35cb144fdf4d5b1905dff18251b86a83d77f,2873.57,116.04,11.534137652,55000,56000
708c35cb144fdf4d5b1905dff18251b86a83d77f,2823.08,113.80,11.350482611,56000,55000
708c35cb144fdf4d5b1905dff18251b86a83d77f,2878.46,116.52,11.583845235,56000,56000
708c35cb144fdf4d5b1905dff18251b86a83d77f,2818.08,112.91,11.355563050,55000,56000
708c35cb144fdf4d5b1905dff18251b86a83d77f,2869.43,115.70,11.550348140,54000,55000
708c35cb144fdf4d5b1905dff18251b86a83d77f,2766.86,111.08,11.163387522,56000,56000
9da60a2b11d9295ba3479850c136e4d0446ddf7f,2887.18,116.75,11.615266492,55000,55000
9da60a2b11d9295ba3479850c136e4d0446ddf7f,2858.18,115.72,11.481871741,56000,55000
9da60a2b11d9295ba3479850c136e4d0446ddf7f,2883.09,116.30,11.589012805,56000,56000
9da60a2b11d9295ba3479850c136e4d0446ddf7f,2870.96,115.99,11.518934610,55000,56000
9da60a2b11d9295ba3479850c136e4d0446ddf7f,2854.20,115.46,11.476564668,55000,56000
9da60a2b11d9295ba3479850c136e4d0446ddf7f,2887.42,116.24,11.608611104,56000,54000
9da60a2b11d9295ba3479850c136e4d0446ddf7f,2882.23,116.38,11.585682163,56000,56000
9da60a2b11d9295ba3479850c136e4d0446ddf7f,2811.50,113.15,11.303944063,56000,56000
9da60a2b11d9295ba3479850c136e4d0446ddf7f,2872.44,116.05,11.548440420,56000,56000
9da60a2b11d9295ba3479850c136e4d0446ddf7f,2869.23,115.95,11.541371643,56000,55000
9da60a2b11d9295ba3479850c136e4d0446ddf7f,2841.71,114.56,11.440826337,55000,55000
9da60a2b11d9295ba3479850c136e4d0446ddf7f,2898.63,117.56,11.672204355,56000,55000
9da60a2b11d9295ba3479850c136e4d0446ddf7f,2880.05,116.34,11.572565000,56000,54000
9da60a2b11d9295ba3479850c136e4d0446ddf7f,2824.56,114.26,11.365287928,56000,54000
9da60a2b11d9295ba3479850c136e4d0446ddf7f,2819.09,113.69,11.351124082,56000,54000
9da60a2b11d9295ba3479850c136e4d0446ddf7f,2887.99,117.00,11.610668165,56000,55000
9da60a2b11d9295ba3479850c136e4d0446ddf7f,2865.67,115.55,11.518277452,55000,54000
9da60a2b11d9295ba3479850c136e4d0446ddf7f,2921.08,117.72,11.744672214,56000,56000
9da60a2b11d9295ba3479850c136e4d0446ddf7f,2836.67,113.90,11.414106434,55000,55000
9da60a2b11d9295ba3479850c136e4d0446ddf7f,2912.64,117.61,11.710597052,56000,56000
9da60a2b11d9295ba3479850c136e4d0446ddf7f,2805.20,113.37,11.281214285,56000,55000
9da60a2b11d9295ba3479850c136e4d0446ddf7f,2846.41,114.79,11.445164948,56000,56000
9da60a2b11d9295ba3479850c136e4d0446ddf7f,2886.35,116.64,11.614718455,55000,56000
9da60a2b11d9295ba3479850c136e4d0446ddf7f,2830.77,114.19,11.401430718,55000,55000
9da60a2b11d9295ba3479850c136e4d0446ddf7f,2859.45,115.55,11.476548842,56000,56000
9da60a2b11d9295ba3479850c136e4d0446ddf7f,2857.70,115.38,11.488129755,56000,55000
9da60a2b11d9295ba3479850c136e4d0446ddf7f,2874.43,116.01,11.549433703,55000,55000
9da60a2b11d9295ba3479850c136e4d0446ddf7f,2836.32,114.07,11.410214057,56000,56000
9da60a2b11d9295ba3479850c136e4d0446ddf7f,2829.27,113.81,11.382517850,55000,56000
9da60a2b11d9295ba3479850c136e4d0446ddf7f,2904.74,117.07,11.681955997,56000,54000
fefff7ef492e9c963807243ff9052013eccf62b3,2842.03,114.37,11.426382668,56000,56000
fefff7ef492e9c963807243ff9052013eccf62b3,2857.00,115.06,11.480106391,56000,55000
fefff7ef492e9c963807243ff9052013eccf62b3,2906.62,117.49,11.664106017,56000,56000
fefff7ef492e9c963807243ff9052013eccf62b3,2835.60,114.15,11.376411914,56000,56000
fefff7ef492e9c963807243ff9052013eccf62b3,2901.50,117.26,11.633336726,55000,56000
fefff7ef492e9c963807243ff9052013eccf62b3,2814.47,113.30,11.291695314,57000,56000
fefff7ef492e9c963807243ff9052013eccf62b3,2868.43,115.43,11.529478821,56000,56000
fefff7ef492e9c963807243ff9052013eccf62b3,2825.15,114.65,11.358918893,55000,56000
fefff7ef492e9c963807243ff9052013eccf62b3,2873.55,115.98,11.557576395,56000,54000
fefff7ef492e9c963807243ff9052013eccf62b3,2832.39,113.77,11.375875758,55000,56000
fefff7ef492e9c963807243ff9052013eccf62b3,2834.92,113.96,11.423585991,55000,55000
fefff7ef492e9c963807243ff9052013eccf62b3,2828.09,114.04,11.373863756,54000,56000
fefff7ef492e9c963807243ff9052013eccf62b3,2806.76,113.15,11.312239996,55000,55000
fefff7ef492e9c963807243ff9052013eccf62b3,2815.74,113.17,11.312855111,56000,56000
fefff7ef492e9c963807243ff9052013eccf62b3,2775.72,112.06,11.131433002,55000,56000
fefff7ef492e9c963807243ff9052013eccf62b3,2893.32,116.39,11.643124299,56000,55000
fefff7ef492e9c963807243ff9052013eccf62b3,2847.23,114.76,11.443164969,55000,55000
fefff7ef492e9c963807243ff9052013eccf62b3,2867.76,115.50,11.529879464,56000,55000
fefff7ef492e9c963807243ff9052013eccf62b3,2846.47,115.12,11.447760316,56000,55000
fefff7ef492e9c963807243ff9052013eccf62b3,2814.83,113.20,11.314525850,56000,55000
fefff7ef492e9c963807243ff9052013eccf62b3,2873.66,116.55,11.561068924,56000,56000
fefff7ef492e9c963807243ff9052013eccf62b3,2827.45,114.08,11.378944436,56000,56000
fefff7ef492e9c963807243ff9052013eccf62b3,2818.34,114.01,11.314100789,55000,54000
fefff7ef492e9c963807243ff9052013eccf62b3,2845.41,114.18,11.447349352,56000,55000
fefff7ef492e9c963807243ff9052013eccf62b3,2825.29,114.09,11.353247348,55000,55000
fefff7ef492e9c963807243ff9052013eccf62b3,2835.67,114.44,11.403857753,55000,56000
fefff7ef492e9c963807243ff9052013eccf62b3,2841.41,114.36,11.429937651,55000,56000
fefff7ef492e9c963807243ff9052013eccf62b3,2815.16,112.88,11.334953867,55000,55000
fefff7ef492e9c963807243ff9052013eccf62b3,2813.76,113.17,11.322087399,56000,56000
fefff7ef492e9c963807243ff9052013eccf62b3,2834.31,113.93,11.406400095,55000,55000
55deed4e0d98b13cbde3d882182de0041dfca589,2859.28,115.69,11.494842729,56000,56000
55deed4e0d98b13cbde3d882182de0041dfca589,2868.33,115.65,11.523383333,54000,56000
55deed4e0d98b13cbde3d882182de0041dfca589,2866.10,115.75,11.517341568,56000,56000
55deed4e0d98b13cbde3d882182de0041dfca589,2923.69,118.41,11.736559095,56000,56000
55deed4e0d98b13cbde3d882182de0041dfca589,2817.25,113.30,11.314817443,55000,56000
55deed4e0d98b13cbde3d882182de0041dfca589,2857.08,115.49,11.499200413,56000,56000
55deed4e0d98b13cbde3d882182de0041dfca589,2811.70,113.11,11.300300434,56000,56000
55deed4e0d98b13cbde3d882182de0041dfca589,2842.59,114.13,11.447605053,56000,56000
55deed4e0d98b13cbde3d882182de0041dfca589,2849.17,114.94,11.464664034,55000,55000
55deed4e0d98b13cbde3d882182de0041dfca589,2869.79,115.49,11.546242919,56000,56000
55deed4e0d98b13cbde3d882182de0041dfca589,2895.73,117.09,11.667713535,54000,55000
55deed4e0d98b13cbde3d882182de0041dfca589,2826.41,113.49,11.376638432,55000,55000
55deed4e0d98b13cbde3d882182de0041dfca589,2764.08,111.52,11.101599396,56000,54000
55deed4e0d98b13cbde3d882182de0041dfca589,2799.77,113.34,11.241418258,55000,55000
55deed4e0d98b13cbde3d882182de0041dfca589,2832.35,114.37,11.375007371,56000,56000
55deed4e0d98b13cbde3d882182de0041dfca589,2761.60,110.59,11.111658255,55000,55000
55deed4e0d98b13cbde3d882182de0041dfca589,2834.27,114.47,11.395907431,56000,56000
55deed4e0d98b13cbde3d882182de0041dfca589,2808.24,113.70,11.277058448,56000,54000
55deed4e0d98b13cbde3d882182de0041dfca589,2893.12,117.06,11.627837164,56000,55000
55deed4e0d98b13cbde3d882182de0041dfca589,2893.78,116.88,11.637733954,56000,56000
55deed4e0d98b13cbde3d882182de0041dfca589,2829.98,114.29,11.395200346,56000,56000
55deed4e0d98b13cbde3d882182de0041dfca589,2805.29,112.85,11.271539147,56000,55000
55deed4e0d98b13cbde3d882182de0041dfca589,2848.15,114.92,11.453860441,56000,55000
55deed4e0d98b13cbde3d882182de0041dfca589,2753.85,110.71,11.064299469,56000,56000
55deed4e0d98b13cbde3d882182de0041dfca589,2865.07,115.48,11.530723099,55000,55000
55deed4e0d98b13cbde3d882182de0041dfca589,2842.48,114.44,11.432082477,56000,56000
55deed4e0d98b13cbde3d882182de0041dfca589,2788.46,112.50,11.199264844,56000,54000
55deed4e0d98b13cbde3d882182de0041dfca589,2837.66,114.51,11.410908009,56000,55000
55deed4e0d98b13cbde3d882182de0041dfca589,2894.53,116.95,11.647111833,55000,55000
55deed4e0d98b13cbde3d882182de0041dfca589,2872.55,115.82,11.565153644,56000,56000
32e6e56d53d910e470ffa098d8c68d9ea56b6d9a,2835.73,114.89,11.364504901,56000,55000
32e6e56d53d910e470ffa098d8c68d9ea56b6d9a,2876.77,116.51,11.564254787,56000,56000
32e6e56d53d910e470ffa098d8c68d9ea56b6d9a,2875.65,116.40,11.540748398,55000,56000
32e6e56d53d910e470ffa098d8c68d9ea56b6d9a,2849.20,114.82,11.454191966,56000,56000
32e6e56d53d910e470ffa098d8c68d9ea56b6d9a,2873.95,115.96,11.574646834,55000,57000
32e6e56d53d910e470ffa098d8c68d9ea56b6d9a,2811.00,113.37,11.311284929,55000,56000
32e6e56d53d910e470ffa098d8c68d9ea56b6d9a,2785.13,112.33,11.211707105,55000,54000
32e6e56d53d910e470ffa098d8c68d9ea56b6d9a,2848.82,115.19,11.441145291,56000,56000
32e6e56d53d910e470ffa098d8c68d9ea56b6d9a,2808.18,112.69,11.282868600,56000,56000
32e6e56d53d910e470ffa098d8c68d9ea56b6d9a,2819.47,113.47,11.349371198,56000,56000
32e6e56d53d910e470ffa098d8c68d9ea56b6d9a,2928.85,118.64,11.758160064,54000,55000
32e6e56d53d910e470ffa098d8c68d9ea56b6d9a,2799.90,113.07,11.245390127,56000,56000
32e6e56d53d910e470ffa098d8c68d9ea56b6d9a,2842.56,114.64,11.436300490,56000,56000
32e6e56d53d910e470ffa098d8c68d9ea56b6d9a,2824.00,113.97,11.353229694,55000,56000
32e6e56d53d910e470ffa098d8c68d9ea56b6d9a,2838.04,114.31,11.400933786,56000,54000
32e6e56d53d910e470ffa098d8c68d9ea56b6d9a,2860.02,115.62,11.472151552,55000,56000
32e6e56d53d910e470ffa098d8c68d9ea56b6d9a,2871.40,116.12,11.563268472,56000,56000
32e6e56d53d910e470ffa098d8c68d9ea56b6d9a,2767.13,111.65,11.125548796,55000,55000
32e6e56d53d910e470ffa098d8c68d9ea56b6d9a,2777.16,111.63,11.162118299,55000,56000
32e6e56d53d910e470ffa098d8c68d9ea56b6d9a,2896.84,116.83,11.657890824,55000,56000
32e6e56d53d910e470ffa098d8c68d9ea56b6d9a,2834.33,114.02,11.402521687,56000,54000
32e6e56d53d910e470ffa098d8c68d9ea56b6d9a,2865.33,115.76,11.546924865,55000,55000
32e6e56d53d910e470ffa098d8c68d9ea56b6d9a,2814.88,114.03,11.299429627,56000,55000
32e6e56d53d910e470ffa098d8c68d9ea56b6d9a,2854.29,115.10,11.479657641,55000,55000
32e6e56d53d910e470ffa098d8c68d9ea56b6d9a,2886.83,116.08,11.618784686,55000,56000
32e6e56d53d910e470ffa098d8c68d9ea56b6d9a,2917.74,117.41,11.742509532,55000,56000
32e6e56d53d910e470ffa098d8c68d9ea56b6d9a,2826.38,113.91,11.374669245,54000,56000
32e6e56d53d910e470ffa098d8c68d9ea56b6d9a,2846.96,115.00,11.470923396,55000,55000
32e6e56d53d910e470ffa098d8c68d9ea56b6d9a,2811.40,113.37,11.317708803,56000,56000
32e6e56d53d910e470ffa098d8c68d9ea56b6d9a,2817.19,113.75,11.324071188,56000,56000
c5f067dc7f25651f5d0ef76ec3dd27623107bd27,2788.54,112.67,11.228396467,56000,55000
c5f067dc7f25651f5d0ef76ec3dd27623107bd27,2827.84,113.98,11.383391147,55000,56000
c5f067dc7f25651f5d0ef76ec3dd27623107bd27,2809.58,113.03,11.299932183,56000,55000
c5f067dc7f25651f5d0ef76ec3dd27623107bd27,2920.54,117.86,11.707712609,56000,56000
c5f067dc7f25651f5d0ef76ec3dd27623107bd27,2865.54,115.59,11.511921167,55000,55000
c5f067dc7f25651f5d0ef76ec3dd27623107bd27,2811.09,113.19,11.302349050,56000,56000
c5f067dc7f25651f5d0ef76ec3dd27623107bd27,2907.46,117.08,11.691140282,56000,56000
c5f067dc7f25651f5d0ef76ec3dd27623107bd27,2892.36,116.44,11.639089694,56000,55000
c5f067dc7f25651f5d0ef76ec3dd27623107bd27,2931.77,118.14,11.774785181,56000,56000
c5f067dc7f25651f5d0ef76ec3dd27623107bd27,2891.75,116.92,11.650527474,55000,55000
c5f067dc7f25651f5d0ef76ec3dd27623107bd27,2840.03,114.30,11.415623310,56000,55000
c5f067dc7f25651f5d0ef76ec3dd27623107bd27,2863.33,115.74,11.496168026,55000,55000
c5f067dc7f25651f5d0ef76ec3dd27623107bd27,2795.77,113.00,11.251963395,55000,55000
c5f067dc7f25651f5d0ef76ec3dd27623107bd27,2801.60,112.63,11.279167842,54000,56000
c5f067dc7f25651f5d0ef76ec3dd27623107bd27,2808.61,113.50,11.307103985,54000,55000
c5f067dc7f25651f5d0ef76ec3dd27623107bd27,2876.61,116.20,11.574260919,56000,56000
c5f067dc7f25651f5d0ef76ec3dd27623107bd27,2870.42,116.27,11.532764410,56000,54000
c5f067dc7f25651f5d0ef76ec3dd27623107bd27,2865.10,115.29,11.538611837,55000,55000
c5f067dc7f25651f5d0ef76ec3dd27623107bd27,2864.32,115.70,11.515791031,55000,55000
c5f067dc7f25651f5d0ef76ec3dd27623107bd27,2773.18,111.45,11.154002453,56000,55000
c5f067dc7f25651f5d0ef76ec3dd27623107bd27,2863.10,115.38,11.522443703,55000,56000
c5f067dc7f25651f5d0ef76ec3dd27623107bd27,2834.31,114.27,11.388004152,55000,55000
c5f067dc7f25651f5d0ef76ec3dd27623107bd27,2917.26,117.68,11.740864542,55000,55000
c5f067dc7f25651f5d0ef76ec3dd27623107bd27,2840.04,114.26,11.431976612,56000,56000
c5f067dc7f25651f5d0ef76ec3dd27623107bd27,2859.75,115.84,11.493216966,56000,56000
c5f067dc7f25651f5d0ef76ec3dd27623107bd27,2843.57,115.14,11.400996252,55000,56000
c5f067dc7f25651f5d0ef76ec3dd27623107bd27,2874.66,115.64,11.551423319,56000,56000
c5f067dc7f25651f5d0ef76ec3dd27623107bd27,2846.07,115.01,11.431793136,55000,55000
c5f067dc7f25651f5d0ef76ec3dd27623107bd27,2873.64,116.30,11.551806820,55000,55000
c5f067dc7f25651f5d0ef76ec3dd27623107bd27,2879.59,116.74,11.579943059,55000,54000
cbba0acecc5b5b2503373af3e0e69473c2bec91c,2862.45,116.06,11.496384499,55000,56000
cbba0acecc5b5b2503373af3e0e69473c2bec91c,2805.32,113.37,11.281705989,56000,55000
cbba0acecc5b5b2503373af3e0e69473c2bec91c,2868.10,116.05,11.515723842,56000,56000
cbba0acecc5b5b2503373af3e0e69473c2bec91c,2852.42,115.02,11.477218774,56000,55000
cbba0acecc5b5b2503373af3e0e69473c2bec91c,2892.68,117.08,11.636135763,55000,56000
cbba0acecc5b5b2503373af3e0e69473c2bec91c,2911.45,117.93,11.682398171,56000,56000
cbba0acecc5b5b2503373af3e0e69473c2bec91c,2893.34,117.11,11.646210077,56000,56000
cbba0acecc5b5b2503373af3e0e69473c2bec91c,2861.14,115.60,11.480383536,56000,56000
cbba0acecc5b5b2503373af3e0e69473c2bec91c,2804.14,112.20,11.282822064,56000,56000
cbba0acecc5b5b2503373af3e0e69473c2bec91c,2864.19,115.15,11.513253520,55000,55000
cbba0acecc5b5b2503373af3e0e69473c2bec91c,2858.44,115.58,11.504332153,56000,55000
cbba0acecc5b5b2503373af3e0e69473c2bec91c,2851.91,115.04,11.468151703,56000,56000
cbba0acecc5b5b2503373af3e0e69473c2bec91c,2889.72,116.97,11.619459560,55000,56000
cbba0acecc5b5b2503373af3e0e69473c2bec91c,2827.25,113.15,11.385352037,55000,56000
cbba0acecc5b5b2503373af3e0e69473c2bec91c,2816.20,114.01,11.335986677,56000,56000
cbba0acecc5b5b2503373af3e0e69473c2bec91c,2843.04,115.02,11.423416078,54000,56000
cbba0acecc5b5b2503373af3e0e69473c2bec91c,2882.04,116.64,11.578682260,54000,55000
cbba0acecc5b5b2503373af3e0e69473c2bec91c,2855.14,114.70,11.500673158,54000,55000
cbba0acecc5b5b2503373af3e0e69473c2bec91c,2862.90,115.50,11.512709417,54000,55000
cbba0acecc5b5b2503373af3e0e69473c2bec91c,2860.25,115.83,11.478200234,56000,56000
cbba0acecc5b5b2503373af3e0e69473c2bec91c,2828.63,113.85,11.371246649,56000,56000
cbba0acecc5b5b2503373af3e0e69473c2bec91c,2906.68,117.78,11.679689428,56000,55000
cbba0acecc5b5b2503373af3e0e69473c2bec91c,2866.31,115.69,11.521211295,56000,55000
cbba0acecc5b5b2503373af3e0e69473c2bec91c,2828.13,114.25,11.384375194,55000,55000
cbba0acecc5b5b2503373af3e0e69473c2bec91c,2824.09,113.44,11.378005530,56000,56000
cbba0acecc5b5b2503373af3e0e69473c2bec91c,2917.45,117.45,11.764437749,56000,55000
cbba0acecc5b5b2503373af3e0e69473c2bec91c,2845.61,115.22,11.423004414,55000,55000
cbba0acecc5b5b2503373af3e0e69473c2bec91c,2850.57,115.03,11.488248667,56000,56000
cbba0acecc5b5b2503373af3e0e69473c2bec91c,2835.14,114.81,11.406926103,56000,56000
cbba0acecc5b5b2503373af3e0e69473c2bec91c,2823.05,113.61,11.328376395,55000,55000
b9b6a1ee645e07c573c8cc53ddf87d4463c2f7b2,2878.04,116.42,11.566545417,55000,56000
b9b6a1ee645e07c573c8cc53ddf87d4463c2f7b2,2854.60,115.63,11.444971397,56000,55000
b9b6a1ee645e07c573c8cc53ddf87d4463c2f7b2,2883.89,116.43,11.581303262,55000,55000
b9b6a1ee645e07c573c8cc53ddf87d4463c2f7b2,2898.58,117.12,11.640711111,55000,56000
b9b6a1ee645e07c573c8cc53ddf87d4463c2f7b2,2847.68,114.96,11.436956755,56000,56000
b9b6a1ee645e07c573c8cc53ddf87d4463c2f7b2,2846.73,115.42,11.451732099,56000,55000
b9b6a1ee645e07c573c8cc53ddf87d4463c2f7b2,2877.31,116.07,11.594588672,55000,56000
b9b6a1ee645e07c573c8cc53ddf87d4463c2f7b2,2880.10,116.53,11.578984225,56000,56000
b9b6a1ee645e07c573c8cc53ddf87d4463c2f7b2,2856.66,115.23,11.485571883,56000,55000
b9b6a1ee645e07c573c8cc53ddf87d4463c2f7b2,2836.74,114.48,11.401631023,56000,55000
b9b6a1ee645e07c573c8cc53ddf87d4463c2f7b2,2876.14,115.80,11.584106002,56000,55000
b9b6a1ee645e07c573c8cc53ddf87d4463c2f7b2,2888.27,116.29,11.623309695,55000,56000
b9b6a1ee645e07c573c8cc53ddf87d4463c2f7b2,2806.53,112.65,11.277261777,56000,56000
b9b6a1ee645e07c573c8cc53ddf87d4463c2f7b2,2863.71,115.77,11.527173513,55000,56000
b9b6a1ee645e07c573c8cc53ddf87d4463c2f7b2,2898.61,116.98,11.669862101,55000,56000
b9b6a1ee645e07c573c8cc53ddf87d4463c2f7b2,2791.99,112.47,11.248256401,56000,56000
b9b6a1ee645e07c573c8cc53ddf87d4463c2f7b2,2911.06,117.84,11.706416795,56000,56000
b9b6a1ee645e07c573c8cc53ddf87d4463c2f7b2,2848.44,114.43,11.474220131,55000,56000
b9b6a1ee645e07c573c8cc53ddf87d4463c2f7b2,2833.24,113.99,11.411776508,55000,56000
b9b6a1ee645e07c573c8cc53ddf87d4463c2f7b2,2930.49,118.43,11.767255103,56000,55000
b9b6a1ee645e07c573c8cc53ddf87d4463c2f7b2,2882.12,116.82,11.592335879,55000,56000
b9b6a1ee645e07c573c8cc53ddf87d4463c2f7b2,2842.58,114.75,11.417606222,55000,55000
b9b6a1ee645e07c573c8cc53ddf87d4463c2f7b2,2850.16,115.24,11.460679421,56000,56000
b9b6a1ee645e07c573c8cc53ddf87d4463c2f7b2,2878.30,116.14,11.545834463,56000,55000
b9b6a1ee645e07c573c8cc53ddf87d4463c2f7b2,2854.20,115.39,11.495959419,55000,55000
b9b6a1ee645e07c573c8cc53ddf87d4463c2f7b2,2830.45,114.44,11.350558839,56000,56000
b9b6a1ee645e07c573c8cc53ddf87d4463c2f7b2,2812.95,113.45,11.346982540,56000,56000
b9b6a1ee645e07c573c8cc53ddf87d4463c2f7b2,2749.46,110.66,11.071289131,56000,55000
b9b6a1ee645e07c573c8cc53ddf87d4463c2f7b2,2791.89,112.15,11.254620762,56000,56000
b9b6a1ee645e07c573c8cc53ddf87d4463c2f7b2,2816.28,113.72,11.308941782,56000,55000
d73d25ea1214931cfe4ab617906686a4914c59f0,2799.02,112.41,11.250433451,55000,56000
d73d25ea1214931cfe4ab617906686a4914c59f0,2836.94,114.55,11.382843497,55000,55000
d73d25ea1214931cfe4ab617906686a4914c59f0,2921.87,118.11,11.730827483,56000,56000
d73d25ea1214931cfe4ab617906686a4914c59f0,2848.28,114.34,11.457773868,56000,55000
d73d25ea1214931cfe4ab617906686a4914c59f0,2815.85,113.66,11.332173355,56000,56000
d73d25ea1214931cfe4ab617906686a4914c59f0,2861.10,115.52,11.486044291,55000,56000
d73d25ea1214931cfe4ab617906686a4914c59f0,2859.07,115.06,11.486883541,55000,55000
d73d25ea1214931cfe4ab617906686a4914c59f0,2871.44,115.95,11.547693965,56000,55000
d73d25ea1214931cfe4ab617906686a4914c59f0,2846.24,114.68,11.465577796,55000,56000
d73d25ea1214931cfe4ab617906686a4914c59f0,2884.47,116.46,11.606911924,55000,54000
d73d25ea1214931cfe4ab617906686a4914c59f0,2859.89,115.54,11.513452909,55000,56000
d73d25ea1214931cfe4ab617906686a4914c59f0,2859.11,115.18,11.539119183,54000,55000
d73d25ea1214931cfe4ab617906686a4914c59f0,2914.05,118.74,11.690811073,56000,56000
d73d25ea1214931cfe4ab617906686a4914c59f0,2835.49,114.90,11.401530253,55000,56000
d73d25ea1214931cfe4ab617906686a4914c59f0,2875.35,116.55,11.541918507,55000,55000
d73d25ea1214931cfe4ab617906686a4914c59f0,2760.05,111.00,11.113390298,56000,56000
d73d25ea1214931cfe4ab617906686a4914c59f0,2918.34,117.92,11.741745286,56000,56000
d73d25ea1214931cfe4ab617906686a4914c59f0,2833.96,114.03,11.405148543,55000,55000
d73d25ea1214931cfe4ab617906686a4914c59f0,2861.17,115.26,11.474857456,56000,56000
d73d25ea1214931cfe4ab617906686a4914c59f0,2789.24,112.31,11.213564648,56000,56000
d73d25ea1214931cfe4ab617906686a4914c59f0,2804.41,113.29,11.287686318,56000,56000
d73d25ea1214931cfe4ab617906686a4914c59f0,2854.05,115.19,11.499059626,56000,55000
d73d25ea1214931cfe4ab617906686a4914c59f0,2852.55,114.80,11.494920227,56000,54000
d73d25ea1214931cfe4ab617906686a4914c59f0,2761.08,110.92,11.119775007,55000,56000
d73d25ea1214931cfe4ab617906686a4914c59f0,2781.81,111.81,11.170545765,56000,56000
d73d25ea1214931cfe4ab617906686a4914c59f0,2892.05,116.53,11.632499545,54000,56000
d73d25ea1214931cfe4ab617906686a4914c59f0,2815.08,113.68,11.293508212,54000,55000
d73d25ea1214931cfe4ab617906686a4914c59f0,2831.58,113.71,11.387634373,55000,54000
d73d25ea1214931cfe4ab617906686a4914c59f0,2834.73,114.60,11.385667834,55000,56000
d73d25ea1214931cfe4ab617906686a4914c59f0,2886.46,116.48,11.622536852,55000,56000
9422b189a0a90f8df45afd9b8ba7e39bb2ad2f06,2870.00,115.80,11.509768600,55000,56000
9422b189a0a90f8df45afd9b8ba7e39bb2ad2f06,2909.00,117.67,11.683861860,56000,56000
9422b189a0a90f8df45afd9b8ba7e39bb2ad2f06,2830.04,113.33,11.392173006,56000,56000
9422b189a0a90f8df45afd9b8ba7e39bb2ad2f06,2824.41,113.94,11.360321639,56000,55000
9422b189a0a90f8df45afd9b8ba7e39bb2ad2f06,2786.43,112.56,11.213881260,55000,55000
9422b189a0a90f8df45afd9b8ba7e39bb2ad2f06,2903.60,116.96,11.658543039,56000,56000
9422b189a0a90f8df45afd9b8ba7e39bb2ad2f06,2845.00,114.76,11.447467198,56000,56000
9422b189a0a90f8df45afd9b8ba7e39bb2ad2f06,2844.97,115.12,11.422276739,55000,56000
9422b189a0a90f8df45afd9b8ba7e39bb2ad2f06,2901.41,116.44,11.673630742,55000,56000
9422b189a0a90f8df45afd9b8ba7e39bb2ad2f06,2814.28,114.02,11.309159883,55000,56000
9422b189a0a90f8df45afd9b8ba7e39bb2ad2f06,2857.60,115.42,11.502149939,56000,56000
9422b189a0a90f8df45afd9b8ba7e39bb2ad2f06,2843.70,115.54,11.446060595,56000,56000
9422b189a0a90f8df45afd9b8ba7e39bb2ad2f06,2871.60,116.15,11.546825908,55000,55000
9422b189a0a90f8df45afd9b8ba7e39bb2ad2f06,2899.55,117.04,11.669255348,55000,56000
9422b189a0a90f8df45afd9b8ba7e39bb2ad2f06,2860.99,115.29,11.507372514,56000,55000
9422b189a0a90f8df45afd9b8ba7e39bb2ad2f06,2912.55,118.04,11.684886506,55000,55000
9422b189a0a90f8df45afd9b8ba7e39bb2ad2f06,2838.86,114.40,11.420010473,55000,56000
9422b189a0a90f8df45afd9b8ba7e39bb2ad2f06,2867.75,115.85,11.526763028,55000,55000
9422b189a0a90f8df45afd9b8ba7e39bb2ad2f06,2839.13,114.73,11.428797685,55000,56000
9422b189a0a90f8df45afd9b8ba7e39bb2ad2f06,2902.18,117.19,11.658032141,56000,55000
9422b189a0a90f8df45afd9b8ba7e39bb2ad2f06,2839.52,114.72,11.412934990,55000,54000
9422b189a0a90f8df45afd9b8ba7e39bb2ad2f06,2794.46,112.89,11.237617003,56000,56000
9422b189a0a90f8df45afd9b8ba7e39bb2ad2f06,2827.89,114.48,11.367262551,56000,56000
9422b189a0a90f8df45afd9b8ba7e39bb2ad2f06,2853.67,115.13,11.468240364,56000,55000
9422b189a0a90f8df45afd9b8ba7e39bb2ad2f06,2877.40,116.35,11.562978327,55000,56000
9422b189a0a90f8df45afd9b8ba7e39bb2ad2f06,2847.18,114.85,11.452240255,56000,55000
9422b189a0a90f8df45afd9b8ba7e39bb2ad2f06,2845.52,114.54,11.425435969,56000,56000
9422b189a0a90f8df45afd9b8ba7e39bb2ad2f06,2816.36,113.21,11.352867031,55000,55000
9422b189a0a90f8df45afd9b8ba7e39bb2ad2f06,2850.78,114.76,11.467669621,55000,55000
9422b189a0a90f8df45afd9b8ba7e39bb2ad2f06,2847.27,115.14,11.450789547,55000,55000
2b29c8dc3d35e9c9ae68146aa0d525cd25394f48,2899.62,117.36,11.666142754,55000,55000
2b29c8dc3d35e9c9ae68146aa0d525cd25394f48,2903.51,117.20,11.661639502,56000,56000
2b29c8dc3d35e9c9ae68146aa0d525cd25394f48,2847.51,114.69,11.425720220,56000,56000
2b29c8dc3d35e9c9ae68146aa0d525cd25394f48,2826.22,113.81,11.368889605,56000,56000
2b29c8dc3d35e9c9ae68146aa0d525cd25394f48,2852.48,115.04,11.472443240,56000,56000
2b29c8dc3d35e9c9ae68146aa0d525cd25394f48,2845.98,114.41,11.437403533,56000,56000
2b29c8dc3d35e9c9ae68146aa0d525cd25394f48,2805.92,112.73,11.263465395,56000,56000
2b29c8dc3d35e9c9ae68146aa0d525cd25394f48,2816.00,113.07,11.293354067,55000,55000
2b29c8dc3d35e9c9ae68146aa0d525cd25394f48,2842.43,114.36,11.463416659,55000,56000
2b29c8dc3d35e9c9ae68146aa0d525cd25394f48,2860.02,115.85,11.505345293,55000,55000
2b29c8dc3d35e9c9ae68146aa0d525cd25394f48,2836.17,114.70,11.399807732,56000,56000
2b29c8dc3d35e9c9ae68146aa0d525cd25394f48,2857.47,114.91,11.521893546,54000,55000
2b29c8dc3d35e9c9ae68146aa0d525cd25394f48,2813.68,114.13,11.324047787,56000,56000
2b29c8dc3d35e9c9ae68146aa0d525cd25394f48,2855.63,115.90,11.485091746,56000,56000
2b29c8dc3d35e9c9ae68146aa0d525cd25394f48,2859.61,115.38,11.504829321,55000,54000
2b29c8dc3d35e9c9ae68146aa0d525cd25394f48,2829.60,113.97,11.364953470,55000,56000
2b29c8dc3d35e9c9ae68146aa0d525cd25394f48,2762.71,111.21,11.119590556,55000,56000
2b29c8dc3d35e9c9ae68146aa0d525cd25394f48,2847.91,115.57,11.447417468,56000,56000
2b29c8dc3d35e9c9ae68146aa0d525cd25394f48,2874.31,115.96,11.561773075,55000,55000
2b29c8dc3d35e9c9ae68146aa0d525cd25394f48,2873.10,116.11,11.550526640,56000,56000
2b29c8dc3d35e9c9ae68146aa0d525cd25394f48,2806.12,113.30,11.272805720,56000,56000
2b29c8dc3d35e9c9ae68146aa0d525cd25394f48,2786.72,111.84,11.200768879,56000,55000
2b29c8dc3d35e9c9ae68146aa0d525cd25394f48,2866.88,115.84,11.543542111,55000,55000
2b29c8dc3d35e9c9ae68146aa0d525cd25394f48,2870.89,115.86,11.534872416,55000,56000
2b29c8dc3d35e9c9ae68146aa0d525cd25394f48,2907.38,117.54,11.695440956,55000,56000
2b29c8dc3d35e9c9ae68146aa0d525cd25394f48,2805.66,112.63,11.299760423,56000,55000
2b29c8dc3d35e9c9ae68146aa0d525cd25394f48,2838.75,114.16,11.428623340,55000,54000
2b29c8dc3d35e9c9ae68146aa0d525cd25394f48,2832.54,113.82,11.383261511,55000,55000
2b29c8dc3d35e9c9ae68146aa0d525cd25394f48,2894.21,117.16,11.628965896,56000,56000
2b29c8dc3d35e9c9ae68146aa0d525cd25394f48,2836.75,114.26,11.397293955,56000,55000
8b51126f4b329251d70fc4d184e6c032b64d8c9d,2886.86,116.66,11.594546623,56000,56000
8b51126f4b329251d70fc4d184e6c032b64d8c9d,2860.30,115.40,11.492440646,56000,56000
8b51126f4b329251d70fc4d184e6c032b64d8c9d,2856.80,115.20,11.475692518,56000,56000
8b51126f4b329251d70fc4d184e6c032b64d8c9d,2872.92,115.99,11.532518037,55000,55000
8b51126f4b329251d70fc4d184e6c032b64d8c9d,2849.15,114.84,11.444973945,56000,56000
8b51126f4b329251d70fc4d184e6c032b64d8c9d,2842.99,114.66,11.430936691,55000,55000
8b51126f4b329251d70fc4d184e6c032b64d8c9d,2851.60,115.60,11.445732853,55000,56000
8b51126f4b329251d70fc4d184e6c032b64d8c9d,2913.51,117.53,11.711701955,55000,55000
8b51126f4b329251d70fc4d184e6c032b64d8c9d,2853.20,114.92,11.475918063,56000,55000
8b51126f4b329251d70fc4d184e6c032b64d8c9d,2854.51,115.05,11.483509692,56000,55000
8b51126f4b329251d70fc4d184e6c032b64d8c9d,2810.77,113.23,11.303966760,55000,56000
8b51126f4b329251d70fc4d184e6c032b64d8c9d,2867.58,115.95,11.535826744,56000,56000
8b51126f4b329251d70fc4d184e6c032b64d8c9d,2864.41,115.84,11.519687825,54000,55000
8b51126f4b329251d70fc4d184e6c032b64d8c9d,2821.60,114.05,11.340675581,56000,56000
8b51126f4b329251d70fc4d184e6c032b64d8c9d,2801.04,112.45,11.280521162,55000,55000
8b51126f4b329251d70fc4d184e6c032b64d8c9d,2875.48,116.60,11.569701166,56000,55000
8b51126f4b329251d70fc4d184e6c032b64d8c9d,2868.28,115.47,11.532243417,55000,55000
8b51126f4b329251d70fc4d184e6c032b64d8c9d,2926.81,118.70,11.760019111,55000,55000
8b51126f4b329251d70fc4d184e6c032b64d8c9d,2851.62,114.82,11.474590785,56000,55000
8b51126f4b329251d70fc4d184e6c032b64d8c9d,2839.57,114.53,11.430578631,56000,56000
8b51126f4b329251d70fc4d184e6c032b64d8c9d,2854.91,115.01,11.488819617,55000,56000
8b51126f4b329251d70fc4d184e6c032b64d8c9d,2820.49,114.23,11.340796557,55000,56000
8b51126f4b329251d70fc4d184e6c032b64d8c9d,2822.52,113.55,11.351295479,55000,56000
8b51126f4b329251d70fc4d184e6c032b64d8c9d,2812.31,112.68,11.322917548,55000,55000
8b51126f4b329251d70fc4d184e6c032b64d8c9d,2806.90,112.55,11.278052984,56000,56000
8b51126f4b329251d70fc4d184e6c032b64d8c9d,2828.47,114.23,11.376307249,55000,55000
8b51126f4b329251d70fc4d184e6c032b64d8c9d,2870.60,115.62,11.561001354,56000,55000
8b51126f4b329251d70fc4d184e6c032b64d8c9d,2824.97,113.62,11.362697099,56000,55000
8b51126f4b329251d70fc4d184e6c032b64d8c9d,2875.37,115.59,11.572368918,56000,56000
8b51126f4b329251d70fc4d184e6c032b64d8c9d,2900.88,117.10,11.662856585,56000,55000
92caa0fbc053c328f64280528dcc3bf8baed8ada,2938.16,118.68,11.774040315,56000,56000
92caa0fbc053c328f64280528dcc3bf8baed8ada,2929.09,118.18,11.799228043,55000,55000
92caa0fbc053c328f64280528dcc3bf8baed8ada,2811.98,112.99,11.299672235,55000,55000
92caa0fbc053c328f64280528dcc3bf8baed8ada,2909.53,117.99,11.675389574,55000,56000
92caa0fbc053c328f64280528dcc3bf8baed8ada,2953.13,119.23,11.878500336,55000,56000
92caa0fbc053c328f64280528dcc3bf8baed8ada,2898.85,116.83,11.652208942,55000,56000
92caa0fbc053c328f64280528dcc3bf8baed8ada,2937.15,118.80,11.802094353,56000,55000
92caa0fbc053c328f64280528dcc3bf8baed8ada,2854.99,114.92,11.476996385,56000,56000
92caa0fbc053c328f64280528dcc3bf8baed8ada,2828.06,113.44,11.377587092,56000,55000
92caa0fbc053c328f64280528dcc3bf8baed8ada,2899.86,117.08,11.647575755,55000,56000
92caa0fbc053c328f64280528dcc3bf8baed8ada,2862.29,115.58,11.509969546,55000,55000
92caa0fbc053c328f64280528dcc3bf8baed8ada,2972.30,120.43,11.931905860,56000,56000
92caa0fbc053c328f64280528dcc3bf8baed8ada,2903.09,116.81,11.671848841,55000,56000
92caa0fbc053c328f64280528dcc3bf8baed8ada,2899.83,117.27,11.664736953,56000,55000
92caa0fbc053c328f64280528dcc3bf8baed8ada,2843.53,114.90,11.425329357,55000,55000
92caa0fbc053c328f64280528dcc3bf8baed8ada,2905.80,117.55,11.686974440,55000,55000
92caa0fbc053c328f64280528dcc3bf8baed8ada,2944.65,118.98,11.824295149,56000,56000
92caa0fbc053c328f64280528dcc3bf8baed8ada,2947.62,118.95,11.870580468,56000,55000
92caa0fbc053c328f64280528dcc3bf8baed8ada,2874.53,115.92,11.556985090,55000,54000
92caa0fbc053c328f64280528dcc3bf8baed8ada,2871.75,115.96,11.538596083,56000,56000
92caa0fbc053c328f64280528dcc3bf8baed8ada,2868.51,115.52,11.547045947,56000,56000
92caa0fbc053c328f64280528dcc3bf8baed8ada,2860.83,115.31,11.496550629,55000,55000
92caa0fbc053c328f64280528dcc3bf8baed8ada,2863.35,115.49,11.512776525,56000,56000
92caa0fbc053c328f64280528dcc3bf8baed8ada,2875.83,116.29,11.561856906,56000,55000
92caa0fbc053c328f64280528dcc3bf8baed8ada,2890.43,116.82,11.644903549,55000,55000
92caa0fbc053c328f64280528dcc3bf8baed8ada,2853.79,115.03,11.468743670,55000,55000
92caa0fbc053c328f64280528dcc3bf8baed8ada,2842.06,114.87,11.431829798,56000,56000
92caa0fbc053c328f64280528dcc3bf8baed8ada,2853.67,114.77,11.496026579,56000,55000
92caa0fbc053c328f64280528dcc3bf8baed8ada,2928.31,118.43,11.776604778,55000,56000
92caa0fbc053c328f64280528dcc3bf8baed8ada,2890.25,117.33,11.608870179,56000,55000
e61284f10b764ef349a96aaeac5416c2f580360e,2824.70,113.67,11.340054831,56000,56000
e61284f10b764ef349a96aaeac5416c2f580360e,2812.09,113.11,11.298366276,56000,56000
e61284f10b764ef349a96aaeac5416c2f580360e,2881.14,116.61,11.568359628,55000,56000
e61284f10b764ef349a96aaeac5416c2f580360e,2829.79,113.89,11.396621350,56000,56000
e61284f10b764ef349a96aaeac5416c2f580360e,2870.09,116.26,11.538909312,56000,56000
e61284f10b764ef349a96aaeac5416c2f580360e,2816.00,113.76,11.330125715,55000,56000
e61284f10b764ef349a96aaeac5416c2f580360e,2756.38,111.31,11.081563741,56000,56000
e61284f10b764ef349a96aaeac5416c2f580360e,2838.55,114.56,11.379005088,56000,55000
e61284f10b764ef349a96aaeac5416c2f580360e,2851.88,114.44,11.481103876,56000,55000
e61284f10b764ef349a96aaeac5416c2f580360e,2846.40,114.44,11.449779611,56000,54000
e61284f10b764ef349a96aaeac5416c2f580360e,2872.07,115.78,11.570305256,56000,56000
e61284f10b764ef349a96aaeac5416c2f580360e,2833.24,114.05,11.387166005,56000,56000
e61284f10b764ef349a96aaeac5416c2f580360e,2869.15,115.64,11.550288346,56000,56000
e61284f10b764ef349a96aaeac5416c2f580360e,2866.10,115.63,11.538962198,56000,56000
e61284f10b764ef349a96aaeac5416c2f580360e,2832.86,114.81,11.375422785,55000,54000
e61284f10b764ef349a96aaeac5416c2f580360e,2837.83,115.10,11.396496583,56000,55000
e61284f10b764ef349a96aaeac5416c2f580360e,2883.13,116.33,11.595347590,56000,55000
e61284f10b764ef349a96aaeac5416c2f580360e,2872.96,116.04,11.560534396,55000,55000
e61284f10b764ef349a96aaeac5416c2f580360e,2870.21,115.81,11.531387056,56000,56000
e61284f10b764ef349a96aaeac5416c2f580360e,2782.73,112.08,11.193054183,56000,56000
e61284f10b764ef349a96aaeac5416c2f580360e,2830.20,114.35,11.357770001,56000,56000
e61284f10b764ef349a96aaeac5416c2f580360e,2852.67,115.64,11.457030710,56000,56000
e61284f10b764ef349a96aaeac5416c2f580360e,2807.91,113.38,11.291251435,56000,56000
e61284f10b764ef349a96aaeac5416c2f580360e,2856.32,115.50,11.490197727,55000,55000
e61284f10b764ef349a96aaeac5416c2f580360e,2858.74,115.71,11.467781968,55000,55000
e61284f10b764ef349a96aaeac5416c2f580360e,2794.52,112.63,11.253594561,55000,56000
e61284f10b764ef349a96aaeac5416c2f580360e,2819.64,113.52,11.345787826,55000,55000
e61284f10b764ef349a96aaeac5416c2f580360e,2796.66,112.78,11.241312373,56000,56000
e61284f10b764ef349a96aaeac5416c2f580360e,2833.96,114.44,11.402200015,56000,56000
e61284f10b764ef349a96aaeac5416c2f580360e,2878.23,116.21,11.599229538,56000,55000
fab00936b8448007cc4c7110a550dcbbdffc9b26,2884.78,117.07,11.605892157,55000,55000
fab00936b8448007cc4c7110a550dcbbdffc9b26,2849.31,115.24,11.432393200,55000,55000
fab00936b8448007cc4c7110a550dcbbdffc9b26,2848.31,115.16,11.439227646,56000,56000
fab00936b8448007cc4c7110a550dcbbdffc9b26,2880.28,116.00,11.563658983,56000,54000
fab00936b8448007cc4c7110a550dcbbdffc9b26,2855.14,114.68,11.491937041,56000,56000
fab00936b8448007cc4c7110a550dcbbdffc9b26,2879.12,116.51,11.569947745,56000,56000
fab00936b8448007cc4c7110a550dcbbdffc9b26,2819.50,113.56,11.316983900,55000,55000
fab00936b8448007cc4c7110a550dcbbdffc9b26,2896.82,116.88,11.656447265,55000,55000
fab00936b8448007cc4c7110a550dcbbdffc9b26,2850.51,114.61,11.454588593,55000,55000
fab00936b8448007cc4c7110a550dcbbdffc9b26,2838.55,114.58,11.423786946,55000,56000
fab00936b8448007cc4c7110a550dcbbdffc9b26,2883.96,116.31,11.590450457,56000,55000
fab00936b8448007cc4c7110a550dcbbdffc9b26,2879.95,116.38,11.575214523,56000,55000
fab00936b8448007cc4c7110a550dcbbdffc9b26,2909.07,117.29,11.725474406,54000,55000
fab00936b8448007cc4c7110a550dcbbdffc9b26,2860.06,114.95,11.510960968,56000,56000
fab00936b8448007cc4c7110a550dcbbdffc9b26,2849.97,115.30,11.455087934,55000,56000
fab00936b8448007cc4c7110a550dcbbdffc9b26,2837.18,114.43,11.423099128,56000,55000
fab00936b8448007cc4c7110a550dcbbdffc9b26,2807.44,113.32,11.292951608,56000,56000
fab00936b8448007cc4c7110a550dcbbdffc9b26,2856.44,115.04,11.486027191,55000,55000
fab00936b8448007cc4c7110a550dcbbdffc9b26,2841.84,114.96,11.421340551,55000,56000
fab00936b8448007cc4c7110a550dcbbdffc9b26,2886.38,116.56,11.619799071,55000,56000
fab00936b8448007cc4c7110a550dcbbdffc9b26,2873.64,115.75,11.579453170,56000,56000
fab00936b8448007cc4c7110a550dcbbdffc9b26,2894.47,116.69,11.636900874,55000,56000
fab00936b8448007cc4c7110a550dcbbdffc9b26,2815.81,112.98,11.337894193,56000,56000
fab00936b8448007cc4c7110a550dcbbdffc9b26,2836.32,114.47,11.406746708,56000,55000
fab00936b8448007cc4c7110a550dcbbdffc9b26,2891.38,117.01,11.617646006,54000,56000
fab00936b8448007cc4c7110a550dcbbdffc9b26,2807.75,112.80,11.303453894,56000,56000
fab00936b8448007cc4c7110a550dcbbdffc9b26,2865.57,115.79,11.480511370,55000,56000
fab00936b8448007cc4c7110a550dcbbdffc9b26,2871.22,115.70,11.545419192,56000,56000
fab00936b8448007cc4c7110a550dcbbdffc9b26,2905.10,117.30,11.683531000,55000,56000
fab00936b8448007cc4c7110a550dcbbdffc9b26,2844.77,115.03,11.425735198,56000,55000
72c52de6f92967738b9bf90575824a245a7b1a17,2876.63,116.23,11.516344123,56000,56000
72c52de6f92967738b9bf90575824a245a7b1a17,2932.62,118.41,11.756191417,56000,56000
72c52de6f92967738b9bf90575824a245a7b1a17,2877.40,115.66,11.556928917,56000,55000
72c52de6f92967738b9bf90575824a245a7b1a17,2922.81,118.15,11.732105523,56000,56000
72c52de6f92967738b9bf90575824a245a7b1a17,2865.42,115.68,11.510602096,56000,56000
72c52de6f92967738b9bf90575824a245a7b1a17,2950.38,119.35,11.861312899,56000,56000
72c52de6f92967738b9bf90575824a245a7b1a17,2951.29,119.81,11.849187239,56000,56000
72c52de6f92967738b9bf90575824a245a7b1a17,2951.43,119.78,11.853365086,56000,56000
72c52de6f92967738b9bf90575824a245a7b1a17,3003.11,121.84,12.048989385,56000,56000
72c52de6f92967738b9bf90575824a245a7b1a17,2934.14,118.56,11.776336751,56000,55000
72c52de6f92967738b9bf90575824a245a7b1a17,2982.81,120.43,11.951765972,55000,55000
72c52de6f92967738b9bf90575824a245a7b1a17,2894.88,116.86,11.608965197,55000,56000
72c52de6f92967738b9bf90575824a245a7b1a17,2962.10,120.04,11.897597508,56000,56000
72c52de6f92967738b9bf90575824a245a7b1a17,3028.09,122.85,12.167782263,55000,55000
72c52de6f92967738b9bf90575824a245a7b1a17,2936.09,118.88,11.795500937,56000,55000
72c52de6f92967738b9bf90575824a245a7b1a17,2935.50,118.96,11.814141183,56000,56000
72c52de6f92967738b9bf90575824a245a7b1a17,2998.42,121.25,12.049414915,55000,56000
72c52de6f92967738b9bf90575824a245a7b1a17,3013.36,122.06,12.105823206,55000,55000
72c52de6f92967738b9bf90575824a245a7b1a17,2907.17,117.07,11.679763342,56000,56000
72c52de6f92967738b9bf90575824a245a7b1a17,2961.68,120.20,11.916081516,55000,55000
72c52de6f92967738b9bf90575824a245a7b1a17,2991.26,121.23,12.004332774,55000,54000
72c52de6f92967738b9bf90575824a245a7b1a17,2923.78,118.40,11.747741149,56000,55000
72c52de6f92967738b9bf90575824a245a7b1a17,2951.34,119.53,11.859000903,56000,56000
72c52de6f92967738b9bf90575824a245a7b1a17,2897.21,117.17,11.638651855,56000,56000
72c52de6f92967738b9bf90575824a245a7b1a17,2949.35,119.31,11.839189425,55000,55000
72c52de6f92967738b9bf90575824a245a7b1a17,2885.95,116.55,11.580276259,56000,56000
72c52de6f92967738b9bf90575824a245a7b1a17,2956.37,119.91,11.854058255,55000,55000
72c52de6f92967738b9bf90575824a245a7b1a17,2934.20,119.00,11.783176508,56000,55000
72c52de6f92967738b9bf90575824a245a7b1a17,3007.62,121.32,12.067904169,56000,54000
72c52de6f92967738b9bf90575824a245a7b1a17,2917.22,118.48,11.699434680,55000,56000
07c2f491989025be411119fb7c37a53e5d9467e4,2861.22,115.50,11.480378999,56000,55000
07c2f491989025be411119fb7c37a53e5d9467e4,2916.02,117.88,11.695478215,55000,55000
07c2f491989025be411119fb7c37a53e5d9467e4,2914.77,117.19,11.698619801,56000,56000
07c2f491989025be411119fb7c37a53e5d9467e4,2949.08,119.09,11.818781193,56000,55000
07c2f491989025be411119fb7c37a53e5d9467e4,3023.93,123.29,12.145772104,56000,55000
07c2f491989025be411119fb7c37a53e5d9467e4,2964.64,119.70,11.923640830,56000,56000
07c2f491989025be411119fb7c37a53e5d9467e4,2961.57,119.55,11.905509822,55000,56000
07c2f491989025be411119fb7c37a53e5d9467e4,2896.51,116.88,11.627198512,56000,56000
07c2f491989025be411119fb7c37a53e5d9467e4,2901.07,116.40,11.647203189,55000,55000
07c2f491989025be411119fb7c37a53e5d9467e4,2893.46,117.35,11.600418751,56000,56000
07c2f491989025be411119fb7c37a53e5d9467e4,2969.19,119.87,11.903314918,56000,56000
07c2f491989025be411119fb7c37a53e5d9467e4,2967.08,120.09,11.919005939,55000,56000
07c2f491989025be411119fb7c37a53e5d9467e4,3005.57,121.83,12.065515757,55000,56000
07c2f491989025be411119fb7c37a53e5d9467e4,2931.89,118.48,11.792144526,55000,55000
07c2f491989025be411119fb7c37a53e5d9467e4,2957.16,120.08,11.868217342,55000,54000
07c2f491989025be411119fb7c37a53e5d9467e4,2978.66,121.41,11.985077792,56000,55000
07c2f491989025be411119fb7c37a53e5d9467e4,2959.71,119.80,11.901923638,56000,55000
07c2f491989025be411119fb7c37a53e5d9467e4,3036.32,123.17,12.202522716,56000,54000
07c2f491989025be411119fb7c37a53e5d9467e4,2900.74,117.01,11.675716644,56000,56000
07c2f491989025be411119fb7c37a53e5d9467e4,2941.01,119.50,11.809244639,55000,55000
07c2f491989025be411119fb7c37a53e5d9467e4,2954.41,120.14,11.861450375,55000,56000
07c2f491989025be411119fb7c37a53e5d9467e4,2987.70,120.80,11.987461250,56000,55000
07c2f491989025be411119fb7c37a53e5d9467e4,2905.24,116.87,11.691969946,55000,55000
07c2f491989025be411119fb7c37a53e5d9467e4,2933.25,119.32,11.773378161,56000,55000
07c2f491989025be411119fb7c37a53e5d9467e4,2922.56,118.01,11.764943927,55000,56000
07c2f491989025be411119fb7c37a53e5d9467e4,2934.50,118.53,11.779724531,56000,56000
07c2f491989025be411119fb7c37a53e5d9467e4,2978.38,120.73,11.987094045,55000,55000
07c2f491989025be411119fb7c37a53e5d9467e4,2898.47,116.76,11.675478841,56000,55000
07c2f491989025be411119fb7c37a53e5d9467e4,2975.08,120.45,11.946688767,56000,55000
07c2f491989025be411119fb7c37a53e5d9467e4,2929.58,118.58,11.754542723,56000,56000
a942bf644a7b488ba1d8ae791ca8ca3621da878d,2909.08,117.04,11.658278572,55000,56000
a942bf644a7b488ba1d8ae791ca8ca3621da878d,2916.57,118.24,11.706829731,56000,55000
a942bf644a7b488ba1d8ae791ca8ca3621da878d,2913.42,117.62,11.722775365,55000,56000
a942bf644a7b488ba1d8ae791ca8ca3621da878d,2906.04,117.46,11.670069303,55000,55000
a942bf644a7b488ba1d8ae791ca8ca3621da878d,2911.11,117.22,11.719391796,56000,56000
a942bf644a7b488ba1d8ae791ca8ca3621da878d,2958.75,119.40,11.880990185,55000,56000
a942bf644a7b488ba1d8ae791ca8ca3621da878d,2905.59,118.09,11.673055221,55000,54000
a942bf644a7b488ba1d8ae791ca8ca3621da878d,2990.83,121.17,12.030947060,56000,56000
a942bf644a7b488ba1d8ae791ca8ca3621da878d,2960.22,120.24,11.882813794,55000,56000
a942bf644a7b488ba1d8ae791ca8ca3621da878d,2857.08,115.84,11.507247990,55000,55000
a942bf644a7b488ba1d8ae791ca8ca3621da878d,2964.24,120.06,11.918938463,56000,56000
a942bf644a7b488ba1d8ae791ca8ca3621da878d,2990.51,120.81,12.034123576,55000,54000
a942bf644a7b488ba1d8ae791ca8ca3621da878d,2997.85,121.70,12.040006545,55000,54000
a942bf644a7b488ba1d8ae791ca8ca3621da878d,2977.48,120.84,11.964083152,55000,55000
a942bf644a7b488ba1d8ae791ca8ca3621da878d,2927.94,118.48,11.761883212,55000,56000
a942bf644a7b488ba1d8ae791ca8ca3621da878d,2958.81,119.81,11.880432634,56000,56000
a942bf644a7b488ba1d8ae791ca8ca3621da878d,2931.03,118.52,11.773120943,56000,55000
a942bf644a7b488ba1d8ae791ca8ca3621da878d,2887.96,117.18,11.586928090,56000,56000
a942bf644a7b488ba1d8ae791ca8ca3621da878d,2905.15,117.91,11.662127434,56000,55000
a942bf644a7b488ba1d8ae791ca8ca3621da878d,2963.08,120.83,11.864668375,55000,55000
a942bf644a7b488ba1d8ae791ca8ca3621da878d,2951.66,119.37,11.848921122,56000,55000
a942bf644a7b488ba1d8ae791ca8ca3621da878d,2922.43,118.20,11.749035471,56000,55000
a942bf644a7b488ba1d8ae791ca8ca3621da878d,2890.49,117.33,11.597193104,55000,56000
a942bf644a7b488ba1d8ae791ca8ca3621da878d,2931.97,118.66,11.783782394,55000,56000
a942bf644a7b488ba1d8ae791ca8ca3621da878d,2973.52,120.39,11.946777246,56000,56000
a942bf644a7b488ba1d8ae791ca8ca3621da878d,3000.49,121.76,12.056232597,56000,55000
a942bf644a7b488ba1d8ae791ca8ca3621da878d,2920.66,118.49,11.721143965,55000,54000
a942bf644a7b488ba1d8ae791ca8ca3621da878d,2889.06,117.53,11.587389821,56000,55000
a942bf644a7b488ba1d8ae791ca8ca3621da878d,2932.31,118.14,11.770418073,55000,55000
a942bf644a7b488ba1d8ae791ca8ca3621da878d,2905.05,117.35,11.658784028,55000,55000
8360c03ebcd1f196a7101f4364aaab0bed206376,2917.73,118.03,11.726662622,56000,55000
8360c03ebcd1f196a7101f4364aaab0bed206376,2946.31,119.36,11.795661665,56000,55000
8360c03ebcd1f196a7101f4364aaab0bed206376,2931.85,118.59,11.749279611,56000,56000
8360c03ebcd1f196a7101f4364aaab0bed206376,2931.37,118.50,11.780071665,56000,56000
8360c03ebcd1f196a7101f4364aaab0bed206376,2975.13,120.75,11.928160535,56000,56000
8360c03ebcd1f196a7101f4364aaab0bed206376,3023.52,122.98,12.146333354,55000,56000
8360c03ebcd1f196a7101f4364aaab0bed206376,2916.87,117.82,11.722805148,55000,55000
8360c03ebcd1f196a7101f4364aaab0bed206376,2922.23,118.25,11.723335305,55000,56000
8360c03ebcd1f196a7101f4364aaab0bed206376,3000.11,121.17,12.064685636,56000,56000
8360c03ebcd1f196a7101f4364aaab0bed206376,2910.71,116.78,11.697166896,55000,56000
8360c03ebcd1f196a7101f4364aaab0bed206376,2889.13,116.59,11.620134355,55000,56000
8360c03ebcd1f196a7101f4364aaab0bed206376,2968.99,120.24,11.931635653,56000,55000
8360c03ebcd1f196a7101f4364aaab0bed206376,2960.73,119.78,11.896479131,56000,55000
8360c03ebcd1f196a7101f4364aaab0bed206376,2979.25,120.84,11.991592869,54000,55000
8360c03ebcd1f196a7101f4364aaab0bed206376,2869.54,116.10,11.533216292,56000,56000
8360c03ebcd1f196a7101f4364aaab0bed206376,2984.68,120.84,12.009464991,54000,55000
8360c03ebcd1f196a7101f4364aaab0bed206376,2901.61,116.62,11.666671169,55000,56000
8360c03ebcd1f196a7101f4364aaab0bed206376,2938.19,118.23,11.823943883,56000,55000
8360c03ebcd1f196a7101f4364aaab0bed206376,2984.45,120.46,11.996021888,56000,55000
8360c03ebcd1f196a7101f4364aaab0bed206376,2913.92,117.74,11.696341280,56000,56000
8360c03ebcd1f196a7101f4364aaab0bed206376,3026.79,122.60,12.175731237,55000,55000
8360c03ebcd1f196a7101f4364aaab0bed206376,3031.45,122.57,12.179227311,56000,56000
8360c03ebcd1f196a7101f4364aaab0bed206376,2989.27,121.52,12.006095376,55000,55000
8360c03ebcd1f196a7101f4364aaab0bed206376,2999.34,121.68,12.048580373,56000,56000
8360c03ebcd1f196a7101f4364aaab0bed206376,2939.55,118.77,11.809440461,56000,55000
8360c03ebcd1f196a7101f4364aaab0bed206376,2912.72,117.31,11.705233474,56000,54000
8360c03ebcd1f196a7101f4364aaab0bed206376,2892.34,116.60,11.616875997,55000,55000
8360c03ebcd1f196a7101f4364aaab0bed206376,2941.97,118.61,11.823767770,55000,54000
8360c03ebcd1f196a7101f4364aaab0bed206376,2984.88,121.08,11.984799578,56000,54000
8360c03ebcd1f196a7101f4364aaab0bed206376,2885.94,117.33,11.590966131,55000,55000
73fc284666864b65ef9051befbfb9785bec85798,2968.75,119.99,11.918974723,56000,56000
73fc284666864b65ef9051befbfb9785bec85798,2922.26,118.36,11.730305367,56000,56000
73fc284666864b65ef9051befbfb9785bec85798,2953.29,119.39,11.843050530,56000,56000
73fc284666864b65ef9051befbfb9785bec85798,2946.81,119.10,11.826709217,56000,56000
73fc284666864b65ef9051befbfb9785bec85798,2952.63,119.13,11.856014238,56000,56000
73fc284666864b65ef9051befbfb9785bec85798,2951.62,119.07,11.836981641,56000,55000
73fc284666864b65ef9051befbfb9785bec85798,2872.38,115.25,11.518341870,56000,55000
73fc284666864b65ef9051befbfb9785bec85798,2982.75,121.23,11.973621481,56000,56000
73fc284666864b65ef9051befbfb9785bec85798,2920.52,118.60,11.717122864,56000,56000
73fc284666864b65ef9051befbfb9785bec85798,2883.20,116.08,11.585240194,56000,54000
73fc284666864b65ef9051befbfb9785bec85798,2921.41,118.49,11.720746619,55000,55000
73fc284666864b65ef9051befbfb9785bec85798,2874.78,115.98,11.552945340,55000,56000
73fc284666864b65ef9051befbfb9785bec85798,2955.83,119.55,11.868812987,55000,55000
73fc284666864b65ef9051befbfb9785bec85798,2969.71,120.17,11.912309461,56000,56000
73fc284666864b65ef9051befbfb9785bec85798,3003.66,121.70,12.049447172,56000,56000
73fc284666864b65ef9051befbfb9785bec85798,2946.80,119.63,11.816661619,54000,56000
73fc284666864b65ef9051befbfb9785bec85798,2959.66,119.59,11.907926094,56000,56000
73fc284666864b65ef9051befbfb9785bec85798,3026.44,122.61,12.173376541,56000,56000
73fc284666864b65ef9051befbfb9785bec85798,2897.20,117.25,11.651560471,55000,55000
73fc284666864b65ef9051befbfb9785bec85798,3006.16,122.24,12.067602342,56000,55000
73fc284666864b65ef9051befbfb9785bec85798,2990.99,121.38,12.008469811,55000,55000
73fc284666864b65ef9051befbfb9785bec85798,2971.21,120.45,11.947286905,55000,55000
73fc284666864b65ef9051befbfb9785bec85798,3018.38,121.87,12.110119645,56000,55000
73fc284666864b65ef9051befbfb9785bec85798,2957.40,119.67,11.874115329,56000,56000
73fc284666864b65ef9051befbfb9785bec85798,2960.32,119.80,11.901193362,55000,56000
73fc284666864b65ef9051befbfb9785bec85798,2952.75,119.28,11.880934654,55000,56000
73fc284666864b65ef9051befbfb9785bec85798,2971.59,120.42,11.946822934,56000,55000
73fc284666864b65ef9051befbfb9785bec85798,2946.89,118.87,11.853829349,56000,55000
73fc284666864b65ef9051befbfb9785bec85798,2952.66,119.30,11.856925170,56000,55000
73fc284666864b65ef9051befbfb9785bec85798,2965.02,120.12,11.906055915,55000,56000
a499338b86f29d86617426d44a57787a67b9c444,2964.78,119.93,11.891078789,55000,56000
a499338b86f29d86617426d44a57787a67b9c444,2932.56,118.45,11.784669590,55000,56000
a499338b86f29d86617426d44a57787a67b9c444,2936.66,118.90,11.780446811,55000,56000
a499338b86f29d86617426d44a57787a67b9c444,2899.33,117.46,11.627737993,56000,56000
a499338b86f29d86617426d44a57787a67b9c444,3014.40,122.16,12.096370504,56000,56000
a499338b86f29d86617426d44a57787a67b9c444,2968.94,120.26,11.914437987,56000,56000
a499338b86f29d86617426d44a57787a67b9c444,2941.71,118.90,11.808760941,56000,56000
a499338b86f29d86617426d44a57787a67b9c444,3005.48,122.37,12.061366546,56000,56000
a499338b86f29d86617426d44a57787a67b9c444,2955.50,119.48,11.889684911,56000,56000
a499338b86f29d86617426d44a57787a67b9c444,2981.12,120.73,11.969032002,55000,56000
a499338b86f29d86617426d44a57787a67b9c444,2950.00,119.80,11.833964482,56000,55000
a499338b86f29d86617426d44a57787a67b9c444,2940.90,119.15,11.775000889,56000,55000
a499338b86f29d86617426d44a57787a67b9c444,3024.33,122.09,12.136068921,56000,56000
a499338b86f29d86617426d44a57787a67b9c444,2966.21,120.80,11.909951641,56000,55000
a499338b86f29d86617426d44a57787a67b9c444,2966.16,120.02,11.923224024,56000,55000
a499338b86f29d86617426d44a57787a67b9c444,2948.38,119.45,11.838439599,54000,55000
a499338b86f29d86617426d44a57787a67b9c444,2957.02,120.19,11.872333595,56000,54000
a499338b86f29d86617426d44a57787a67b9c444,2897.48,117.01,11.650370034,54000,55000
a499338b86f29d86617426d44a57787a67b9c444,3022.14,122.46,12.141102851,55000,55000
a499338b86f29d86617426d44a57787a67b9c444,3014.68,121.54,12.108732413,56000,54000
a499338b86f29d86617426d44a57787a67b9c444,2914.69,117.98,11.713636474,55000,55000
a499338b86f29d86617426d44a57787a67b9c444,2929.27,118.46,11.774017044,56000,54000
a499338b86f29d86617426d44a57787a67b9c444,2949.27,119.40,11.833884645,56000,56000
a499338b86f29d86617426d44a57787a67b9c444,2984.15,120.67,11.987509952,56000,56000
a499338b86f29d86617426d44a57787a67b9c444,2937.94,119.00,11.826378898,56000,56000
a499338b86f29d86617426d44a57787a67b9c444,2968.92,120.47,11.909726078,56000,55000
a499338b86f29d86617426d44a57787a67b9c444,2968.58,120.15,11.935907452,55000,56000
a499338b86f29d86617426d44a57787a67b9c444,2933.58,118.70,11.785459571,55000,56000
a499338b86f29d86617426d44a57787a67b9c444,2911.49,117.42,11.676423011,55000,55000
a499338b86f29d86617426d44a57787a67b9c444,2986.15,121.41,12.001465231,54000,56000
d05846b291756a45e81cf0e186a04045db29ba4c,2983.64,120.97,11.966707634,55000,56000
d05846b291756a45e81cf0e186a04045db29ba4c,2997.90,121.25,12.026284138,55000,56000
d05846b291756a45e81cf0e186a04045db29ba4c,2869.02,115.97,11.505836646,56000,55000
d05846b291756a45e81cf0e186a04045db29ba4c,2984.78,121.48,11.970187180,56000,56000
d05846b291756a45e81cf0e186a04045db29ba4c,2887.13,116.96,11.599067927,56000,56000
d05846b291756a45e81cf0e186a04045db29ba4c,2933.00,118.58,11.758362646,55000,55000
d05846b291756a45e81cf0e186a04045db29ba4c,2999.97,121.91,12.051104729,55000,56000
d05846b291756a45e81cf0e186a04045db29ba4c,2923.90,118.43,11.751794326,56000,56000
d05846b291756a45e81cf0e186a04045db29ba4c,3018.55,122.74,12.135286902,56000,56000
d05846b291756a45e81cf0e186a04045db29ba4c,2856.99,116.17,11.478958724,54000,54000
d05846b291756a45e81cf0e186a04045db29ba4c,2921.77,118.02,11.740406381,56000,56000
d05846b291756a45e81cf0e186a04045db29ba4c,2982.98,120.92,11.987313849,55000,55000
d05846b291756a45e81cf0e186a04045db29ba4c,2992.88,120.71,12.024954069,56000,55000
d05846b291756a45e81cf0e186a04045db29ba4c,2990.11,121.27,11.994781938,56000,56000
d05846b291756a45e81cf0e186a04045db29ba4c,2957.60,119.88,11.863709352,55000,56000
d05846b291756a45e81cf0e186a04045db29ba4c,2935.22,118.71,11.769542891,56000,55000
d05846b291756a45e81cf0e186a04045db29ba4c,3001.99,121.49,12.025864699,56000,56000
d05846b291756a45e81cf0e186a04045db29ba4c,2890.72,117.43,11.588092753,56000,56000
d05846b291756a45e81cf0e186a04045db29ba4c,2967.64,120.52,11.905982443,55000,56000
d05846b291756a45e81cf0e186a04045db29ba4c,2965.81,119.82,11.918558888,56000,55000
d05846b291756a45e81cf0e186a04045db29ba4c,2947.35,120.16,11.825635200,55000,55000
d05846b291756a45e81cf0e186a04045db29ba4c,2966.90,120.27,11.932812017,55000,54000
d05846b291756a45e81cf0e186a04045db29ba4c,2997.86,121.61,12.043707863,56000,56000
d05846b291756a45e81cf0e186a04045db29ba4c,2904.88,117.01,11.687458976,55000,56000
d05846b291756a45e81cf0e186a04045db29ba4c,3005.33,121.90,12.098554667,54000,54000
d05846b291756a45e81cf0e186a04045db29ba4c,2965.81,120.29,11.924047905,55000,56000
d05846b291756a45e81cf0e186a04045db29ba4c,2937.13,118.69,11.797137730,56000,55000
d05846b291756a45e81cf0e186a04045db29ba4c,2984.31,121.05,11.980207743,55000,56000
d05846b291756a45e81cf0e186a04045db29ba4c,2974.13,120.29,11.954546262,55000,55000
d05846b291756a45e81cf0e186a04045db29ba4c,2957.16,120.32,11.876298126,55000,56000
617de838c65edec7a63e754543565766c98d513c,2966.69,120.38,11.912841145,55000,57000
617de838c65edec7a63e754543565766c98d513c,2950.56,119.22,11.869849676,56000,56000
617de838c65edec7a63e754543565766c98d513c,2897.92,117.12,11.657923564,56000,56000
617de838c65edec7a63e754543565766c98d513c,2940.86,119.06,11.809582922,56000,56000
617de838c65edec7a63e754543565766c98d513c,2954.63,119.60,11.869244207,55000,54000
617de838c65edec7a63e754543565766c98d513c,2953.69,119.72,11.862438344,55000,56000
617de838c65edec7a63e754543565766c98d513c,2939.18,119.32,11.793231924,55000,55000
617de838c65edec7a63e754543565766c98d513c,2915.31,117.57,11.712872679,56000,56000
617de838c65edec7a63e754543565766c98d513c,3014.24,122.57,12.117860376,55000,55000
617de838c65edec7a63e754543565766c98d513c,2979.68,120.38,11.990450786,55000,56000
617de838c65edec7a63e754543565766c98d513c,2946.83,119.19,11.841606255,56000,54000
617de838c65edec7a63e754543565766c98d513c,3005.14,122.13,12.047587828,55000,56000
617de838c65edec7a63e754543565766c98d513c,2942.72,119.27,11.808049350,55000,56000
617de838c65edec7a63e754543565766c98d513c,3020.32,123.04,12.111299815,55000,56000
617de838c65edec7a63e754543565766c98d513c,2952.22,119.35,11.859722105,56000,55000
617de838c65edec7a63e754543565766c98d513c,2980.81,121.26,11.933916479,56000,55000
617de838c65edec7a63e754543565766c98d513c,3005.52,122.22,12.058322238,55000,56000
617de838c65edec7a63e754543565766c98d513c,2987.58,121.25,12.000121368,55000,54000
617de838c65edec7a63e754543565766c98d513c,2964.93,120.49,11.914588774,55000,56000
617de838c65edec7a63e754543565766c98d513c,2997.07,121.70,12.030081857,55000,55000
617de838c65edec7a63e754543565766c98d513c,2880.13,116.95,11.544900891,55000,56000
617de838c65edec7a63e754543565766c98d513c,2923.35,117.87,11.770088545,55000,55000
617de838c65edec7a63e754543565766c98d513c,2956.39,119.73,11.880494636,55000,54000
617de838c65edec7a63e754543565766c98d513c,2974.16,120.99,11.950954104,55000,54000
617de838c65edec7a63e754543565766c98d513c,3007.15,121.39,12.096893577,55000,54000
617de838c65edec7a63e754543565766c98d513c,2964.68,119.83,11.930603483,55000,55000
617de838c65edec7a63e754543565766c98d513c,2935.64,118.82,11.793800105,56000,56000
617de838c65edec7a63e754543565766c98d513c,2968.28,119.96,11.938286857,56000,56000
617de838c65edec7a63e754543565766c98d513c,2941.04,119.02,11.823317188,56000,55000
617de838c65edec7a63e754543565766c98d513c,2975.16,120.83,11.949855910,56000,55000
f4419d410172d137a020c58c18ff6e1b756d1e82,3026.05,122.68,12.157064791,55000,56000
f4419d410172d137a020c58c18ff6e1b756d1e82,2969.54,120.54,11.931012266,55000,56000
f4419d410172d137a020c58c18ff6e1b756d1e82,2919.21,117.06,11.717100913,56000,56000
f4419d410172d137a020c58c18ff6e1b756d1e82,3003.26,121.71,12.044070581,55000,55000
f4419d410172d137a020c58c18ff6e1b756d1e82,2973.86,120.51,11.936171847,55000,56000
f4419d410172d137a020c58c18ff6e1b756d1e82,2920.19,118.16,11.716905511,56000,56000
f4419d410172d137a020c58c18ff6e1b756d1e82,2924.19,118.31,11.747051911,55000,56000
f4419d410172d137a020c58c18ff6e1b756d1e82,3032.03,122.73,12.199060437,55000,56000
f4419d410172d137a020c58c18ff6e1b756d1e82,2958.71,120.26,11.890487401,56000,56000
f4419d410172d137a020c58c18ff6e1b756d1e82,2977.52,120.79,11.954633315,55000,56000
f4419d410172d137a020c58c18ff6e1b756d1e82,2947.20,119.13,11.847281786,55000,56000
f4419d410172d137a020c58c18ff6e1b756d1e82,2917.26,118.56,11.721001461,56000,56000
f4419d410172d137a020c58c18ff6e1b756d1e82,2981.72,121.37,11.988632031,56000,56000
f4419d410172d137a020c58c18ff6e1b756d1e82,2942.56,119.02,11.848882846,56000,56000
f4419d410172d137a020c58c18ff6e1b756d1e82,2954.93,119.94,11.870426461,56000,55000
f4419d410172d137a020c58c18ff6e1b756d1e82,2860.93,115.48,11.471373116,56000,56000
f4419d410172d137a020c58c18ff6e1b756d1e82,2909.44,117.14,11.678391618,55000,55000
f4419d410172d137a020c58c18ff6e1b756d1e82,2959.58,120.06,11.877344852,56000,55000
f4419d410172d137a020c58c18ff6e1b756d1e82,2966.34,120.44,11.914992056,57000,55000
f4419d410172d137a020c58c18ff6e1b756d1e82,2953.80,119.19,11.870917697,56000,56000
f4419d410172d137a020c58c18ff6e1b756d1e82,2986.61,121.59,12.025220612,56000,54000
f4419d410172d137a020c58c18ff6e1b756d1e82,3022.87,122.66,12.129910189,55000,55000
f4419d410172d137a020c58c18ff6e1b756d1e82,2958.78,120.35,11.855173532,56000,55000
f4419d410172d137a020c58c18ff6e1b756d1e82,2926.26,118.07,11.766457070,55000,56000
f4419d410172d137a020c58c18ff6e1b756d1e82,2971.62,120.78,11.916947403,55000,56000
f4419d410172d137a020c58c18ff6e1b756d1e82,2927.19,118.18,11.765695364,54000,56000
f4419d410172d137a020c58c18ff6e1b756d1e82,2969.71,120.58,11.926522832,56000,55000
f4419d410172d137a020c58c18ff6e1b756d1e82,2997.85,121.35,12.054298018,56000,55000
f4419d410172d137a020c58c18ff6e1b756d1e82,2950.90,119.49,11.836681943,56000,56000
f4419d410172d137a020c58c18ff6e1b756d1e82,2965.55,120.57,11.927118728,56000,56000
f2f1a94056b7efcf39d27082933474342348667f,2996.74,121.06,12.055072453,57000,56000
f2f1a94056b7efcf39d27082933474342348667f,2915.34,118.03,11.708648038,56000,56000
f2f1a94056b7efcf39d27082933474342348667f,2969.64,120.10,11.949447670,56000,56000
f2f1a94056b7efcf39d27082933474342348667f,2925.76,118.16,11.759353701,56000,56000
f2f1a94056b7efcf39d27082933474342348667f,2952.76,120.06,11.836479119,56000,56000
f2f1a94056b7efcf39d27082933474342348667f,2951.35,119.63,11.831524637,55000,56000
f2f1a94056b7efcf39d27082933474342348667f,2893.60,117.35,11.631842882,56000,55000
f2f1a94056b7efcf39d27082933474342348667f,2954.38,119.58,11.856921378,56000,54000
f2f1a94056b7efcf39d27082933474342348667f,2998.07,121.97,12.041430018,56000,56000
f2f1a94056b7efcf39d27082933474342348667f,2917.73,117.24,11.707765876,55000,56000
f2f1a94056b7efcf39d27082933474342348667f,2992.47,120.82,12.035945001,56000,55000
f2f1a94056b7efcf39d27082933474342348667f,2952.43,119.29,11.872549391,55000,56000
f2f1a94056b7efcf39d27082933474342348667f,2964.77,120.42,11.895740825,56000,56000
f2f1a94056b7efcf39d27082933474342348667f,2947.15,120.14,11.833083103,55000,55000
f2f1a94056b7efcf39d27082933474342348667f,2961.70,120.41,11.919455703,56000,56000
f2f1a94056b7efcf39d27082933474342348667f,3000.87,121.51,12.038025928,56000,56000
f2f1a94056b7efcf39d27082933474342348667f,2984.07,120.99,11.989364868,56000,56000
f2f1a94056b7efcf39d27082933474342348667f,2870.09,116.67,11.493445288,54000,56000
f2f1a94056b7efcf39d27082933474342348667f,2965.56,120.03,11.876404771,56000,56000
f2f1a94056b7efcf39d27082933474342348667f,2946.52,119.41,11.787946350,56000,55000
f2f1a94056b7efcf39d27082933474342348667f,2974.75,121.12,11.922779702,56000,56000
f2f1a94056b7efcf39d27082933474342348667f,2963.58,120.23,11.928836593,55000,56000
f2f1a94056b7efcf39d27082933474342348667f,2937.76,118.49,11.801773330,55000,54000
f2f1a94056b7efcf39d27082933474342348667f,3014.69,122.35,12.115761511,55000,56000
f2f1a94056b7efcf39d27082933474342348667f,2837.69,114.67,11.404589562,56000,55000
f2f1a94056b7efcf39d27082933474342348667f,2985.63,121.46,11.980601131,56000,56000
f2f1a94056b7efcf39d27082933474342348667f,2928.26,118.75,11.760688225,55000,55000
f2f1a94056b7efcf39d27082933474342348667f,2942.64,119.57,11.823304641,56000,55000
f2f1a94056b7efcf39d27082933474342348667f,2903.72,117.48,11.671782762,55000,56000
f2f1a94056b7efcf39d27082933474342348667f,2964.10,120.37,11.905776349,56000,55000
8b9711173d6c3b5f577c7960216bd316cfedfefa,2960.09,119.99,11.886944625,55000,55000
8b9711173d6c3b5f577c7960216bd316cfedfefa,2977.80,120.62,11.922592726,55000,55000
8b9711173d6c3b5f577c7960216bd316cfedfefa,2984.30,120.91,11.980457861,56000,56000
8b9711173d6c3b5f577c7960216bd316cfedfefa,2977.51,120.47,11.957995279,54000,55000
8b9711173d6c3b5f577c7960216bd316cfedfefa,2917.78,117.84,11.712133510,56000,55000
8b9711173d6c3b5f577c7960216bd316cfedfefa,2925.43,118.38,11.752520364,55000,56000
8b9711173d6c3b5f577c7960216bd316cfedfefa,2979.03,120.32,11.975065089,56000,55000
8b9711173d6c3b5f577c7960216bd316cfedfefa,2999.62,121.46,12.076006725,55000,55000
8b9711173d6c3b5f577c7960216bd316cfedfefa,2960.32,120.07,11.878101433,55000,56000
8b9711173d6c3b5f577c7960216bd316cfedfefa,2880.15,116.37,11.580626711,55000,56000
8b9711173d6c3b5f577c7960216bd316cfedfefa,2939.29,119.45,11.797734482,56000,56000
8b9711173d6c3b5f577c7960216bd316cfedfefa,2966.20,120.64,11.910074465,56000,56000
8b9711173d6c3b5f577c7960216bd316cfedfefa,2920.46,117.97,11.729971401,56000,55000
8b9711173d6c3b5f577c7960216bd316cfedfefa,2930.06,118.83,11.755298205,55000,55000
8b9711173d6c3b5f577c7960216bd316cfedfefa,2977.87,120.88,11.992586539,55000,56000
8b9711173d6c3b5f577c7960216bd316cfedfefa,2891.65,117.13,11.603446145,55000,56000
8b9711173d6c3b5f577c7960216bd316cfedfefa,2927.12,118.81,11.753356280,56000,56000
8b9711173d6c3b5f577c7960216bd316cfedfefa,2913.48,117.92,11.700203618,56000,56000
8b9711173d6c3b5f577c7960216bd316cfedfefa,2945.75,120.04,11.808941969,56000,56000
8b9711173d6c3b5f577c7960216bd316cfedfefa,2948.25,119.34,11.843795175,55000,56000
8b9711173d6c3b5f577c7960216bd316cfedfefa,2947.75,119.54,11.862890890,55000,55000
8b9711173d6c3b5f577c7960216bd316cfedfefa,2961.62,120.04,11.901215268,55000,55000
8b9711173d6c3b5f577c7960216bd316cfedfefa,2955.91,119.82,11.862067520,56000,55000
8b9711173d6c3b5f577c7960216bd316cfedfefa,2963.22,120.39,11.906818504,55000,56000
8b9711173d6c3b5f577c7960216bd316cfedfefa,2928.27,118.40,11.776398672,56000,55000
8b9711173d6c3b5f577c7960216bd316cfedfefa,2956.94,119.94,11.883804230,56000,55000
8b9711173d6c3b5f577c7960216bd316cfedfefa,2970.01,120.39,11.921585738,56000,55000
8b9711173d6c3b5f577c7960216bd316cfedfefa,2961.11,119.80,11.889051828,56000,54000
8b9711173d6c3b5f577c7960216bd316cfedfefa,2913.48,117.88,11.685758622,56000,54000
8b9711173d6c3b5f577c7960216bd316cfedfefa,2927.12,118.62,11.741592293,56000,56000
2a122bfb82c75005568f90be8d70ec9aee89f363,2964.75,120.46,11.895051728,56000,55000
2a122bfb82c75005568f90be8d70ec9aee89f363,2948.96,119.93,11.829461231,56000,56000
2a122bfb82c75005568f90be8d70ec9aee89f363,2990.18,120.69,12.005240153,56000,56000
2a122bfb82c75005568f90be8d70ec9aee89f363,2954.83,119.42,11.863303898,56000,56000
2a122bfb82c75005568f90be8d70ec9aee89f363,2995.32,121.56,12.025675993,56000,55000
2a122bfb82c75005568f90be8d70ec9aee89f363,2975.18,120.39,11.966997435,56000,56000
2a122bfb82c75005568f90be8d70ec9aee89f363,2980.13,120.92,11.983324610,55000,56000
2a122bfb82c75005568f90be8d70ec9aee89f363,2921.79,118.72,11.723664894,56000,56000
2a122bfb82c75005568f90be8d70ec9aee89f363,3007.01,122.01,12.071725537,54000,55000
2a122bfb82c75005568f90be8d70ec9aee89f363,2930.85,118.76,11.769042733,55000,56000
2a122bfb82c75005568f90be8d70ec9aee89f363,2959.62,119.86,11.904713483,56000,56000
2a122bfb82c75005568f90be8d70ec9aee89f363,2956.94,119.93,11.896042045,56000,56000
2a122bfb82c75005568f90be8d70ec9aee89f363,2928.12,118.02,11.755825153,55000,56000
2a122bfb82c75005568f90be8d70ec9aee89f363,2942.84,118.82,11.807188228,55000,55000
2a122bfb82c75005568f90be8d70ec9aee89f363,2932.10,118.76,11.783224325,56000,56000
2a122bfb82c75005568f90be8d70ec9aee89f363,2924.29,118.19,11.746407229,56000,55000
2a122bfb82c75005568f90be8d70ec9aee89f363,3041.61,123.63,12.194259544,56000,56000
2a122bfb82c75005568f90be8d70ec9aee89f363,2985.56,120.84,11.991750602,55000,56000
2a122bfb82c75005568f90be8d70ec9aee89f363,2937.36,118.95,11.791440348,55000,55000
2a122bfb82c75005568f90be8d70ec9aee89f363,2942.69,119.28,11.809775537,54000,56000
2a122bfb82c75005568f90be8d70ec9aee89f363,2956.74,119.73,11.891841710,54000,56000
2a122bfb82c75005568f90be8d70ec9aee89f363,2916.06,117.69,11.724076336,56000,56000
2a122bfb82c75005568f90be8d70ec9aee89f363,2983.88,120.71,11.979184809,56000,54000
2a122bfb82c75005568f90be8d70ec9aee89f363,2911.18,117.45,11.695447572,55000,55000
2a122bfb82c75005568f90be8d70ec9aee89f363,2988.31,120.76,11.998011504,56000,55000
2a122bfb82c75005568f90be8d70ec9aee89f363,2981.22,120.95,11.984879173,55000,54000
2a122bfb82c75005568f90be8d70ec9aee89f363,2948.15,119.55,11.866489805,56000,55000
2a122bfb82c75005568f90be8d70ec9aee89f363,2909.04,117.85,11.675682305,55000,55000
2a122bfb82c75005568f90be8d70ec9aee89f363,2937.23,119.08,11.799089702,56000,55000
2a122bfb82c75005568f90be8d70ec9aee89f363,2888.88,117.07,11.595243357,55000,55000
113108740fe2b096ffaa8b75d8a15075a39cc644,2977.08,121.24,11.940302092,56000,57000
113108740fe2b096ffaa8b75d8a15075a39cc644,2981.53,120.77,11.988399336,56000,56000
113108740fe2b096ffaa8b75d8a15075a39cc644,2954.60,119.49,11.864023905,56000,56000
113108740fe2b096ffaa8b75d8a15075a39cc644,2919.46,118.44,11.709352080,55000,56000
113108740fe2b096ffaa8b75d8a15075a39cc644,2968.90,120.40,11.906744227,55000,55000
113108740fe2b096ffaa8b75d8a15075a39cc644,2933.70,118.30,11.803350320,55000,56000
113108740fe2b096ffaa8b75d8a15075a39cc644,2985.46,121.18,11.991512443,55000,55000
113108740fe2b096ffaa8b75d8a15075a39cc644,2995.77,121.10,12.029233883,56000,55000
113108740fe2b096ffaa8b75d8a15075a39cc644,2968.63,120.02,11.918790721,55000,56000
113108740fe2b096ffaa8b75d8a15075a39cc644,2935.41,118.70,11.782822781,55000,56000
113108740fe2b096ffaa8b75d8a15075a39cc644,2967.41,120.42,11.928857706,55000,56000
113108740fe2b096ffaa8b75d8a15075a39cc644,2960.20,120.21,11.893870147,55000,56000
113108740fe2b096ffaa8b75d8a15075a39cc644,2968.65,120.19,11.932847928,56000,56000
113108740fe2b096ffaa8b75d8a15075a39cc644,2933.00,118.87,11.781098509,55000,55000
113108740fe2b096ffaa8b75d8a15075a39cc644,2911.38,117.66,11.714397832,56000,56000
113108740fe2b096ffaa8b75d8a15075a39cc644,2991.57,121.13,12.034291473,56000,56000
113108740fe2b096ffaa8b75d8a15075a39cc644,2951.55,119.48,11.846786165,55000,55000
113108740fe2b096ffaa8b75d8a15075a39cc644,2943.86,119.09,11.828432236,55000,55000
113108740fe2b096ffaa8b75d8a15075a39cc644,2969.48,120.19,11.925699520,56000,56000
113108740fe2b096ffaa8b75d8a15075a39cc644,3036.58,123.35,12.174130461,56000,56000
113108740fe2b096ffaa8b75d8a15075a39cc644,3003.69,121.60,12.066557932,55000,56000
113108740fe2b096ffaa8b75d8a15075a39cc644,2990.98,121.30,12.018164017,56000,55000
113108740fe2b096ffaa8b75d8a15075a39cc644,2977.36,121.18,11.943826049,56000,56000
113108740fe2b096ffaa8b75d8a15075a39cc644,2904.31,116.79,11.648611204,55000,55000
113108740fe2b096ffaa8b75d8a15075a39cc644,2991.26,121.70,12.036802556,55000,55000
113108740fe2b096ffaa8b75d8a15075a39cc644,3019.79,122.77,12.127225013,54000,56000
113108740fe2b096ffaa8b75d8a15075a39cc644,2931.78,118.95,11.747939489,54000,56000
113108740fe2b096ffaa8b75d8a15075a39cc644,2935.76,118.50,11.788507229,55000,55000
113108740fe2b096ffaa8b75d8a15075a39cc644,2912.38,118.05,11.695798580,56000,55000
113108740fe2b096ffaa8b75d8a15075a39cc644,2989.94,121.36,11.999579551,54000,55000
7dacb487080a964b21963fd31dfbb442ab5bc4b7,2821.86,113.48,11.311067484,56000,55000
7dacb487080a964b21963fd31dfbb442ab5bc4b7,2993.02,121.04,12.002384964,56000,56000
7dacb487080a964b21963fd31dfbb442ab5bc4b7,2985.56,120.79,11.991261305,55000,55000
7dacb487080a964b21963fd31dfbb442ab5bc4b7,2907.11,117.72,11.685286715,56000,55000
7dacb487080a964b21963fd31dfbb442ab5bc4b7,2961.44,119.97,11.894471596,55000,56000
7dacb487080a964b21963fd31dfbb442ab5bc4b7,2975.87,120.85,11.944493576,56000,55000
7dacb487080a964b21963fd31dfbb442ab5bc4b7,2923.62,118.63,11.741774976,56000,56000
7dacb487080a964b21963fd31dfbb442ab5bc4b7,2957.35,119.68,11.896376753,56000,56000
7dacb487080a964b21963fd31dfbb442ab5bc4b7,2964.40,120.02,11.890101848,56000,55000
7dacb487080a964b21963fd31dfbb442ab5bc4b7,2960.74,120.18,11.891440645,56000,56000
7dacb487080a964b21963fd31dfbb442ab5bc4b7,2901.61,117.41,11.644420587,55000,55000
7dacb487080a964b21963fd31dfbb442ab5bc4b7,2915.88,117.71,11.728650472,54000,55000
7dacb487080a964b21963fd31dfbb442ab5bc4b7,2915.37,117.83,11.712541671,56000,55000
7dacb487080a964b21963fd31dfbb442ab5bc4b7,2897.90,117.38,11.617346526,55000,56000
7dacb487080a964b21963fd31dfbb442ab5bc4b7,2981.49,120.25,11.962100917,54000,55000
7dacb487080a964b21963fd31dfbb442ab5bc4b7,2931.61,118.98,11.763214924,55000,56000
7dacb487080a964b21963fd31dfbb442ab5bc4b7,2911.12,118.20,11.697138032,55000,56000
7dacb487080a964b21963fd31dfbb442ab5bc4b7,2983.84,120.98,12.002396921,55000,56000
7dacb487080a964b21963fd31dfbb442ab5bc4b7,3009.68,122.33,12.079400494,56000,56000
7dacb487080a964b21963fd31dfbb442ab5bc4b7,3012.53,122.34,12.108784320,55000,56000
7dacb487080a964b21963fd31dfbb442ab5bc4b7,2933.56,118.79,11.778058214,55000,55000
7dacb487080a964b21963fd31dfbb442ab5bc4b7,2989.99,121.02,12.012539760,54000,55000
7dacb487080a964b21963fd31dfbb442ab5bc4b7,2921.71,118.43,11.731268164,56000,56000
7dacb487080a964b21963fd31dfbb442ab5bc4b7,2909.93,117.23,11.705504284,56000,54000
7dacb487080a964b21963fd31dfbb442ab5bc4b7,2949.75,119.41,11.826177167,55000,54000
7dacb487080a964b21963fd31dfbb442ab5bc4b7,2943.36,119.30,11.806566432,55000,55000
7dacb487080a964b21963fd31dfbb442ab5bc4b7,2990.91,121.54,12.013751009,55000,55000
7dacb487080a964b21963fd31dfbb442ab5bc4b7,2926.28,118.26,11.755875925,56000,55000
7dacb487080a964b21963fd31dfbb442ab5bc4b7,2958.43,120.13,11.872333927,55000,56000
7dacb487080a964b21963fd31dfbb442ab5bc4b7,2933.57,119.22,11.774323015,56000,55000
9ed7087559f2acf96285c0cd70bd37100c17bc2d,2903.06,117.17,11.678827891,55000,56000
9ed7087559f2acf96285c0cd70bd37100c17bc2d,2969.80,119.97,11.912176967,55000,56000
9ed7087559f2acf96285c0cd70bd37100c17bc2d,3003.65,122.22,12.035422461,55000,55000
9ed7087559f2acf96285c0cd70bd37100c17bc2d,2918.25,118.25,11.735451364,56000,55000
9ed7087559f2acf96285c0cd70bd37100c17bc2d,2923.38,118.55,11.760481368,56000,56000
9ed7087559f2acf96285c0cd70bd37100c17bc2d,2903.21,117.36,11.649621901,55000,56000
9ed7087559f2acf96285c0cd70bd37100c17bc2d,2948.17,118.94,11.860776092,56000,55000
9ed7087559f2acf96285c0cd70bd37100c17bc2d,2960.74,120.05,11.898145341,56000,56000
9ed7087559f2acf96285c0cd70bd37100c17bc2d,2974.31,120.04,11.958498633,55000,56000
9ed7087559f2acf96285c0cd70bd37100c17bc2d,2979.60,121.10,11.970735559,56000,55000
9ed7087559f2acf96285c0cd70bd37100c17bc2d,2954.45,119.23,11.861155449,56000,56000
9ed7087559f2acf96285c0cd70bd37100c17bc2d,2925.87,118.74,11.737407305,56000,55000
9ed7087559f2acf96285c0cd70bd37100c17bc2d,2986.51,120.71,12.022823864,56000,55000
9ed7087559f2acf96285c0cd70bd37100c17bc2d,2960.46,120.47,11.877645759,56000,56000
9ed7087559f2acf96285c0cd70bd37100c17bc2d,2957.65,119.91,11.879345200,55000,56000
9ed7087559f2acf96285c0cd70bd37100c17bc2d,2950.58,119.22,11.869842662,56000,56000
9ed7087559f2acf96285c0cd70bd37100c17bc2d,2897.26,117.68,11.640145827,56000,55000
9ed7087559f2acf96285c0cd70bd37100c17bc2d,3003.47,122.17,12.068322838,56000,56000
9ed7087559f2acf96285c0cd70bd37100c17bc2d,3017.01,122.43,12.115830788,55000,56000
9ed7087559f2acf96285c0cd70bd37100c17bc2d,2995.12,121.06,12.038255504,55000,55000
9ed7087559f2acf96285c0cd70bd37100c17bc2d,3005.19,122.02,12.060791279,56000,55000
9ed7087559f2acf96285c0cd70bd37100c17bc2d,2984.70,121.04,11.981474894,56000,56000
9ed7087559f2acf96285c0cd70bd37100c17bc2d,2975.64,120.71,11.951626599,56000,56000
9ed7087559f2acf96285c0cd70bd37100c17bc2d,2940.29,118.79,11.834264793,55000,56000
9ed7087559f2acf96285c0cd70bd37100c17bc2d,2962.44,120.16,11.903813028,56000,55000
9ed7087559f2acf96285c0cd70bd37100c17bc2d,2954.66,120.09,11.866897355,55000,56000
9ed7087559f2acf96285c0cd70bd37100c17bc2d,2941.83,118.88,11.823693538,55000,55000
9ed7087559f2acf96285c0cd70bd37100c17bc2d,2993.62,121.33,12.011239532,56000,56000
9ed7087559f2acf96285c0cd70bd37100c17bc2d,2938.44,119.22,11.804955881,56000,56000
9ed7087559f2acf96285c0cd70bd37100c17bc2d,2994.85,121.51,12.031496027,55000,56000
b9555b2c3073d4019d849eaed75d8bcf1d0521fb,2973.58,120.56,11.930601792,56000,56000
b9555b2c3073d4019d849eaed75d8bcf1d0521fb,3004.84,121.85,12.046462121,56000,56000
b9555b2c3073d4019d849eaed75d8bcf1d0521fb,2926.40,118.41,11.725478519,55000,55000
b9555b2c3073d4019d849eaed75d8bcf1d0521fb,2980.06,121.11,11.964489507,56000,56000
b9555b2c3073d4019d849eaed75d8bcf1d0521fb,2994.01,121.43,12.019968182,55000,56000
b9555b2c3073d4019d849eaed75d8bcf1d0521fb,2980.13,120.50,11.987799087,57000,56000
b9555b2c3073d4019d849eaed75d8bcf1d0521fb,2960.36,119.87,11.886904476,55000,55000
b9555b2c3073d4019d849eaed75d8bcf1d0521fb,2922.99,117.78,11.739084389,56000,56000
b9555b2c3073d4019d849eaed75d8bcf1d0521fb,2938.60,119.25,11.786394465,55000,56000
b9555b2c3073d4019d849eaed75d8bcf1d0521fb,2938.87,118.94,11.810692170,55000,56000
b9555b2c3073d4019d849eaed75d8bcf1d0521fb,2990.90,121.37,12.012883333,55000,56000
b9555b2c3073d4019d849eaed75d8bcf1d0521fb,2963.50,119.66,11.891341431,55000,56000
b9555b2c3073d4019d849eaed75d8bcf1d0521fb,2919.77,118.33,11.721218759,56000,56000
b9555b2c3073d4019d849eaed75d8bcf1d0521fb,2945.31,119.56,11.840002203,55000,56000
b9555b2c3073d4019d849eaed75d8bcf1d0521fb,2895.80,117.64,11.606208655,55000,55000
b9555b2c3073d4019d849eaed75d8bcf1d0521fb,2952.03,119.21,11.849294311,56000,55000
b9555b2c3073d4019d849eaed75d8bcf1d0521fb,2998.80,121.95,12.047074086,56000,55000
b9555b2c3073d4019d849eaed75d8bcf1d0521fb,2960.97,119.86,11.872083398,56000,56000
b9555b2c3073d4019d849eaed75d8bcf1d0521fb,2991.29,121.47,11.985252605,56000,56000
b9555b2c3073d4019d849eaed75d8bcf1d0521fb,3033.66,123.74,12.180833074,56000,56000
b9555b2c3073d4019d849eaed75d8bcf1d0521fb,2923.14,118.36,11.728302998,56000,56000
b9555b2c3073d4019d849eaed75d8bcf1d0521fb,2883.26,116.21,11.568195533,55000,55000
b9555b2c3073d4019d849eaed75d8bcf1d0521fb,2969.15,120.67,11.932689169,55000,55000
b9555b2c3073d4019d849eaed75d8bcf1d0521fb,2943.11,119.58,11.798620301,56000,55000
b9555b2c3073d4019d849eaed75d8bcf1d0521fb,2964.68,120.75,11.865693224,56000,55000
b9555b2c3073d4019d849eaed75d8bcf1d0521fb,2935.54,119.03,11.785100995,56000,55000
b9555b2c3073d4019d849eaed75d8bcf1d0521fb,2948.99,119.71,11.816278684,56000,55000
b9555b2c3073d4019d849eaed75d8bcf1d0521fb,2961.45,119.64,11.896289830,55000,56000
b9555b2c3073d4019d849eaed75d8bcf1d0521fb,2927.64,119.26,11.739434119,56000,56000
b9555b2c3073d4019d849eaed75d8bcf1d0521fb,2968.86,119.89,11.947686971,55000,56000
6c48ba0ebbe85fa54347c825eaea0db89e32e9c6,2903.72,117.20,11.648571006,56000,56000
6c48ba0ebbe85fa54347c825eaea0db89e32e9c6,2912.52,117.32,11.697440095,56000,56000
6c48ba0ebbe85fa54347c825eaea0db89e32e9c6,2967.65,119.80,11.906230279,56000,56000
6c48ba0ebbe85fa54347c825eaea0db89e32e9c6,2921.68,117.78,11.715208590,56000,56000
6c48ba0ebbe85fa54347c825eaea0db89e32e9c6,2914.85,117.71,11.708648842,55000,56000
6c48ba0ebbe85fa54347c825eaea0db89e32e9c6,2996.10,121.63,12.030227267,56000,55000
6c48ba0ebbe85fa54347c825eaea0db89e32e9c6,2980.99,121.04,11.974854342,56000,56000
6c48ba0ebbe85fa54347c825eaea0db89e32e9c6,2949.01,119.37,11.834353270,55000,55000
6c48ba0ebbe85fa54347c825eaea0db89e32e9c6,2899.40,116.76,11.646928024,55000,56000
6c48ba0ebbe85fa54347c825eaea0db89e32e9c6,2925.06,117.77,11.748025754,56000,56000
6c48ba0ebbe85fa54347c825eaea0db89e32e9c6,2963.96,119.98,11.896448118,56000,56000
6c48ba0ebbe85fa54347c825eaea0db89e32e9c6,2959.02,119.69,11.887150034,56000,56000
6c48ba0ebbe85fa54347c825eaea0db89e32e9c6,2929.36,118.49,11.770753235,56000,56000
6c48ba0ebbe85fa54347c825eaea0db89e32e9c6,2953.20,120.15,11.862998127,56000,56000
6c48ba0ebbe85fa54347c825eaea0db89e32e9c6,2975.54,120.78,11.981094800,56000,56000
6c48ba0ebbe85fa54347c825eaea0db89e32e9c6,2944.61,119.81,11.829622063,55000,56000
6c48ba0ebbe85fa54347c825eaea0db89e32e9c6,2921.50,118.19,11.705625350,56000,56000
6c48ba0ebbe85fa54347c825eaea0db89e32e9c6,2879.91,116.27,11.566993507,56000,56000
6c48ba0ebbe85fa54347c825eaea0db89e32e9c6,2988.84,121.20,11.996676175,56000,56000
6c48ba0ebbe85fa54347c825eaea0db89e32e9c6,2962.58,119.94,11.913165743,56000,56000
6c48ba0ebbe85fa54347c825eaea0db89e32e9c6,2957.87,120.06,11.889404326,55000,56000
6c48ba0ebbe85fa54347c825eaea0db89e32e9c6,2969.97,120.28,11.931484724,56000,56000
6c48ba0ebbe85fa54347c825eaea0db89e32e9c6,2946.05,119.67,11.844055915,55000,55000
6c48ba0ebbe85fa54347c825eaea0db89e32e9c6,2973.25,120.49,11.948074105,54000,55000
6c48ba0ebbe85fa54347c825eaea0db89e32e9c6,2950.98,119.45,11.832072898,56000,55000
6c48ba0ebbe85fa54347c825eaea0db89e32e9c6,2999.87,121.17,12.064277469,55000,55000
6c48ba0ebbe85fa54347c825eaea0db89e32e9c6,2939.79,119.15,11.804817101,56000,56000
6c48ba0ebbe85fa54347c825eaea0db89e32e9c6,3009.95,122.21,12.070065497,56000,55000
6c48ba0ebbe85fa54347c825eaea0db89e32e9c6,2986.62,121.42,11.984680608,55000,54000
6c48ba0ebbe85fa54347c825eaea0db89e32e9c6,2984.75,121.18,11.989453201,55000,55000
8a32d1e9036486b21a78484f19c19f3754d4164e,2986.33,121.23,11.974918781,56000,55000
8a32d1e9036486b21a78484f19c19f3754d4164e,2948.63,119.25,11.823793124,56000,56000
8a32d1e9036486b21a78484f19c19f3754d4164e,2910.61,117.70,11.695215170,55000,56000
8a32d1e9036486b21a78484f19c19f3754d4164e,2968.49,120.41,11.927513513,55000,55000
8a32d1e9036486b21a78484f19c19f3754d4164e,2940.48,118.48,11.819257424,56000,55000
8a32d1e9036486b21a78484f19c19f3754d4164e,2922.67,118.17,11.723497435,56000,55000
8a32d1e9036486b21a78484f19c19f3754d4164e,2993.63,121.27,12.010532809,56000,56000
8a32d1e9036486b21a78484f19c19f3754d4164e,2943.57,118.83,11.828931266,55000,56000
8a32d1e9036486b21a78484f19c19f3754d4164e,2895.67,117.14,11.618999770,55000,55000
8a32d1e9036486b21a78484f19c19f3754d4164e,2978.22,120.70,11.947351600,56000,56000
8a32d1e9036486b21a78484f19c19f3754d4164e,2950.42,119.53,11.843265000,55000,56000
8a32d1e9036486b21a78484f19c19f3754d4164e,3005.41,122.33,12.078939310,55000,56000
8a32d1e9036486b21a78484f19c19f3754d4164e,2966.21,120.26,11.909203204,56000,55000
8a32d1e9036486b21a78484f19c19f3754d4164e,2940.69,118.69,11.839966744,56000,55000
8a32d1e9036486b21a78484f19c19f3754d4164e,2936.95,119.24,11.803340443,55000,55000
8a32d1e9036486b21a78484f19c19f3754d4164e,3006.06,121.65,12.083400658,55000,55000
8a32d1e9036486b21a78484f19c19f3754d4164e,2958.11,119.42,11.890394246,56000,55000
8a32d1e9036486b21a78484f19c19f3754d4164e,2944.99,119.10,11.832906073,56000,56000
8a32d1e9036486b21a78484f19c19f3754d4164e,2986.34,120.86,11.974827853,55000,56000
8a32d1e9036486b21a78484f19c19f3754d4164e,3026.42,122.54,12.118678789,56000,56000
8a32d1e9036486b21a78484f19c19f3754d4164e,2929.76,118.61,11.775379992,56000,55000
8a32d1e9036486b21a78484f19c19f3754d4164e,3021.30,122.71,12.120953986,56000,55000
8a32d1e9036486b21a78484f19c19f3754d4164e,2908.52,117.86,11.677277088,56000,56000
8a32d1e9036486b21a78484f19c19f3754d4164e,2955.52,119.90,11.883170867,55000,56000
8a32d1e9036486b21a78484f19c19f3754d4164e,2929.34,118.76,11.754302304,55000,55000
8a32d1e9036486b21a78484f19c19f3754d4164e,3011.50,122.04,12.108313271,54000,55000
8a32d1e9036486b21a78484f19c19f3754d4164e,2950.94,119.57,11.856568988,55000,56000
8a32d1e9036486b21a78484f19c19f3754d4164e,2950.26,119.32,11.856802511,56000,56000
8a32d1e9036486b21a78484f19c19f3754d4164e,2977.92,120.40,11.951355236,56000,56000
8a32d1e9036486b21a78484f19c19f3754d4164e,2974.59,121.09,11.949416064,55000,56000
2fa72a4b4f91547b3f140b48a94f4ecf02264bf8,2981.83,121.09,11.973199818,56000,55000
2fa72a4b4f91547b3f140b48a94f4ecf02264bf8,3021.84,122.61,12.105876171,56000,55000
2fa72a4b4f91547b3f140b48a94f4ecf02264bf8,2936.58,118.87,11.783567431,55000,56000
2fa72a4b4f91547b3f140b48a94f4ecf02264bf8,2981.17,121.29,11.972297669,55000,55000
2fa72a4b4f91547b3f140b48a94f4ecf02264bf8,2976.25,120.65,11.976315684,56000,56000
2fa72a4b4f91547b3f140b48a94f4ecf02264bf8,2974.18,120.21,11.980325307,55000,56000
2fa72a4b4f91547b3f140b48a94f4ecf02264bf8,3015.03,122.77,12.099824077,55000,55000
2fa72a4b4f91547b3f140b48a94f4ecf02264bf8,3012.31,122.23,12.081119065,56000,55000
2fa72a4b4f91547b3f140b48a94f4ecf02264bf8,2943.60,118.54,11.836599780,55000,55000
2fa72a4b4f91547b3f140b48a94f4ecf02264bf8,2986.06,121.48,11.992053495,56000,56000
2fa72a4b4f91547b3f140b48a94f4ecf02264bf8,3003.71,121.66,12.067047489,55000,56000
2fa72a4b4f91547b3f140b48a94f4ecf02264bf8,2954.81,119.47,11.858166159,55000,56000
2fa72a4b4f91547b3f140b48a94f4ecf02264bf8,3010.98,121.67,12.069469796,56000,56000
2fa72a4b4f91547b3f140b48a94f4ecf02264bf8,2912.32,117.76,11.723835967,55000,56000
2fa72a4b4f91547b3f140b48a94f4ecf02264bf8,2952.65,119.70,11.866848442,55000,54000
2fa72a4b4f91547b3f140b48a94f4ecf02264bf8,3003.80,122.14,12.066073124,55000,55000
2fa72a4b4f91547b3f140b48a94f4ecf02264bf8,2960.17,119.60,11.892314726,56000,56000
2fa72a4b4f91547b3f140b48a94f4ecf02264bf8,3055.53,124.13,12.265992358,55000,55000
2fa72a4b4f91547b3f140b48a94f4ecf02264bf8,2943.21,118.71,11.840300776,56000,55000
2fa72a4b4f91547b3f140b48a94f4ecf02264bf8,2969.60,120.63,11.918222193,55000,56000
2fa72a4b4f91547b3f140b48a94f4ecf02264bf8,2959.61,120.23,11.863813826,54000,55000
2fa72a4b4f91547b3f140b48a94f4ecf02264bf8,2939.28,119.36,11.795936996,55000,56000
2fa72a4b4f91547b3f140b48a94f4ecf02264bf8,2865.95,115.54,11.512937781,55000,55000
2fa72a4b4f91547b3f140b48a94f4ecf02264bf8,2976.76,120.95,11.944906699,55000,56000
2fa72a4b4f91547b3f140b48a94f4ecf02264bf8,2918.55,117.95,11.740249577,56000,55000
2fa72a4b4f91547b3f140b48a94f4ecf02264bf8,2942.48,119.11,11.821428967,56000,56000
2fa72a4b4f91547b3f140b48a94f4ecf02264bf8,3000.84,122.25,12.041843599,56000,56000
2fa72a4b4f91547b3f140b48a94f4ecf02264bf8,2989.45,121.51,12.008398141,56000,55000
2fa72a4b4f91547b3f140b48a94f4ecf02264bf8,2965.26,120.13,11.915402292,55000,55000
2fa72a4b4f91547b3f140b48a94f4ecf02264bf8,2904.68,117.64,11.667940870,56000,55000
2147ac9e4ae9117191641342ed5655107e5f3ede,2916.03,118.12,11.731839301,58000,56000
2147ac9e4ae9117191641342ed5655107e5f3ede,2917.32,117.73,11.695687275,55000,56000
2147ac9e4ae9117191641342ed5655107e5f3ede,2999.06,121.78,12.058963177,56000,55000
2147ac9e4ae9117191641342ed5655107e5f3ede,2936.84,118.87,11.790624262,55000,56000
2147ac9e4ae9117191641342ed5655107e5f3ede,2920.44,118.38,11.730412545,56000,56000
2147ac9e4ae9117191641342ed5655107e5f3ede,2957.80,119.21,11.870065254,56000,55000
2147ac9e4ae9117191641342ed5655107e5f3ede,2941.00,119.02,11.832281099,56000,56000
2147ac9e4ae9117191641342ed5655107e5f3ede,3031.21,122.85,12.170170528,55000,56000
2147ac9e4ae9117191641342ed5655107e5f3ede,2949.26,120.01,11.857097074,56000,56000
2147ac9e4ae9117191641342ed5655107e5f3ede,2951.38,119.81,11.836900816,55000,56000
2147ac9e4ae9117191641342ed5655107e5f3ede,2953.90,119.48,11.869061285,56000,56000
2147ac9e4ae9117191641342ed5655107e5f3ede,2966.02,120.57,11.924965704,55000,55000
2147ac9e4ae9117191641342ed5655107e5f3ede,2948.39,119.82,11.840935613,56000,56000
2147ac9e4ae9117191641342ed5655107e5f3ede,2974.16,120.37,11.947508666,56000,55000
2147ac9e4ae9117191641342ed5655107e5f3ede,2950.65,119.18,11.844719071,55000,56000
2147ac9e4ae9117191641342ed5655107e5f3ede,3010.16,122.80,12.083393341,56000,56000
2147ac9e4ae9117191641342ed5655107e5f3ede,2973.97,120.73,11.928393175,55000,56000
2147ac9e4ae9117191641342ed5655107e5f3ede,2968.99,120.07,11.928929671,55000,56000
2147ac9e4ae9117191641342ed5655107e5f3ede,3009.82,121.95,12.100337506,56000,54000
2147ac9e4ae9117191641342ed5655107e5f3ede,2940.05,119.31,11.814869741,55000,55000
2147ac9e4ae9117191641342ed5655107e5f3ede,2939.48,119.06,11.810757153,56000,56000
2147ac9e4ae9117191641342ed5655107e5f3ede,2942.97,118.87,11.832891895,55000,56000
2147ac9e4ae9117191641342ed5655107e5f3ede,2964.68,120.34,11.938312958,56000,56000
2147ac9e4ae9117191641342ed5655107e5f3ede,2968.91,120.76,11.921686169,55000,55000
2147ac9e4ae9117191641342ed5655107e5f3ede,2971.18,120.73,11.925676643,54000,56000
2147ac9e4ae9117191641342ed5655107e5f3ede,2947.45,118.66,11.860741122,55000,54000
2147ac9e4ae9117191641342ed5655107e5f3ede,2974.52,120.40,11.947228142,55000,55000
2147ac9e4ae9117191641342ed5655107e5f3ede,3009.60,121.93,12.087527803,56000,56000
2147ac9e4ae9117191641342ed5655107e5f3ede,2958.16,119.65,11.884158516,56000,55000
2147ac9e4ae9117191641342ed5655107e5f3ede,2849.65,114.65,11.442902754,55000,55000
1e83791a7a15bd2b5d83e4983725ccfef7bc4bbf,2989.78,121.10,12.000135655,56000,55000
1e83791a7a15bd2b5d83e4983725ccfef7bc4bbf,3000.65,121.24,12.042331930,56000,56000
1e83791a7a15bd2b5d83e4983725ccfef7bc4bbf,2829.77,114.10,11.343623370,56000,56000
1e83791a7a15bd2b5d83e4983725ccfef7bc4bbf,2953.28,119.17,11.874906052,56000,56000
1e83791a7a15bd2b5d83e4983725ccfef7bc4bbf,2950.14,119.78,11.837330461,56000,55000
1e83791a7a15bd2b5d83e4983725ccfef7bc4bbf,2904.92,117.19,11.700242693,55000,55000
1e83791a7a15bd2b5d83e4983725ccfef7bc4bbf,2987.73,121.03,11.981877001,56000,56000
1e83791a7a15bd2b5d83e4983725ccfef7bc4bbf,2932.78,118.29,11.761299664,55000,56000
1e83791a7a15bd2b5d83e4983725ccfef7bc4bbf,2955.26,119.50,11.871696838,56000,55000
1e83791a7a15bd2b5d83e4983725ccfef7bc4bbf,3004.45,121.54,12.081742349,55000,56000
1e83791a7a15bd2b5d83e4983725ccfef7bc4bbf,2976.84,121.10,11.949364074,55000,56000
1e83791a7a15bd2b5d83e4983725ccfef7bc4bbf,2914.30,118.04,11.721959484,56000,55000
1e83791a7a15bd2b5d83e4983725ccfef7bc4bbf,2944.28,119.03,11.833165332,55000,55000
1e83791a7a15bd2b5d83e4983725ccfef7bc4bbf,2930.26,118.19,11.765730356,56000,56000
1e83791a7a15bd2b5d83e4983725ccfef7bc4bbf,2993.90,121.27,12.044745106,56000,55000
1e83791a7a15bd2b5d83e4983725ccfef7bc4bbf,2955.38,119.12,11.896005434,55000,56000
1e83791a7a15bd2b5d83e4983725ccfef7bc4bbf,2978.21,120.75,11.967909936,56000,56000
1e83791a7a15bd2b5d83e4983725ccfef7bc4bbf,2922.97,119.06,11.713884324,54000,54000
1e83791a7a15bd2b5d83e4983725ccfef7bc4bbf,2969.32,119.92,11.911873195,56000,55000
1e83791a7a15bd2b5d83e4983725ccfef7bc4bbf,2931.14,118.66,11.768145865,55000,56000
1e83791a7a15bd2b5d83e4983725ccfef7bc4bbf,2916.46,118.15,11.707766684,55000,56000
1e83791a7a15bd2b5d83e4983725ccfef7bc4bbf,2955.08,120.38,11.862215899,55000,56000
1e83791a7a15bd2b5d83e4983725ccfef7bc4bbf,2922.35,118.30,11.737443771,54000,55000
1e83791a7a15bd2b5d83e4983725ccfef7bc4bbf,2885.40,116.63,11.592002429,55000,56000
1e83791a7a15bd2b5d83e4983725ccfef7bc4bbf,2963.81,120.16,11.895189372,56000,55000
1e83791a7a15bd2b5d83e4983725ccfef7bc4bbf,2957.15,119.19,11.899172723,56000,56000
1e83791a7a15bd2b5d83e4983725ccfef7bc4bbf,2902.79,117.17,11.656208246,54000,55000
1e83791a7a15bd2b5d83e4983725ccfef7bc4bbf,2928.68,118.64,11.789658112,56000,55000
1e83791a7a15bd2b5d83e4983725ccfef7bc4bbf,2979.45,121.13,11.952106851,56000,56000
1e83791a7a15bd2b5d83e4983725ccfef7bc4bbf,2919.53,117.83,11.739340731,54000,56000
50356ec90633fac68b48c714a4c4f729681b35a7,2959.09,119.46,11.915988038,56000,56000
50356ec90633fac68b48c714a4c4f729681b35a7,2930.02,118.39,11.751059091,56000,56000
50356ec90633fac68b48c714a4c4f729681b35a7,2939.02,118.62,11.804592534,56000,56000
50356ec90633fac68b48c714a4c4f729681b35a7,2915.56,118.30,11.699098356,55000,56000
50356ec90633fac68b48c714a4c4f729681b35a7,3026.43,122.91,12.135625596,56000,56000
50356ec90633fac68b48c714a4c4f729681b35a7,2914.78,118.26,11.696215754,55000,55000
50356ec90633fac68b48c714a4c4f729681b35a7,3031.57,122.88,12.188525960,56000,55000
50356ec90633fac68b48c714a4c4f729681b35a7,3036.32,123.54,12.177386757,56000,54000
50356ec90633fac68b48c714a4c4f729681b35a7,3037.69,123.05,12.209759531,56000,56000
50356ec90633fac68b48c714a4c4f729681b35a7,3012.77,122.36,12.092024024,56000,56000
50356ec90633fac68b48c714a4c4f729681b35a7,2984.88,120.87,11.996543930,56000,56000
50356ec90633fac68b48c714a4c4f729681b35a7,2980.61,120.83,11.974377034,56000,55000
50356ec90633fac68b48c714a4c4f729681b35a7,2991.45,120.83,12.018236314,56000,56000
50356ec90633fac68b48c714a4c4f729681b35a7,2970.46,119.75,11.935006807,56000,54000
50356ec90633fac68b48c714a4c4f729681b35a7,3019.87,122.66,12.109140930,56000,55000
50356ec90633fac68b48c714a4c4f729681b35a7,2989.69,121.35,12.008424765,55000,55000
50356ec90633fac68b48c714a4c4f729681b35a7,2982.30,120.97,11.974923667,56000,56000
50356ec90633fac68b48c714a4c4f729681b35a7,2973.93,120.44,11.951132775,55000,55000
50356ec90633fac68b48c714a4c4f729681b35a7,3030.40,122.82,12.175276429,56000,56000
50356ec90633fac68b48c714a4c4f729681b35a7,3011.11,122.00,12.089553531,55000,55000
50356ec90633fac68b48c714a4c4f729681b35a7,2977.55,120.54,11.945346614,55000,56000
50356ec90633fac68b48c714a4c4f729681b35a7,2999.60,121.19,12.049316519,55000,56000
50356ec90633fac68b48c714a4c4f729681b35a7,2959.20,119.20,11.886320051,56000,55000
50356ec90633fac68b48c714a4c4f729681b35a7,2923.41,118.36,11.753930144,56000,56000
50356ec90633fac68b48c714a4c4f729681b35a7,3040.31,123.99,12.186251633,55000,55000
50356ec90633fac68b48c714a4c4f729681b35a7,2919.60,117.78,11.723496562,54000,56000
50356ec90633fac68b48c714a4c4f729681b35a7,2962.75,119.88,11.912735766,55000,56000
50356ec90633fac68b48c714a4c4f729681b35a7,3025.48,122.50,12.154511863,54000,55000
50356ec90633fac68b48c714a4c4f729681b35a7,3033.91,122.97,12.201433851,55000,55000
50356ec90633fac68b48c714a4c4f729681b35a7,3002.91,121.38,12.069489616,56000,56000
555828535fdb077d03ff8ed9aefe2512c72c148a,2981.66,119.67,11.986706328,55000,56000
555828535fdb077d03ff8ed9aefe2512c72c148a,2986.26,120.65,12.002976427,56000,56000
555828535fdb077d03ff8ed9aefe2512c72c148a,3020.07,122.35,12.118601581,56000,56000
555828535fdb077d03ff8ed9aefe2512c72c148a,2987.03,121.68,11.986595493,56000,56000
555828535fdb077d03ff8ed9aefe2512c72c148a,3009.34,122.16,12.058277075,56000,56000
555828535fdb077d03ff8ed9aefe2512c72c148a,3036.59,123.26,12.182240295,55000,56000
555828535fdb077d03ff8ed9aefe2512c72c148a,2988.98,120.51,12.017437908,55000,55000
555828535fdb077d03ff8ed9aefe2512c72c148a,2972.20,120.01,11.929981303,56000,55000
555828535fdb077d03ff8ed9aefe2512c72c148a,3035.73,123.09,12.195058531,55000,55000
555828535fdb077d03ff8ed9aefe2512c72c148a,3007.85,121.94,12.079413570,56000,56000
555828535fdb077d03ff8ed9aefe2512c72c148a,3036.07,123.12,12.215025209,56000,55000
555828535fdb077d03ff8ed9aefe2512c72c148a,3006.13,121.91,12.103877906,56000,56000
555828535fdb077d03ff8ed9aefe2512c72c148a,2964.86,119.90,11.894522109,55000,56000
555828535fdb077d03ff8ed9aefe2512c72c148a,3002.51,121.74,12.068930998,56000,56000
555828535fdb077d03ff8ed9aefe2512c72c148a,3056.28,123.98,12.296400409,55000,56000
555828535fdb077d03ff8ed9aefe2512c72c148a,3056.52,123.68,12.279572504,56000,55000
555828535fdb077d03ff8ed9aefe2512c72c148a,3015.17,122.30,12.097399280,56000,56000
555828535fdb077d03ff8ed9aefe2512c72c148a,2998.38,121.70,12.038216847,56000,55000
555828535fdb077d03ff8ed9aefe2512c72c148a,2998.71,121.57,12.029039293,56000,56000
555828535fdb077d03ff8ed9aefe2512c72c148a,2985.96,120.56,11.988460594,56000,56000
555828535fdb077d03ff8ed9aefe2512c72c148a,2985.65,121.23,11.994051465,56000,56000
555828535fdb077d03ff8ed9aefe2512c72c148a,2979.08,120.66,11.969180296,55000,56000
555828535fdb077d03ff8ed9aefe2512c72c148a,3008.07,121.94,12.095314318,55000,56000
555828535fdb077d03ff8ed9aefe2512c72c148a,2968.89,120.02,11.934233139,54000,54000
555828535fdb077d03ff8ed9aefe2512c72c148a,2935.82,118.54,11.806399857,56000,56000
555828535fdb077d03ff8ed9aefe2512c72c148a,3079.86,125.46,12.378830248,56000,56000
555828535fdb077d03ff8ed9aefe2512c72c148a,3023.79,122.48,12.122270740,55000,56000
555828535fdb077d03ff8ed9aefe2512c72c148a,3034.48,122.95,12.217556710,56000,54000
555828535fdb077d03ff8ed9aefe2512c72c148a,3032.28,123.41,12.159035126,55000,56000
555828535fdb077d03ff8ed9aefe2512c72c148a,3016.28,122.42,12.111644808,56000,56000
d0a4a17c3bd0a281ff74509ff4ec422cbea76fcd,3009.68,121.67,12.067421821,56000,56000
d0a4a17c3bd0a281ff74509ff4ec422cbea76fcd,3063.20,124.19,12.297681747,56000,55000
d0a4a17c3bd0a281ff74509ff4ec422cbea76fcd,2984.89,120.48,11.981727623,56000,55000
d0a4a17c3bd0a281ff74509ff4ec422cbea76fcd,3033.63,123.09,12.163000758,56000,56000
d0a4a17c3bd0a281ff74509ff4ec422cbea76fcd,3035.54,123.41,12.172462573,55000,54000
d0a4a17c3bd0a281ff74509ff4ec422cbea76fcd,2956.47,119.52,11.887791636,55000,55000
d0a4a17c3bd0a281ff74509ff4ec422cbea76fcd,3003.73,121.74,12.096185665,55000,55000
d0a4a17c3bd0a281ff74509ff4ec422cbea76fcd,2924.08,118.62,11.730113302,56000,56000
d0a4a17c3bd0a281ff74509ff4ec422cbea76fcd,3060.87,124.23,12.328533159,56000,56000
d0a4a17c3bd0a281ff74509ff4ec422cbea76fcd,3046.55,123.60,12.245774846,56000,56000
d0a4a17c3bd0a281ff74509ff4ec422cbea76fcd,2997.43,121.48,12.025938392,56000,55000
d0a4a17c3bd0a281ff74509ff4ec422cbea76fcd,3003.02,121.71,12.055453498,55000,56000
d0a4a17c3bd0a281ff74509ff4ec422cbea76fcd,3044.31,123.74,12.205652800,55000,56000
d0a4a17c3bd0a281ff74509ff4ec422cbea76fcd,2997.80,121.39,12.038333009,56000,56000
d0a4a17c3bd0a281ff74509ff4ec422cbea76fcd,2990.52,121.28,12.014406305,56000,55000
d0a4a17c3bd0a281ff74509ff4ec422cbea76fcd,2994.10,121.40,12.022297669,55000,56000
d0a4a17c3bd0a281ff74509ff4ec422cbea76fcd,2968.10,120.21,11.898260799,55000,56000
d0a4a17c3bd0a281ff74509ff4ec422cbea76fcd,3035.91,123.26,12.188283170,56000,56000
d0a4a17c3bd0a281ff74509ff4ec422cbea76fcd,3018.29,122.75,12.121932612,55000,56000
d0a4a17c3bd0a281ff74509ff4ec422cbea76fcd,3042.34,123.74,12.229140440,56000,55000
d0a4a17c3bd0a281ff74509ff4ec422cbea76fcd,3030.99,123.11,12.178144429,55000,55000
d0a4a17c3bd0a281ff74509ff4ec422cbea76fcd,3021.16,122.71,12.146458987,56000,55000
d0a4a17c3bd0a281ff74509ff4ec422cbea76fcd,3000.18,121.59,12.033780016,55000,56000
d0a4a17c3bd0a281ff74509ff4ec422cbea76fcd,3033.97,122.99,12.193166174,55000,56000
d0a4a17c3bd0a281ff74509ff4ec422cbea76fcd,2992.04,121.04,12.030672689,56000,55000
d0a4a17c3bd0a281ff74509ff4ec422cbea76fcd,2997.76,120.73,12.052787387,55000,56000
d0a4a17c3bd0a281ff74509ff4ec422cbea76fcd,2967.58,119.44,11.948621824,56000,56000
d0a4a17c3bd0a281ff74509ff4ec422cbea76fcd,3043.67,122.96,12.215314921,55000,54000
d0a4a17c3bd0a281ff74509ff4ec422cbea76fcd,3002.71,121.53,12.033899881,56000,55000
d0a4a17c3bd0a281ff74509ff4ec422cbea76fcd,3052.26,123.98,12.258026150,56000,56000
e727d94d9e18ec87392459d0ea22e7177a0c16a6,3031.62,123.10,12.182633149,55000,55000
e727d94d9e18ec87392459d0ea22e7177a0c16a6,3007.71,121.66,12.077319627,56000,56000
e727d94d9e18ec87392459d0ea22e7177a0c16a6,3052.19,124.19,12.235575387,55000,56000
e727d94d9e18ec87392459d0ea22e7177a0c16a6,3047.46,123.69,12.237013582,56000,55000
e727d94d9e18ec87392459d0ea22e7177a0c16a6,3009.92,121.75,12.080017824,55000,56000
e727d94d9e18ec87392459d0ea22e7177a0c16a6,2946.36,119.21,11.833948507,55000,56000
e727d94d9e18ec87392459d0ea22e7177a0c16a6,2983.23,120.91,11.986264678,56000,55000
e727d94d9e18ec87392459d0ea22e7177a0c16a6,2944.60,119.45,11.833783220,56000,56000
e727d94d9e18ec87392459d0ea22e7177a0c16a6,3032.48,123.44,12.182436782,56000,56000
e727d94d9e18ec87392459d0ea22e7177a0c16a6,2991.73,121.37,12.008629568,56000,55000
e727d94d9e18ec87392459d0ea22e7177a0c16a6,3003.98,122.00,12.076259390,55000,56000
e727d94d9e18ec87392459d0ea22e7177a0c16a6,3026.39,122.84,12.150185390,56000,56000
e727d94d9e18ec87392459d0ea22e7177a0c16a6,2977.15,120.59,11.980846150,56000,55000
e727d94d9e18ec87392459d0ea22e7177a0c16a6,2995.81,121.07,12.026419013,56000,55000
e727d94d9e18ec87392459d0ea22e7177a0c16a6,3021.78,122.60,12.136827804,55000,56000
e727d94d9e18ec87392459d0ea22e7177a0c16a6,3013.71,121.81,12.097541291,55000,56000
e727d94d9e18ec87392459d0ea22e7177a0c16a6,3003.14,121.42,12.050779865,56000,56000
e727d94d9e18ec87392459d0ea22e7177a0c16a6,3021.97,122.02,12.132201226,56000,55000
e727d94d9e18ec87392459d0ea22e7177a0c16a6,3012.81,122.56,12.066642615,56000,55000
e727d94d9e18ec87392459d0ea22e7177a0c16a6,3019.23,122.02,12.130758341,56000,55000
e727d94d9e18ec87392459d0ea22e7177a0c16a6,3008.15,122.02,12.077804920,56000,56000
e727d94d9e18ec87392459d0ea22e7177a0c16a6,2944.50,119.02,11.803551110,56000,56000
e727d94d9e18ec87392459d0ea22e7177a0c16a6,3071.50,124.33,12.330714957,56000,55000
e727d94d9e18ec87392459d0ea22e7177a0c16a6,2988.43,120.69,12.023992904,55000,56000
e727d94d9e18ec87392459d0ea22e7177a0c16a6,2950.47,119.08,11.858893283,55000,55000
e727d94d9e18ec87392459d0ea22e7177a0c16a6,2947.42,118.82,11.836303982,56000,55000
e727d94d9e18ec87392459d0ea22e7177a0c16a6,2997.42,121.03,12.027193168,55000,54000
e727d94d9e18ec87392459d0ea22e7177a0c16a6,2999.27,120.79,12.056412364,56000,56000
e727d94d9e18ec87392459d0ea22e7177a0c16a6,3049.13,123.96,12.251800571,55000,55000
e727d94d9e18ec87392459d0ea22e7177a0c16a6,3027.46,123.03,12.165177941,54000,54000
e9691adbff6d037dc2a034f8fb7937273f2d97b5,2997.57,121.40,12.044326563,56000,56000
e9691adbff6d037dc2a034f8fb7937273f2d97b5,3034.67,122.75,12.203764726,56000,56000
e9691adbff6d037dc2a034f8fb7937273f2d97b5,2925.78,118.40,11.736526236,55000,56000
e9691adbff6d037dc2a034f8fb7937273f2d97b5,3019.45,122.17,12.126791131,56000,56000
e9691adbff6d037dc2a034f8fb7937273f2d97b5,3056.91,124.45,12.285425279,56000,55000
e9691adbff6d037dc2a034f8fb7937273f2d97b5,2961.56,120.36,11.879562575,55000,56000
e9691adbff6d037dc2a034f8fb7937273f2d97b5,2995.81,121.35,12.014827037,56000,56000
e9691adbff6d037dc2a034f8fb7937273f2d97b5,3042.54,123.29,12.209284669,56000,54000
e9691adbff6d037dc2a034f8fb7937273f2d97b5,2991.01,121.54,11.992819485,54000,56000
e9691adbff6d037dc2a034f8fb7937273f2d97b5,2980.19,121.21,11.966801631,56000,56000
e9691adbff6d037dc2a034f8fb7937273f2d97b5,2962.43,119.91,11.884529081,56000,56000
e9691adbff6d037dc2a034f8fb7937273f2d97b5,3045.89,123.68,12.233138231,55000,55000
e9691adbff6d037dc2a034f8fb7937273f2d97b5,3057.20,124.53,12.266267921,56000,55000
e9691adbff6d037dc2a034f8fb7937273f2d97b5,2952.00,119.14,11.865365330,56000,56000
e9691adbff6d037dc2a034f8fb7937273f2d97b5,2964.05,120.17,11.909709642,56000,55000
e9691adbff6d037dc2a034f8fb7937273f2d97b5,3011.27,122.43,12.090574489,56000,56000
e9691adbff6d037dc2a034f8fb7937273f2d97b5,2953.77,119.25,11.843480086,55000,56000
e9691adbff6d037dc2a034f8fb7937273f2d97b5,2975.36,120.31,11.940967249,56000,55000
e9691adbff6d037dc2a034f8fb7937273f2d97b5,3028.39,122.59,12.164116011,56000,56000
e9691adbff6d037dc2a034f8fb7937273f2d97b5,2931.34,117.89,11.778574387,55000,55000
e9691adbff6d037dc2a034f8fb7937273f2d97b5,3028.63,123.20,12.169696516,55000,55000
e9691adbff6d037dc2a034f8fb7937273f2d97b5,2885.61,116.11,11.600519348,55000,56000
e9691adbff6d037dc2a034f8fb7937273f2d97b5,2991.48,121.57,12.005606911,55000,55000
e9691adbff6d037dc2a034f8fb7937273f2d97b5,3060.11,124.07,12.292851604,56000,56000
e9691adbff6d037dc2a034f8fb7937273f2d97b5,3006.65,121.40,12.086485538,55000,56000
e9691adbff6d037dc2a034f8fb7937273f2d97b5,3019.94,122.38,12.129957990,55000,55000
e9691adbff6d037dc2a034f8fb7937273f2d97b5,3041.61,123.41,12.205139426,55000,56000
e9691adbff6d037dc2a034f8fb7937273f2d97b5,2950.13,119.82,11.828088967,56000,55000
e9691adbff6d037dc2a034f8fb7937273f2d97b5,3066.76,124.37,12.336683073,55000,55000
e9691adbff6d037dc2a034f8fb7937273f2d97b5,3031.87,123.24,12.187888443,55000,55000
4fbd6946cc3cc9a065d389fb9d77c2b644d5e6c1,3047.46,123.87,12.238426462,56000,55000
4fbd6946cc3cc9a065d389fb9d77c2b644d5e6c1,3021.69,121.89,12.114522228,55000,56000
4fbd6946cc3cc9a065d389fb9d77c2b644d5e6c1,3039.94,123.31,12.197210704,56000,55000
4fbd6946cc3cc9a065d389fb9d77c2b644d5e6c1,3062.82,124.71,12.286060246,55000,55000
4fbd6946cc3cc9a065d389fb9d77c2b644d5e6c1,2983.25,120.87,11.983011682,55000,55000
4fbd6946cc3cc9a065d389fb9d77c2b644d5e6c1,2988.79,121.35,11.989225357,55000,56000
4fbd6946cc3cc9a065d389fb9d77c2b644d5e6c1,2968.70,120.44,11.930053368,56000,55000
4fbd6946cc3cc9a065d389fb9d77c2b644d5e6c1,2992.25,121.14,12.038827200,56000,55000
4fbd6946cc3cc9a065d389fb9d77c2b644d5e6c1,3054.84,124.10,12.248171141,56000,56000
4fbd6946cc3cc9a065d389fb9d77c2b644d5e6c1,3042.88,123.47,12.218294394,56000,56000
4fbd6946cc3cc9a065d389fb9d77c2b644d5e6c1,3047.61,123.87,12.210976345,56000,56000
4fbd6946cc3cc9a065d389fb9d77c2b644d5e6c1,3006.02,121.61,12.087327782,55000,55000
4fbd6946cc3cc9a065d389fb9d77c2b644d5e6c1,2989.28,121.04,12.025066702,55000,56000
4fbd6946cc3cc9a065d389fb9d77c2b644d5e6c1,3061.78,124.37,12.277703545,56000,57000
4fbd6946cc3cc9a065d389fb9d77c2b644d5e6c1,2988.15,121.51,12.014321813,56000,55000
4fbd6946cc3cc9a065d389fb9d77c2b644d5e6c1,2966.27,120.06,11.915871034,56000,55000
4fbd6946cc3cc9a065d389fb9d77c2b644d5e6c1,3038.58,123.26,12.189031067,56000,56000
4fbd6946cc3cc9a065d389fb9d77c2b644d5e6c1,3066.39,124.64,12.317969107,56000,56000
4fbd6946cc3cc9a065d389fb9d77c2b644d5e6c1,3018.37,122.20,12.135355719,55000,56000
4fbd6946cc3cc9a065d389fb9d77c2b644d5e6c1,3026.00,122.86,12.148206045,56000,55000
4fbd6946cc3cc9a065d389fb9d77c2b644d5e6c1,2986.70,120.82,12.000163499,55000,56000
4fbd6946cc3cc9a065d389fb9d77c2b644d5e6c1,2967.26,120.32,11.911894843,55000,55000
4fbd6946cc3cc9a065d389fb9d77c2b644d5e6c1,3022.97,122.56,12.140096204,55000,55000
4fbd6946cc3cc9a065d389fb9d77c2b644d5e6c1,2982.31,120.18,11.988110807,55000,55000
4fbd6946cc3cc9a065d389fb9d77c2b644d5e6c1,2949.72,119.42,11.841217919,55000,56000
4fbd6946cc3cc9a065d389fb9d77c2b644d5e6c1,3029.42,122.65,12.183617486,56000,55000
4fbd6946cc3cc9a065d389fb9d77c2b644d5e6c1,2975.37,120.75,11.947552821,54000,55000
4fbd6946cc3cc9a065d389fb9d77c2b644d5e6c1,2998.44,121.56,12.059160360,56000,55000
4fbd6946cc3cc9a065d389fb9d77c2b644d5e6c1,3035.17,122.68,12.219993983,56000,56000
4fbd6946cc3cc9a065d389fb9d77c2b644d5e6c1,3001.89,121.34,12.050272051,55000,56000
1728ba52ba58f3c4e93a0882f6dd50fb4093d5a1,2914.15,117.71,11.698959293,55000,55000
1728ba52ba58f3c4e93a0882f6dd50fb4093d5a1,2966.11,120.02,11.922318087,55000,55000
1728ba52ba58f3c4e93a0882f6dd50fb4093d5a1,2975.74,120.47,11.954317619,55000,55000
1728ba52ba58f3c4e93a0882f6dd50fb4093d5a1,2959.36,119.71,11.858585301,56000,56000
1728ba52ba58f3c4e93a0882f6dd50fb4093d5a1,2998.99,121.25,12.038728071,56000,56000
1728ba52ba58f3c4e93a0882f6dd50fb4093d5a1,2989.73,121.28,11.964989361,56000,56000
1728ba52ba58f3c4e93a0882f6dd50fb4093d5a1,2960.94,119.45,11.897031933,56000,56000
1728ba52ba58f3c4e93a0882f6dd50fb4093d5a1,3014.51,122.42,12.084448758,56000,56000
1728ba52ba58f3c4e93a0882f6dd50fb4093d5a1,2917.89,117.37,11.725997410,56000,55000
1728ba52ba58f3c4e93a0882f6dd50fb4093d5a1,3004.39,121.70,12.062005968,56000,56000
1728ba52ba58f3c4e93a0882f6dd50fb4093d5a1,2860.18,115.73,11.492537369,56000,56000
1728ba52ba58f3c4e93a0882f6dd50fb4093d5a1,2976.18,120.32,11.955577379,55000,56000
1728ba52ba58f3c4e93a0882f6dd50fb4093d5a1,2993.04,121.24,12.023397324,56000,55000
1728ba52ba58f3c4e93a0882f6dd50fb4093d5a1,2954.05,119.86,11.855338464,56000,56000
1728ba52ba58f3c4e93a0882f6dd50fb4093d5a1,2942.01,119.20,11.811366654,56000,55000
1728ba52ba58f3c4e93a0882f6dd50fb4093d5a1,2919.14,118.18,11.712085232,55000,55000
1728ba52ba58f3c4e93a0882f6dd50fb4093d5a1,2981.50,120.32,11.998696240,56000,55000
1728ba52ba58f3c4e93a0882f6dd50fb4093d5a1,2966.88,120.07,11.914628049,55000,55000
1728ba52ba58f3c4e93a0882f6dd50fb4093d5a1,2976.52,120.07,11.953036859,55000,55000
1728ba52ba58f3c4e93a0882f6dd50fb4093d5a1,2994.56,121.79,12.000860756,55000,55000
1728ba52ba58f3c4e93a0882f6dd50fb4093d5a1,3009.76,121.42,12.095777838,55000,54000
1728ba52ba58f3c4e93a0882f6dd50fb4093d5a1,2981.12,120.83,11.962551593,55000,55000
1728ba52ba58f3c4e93a0882f6dd50fb4093d5a1,3058.57,124.19,12.263185262,56000,56000
1728ba52ba58f3c4e93a0882f6dd50fb4093d5a1,3032.53,122.93,12.177574745,55000,55000
1728ba52ba58f3c4e93a0882f6dd50fb4093d5a1,3019.62,122.14,12.121678284,56000,55000
1728ba52ba58f3c4e93a0882f6dd50fb4093d5a1,3024.34,123.17,12.145936104,55000,55000
1728ba52ba58f3c4e93a0882f6dd50fb4093d5a1,3019.23,122.53,12.124988737,55000,55000
1728ba52ba58f3c4e93a0882f6dd50fb4093d5a1,2990.14,120.95,11.998625780,56000,56000
1728ba52ba58f3c4e93a0882f6dd50fb4093d5a1,3022.56,121.76,12.154297274,55000,56000
1728ba52ba58f3c4e93a0882f6dd50fb4093d5a1,2915.70,118.15,11.702229010,55000,56000
d6331d39fd8b98f511db6d246614ce643b1389ee,3041.33,122.96,12.207723379,56000,57000
d6331d39fd8b98f511db6d246614ce643b1389ee,2969.93,119.95,11.935088682,56000,55000
d6331d39fd8b98f511db6d246614ce643b1389ee,3061.07,124.43,12.270079179,55000,55000
d6331d39fd8b98f511db6d246614ce643b1389ee,2966.06,120.24,11.897223463,56000,55000
d6331d39fd8b98f511db6d246614ce643b1389ee,3008.86,121.78,12.087604352,56000,56000
d6331d39fd8b98f511db6d246614ce643b1389ee,3068.46,124.66,12.301300922,56000,56000
d6331d39fd8b98f511db6d246614ce643b1389ee,3040.97,123.10,12.193908086,56000,55000
d6331d39fd8b98f511db6d246614ce643b1389ee,3105.50,126.27,12.468654885,56000,55000
d6331d39fd8b98f511db6d246614ce643b1389ee,2982.58,120.55,11.964610508,56000,55000
d6331d39fd8b98f511db6d246614ce643b1389ee,2974.43,120.02,11.950176940,56000,55000
d6331d39fd8b98f511db6d246614ce643b1389ee,2967.85,119.91,11.912875499,56000,55000
d6331d39fd8b98f511db6d246614ce643b1389ee,2995.59,121.17,12.024857002,56000,56000
d6331d39fd8b98f511db6d246614ce643b1389ee,2871.90,115.45,11.530855276,56000,56000
d6331d39fd8b98f511db6d246614ce643b1389ee,2942.68,119.39,11.815390072,56000,56000
d6331d39fd8b98f511db6d246614ce643b1389ee,3011.73,121.83,12.100191947,56000,56000
d6331d39fd8b98f511db6d246614ce643b1389ee,2992.31,121.04,12.014023910,55000,56000
d6331d39fd8b98f511db6d246614ce643b1389ee,2922.42,118.17,11.719135510,55000,55000
d6331d39fd8b98f511db6d246614ce643b1389ee,3050.06,123.65,12.218075863,56000,56000
d6331d39fd8b98f511db6d246614ce643b1389ee,2981.62,120.94,11.974581108,55000,56000
d6331d39fd8b98f511db6d246614ce643b1389ee,3064.85,124.69,12.315014769,56000,55000
d6331d39fd8b98f511db6d246614ce643b1389ee,3003.03,121.80,12.072553111,54000,55000
d6331d39fd8b98f511db6d246614ce643b1389ee,3051.86,123.71,12.260313897,55000,55000
d6331d39fd8b98f511db6d246614ce643b1389ee,2952.86,119.10,11.865327852,55000,55000
d6331d39fd8b98f511db6d246614ce643b1389ee,3003.17,121.54,12.025622661,55000,55000
d6331d39fd8b98f511db6d246614ce643b1389ee,2954.97,119.01,11.866922483,56000,55000
d6331d39fd8b98f511db6d246614ce643b1389ee,2977.96,120.17,11.949361842,54000,54000
d6331d39fd8b98f511db6d246614ce643b1389ee,3111.99,126.30,12.477385620,55000,55000
d6331d39fd8b98f511db6d246614ce643b1389ee,2935.36,118.36,11.807706887,56000,55000
d6331d39fd8b98f511db6d246614ce643b1389ee,2952.61,119.74,11.861229140,55000,56000
d6331d39fd8b98f511db6d246614ce643b1389ee,2967.48,120.15,11.918548856,56000,55000
13e8d1398b7094526d6d93d738d58528f94d73ed,2952.26,118.99,11.872005515,55000,56000
13e8d1398b7094526d6d93d738d58528f94d73ed,3026.71,123.19,12.147806719,56000,56000
13e8d1398b7094526d6d93d738d58528f94d73ed,3012.14,121.95,12.079244968,55000,56000
13e8d1398b7094526d6d93d738d58528f94d73ed,3019.75,122.58,12.142684619,56000,56000
13e8d1398b7094526d6d93d738d58528f94d73ed,2976.67,121.01,11.918781652,56000,55000
13e8d1398b7094526d6d93d738d58528f94d73ed,2973.64,120.34,11.925291929,54000,56000
13e8d1398b7094526d6d93d738d58528f94d73ed,3051.37,123.62,12.267920561,55000,56000
13e8d1398b7094526d6d93d738d58528f94d73ed,2973.56,120.50,11.926564169,56000,56000
13e8d1398b7094526d6d93d738d58528f94d73ed,2968.55,119.87,11.928869174,56000,56000
13e8d1398b7094526d6d93d738d58528f94d73ed,3033.30,123.12,12.176332122,55000,55000
13e8d1398b7094526d6d93d738d58528f94d73ed,3018.58,122.32,12.142470608,56000,55000
13e8d1398b7094526d6d93d738d58528f94d73ed,2914.76,117.90,11.705091054,56000,55000
13e8d1398b7094526d6d93d738d58528f94d73ed,2972.32,119.71,11.946598657,56000,55000
13e8d1398b7094526d6d93d738d58528f94d73ed,3079.47,125.18,12.376282946,56000,56000
13e8d1398b7094526d6d93d738d58528f94d73ed,2990.94,121.01,12.034715030,55000,56000
13e8d1398b7094526d6d93d738d58528f94d73ed,3046.90,123.50,12.279575933,55000,55000
13e8d1398b7094526d6d93d738d58528f94d73ed,3007.48,121.36,12.112497499,56000,55000
13e8d1398b7094526d6d93d738d58528f94d73ed,3035.74,123.41,12.170189141,56000,56000
13e8d1398b7094526d6d93d738d58528f94d73ed,3004.08,122.04,12.055966832,54000,54000
13e8d1398b7094526d6d93d738d58528f94d73ed,2966.39,119.81,11.913177341,56000,54000
13e8d1398b7094526d6d93d738d58528f94d73ed,3045.24,123.10,12.239618339,55000,55000
13e8d1398b7094526d6d93d738d58528f94d73ed,2990.24,120.87,12.027718162,55000,55000
13e8d1398b7094526d6d93d738d58528f94d73ed,3032.54,122.57,12.181882422,54000,56000
13e8d1398b7094526d6d93d738d58528f94d73ed,3006.77,121.87,12.056020276,56000,56000
13e8d1398b7094526d6d93d738d58528f94d73ed,2964.47,120.35,11.907366166,54000,55000
13e8d1398b7094526d6d93d738d58528f94d73ed,2991.93,121.25,12.028657622,55000,56000
13e8d1398b7094526d6d93d738d58528f94d73ed,3023.92,122.66,12.130153333,56000,56000
13e8d1398b7094526d6d93d738d58528f94d73ed,2991.58,120.98,12.012200035,55000,55000
13e8d1398b7094526d6d93d738d58528f94d73ed,3045.58,123.26,12.273690102,56000,55000
13e8d1398b7094526d6d93d738d58528f94d73ed,3016.09,122.42,12.119415334,55000,55000
b4b9fc8a9a228f9308d2d6bb716794ba8c1b5812,2954.20,119.63,11.871680222,55000,57000
b4b9fc8a9a228f9308d2d6bb716794ba8c1b5812,2921.67,118.33,11.724815305,56000,56000
b4b9fc8a9a228f9308d2d6bb716794ba8c1b5812,3022.16,122.02,12.144840342,56000,56000
b4b9fc8a9a228f9308d2d6bb716794ba8c1b5812,3032.01,122.68,12.179767615,56000,55000
b4b9fc8a9a228f9308d2d6bb716794ba8c1b5812,3054.65,123.99,12.294144667,55000,55000
b4b9fc8a9a228f9308d2d6bb716794ba8c1b5812,3014.75,122.57,12.117054317,54000,55000
b4b9fc8a9a228f9308d2d6bb716794ba8c1b5812,2988.64,120.57,12.052384062,55000,56000
b4b9fc8a9a228f9308d2d6bb716794ba8c1b5812,3040.68,123.31,12.227013856,56000,56000
b4b9fc8a9a228f9308d2d6bb716794ba8c1b5812,3019.71,122.12,12.142254179,54000,56000
b4b9fc8a9a228f9308d2d6bb716794ba8c1b5812,3015.50,122.00,12.109767145,55000,56000
b4b9fc8a9a228f9308d2d6bb716794ba8c1b5812,2976.69,120.56,11.964715340,56000,56000
b4b9fc8a9a228f9308d2d6bb716794ba8c1b5812,3076.19,124.93,12.353146926,55000,56000
b4b9fc8a9a228f9308d2d6bb716794ba8c1b5812,2952.93,120.04,11.860506239,55000,56000
b4b9fc8a9a228f9308d2d6bb716794ba8c1b5812,2974.86,121.13,11.940691481,55000,56000
b4b9fc8a9a228f9308d2d6bb716794ba8c1b5812,2962.05,119.55,11.910063578,55000,56000
b4b9fc8a9a228f9308d2d6bb716794ba8c1b5812,2981.74,120.69,11.976629450,55000,55000
b4b9fc8a9a228f9308d2d6bb716794ba8c1b5812,3067.30,124.30,12.320459727,56000,55000
b4b9fc8a9a228f9308d2d6bb716794ba8c1b5812,3052.18,124.17,12.236394270,56000,55000
b4b9fc8a9a228f9308d2d6bb716794ba8c1b5812,2935.41,119.24,11.803431855,56000,55000
b4b9fc8a9a228f9308d2d6bb716794ba8c1b5812,3063.83,124.57,12.295266089,56000,56000
b4b9fc8a9a228f9308d2d6bb716794ba8c1b5812,2997.63,121.70,12.029177655,56000,55000
b4b9fc8a9a228f9308d2d6bb716794ba8c1b5812,2931.63,117.97,11.787611181,55000,55000
b4b9fc8a9a228f9308d2d6bb716794ba8c1b5812,2993.44,121.03,12.041042162,55000,56000
b4b9fc8a9a228f9308d2d6bb716794ba8c1b5812,3064.38,124.62,12.299647305,55000,56000
b4b9fc8a9a228f9308d2d6bb716794ba8c1b5812,3023.48,122.62,12.158134996,55000,55000
b4b9fc8a9a228f9308d2d6bb716794ba8c1b5812,2997.66,121.51,12.054175892,55000,55000
b4b9fc8a9a228f9308d2d6bb716794ba8c1b5812,3018.03,122.16,12.146463534,56000,55000
b4b9fc8a9a228f9308d2d6bb716794ba8c1b5812,3067.87,125.27,12.288104238,54000,55000
b4b9fc8a9a228f9308d2d6bb716794ba8c1b5812,3028.94,122.54,12.191141140,56000,56000
b4b9fc8a9a228f9308d2d6bb716794ba8c1b5812,2996.39,121.40,12.030359364,55000,55000
103a55c7e57035fb0c954c21a477e8939103f615,2993.95,121.23,12.012686173,56000,56000
103a55c7e57035fb0c954c21a477e8939103f615,3031.87,122.65,12.170360973,56000,56000
103a55c7e57035fb0c954c21a477e8939103f615,2989.02,121.01,11.996988595,56000,56000
103a55c7e57035fb0c954c21a477e8939103f615,3081.49,125.11,12.368061365,56000,56000
103a55c7e57035fb0c954c21a477e8939103f615,2935.68,119.44,11.791003133,56000,55000
103a55c7e57035fb0c954c21a477e8939103f615,3007.72,122.17,12.087113955,55000,56000
103a55c7e57035fb0c954c21a477e8939103f615,3000.99,121.87,12.057653260,55000,55000
103a55c7e57035fb0c954c21a477e8939103f615,3042.46,123.53,12.207751340,55000,56000
103a55c7e57035fb0c954c21a477e8939103f615,3010.37,121.96,12.088343605,55000,56000
103a55c7e57035fb0c954c21a477e8939103f615,2991.92,121.31,12.040481157,55000,55000
103a55c7e57035fb0c954c21a477e8939103f615,3059.28,123.70,12.293707611,55000,55000
103a55c7e57035fb0c954c21a477e8939103f615,3004.56,122.06,12.074171307,55000,55000
103a55c7e57035fb0c954c21a477e8939103f615,2979.51,120.53,11.966750148,56000,55000
103a55c7e57035fb0c954c21a477e8939103f615,3005.17,121.52,12.058308445,55000,56000
103a55c7e57035fb0c954c21a477e8939103f615,3078.11,124.67,12.364437229,56000,56000
103a55c7e57035fb0c954c21a477e8939103f615,2991.57,121.55,12.010586673,56000,55000
103a55c7e57035fb0c954c21a477e8939103f615,2958.85,120.04,11.869642330,57000,55000
103a55c7e57035fb0c954c21a477e8939103f615,3032.09,123.11,12.163763398,56000,56000
103a55c7e57035fb0c954c21a477e8939103f615,2960.91,119.87,11.877924835,55000,56000
103a55c7e57035fb0c954c21a477e8939103f615,2995.61,120.92,12.043999084,56000,55000
103a55c7e57035fb0c954c21a477e8939103f615,2957.59,119.77,11.858648948,56000,55000
103a55c7e57035fb0c954c21a477e8939103f615,2934.17,118.60,11.791583537,56000,56000
103a55c7e57035fb0c954c21a477e8939103f615,2991.71,121.21,12.002900083,56000,55000
103a55c7e57035fb0c954c21a477e8939103f615,3024.02,122.53,12.149875553,55000,56000
103a55c7e57035fb0c954c21a477e8939103f615,3000.62,122.01,12.044686971,56000,55000
103a55c7e57035fb0c954c21a477e8939103f615,3021.49,122.63,12.127330783,54000,56000
103a55c7e57035fb0c954c21a477e8939103f615,2928.67,118.04,11.776634368,55000,55000
103a55c7e57035fb0c954c21a477e8939103f615,3050.67,123.98,12.251440796,56000,56000
103a55c7e57035fb0c954c21a477e8939103f615,2994.35,120.95,12.023980163,56000,54000
103a55c7e57035fb0c954c21a477e8939103f615,2942.94,118.44,11.844897733,55000,54000
f503c7bcedb890187a6743a18000e2b818804bc6,3013.37,121.53,12.099955506,55000,56000
f503c7bcedb890187a6743a18000e2b818804bc6,2963.87,119.69,11.900976443,56000,55000
f503c7bcedb890187a6743a18000e2b818804bc6,2959.87,119.32,11.888142338,56000,56000
f503c7bcedb890187a6743a18000e2b818804bc6,3001.51,121.71,12.047048109,56000,56000
f503c7bcedb890187a6743a18000e2b818804bc6,3035.42,123.09,12.179110422,55000,56000
f503c7bcedb890187a6743a18000e2b818804bc6,2938.30,118.72,11.799142237,55000,56000
f503c7bcedb890187a6743a18000e2b818804bc6,3023.87,122.57,12.139958537,55000,54000
f503c7bcedb890187a6743a18000e2b818804bc6,3021.88,122.97,12.155504878,56000,55000
f503c7bcedb890187a6743a18000e2b818804bc6,3050.39,123.54,12.243582144,56000,56000
f503c7bcedb890187a6743a18000e2b818804bc6,2955.90,119.27,11.895104965,55000,56000
f503c7bcedb890187a6743a18000e2b818804bc6,3019.34,122.47,12.115013312,55000,56000
f503c7bcedb890187a6743a18000e2b818804bc6,3011.87,122.59,12.103536166,56000,56000
f503c7bcedb890187a6743a18000e2b818804bc6,2988.50,121.28,12.002639923,55000,55000
f503c7bcedb890187a6743a18000e2b818804bc6,2978.16,120.48,11.960532159,55000,56000
f503c7bcedb890187a6743a18000e2b818804bc6,3012.50,121.84,12.084621673,56000,55000
f503c7bcedb890187a6743a18000e2b818804bc6,2944.78,119.44,11.807231464,55000,56000
f503c7bcedb890187a6743a18000e2b818804bc6,2965.30,119.97,11.906335158,56000,56000
f503c7bcedb890187a6743a18000e2b818804bc6,3056.54,124.28,12.274166556,56000,56000
f503c7bcedb890187a6743a18000e2b818804bc6,2979.94,120.64,11.971767017,55000,56000
f503c7bcedb890187a6743a18000e2b818804bc6,3018.52,122.78,12.122648637,56000,56000
f503c7bcedb890187a6743a18000e2b818804bc6,3042.73,123.78,12.221654478,55000,54000
f503c7bcedb890187a6743a18000e2b818804bc6,3016.15,121.99,12.135876000,56000,55000
f503c7bcedb890187a6743a18000e2b818804bc6,3028.89,123.20,12.181034478,55000,55000
f503c7bcedb890187a6743a18000e2b818804bc6,2996.13,121.87,12.039452820,56000,56000
f503c7bcedb890187a6743a18000e2b818804bc6,3084.66,124.94,12.391283563,56000,56000
f503c7bcedb890187a6743a18000e2b818804bc6,2993.85,121.33,12.037671418,55000,54000
f503c7bcedb890187a6743a18000e2b818804bc6,3036.45,123.45,12.184773367,56000,56000
f503c7bcedb890187a6743a18000e2b818804bc6,2975.54,120.68,11.954915772,56000,55000
f503c7bcedb890187a6743a18000e2b818804bc6,2991.94,121.12,12.005946673,56000,54000
f503c7bcedb890187a6743a18000e2b818804bc6,2932.85,118.40,11.794575628,54000,55000
8da4cd838cacfb5d13283ff1bc2dd9db5e84df54,3047.41,123.94,12.238378631,55000,56000
8da4cd838cacfb5d13283ff1bc2dd9db5e84df54,2968.07,119.91,11.904704054,56000,56000
8da4cd838cacfb5d13283ff1bc2dd9db5e84df54,3024.00,122.09,12.167248035,55000,55000
8da4cd838cacfb5d13283ff1bc2dd9db5e84df54,2893.77,116.39,11.605350120,56000,55000
8da4cd838cacfb5d13283ff1bc2dd9db5e84df54,3010.59,121.68,12.067721787,56000,55000
8da4cd838cacfb5d13283ff1bc2dd9db5e84df54,2952.14,119.09,11.843847677,56000,56000
8da4cd838cacfb5d13283ff1bc2dd9db5e84df54,3008.20,122.23,12.083193947,56000,55000
8da4cd838cacfb5d13283ff1bc2dd9db5e84df54,3072.08,124.77,12.333861222,56000,56000
8da4cd838cacfb5d13283ff1bc2dd9db5e84df54,3025.46,122.73,12.139425792,56000,56000
8da4cd838cacfb5d13283ff1bc2dd9db5e84df54,3053.25,124.45,12.248819786,56000,56000
8da4cd838cacfb5d13283ff1bc2dd9db5e84df54,3034.28,123.19,12.203050138,56000,55000
8da4cd838cacfb5d13283ff1bc2dd9db5e84df54,2962.75,120.15,11.892130920,55000,55000
8da4cd838cacfb5d13283ff1bc2dd9db5e84df54,3057.21,123.93,12.280214071,56000,55000
8da4cd838cacfb5d13283ff1bc2dd9db5e84df54,3036.70,123.25,12.192784677,56000,55000
8da4cd838cacfb5d13283ff1bc2dd9db5e84df54,2941.27,118.93,11.817515319,55000,55000
8da4cd838cacfb5d13283ff1bc2dd9db5e84df54,3009.11,122.29,12.057330770,56000,56000
8da4cd838cacfb5d13283ff1bc2dd9db5e84df54,3048.05,123.66,12.256300274,55000,55000
8da4cd838cacfb5d13283ff1bc2dd9db5e84df54,2994.93,121.69,12.018801924,55000,56000
8da4cd838cacfb5d13283ff1bc2dd9db5e84df54,2988.52,121.24,12.001638200,55000,56000
8da4cd838cacfb5d13283ff1bc2dd9db5e84df54,2989.48,121.66,12.010909553,56000,55000
8da4cd838cacfb5d13283ff1bc2dd9db5e84df54,2997.69,121.34,12.034847442,55000,56000
8da4cd838cacfb5d13283ff1bc2dd9db5e84df54,2982.59,120.96,11.974076541,55000,56000
8da4cd838cacfb5d13283ff1bc2dd9db5e84df54,2952.84,119.83,11.855047117,55000,55000
8da4cd838cacfb5d13283ff1bc2dd9db5e84df54,3034.00,123.11,12.170421280,54000,56000
8da4cd838cacfb5d13283ff1bc2dd9db5e84df54,2963.06,119.59,11.914991234,56000,56000
8da4cd838cacfb5d13283ff1bc2dd9db5e84df54,3036.09,122.93,12.187782680,56000,55000
8da4cd838cacfb5d13283ff1bc2dd9db5e84df54,2974.84,120.22,11.942324138,56000,56000
8da4cd838cacfb5d13283ff1bc2dd9db5e84df54,2939.34,118.90,11.812782605,54000,55000
8da4cd838cacfb5d13283ff1bc2dd9db5e84df54,3047.15,123.57,12.253152373,55000,55000
8da4cd838cacfb5d13283ff1bc2dd9db5e84df54,3050.37,123.47,12.288302683,55000,55000
764dd8e81d2f4086bb1c4e94f06a4a0ab1a4b09b,3066.42,124.76,12.315882740,56000,55000
764dd8e81d2f4086bb1c4e94f06a4a0ab1a4b09b,3013.36,121.88,12.084944963,55000,56000
764dd8e81d2f4086bb1c4e94f06a4a0ab1a4b09b,3013.91,122.07,12.098183988,56000,56000
764dd8e81d2f4086bb1c4e94f06a4a0ab1a4b09b,2996.02,120.92,12.048046857,55000,56000
764dd8e81d2f4086bb1c4e94f06a4a0ab1a4b09b,2985.47,120.95,11.997214726,55000,55000
764dd8e81d2f4086bb1c4e94f06a4a0ab1a4b09b,2929.35,118.29,11.753080814,56000,55000
764dd8e81d2f4086bb1c4e94f06a4a0ab1a4b09b,2962.34,119.91,11.895408619,56000,56000
764dd8e81d2f4086bb1c4e94f06a4a0ab1a4b09b,2994.28,121.46,12.050005457,55000,56000
764dd8e81d2f4086bb1c4e94f06a4a0ab1a4b09b,3039.86,123.41,12.229487025,56000,56000
764dd8e81d2f4086bb1c4e94f06a4a0ab1a4b09b,3053.49,124.30,12.257350600,56000,56000
764dd8e81d2f4086bb1c4e94f06a4a0ab1a4b09b,2952.04,118.65,11.871605258,55000,55000
764dd8e81d2f4086bb1c4e94f06a4a0ab1a4b09b,2963.29,120.39,11.869793329,56000,55000
764dd8e81d2f4086bb1c4e94f06a4a0ab1a4b09b,2937.74,119.03,11.768336259,56000,55000
764dd8e81d2f4086bb1c4e94f06a4a0ab1a4b09b,3057.36,123.88,12.251605638,56000,56000
764dd8e81d2f4086bb1c4e94f06a4a0ab1a4b09b,3003.51,122.14,12.049173166,56000,55000
764dd8e81d2f4086bb1c4e94f06a4a0ab1a4b09b,3038.08,123.60,12.206540465,55000,56000
764dd8e81d2f4086bb1c4e94f06a4a0ab1a4b09b,2994.66,121.70,12.021915046,55000,55000
764dd8e81d2f4086bb1c4e94f06a4a0ab1a4b09b,3001.09,121.46,12.040975168,56000,56000
764dd8e81d2f4086bb1c4e94f06a4a0ab1a4b09b,3052.21,123.85,12.247186514,55000,56000
764dd8e81d2f4086bb1c4e94f06a4a0ab1a4b09b,3025.60,122.42,12.166761649,55000,56000
764dd8e81d2f4086bb1c4e94f06a4a0ab1a4b09b,2997.38,121.62,12.019138139,55000,55000
764dd8e81d2f4086bb1c4e94f06a4a0ab1a4b09b,3007.22,121.59,12.099553694,56000,55000
764dd8e81d2f4086bb1c4e94f06a4a0ab1a4b09b,3016.01,122.34,12.100143026,55000,55000
764dd8e81d2f4086bb1c4e94f06a4a0ab1a4b09b,3013.58,121.49,12.104304164,56000,55000
764dd8e81d2f4086bb1c4e94f06a4a0ab1a4b09b,3039.14,122.91,12.210147970,55000,55000
764dd8e81d2f4086bb1c4e94f06a4a0ab1a4b09b,3027.26,122.20,12.164488864,56000,55000
764dd8e81d2f4086bb1c4e94f06a4a0ab1a4b09b,2917.34,117.88,11.732582160,56000,55000
764dd8e81d2f4086bb1c4e94f06a4a0ab1a4b09b,2969.98,120.20,11.939846860,56000,56000
764dd8e81d2f4086bb1c4e94f06a4a0ab1a4b09b,3056.84,124.20,12.240596841,55000,56000
764dd8e81d2f4086bb1c4e94f06a4a0ab1a4b09b,2950.86,119.70,11.855786909,56000,55000
82abd25aa9033f6ef6503ac66a1ef33e0372c29a,2963.54,119.95,11.904477633,56000,56000
82abd25aa9033f6ef6503ac66a1ef33e0372c29a,3010.92,121.56,12.087671723,56000,56000
82abd25aa9033f6ef6503ac66a1ef33e0372c29a,3019.55,122.07,12.115475983,56000,56000
82abd25aa9033f6ef6503ac66a1ef33e0372c29a,3001.22,122.16,12.058625300,55000,55000
82abd25aa9033f6ef6503ac66a1ef33e0372c29a,2982.94,120.20,11.982975967,55000,56000
82abd25aa9033f6ef6503ac66a1ef33e0372c29a,3015.26,121.77,12.106755798,55000,56000
82abd25aa9033f6ef6503ac66a1ef33e0372c29a,3044.12,123.33,12.218665724,56000,55000
82abd25aa9033f6ef6503ac66a1ef33e0372c29a,3024.39,122.23,12.176575444,56000,56000
82abd25aa9033f6ef6503ac66a1ef33e0372c29a,3060.87,124.42,12.293841383,56000,55000
82abd25aa9033f6ef6503ac66a1ef33e0372c29a,3039.99,123.66,12.207435711,55000,56000
82abd25aa9033f6ef6503ac66a1ef33e0372c29a,2948.75,119.60,11.824546537,56000,56000
82abd25aa9033f6ef6503ac66a1ef33e0372c29a,2973.24,120.83,11.943605998,55000,56000
82abd25aa9033f6ef6503ac66a1ef33e0372c29a,2906.09,117.18,11.688091862,54000,55000
82abd25aa9033f6ef6503ac66a1ef33e0372c29a,3042.20,123.03,12.211082620,56000,56000
82abd25aa9033f6ef6503ac66a1ef33e0372c29a,3060.29,123.33,12.286973764,55000,55000
82abd25aa9033f6ef6503ac66a1ef33e0372c29a,3055.24,124.01,12.250490982,56000,54000
82abd25aa9033f6ef6503ac66a1ef33e0372c29a,3016.51,123.06,12.078462946,56000,56000
82abd25aa9033f6ef6503ac66a1ef33e0372c29a,2938.41,118.20,11.816197031,56000,56000
82abd25aa9033f6ef6503ac66a1ef33e0372c29a,3005.05,122.76,12.064345803,56000,56000
82abd25aa9033f6ef6503ac66a1ef33e0372c29a,2958.78,119.88,11.871885558,55000,56000
82abd25aa9033f6ef6503ac66a1ef33e0372c29a,2928.45,118.70,11.764543181,56000,55000
82abd25aa9033f6ef6503ac66a1ef33e0372c29a,2990.22,120.97,12.027389929,55000,56000
82abd25aa9033f6ef6503ac66a1ef33e0372c29a,3057.09,124.12,12.308852522,55000,54000
82abd25aa9033f6ef6503ac66a1ef33e0372c29a,2996.14,121.27,12.043191518,56000,56000
82abd25aa9033f6ef6503ac66a1ef33e0372c29a,3024.21,122.08,12.161656736,56000,55000
82abd25aa9033f6ef6503ac66a1ef33e0372c29a,2983.48,120.07,11.985361694,56000,55000
82abd25aa9033f6ef6503ac66a1ef33e0372c29a,2999.36,121.57,12.040324742,55000,55000
82abd25aa9033f6ef6503ac66a1ef33e0372c29a,3016.20,121.74,12.113445256,56000,56000
82abd25aa9033f6ef6503ac66a1ef33e0372c29a,2993.28,121.76,12.020305605,54000,56000
82abd25aa9033f6ef6503ac66a1ef33e0372c29a,2933.80,118.69,11.811701905,56000,55000
ae0491786b359c47cee1c63fdbd15c5ac8004ee6,2986.59,120.93,12.006694069,56000,55000
ae0491786b359c47cee1c63fdbd15c5ac8004ee6,3001.99,121.46,12.075962641,56000,56000
ae0491786b359c47cee1c63fdbd15c5ac8004ee6,2917.31,117.52,11.681625057,55000,56000
ae0491786b359c47cee1c63fdbd15c5ac8004ee6,3001.19,121.55,12.043745721,56000,56000
ae0491786b359c47cee1c63fdbd15c5ac8004ee6,3024.64,122.81,12.159813731,54000,55000
ae0491786b359c47cee1c63fdbd15c5ac8004ee6,3035.36,122.68,12.192911733,56000,55000
ae0491786b359c47cee1c63fdbd15c5ac8004ee6,2968.19,119.44,11.906866164,56000,55000
ae0491786b359c47cee1c63fdbd15c5ac8004ee6,3004.81,121.74,12.074873385,56000,56000
ae0491786b359c47cee1c63fdbd15c5ac8004ee6,2968.03,119.86,11.934061648,55000,56000
ae0491786b359c47cee1c63fdbd15c5ac8004ee6,3029.33,122.90,12.185224116,56000,55000
ae0491786b359c47cee1c63fdbd15c5ac8004ee6,2933.33,118.93,11.775371732,55000,56000
ae0491786b359c47cee1c63fdbd15c5ac8004ee6,2935.20,119.03,11.825698082,56000,55000
ae0491786b359c47cee1c63fdbd15c5ac8004ee6,2987.04,120.68,12.009433824,55000,55000
ae0491786b359c47cee1c63fdbd15c5ac8004ee6,2932.11,118.83,11.780870791,56000,56000
ae0491786b359c47cee1c63fdbd15c5ac8004ee6,2966.91,120.04,11.919380437,56000,56000
ae0491786b359c47cee1c63fdbd15c5ac8004ee6,2955.86,119.60,11.871493751,56000,56000
ae0491786b359c47cee1c63fdbd15c5ac8004ee6,2986.84,121.00,12.007692174,56000,56000
ae0491786b359c47cee1c63fdbd15c5ac8004ee6,2973.91,120.02,11.915690814,55000,56000
ae0491786b359c47cee1c63fdbd15c5ac8004ee6,2991.84,121.41,11.991185854,56000,55000
ae0491786b359c47cee1c63fdbd15c5ac8004ee6,2977.52,120.44,11.965385504,56000,56000
ae0491786b359c47cee1c63fdbd15c5ac8004ee6,3039.57,123.20,12.227185285,55000,55000
ae0491786b359c47cee1c63fdbd15c5ac8004ee6,2996.23,121.25,12.041410196,55000,55000
ae0491786b359c47cee1c63fdbd15c5ac8004ee6,2934.42,118.65,11.768143958,55000,56000
ae0491786b359c47cee1c63fdbd15c5ac8004ee6,3070.06,124.62,12.328310135,56000,55000
ae0491786b359c47cee1c63fdbd15c5ac8004ee6,3065.85,124.80,12.303251404,54000,54000
ae0491786b359c47cee1c63fdbd15c5ac8004ee6,3057.80,123.90,12.269174112,56000,56000
ae0491786b359c47cee1c63fdbd15c5ac8004ee6,2953.87,119.39,11.848386851,56000,55000
ae0491786b359c47cee1c63fdbd15c5ac8004ee6,3039.97,123.13,12.225659259,55000,56000
ae0491786b359c47cee1c63fdbd15c5ac8004ee6,2879.07,115.60,11.577929749,55000,56000
ae0491786b359c47cee1c63fdbd15c5ac8004ee6,3041.70,123.19,12.208659711,55000,56000
ad34d773c0bee477a2e11a938f64d097cf91087f,3030.32,123.02,12.193333106,55000,56000
ad34d773c0bee477a2e11a938f64d097cf91087f,3029.82,122.62,12.154643044,55000,56000
ad34d773c0bee477a2e11a938f64d097cf91087f,3053.91,123.33,12.272182132,56000,56000
ad34d773c0bee477a2e11a938f64d097cf91087f,3034.92,122.60,12.191672902,56000,55000
ad34d773c0bee477a2e11a938f64d097cf91087f,2983.50,120.53,11.968661381,56000,55000
ad34d773c0bee477a2e11a938f64d097cf91087f,2961.18,119.66,11.904488610,56000,55000
ad34d773c0bee477a2e11a938f64d097cf91087f,3026.08,123.07,12.160607823,56000,55000
ad34d773c0bee477a2e11a938f64d097cf91087f,3067.40,124.54,12.316741602,56000,55000
ad34d773c0bee477a2e11a938f64d097cf91087f,2926.87,117.76,11.776555208,55000,55000
ad34d773c0bee477a2e11a938f64d097cf91087f,3055.26,123.76,12.282083592,55000,55000
ad34d773c0bee477a2e11a938f64d097cf91087f,2999.30,121.00,12.047614278,55000,56000
ad34d773c0bee477a2e11a938f64d097cf91087f,2968.34,120.05,11.928936659,56000,56000
ad34d773c0bee477a2e11a938f64d097cf91087f,3054.27,123.81,12.225680379,56000,56000
ad34d773c0bee477a2e11a938f64d097cf91087f,3025.17,122.94,12.126614139,56000,56000
ad34d773c0bee477a2e11a938f64d097cf91087f,3030.58,122.79,12.166467525,55000,56000
ad34d773c0bee477a2e11a938f64d097cf91087f,2944.85,118.69,11.826097374,56000,54000
ad34d773c0bee477a2e11a938f64d097cf91087f,2992.45,121.28,12.021103503,55000,54000
ad34d773c0bee477a2e11a938f64d097cf91087f,2968.64,120.00,11.917818600,55000,55000
ad34d773c0bee477a2e11a938f64d097cf91087f,3018.05,122.10,12.125158226,56000,55000
ad34d773c0bee477a2e11a938f64d097cf91087f,3025.97,122.90,12.144919762,55000,56000
ad34d773c0bee477a2e11a938f64d097cf91087f,2928.49,118.21,11.785377273,54000,55000
ad34d773c0bee477a2e11a938f64d097cf91087f,2965.73,120.07,11.921435529,56000,55000
ad34d773c0bee477a2e11a938f64d097cf91087f,3090.36,125.12,12.411650547,55000,55000
ad34d773c0bee477a2e11a938f64d097cf91087f,3045.85,123.36,12.264187776,56000,55000
ad34d773c0bee477a2e11a938f64d097cf91087f,3047.22,123.24,12.244863827,55000,55000
ad34d773c0bee477a2e11a938f64d097cf91087f,2983.50,120.93,11.973946281,56000,55000
ad34d773c0bee477a2e11a938f64d097cf91087f,3027.57,122.75,12.160099745,55000,55000
ad34d773c0bee477a2e11a938f64d097cf91087f,2954.95,119.71,11.880059956,54000,55000
ad34d773c0bee477a2e11a938f64d097cf91087f,3042.58,122.84,12.239721561,55000,55000
ad34d773c0bee477a2e11a938f64d097cf91087f,3029.63,122.71,12.188057318,55000,55000
a1b5f082973f69e01a3c372d2b04e7c010172cea,2982.73,120.65,11.989736209,55000,56000
a1b5f082973f69e01a3c372d2b04e7c010172cea,3010.04,121.99,12.102355403,56000,55000
a1b5f082973f69e01a3c372d2b04e7c010172cea,2964.32,119.82,11.874699314,56000,56000
a1b5f082973f69e01a3c372d2b04e7c010172cea,3030.94,122.87,12.172552090,56000,56000
a1b5f082973f69e01a3c372d2b04e7c010172cea,3031.96,123.12,12.153627709,55000,56000
a1b5f082973f69e01a3c372d2b04e7c010172cea,2928.67,117.99,11.766339098,56000,56000
a1b5f082973f69e01a3c372d2b04e7c010172cea,2933.44,118.28,11.791388426,55000,55000
a1b5f082973f69e01a3c372d2b04e7c010172cea,2953.50,119.41,11.842821504,55000,56000
a1b5f082973f69e01a3c372d2b04e7c010172cea,2960.88,119.74,11.901256795,56000,56000
a1b5f082973f69e01a3c372d2b04e7c010172cea,3031.22,123.08,12.177055014,55000,56000
a1b5f082973f69e01a3c372d2b04e7c010172cea,3023.80,122.55,12.159227317,55000,56000
a1b5f082973f69e01a3c372d2b04e7c010172cea,2996.72,121.43,12.048145303,56000,56000
a1b5f082973f69e01a3c372d2b04e7c010172cea,2959.87,120.02,11.912317294,55000,56000
a1b5f082973f69e01a3c372d2b04e7c010172cea,2985.00,120.97,12.008617129,55000,56000
a1b5f082973f69e01a3c372d2b04e7c010172cea,2979.31,119.97,11.969203004,56000,55000
a1b5f082973f69e01a3c372d2b04e7c010172cea,3027.79,122.60,12.147673685,56000,56000
a1b5f082973f69e01a3c372d2b04e7c010172cea,3009.18,122.02,12.075355809,55000,55000
a1b5f082973f69e01a3c372d2b04e7c010172cea,2999.82,120.86,12.038463925,55000,56000
a1b5f082973f69e01a3c372d2b04e7c010172cea,2972.23,120.21,11.928426024,56000,55000
a1b5f082973f69e01a3c372d2b04e7c010172cea,3040.36,123.74,12.178637782,56000,55000
a1b5f082973f69e01a3c372d2b04e7c010172cea,3063.19,124.41,12.284662469,56000,56000
a1b5f082973f69e01a3c372d2b04e7c010172cea,3026.94,122.98,12.166668175,56000,56000
a1b5f082973f69e01a3c372d2b04e7c010172cea,3012.35,121.78,12.102498981,55000,56000
a1b5f082973f69e01a3c372d2b04e7c010172cea,2955.26,119.58,11.866536020,55000,56000
a1b5f082973f69e01a3c372d2b04e7c010172cea,3009.62,121.84,12.098121434,56000,55000
a1b5f082973f69e01a3c372d2b04e7c010172cea,3011.83,121.90,12.081088983,56000,55000
a1b5f082973f69e01a3c372d2b04e7c010172cea,2975.52,120.12,11.958532488,56000,56000
a1b5f082973f69e01a3c372d2b04e7c010172cea,3014.26,122.13,12.119191176,56000,56000
a1b5f082973f69e01a3c372d2b04e7c010172cea,3015.64,122.38,12.124914712,55000,55000
a1b5f082973f69e01a3c372d2b04e7c010172cea,3059.59,123.91,12.279234177,55000,56000
b978b8923b9a16a30e439b83a62c51d99510c721,2969.41,120.04,11.921382763,56000,55000
b978b8923b9a16a30e439b83a62c51d99510c721,3030.63,122.50,12.166049813,55000,56000
b978b8923b9a16a30e439b83a62c51d99510c721,2931.65,118.12,11.789790863,55000,56000
b978b8923b9a16a30e439b83a62c51d99510c721,2963.53,119.70,11.900046744,56000,56000
b978b8923b9a16a30e439b83a62c51d99510c721,3070.20,124.45,12.324094971,55000,55000
b978b8923b9a16a30e439b83a62c51d99510c721,2992.15,121.28,12.011565560,56000,55000
b978b8923b9a16a30e439b83a62c51d99510c721,3016.52,122.06,12.114129426,54000,55000
b978b8923b9a16a30e439b83a62c51d99510c721,3050.30,123.62,12.231642231,55000,55000
b978b8923b9a16a30e439b83a62c51d99510c721,3025.28,122.70,12.167515614,55000,56000
b978b8923b9a16a30e439b83a62c51d99510c721,3066.29,124.48,12.336842464,56000,56000
b978b8923b9a16a30e439b83a62c51d99510c721,3022.66,122.88,12.138838169,56000,56000
b978b8923b9a16a30e439b83a62c51d99510c721,3027.71,123.43,12.162592516,55000,56000
b978b8923b9a16a30e439b83a62c51d99510c721,3045.08,123.58,12.229518778,56000,56000
b978b8923b9a16a30e439b83a62c51d99510c721,3006.03,122.15,12.079207611,55000,56000
b978b8923b9a16a30e439b83a62c51d99510c721,3044.36,123.49,12.219698895,56000,55000
b978b8923b9a16a30e439b83a62c51d99510c721,3012.87,121.95,12.103526274,56000,56000
b978b8923b9a16a30e439b83a62c51d99510c721,3011.35,121.86,12.093007721,56000,56000
b978b8923b9a16a30e439b83a62c51d99510c721,2995.66,121.21,12.053063842,56000,56000
b978b8923b9a16a30e439b83a62c51d99510c721,2956.85,119.59,11.887146360,55000,56000
b978b8923b9a16a30e439b83a62c51d99510c721,3008.21,121.32,12.078296669,55000,55000
b978b8923b9a16a30e439b83a62c51d99510c721,3029.24,122.85,12.182868658,56000,56000
b978b8923b9a16a30e439b83a62c51d99510c721,2979.88,120.42,11.970839069,55000,56000
b978b8923b9a16a30e439b83a62c51d99510c721,2982.29,121.13,11.998536979,55000,55000
b978b8923b9a16a30e439b83a62c51d99510c721,2960.34,120.05,11.892506629,55000,55000
b978b8923b9a16a30e439b83a62c51d99510c721,3013.51,121.88,12.095998861,54000,56000
b978b8923b9a16a30e439b83a62c51d99510c721,2982.33,120.66,11.961032514,54000,56000
b978b8923b9a16a30e439b83a62c51d99510c721,2971.95,120.50,11.940365176,54000,56000
b978b8923b9a16a30e439b83a62c51d99510c721,2963.45,119.95,11.919970176,54000,55000
b978b8923b9a16a30e439b83a62c51d99510c721,3065.61,123.95,12.321658831,55000,54000
b978b8923b9a16a30e439b83a62c51d99510c721,3049.27,123.62,12.270430187,55000,56000
2c77ec703bac47e27c947242e3dc6f6d57b9d955,3048.99,123.33,12.244597576,55000,56000
2c77ec703bac47e27c947242e3dc6f6d57b9d955,3007.36,121.94,12.072476599,56000,55000
2c77ec703bac47e27c947242e3dc6f6d57b9d955,3033.74,123.19,12.175211887,56000,56000
2c77ec703bac47e27c947242e3dc6f6d57b9d955,3027.09,122.68,12.199724764,56000,56000
2c77ec703bac47e27c947242e3dc6f6d57b9d955,2943.02,118.88,11.816083207,56000,56000
2c77ec703bac47e27c947242e3dc6f6d57b9d955,3045.58,123.67,12.275637572,56000,55000
2c77ec703bac47e27c947242e3dc6f6d57b9d955,2983.37,121.03,11.973422517,56000,55000
2c77ec703bac47e27c947242e3dc6f6d57b9d955,3054.81,124.05,12.266899458,55000,55000
2c77ec703bac47e27c947242e3dc6f6d57b9d955,3030.36,122.86,12.184224213,56000,56000
2c77ec703bac47e27c947242e3dc6f6d57b9d955,2981.47,120.48,11.996998942,56000,56000
2c77ec703bac47e27c947242e3dc6f6d57b9d955,2977.17,120.35,11.969397782,56000,56000
2c77ec703bac47e27c947242e3dc6f6d57b9d955,2937.93,119.00,11.790924944,56000,56000
2c77ec703bac47e27c947242e3dc6f6d57b9d955,3011.55,121.71,12.127069382,55000,56000
2c77ec703bac47e27c947242e3dc6f6d57b9d955,3008.54,122.07,12.068898299,55000,54000
2c77ec703bac47e27c947242e3dc6f6d57b9d955,2996.70,121.88,12.023211241,55000,54000
2c77ec703bac47e27c947242e3dc6f6d57b9d955,3045.48,123.47,12.214505848,55000,56000
2c77ec703bac47e27c947242e3dc6f6d57b9d955,2992.43,121.57,12.010477450,56000,56000
2c77ec703bac47e27c947242e3dc6f6d57b9d955,2968.28,121.02,11.894836126,55000,56000
2c77ec703bac47e27c947242e3dc6f6d57b9d955,2942.62,118.73,11.832609877,55000,56000
2c77ec703bac47e27c947242e3dc6f6d57b9d955,2970.28,120.04,11.950206077,55000,55000
2c77ec703bac47e27c947242e3dc6f6d57b9d955,2998.81,121.59,12.030466351,56000,55000
2c77ec703bac47e27c947242e3dc6f6d57b9d955,2981.05,120.66,12.000427247,55000,55000
2c77ec703bac47e27c947242e3dc6f6d57b9d955,2927.17,118.09,11.765073619,55000,55000
2c77ec703bac47e27c947242e3dc6f6d57b9d955,2976.50,120.50,11.961105993,56000,55000
2c77ec703bac47e27c947242e3dc6f6d57b9d955,3085.76,125.39,12.390982473,56000,55000
2c77ec703bac47e27c947242e3dc6f6d57b9d955,3032.13,122.93,12.186191218,56000,55000
2c77ec703bac47e27c947242e3dc6f6d57b9d955,3015.47,122.28,12.114439821,55000,55000
2c77ec703bac47e27c947242e3dc6f6d57b9d955,2955.68,119.53,11.870279567,56000,56000
2c77ec703bac47e27c947242e3dc6f6d57b9d955,3046.48,123.44,12.232675726,55000,56000
2c77ec703bac47e27c947242e3dc6f6d57b9d955,2998.33,121.50,12.058595728,55000,56000
02f1f763eb874933820d122ca1fc141226ee0bff,2982.57,121.00,11.974160949,56000,56000
02f1f763eb874933820d122ca1fc141226ee0bff,3035.06,122.44,12.175000182,56000,56000
02f1f763eb874933820d122ca1fc141226ee0bff,3068.51,124.37,12.303534164,56000,55000
02f1f763eb874933820d122ca1fc141226ee0bff,3032.42,122.48,12.191314999,56000,55000
02f1f763eb874933820d122ca1fc141226ee0bff,3076.93,124.84,12.357112917,56000,56000
02f1f763eb874933820d122ca1fc141226ee0bff,2976.17,120.54,11.928462789,55000,55000
02f1f763eb874933820d122ca1fc141226ee0bff,3067.40,124.99,12.293873671,55000,56000
02f1f763eb874933820d122ca1fc141226ee0bff,3021.19,122.15,12.127247369,56000,55000
02f1f763eb874933820d122ca1fc141226ee0bff,3037.50,123.26,12.174003824,55000,56000
02f1f763eb874933820d122ca1fc141226ee0bff,2977.55,120.67,11.954722814,56000,56000
02f1f763eb874933820d122ca1fc141226ee0bff,2946.55,119.11,11.843892034,56000,55000
02f1f763eb874933820d122ca1fc141226ee0bff,3038.62,123.76,12.207669060,55000,56000
02f1f763eb874933820d122ca1fc141226ee0bff,3029.10,123.05,12.190965058,56000,55000
02f1f763eb874933820d122ca1fc141226ee0bff,3067.55,124.20,12.301173818,56000,56000
02f1f763eb874933820d122ca1fc141226ee0bff,3024.19,122.29,12.139383409,55000,56000
02f1f763eb874933820d122ca1fc141226ee0bff,3020.20,122.57,12.128775528,56000,56000
02f1f763eb874933820d122ca1fc141226ee0bff,2961.32,120.17,11.880549896,56000,56000
02f1f763eb874933820d122ca1fc141226ee0bff,3001.70,121.71,12.051305681,56000,56000
02f1f763eb874933820d122ca1fc141226ee0bff,2960.43,119.89,11.867871700,55000,56000
02f1f763eb874933820d122ca1fc141226ee0bff,2980.78,120.56,11.978547016,55000,56000
02f1f763eb874933820d122ca1fc141226ee0bff,3012.59,122.22,12.098931815,55000,56000
02f1f763eb874933820d122ca1fc141226ee0bff,3007.36,122.00,12.085391534,55000,54000
02f1f763eb874933820d122ca1fc141226ee0bff,3042.53,123.64,12.221672317,56000,56000
02f1f763eb874933820d122ca1fc141226ee0bff,2995.85,121.30,12.023125404,56000,55000
02f1f763eb874933820d122ca1fc141226ee0bff,3009.10,121.62,12.096715556,55000,56000
02f1f763eb874933820d122ca1fc141226ee0bff,3003.16,121.24,12.099650784,56000,56000
02f1f763eb874933820d122ca1fc141226ee0bff,3003.05,121.66,12.077893290,56000,55000
02f1f763eb874933820d122ca1fc141226ee0bff,3001.38,121.41,12.050883819,56000,55000
02f1f763eb874933820d122ca1fc141226ee0bff,3008.98,121.93,12.078759551,56000,55000
02f1f763eb874933820d122ca1fc141226ee0bff,3026.56,122.50,12.156220015,55000,56000
d071bf4a5fb2bc63a3ea5ab8c7ff73abb9a2ab3b,2892.17,116.96,11.593387498,56000,57000
d071bf4a5fb2bc63a3ea5ab8c7ff73abb9a2ab3b,3099.02,126.12,12.437080681,56000,56000
d071bf4a5fb2bc63a3ea5ab8c7ff73abb9a2ab3b,3036.23,123.84,12.184234245,56000,55000
d071bf4a5fb2bc63a3ea5ab8c7ff73abb9a2ab3b,2994.47,121.96,12.012253701,55000,55000
d071bf4a5fb2bc63a3ea5ab8c7ff73abb9a2ab3b,3075.54,124.43,12.330678029,56000,55000
d071bf4a5fb2bc63a3ea5ab8c7ff73abb9a2ab3b,2968.78,119.58,11.924973271,55000,56000
d071bf4a5fb2bc63a3ea5ab8c7ff73abb9a2ab3b,2867.39,115.97,11.499132344,55000,56000
d071bf4a5fb2bc63a3ea5ab8c7ff73abb9a2ab3b,2964.05,119.94,11.915499886,56000,56000
d071bf4a5fb2bc63a3ea5ab8c7ff73abb9a2ab3b,2967.27,119.82,11.906178248,55000,55000
d071bf4a5fb2bc63a3ea5ab8c7ff73abb9a2ab3b,2929.04,118.30,11.775483257,55000,55000
d071bf4a5fb2bc63a3ea5ab8c7ff73abb9a2ab3b,2941.55,118.80,11.823441555,56000,55000
d071bf4a5fb2bc63a3ea5ab8c7ff73abb9a2ab3b,3047.45,123.42,12.224660413,55000,55000
d071bf4a5fb2bc63a3ea5ab8c7ff73abb9a2ab3b,3038.52,122.58,12.242281107,56000,56000
d071bf4a5fb2bc63a3ea5ab8c7ff73abb9a2ab3b,2936.62,118.72,11.815697052,56000,56000
d071bf4a5fb2bc63a3ea5ab8c7ff73abb9a2ab3b,3035.69,123.45,12.177949281,55000,56000
d071bf4a5fb2bc63a3ea5ab8c7ff73abb9a2ab3b,2983.91,121.18,11.960908313,56000,55000
d071bf4a5fb2bc63a3ea5ab8c7ff73abb9a2ab3b,2997.66,121.68,12.021799933,55000,56000
d071bf4a5fb2bc63a3ea5ab8c7ff73abb9a2ab3b,3061.90,124.34,12.299880471,56000,56000
d071bf4a5fb2bc63a3ea5ab8c7ff73abb9a2ab3b,3049.24,123.68,12.218490150,55000,56000
d071bf4a5fb2bc63a3ea5ab8c7ff73abb9a2ab3b,3066.16,124.73,12.285237411,55000,55000
d071bf4a5fb2bc63a3ea5ab8c7ff73abb9a2ab3b,3075.49,125.16,12.353497476,55000,55000
d071bf4a5fb2bc63a3ea5ab8c7ff73abb9a2ab3b,2986.71,120.94,11.976268841,55000,55000
d071bf4a5fb2bc63a3ea5ab8c7ff73abb9a2ab3b,3013.54,122.27,12.102608955,56000,56000
d071bf4a5fb2bc63a3ea5ab8c7ff73abb9a2ab3b,2997.09,121.20,12.039839101,55000,56000
d071bf4a5fb2bc63a3ea5ab8c7ff73abb9a2ab3b,3029.07,123.12,12.157642756,54000,55000
d071bf4a5fb2bc63a3ea5ab8c7ff73abb9a2ab3b,3060.77,124.03,12.292245895,56000,54000
d071bf4a5fb2bc63a3ea5ab8c7ff73abb9a2ab3b,3002.46,121.29,12.073043775,55000,55000
d071bf4a5fb2bc63a3ea5ab8c7ff73abb9a2ab3b,3015.77,122.06,12.111478634,56000,56000
d071bf4a5fb2bc63a3ea5ab8c7ff73abb9a2ab3b,3017.31,122.42,12.121853582,55000,56000
d071bf4a5fb2bc63a3ea5ab8c7ff73abb9a2ab3b,3007.05,121.54,12.086076860,56000,55000
8bf6dc22de25a1fce04cfe23d88bab4281f03408,3000.42,121.40,12.041373375,56000,56000
8bf6dc22de25a1fce04cfe23d88bab4281f03408,2975.52,119.85,11.933933941,56000,55000
8bf6dc22de25a1fce04cfe23d88bab4281f03408,3004.57,121.56,12.042759147,56000,55000
8bf6dc22de25a1fce04cfe23d88bab4281f03408,2987.63,121.52,11.987993619,55000,55000
8bf6dc22de25a1fce04cfe23d88bab4281f03408,3074.13,124.72,12.329757396,55000,56000
8bf6dc22de25a1fce04cfe23d88bab4281f03408,2954.53,119.52,11.869341208,55000,56000
8bf6dc22de25a1fce04cfe23d88bab4281f03408,2973.82,121.07,11.911023851,55000,55000
8bf6dc22de25a1fce04cfe23d88bab4281f03408,3029.64,122.95,12.180576001,54000,55000
8bf6dc22de25a1fce04cfe23d88bab4281f03408,2968.84,120.23,11.929215480,55000,55000
8bf6dc22de25a1fce04cfe23d88bab4281f03408,2954.13,119.40,11.863215724,55000,56000
8bf6dc22de25a1fce04cfe23d88bab4281f03408,3027.60,122.89,12.152230924,56000,55000
8bf6dc22de25a1fce04cfe23d88bab4281f03408,3005.76,121.74,12.061628219,56000,54000
8bf6dc22de25a1fce04cfe23d88bab4281f03408,2888.99,117.03,11.597729934,56000,56000
8bf6dc22de25a1fce04cfe23d88bab4281f03408,2996.78,121.76,12.032774024,56000,56000
8bf6dc22de25a1fce04cfe23d88bab4281f03408,2968.27,119.48,11.917230904,56000,56000
8bf6dc22de25a1fce04cfe23d88bab4281f03408,3050.79,124.01,12.232517085,56000,56000
8bf6dc22de25a1fce04cfe23d88bab4281f03408,2997.08,121.58,12.015486527,56000,56000
8bf6dc22de25a1fce04cfe23d88bab4281f03408,3036.25,123.19,12.214574744,56000,55000
8bf6dc22de25a1fce04cfe23d88bab4281f03408,2959.25,119.47,11.875055954,56000,56000
8bf6dc22de25a1fce04cfe23d88bab4281f03408,3049.75,124.13,12.221129058,56000,55000
8bf6dc22de25a1fce04cfe23d88bab4281f03408,3001.09,121.52,12.080680405,56000,55000
8bf6dc22de25a1fce04cfe23d88bab4281f03408,2982.35,120.95,11.967912000,55000,55000
8bf6dc22de25a1fce04cfe23d88bab4281f03408,2985.73,120.93,11.986511910,56000,56000
8bf6dc22de25a1fce04cfe23d88bab4281f03408,3038.65,123.32,12.191381265,56000,55000
8bf6dc22de25a1fce04cfe23d88bab4281f03408,3053.30,123.72,12.286337358,55000,55000
8bf6dc22de25a1fce04cfe23d88bab4281f03408,3014.92,122.01,12.111515524,56000,56000
8bf6dc22de25a1fce04cfe23d88bab4281f03408,3037.93,123.08,12.199370558,55000,55000
8bf6dc22de25a1fce04cfe23d88bab4281f03408,3022.60,122.32,12.147913830,55000,55000
8bf6dc22de25a1fce04cfe23d88bab4281f03408,2946.03,119.01,11.856195074,56000,55000
8bf6dc22de25a1fce04cfe23d88bab4281f03408,2991.88,121.86,12.018583926,55000,55000
81093145da1950985429355d143eb3c038976475,3034.89,123.07,12.193755875,56000,55000
81093145da1950985429355d143eb3c038976475,2933.04,118.90,11.767853492,56000,56000
81093145da1950985429355d143eb3c038976475,3019.34,122.60,12.107178457,56000,56000
81093145da1950985429355d143eb3c038976475,3029.95,122.69,12.157653205,56000,56000
81093145da1950985429355d143eb3c038976475,2991.55,121.32,11.998791946,56000,55000
81093145da1950985429355d143eb3c038976475,2989.61,121.29,12.013949017,56000,56000
81093145da1950985429355d143eb3c038976475,2969.31,119.79,11.941909877,55000,56000
81093145da1950985429355d143eb3c038976475,3013.22,122.49,12.106147381,56000,56000
81093145da1950985429355d143eb3c038976475,2963.76,120.15,11.887326919,56000,56000
81093145da1950985429355d143eb3c038976475,3032.54,123.17,12.174931143,55000,55000
81093145da1950985429355d143eb3c038976475,2964.69,119.80,11.896914999,55000,56000
81093145da1950985429355d143eb3c038976475,2943.62,119.05,11.826502651,56000,55000
81093145da1950985429355d143eb3c038976475,3004.49,121.89,12.053569592,56000,56000
81093145da1950985429355d143eb3c038976475,2962.84,120.05,11.895010129,55000,56000
81093145da1950985429355d143eb3c038976475,3046.37,123.93,12.196607246,56000,54000
81093145da1950985429355d143eb3c038976475,2978.03,120.91,11.931461478,56000,55000
81093145da1950985429355d143eb3c038976475,3015.15,122.53,12.113808387,55000,55000
81093145da1950985429355d143eb3c038976475,2980.68,120.63,11.974442258,55000,56000
81093145da1950985429355d143eb3c038976475,3038.75,124.06,12.176905306,56000,56000
81093145da1950985429355d143eb3c038976475,2949.10,119.44,11.820112519,55000,56000
81093145da1950985429355d143eb3c038976475,2980.18,120.45,11.974809284,56000,56000
81093145da1950985429355d143eb3c038976475,3001.67,121.73,12.067206814,55000,55000
81093145da1950985429355d143eb3c038976475,2979.93,120.52,11.969802698,55000,56000
81093145da1950985429355d143eb3c038976475,2983.29,121.00,12.006813126,55000,55000
81093145da1950985429355d143eb3c038976475,3005.43,121.74,12.082223542,55000,56000
81093145da1950985429355d143eb3c038976475,2967.92,120.10,11.917779570,54000,55000
81093145da1950985429355d143eb3c038976475,3002.90,121.07,12.071754308,55000,56000
81093145da1950985429355d143eb3c038976475,2903.59,117.29,11.673549466,56000,56000
81093145da1950985429355d143eb3c038976475,3021.79,122.98,12.124380477,56000,56000
81093145da1950985429355d143eb3c038976475,2989.11,120.57,12.007298301,55000,54000
27fb1feac340a07f8e9393f2e96932ad886a038a,2935.31,118.46,11.785056210,56000,56000
27fb1feac340a07f8e9393f2e96932ad886a038a,3033.60,123.02,12.173826241,56000,56000
27fb1feac340a07f8e9393f2e96932ad886a038a,3017.71,121.99,12.153073200,56000,55000
27fb1feac340a07f8e9393f2e96932ad886a038a,3051.27,124.00,12.259754918,56000,56000
27fb1feac340a07f8e9393f2e96932ad886a038a,2981.50,120.43,11.970125400,55000,56000
27fb1feac340a07f8e9393f2e96932ad886a038a,3005.75,121.42,12.046135636,55000,55000
27fb1feac340a07f8e9393f2e96932ad886a038a,3020.93,121.61,12.125234735,56000,55000
27fb1feac340a07f8e9393f2e96932ad886a038a,3065.71,124.25,12.326333465,55000,55000
27fb1feac340a07f8e9393f2e96932ad886a038a,3046.18,123.93,12.216660007,56000,56000
27fb1feac340a07f8e9393f2e96932ad886a038a,3043.19,123.43,12.222531984,56000,56000
27fb1feac340a07f8e9393f2e96932ad886a038a,2994.01,121.38,12.032267619,56000,55000
27fb1feac340a07f8e9393f2e96932ad886a038a,3013.99,121.78,12.107327102,56000,56000
27fb1feac340a07f8e9393f2e96932ad886a038a,2972.49,119.87,11.958631561,55000,56000
27fb1feac340a07f8e9393f2e96932ad886a038a,3011.33,122.22,12.103320839,56000,56000
27fb1feac340a07f8e9393f2e96932ad886a038a,3058.13,124.46,12.272474554,56000,56000
27fb1feac340a07f8e9393f2e96932ad886a038a,3060.86,124.18,12.302318340,56000,56000
27fb1feac340a07f8e9393f2e96932ad886a038a,2987.75,120.80,11.990137836,56000,56000
27fb1feac340a07f8e9393f2e96932ad886a038a,3015.16,122.13,12.107612556,56000,55000
27fb1feac340a07f8e9393f2e96932ad886a038a,3053.21,124.02,12.263612255,56000,56000
27fb1feac340a07f8e9393f2e96932ad886a038a,3078.12,125.19,12.339776181,56000,56000
27fb1feac340a07f8e9393f2e96932ad886a038a,3022.43,122.44,12.132554633,55000,56000
27fb1feac340a07f8e9393f2e96932ad886a038a,3064.50,123.95,12.322577524,56000,55000
27fb1feac340a07f8e9393f2e96932ad886a038a,2952.78,119.29,11.878957567,55000,54000
27fb1feac340a07f8e9393f2e96932ad886a038a,2990.54,120.85,12.012137720,56000,55000
27fb1feac340a07f8e9393f2e96932ad886a038a,3021.73,122.51,12.119543676,55000,55000
27fb1feac340a07f8e9393f2e96932ad886a038a,3019.51,122.87,12.129833260,56000,56000
27fb1feac340a07f8e9393f2e96932ad886a038a,3080.13,124.89,12.370854132,55000,56000
27fb1feac340a07f8e9393f2e96932ad886a038a,3001.41,121.28,12.088312414,54000,55000
27fb1feac340a07f8e9393f2e96932ad886a038a,3045.66,123.85,12.269993081,55000,55000
27fb1feac340a07f8e9393f2e96932ad886a038a,3013.30,121.46,12.111102989,55000,56000
81ced41eeacfedb6303db233d5be2f9ba2c26f47,3040.91,123.29,12.216050776,56000,56000
81ced41eeacfedb6303db233d5be2f9ba2c26f47,2983.69,120.68,11.970463799,55000,55000
81ced41eeacfedb6303db233d5be2f9ba2c26f47,3064.32,123.79,12.312010495,56000,55000
81ced41eeacfedb6303db233d5be2f9ba2c26f47,3021.37,122.55,12.129102919,56000,55000
81ced41eeacfedb6303db233d5be2f9ba2c26f47,3047.09,123.58,12.241466834,56000,56000
81ced41eeacfedb6303db233d5be2f9ba2c26f47,3025.81,122.72,12.158229972,56000,54000
81ced41eeacfedb6303db233d5be2f9ba2c26f47,2954.05,119.43,11.841239503,56000,55000
81ced41eeacfedb6303db233d5be2f9ba2c26f47,2981.60,120.70,11.982203676,55000,56000
81ced41eeacfedb6303db233d5be2f9ba2c26f47,2991.99,121.18,12.020875397,56000,56000
81ced41eeacfedb6303db233d5be2f9ba2c26f47,3004.58,121.35,12.064079747,56000,56000
81ced41eeacfedb6303db233d5be2f9ba2c26f47,3055.40,124.24,12.271585172,55000,56000
81ced41eeacfedb6303db233d5be2f9ba2c26f47,2928.61,118.78,11.751349734,56000,56000
81ced41eeacfedb6303db233d5be2f9ba2c26f47,3101.12,126.06,12.460623546,56000,56000
81ced41eeacfedb6303db233d5be2f9ba2c26f47,3052.93,123.87,12.248202273,55000,54000
81ced41eeacfedb6303db233d5be2f9ba2c26f47,2981.82,120.93,11.977384542,56000,55000
81ced41eeacfedb6303db233d5be2f9ba2c26f47,3032.94,122.95,12.155433326,56000,56000
81ced41eeacfedb6303db233d5be2f9ba2c26f47,3053.99,123.82,12.273144292,56000,56000
81ced41eeacfedb6303db233d5be2f9ba2c26f47,3032.68,122.81,12.166739430,56000,56000
81ced41eeacfedb6303db233d5be2f9ba2c26f47,3067.49,124.46,12.323849095,56000,56000
81ced41eeacfedb6303db233d5be2f9ba2c26f47,2993.00,121.10,12.015229173,56000,55000
81ced41eeacfedb6303db233d5be2f9ba2c26f47,3092.31,125.96,12.399769522,55000,56000
81ced41eeacfedb6303db233d5be2f9ba2c26f47,3098.17,126.23,12.429963810,56000,56000
81ced41eeacfedb6303db233d5be2f9ba2c26f47,3061.19,123.96,12.286002238,55000,55000
81ced41eeacfedb6303db233d5be2f9ba2c26f47,3087.33,125.51,12.395644432,54000,55000
81ced41eeacfedb6303db233d5be2f9ba2c26f47,2994.00,120.73,12.025300190,55000,55000
81ced41eeacfedb6303db233d5be2f9ba2c26f47,2971.41,119.75,11.940058820,55000,55000
81ced41eeacfedb6303db233d5be2f9ba2c26f47,3037.77,122.84,12.199561643,56000,56000
81ced41eeacfedb6303db233d5be2f9ba2c26f47,3016.88,122.58,12.108136404,56000,56000
81ced41eeacfedb6303db233d5be2f9ba2c26f47,3022.55,122.57,12.158200615,56000,55000
81ced41eeacfedb6303db233d5be2f9ba2c26f47,3113.88,127.06,12.489252684,56000,55000
e9f032b7ac866b4985b9588b94b3191c8c695338,3032.27,122.96,12.153362311,56000,56000
e9f032b7ac866b4985b9588b94b3191c8c695338,3014.55,122.11,12.105413482,55000,56000
e9f032b7ac866b4985b9588b94b3191c8c695338,3018.61,122.19,12.106576873,55000,56000
e9f032b7ac866b4985b9588b94b3191c8c695338,3000.27,122.13,12.051185943,56000,56000
e9f032b7ac866b4985b9588b94b3191c8c695338,3066.94,123.68,12.288376309,56000,55000
e9f032b7ac866b4985b9588b94b3191c8c695338,3006.79,122.26,12.085695156,56000,54000
e9f032b7ac866b4985b9588b94b3191c8c695338,3050.21,124.14,12.245032262,56000,55000
e9f032b7ac866b4985b9588b94b3191c8c695338,3008.38,121.60,12.062535515,55000,55000
e9f032b7ac866b4985b9588b94b3191c8c695338,3039.97,123.34,12.211552540,55000,55000
e9f032b7ac866b4985b9588b94b3191c8c695338,3006.35,121.59,12.083400143,56000,56000
e9f032b7ac866b4985b9588b94b3191c8c695338,3076.01,124.07,12.369865886,55000,56000
e9f032b7ac866b4985b9588b94b3191c8c695338,3022.93,122.53,12.143336808,55000,55000
e9f032b7ac866b4985b9588b94b3191c8c695338,3036.95,123.50,12.194988491,56000,54000
e9f032b7ac866b4985b9588b94b3191c8c695338,3052.39,124.20,12.246097551,56000,56000
e9f032b7ac866b4985b9588b94b3191c8c695338,2985.61,121.26,11.986915365,56000,56000
e9f032b7ac866b4985b9588b94b3191c8c695338,3048.85,123.01,12.217685665,56000,55000
e9f032b7ac866b4985b9588b94b3191c8c695338,3024.83,122.39,12.168889825,55000,56000
e9f032b7ac866b4985b9588b94b3191c8c695338,2961.06,119.41,11.881273871,55000,55000
e9f032b7ac866b4985b9588b94b3191c8c695338,3080.56,124.81,12.380070425,56000,55000
e9f032b7ac866b4985b9588b94b3191c8c695338,3025.16,122.00,12.141172494,55000,56000
e9f032b7ac866b4985b9588b94b3191c8c695338,2974.97,120.42,11.925434933,56000,56000
e9f032b7ac866b4985b9588b94b3191c8c695338,3042.04,123.40,12.222089059,56000,56000
e9f032b7ac866b4985b9588b94b3191c8c695338,3001.30,121.80,12.044835835,55000,55000
e9f032b7ac866b4985b9588b94b3191c8c695338,2960.11,120.34,11.875188265,55000,54000
e9f032b7ac866b4985b9588b94b3191c8c695338,2969.65,119.65,11.917203033,55000,56000
e9f032b7ac866b4985b9588b94b3191c8c695338,3035.57,122.70,12.196647514,55000,56000
e9f032b7ac866b4985b9588b94b3191c8c695338,3022.11,121.96,12.136952330,55000,54000
e9f032b7ac866b4985b9588b94b3191c8c695338,3031.31,122.44,12.181188846,56000,55000
e9f032b7ac866b4985b9588b94b3191c8c695338,2995.14,121.15,12.024840407,56000,56000
e9f032b7ac866b4985b9588b94b3191c8c695338,3048.70,123.38,12.254267847,55000,55000
5581f2eab3553ff1c65e1f003d606fafb502174f,3043.03,123.44,12.193437375,56000,56000
5581f2eab3553ff1c65e1f003d606fafb502174f,2945.35,119.10,11.802601123,55000,55000
5581f2eab3553ff1c65e1f003d606fafb502174f,3045.92,123.49,12.218122330,55000,55000
5581f2eab3553ff1c65e1f003d606fafb502174f,3042.67,123.54,12.211369744,56000,56000
5581f2eab3553ff1c65e1f003d606fafb502174f,3048.85,124.00,12.235376440,55000,55000
5581f2eab3553ff1c65e1f003d606fafb502174f,3009.49,121.80,12.116551888,54000,55000
5581f2eab3553ff1c65e1f003d606fafb502174f,3017.03,122.17,12.104293454,56000,54000
5581f2eab3553ff1c65e1f003d606fafb502174f,3013.31,121.77,12.097354106,55000,55000
5581f2eab3553ff1c65e1f003d606fafb502174f,3064.99,124.61,12.308124402,56000,55000
5581f2eab3553ff1c65e1f003d606fafb502174f,3002.64,122.05,12.057017312,55000,56000
5581f2eab3553ff1c65e1f003d606fafb502174f,3057.82,123.97,12.291103319,54000,55000
5581f2eab3553ff1c65e1f003d606fafb502174f,3083.60,124.97,12.361770711,56000,56000
5581f2eab3553ff1c65e1f003d606fafb502174f,2949.62,119.58,11.832745848,56000,55000
5581f2eab3553ff1c65e1f003d606fafb502174f,3067.07,124.34,12.314407886,56000,56000
5581f2eab3553ff1c65e1f003d606fafb502174f,3010.51,122.06,12.080097202,55000,56000
5581f2eab3553ff1c65e1f003d606fafb502174f,2969.58,119.93,11.945109318,55000,55000
5581f2eab3553ff1c65e1f003d606fafb502174f,3055.64,124.32,12.284278933,55000,55000
5581f2eab3553ff1c65e1f003d606fafb502174f,3018.38,122.21,12.092562053,54000,56000
5581f2eab3553ff1c65e1f003d606fafb502174f,3083.70,124.82,12.391233513,56000,56000
5581f2eab3553ff1c65e1f003d606fafb502174f,3055.79,124.19,12.243731685,56000,55000
5581f2eab3553ff1c65e1f003d606fafb502174f,3021.53,122.12,12.095986627,56000,55000
5581f2eab3553ff1c65e1f003d606fafb502174f,2902.56,116.65,11.648256798,56000,56000
5581f2eab3553ff1c65e1f003d606fafb502174f,3027.27,123.03,12.165082201,56000,56000
5581f2eab3553ff1c65e1f003d606fafb502174f,2989.76,120.95,12.005622598,56000,56000
5581f2eab3553ff1c65e1f003d606fafb502174f,3046.16,123.93,12.207324514,54000,55000
5581f2eab3553ff1c65e1f003d606fafb502174f,3033.31,123.08,12.181800388,55000,55000
5581f2eab3553ff1c65e1f003d606fafb502174f,2940.94,118.68,11.819869326,56000,56000
5581f2eab3553ff1c65e1f003d606fafb502174f,3055.39,124.02,12.256189123,55000,56000
5581f2eab3553ff1c65e1f003d606fafb502174f,3030.86,122.83,12.147775527,55000,55000
5581f2eab3553ff1c65e1f003d606fafb502174f,3051.88,124.49,12.258428705,56000,55000
8835559402075c3b161c4444ec678eef525f27df,3012.47,122.07,12.100828115,56000,55000
8835559402075c3b161c4444ec678eef525f27df,3037.26,122.54,12.186652695,56000,55000
8835559402075c3b161c4444ec678eef525f27df,3072.78,124.03,12.338736048,55000,56000
8835559402075c3b161c4444ec678eef525f27df,2982.94,120.68,11.963846778,56000,56000
8835559402075c3b161c4444ec678eef525f27df,2996.98,121.90,12.028046956,56000,56000
8835559402075c3b161c4444ec678eef525f27df,3019.20,121.93,12.130059328,56000,56000
8835559402075c3b161c4444ec678eef525f27df,2959.99,120.23,11.860176008,55000,56000
8835559402075c3b161c4444ec678eef525f27df,3005.72,121.61,12.073904336,56000,56000
8835559402075c3b161c4444ec678eef525f27df,3017.56,122.24,12.137138019,56000,56000
8835559402075c3b161c4444ec678eef525f27df,3038.67,123.36,12.223914571,55000,56000
8835559402075c3b161c4444ec678eef525f27df,3064.71,124.45,12.319359305,55000,54000
8835559402075c3b161c4444ec678eef525f27df,3033.97,123.17,12.185948230,55000,55000
8835559402075c3b161c4444ec678eef525f27df,3017.88,122.01,12.134876697,56000,55000
8835559402075c3b161c4444ec678eef525f27df,2998.07,121.36,12.046294979,55000,55000
8835559402075c3b161c4444ec678eef525f27df,3052.19,124.04,12.247654555,55000,56000
8835559402075c3b161c4444ec678eef525f27df,3010.23,121.77,12.060361199,56000,55000
8835559402075c3b161c4444ec678eef525f27df,2997.11,121.70,12.033997427,56000,56000
8835559402075c3b161c4444ec678eef525f27df,2982.04,120.79,11.991138845,56000,55000
8835559402075c3b161c4444ec678eef525f27df,3007.90,122.60,12.069722489,56000,54000
8835559402075c3b161c4444ec678eef525f27df,3006.95,121.92,12.067222912,56000,55000
8835559402075c3b161c4444ec678eef525f27df,3102.85,126.41,12.446732918,56000,56000
8835559402075c3b161c4444ec678eef525f27df,2996.73,121.60,12.037089936,56000,55000
8835559402075c3b161c4444ec678eef525f27df,2989.53,120.91,11.984769119,56000,55000
8835559402075c3b161c4444ec678eef525f27df,3036.27,122.85,12.226756993,55000,56000
8835559402075c3b161c4444ec678eef525f27df,3075.10,124.56,12.353236263,54000,56000
8835559402075c3b161c4444ec678eef525f27df,3030.93,122.86,12.165476067,56000,55000
8835559402075c3b161c4444ec678eef525f27df,3027.26,122.79,12.152585416,55000,56000
8835559402075c3b161c4444ec678eef525f27df,3000.44,121.84,12.037773961,55000,55000
8835559402075c3b161c4444ec678eef525f27df,3007.71,121.99,12.084028210,55000,54000
8835559402075c3b161c4444ec678eef525f27df,2951.36,119.41,11.850016385,56000,55000
8e58d436a625fa9bb208cede5b21f6dffb3a840a,2994.98,121.63,12.018156490,56000,56000
8e58d436a625fa9bb208cede5b21f6dffb3a840a,3046.37,123.62,12.224890876,55000,56000
8e58d436a625fa9bb208cede5b21f6dffb3a840a,3059.81,123.96,12.252400184,56000,55000
8e58d436a625fa9bb208cede5b21f6dffb3a840a,3057.18,124.20,12.249390409,56000,55000
8e58d436a625fa9bb208cede5b21f6dffb3a840a,3052.27,124.02,12.255064871,56000,56000
8e58d436a625fa9bb208cede5b21f6dffb3a840a,3013.94,122.77,12.078844195,55000,55000
8e58d436a625fa9bb208cede5b21f6dffb3a840a,2966.51,119.78,11.911972895,56000,55000
8e58d436a625fa9bb208cede5b21f6dffb3a840a,3063.28,124.64,12.283029939,55000,55000
8e58d436a625fa9bb208cede5b21f6dffb3a840a,2977.68,120.72,11.942117788,54000,55000
8e58d436a625fa9bb208cede5b21f6dffb3a840a,3015.81,122.44,12.101369211,55000,56000
8e58d436a625fa9bb208cede5b21f6dffb3a840a,3025.50,122.91,12.145388423,55000,55000
8e58d436a625fa9bb208cede5b21f6dffb3a840a,3052.56,124.30,12.254477648,56000,56000
8e58d436a625fa9bb208cede5b21f6dffb3a840a,3013.02,122.26,12.061320206,55000,55000
8e58d436a625fa9bb208cede5b21f6dffb3a840a,3052.12,123.93,12.284651680,56000,56000
8e58d436a625fa9bb208cede5b21f6dffb3a840a,3006.26,121.83,12.076245669,56000,56000
8e58d436a625fa9bb208cede5b21f6dffb3a840a,3098.55,125.92,12.437982075,56000,56000
8e58d436a625fa9bb208cede5b21f6dffb3a840a,2999.64,121.73,12.024324705,56000,56000
8e58d436a625fa9bb208cede5b21f6dffb3a840a,3013.49,122.38,12.099452487,56000,56000
8e58d436a625fa9bb208cede5b21f6dffb3a840a,2933.84,118.19,11.777014833,55000,55000
8e58d436a625fa9bb208cede5b21f6dffb3a840a,3047.28,123.48,12.234832554,55000,55000
8e58d436a625fa9bb208cede5b21f6dffb3a840a,3083.95,125.01,12.400987417,56000,56000
8e58d436a625fa9bb208cede5b21f6dffb3a840a,3023.95,122.80,12.139761129,55000,55000
8e58d436a625fa9bb208cede5b21f6dffb3a840a,3078.24,124.59,12.364815618,55000,56000
8e58d436a625fa9bb208cede5b21f6dffb3a840a,3011.10,122.25,12.089391936,55000,56000
8e58d436a625fa9bb208cede5b21f6dffb3a840a,2971.45,120.62,11.933134835,55000,56000
8e58d436a625fa9bb208cede5b21f6dffb3a840a,3060.44,124.23,12.268501500,56000,55000
8e58d436a625fa9bb208cede5b21f6dffb3a840a,3049.47,123.70,12.253255986,56000,55000
8e58d436a625fa9bb208cede5b21f6dffb3a840a,3059.55,123.82,12.286296271,55000,56000
8e58d436a625fa9bb208cede5b21f6dffb3a840a,3019.30,122.75,12.117969831,55000,56000
8e58d436a625fa9bb208cede5b21f6dffb3a840a,3002.88,121.68,12.056538755,56000,55000
de2651a2b82e13c746388e92912709b9070810cd,3028.01,122.68,12.164773917,55000,56000
de2651a2b82e13c746388e92912709b9070810cd,3073.36,125.00,12.344070611,56000,56000
de2651a2b82e13c746388e92912709b9070810cd,2982.03,120.79,11.953736769,55000,55000
de2651a2b82e13c746388e92912709b9070810cd,3014.00,122.12,12.098549207,56000,55000
de2651a2b82e13c746388e92912709b9070810cd,3007.27,121.94,12.091164033,56000,55000
de2651a2b82e13c746388e92912709b9070810cd,3029.83,122.72,12.167571430,56000,56000
de2651a2b82e13c746388e92912709b9070810cd,3056.80,123.91,12.291776295,56000,55000
de2651a2b82e13c746388e92912709b9070810cd,3025.47,122.03,12.159930833,56000,55000
de2651a2b82e13c746388e92912709b9070810cd,3080.25,124.75,12.390954135,56000,55000
de2651a2b82e13c746388e92912709b9070810cd,3023.08,122.56,12.168252028,55000,56000
de2651a2b82e13c746388e92912709b9070810cd,3004.04,122.51,12.055824461,56000,56000
de2651a2b82e13c746388e92912709b9070810cd,3138.80,127.25,12.606337509,55000,56000
de2651a2b82e13c746388e92912709b9070810cd,3047.88,124.11,12.239647732,55000,56000
de2651a2b82e13c746388e92912709b9070810cd,2990.87,121.63,11.990195657,56000,56000
de2651a2b82e13c746388e92912709b9070810cd,3035.46,123.35,12.187499613,56000,56000
de2651a2b82e13c746388e92912709b9070810cd,2952.85,118.83,11.860310169,56000,55000
de2651a2b82e13c746388e92912709b9070810cd,2975.04,120.50,11.940346827,56000,55000
de2651a2b82e13c746388e92912709b9070810cd,3012.44,122.06,12.101302860,55000,55000
de2651a2b82e13c746388e92912709b9070810cd,3043.08,123.66,12.210285617,55000,56000
de2651a2b82e13c746388e92912709b9070810cd,3051.14,124.38,12.224282632,55000,55000
de2651a2b82e13c746388e92912709b9070810cd,3064.24,124.46,12.303011398,56000,55000
de2651a2b82e13c746388e92912709b9070810cd,3042.64,123.36,12.204815232,54000,55000
de2651a2b82e13c746388e92912709b9070810cd,2992.26,121.03,12.019060857,56000,56000
de2651a2b82e13c746388e92912709b9070810cd,3063.90,124.50,12.285106661,56000,55000
de2651a2b82e13c746388e92912709b9070810cd,3086.78,124.84,12.408001761,55000,56000
de2651a2b82e13c746388e92912709b9070810cd,2978.46,120.64,11.975174911,56000,56000
de2651a2b82e13c746388e92912709b9070810cd,3033.00,123.32,12.172600032,55000,55000
de2651a2b82e13c746388e92912709b9070810cd,3015.61,121.77,12.107439034,56000,56000
de2651a2b82e13c746388e92912709b9070810cd,2943.23,118.73,11.825298749,56000,55000
de2651a2b82e13c746388e92912709b9070810cd,3018.96,121.90,12.139863014,55000,56000
287824f1ed34aa1ed133a9f77003294787815aba,3023.21,123.11,12.141835027,56000,56000
287824f1ed34aa1ed133a9f77003294787815aba,2920.14,118.08,11.712597883,55000,56000
287824f1ed34aa1ed133a9f77003294787815aba,3022.51,121.98,12.140775119,56000,56000
287824f1ed34aa1ed133a9f77003294787815aba,3057.76,123.79,12.258424285,56000,56000
287824f1ed34aa1ed133a9f77003294787815aba,3089.33,125.85,12.391545292,55000,55000
287824f1ed34aa1ed133a9f77003294787815aba,3002.55,121.87,12.028152817,55000,55000
287824f1ed34aa1ed133a9f77003294787815aba,3059.23,123.88,12.274074033,56000,56000
287824f1ed34aa1ed133a9f77003294787815aba,3017.02,122.27,12.111641984,56000,56000
287824f1ed34aa1ed133a9f77003294787815aba,3032.06,123.24,12.191373352,56000,55000
287824f1ed34aa1ed133a9f77003294787815aba,3045.56,123.75,12.231230598,55000,55000
287824f1ed34aa1ed133a9f77003294787815aba,3023.81,122.08,12.152353333,56000,55000
287824f1ed34aa1ed133a9f77003294787815aba,3071.83,124.81,12.299961650,55000,56000
287824f1ed34aa1ed133a9f77003294787815aba,3011.30,122.27,12.102177089,55000,56000
287824f1ed34aa1ed133a9f77003294787815aba,2939.94,119.14,11.815807546,56000,56000
287824f1ed34aa1ed133a9f77003294787815aba,2999.92,121.51,12.048389286,55000,55000
287824f1ed34aa1ed133a9f77003294787815aba,3037.84,123.67,12.187422406,55000,56000
287824f1ed34aa1ed133a9f77003294787815aba,2965.79,120.15,11.895630018,55000,56000
287824f1ed34aa1ed133a9f77003294787815aba,3011.51,122.63,12.056552063,56000,55000
287824f1ed34aa1ed133a9f77003294787815aba,2968.80,120.40,11.901086459,55000,56000
287824f1ed34aa1ed133a9f77003294787815aba,3064.26,123.98,12.304961292,55000,56000
287824f1ed34aa1ed133a9f77003294787815aba,2962.62,119.58,11.875655882,55000,55000
287824f1ed34aa1ed133a9f77003294787815aba,2972.48,119.86,11.928519386,55000,56000
287824f1ed34aa1ed133a9f77003294787815aba,2993.21,121.02,12.022391870,56000,55000
287824f1ed34aa1ed133a9f77003294787815aba,3006.20,121.46,12.070141708,55000,56000
287824f1ed34aa1ed133a9f77003294787815aba,3017.67,122.16,12.109453957,55000,54000
287824f1ed34aa1ed133a9f77003294787815aba,2997.68,121.23,12.038757909,55000,56000
287824f1ed34aa1ed133a9f77003294787815aba,3057.52,124.23,12.279836487,56000,55000
287824f1ed34aa1ed133a9f77003294787815aba,2978.37,120.12,11.979722340,56000,55000
287824f1ed34aa1ed133a9f77003294787815aba,2969.84,120.94,11.913083595,54000,55000
287824f1ed34aa1ed133a9f77003294787815aba,3028.72,122.87,12.164326490,56000,55000
dea09dedbb129e2831541ec1dee816d2a41a8a60,2955.69,119.39,11.871586470,56000,56000
dea09dedbb129e2831541ec1dee816d2a41a8a60,3018.13,122.53,12.115490310,56000,55000
dea09dedbb129e2831541ec1dee816d2a41a8a60,2985.78,120.89,11.991712427,55000,55000
dea09dedbb129e2831541ec1dee816d2a41a8a60,3005.17,122.12,12.080394775,54000,55000
dea09dedbb129e2831541ec1dee816d2a41a8a60,3124.37,126.19,12.548617053,56000,56000
dea09dedbb129e2831541ec1dee816d2a41a8a60,3053.95,123.95,12.263697790,56000,55000
dea09dedbb129e2831541ec1dee816d2a41a8a60,3073.76,124.56,12.349989566,56000,56000
dea09dedbb129e2831541ec1dee816d2a41a8a60,3017.07,122.17,12.149351929,55000,56000
dea09dedbb129e2831541ec1dee816d2a41a8a60,3065.09,123.83,12.343068990,56000,56000
dea09dedbb129e2831541ec1dee816d2a41a8a60,3015.64,122.35,12.093668338,56000,56000
dea09dedbb129e2831541ec1dee816d2a41a8a60,3052.38,124.19,12.255861607,56000,55000
dea09dedbb129e2831541ec1dee816d2a41a8a60,3088.83,125.57,12.408964096,55000,56000
dea09dedbb129e2831541ec1dee816d2a41a8a60,3033.62,122.98,12.179930824,56000,55000
dea09dedbb129e2831541ec1dee816d2a41a8a60,3056.58,124.07,12.283439345,55000,56000
dea09dedbb129e2831541ec1dee816d2a41a8a60,3071.28,124.33,12.321115077,56000,56000
dea09dedbb129e2831541ec1dee816d2a41a8a60,3085.90,125.31,12.369199500,55000,56000
dea09dedbb129e2831541ec1dee816d2a41a8a60,3047.03,123.68,12.236686026,56000,55000
dea09dedbb129e2831541ec1dee816d2a41a8a60,3072.86,124.58,12.320497255,56000,56000
dea09dedbb129e2831541ec1dee816d2a41a8a60,2989.58,121.38,12.016495311,56000,56000
dea09dedbb129e2831541ec1dee816d2a41a8a60,2982.32,120.88,11.990644778,55000,56000
dea09dedbb129e2831541ec1dee816d2a41a8a60,2997.66,121.39,12.036216543,55000,56000
dea09dedbb129e2831541ec1dee816d2a41a8a60,2991.72,120.85,11.995978360,55000,55000
dea09dedbb129e2831541ec1dee816d2a41a8a60,3048.96,123.47,12.238479456,55000,56000
dea09dedbb129e2831541ec1dee816d2a41a8a60,2967.87,120.19,11.931225103,54000,55000
dea09dedbb129e2831541ec1dee816d2a41a8a60,3038.47,122.77,12.211933270,55000,56000
dea09dedbb129e2831541ec1dee816d2a41a8a60,3001.91,121.10,12.086192021,55000,56000
dea09dedbb129e2831541ec1dee816d2a41a8a60,3012.37,121.20,12.113570645,54000,56000
dea09dedbb129e2831541ec1dee816d2a41a8a60,3042.00,123.09,12.232775848,56000,55000
dea09dedbb129e2831541ec1dee816d2a41a8a60,3080.12,124.68,12.379066069,55000,55000
dea09dedbb129e2831541ec1dee816d2a41a8a60,2999.27,121.60,12.022470669,56000,55000
6952b30c574351b2638d793e6d8b271a9a204602,2946.63,118.96,11.838181198,56000,57000
6952b30c574351b2638d793e6d8b271a9a204602,3072.83,124.46,12.326958327,56000,56000
6952b30c574351b2638d793e6d8b271a9a204602,3005.13,121.74,12.055852355,56000,55000
6952b30c574351b2638d793e6d8b271a9a204602,3051.09,123.59,12.270188754,55000,54000
6952b30c574351b2638d793e6d8b271a9a204602,3052.15,123.77,12.254811316,56000,56000
6952b30c574351b2638d793e6d8b271a9a204602,3032.34,122.48,12.168739151,55000,55000
6952b30c574351b2638d793e6d8b271a9a204602,3049.74,123.65,12.248727799,55000,55000
6952b30c574351b2638d793e6d8b271a9a204602,3041.57,123.37,12.208990165,54000,55000
6952b30c574351b2638d793e6d8b271a9a204602,2957.94,120.23,11.854606320,55000,55000
6952b30c574351b2638d793e6d8b271a9a204602,3080.02,125.29,12.350418819,56000,56000
6952b30c574351b2638d793e6d8b271a9a204602,3028.02,122.82,12.168685958,55000,55000
6952b30c574351b2638d793e6d8b271a9a204602,3002.10,121.40,12.053822577,56000,56000
6952b30c574351b2638d793e6d8b271a9a204602,2988.65,121.02,12.004859668,55000,56000
6952b30c574351b2638d793e6d8b271a9a204602,3024.41,122.40,12.135586891,55000,56000
6952b30c574351b2638d793e6d8b271a9a204602,3079.29,125.49,12.361550519,56000,55000
6952b30c574351b2638d793e6d8b271a9a204602,3050.26,123.71,12.226821174,55000,55000
6952b30c574351b2638d793e6d8b271a9a204602,3000.73,121.60,12.041521352,55000,55000
6952b30c574351b2638d793e6d8b271a9a204602,3022.14,122.38,12.118763325,56000,56000
6952b30c574351b2638d793e6d8b271a9a204602,3006.40,121.95,12.057015512,55000,56000
6952b30c574351b2638d793e6d8b271a9a204602,3011.54,122.19,12.109472611,56000,56000
6952b30c574351b2638d793e6d8b271a9a204602,3053.19,124.40,12.230433818,55000,55000
6952b30c574351b2638d793e6d8b271a9a204602,3031.17,123.19,12.184899129,55000,55000
6952b30c574351b2638d793e6d8b271a9a204602,3019.09,122.23,12.108726836,56000,55000
6952b30c574351b2638d793e6d8b271a9a204602,3008.95,121.55,12.082485772,56000,55000
6952b30c574351b2638d793e6d8b271a9a204602,2985.22,120.99,12.009036410,55000,55000
6952b30c574351b2638d793e6d8b271a9a204602,3005.08,121.63,12.066367029,55000,56000
6952b30c574351b2638d793e6d8b271a9a204602,3087.16,125.68,12.404615717,56000,56000
6952b30c574351b2638d793e6d8b271a9a204602,3029.53,122.43,12.170757594,55000,55000
6952b30c574351b2638d793e6d8b271a9a204602,3048.22,123.71,12.253069948,55000,56000
6952b30c574351b2638d793e6d8b271a9a204602,3025.43,122.16,12.180904312,54000,54000
052bf4621e0d27d2af01e71f103a930647fb207e,2983.90,121.22,11.964454529,56000,55000
052bf4621e0d27d2af01e71f103a930647fb207e,2976.51,120.54,11.961333377,56000,55000
052bf4621e0d27d2af01e71f103a930647fb207e,3090.40,125.88,12.411271539,56000,56000
052bf4621e0d27d2af01e71f103a930647fb207e,2997.80,121.93,12.021711964,55000,56000
052bf4621e0d27d2af01e71f103a930647fb207e,3050.14,123.77,12.226372453,56000,56000
052bf4621e0d27d2af01e71f103a930647fb207e,2990.44,120.81,12.013761819,56000,55000
052bf4621e0d27d2af01e71f103a930647fb207e,3101.64,125.70,12.448844986,56000,55000
052bf4621e0d27d2af01e71f103a930647fb207e,2949.04,118.92,11.840500511,56000,56000
052bf4621e0d27d2af01e71f103a930647fb207e,2993.13,121.38,12.034937068,56000,55000
052bf4621e0d27d2af01e71f103a930647fb207e,2973.44,120.48,11.940640284,56000,56000
052bf4621e0d27d2af01e71f103a930647fb207e,3085.00,125.38,12.357188282,56000,56000
052bf4621e0d27d2af01e71f103a930647fb207e,3012.42,122.69,12.091518850,56000,56000
052bf4621e0d27d2af01e71f103a930647fb207e,3097.07,125.80,12.434097084,55000,55000
052bf4621e0d27d2af01e71f103a930647fb207e,3070.30,124.42,12.318437389,55000,56000
052bf4621e0d27d2af01e71f103a930647fb207e,3059.37,123.93,12.250916277,55000,55000
052bf4621e0d27d2af01e71f103a930647fb207e,2951.41,119.03,11.848001476,56000,56000
052bf4621e0d27d2af01e71f103a930647fb207e,2946.13,119.30,11.830357171,56000,56000
052bf4621e0d27d2af01e71f103a930647fb207e,3037.38,123.25,12.196079409,55000,56000
052bf4621e0d27d2af01e71f103a930647fb207e,3045.71,123.89,12.247476552,56000,55000
052bf4621e0d27d2af01e71f103a930647fb207e,3007.01,121.99,12.097225016,56000,55000
052bf4621e0d27d2af01e71f103a930647fb207e,3063.10,124.50,12.297710907,54000,56000
052bf4621e0d27d2af01e71f103a930647fb207e,3004.49,121.58,12.073271086,55000,56000
052bf4621e0d27d2af01e71f103a930647fb207e,3029.10,122.69,12.152492284,55000,55000
052bf4621e0d27d2af01e71f103a930647fb207e,3018.64,121.90,12.127653336,55000,55000
052bf4621e0d27d2af01e71f103a930647fb207e,2994.36,120.46,12.029902408,56000,55000
052bf4621e0d27d2af01e71f103a930647fb207e,3046.34,123.63,12.232722055,55000,56000
052bf4621e0d27d2af01e71f103a930647fb207e,3016.20,122.42,12.078170956,55000,55000
052bf4621e0d27d2af01e71f103a930647fb207e,3001.10,121.15,12.061710194,55000,56000
052bf4621e0d27d2af01e71f103a930647fb207e,3013.26,122.27,12.100903059,55000,56000
052bf4621e0d27d2af01e71f103a930647fb207e,3030.10,122.59,12.174780093,55000,54000
a43a29ebdeff49f789f09f07e5766e8bde21101e,3095.77,125.97,12.406188519,56000,55000
a43a29ebdeff49f789f09f07e5766e8bde21101e,3043.13,123.34,12.227744331,56000,56000
a43a29ebdeff49f789f09f07e5766e8bde21101e,3050.40,122.76,12.263224047,55000,55000
a43a29ebdeff49f789f09f07e5766e8bde21101e,2996.49,121.68,12.040192035,56000,56000
a43a29ebdeff49f789f09f07e5766e8bde21101e,3052.78,123.53,12.238824767,55000,56000
a43a29ebdeff49f789f09f07e5766e8bde21101e,3033.52,122.97,12.203851640,56000,56000
a43a29ebdeff49f789f09f07e5766e8bde21101e,2988.51,120.76,12.013378854,56000,55000
a43a29ebdeff49f789f09f07e5766e8bde21101e,2942.92,119.05,11.821126076,56000,56000
a43a29ebdeff49f789f09f07e5766e8bde21101e,3022.10,122.54,12.144546211,56000,55000
a43a29ebdeff49f789f09f07e5766e8bde21101e,2957.03,119.60,11.874959990,55000,56000
a43a29ebdeff49f789f09f07e5766e8bde21101e,3060.28,123.73,12.305997474,56000,55000
a43a29ebdeff49f789f09f07e5766e8bde21101e,3005.32,122.09,12.078427160,56000,56000
a43a29ebdeff49f789f09f07e5766e8bde21101e,3043.99,123.79,12.234781781,56000,55000
a43a29ebdeff49f789f09f07e5766e8bde21101e,3065.60,124.60,12.297152725,56000,55000
a43a29ebdeff49f789f09f07e5766e8bde21101e,3000.88,121.20,12.059284479,56000,56000
a43a29ebdeff49f789f09f07e5766e8bde21101e,3010.60,122.10,12.090355877,56000,56000
a43a29ebdeff49f789f09f07e5766e8bde21101e,2970.21,120.11,11.936564095,55000,55000
a43a29ebdeff49f789f09f07e5766e8bde21101e,2982.17,121.17,11.945866223,55000,56000
a43a29ebdeff49f789f09f07e5766e8bde21101e,3045.75,123.40,12.212886877,56000,56000
a43a29ebdeff49f789f09f07e5766e8bde21101e,2995.00,121.51,12.040338854,56000,55000
a43a29ebdeff49f789f09f07e5766e8bde21101e,2965.09,120.10,11.908747811,56000,56000
a43a29ebdeff49f789f09f07e5766e8bde21101e,2943.40,118.93,11.808449784,56000,56000
a43a29ebdeff49f789f09f07e5766e8bde21101e,3037.36,123.25,12.203114132,55000,56000
a43a29ebdeff49f789f09f07e5766e8bde21101e,3002.96,122.00,12.055929244,55000,56000
a43a29ebdeff49f789f09f07e5766e8bde21101e,3015.31,122.04,12.103105016,56000,55000
a43a29ebdeff49f789f09f07e5766e8bde21101e,3069.17,124.79,12.308418678,55000,56000
a43a29ebdeff49f789f09f07e5766e8bde21101e,3038.59,123.42,12.197922654,55000,54000
a43a29ebdeff49f789f09f07e5766e8bde21101e,3085.94,125.11,12.383965587,55000,56000
a43a29ebdeff49f789f09f07e5766e8bde21101e,2972.62,120.29,11.927450838,56000,56000
a43a29ebdeff49f789f09f07e5766e8bde21101e,3043.03,123.42,12.220664809,55000,54000
9892abcfd9fb7c0519356306283d0a01741dc235,3010.79,121.67,12.093037354,56000,55000
9892abcfd9fb7c0519356306283d0a01741dc235,2993.20,120.90,12.012372215,55000,55000
9892abcfd9fb7c0519356306283d0a01741dc235,2984.79,120.60,11.998320121,56000,56000
9892abcfd9fb7c0519356306283d0a01741dc235,3030.49,122.57,12.181617852,56000,56000
9892abcfd9fb7c0519356306283d0a01741dc235,2988.90,120.99,11.999997810,56000,55000
9892abcfd9fb7c0519356306283d0a01741dc235,3011.08,121.65,12.085549473,55000,55000
9892abcfd9fb7c0519356306283d0a01741dc235,2992.54,120.66,12.002107528,55000,56000
9892abcfd9fb7c0519356306283d0a01741dc235,2967.85,120.64,11.923399486,55000,56000
9892abcfd9fb7c0519356306283d0a01741dc235,3042.99,123.36,12.206490263,55000,55000
9892abcfd9fb7c0519356306283d0a01741dc235,2955.34,119.50,11.856056020,56000,55000
9892abcfd9fb7c0519356306283d0a01741dc235,3089.20,125.25,12.421815756,56000,55000
9892abcfd9fb7c0519356306283d0a01741dc235,3099.07,125.84,12.460890973,56000,56000
9892abcfd9fb7c0519356306283d0a01741dc235,2966.84,120.11,11.907641199,56000,56000
9892abcfd9fb7c0519356306283d0a01741dc235,2965.78,119.76,11.893959739,56000,56000
9892abcfd9fb7c0519356306283d0a01741dc235,3037.32,123.40,12.166598514,55000,56000
9892abcfd9fb7c0519356306283d0a01741dc235,3097.73,125.41,12.431573529,55000,55000
9892abcfd9fb7c0519356306283d0a01741dc235,3008.41,121.88,12.094527557,56000,56000
9892abcfd9fb7c0519356306283d0a01741dc235,3052.63,123.56,12.289288050,55000,56000
9892abcfd9fb7c0519356306283d0a01741dc235,3012.17,121.74,12.088246070,56000,56000
9892abcfd9fb7c0519356306283d0a01741dc235,3031.14,122.73,12.135721041,55000,56000
9892abcfd9fb7c0519356306283d0a01741dc235,3063.06,124.01,12.311031959,56000,56000
9892abcfd9fb7c0519356306283d0a01741dc235,3034.36,123.23,12.188797584,55000,56000
9892abcfd9fb7c0519356306283d0a01741dc235,3056.64,124.06,12.272234248,55000,55000
9892abcfd9fb7c0519356306283d0a01741dc235,2962.67,120.31,11.890830144,56000,56000
9892abcfd9fb7c0519356306283d0a01741dc235,3047.34,123.64,12.239045714,54000,55000
9892abcfd9fb7c0519356306283d0a01741dc235,3003.61,121.65,12.073926650,55000,56000
9892abcfd9fb7c0519356306283d0a01741dc235,2994.33,121.35,12.003371618,55000,55000
9892abcfd9fb7c0519356306283d0a01741dc235,3010.76,121.48,12.103973078,56000,55000
9892abcfd9fb7c0519356306283d0a01741dc235,3035.22,122.98,12.187664070,55000,55000
9892abcfd9fb7c0519356306283d0a01741dc235,2974.28,119.85,11.976665623,55000,55000
ad7ec172b59c3012e3296ec78d68f0436f2b8d0e,3012.71,122.18,12.110488511,56000,56000
ad7ec172b59c3012e3296ec78d68f0436f2b8d0e,2952.30,119.71,11.837817541,55000,56000
ad7ec172b59c3012e3296ec78d68f0436f2b8d0e,3048.08,123.97,12.245839293,56000,56000
ad7ec172b59c3012e3296ec78d68f0436f2b8d0e,2976.50,120.60,11.937056237,56000,55000
ad7ec172b59c3012e3296ec78d68f0436f2b8d0e,2985.70,120.38,11.971954232,56000,56000
ad7ec172b59c3012e3296ec78d68f0436f2b8d0e,3058.45,124.50,12.247431914,56000,55000
ad7ec172b59c3012e3296ec78d68f0436f2b8d0e,2950.46,119.70,11.849814584,56000,56000
ad7ec172b59c3012e3296ec78d68f0436f2b8d0e,3013.10,121.70,12.094876237,56000,55000
ad7ec172b59c3012e3296ec78d68f0436f2b8d0e,3014.07,121.53,12.111941368,56000,56000
ad7ec172b59c3012e3296ec78d68f0436f2b8d0e,3024.45,122.36,12.155431121,55000,55000
ad7ec172b59c3012e3296ec78d68f0436f2b8d0e,3053.19,123.70,12.260361987,55000,56000
ad7ec172b59c3012e3296ec78d68f0436f2b8d0e,2912.87,117.86,11.677773198,56000,56000
ad7ec172b59c3012e3296ec78d68f0436f2b8d0e,2988.19,121.50,11.968160460,56000,56000
ad7ec172b59c3012e3296ec78d68f0436f2b8d0e,3052.83,124.16,12.259571707,56000,56000
ad7ec172b59c3012e3296ec78d68f0436f2b8d0e,3005.24,121.82,12.066260962,54000,54000
ad7ec172b59c3012e3296ec78d68f0436f2b8d0e,3037.69,123.31,12.213334083,56000,56000
ad7ec172b59c3012e3296ec78d68f0436f2b8d0e,3048.01,123.40,12.251382755,56000,56000
ad7ec172b59c3012e3296ec78d68f0436f2b8d0e,3069.77,124.54,12.313729281,55000,54000
ad7ec172b59c3012e3296ec78d68f0436f2b8d0e,3042.76,123.12,12.204844699,56000,56000
ad7ec172b59c3012e3296ec78d68f0436f2b8d0e,2969.14,120.15,11.894213209,56000,56000
ad7ec172b59c3012e3296ec78d68f0436f2b8d0e,3042.25,123.52,12.213334185,56000,56000
ad7ec172b59c3012e3296ec78d68f0436f2b8d0e,3028.45,122.55,12.171684915,56000,56000
ad7ec172b59c3012e3296ec78d68f0436f2b8d0e,3016.60,122.01,12.103904292,56000,56000
ad7ec172b59c3012e3296ec78d68f0436f2b8d0e,2966.15,119.76,11.898470254,56000,55000
ad7ec172b59c3012e3296ec78d68f0436f2b8d0e,3073.65,124.55,12.317629066,55000,55000
ad7ec172b59c3012e3296ec78d68f0436f2b8d0e,3058.19,123.65,12.286529942,56000,55000
ad7ec172b59c3012e3296ec78d68f0436f2b8d0e,2993.37,120.73,12.053809292,56000,54000
ad7ec172b59c3012e3296ec78d68f0436f2b8d0e,2998.59,121.40,12.050404001,56000,55000
ad7ec172b59c3012e3296ec78d68f0436f2b8d0e,3030.28,122.65,12.179961073,55000,56000
ad7ec172b59c3012e3296ec78d68f0436f2b8d0e,3048.24,123.78,12.243079520,55000,55000
a2ca4ed754c969e7d3ec572d452c3494f4723c31,3052.99,123.67,12.274366998,55000,55000
a2ca4ed754c969e7d3ec572d452c3494f4723c31,3017.77,122.40,12.114834303,56000,55000
a2ca4ed754c969e7d3ec572d452c3494f4723c31,2987.98,121.61,11.988785199,55000,56000
a2ca4ed754c969e7d3ec572d452c3494f4723c31,3036.30,123.13,12.201051916,56000,56000
a2ca4ed754c969e7d3ec572d452c3494f4723c31,3011.41,121.64,12.099123811,55000,55000
a2ca4ed754c969e7d3ec572d452c3494f4723c31,3038.01,123.11,12.179770653,55000,55000
a2ca4ed754c969e7d3ec572d452c3494f4723c31,3089.49,125.28,12.406285175,55000,56000
a2ca4ed754c969e7d3ec572d452c3494f4723c31,3081.58,124.57,12.369467526,55000,56000
a2ca4ed754c969e7d3ec572d452c3494f4723c31,3018.05,122.79,12.104665670,56000,56000
a2ca4ed754c969e7d3ec572d452c3494f4723c31,3019.95,122.32,12.137736113,56000,54000
a2ca4ed754c969e7d3ec572d452c3494f4723c31,3028.19,123.11,12.151945780,56000,55000
a2ca4ed754c969e7d3ec572d452c3494f4723c31,2955.10,119.74,11.864237562,55000,55000
a2ca4ed754c969e7d3ec572d452c3494f4723c31,3002.24,121.18,12.057145440,56000,56000
a2ca4ed754c969e7d3ec572d452c3494f4723c31,3026.41,122.76,12.134131382,55000,55000
a2ca4ed754c969e7d3ec572d452c3494f4723c31,2998.36,121.59,12.023805174,56000,56000
a2ca4ed754c969e7d3ec572d452c3494f4723c31,3012.08,122.14,12.074276865,56000,56000
a2ca4ed754c969e7d3ec572d452c3494f4723c31,3020.89,122.30,12.134536649,56000,55000
a2ca4ed754c969e7d3ec572d452c3494f4723c31,3039.20,123.52,12.168422650,56000,55000
a2ca4ed754c969e7d3ec572d452c3494f4723c31,3014.77,122.17,12.129738327,56000,56000
a2ca4ed754c969e7d3ec572d452c3494f4723c31,3063.07,124.62,12.286239594,55000,55000
a2ca4ed754c969e7d3ec572d452c3494f4723c31,3094.97,125.63,12.398367717,55000,56000
a2ca4ed754c969e7d3ec572d452c3494f4723c31,2994.77,120.88,12.032743789,55000,54000
a2ca4ed754c969e7d3ec572d452c3494f4723c31,3023.06,122.55,12.136246597,56000,55000
a2ca4ed754c969e7d3ec572d452c3494f4723c31,3076.36,124.80,12.373078631,55000,55000
a2ca4ed754c969e7d3ec572d452c3494f4723c31,3022.53,122.48,12.112630339,55000,54000
a2ca4ed754c969e7d3ec572d452c3494f4723c31,3020.44,122.62,12.115527711,55000,55000
a2ca4ed754c969e7d3ec572d452c3494f4723c31,2975.03,120.10,11.947780827,55000,56000
a2ca4ed754c969e7d3ec572d452c3494f4723c31,2983.90,120.57,11.986697526,55000,56000
a2ca4ed754c969e7d3ec572d452c3494f4723c31,2895.67,116.50,11.637509276,56000,56000
a2ca4ed754c969e7d3ec572d452c3494f4723c31,2997.23,121.20,12.052568702,56000,56000
6469440cd4b0e8ab2c5e8ba34174bc1228a8c614,3059.14,124.29,12.273374006,55000,57000
6469440cd4b0e8ab2c5e8ba34174bc1228a8c614,3020.20,122.68,12.138136297,56000,56000
6469440cd4b0e8ab2c5e8ba34174bc1228a8c614,3050.98,123.59,12.238205688,55000,56000
6469440cd4b0e8ab2c5e8ba34174bc1228a8c614,3062.88,124.43,12.274713960,56000,56000
6469440cd4b0e8ab2c5e8ba34174bc1228a8c614,2951.80,119.24,11.835373515,56000,54000
6469440cd4b0e8ab2c5e8ba34174bc1228a8c614,3072.31,124.24,12.347935560,56000,55000
6469440cd4b0e8ab2c5e8ba34174bc1228a8c614,2990.27,121.19,12.002508121,56000,56000
6469440cd4b0e8ab2c5e8ba34174bc1228a8c614,2977.51,120.61,11.965634340,56000,55000
6469440cd4b0e8ab2c5e8ba34174bc1228a8c614,3069.24,124.67,12.326183247,56000,55000
6469440cd4b0e8ab2c5e8ba34174bc1228a8c614,3020.30,122.05,12.131105509,55000,55000
6469440cd4b0e8ab2c5e8ba34174bc1228a8c614,3090.17,125.28,12.410967617,55000,56000
6469440cd4b0e8ab2c5e8ba34174bc1228a8c614,3005.84,121.93,12.081133110,56000,56000
6469440cd4b0e8ab2c5e8ba34174bc1228a8c614,2962.44,119.36,11.899979252,56000,55000
6469440cd4b0e8ab2c5e8ba34174bc1228a8c614,3070.68,124.34,12.359783062,56000,55000
6469440cd4b0e8ab2c5e8ba34174bc1228a8c614,3016.43,122.31,12.122412644,56000,56000
6469440cd4b0e8ab2c5e8ba34174bc1228a8c614,3015.91,121.90,12.098239223,56000,55000
6469440cd4b0e8ab2c5e8ba34174bc1228a8c614,3017.85,122.25,12.126636091,55000,56000
6469440cd4b0e8ab2c5e8ba34174bc1228a8c614,2996.40,121.21,12.050471226,56000,55000
6469440cd4b0e8ab2c5e8ba34174bc1228a8c614,3006.03,121.92,12.069785262,55000,55000
6469440cd4b0e8ab2c5e8ba34174bc1228a8c614,2968.65,120.36,11.916701802,56000,56000
6469440cd4b0e8ab2c5e8ba34174bc1228a8c614,2892.01,116.62,11.607055798,54000,55000
6469440cd4b0e8ab2c5e8ba34174bc1228a8c614,3038.45,123.15,12.192471489,54000,55000
6469440cd4b0e8ab2c5e8ba34174bc1228a8c614,3012.82,122.02,12.098585742,55000,55000
6469440cd4b0e8ab2c5e8ba34174bc1228a8c614,3060.63,123.94,12.299537354,56000,56000
6469440cd4b0e8ab2c5e8ba34174bc1228a8c614,3018.99,122.24,12.109493317,56000,54000
6469440cd4b0e8ab2c5e8ba34174bc1228a8c614,3023.69,122.08,12.164226480,54000,55000
6469440cd4b0e8ab2c5e8ba34174bc1228a8c614,2940.02,118.97,11.793184121,56000,55000
6469440cd4b0e8ab2c5e8ba34174bc1228a8c614,2972.91,119.91,11.967089581,56000,55000
6469440cd4b0e8ab2c5e8ba34174bc1228a8c614,3026.37,122.83,12.160906552,56000,54000
6469440cd4b0e8ab2c5e8ba34174bc1228a8c614,3095.00,125.70,12.435185891,55000,55000
1aab2d42c96bb3e0d56a456ecbf3a8a1699c7129,3034.54,122.93,12.173507095,55000,55000
1aab2d42c96bb3e0d56a456ecbf3a8a1699c7129,3053.05,123.51,12.277792821,56000,56000
1aab2d42c96bb3e0d56a456ecbf3a8a1699c7129,3049.42,124.00,12.201517599,56000,56000
1aab2d42c96bb3e0d56a456ecbf3a8a1699c7129,2995.96,121.16,12.022064102,55000,56000
1aab2d42c96bb3e0d56a456ecbf3a8a1699c7129,3019.60,122.16,12.107805919,55000,55000
1aab2d42c96bb3e0d56a456ecbf3a8a1699c7129,3018.19,122.20,12.127191675,55000,55000
1aab2d42c96bb3e0d56a456ecbf3a8a1699c7129,2998.14,120.97,12.042136925,55000,56000
1aab2d42c96bb3e0d56a456ecbf3a8a1699c7129,2978.27,120.32,11.961903730,55000,56000
1aab2d42c96bb3e0d56a456ecbf3a8a1699c7129,3009.51,121.93,12.092661912,56000,56000
1aab2d42c96bb3e0d56a456ecbf3a8a1699c7129,3006.40,121.91,12.085607524,56000,56000
1aab2d42c96bb3e0d56a456ecbf3a8a1699c7129,3068.88,124.35,12.311700425,56000,56000
1aab2d42c96bb3e0d56a456ecbf3a8a1699c7129,3075.91,125.39,12.352779080,55000,55000
1aab2d42c96bb3e0d56a456ecbf3a8a1699c7129,3012.29,122.22,12.104223708,56000,55000
1aab2d42c96bb3e0d56a456ecbf3a8a1699c7129,3037.06,123.27,12.175735877,55000,55000
1aab2d42c96bb3e0d56a456ecbf3a8a1699c7129,3084.27,125.41,12.384388921,55000,56000
1aab2d42c96bb3e0d56a456ecbf3a8a1699c7129,3068.82,124.71,12.318185404,55000,54000
1aab2d42c96bb3e0d56a456ecbf3a8a1699c7129,2906.28,117.31,11.638387934,55000,56000
1aab2d42c96bb3e0d56a456ecbf3a8a1699c7129,2984.50,120.41,11.975578649,56000,56000
1aab2d42c96bb3e0d56a456ecbf3a8a1699c7129,2951.06,119.29,11.835781545,56000,54000
1aab2d42c96bb3e0d56a456ecbf3a8a1699c7129,3000.72,121.44,12.040212403,55000,56000
1aab2d42c96bb3e0d56a456ecbf3a8a1699c7129,3015.85,122.06,12.097534255,56000,56000
1aab2d42c96bb3e0d56a456ecbf3a8a1699c7129,3039.21,122.78,12.202782630,55000,56000
1aab2d42c96bb3e0d56a456ecbf3a8a1699c7129,3062.62,125.19,12.302461838,56000,56000
1aab2d42c96bb3e0d56a456ecbf3a8a1699c7129,3051.70,123.79,12.258928271,56000,56000
1aab2d42c96bb3e0d56a456ecbf3a8a1699c7129,3027.52,122.82,12.136482466,55000,55000
1aab2d42c96bb3e0d56a456ecbf3a8a1699c7129,3010.16,121.85,12.094916064,55000,54000
1aab2d42c96bb3e0d56a456ecbf3a8a1699c7129,3035.85,123.00,12.197626788,56000,56000
1aab2d42c96bb3e0d56a456ecbf3a8a1699c7129,3038.39,122.52,12.217927367,56000,56000
1aab2d42c96bb3e0d56a456ecbf3a8a1699c7129,3057.66,123.88,12.282070609,56000,56000
1aab2d42c96bb3e0d56a456ecbf3a8a1699c7129,3009.71,121.84,12.095686049,56000,55000
a68719701c0a966e54c435b62e050a01ca07982b,3016.83,121.85,12.111857169,55000,56000
a68719701c0a966e54c435b62e050a01ca07982b,3071.14,124.53,12.327734949,55000,55000
a68719701c0a966e54c435b62e050a01ca07982b,3033.53,122.38,12.158001919,56000,56000
a68719701c0a966e54c435b62e050a01ca07982b,3042.67,123.40,12.218795131,56000,56000
a68719701c0a966e54c435b62e050a01ca07982b,3029.83,122.96,12.138080396,56000,56000
a68719701c0a966e54c435b62e050a01ca07982b,2996.43,121.11,12.031785858,55000,55000
a68719701c0a966e54c435b62e050a01ca07982b,3075.29,124.96,12.343444265,56000,55000
a68719701c0a966e54c435b62e050a01ca07982b,3103.09,126.46,12.474993258,55000,56000
a68719701c0a966e54c435b62e050a01ca07982b,3035.51,123.32,12.194411271,56000,55000
a68719701c0a966e54c435b62e050a01ca07982b,2980.95,120.79,11.975343103,55000,56000
a68719701c0a966e54c435b62e050a01ca07982b,3059.47,123.70,12.275100451,56000,56000
a68719701c0a966e54c435b62e050a01ca07982b,3097.41,126.16,12.406604230,56000,56000
a68719701c0a966e54c435b62e050a01ca07982b,3034.38,122.53,12.182492409,56000,55000
a68719701c0a966e54c435b62e050a01ca07982b,3050.88,123.59,12.265231078,55000,56000
a68719701c0a966e54c435b62e050a01ca07982b,3032.74,122.54,12.171772078,56000,56000
a68719701c0a966e54c435b62e050a01ca07982b,2965.82,120.02,11.905948190,55000,56000
a68719701c0a966e54c435b62e050a01ca07982b,3008.72,121.67,12.097601738,56000,56000
a68719701c0a966e54c435b62e050a01ca07982b,3072.85,124.51,12.338195991,55000,56000
a68719701c0a966e54c435b62e050a01ca07982b,3055.09,124.11,12.239130860,55000,56000
a68719701c0a966e54c435b62e050a01ca07982b,2916.99,118.52,11.697426603,55000,56000
a68719701c0a966e54c435b62e050a01ca07982b,3013.37,122.43,12.077766644,55000,55000
a68719701c0a966e54c435b62e050a01ca07982b,2991.14,121.08,12.037002490,54000,55000
a68719701c0a966e54c435b62e050a01ca07982b,3003.96,121.84,12.061858165,55000,56000
a68719701c0a966e54c435b62e050a01ca07982b,3002.30,121.42,12.074774626,56000,56000
a68719701c0a966e54c435b62e050a01ca07982b,3010.10,121.81,12.097106448,56000,56000
a68719701c0a966e54c435b62e050a01ca07982b,3027.69,123.03,12.149400430,55000,55000
a68719701c0a966e54c435b62e050a01ca07982b,3031.12,123.21,12.174458758,55000,54000
a68719701c0a966e54c435b62e050a01ca07982b,3072.46,124.73,12.322276172,56000,55000
a68719701c0a966e54c435b62e050a01ca07982b,3089.94,125.06,12.416060048,55000,55000
a68719701c0a966e54c435b62e050a01ca07982b,3083.11,125.18,12.360926782,55000,55000
99a97f134010f5b97c7e7932503090e2bbcd4339,2966.60,119.59,11.921119385,55000,55000
99a97f134010f5b97c7e7932503090e2bbcd4339,3045.63,123.75,12.228300905,56000,55000
99a97f134010f5b97c7e7932503090e2bbcd4339,3051.94,123.69,12.226219251,56000,56000
99a97f134010f5b97c7e7932503090e2bbcd4339,3020.74,121.95,12.113661779,56000,56000
99a97f134010f5b97c7e7932503090e2bbcd4339,2930.66,118.85,11.762051724,56000,55000
99a97f134010f5b97c7e7932503090e2bbcd4339,3087.09,125.08,12.417236238,56000,56000
99a97f134010f5b97c7e7932503090e2bbcd4339,3052.65,123.63,12.266114155,55000,55000
99a97f134010f5b97c7e7932503090e2bbcd4339,3045.73,123.66,12.236620604,56000,55000
99a97f134010f5b97c7e7932503090e2bbcd4339,2987.99,120.88,12.005097402,56000,55000
99a97f134010f5b97c7e7932503090e2bbcd4339,2999.94,121.59,12.045754071,55000,55000
99a97f134010f5b97c7e7932503090e2bbcd4339,3023.74,122.33,12.178998570,56000,56000
99a97f134010f5b97c7e7932503090e2bbcd4339,2939.10,118.90,11.822268595,56000,55000
99a97f134010f5b97c7e7932503090e2bbcd4339,3069.80,125.19,12.325811650,55000,55000
99a97f134010f5b97c7e7932503090e2bbcd4339,3006.41,121.83,12.089774716,56000,56000
99a97f134010f5b97c7e7932503090e2bbcd4339,3028.35,122.60,12.163280007,56000,56000
99a97f134010f5b97c7e7932503090e2bbcd4339,3082.92,125.22,12.377818801,55000,56000
99a97f134010f5b97c7e7932503090e2bbcd4339,2976.39,119.79,11.927985257,55000,55000
99a97f134010f5b97c7e7932503090e2bbcd4339,2980.43,120.31,11.944218540,56000,56000
99a97f134010f5b97c7e7932503090e2bbcd4339,3005.33,121.35,12.058343404,56000,55000
99a97f134010f5b97c7e7932503090e2bbcd4339,3044.60,123.53,12.228818537,56000,54000
99a97f134010f5b97c7e7932503090e2bbcd4339,3044.12,123.54,12.210294008,56000,55000
99a97f134010f5b97c7e7932503090e2bbcd4339,3022.86,122.46,12.141580223,55000,55000
99a97f134010f5b97c7e7932503090e2bbcd4339,3007.32,122.00,12.080601917,56000,55000
99a97f134010f5b97c7e7932503090e2bbcd4339,3033.84,122.93,12.177295950,56000,56000
99a97f134010f5b97c7e7932503090e2bbcd4339,3026.30,122.32,12.174255475,55000,54000
99a97f134010f5b97c7e7932503090e2bbcd4339,2989.86,120.59,12.018567396,55000,56000
99a97f134010f5b97c7e7932503090e2bbcd4339,3072.56,124.47,12.344338143,56000,54000
99a97f134010f5b97c7e7932503090e2bbcd4339,3008.51,121.56,12.090435048,56000,55000
99a97f134010f5b97c7e7932503090e2bbcd4339,3046.84,123.94,12.222054070,55000,56000
99a97f134010f5b97c7e7932503090e2bbcd4339,3016.04,122.25,12.100176700,55000,55000
8a14a6fb339147110cd047f008acfbfea03414db,3043.20,123.46,12.236251922,56000,56000
8a14a6fb339147110cd047f008acfbfea03414db,3046.52,123.86,12.234630770,55000,56000
8a14a6fb339147110cd047f008acfbfea03414db,2977.54,120.31,11.975327060,55000,56000
8a14a6fb339147110cd047f008acfbfea03414db,3015.72,122.69,12.111240389,55000,56000
8a14a6fb339147110cd047f008acfbfea03414db,3003.00,121.50,12.079068650,56000,56000
8a14a6fb339147110cd047f008acfbfea03414db,2998.65,120.61,12.036826110,55000,56000
8a14a6fb339147110cd047f008acfbfea03414db,2975.57,120.40,11.916704070,56000,56000
8a14a6fb339147110cd047f008acfbfea03414db,3018.88,122.18,12.129454491,56000,56000
8a14a6fb339147110cd047f008acfbfea03414db,3042.11,123.76,12.204695981,55000,56000
8a14a6fb339147110cd047f008acfbfea03414db,3007.08,121.53,12.060415580,55000,56000
8a14a6fb339147110cd047f008acfbfea03414db,3044.98,123.55,12.223779605,56000,55000
8a14a6fb339147110cd047f008acfbfea03414db,3082.49,125.41,12.389794278,55000,55000
8a14a6fb339147110cd047f008acfbfea03414db,3035.14,123.29,12.158608678,56000,55000
8a14a6fb339147110cd047f008acfbfea03414db,3039.23,123.14,12.201002178,56000,56000
8a14a6fb339147110cd047f008acfbfea03414db,3030.86,122.93,12.167842707,56000,55000
8a14a6fb339147110cd047f008acfbfea03414db,3033.46,123.66,12.218231571,55000,55000
8a14a6fb339147110cd047f008acfbfea03414db,3047.37,123.41,12.235046153,56000,56000
8a14a6fb339147110cd047f008acfbfea03414db,3015.73,121.93,12.114193273,56000,56000
8a14a6fb339147110cd047f008acfbfea03414db,3020.76,122.56,12.117123989,56000,56000
8a14a6fb339147110cd047f008acfbfea03414db,3049.74,124.00,12.243224467,55000,56000
8a14a6fb339147110cd047f008acfbfea03414db,3042.69,123.00,12.239922483,56000,55000
8a14a6fb339147110cd047f008acfbfea03414db,3045.94,123.17,12.224837529,54000,55000
8a14a6fb339147110cd047f008acfbfea03414db,3054.72,124.23,12.292644129,56000,54000
8a14a6fb339147110cd047f008acfbfea03414db,3014.86,121.37,12.122819465,55000,54000
8a14a6fb339147110cd047f008acfbfea03414db,3066.06,124.43,12.297969075,54000,54000
8a14a6fb339147110cd047f008acfbfea03414db,3027.20,122.36,12.145450552,55000,55000
8a14a6fb339147110cd047f008acfbfea03414db,3003.58,121.49,12.072691288,55000,56000
8a14a6fb339147110cd047f008acfbfea03414db,2954.31,119.43,11.880738560,56000,56000
8a14a6fb339147110cd047f008acfbfea03414db,3038.97,122.85,12.228443658,55000,56000
8a14a6fb339147110cd047f008acfbfea03414db,3024.60,122.36,12.146661333,55000,55000
da9a1b4cb109d9e4fbe0f317031ae183ae7e7aeb,3004.33,121.71,12.060216420,56000,56000
da9a1b4cb109d9e4fbe0f317031ae183ae7e7aeb,3037.20,123.42,12.201824625,55000,55000
da9a1b4cb109d9e4fbe0f317031ae183ae7e7aeb,3056.22,124.40,12.263612129,56000,55000
da9a1b4cb109d9e4fbe0f317031ae183ae7e7aeb,3011.97,122.01,12.064471631,54000,56000
da9a1b4cb109d9e4fbe0f317031ae183ae7e7aeb,3025.06,122.07,12.141167219,55000,56000
da9a1b4cb109d9e4fbe0f317031ae183ae7e7aeb,3055.37,124.19,12.259505364,56000,56000
da9a1b4cb109d9e4fbe0f317031ae183ae7e7aeb,3029.90,122.53,12.187628184,56000,56000
da9a1b4cb109d9e4fbe0f317031ae183ae7e7aeb,3088.12,125.09,12.414242473,56000,56000
da9a1b4cb109d9e4fbe0f317031ae183ae7e7aeb,3032.40,122.47,12.183359164,56000,55000
da9a1b4cb109d9e4fbe0f317031ae183ae7e7aeb,3007.38,122.18,12.080101877,55000,55000
da9a1b4cb109d9e4fbe0f317031ae183ae7e7aeb,3012.97,122.11,12.117358363,56000,56000
da9a1b4cb109d9e4fbe0f317031ae183ae7e7aeb,2995.41,120.82,12.045855114,55000,56000
da9a1b4cb109d9e4fbe0f317031ae183ae7e7aeb,3020.66,122.13,12.142973457,55000,56000
da9a1b4cb109d9e4fbe0f317031ae183ae7e7aeb,3004.57,121.81,12.048595584,55000,56000
da9a1b4cb109d9e4fbe0f317031ae183ae7e7aeb,3026.50,122.83,12.130333693,56000,55000
da9a1b4cb109d9e4fbe0f317031ae183ae7e7aeb,3012.50,122.15,12.126322910,56000,56000
da9a1b4cb109d9e4fbe0f317031ae183ae7e7aeb,2895.62,116.73,11.622141642,55000,56000
da9a1b4cb109d9e4fbe0f317031ae183ae7e7aeb,2977.22,120.67,11.948866397,55000,55000
da9a1b4cb109d9e4fbe0f317031ae183ae7e7aeb,3083.41,125.48,12.375898540,56000,56000
da9a1b4cb109d9e4fbe0f317031ae183ae7e7aeb,3029.87,123.07,12.151474553,56000,55000
da9a1b4cb109d9e4fbe0f317031ae183ae7e7aeb,3013.42,122.36,12.101604635,55000,55000
da9a1b4cb109d9e4fbe0f317031ae183ae7e7aeb,3011.02,121.74,12.106885231,55000,55000
da9a1b4cb109d9e4fbe0f317031ae183ae7e7aeb,3009.81,121.98,12.079215658,55000,55000
da9a1b4cb109d9e4fbe0f317031ae183ae7e7aeb,3015.35,122.15,12.122276937,56000,55000
da9a1b4cb109d9e4fbe0f317031ae183ae7e7aeb,2973.06,119.54,11.932161325,56000,55000
da9a1b4cb109d9e4fbe0f317031ae183ae7e7aeb,2987.81,120.39,12.027401581,55000,56000
da9a1b4cb109d9e4fbe0f317031ae183ae7e7aeb,3022.90,122.29,12.154767062,55000,54000
da9a1b4cb109d9e4fbe0f317031ae183ae7e7aeb,3034.70,122.52,12.217927498,56000,55000
da9a1b4cb109d9e4fbe0f317031ae183ae7e7aeb,3053.21,124.01,12.242030596,56000,55000
da9a1b4cb109d9e4fbe0f317031ae183ae7e7aeb,2966.29,119.50,11.925035339,56000,55000
a13e322de2e01359d695b736b3496e6a6d63bbea,3040.94,123.52,12.218964771,56000,56000
a13e322de2e01359d695b736b3496e6a6d63bbea,3013.70,122.25,12.089339262,55000,56000
a13e322de2e01359d695b736b3496e6a6d63bbea,2958.97,119.93,11.862831806,56000,55000
a13e322de2e01359d695b736b3496e6a6d63bbea,3057.66,124.56,12.283184441,56000,56000
a13e322de2e01359d695b736b3496e6a6d63bbea,3035.78,122.76,12.181453134,56000,56000
a13e322de2e01359d695b736b3496e6a6d63bbea,3032.20,122.52,12.159967664,56000,54000
a13e322de2e01359d695b736b3496e6a6d63bbea,3025.51,122.80,12.153409443,55000,55000
a13e322de2e01359d695b736b3496e6a6d63bbea,3080.55,125.20,12.361379312,56000,56000
a13e322de2e01359d695b736b3496e6a6d63bbea,3036.92,123.24,12.199998296,56000,56000
a13e322de2e01359d695b736b3496e6a6d63bbea,3037.22,123.43,12.189703321,56000,56000
a13e322de2e01359d695b736b3496e6a6d63bbea,2989.25,121.50,12.001503414,55000,55000
a13e322de2e01359d695b736b3496e6a6d63bbea,3015.50,122.21,12.103482965,56000,56000
a13e322de2e01359d695b736b3496e6a6d63bbea,2975.26,120.29,11.956840533,55000,55000
a13e322de2e01359d695b736b3496e6a6d63bbea,2989.86,121.17,11.965328043,55000,55000
a13e322de2e01359d695b736b3496e6a6d63bbea,2987.43,120.78,11.975494660,56000,56000
a13e322de2e01359d695b736b3496e6a6d63bbea,3054.13,124.40,12.252963953,56000,55000
a13e322de2e01359d695b736b3496e6a6d63bbea,3073.60,124.71,12.349211374,56000,56000
a13e322de2e01359d695b736b3496e6a6d63bbea,3032.68,123.01,12.165815887,56000,56000
a13e322de2e01359d695b736b3496e6a6d63bbea,3092.55,125.81,12.419340755,56000,55000
a13e322de2e01359d695b736b3496e6a6d63bbea,3088.38,125.25,12.372193567,56000,56000
a13e322de2e01359d695b736b3496e6a6d63bbea,3016.93,122.46,12.108693322,55000,56000
a13e322de2e01359d695b736b3496e6a6d63bbea,2998.62,121.62,12.038962136,56000,56000
a13e322de2e01359d695b736b3496e6a6d63bbea,3035.55,122.71,12.191252443,56000,55000
a13e322de2e01359d695b736b3496e6a6d63bbea,3069.04,124.67,12.317489186,56000,55000
a13e322de2e01359d695b736b3496e6a6d63bbea,3036.95,123.06,12.192706290,55000,54000
a13e322de2e01359d695b736b3496e6a6d63bbea,3008.18,122.08,12.085062851,56000,55000
a13e322de2e01359d695b736b3496e6a6d63bbea,3058.73,124.23,12.283876739,55000,55000
a13e322de2e01359d695b736b3496e6a6d63bbea,3026.08,123.22,12.146236661,56000,56000
a13e322de2e01359d695b736b3496e6a6d63bbea,2989.37,121.77,12.000178735,55000,56000
a13e322de2e01359d695b736b3496e6a6d63bbea,2998.15,121.60,12.045671508,55000,55000
2c019ab72774bd4bd05e776bd97b339115f42676,3030.73,122.75,12.159995513,55000,55000
2c019ab72774bd4bd05e776bd97b339115f42676,3025.15,122.34,12.148710264,56000,56000
2c019ab72774bd4bd05e776bd97b339115f42676,3031.12,122.82,12.154425048,56000,55000
2c019ab72774bd4bd05e776bd97b339115f42676,2969.78,120.35,11.926095839,56000,56000
2c019ab72774bd4bd05e776bd97b339115f42676,3010.28,122.08,12.106271855,56000,56000
2c019ab72774bd4bd05e776bd97b339115f42676,3042.46,122.99,12.220107083,56000,56000
2c019ab72774bd4bd05e776bd97b339115f42676,2956.70,119.69,11.854350027,55000,56000
2c019ab72774bd4bd05e776bd97b339115f42676,3071.07,124.74,12.292918757,56000,56000
2c019ab72774bd4bd05e776bd97b339115f42676,3074.12,124.77,12.337331990,56000,56000
2c019ab72774bd4bd05e776bd97b339115f42676,3070.84,124.59,12.342500088,56000,55000
2c019ab72774bd4bd05e776bd97b339115f42676,3003.74,121.95,12.066001996,55000,54000
2c019ab72774bd4bd05e776bd97b339115f42676,3067.83,124.26,12.317854850,56000,55000
2c019ab72774bd4bd05e776bd97b339115f42676,2962.88,119.62,11.901512194,56000,54000
2c019ab72774bd4bd05e776bd97b339115f42676,2954.80,118.98,11.870336408,55000,55000
2c019ab72774bd4bd05e776bd97b339115f42676,3040.64,123.16,12.203376547,56000,56000
2c019ab72774bd4bd05e776bd97b339115f42676,2980.39,120.37,11.954725739,55000,55000
2c019ab72774bd4bd05e776bd97b339115f42676,3039.87,122.38,12.211061692,56000,56000
2c019ab72774bd4bd05e776bd97b339115f42676,3053.88,123.77,12.236633812,56000,55000
2c019ab72774bd4bd05e776bd97b339115f42676,2966.83,119.72,11.905114761,56000,56000
2c019ab72774bd4bd05e776bd97b339115f42676,3043.78,123.07,12.221277403,56000,56000
2c019ab72774bd4bd05e776bd97b339115f42676,3033.85,122.77,12.167221040,55000,56000
2c019ab72774bd4bd05e776bd97b339115f42676,2939.69,118.66,11.800406500,56000,55000
2c019ab72774bd4bd05e776bd97b339115f42676,3006.32,121.91,12.063320589,54000,55000
2c019ab72774bd4bd05e776bd97b339115f42676,3047.49,123.53,12.244555926,54000,54000
2c019ab72774bd4bd05e776bd97b339115f42676,2903.95,117.34,11.630900430,55000,56000
2c019ab72774bd4bd05e776bd97b339115f42676,3016.28,122.10,12.111241363,55000,55000
2c019ab72774bd4bd05e776bd97b339115f42676,2978.72,120.67,11.974256134,56000,56000
2c019ab72774bd4bd05e776bd97b339115f42676,3057.54,124.08,12.265990979,56000,56000
2c019ab72774bd4bd05e776bd97b339115f42676,3046.23,123.61,12.238558648,55000,56000
2c019ab72774bd4bd05e776bd97b339115f42676,2958.82,119.33,11.888162919,55000,55000
3be2f779dcd41e3da743e81226cdd0874554c401,3019.27,122.27,12.090615089,56000,56000
3be2f779dcd41e3da743e81226cdd0874554c401,3064.68,124.46,12.311705390,55000,56000
3be2f779dcd41e3da743e81226cdd0874554c401,2967.86,120.12,11.916452983,56000,56000
3be2f779dcd41e3da743e81226cdd0874554c401,2982.93,120.32,11.991236699,55000,55000
3be2f779dcd41e3da743e81226cdd0874554c401,2955.54,119.59,11.880780232,56000,56000
3be2f779dcd41e3da743e81226cdd0874554c401,3092.44,125.34,12.447156487,56000,55000
3be2f779dcd41e3da743e81226cdd0874554c401,3034.53,122.47,12.214833271,56000,55000
3be2f779dcd41e3da743e81226cdd0874554c401,2970.47,120.07,11.939885465,56000,56000
3be2f779dcd41e3da743e81226cdd0874554c401,3044.27,124.34,12.200864713,55000,56000
3be2f779dcd41e3da743e81226cdd0874554c401,3005.75,121.80,12.036809954,55000,56000
3be2f779dcd41e3da743e81226cdd0874554c401,3066.23,123.82,12.291710340,56000,56000
3be2f779dcd41e3da743e81226cdd0874554c401,2977.71,121.37,11.918547466,56000,56000
3be2f779dcd41e3da743e81226cdd0874554c401,3037.31,122.76,12.189448122,56000,56000
3be2f779dcd41e3da743e81226cdd0874554c401,3031.07,123.13,12.191175943,56000,56000
3be2f779dcd41e3da743e81226cdd0874554c401,2997.84,121.67,12.045162597,56000,56000
3be2f779dcd41e3da743e81226cdd0874554c401,3007.59,121.73,12.084516275,56000,55000
3be2f779dcd41e3da743e81226cdd0874554c401,2977.45,121.01,11.920673989,55000,56000
3be2f779dcd41e3da743e81226cdd0874554c401,3020.82,122.21,12.130174932,55000,56000
3be2f779dcd41e3da743e81226cdd0874554c401,2943.38,118.57,11.835641511,56000,56000
3be2f779dcd41e3da743e81226cdd0874554c401,3051.33,123.84,12.252332239,56000,55000
3be2f779dcd41e3da743e81226cdd0874554c401,3029.64,122.52,12.161621219,55000,56000
3be2f779dcd41e3da743e81226cdd0874554c401,2951.89,119.18,11.842343404,54000,56000
3be2f779dcd41e3da743e81226cdd0874554c401,3054.21,123.60,12.269330905,55000,56000
3be2f779dcd41e3da743e81226cdd0874554c401,2999.63,121.81,12.048965013,55000,54000
3be2f779dcd41e3da743e81226cdd0874554c401,3005.35,121.43,12.075940591,55000,55000
3be2f779dcd41e3da743e81226cdd0874554c401,3022.52,122.75,12.117379202,56000,54000
3be2f779dcd41e3da743e81226cdd0874554c401,3030.39,122.61,12.191050818,55000,54000
3be2f779dcd41e3da743e81226cdd0874554c401,3029.79,122.81,12.157115250,56000,56000
3be2f779dcd41e3da743e81226cdd0874554c401,3048.41,123.64,12.247564926,56000,56000
3be2f779dcd41e3da743e81226cdd0874554c401,3007.86,121.80,12.097688838,55000,55000
4c232b9910bd830257b33831542554f6e6d61bd0,3029.32,123.12,12.173381123,56000,55000
4c232b9910bd830257b33831542554f6e6d61bd0,3067.64,124.06,12.323830489,56000,56000
4c232b9910bd830257b33831542554f6e6d61bd0,2954.42,119.67,11.860788137,56000,55000
4c232b9910bd830257b33831542554f6e6d61bd0,3033.33,122.82,12.183133214,56000,56000
4c232b9910bd830257b33831542554f6e6d61bd0,3087.40,125.20,12.364980607,56000,56000
4c232b9910bd830257b33831542554f6e6d61bd0,3004.77,122.06,12.064324326,56000,56000
4c232b9910bd830257b33831542554f6e6d61bd0,2994.95,121.23,12.025271176,56000,56000
4c232b9910bd830257b33831542554f6e6d61bd0,3055.58,124.32,12.265889434,56000,56000
4c232b9910bd830257b33831542554f6e6d61bd0,2979.18,120.79,11.983194064,55000,56000
4c232b9910bd830257b33831542554f6e6d61bd0,2996.94,121.32,12.040752774,55000,56000
4c232b9910bd830257b33831542554f6e6d61bd0,2995.83,121.84,12.013936344,55000,56000
4c232b9910bd830257b33831542554f6e6d61bd0,3023.55,122.31,12.148454661,56000,56000
4c232b9910bd830257b33831542554f6e6d61bd0,3064.56,124.13,12.286309617,56000,55000
4c232b9910bd830257b33831542554f6e6d61bd0,3022.45,122.72,12.122378206,56000,55000
4c232b9910bd830257b33831542554f6e6d61bd0,3030.84,123.15,12.178942840,55000,56000
4c232b9910bd830257b33831542554f6e6d61bd0,3038.13,123.25,12.211870857,56000,55000
4c232b9910bd830257b33831542554f6e6d61bd0,2989.81,120.45,12.039119169,56000,55000
4c232b9910bd830257b33831542554f6e6d61bd0,2963.77,119.78,11.921488443,55000,55000
4c232b9910bd830257b33831542554f6e6d61bd0,2982.93,121.26,11.976893801,56000,55000
4c232b9910bd830257b33831542554f6e6d61bd0,2980.27,120.72,11.956404397,55000,55000
4c232b9910bd830257b33831542554f6e6d61bd0,3053.55,123.87,12.254162565,55000,55000
4c232b9910bd830257b33831542554f6e6d61bd0,3107.65,126.40,12.478005602,55000,55000
4c232b9910bd830257b33831542554f6e6d61bd0,3043.05,123.88,12.215187214,55000,55000
4c232b9910bd830257b33831542554f6e6d61bd0,3054.07,123.77,12.251439624,55000,55000
4c232b9910bd830257b33831542554f6e6d61bd0,2936.84,118.11,11.799672053,55000,55000
4c232b9910bd830257b33831542554f6e6d61bd0,3027.86,122.07,12.174353306,56000,55000
4c232b9910bd830257b33831542554f6e6d61bd0,2951.53,118.48,11.859763738,54000,55000
4c232b9910bd830257b33831542554f6e6d61bd0,2960.43,119.86,11.904598761,55000,56000
4c232b9910bd830257b33831542554f6e6d61bd0,3028.40,122.50,12.194783591,56000,55000
4c232b9910bd830257b33831542554f6e6d61bd0,3056.21,123.89,12.277078857,56000,55000
0fb082c7f9f6d1920381e21e44a2794db1a2e14c,3042.70,123.35,12.222627440,55000,56000
0fb082c7f9f6d1920381e21e44a2794db1a2e14c,3045.01,123.35,12.229332398,55000,56000
0fb082c7f9f6d1920381e21e44a2794db1a2e14c,3061.49,124.10,12.295124909,55000,56000
0fb082c7f9f6d1920381e21e44a2794db1a2e14c,2989.67,121.18,11.985626412,56000,56000
0fb082c7f9f6d1920381e21e44a2794db1a2e14c,3007.86,121.48,12.100854845,56000,56000
0fb082c7f9f6d1920381e21e44a2794db1a2e14c,3132.14,127.43,12.580646965,56000,55000
0fb082c7f9f6d1920381e21e44a2794db1a2e14c,3044.47,123.62,12.252737731,55000,55000
0fb082c7f9f6d1920381e21e44a2794db1a2e14c,3080.73,124.99,12.382245439,55000,55000
0fb082c7f9f6d1920381e21e44a2794db1a2e14c,2990.04,120.74,12.012468656,56000,55000
0fb082c7f9f6d1920381e21e44a2794db1a2e14c,2993.40,121.05,12.044142967,56000,56000
0fb082c7f9f6d1920381e21e44a2794db1a2e14c,2983.65,120.99,11.985341392,55000,55000
0fb082c7f9f6d1920381e21e44a2794db1a2e14c,3042.17,123.63,12.227591144,56000,56000
0fb082c7f9f6d1920381e21e44a2794db1a2e14c,2967.69,120.41,11.926739766,56000,56000
0fb082c7f9f6d1920381e21e44a2794db1a2e14c,3096.45,126.12,12.439671995,56000,56000
0fb082c7f9f6d1920381e21e44a2794db1a2e14c,2973.77,120.61,11.945078031,55000,56000
0fb082c7f9f6d1920381e21e44a2794db1a2e14c,2945.72,119.37,11.824601921,55000,56000
0fb082c7f9f6d1920381e21e44a2794db1a2e14c,3047.30,123.55,12.238917729,55000,55000
0fb082c7f9f6d1920381e21e44a2794db1a2e14c,3088.61,125.30,12.396716067,56000,55000
0fb082c7f9f6d1920381e21e44a2794db1a2e14c,3055.25,123.73,12.277151768,56000,56000
0fb082c7f9f6d1920381e21e44a2794db1a2e14c,3064.11,124.48,12.294140349,56000,56000
0fb082c7f9f6d1920381e21e44a2794db1a2e14c,3050.67,124.20,12.261275097,56000,56000
0fb082c7f9f6d1920381e21e44a2794db1a2e14c,3090.03,125.62,12.402183476,55000,54000
0fb082c7f9f6d1920381e21e44a2794db1a2e14c,3046.21,123.55,12.231535594,55000,55000
0fb082c7f9f6d1920381e21e44a2794db1a2e14c,2994.69,122.02,11.991930474,55000,54000
0fb082c7f9f6d1920381e21e44a2794db1a2e14c,2993.23,121.29,12.023998799,54000,54000
0fb082c7f9f6d1920381e21e44a2794db1a2e14c,3047.01,123.86,12.234091701,55000,56000
0fb082c7f9f6d1920381e21e44a2794db1a2e14c,2980.07,120.49,11.950267901,55000,55000
0fb082c7f9f6d1920381e21e44a2794db1a2e14c,3081.35,124.70,12.379434884,55000,56000
0fb082c7f9f6d1920381e21e44a2794db1a2e14c,3045.19,123.13,12.245233470,54000,55000
0fb082c7f9f6d1920381e21e44a2794db1a2e14c,3012.71,122.49,12.089053391,55000,55000
9a29c3c0b7feaee4fe1dd358b58a5b59f99cc375,3153.88,128.46,12.640116679,55000,55000
9a29c3c0b7feaee4fe1dd358b58a5b59f99cc375,2891.03,116.83,11.580555001,55000,54000
9a29c3c0b7feaee4fe1dd358b58a5b59f99cc375,3069.44,124.30,12.316848140,56000,56000
9a29c3c0b7feaee4fe1dd358b58a5b59f99cc375,3047.49,123.99,12.216138813,56000,56000
9a29c3c0b7feaee4fe1dd358b58a5b59f99cc375,3106.24,125.92,12.474265561,56000,55000
9a29c3c0b7feaee4fe1dd358b58a5b59f99cc375,3086.89,125.76,12.413429890,56000,56000
9a29c3c0b7feaee4fe1dd358b58a5b59f99cc375,2982.45,120.74,11.973092164,56000,55000
9a29c3c0b7feaee4fe1dd358b58a5b59f99cc375,2990.27,121.34,11.996436080,56000,56000
9a29c3c0b7feaee4fe1dd358b58a5b59f99cc375,3075.28,124.86,12.368647556,56000,55000
9a29c3c0b7feaee4fe1dd358b58a5b59f99cc375,2992.89,120.97,12.040429920,55000,54000
9a29c3c0b7feaee4fe1dd358b58a5b59f99cc375,2999.89,121.27,12.058439213,56000,55000
9a29c3c0b7feaee4fe1dd358b58a5b59f99cc375,3007.31,121.64,12.076462346,55000,55000
9a29c3c0b7feaee4fe1dd358b58a5b59f99cc375,3081.81,125.68,12.381763601,56000,54000
9a29c3c0b7feaee4fe1dd358b58a5b59f99cc375,3045.38,123.42,12.219503050,56000,56000
9a29c3c0b7feaee4fe1dd358b58a5b59f99cc375,3101.09,126.13,12.461803755,55000,55000
9a29c3c0b7feaee4fe1dd358b58a5b59f99cc375,2960.60,119.50,11.871606664,56000,56000
9a29c3c0b7feaee4fe1dd358b58a5b59f99cc375,3017.81,122.47,12.117980076,56000,55000
9a29c3c0b7feaee4fe1dd358b58a5b59f99cc375,2996.79,120.55,12.034585573,55000,55000
9a29c3c0b7feaee4fe1dd358b58a5b59f99cc375,2954.39,119.85,11.860099750,55000,55000
9a29c3c0b7feaee4fe1dd358b58a5b59f99cc375,2989.75,121.15,12.000585591,54000,56000
9a29c3c0b7feaee4fe1dd358b58a5b59f99cc375,3024.36,122.49,12.136645259,54000,56000
9a29c3c0b7feaee4fe1dd358b58a5b59f99cc375,3050.26,123.78,12.215022467,55000,56000
9a29c3c0b7feaee4fe1dd358b58a5b59f99cc375,3030.00,122.65,12.174171877,55000,55000
9a29c3c0b7feaee4fe1dd358b58a5b59f99cc375,3009.68,121.36,12.078811190,56000,55000
9a29c3c0b7feaee4fe1dd358b58a5b59f99cc375,3012.96,122.02,12.082367322,56000,56000
9a29c3c0b7feaee4fe1dd358b58a5b59f99cc375,2953.94,119.47,11.857403772,56000,56000
9a29c3c0b7feaee4fe1dd358b58a5b59f99cc375,3017.28,122.09,12.152761693,55000,56000
9a29c3c0b7feaee4fe1dd358b58a5b59f99cc375,2996.72,121.42,12.033383714,56000,56000
9a29c3c0b7feaee4fe1dd358b58a5b59f99cc375,3047.48,123.54,12.243170926,55000,56000
9a29c3c0b7feaee4fe1dd358b58a5b59f99cc375,2980.92,121.25,11.965337196,56000,55000
c40ec7ec897b558e31c59202ac6433512d21b793,2956.78,119.55,11.881281528,55000,56000
c40ec7ec897b558e31c59202ac6433512d21b793,2966.79,119.89,11.919799508,55000,56000
c40ec7ec897b558e31c59202ac6433512d21b793,3023.16,122.40,12.131699922,56000,56000
c40ec7ec897b558e31c59202ac6433512d21b793,3029.28,122.99,12.155383895,56000,54000
c40ec7ec897b558e31c59202ac6433512d21b793,3088.34,125.24,12.401297589,55000,56000
c40ec7ec897b558e31c59202ac6433512d21b793,2960.66,119.38,11.903565129,56000,56000
c40ec7ec897b558e31c59202ac6433512d21b793,3034.21,122.96,12.185007590,56000,56000
c40ec7ec897b558e31c59202ac6433512d21b793,3000.33,121.66,12.050102426,56000,55000
c40ec7ec897b558e31c59202ac6433512d21b793,3042.90,123.41,12.211814834,56000,56000
c40ec7ec897b558e31c59202ac6433512d21b793,3040.29,123.26,12.222293141,55000,56000
c40ec7ec897b558e31c59202ac6433512d21b793,3020.34,122.20,12.139511296,56000,56000
c40ec7ec897b558e31c59202ac6433512d21b793,3019.48,122.52,12.121050401,55000,56000
c40ec7ec897b558e31c59202ac6433512d21b793,3041.48,122.82,12.215923239,56000,56000
c40ec7ec897b558e31c59202ac6433512d21b793,3037.54,122.65,12.189586374,56000,55000
c40ec7ec897b558e31c59202ac6433512d21b793,3065.58,123.95,12.297621182,56000,56000
c40ec7ec897b558e31c59202ac6433512d21b793,3037.89,123.12,12.198756332,55000,56000
c40ec7ec897b558e31c59202ac6433512d21b793,3057.30,123.95,12.265965743,55000,56000
c40ec7ec897b558e31c59202ac6433512d21b793,3082.34,124.82,12.381799738,55000,56000
c40ec7ec897b558e31c59202ac6433512d21b793,3039.99,123.14,12.208990720,56000,56000
c40ec7ec897b558e31c59202ac6433512d21b793,2966.25,120.52,11.904067817,55000,56000
c40ec7ec897b558e31c59202ac6433512d21b793,3045.48,123.96,12.209272166,56000,55000
c40ec7ec897b558e31c59202ac6433512d21b793,3037.20,123.16,12.175087000,56000,56000
c40ec7ec897b558e31c59202ac6433512d21b793,3088.60,125.48,12.391409222,56000,55000
c40ec7ec897b558e31c59202ac6433512d21b793,3056.95,124.69,12.265903845,56000,55000
c40ec7ec897b558e31c59202ac6433512d21b793,3020.85,123.14,12.118670187,55000,56000
c40ec7ec897b558e31c59202ac6433512d21b793,3084.27,125.05,12.402762689,55000,56000
c40ec7ec897b558e31c59202ac6433512d21b793,2984.18,120.87,11.968254434,55000,55000
c40ec7ec897b558e31c59202ac6433512d21b793,3068.04,123.99,12.319080276,55000,55000
c40ec7ec897b558e31c59202ac6433512d21b793,3020.84,121.75,12.150570327,54000,55000
c40ec7ec897b558e31c59202ac6433512d21b793,2960.18,119.98,11.888909771,54000,55000
ec46faad55cd60dd576383cc42791da69cec97d0,3102.53,126.12,12.466300170,55000,56000
ec46faad55cd60dd576383cc42791da69cec97d0,2985.31,120.86,11.985645663,56000,56000
ec46faad55cd60dd576383cc42791da69cec97d0,3050.23,123.61,12.240950213,56000,56000
ec46faad55cd60dd576383cc42791da69cec97d0,3034.40,123.08,12.169852873,55000,55000
ec46faad55cd60dd576383cc42791da69cec97d0,2994.05,120.78,12.023702863,55000,55000
ec46faad55cd60dd576383cc42791da69cec97d0,3016.51,121.95,12.114613700,55000,55000
ec46faad55cd60dd576383cc42791da69cec97d0,3020.30,122.52,12.138761043,55000,56000
ec46faad55cd60dd576383cc42791da69cec97d0,3046.27,123.96,12.237219180,56000,56000
ec46faad55cd60dd576383cc42791da69cec97d0,3019.47,122.34,12.127312268,55000,56000
ec46faad55cd60dd576383cc42791da69cec97d0,3001.95,121.81,12.060072677,56000,56000
ec46faad55cd60dd576383cc42791da69cec97d0,3031.31,122.44,12.204473446,56000,55000
ec46faad55cd60dd576383cc42791da69cec97d0,3055.51,124.26,12.286313795,56000,55000
ec46faad55cd60dd576383cc42791da69cec97d0,3013.64,121.92,12.108977301,56000,56000
ec46faad55cd60dd576383cc42791da69cec97d0,3035.07,123.54,12.180974107,56000,54000
ec46faad55cd60dd576383cc42791da69cec97d0,2963.36,120.92,11.859729230,56000,55000
ec46faad55cd60dd576383cc42791da69cec97d0,2990.54,120.89,12.020855709,55000,55000
ec46faad55cd60dd576383cc42791da69cec97d0,3005.67,122.10,12.065970431,55000,55000
ec46faad55cd60dd576383cc42791da69cec97d0,3004.92,121.57,12.064784991,56000,56000
ec46faad55cd60dd576383cc42791da69cec97d0,3103.11,126.14,12.431918986,55000,55000
ec46faad55cd60dd576383cc42791da69cec97d0,3046.00,123.13,12.218796984,55000,56000
ec46faad55cd60dd576383cc42791da69cec97d0,2954.04,119.57,11.871353450,56000,56000
ec46faad55cd60dd576383cc42791da69cec97d0,3041.53,123.11,12.224633635,55000,55000
ec46faad55cd60dd576383cc42791da69cec97d0,3021.46,122.23,12.122724494,56000,56000
ec46faad55cd60dd576383cc42791da69cec97d0,3003.48,121.52,12.062653899,54000,56000
ec46faad55cd60dd576383cc42791da69cec97d0,3043.31,123.29,12.225314146,56000,55000
ec46faad55cd60dd576383cc42791da69cec97d0,2985.64,120.29,12.017735604,56000,55000
ec46faad55cd60dd576383cc42791da69cec97d0,3070.73,124.22,12.328044468,55000,56000
ec46faad55cd60dd576383cc42791da69cec97d0,3007.33,121.78,12.081331511,56000,54000
ec46faad55cd60dd576383cc42791da69cec97d0,3109.99,126.68,12.463232269,56000,56000
ec46faad55cd60dd576383cc42791da69cec97d0,3051.31,123.84,12.241746083,54000,55000
9c432ca27202ab1d3cae358868cc46d26066166a,3032.97,122.83,12.181919795,56000,55000
9c432ca27202ab1d3cae358868cc46d26066166a,3030.77,122.35,12.171909919,56000,56000
9c432ca27202ab1d3cae358868cc46d26066166a,3013.20,121.87,12.124340590,55000,55000
9c432ca27202ab1d3cae358868cc46d26066166a,2989.78,121.61,12.025380476,56000,56000
9c432ca27202ab1d3cae358868cc46d26066166a,3074.97,124.87,12.328363368,55000,55000
9c432ca27202ab1d3cae358868cc46d26066166a,3011.06,122.56,12.063442926,55000,55000
9c432ca27202ab1d3cae358868cc46d26066166a,2985.14,120.74,11.967387876,56000,55000
9c432ca27202ab1d3cae358868cc46d26066166a,2993.99,121.59,12.027087968,56000,56000
9c432ca27202ab1d3cae358868cc46d26066166a,2966.06,120.02,11.924922250,55000,56000
9c432ca27202ab1d3cae358868cc46d26066166a,3023.60,122.86,12.144516517,56000,56000
9c432ca27202ab1d3cae358868cc46d26066166a,3085.32,125.02,12.409860763,56000,56000
9c432ca27202ab1d3cae358868cc46d26066166a,3070.32,124.57,12.338686085,55000,56000
9c432ca27202ab1d3cae358868cc46d26066166a,3035.70,123.11,12.195959665,56000,56000
9c432ca27202ab1d3cae358868cc46d26066166a,3037.02,123.21,12.205196696,56000,56000
9c432ca27202ab1d3cae358868cc46d26066166a,3002.93,121.55,12.064482286,55000,55000
9c432ca27202ab1d3cae358868cc46d26066166a,3022.77,122.72,12.145034188,55000,55000
9c432ca27202ab1d3cae358868cc46d26066166a,3039.53,123.28,12.197493424,56000,56000
9c432ca27202ab1d3cae358868cc46d26066166a,3071.10,124.49,12.320861325,55000,56000
9c432ca27202ab1d3cae358868cc46d26066166a,3008.10,121.80,12.083138870,55000,55000
9c432ca27202ab1d3cae358868cc46d26066166a,3054.54,123.72,12.264399643,56000,56000
9c432ca27202ab1d3cae358868cc46d26066166a,3062.15,124.48,12.304458399,56000,54000
9c432ca27202ab1d3cae358868cc46d26066166a,3117.94,126.42,12.531340120,55000,56000
9c432ca27202ab1d3cae358868cc46d26066166a,2995.14,121.16,12.036856622,56000,56000
9c432ca27202ab1d3cae358868cc46d26066166a,3068.50,124.47,12.329314909,55000,56000
9c432ca27202ab1d3cae358868cc46d26066166a,3021.49,122.29,12.158797621,55000,56000
9c432ca27202ab1d3cae358868cc46d26066166a,2996.07,121.31,12.020532288,56000,55000
9c432ca27202ab1d3cae358868cc46d26066166a,3082.13,125.34,12.395735983,56000,55000
9c432ca27202ab1d3cae358868cc46d26066166a,3090.14,125.28,12.404986463,56000,54000
9c432ca27202ab1d3cae358868cc46d26066166a,3004.88,121.57,12.075833716,56000,56000
9c432ca27202ab1d3cae358868cc46d26066166a,3040.36,123.54,12.201946781,56000,55000
d9d536f8a0c63774e56619b51c463f2e714892c8,3041.48,123.04,12.234775998,56000,57000
d9d536f8a0c63774e56619b51c463f2e714892c8,3004.95,121.47,12.067290759,56000,56000
d9d536f8a0c63774e56619b51c463f2e714892c8,3111.92,126.62,12.458250265,55000,56000
d9d536f8a0c63774e56619b51c463f2e714892c8,2985.57,120.79,11.989396416,55000,56000
d9d536f8a0c63774e56619b51c463f2e714892c8,3044.11,123.17,12.213462108,56000,55000
d9d536f8a0c63774e56619b51c463f2e714892c8,2968.29,119.72,11.929345226,56000,56000
d9d536f8a0c63774e56619b51c463f2e714892c8,3009.87,122.69,12.089516300,56000,56000
d9d536f8a0c63774e56619b51c463f2e714892c8,3006.49,121.86,12.091749646,56000,56000
d9d536f8a0c63774e56619b51c463f2e714892c8,3053.66,123.62,12.277417843,56000,55000
d9d536f8a0c63774e56619b51c463f2e714892c8,2995.31,121.24,12.042025821,56000,56000
d9d536f8a0c63774e56619b51c463f2e714892c8,2975.62,120.97,11.936618555,56000,56000
d9d536f8a0c63774e56619b51c463f2e714892c8,2997.95,121.71,12.054571545,56000,56000
d9d536f8a0c63774e56619b51c463f2e714892c8,3029.29,123.14,12.158004016,56000,56000
d9d536f8a0c63774e56619b51c463f2e714892c8,3033.73,123.07,12.186521809,55000,56000
d9d536f8a0c63774e56619b51c463f2e714892c8,3026.82,122.62,12.132849231,56000,56000
d9d536f8a0c63774e56619b51c463f2e714892c8,3020.75,122.75,12.117189495,56000,55000
d9d536f8a0c63774e56619b51c463f2e714892c8,2990.32,121.10,12.004130011,56000,56000
d9d536f8a0c63774e56619b51c463f2e714892c8,2993.44,120.91,12.019888315,56000,56000
d9d536f8a0c63774e56619b51c463f2e714892c8,3047.77,123.44,12.234320759,56000,56000
d9d536f8a0c63774e56619b51c463f2e714892c8,3071.31,125.03,12.324787698,56000,55000
d9d536f8a0c63774e56619b51c463f2e714892c8,3016.72,122.38,12.135526295,56000,54000
d9d536f8a0c63774e56619b51c463f2e714892c8,3040.11,123.18,12.198286784,55000,56000
d9d536f8a0c63774e56619b51c463f2e714892c8,3030.88,122.77,12.186404671,55000,55000
d9d536f8a0c63774e56619b51c463f2e714892c8,3047.30,123.24,12.250308706,56000,56000
d9d536f8a0c63774e56619b51c463f2e714892c8,3058.88,124.16,12.290031460,55000,56000
d9d536f8a0c63774e56619b51c463f2e714892c8,2979.89,120.20,11.997257160,56000,55000
d9d536f8a0c63774e56619b51c463f2e714892c8,3016.16,122.26,12.111133633,56000,55000
d9d536f8a0c63774e56619b51c463f2e714892c8,3063.60,124.06,12.303215346,56000,55000
d9d536f8a0c63774e56619b51c463f2e714892c8,2955.24,119.37,11.882724590,55000,56000
d9d536f8a0c63774e56619b51c463f2e714892c8,3015.48,122.01,12.124672880,55000,55000
bddbf5d7dc2d7c06ecf1d6e54659e489c4ec6306,2990.43,121.04,12.004875845,56000,55000
bddbf5d7dc2d7c06ecf1d6e54659e489c4ec6306,2997.95,120.59,12.031922124,56000,56000
bddbf5d7dc2d7c06ecf1d6e54659e489c4ec6306,3009.46,121.78,12.076280290,56000,56000
bddbf5d7dc2d7c06ecf1d6e54659e489c4ec6306,2962.40,119.78,11.903045854,55000,56000
bddbf5d7dc2d7c06ecf1d6e54659e489c4ec6306,2982.06,120.86,11.963364246,56000,56000
bddbf5d7dc2d7c06ecf1d6e54659e489c4ec6306,2994.59,120.45,12.047533677,55000,55000
bddbf5d7dc2d7c06ecf1d6e54659e489c4ec6306,3052.20,123.30,12.259269527,55000,56000
bddbf5d7dc2d7c06ecf1d6e54659e489c4ec6306,2970.87,120.48,11.932344279,56000,56000
bddbf5d7dc2d7c06ecf1d6e54659e489c4ec6306,2995.71,121.43,12.030260448,55000,56000
bddbf5d7dc2d7c06ecf1d6e54659e489c4ec6306,3056.97,124.36,12.285656661,56000,55000
bddbf5d7dc2d7c06ecf1d6e54659e489c4ec6306,3007.95,121.92,12.068156454,55000,55000
bddbf5d7dc2d7c06ecf1d6e54659e489c4ec6306,3029.16,123.41,12.154131878,56000,55000
bddbf5d7dc2d7c06ecf1d6e54659e489c4ec6306,3093.94,125.27,12.432802299,55000,55000
bddbf5d7dc2d7c06ecf1d6e54659e489c4ec6306,2989.87,121.45,12.020270667,56000,56000
bddbf5d7dc2d7c06ecf1d6e54659e489c4ec6306,3037.20,123.35,12.176309398,56000,56000
bddbf5d7dc2d7c06ecf1d6e54659e489c4ec6306,3096.59,125.70,12.417008156,56000,56000
bddbf5d7dc2d7c06ecf1d6e54659e489c4ec6306,3027.22,122.43,12.172534250,55000,56000
bddbf5d7dc2d7c06ecf1d6e54659e489c4ec6306,3032.97,122.73,12.166672595,56000,55000
bddbf5d7dc2d7c06ecf1d6e54659e489c4ec6306,3034.67,123.57,12.180638485,56000,55000
bddbf5d7dc2d7c06ecf1d6e54659e489c4ec6306,3000.00,121.40,12.056694015,55000,55000
bddbf5d7dc2d7c06ecf1d6e54659e489c4ec6306,2951.70,119.39,11.861435207,55000,56000
bddbf5d7dc2d7c06ecf1d6e54659e489c4ec6306,3004.23,121.99,12.053715372,56000,55000
bddbf5d7dc2d7c06ecf1d6e54659e489c4ec6306,3036.26,123.32,12.184517902,55000,56000
bddbf5d7dc2d7c06ecf1d6e54659e489c4ec6306,3061.10,124.17,12.287197663,55000,54000
bddbf5d7dc2d7c06ecf1d6e54659e489c4ec6306,3030.75,122.62,12.190208085,56000,55000
bddbf5d7dc2d7c06ecf1d6e54659e489c4ec6306,2987.58,121.18,11.992072445,56000,56000
bddbf5d7dc2d7c06ecf1d6e54659e489c4ec6306,3036.24,123.17,12.189147629,54000,56000
bddbf5d7dc2d7c06ecf1d6e54659e489c4ec6306,3004.73,121.79,12.054990078,55000,54000
bddbf5d7dc2d7c06ecf1d6e54659e489c4ec6306,2991.47,120.70,12.030244811,55000,56000
bddbf5d7dc2d7c06ecf1d6e54659e489c4ec6306,3073.98,124.88,12.334805772,56000,55000
803a10295b3d3e80894d822cce5d5fd3a8296372,2983.73,121.03,11.969418718,55000,55000
803a10295b3d3e80894d822cce5d5fd3a8296372,2938.64,118.82,11.808250467,55000,56000
803a10295b3d3e80894d822cce5d5fd3a8296372,2995.43,121.09,12.039302523,55000,56000
803a10295b3d3e80894d822cce5d5fd3a8296372,3004.29,121.75,12.071643886,55000,56000
803a10295b3d3e80894d822cce5d5fd3a8296372,3004.93,121.34,12.079165292,56000,56000
803a10295b3d3e80894d822cce5d5fd3a8296372,3046.78,123.72,12.229232429,55000,56000
803a10295b3d3e80894d822cce5d5fd3a8296372,2979.18,120.30,11.978105114,56000,55000
803a10295b3d3e80894d822cce5d5fd3a8296372,2992.54,120.94,12.038655484,55000,55000
803a10295b3d3e80894d822cce5d5fd3a8296372,3073.34,125.19,12.337603480,56000,55000
803a10295b3d3e80894d822cce5d5fd3a8296372,3040.18,123.05,12.208143818,56000,55000
803a10295b3d3e80894d822cce5d5fd3a8296372,3028.94,122.76,12.148940102,56000,56000
803a10295b3d3e80894d822cce5d5fd3a8296372,3025.52,123.03,12.132750583,56000,56000
803a10295b3d3e80894d822cce5d5fd3a8296372,3011.60,122.37,12.096185224,56000,56000
803a10295b3d3e80894d822cce5d5fd3a8296372,2988.65,119.93,12.026117921,55000,56000
803a10295b3d3e80894d822cce5d5fd3a8296372,3036.62,123.41,12.210064356,55000,56000
803a10295b3d3e80894d822cce5d5fd3a8296372,3058.83,124.07,12.305850941,55000,55000
803a10295b3d3e80894d822cce5d5fd3a8296372,3010.12,121.76,12.094382530,55000,55000
803a10295b3d3e80894d822cce5d5fd3a8296372,3032.40,122.87,12.194937839,55000,55000
803a10295b3d3e80894d822cce5d5fd3a8296372,3059.44,124.51,12.265937397,54000,55000
803a10295b3d3e80894d822cce5d5fd3a8296372,2990.29,121.14,12.001981113,54000,55000
803a10295b3d3e80894d822cce5d5fd3a8296372,3024.25,122.43,12.159480961,55000,56000
803a10295b3d3e80894d822cce5d5fd3a8296372,3025.90,122.59,12.149135282,56000,56000
803a10295b3d3e80894d822cce5d5fd3a8296372,2993.97,120.93,12.013748774,56000,56000
803a10295b3d3e80894d822cce5d5fd3a8296372,2983.16,120.15,11.984369908,55000,56000
803a10295b3d3e80894d822cce5d5fd3a8296372,3011.00,121.81,12.099222252,55000,55000
803a10295b3d3e80894d822cce5d5fd3a8296372,2999.14,121.41,12.040394857,56000,54000
803a10295b3d3e80894d822cce5d5fd3a8296372,3036.80,123.40,12.205410494,55000,56000
803a10295b3d3e80894d822cce5d5fd3a8296372,3040.85,123.50,12.230306218,56000,56000
803a10295b3d3e80894d822cce5d5fd3a8296372,3022.25,122.40,12.149748518,55000,55000
803a10295b3d3e80894d822cce5d5fd3a8296372,2996.15,120.90,12.037890048,55000,55000
5a79eb7f4fa92aa42bc9e66df588d5f1d8d7d9ff,2993.70,121.30,11.994204594,55000,56000
5a79eb7f4fa92aa42bc9e66df588d5f1d8d7d9ff,2982.11,121.21,11.944507208,56000,56000
5a79eb7f4fa92aa42bc9e66df588d5f1d8d7d9ff,3021.21,122.44,12.109688052,55000,55000
5a79eb7f4fa92aa42bc9e66df588d5f1d8d7d9ff,3021.78,122.35,12.114443972,56000,56000
5a79eb7f4fa92aa42bc9e66df588d5f1d8d7d9ff,2992.12,120.88,12.014353616,56000,55000
5a79eb7f4fa92aa42bc9e66df588d5f1d8d7d9ff,3022.60,122.67,12.126716074,55000,56000
5a79eb7f4fa92aa42bc9e66df588d5f1d8d7d9ff,3037.36,122.96,12.204185953,56000,55000
5a79eb7f4fa92aa42bc9e66df588d5f1d8d7d9ff,2997.35,121.37,12.048678735,55000,55000
5a79eb7f4fa92aa42bc9e66df588d5f1d8d7d9ff,3009.81,121.91,12.093788531,56000,55000
5a79eb7f4fa92aa42bc9e66df588d5f1d8d7d9ff,3049.79,123.46,12.229696325,56000,56000
5a79eb7f4fa92aa42bc9e66df588d5f1d8d7d9ff,3062.04,124.47,12.282979962,55000,56000
5a79eb7f4fa92aa42bc9e66df588d5f1d8d7d9ff,3094.36,125.91,12.425886401,55000,55000
5a79eb7f4fa92aa42bc9e66df588d5f1d8d7d9ff,3031.51,122.87,12.178915950,56000,56000
5a79eb7f4fa92aa42bc9e66df588d5f1d8d7d9ff,2963.83,120.16,11.889049341,56000,55000
5a79eb7f4fa92aa42bc9e66df588d5f1d8d7d9ff,2978.72,121.12,11.953085077,55000,56000
5a79eb7f4fa92aa42bc9e66df588d5f1d8d7d9ff,3028.92,122.93,12.149644400,55000,56000
5a79eb7f4fa92aa42bc9e66df588d5f1d8d7d9ff,3009.81,122.06,12.075657175,55000,56000
5a79eb7f4fa92aa42bc9e66df588d5f1d8d7d9ff,3020.64,122.43,12.120650602,55000,56000
5a79eb7f4fa92aa42bc9e66df588d5f1d8d7d9ff,2999.75,120.87,12.074008121,56000,56000
5a79eb7f4fa92aa42bc9e66df588d5f1d8d7d9ff,3093.37,125.71,12.408250352,56000,56000
5a79eb7f4fa92aa42bc9e66df588d5f1d8d7d9ff,2982.01,120.23,11.978114864,56000,56000
5a79eb7f4fa92aa42bc9e66df588d5f1d8d7d9ff,3042.62,123.51,12.218100083,55000,55000
5a79eb7f4fa92aa42bc9e66df588d5f1d8d7d9ff,3068.86,124.21,12.311994490,55000,56000
5a79eb7f4fa92aa42bc9e66df588d5f1d8d7d9ff,3039.99,123.07,12.197427199,56000,56000
5a79eb7f4fa92aa42bc9e66df588d5f1d8d7d9ff,3095.92,125.51,12.420114935,54000,55000
5a79eb7f4fa92aa42bc9e66df588d5f1d8d7d9ff,2999.45,121.16,12.053184336,55000,55000
5a79eb7f4fa92aa42bc9e66df588d5f1d8d7d9ff,3038.99,123.65,12.178202149,56000,56000
5a79eb7f4fa92aa42bc9e66df588d5f1d8d7d9ff,3072.10,125.00,12.317476174,56000,55000
5a79eb7f4fa92aa42bc9e66df588d5f1d8d7d9ff,3004.63,121.42,12.078373468,54000,56000
5a79eb7f4fa92aa42bc9e66df588d5f1d8d7d9ff,3018.48,122.48,12.140177974,55000,56000
6fb124d5744d4b93d645bdb2de1ed9278efde033,2971.85,119.77,11.947935798,55000,55000
6fb124d5744d4b93d645bdb2de1ed9278efde033,3022.21,122.57,12.128679144,56000,56000
6fb124d5744d4b93d645bdb2de1ed9278efde033,3007.62,121.22,12.068920125,56000,55000
6fb124d5744d4b93d645bdb2de1ed9278efde033,3061.22,123.51,12.269470191,56000,55000
6fb124d5744d4b93d645bdb2de1ed9278efde033,2996.78,121.37,12.020785211,55000,56000
6fb124d5744d4b93d645bdb2de1ed9278efde033,3007.57,122.17,12.040106208,56000,56000
6fb124d5744d4b93d645bdb2de1ed9278efde033,3027.40,122.45,12.150388753,55000,55000
6fb124d5744d4b93d645bdb2de1ed9278efde033,3041.93,123.09,12.228416067,56000,56000
6fb124d5744d4b93d645bdb2de1ed9278efde033,3046.77,124.12,12.224874911,56000,56000
6fb124d5744d4b93d645bdb2de1ed9278efde033,2959.37,118.57,11.901506896,56000,55000
6fb124d5744d4b93d645bdb2de1ed9278efde033,3055.71,124.34,12.245748035,56000,55000
6fb124d5744d4b93d645bdb2de1ed9278efde033,3042.70,123.05,12.222243849,55000,55000
6fb124d5744d4b93d645bdb2de1ed9278efde033,3070.24,124.86,12.310565508,55000,55000
6fb124d5744d4b93d645bdb2de1ed9278efde033,3034.09,123.20,12.161503676,55000,56000
6fb124d5744d4b93d645bdb2de1ed9278efde033,3046.51,123.83,12.210504709,56000,55000
6fb124d5744d4b93d645bdb2de1ed9278efde033,3131.15,127.49,12.519236234,56000,56000
6fb124d5744d4b93d645bdb2de1ed9278efde033,3019.23,121.96,12.089959831,55000,55000
6fb124d5744d4b93d645bdb2de1ed9278efde033,3002.47,121.29,12.034572932,56000,56000
6fb124d5744d4b93d645bdb2de1ed9278efde033,3083.70,125.23,12.378957759,56000,56000
6fb124d5744d4b93d645bdb2de1ed9278efde033,2995.91,121.79,12.028500322,56000,56000
6fb124d5744d4b93d645bdb2de1ed9278efde033,2994.25,121.61,12.039301969,55000,58000
6fb124d5744d4b93d645bdb2de1ed9278efde033,2976.64,120.94,11.945987019,55000,55000
6fb124d5744d4b93d645bdb2de1ed9278efde033,2982.72,120.48,11.954260614,55000,55000
6fb124d5744d4b93d645bdb2de1ed9278efde033,2999.07,121.59,12.015618886,55000,56000
6fb124d5744d4b93d645bdb2de1ed9278efde033,2936.25,118.20,11.790189205,56000,55000
6fb124d5744d4b93d645bdb2de1ed9278efde033,3012.51,122.17,12.096926106,54000,55000
6fb124d5744d4b93d645bdb2de1ed9278efde033,2976.46,120.63,11.949727281,55000,56000
6fb124d5744d4b93d645bdb2de1ed9278efde033,3016.87,122.18,12.114785087,56000,55000
6fb124d5744d4b93d645bdb2de1ed9278efde033,3014.90,122.73,12.097794637,56000,56000
6fb124d5744d4b93d645bdb2de1ed9278efde033,2998.60,121.91,12.022823059,56000,55000
dac132162d9dece539f86380f24bbd4f945f7d94,3026.59,122.51,12.162616782,56000,56000
dac132162d9dece539f86380f24bbd4f945f7d94,3027.87,122.86,12.140692871,56000,56000
dac132162d9dece539f86380f24bbd4f945f7d94,3006.76,121.93,12.088409084,56000,55000
dac132162d9dece539f86380f24bbd4f945f7d94,2975.78,120.02,11.971562319,56000,56000
dac132162d9dece539f86380f24bbd4f945f7d94,3017.69,122.18,12.089645820,56000,55000
dac132162d9dece539f86380f24bbd4f945f7d94,3075.77,124.50,12.353785186,55000,56000
dac132162d9dece539f86380f24bbd4f945f7d94,3073.04,124.26,12.333881706,56000,56000
dac132162d9dece539f86380f24bbd4f945f7d94,2879.81,115.81,11.552528276,55000,55000
dac132162d9dece539f86380f24bbd4f945f7d94,3018.60,122.35,12.120965838,56000,56000
dac132162d9dece539f86380f24bbd4f945f7d94,2976.46,120.47,11.956083671,56000,56000
dac132162d9dece539f86380f24bbd4f945f7d94,3071.04,124.59,12.346415330,56000,55000
dac132162d9dece539f86380f24bbd4f945f7d94,3027.37,121.97,12.148412586,55000,55000
dac132162d9dece539f86380f24bbd4f945f7d94,2994.35,121.15,12.049986975,55000,56000
dac132162d9dece539f86380f24bbd4f945f7d94,2984.94,121.36,11.989085533,56000,55000
dac132162d9dece539f86380f24bbd4f945f7d94,3093.29,125.18,12.433908035,55000,56000
dac132162d9dece539f86380f24bbd4f945f7d94,3051.08,124.11,12.245167173,55000,56000
dac132162d9dece539f86380f24bbd4f945f7d94,2967.09,119.92,11.924473670,56000,55000
dac132162d9dece539f86380f24bbd4f945f7d94,3030.19,123.45,12.140501162,56000,56000
dac132162d9dece539f86380f24bbd4f945f7d94,2996.73,121.70,12.025363460,56000,56000
dac132162d9dece539f86380f24bbd4f945f7d94,3088.10,125.90,12.376890551,56000,56000
dac132162d9dece539f86380f24bbd4f945f7d94,3008.24,122.04,12.065997003,56000,55000
dac132162d9dece539f86380f24bbd4f945f7d94,3022.87,122.69,12.138395050,56000,55000
dac132162d9dece539f86380f24bbd4f945f7d94,2986.00,121.06,11.989340244,55000,55000
dac132162d9dece539f86380f24bbd4f945f7d94,3063.33,124.37,12.309877905,55000,55000
dac132162d9dece539f86380f24bbd4f945f7d94,2993.45,121.18,12.013598051,55000,55000
dac132162d9dece539f86380f24bbd4f945f7d94,2927.70,118.04,11.762033779,54000,55000
dac132162d9dece539f86380f24bbd4f945f7d94,3054.08,123.81,12.265172421,56000,56000
dac132162d9dece539f86380f24bbd4f945f7d94,3063.06,124.11,12.297524965,55000,55000
dac132162d9dece539f86380f24bbd4f945f7d94,3025.09,122.89,12.141160317,56000,54000
dac132162d9dece539f86380f24bbd4f945f7d94,3004.26,121.55,12.069362738,56000,56000
b92a251f1f2b91bfb1fe81417776eb68ab5efcf9,2980.16,120.81,11.972682511,57000,56000
b92a251f1f2b91bfb1fe81417776eb68ab5efcf9,3067.41,124.52,12.290548764,56000,56000
b92a251f1f2b91bfb1fe81417776eb68ab5efcf9,3015.45,121.65,12.099576168,56000,56000
b92a251f1f2b91bfb1fe81417776eb68ab5efcf9,3009.69,121.48,12.079621795,56000,56000
b92a251f1f2b91bfb1fe81417776eb68ab5efcf9,2984.07,120.70,11.990845088,56000,56000
b92a251f1f2b91bfb1fe81417776eb68ab5efcf9,2979.59,120.02,11.970462365,56000,56000
b92a251f1f2b91bfb1fe81417776eb68ab5efcf9,3005.88,121.99,12.065577435,55000,56000
b92a251f1f2b91bfb1fe81417776eb68ab5efcf9,2955.03,119.83,11.839870502,56000,55000
b92a251f1f2b91bfb1fe81417776eb68ab5efcf9,3041.68,122.60,12.240332441,56000,56000
b92a251f1f2b91bfb1fe81417776eb68ab5efcf9,2979.23,120.63,11.978529382,55000,56000
b92a251f1f2b91bfb1fe81417776eb68ab5efcf9,3076.13,124.32,12.371081555,56000,56000
b92a251f1f2b91bfb1fe81417776eb68ab5efcf9,3076.91,125.02,12.338661251,54000,56000
b92a251f1f2b91bfb1fe81417776eb68ab5efcf9,2979.77,120.61,11.967496095,56000,56000
b92a251f1f2b91bfb1fe81417776eb68ab5efcf9,2959.81,119.73,11.892087416,55000,56000
b92a251f1f2b91bfb1fe81417776eb68ab5efcf9,3015.21,122.32,12.102139036,55000,56000
b92a251f1f2b91bfb1fe81417776eb68ab5efcf9,3076.62,124.56,12.335957324,55000,55000
b92a251f1f2b91bfb1fe81417776eb68ab5efcf9,3009.91,122.29,12.089271088,56000,55000
b92a251f1f2b91bfb1fe81417776eb68ab5efcf9,3096.16,125.90,12.418138895,55000,56000
b92a251f1f2b91bfb1fe81417776eb68ab5efcf9,3026.51,122.81,12.140583394,55000,55000
b92a251f1f2b91bfb1fe81417776eb68ab5efcf9,3054.98,123.48,12.273122099,56000,56000
b92a251f1f2b91bfb1fe81417776eb68ab5efcf9,3054.70,123.99,12.270626184,55000,56000
b92a251f1f2b91bfb1fe81417776eb68ab5efcf9,3031.97,123.03,12.166818118,54000,56000
b92a251f1f2b91bfb1fe81417776eb68ab5efcf9,3013.51,121.81,12.107941757,56000,56000
b92a251f1f2b91bfb1fe81417776eb68ab5efcf9,3053.51,123.96,12.268146895,55000,56000
b92a251f1f2b91bfb1fe81417776eb68ab5efcf9,2976.99,119.92,11.950234430,56000,56000
b92a251f1f2b91bfb1fe81417776eb68ab5efcf9,3044.16,122.71,12.237079750,56000,55000
b92a251f1f2b91bfb1fe81417776eb68ab5efcf9,3016.54,122.48,12.122656160,56000,56000
b92a251f1f2b91bfb1fe81417776eb68ab5efcf9,3045.01,123.18,12.236972408,56000,56000
b92a251f1f2b91bfb1fe81417776eb68ab5efcf9,2962.76,119.41,11.907041988,56000,56000
b92a251f1f2b91bfb1fe81417776eb68ab5efcf9,3043.72,123.16,12.251528322,54000,55000
c8ab262150b57d83c522541f51a726443e8e4368,3016.48,121.66,12.111507626,55000,55000
c8ab262150b57d83c522541f51a726443e8e4368,3102.51,126.42,12.442874994,56000,55000
c8ab262150b57d83c522541f51a726443e8e4368,2981.41,120.07,11.963622424,56000,55000
c8ab262150b57d83c522541f51a726443e8e4368,3035.37,122.89,12.160909498,56000,56000
c8ab262150b57d83c522541f51a726443e8e4368,3003.54,121.71,12.074275584,55000,56000
c8ab262150b57d83c522541f51a726443e8e4368,3126.20,126.86,12.544342938,56000,55000
c8ab262150b57d83c522541f51a726443e8e4368,3005.90,122.11,12.067843620,55000,55000
c8ab262150b57d83c522541f51a726443e8e4368,3022.21,122.71,12.154560817,55000,56000
c8ab262150b57d83c522541f51a726443e8e4368,2964.72,119.35,11.902985361,55000,56000
c8ab262150b57d83c522541f51a726443e8e4368,3062.43,123.74,12.303139869,56000,56000
c8ab262150b57d83c522541f51a726443e8e4368,2998.97,121.63,12.016141043,56000,56000
c8ab262150b57d83c522541f51a726443e8e4368,2983.11,121.18,11.982188799,56000,55000
c8ab262150b57d83c522541f51a726443e8e4368,3036.79,123.55,12.199797925,55000,55000
c8ab262150b57d83c522541f51a726443e8e4368,2997.98,121.75,12.035753854,55000,56000
c8ab262150b57d83c522541f51a726443e8e4368,3119.87,126.51,12.549678797,56000,55000
c8ab262150b57d83c522541f51a726443e8e4368,3050.59,123.81,12.243985171,56000,56000
c8ab262150b57d83c522541f51a726443e8e4368,3026.25,122.67,12.156698240,56000,55000
c8ab262150b57d83c522541f51a726443e8e4368,2931.34,118.24,11.753980855,56000,56000
c8ab262150b57d83c522541f51a726443e8e4368,3006.96,121.96,12.068197855,55000,56000
c8ab262150b57d83c522541f51a726443e8e4368,3054.24,124.01,12.247310857,54000,55000
c8ab262150b57d83c522541f51a726443e8e4368,3016.97,122.55,12.107490914,55000,56000
c8ab262150b57d83c522541f51a726443e8e4368,3030.98,122.88,12.172999938,56000,54000
c8ab262150b57d83c522541f51a726443e8e4368,3004.31,121.43,12.088983643,54000,56000
c8ab262150b57d83c522541f51a726443e8e4368,3031.65,122.87,12.162362573,56000,55000
c8ab262150b57d83c522541f51a726443e8e4368,3046.14,123.57,12.224542539,55000,54000
c8ab262150b57d83c522541f51a726443e8e4368,3027.26,122.47,12.170946293,56000,56000
c8ab262150b57d83c522541f51a726443e8e4368,3007.91,121.98,12.066824500,55000,55000
c8ab262150b57d83c522541f51a726443e8e4368,3050.85,123.76,12.263040635,56000,56000
c8ab262150b57d83c522541f51a726443e8e4368,3015.12,122.06,12.124741702,55000,55000
c8ab262150b57d83c522541f51a726443e8e4368,3028.00,122.81,12.146645362,54000,55000
228bd8868e27558fe7feaeba53a7b07ed87cbe75,3020.43,122.65,12.121681845,55000,56000
228bd8868e27558fe7feaeba53a7b07ed87cbe75,2943.24,119.18,11.808157525,55000,56000
228bd8868e27558fe7feaeba53a7b07ed87cbe75,2950.75,118.77,11.838069951,55000,56000
228bd8868e27558fe7feaeba53a7b07ed87cbe75,3021.37,121.98,12.149317083,56000,56000
228bd8868e27558fe7feaeba53a7b07ed87cbe75,2968.54,119.87,11.901066370,56000,56000
228bd8868e27558fe7feaeba53a7b07ed87cbe75,2973.35,120.15,11.912885888,56000,56000
228bd8868e27558fe7feaeba53a7b07ed87cbe75,3062.38,124.01,12.306418149,55000,55000
228bd8868e27558fe7feaeba53a7b07ed87cbe75,2982.26,120.82,11.963023469,55000,55000
228bd8868e27558fe7feaeba53a7b07ed87cbe75,3016.08,122.26,12.106463275,55000,54000
228bd8868e27558fe7feaeba53a7b07ed87cbe75,2952.81,119.61,11.846074723,56000,56000
228bd8868e27558fe7feaeba53a7b07ed87cbe75,3070.09,124.61,12.339788351,55000,56000
228bd8868e27558fe7feaeba53a7b07ed87cbe75,3035.22,123.30,12.184766979,56000,55000
228bd8868e27558fe7feaeba53a7b07ed87cbe75,3033.43,123.19,12.161676523,56000,56000
228bd8868e27558fe7feaeba53a7b07ed87cbe75,3036.60,123.14,12.213536519,55000,55000
228bd8868e27558fe7feaeba53a7b07ed87cbe75,2944.20,118.53,11.824290022,55000,55000
228bd8868e27558fe7feaeba53a7b07ed87cbe75,3034.94,123.13,12.180807293,56000,55000
228bd8868e27558fe7feaeba53a7b07ed87cbe75,3051.80,123.88,12.243980508,56000,55000
228bd8868e27558fe7feaeba53a7b07ed87cbe75,3016.38,122.35,12.111494900,56000,56000
228bd8868e27558fe7feaeba53a7b07ed87cbe75,2975.99,120.29,11.950593495,56000,56000
228bd8868e27558fe7feaeba53a7b07ed87cbe75,2962.94,120.07,11.902040190,55000,56000
228bd8868e27558fe7feaeba53a7b07ed87cbe75,3017.69,121.92,12.130277906,55000,55000
228bd8868e27558fe7feaeba53a7b07ed87cbe75,2995.85,121.74,12.026017945,55000,55000
228bd8868e27558fe7feaeba53a7b07ed87cbe75,3019.47,121.77,12.140870025,56000,55000
228bd8868e27558fe7feaeba53a7b07ed87cbe75,2968.45,119.97,11.931002197,55000,55000
228bd8868e27558fe7feaeba53a7b07ed87cbe75,3059.52,124.39,12.282018347,55000,55000
228bd8868e27558fe7feaeba53a7b07ed87cbe75,3016.85,121.81,12.119314567,56000,56000
228bd8868e27558fe7feaeba53a7b07ed87cbe75,3028.74,122.82,12.160530736,54000,56000
228bd8868e27558fe7feaeba53a7b07ed87cbe75,3010.82,122.58,12.074275956,55000,55000
228bd8868e27558fe7feaeba53a7b07ed87cbe75,2977.46,120.81,11.957062493,55000,55000
228bd8868e27558fe7feaeba53a7b07ed87cbe75,3040.29,123.53,12.174414091,55000,56000
2b200a8de97b0caa296ad36978c3ba329858301e,3056.05,124.27,12.260181476,56000,56000
2b200a8de97b0caa296ad36978c3ba329858301e,3006.62,121.76,12.062861862,55000,56000
2b200a8de97b0caa296ad36978c3ba329858301e,2977.21,120.15,11.966629937,55000,56000
2b200a8de97b0caa296ad36978c3ba329858301e,3040.46,122.85,12.191816136,55000,56000
2b200a8de97b0caa296ad36978c3ba329858301e,3015.16,122.19,12.110601382,56000,55000
2b200a8de97b0caa296ad36978c3ba329858301e,3025.13,122.44,12.135312896,56000,56000
2b200a8de97b0caa296ad36978c3ba329858301e,3036.22,123.19,12.187055363,55000,55000
2b200a8de97b0caa296ad36978c3ba329858301e,2985.17,120.74,11.985418231,55000,55000
2b200a8de97b0caa296ad36978c3ba329858301e,2992.06,121.16,12.000160191,56000,56000
2b200a8de97b0caa296ad36978c3ba329858301e,3024.20,122.71,12.118721505,55000,56000
2b200a8de97b0caa296ad36978c3ba329858301e,3009.50,122.31,12.071137571,56000,55000
2b200a8de97b0caa296ad36978c3ba329858301e,2986.44,121.17,11.999250777,55000,56000
2b200a8de97b0caa296ad36978c3ba329858301e,2990.98,121.68,11.979560814,56000,55000
2b200a8de97b0caa296ad36978c3ba329858301e,3060.41,124.20,12.261375020,55000,55000
2b200a8de97b0caa296ad36978c3ba329858301e,3035.03,123.64,12.173042848,55000,56000
2b200a8de97b0caa296ad36978c3ba329858301e,2996.40,121.80,12.008188798,55000,55000
2b200a8de97b0caa296ad36978c3ba329858301e,2939.82,118.74,11.826211356,56000,56000
2b200a8de97b0caa296ad36978c3ba329858301e,3028.55,122.39,12.166017986,55000,55000
2b200a8de97b0caa296ad36978c3ba329858301e,3029.18,122.82,12.158952104,56000,56000
2b200a8de97b0caa296ad36978c3ba329858301e,3004.47,121.81,12.073882169,56000,56000
2b200a8de97b0caa296ad36978c3ba329858301e,3020.60,122.57,12.140722804,54000,55000
2b200a8de97b0caa296ad36978c3ba329858301e,3038.37,122.87,12.206874857,55000,55000
2b200a8de97b0caa296ad36978c3ba329858301e,3025.42,122.70,12.129837527,55000,55000
2b200a8de97b0caa296ad36978c3ba329858301e,3023.62,122.55,12.129606703,56000,56000
2b200a8de97b0caa296ad36978c3ba329858301e,3008.27,121.36,12.097832980,55000,54000
2b200a8de97b0caa296ad36978c3ba329858301e,3058.43,124.28,12.286237025,56000,56000
2b200a8de97b0caa296ad36978c3ba329858301e,3056.80,124.09,12.255947011,56000,56000
2b200a8de97b0caa296ad36978c3ba329858301e,3052.78,123.93,12.262917335,56000,56000
2b200a8de97b0caa296ad36978c3ba329858301e,3026.94,122.34,12.161455364,55000,56000
2b200a8de97b0caa296ad36978c3ba329858301e,3066.25,124.42,12.297541658,56000,56000
270331d7d31599dc20148eab212bef8f63af8303,2997.25,121.43,12.034418120,55000,55000
270331d7d31599dc20148eab212bef8f63af8303,3081.08,125.01,12.349896354,56000,56000
270331d7d31599dc20148eab212bef8f63af8303,3003.68,121.55,12.049868605,56000,56000
270331d7d31599dc20148eab212bef8f63af8303,3009.73,121.74,12.107201872,56000,55000
270331d7d31599dc20148eab212bef8f63af8303,3066.62,124.23,12.303671060,56000,56000
270331d7d31599dc20148eab212bef8f63af8303,3039.37,123.17,12.191194384,56000,56000
270331d7d31599dc20148eab212bef8f63af8303,3036.14,123.36,12.181717632,56000,56000
270331d7d31599dc20148eab212bef8f63af8303,3055.09,124.23,12.258360832,55000,56000
270331d7d31599dc20148eab212bef8f63af8303,2978.80,120.08,11.946406432,55000,56000
270331d7d31599dc20148eab212bef8f63af8303,2972.58,120.36,11.922622187,56000,56000
270331d7d31599dc20148eab212bef8f63af8303,3035.40,122.53,12.189485378,55000,56000
270331d7d31599dc20148eab212bef8f63af8303,3008.72,121.38,12.113372129,54000,56000
270331d7d31599dc20148eab212bef8f63af8303,2989.06,121.12,12.001720549,56000,56000
270331d7d31599dc20148eab212bef8f63af8303,3081.77,125.50,12.366225220,55000,56000
270331d7d31599dc20148eab212bef8f63af8303,3019.03,122.43,12.113833496,56000,55000
270331d7d31599dc20148eab212bef8f63af8303,3041.66,123.47,12.205521954,56000,56000
270331d7d31599dc20148eab212bef8f63af8303,3031.27,122.88,12.160066330,56000,56000
270331d7d31599dc20148eab212bef8f63af8303,2984.74,120.77,11.951517019,55000,56000
270331d7d31599dc20148eab212bef8f63af8303,2980.63,120.82,11.973996001,55000,56000
270331d7d31599dc20148eab212bef8f63af8303,3018.79,122.51,12.128764039,56000,55000
270331d7d31599dc20148eab212bef8f63af8303,3014.67,121.41,12.096410478,55000,56000
270331d7d31599dc20148eab212bef8f63af8303,2964.58,119.64,11.905183120,55000,56000
270331d7d31599dc20148eab212bef8f63af8303,2994.84,121.25,12.037483535,56000,55000
270331d7d31599dc20148eab212bef8f63af8303,3019.86,122.10,12.139683556,56000,55000
270331d7d31599dc20148eab212bef8f63af8303,3042.91,123.43,12.196222321,55000,55000
270331d7d31599dc20148eab212bef8f63af8303,2979.32,120.49,11.969631360,56000,56000
270331d7d31599dc20148eab212bef8f63af8303,2965.36,120.55,11.894235109,55000,56000
270331d7d31599dc20148eab212bef8f63af8303,3140.69,127.32,12.624924460,55000,56000
270331d7d31599dc20148eab212bef8f63af8303,2949.42,119.13,11.837007038,55000,56000
270331d7d31599dc20148eab212bef8f63af8303,3012.99,122.33,12.103496697,55000,55000
a81b80e6d889e083c71ccdecfa1e19d7037d2750,3049.09,123.96,12.245246531,55000,56000
a81b80e6d889e083c71ccdecfa1e19d7037d2750,3047.86,123.57,12.234681434,56000,56000
a81b80e6d889e083c71ccdecfa1e19d7037d2750,2981.18,120.42,11.968243287,56000,56000
a81b80e6d889e083c71ccdecfa1e19d7037d2750,2953.36,119.37,11.865621820,55000,55000
a81b80e6d889e083c71ccdecfa1e19d7037d2750,3063.49,124.15,12.284071462,54000,55000
a81b80e6d889e083c71ccdecfa1e19d7037d2750,3005.39,121.02,12.084853617,55000,55000
a81b80e6d889e083c71ccdecfa1e19d7037d2750,3046.98,123.42,12.225885811,56000,55000
a81b80e6d889e083c71ccdecfa1e19d7037d2750,3087.13,125.46,12.400245897,56000,56000
a81b80e6d889e083c71ccdecfa1e19d7037d2750,3035.25,122.98,12.163122712,55000,56000
a81b80e6d889e083c71ccdecfa1e19d7037d2750,2995.98,121.28,12.020972851,54000,56000
a81b80e6d889e083c71ccdecfa1e19d7037d2750,3036.11,123.17,12.212246842,55000,56000
a81b80e6d889e083c71ccdecfa1e19d7037d2750,3081.83,125.42,12.379291979,56000,55000
a81b80e6d889e083c71ccdecfa1e19d7037d2750,3041.80,123.16,12.203697420,56000,56000
a81b80e6d889e083c71ccdecfa1e19d7037d2750,3051.07,123.79,12.236272384,55000,55000
a81b80e6d889e083c71ccdecfa1e19d7037d2750,3026.86,122.94,12.162249437,55000,56000
a81b80e6d889e083c71ccdecfa1e19d7037d2750,3054.30,123.54,12.246275303,56000,56000
a81b80e6d889e083c71ccdecfa1e19d7037d2750,2973.27,120.68,11.964522542,55000,56000
a81b80e6d889e083c71ccdecfa1e19d7037d2750,3039.47,123.42,12.204987551,56000,56000
a81b80e6d889e083c71ccdecfa1e19d7037d2750,3023.79,122.96,12.128841040,56000,55000
a81b80e6d889e083c71ccdecfa1e19d7037d2750,3043.52,123.26,12.238312177,55000,55000
a81b80e6d889e083c71ccdecfa1e19d7037d2750,3022.66,122.38,12.118065488,56000,56000
a81b80e6d889e083c71ccdecfa1e19d7037d2750,3026.08,122.81,12.156492825,55000,55000
a81b80e6d889e083c71ccdecfa1e19d7037d2750,2961.02,119.84,11.881947782,54000,54000
a81b80e6d889e083c71ccdecfa1e19d7037d2750,2979.97,119.93,11.995305594,55000,56000
a81b80e6d889e083c71ccdecfa1e19d7037d2750,2974.05,120.76,11.921875351,55000,56000
a81b80e6d889e083c71ccdecfa1e19d7037d2750,2997.77,121.08,12.053880299,54000,55000
a81b80e6d889e083c71ccdecfa1e19d7037d2750,3070.08,124.25,12.342746403,56000,56000
a81b80e6d889e083c71ccdecfa1e19d7037d2750,2964.30,119.76,11.892393969,56000,56000
a81b80e6d889e083c71ccdecfa1e19d7037d2750,3048.28,123.84,12.226226348,56000,56000
a81b80e6d889e083c71ccdecfa1e19d7037d2750,2976.87,120.29,11.962907828,56000,55000
9ea78719c1dbf5bdca9e9756c533966966e2a545,3085.09,125.26,12.394268143,57000,56000
9ea78719c1dbf5bdca9e9756c533966966e2a545,3031.05,123.03,12.164942297,55000,56000
9ea78719c1dbf5bdca9e9756c533966966e2a545,3013.20,122.46,12.101488714,56000,55000
9ea78719c1dbf5bdca9e9756c533966966e2a545,2999.73,121.19,12.017129381,56000,56000
9ea78719c1dbf5bdca9e9756c533966966e2a545,3032.58,122.80,12.190495145,56000,56000
9ea78719c1dbf5bdca9e9756c533966966e2a545,2976.36,120.31,11.948444689,56000,56000
9ea78719c1dbf5bdca9e9756c533966966e2a545,3019.55,122.10,12.146014198,55000,55000
9ea78719c1dbf5bdca9e9756c533966966e2a545,3090.06,125.73,12.378543111,55000,55000
9ea78719c1dbf5bdca9e9756c533966966e2a545,3153.52,128.19,12.664016405,56000,56000
9ea78719c1dbf5bdca9e9756c533966966e2a545,3059.15,123.92,12.286397507,56000,55000
9ea78719c1dbf5bdca9e9756c533966966e2a545,3007.46,121.51,12.081316487,56000,55000
9ea78719c1dbf5bdca9e9756c533966966e2a545,3009.15,122.17,12.069938310,56000,55000
9ea78719c1dbf5bdca9e9756c533966966e2a545,3030.12,122.79,12.191222506,56000,56000
9ea78719c1dbf5bdca9e9756c533966966e2a545,3027.52,122.52,12.171559276,55000,56000
9ea78719c1dbf5bdca9e9756c533966966e2a545,3045.06,123.67,12.228884574,55000,56000
9ea78719c1dbf5bdca9e9756c533966966e2a545,3028.77,122.38,12.165004243,56000,56000
9ea78719c1dbf5bdca9e9756c533966966e2a545,2993.83,120.80,11.998039423,56000,56000
9ea78719c1dbf5bdca9e9756c533966966e2a545,3034.09,122.76,12.191810388,55000,55000
9ea78719c1dbf5bdca9e9756c533966966e2a545,3031.51,123.00,12.155399681,56000,56000
9ea78719c1dbf5bdca9e9756c533966966e2a545,3051.87,123.65,12.229289999,56000,56000
9ea78719c1dbf5bdca9e9756c533966966e2a545,2989.42,121.23,11.999179412,56000,55000
9ea78719c1dbf5bdca9e9756c533966966e2a545,3032.26,122.89,12.170760082,55000,55000
9ea78719c1dbf5bdca9e9756c533966966e2a545,2998.44,121.28,12.032322999,55000,55000
9ea78719c1dbf5bdca9e9756c533966966e2a545,3120.98,126.66,12.520476766,54000,55000
9ea78719c1dbf5bdca9e9756c533966966e2a545,2955.94,118.88,11.883072809,56000,55000
9ea78719c1dbf5bdca9e9756c533966966e2a545,2979.68,121.16,11.966013622,55000,54000
9ea78719c1dbf5bdca9e9756c533966966e2a545,3037.56,123.43,12.196954987,55000,55000
9ea78719c1dbf5bdca9e9756c533966966e2a545,2980.00,120.62,11.961438560,55000,55000
9ea78719c1dbf5bdca9e9756c533966966e2a545,3049.18,123.16,12.263298281,54000,56000
9ea78719c1dbf5bdca9e9756c533966966e2a545,2984.43,120.67,11.997115899,55000,55000
9bf48dc8137817a944247e1fbe9923ee8298c3e7,2972.30,120.69,11.926878216,56000,55000
9bf48dc8137817a944247e1fbe9923ee8298c3e7,3028.26,122.84,12.146710117,55000,56000
9bf48dc8137817a944247e1fbe9923ee8298c3e7,3059.71,123.71,12.281077310,55000,55000
9bf48dc8137817a944247e1fbe9923ee8298c3e7,3015.73,122.19,12.089672895,55000,55000
9bf48dc8137817a944247e1fbe9923ee8298c3e7,2968.66,119.83,11.927757923,55000,55000
9bf48dc8137817a944247e1fbe9923ee8298c3e7,3054.74,124.43,12.267871460,56000,56000
9bf48dc8137817a944247e1fbe9923ee8298c3e7,2979.49,120.88,11.976990166,56000,56000
9bf48dc8137817a944247e1fbe9923ee8298c3e7,2986.31,120.94,11.999775846,55000,56000
9bf48dc8137817a944247e1fbe9923ee8298c3e7,3054.77,124.00,12.272728783,55000,55000
9bf48dc8137817a944247e1fbe9923ee8298c3e7,3001.44,121.79,12.057127363,55000,55000
9bf48dc8137817a944247e1fbe9923ee8298c3e7,3040.52,122.86,12.223357909,54000,56000
9bf48dc8137817a944247e1fbe9923ee8298c3e7,2992.64,121.02,12.030753747,56000,56000
9bf48dc8137817a944247e1fbe9923ee8298c3e7,2968.96,119.89,11.932306154,56000,55000
9bf48dc8137817a944247e1fbe9923ee8298c3e7,3006.08,122.14,12.075919134,56000,56000
9bf48dc8137817a944247e1fbe9923ee8298c3e7,3041.44,123.71,12.222533455,56000,55000
9bf48dc8137817a944247e1fbe9923ee8298c3e7,3085.00,125.57,12.352258074,56000,56000
9bf48dc8137817a944247e1fbe9923ee8298c3e7,3047.39,123.76,12.237333484,56000,56000
9bf48dc8137817a944247e1fbe9923ee8298c3e7,3046.90,123.51,12.227821803,56000,56000
9bf48dc8137817a944247e1fbe9923ee8298c3e7,2983.29,120.62,11.954589462,56000,56000
9bf48dc8137817a944247e1fbe9923ee8298c3e7,2981.87,120.86,11.967041498,55000,56000
9bf48dc8137817a944247e1fbe9923ee8298c3e7,3015.25,122.05,12.095575793,55000,56000
9bf48dc8137817a944247e1fbe9923ee8298c3e7,3063.14,123.74,12.300779923,55000,56000
9bf48dc8137817a944247e1fbe9923ee8298c3e7,3026.48,122.83,12.153341523,56000,56000
9bf48dc8137817a944247e1fbe9923ee8298c3e7,3015.99,122.30,12.129233522,55000,55000
9bf48dc8137817a944247e1fbe9923ee8298c3e7,2936.37,119.06,11.778958902,55000,55000
9bf48dc8137817a944247e1fbe9923ee8298c3e7,3011.58,122.43,12.078630003,56000,54000
9bf48dc8137817a944247e1fbe9923ee8298c3e7,2929.51,118.41,11.780515602,56000,56000
9bf48dc8137817a944247e1fbe9923ee8298c3e7,3046.76,123.60,12.213373436,54000,55000
9bf48dc8137817a944247e1fbe9923ee8298c3e7,2991.41,120.90,12.020144473,56000,56000
9bf48dc8137817a944247e1fbe9923ee8298c3e7,3005.91,121.28,12.062140430,55000,56000
3d2ebc2fa6300dfe3b3c73cfd7c1bf5feab0aa89,3062.98,123.90,12.315350104,55000,56000
3d2ebc2fa6300dfe3b3c73cfd7c1bf5feab0aa89,2891.06,116.44,11.596586890,55000,56000
3d2ebc2fa6300dfe3b3c73cfd7c1bf5feab0aa89,3089.13,125.88,12.412047088,56000,55000
3d2ebc2fa6300dfe3b3c73cfd7c1bf5feab0aa89,3031.61,122.63,12.180513304,55000,56000
3d2ebc2fa6300dfe3b3c73cfd7c1bf5feab0aa89,2996.49,121.60,12.042835366,55000,56000
3d2ebc2fa6300dfe3b3c73cfd7c1bf5feab0aa89,3003.86,121.86,12.067502131,55000,55000
3d2ebc2fa6300dfe3b3c73cfd7c1bf5feab0aa89,3060.19,124.21,12.303020257,56000,56000
3d2ebc2fa6300dfe3b3c73cfd7c1bf5feab0aa89,3007.98,121.42,12.078338160,56000,56000
3d2ebc2fa6300dfe3b3c73cfd7c1bf5feab0aa89,3016.87,122.18,12.078029398,54000,55000
3d2ebc2fa6300dfe3b3c73cfd7c1bf5feab0aa89,2959.83,119.74,11.881556163,55000,56000
3d2ebc2fa6300dfe3b3c73cfd7c1bf5feab0aa89,3045.93,123.41,12.213187283,56000,56000
3d2ebc2fa6300dfe3b3c73cfd7c1bf5feab0aa89,2929.94,118.31,11.768455339,55000,56000
3d2ebc2fa6300dfe3b3c73cfd7c1bf5feab0aa89,3044.01,123.51,12.232070886,56000,55000
3d2ebc2fa6300dfe3b3c73cfd7c1bf5feab0aa89,3053.92,123.52,12.289947371,55000,56000
3d2ebc2fa6300dfe3b3c73cfd7c1bf5feab0aa89,3056.18,123.61,12.263016212,56000,56000
3d2ebc2fa6300dfe3b3c73cfd7c1bf5feab0aa89,3027.93,123.01,12.137326564,56000,56000
3d2ebc2fa6300dfe3b3c73cfd7c1bf5feab0aa89,3045.78,123.35,12.222538463,55000,54000
3d2ebc2fa6300dfe3b3c73cfd7c1bf5feab0aa89,3118.42,126.43,12.526467747,56000,56000
3d2ebc2fa6300dfe3b3c73cfd7c1bf5feab0aa89,2982.44,120.99,11.963228465,56000,56000
3d2ebc2fa6300dfe3b3c73cfd7c1bf5feab0aa89,3144.48,127.53,12.604101394,56000,56000
3d2ebc2fa6300dfe3b3c73cfd7c1bf5feab0aa89,3073.46,124.70,12.298255960,56000,55000
3d2ebc2fa6300dfe3b3c73cfd7c1bf5feab0aa89,3022.60,121.82,12.114163247,56000,55000
3d2ebc2fa6300dfe3b3c73cfd7c1bf5feab0aa89,3021.63,122.25,12.147873006,56000,56000
3d2ebc2fa6300dfe3b3c73cfd7c1bf5feab0aa89,3027.63,122.74,12.162018176,56000,54000
3d2ebc2fa6300dfe3b3c73cfd7c1bf5feab0aa89,3085.23,124.91,12.395174481,56000,56000
3d2ebc2fa6300dfe3b3c73cfd7c1bf5feab0aa89,2987.05,120.22,12.011880266,56000,55000
3d2ebc2fa6300dfe3b3c73cfd7c1bf5feab0aa89,3030.70,121.92,12.189557317,54000,56000
3d2ebc2fa6300dfe3b3c73cfd7c1bf5feab0aa89,3014.16,121.71,12.083424634,55000,56000
3d2ebc2fa6300dfe3b3c73cfd7c1bf5feab0aa89,3061.06,123.87,12.308746626,54000,55000
3d2ebc2fa6300dfe3b3c73cfd7c1bf5feab0aa89,3032.66,122.65,12.212364314,55000,56000
0bf6d6db570a97e8633f0fc16a7daaf42e140fff,3031.25,123.15,12.182740885,55000,56000
0bf6d6db570a97e8633f0fc16a7daaf42e140fff,2982.76,120.52,11.991271968,56000,55000
0bf6d6db570a97e8633f0fc16a7daaf42e140fff,2997.77,120.56,12.060529255,56000,54000
0bf6d6db570a97e8633f0fc16a7daaf42e140fff,3012.14,122.23,12.102804695,54000,56000
0bf6d6db570a97e8633f0fc16a7daaf42e140fff,3073.43,125.00,12.317824020,55000,56000
0bf6d6db570a97e8633f0fc16a7daaf42e140fff,3070.05,124.39,12.336050340,55000,56000
0bf6d6db570a97e8633f0fc16a7daaf42e140fff,3039.94,123.37,12.224806366,56000,56000
0bf6d6db570a97e8633f0fc16a7daaf42e140fff,3008.56,121.56,12.072849101,55000,55000
0bf6d6db570a97e8633f0fc16a7daaf42e140fff,2995.38,121.81,12.030227690,56000,55000
0bf6d6db570a97e8633f0fc16a7daaf42e140fff,3027.56,123.06,12.145826571,56000,56000
0bf6d6db570a97e8633f0fc16a7daaf42e140fff,2972.15,119.70,11.949449902,56000,56000
0bf6d6db570a97e8633f0fc16a7daaf42e140fff,2979.84,120.64,11.962906947,56000,56000
0bf6d6db570a97e8633f0fc16a7daaf42e140fff,3123.84,126.77,12.536599862,56000,56000
0bf6d6db570a97e8633f0fc16a7daaf42e140fff,3038.73,123.18,12.212215926,55000,56000
0bf6d6db570a97e8633f0fc16a7daaf42e140fff,3010.91,121.77,12.103239297,56000,56000
0bf6d6db570a97e8633f0fc16a7daaf42e140fff,3110.58,126.28,12.478748945,56000,55000
0bf6d6db570a97e8633f0fc16a7daaf42e140fff,2979.50,120.77,11.967998054,56000,56000
0bf6d6db570a97e8633f0fc16a7daaf42e140fff,2999.94,121.77,12.040198760,56000,56000
0bf6d6db570a97e8633f0fc16a7daaf42e140fff,3018.45,122.20,12.138412380,55000,56000
0bf6d6db570a97e8633f0fc16a7daaf42e140fff,2982.02,121.17,11.971141152,56000,54000
0bf6d6db570a97e8633f0fc16a7daaf42e140fff,3083.59,125.25,12.396216084,56000,55000
0bf6d6db570a97e8633f0fc16a7daaf42e140fff,3028.00,123.29,12.166742747,55000,56000
0bf6d6db570a97e8633f0fc16a7daaf42e140fff,2992.15,121.26,12.019755003,55000,55000
0bf6d6db570a97e8633f0fc16a7daaf42e140fff,3062.38,124.15,12.289518323,55000,56000
0bf6d6db570a97e8633f0fc16a7daaf42e140fff,3078.05,124.53,12.362387391,55000,56000
0bf6d6db570a97e8633f0fc16a7daaf42e140fff,3073.17,123.58,12.357931713,56000,56000
0bf6d6db570a97e8633f0fc16a7daaf42e140fff,3064.63,124.39,12.298129757,55000,56000
0bf6d6db570a97e8633f0fc16a7daaf42e140fff,3046.36,123.09,12.223558704,55000,55000
0bf6d6db570a97e8633f0fc16a7daaf42e140fff,3010.60,122.29,12.091672272,56000,56000
0bf6d6db570a97e8633f0fc16a7daaf42e140fff,3028.40,122.16,12.172742071,54000,56000
d3b229538bb7b9badef53307ce238377ade3c0c9,3050.51,123.52,12.270752198,56000,57000
d3b229538bb7b9badef53307ce238377ade3c0c9,2986.18,121.33,11.983819392,57000,55000
d3b229538bb7b9badef53307ce238377ade3c0c9,2998.24,121.62,12.038172491,55000,55000
d3b229538bb7b9badef53307ce238377ade3c0c9,3058.90,124.25,12.281311575,55000,56000
d3b229538bb7b9badef53307ce238377ade3c0c9,3055.63,123.90,12.278856020,55000,55000
d3b229538bb7b9badef53307ce238377ade3c0c9,3090.44,125.54,12.409273087,56000,56000
d3b229538bb7b9badef53307ce238377ade3c0c9,3037.36,122.83,12.192575269,55000,56000
d3b229538bb7b9badef53307ce238377ade3c0c9,3033.45,122.42,12.182805441,55000,56000
d3b229538bb7b9badef53307ce238377ade3c0c9,3022.56,122.43,12.147946769,54000,56000
d3b229538bb7b9badef53307ce238377ade3c0c9,3054.63,122.76,12.292261759,56000,56000
d3b229538bb7b9badef53307ce238377ade3c0c9,2976.18,119.92,11.976881711,55000,55000
d3b229538bb7b9badef53307ce238377ade3c0c9,3042.78,124.11,12.194401180,56000,56000
d3b229538bb7b9badef53307ce238377ade3c0c9,2965.81,119.81,11.929337531,56000,56000
d3b229538bb7b9badef53307ce238377ade3c0c9,3128.17,127.35,12.549411422,56000,56000
d3b229538bb7b9badef53307ce238377ade3c0c9,3069.32,124.38,12.353922750,55000,54000
d3b229538bb7b9badef53307ce238377ade3c0c9,3058.39,123.95,12.266187910,56000,55000
d3b229538bb7b9badef53307ce238377ade3c0c9,3058.10,124.42,12.281479964,56000,55000
d3b229538bb7b9badef53307ce238377ade3c0c9,3028.57,122.76,12.162448372,56000,56000
d3b229538bb7b9badef53307ce238377ade3c0c9,3066.81,124.58,12.309514133,56000,56000
d3b229538bb7b9badef53307ce238377ade3c0c9,2972.02,120.11,11.915480048,56000,56000
d3b229538bb7b9badef53307ce238377ade3c0c9,3043.03,123.37,12.199575541,56000,56000
d3b229538bb7b9badef53307ce238377ade3c0c9,3066.19,124.28,12.328134553,56000,56000
d3b229538bb7b9badef53307ce238377ade3c0c9,3046.34,123.71,12.225625672,56000,55000
d3b229538bb7b9badef53307ce238377ade3c0c9,3010.25,121.85,12.110638764,56000,54000
d3b229538bb7b9badef53307ce238377ade3c0c9,3093.16,125.68,12.447417090,56000,55000
d3b229538bb7b9badef53307ce238377ade3c0c9,2994.53,121.50,12.015434328,55000,55000
d3b229538bb7b9badef53307ce238377ade3c0c9,2947.02,119.72,11.817838604,54000,54000
d3b229538bb7b9badef53307ce238377ade3c0c9,3030.92,122.79,12.165448911,55000,55000
d3b229538bb7b9badef53307ce238377ade3c0c9,3090.07,125.21,12.412207244,56000,56000
d3b229538bb7b9badef53307ce238377ade3c0c9,3024.10,122.55,12.154909637,55000,56000
cb447645be7365d1c213f305b37f0ad80326b4bc,3035.05,123.58,12.185589544,55000,56000
cb447645be7365d1c213f305b37f0ad80326b4bc,3020.36,122.78,12.112716381,56000,56000
cb447645be7365d1c213f305b37f0ad80326b4bc,3039.71,123.11,12.174510001,56000,56000
cb447645be7365d1c213f305b37f0ad80326b4bc,2967.80,119.39,11.917850045,56000,56000
cb447645be7365d1c213f305b37f0ad80326b4bc,3085.03,124.88,12.398781902,56000,56000
cb447645be7365d1c213f305b37f0ad80326b4bc,2979.39,120.08,11.962824851,56000,56000
cb447645be7365d1c213f305b37f0ad80326b4bc,3022.31,122.29,12.125926374,55000,54000
cb447645be7365d1c213f305b37f0ad80326b4bc,3050.60,123.60,12.258675675,55000,56000
cb447645be7365d1c213f305b37f0ad80326b4bc,3022.08,121.91,12.134071383,55000,55000
cb447645be7365d1c213f305b37f0ad80326b4bc,3021.44,122.00,12.138048577,56000,56000
cb447645be7365d1c213f305b37f0ad80326b4bc,3023.46,123.03,12.132128142,55000,55000
cb447645be7365d1c213f305b37f0ad80326b4bc,3083.74,125.26,12.386452799,55000,55000
cb447645be7365d1c213f305b37f0ad80326b4bc,3023.32,122.61,12.140403203,55000,55000
cb447645be7365d1c213f305b37f0ad80326b4bc,3006.65,121.55,12.096270487,56000,55000
cb447645be7365d1c213f305b37f0ad80326b4bc,3042.04,123.05,12.202445772,56000,56000
cb447645be7365d1c213f305b37f0ad80326b4bc,2936.35,118.60,11.787707981,56000,56000
cb447645be7365d1c213f305b37f0ad80326b4bc,3029.08,122.79,12.171303112,55000,54000
cb447645be7365d1c213f305b37f0ad80326b4bc,3074.99,125.14,12.349198897,56000,55000
cb447645be7365d1c213f305b37f0ad80326b4bc,3069.63,124.55,12.324773299,55000,55000
cb447645be7365d1c213f305b37f0ad80326b4bc,2976.02,120.42,11.951029735,55000,55000
cb447645be7365d1c213f305b37f0ad80326b4bc,2968.71,119.85,11.936369482,55000,56000
cb447645be7365d1c213f305b37f0ad80326b4bc,3053.95,123.56,12.277735217,56000,55000
cb447645be7365d1c213f305b37f0ad80326b4bc,2912.02,118.03,11.686287428,55000,56000
cb447645be7365d1c213f305b37f0ad80326b4bc,3028.54,122.52,12.146921400,56000,55000
cb447645be7365d1c213f305b37f0ad80326b4bc,3037.35,122.63,12.197438444,56000,56000
cb447645be7365d1c213f305b37f0ad80326b4bc,3105.33,125.73,12.488874366,54000,55000
cb447645be7365d1c213f305b37f0ad80326b4bc,3135.00,127.33,12.600883728,56000,55000
cb447645be7365d1c213f305b37f0ad80326b4bc,3011.50,121.82,12.075996544,56000,56000
cb447645be7365d1c213f305b37f0ad80326b4bc,3035.78,122.69,12.224264851,55000,55000
cb447645be7365d1c213f305b37f0ad80326b4bc,3004.61,121.13,12.076475894,54000,55000
fd734184658c49f647405ddbc413d02fd3aa4ba8,2993.67,121.13,12.038495325,54000,55000
fd734184658c49f647405ddbc413d02fd3aa4ba8,2978.17,120.43,11.958008290,55000,55000
fd734184658c49f647405ddbc413d02fd3aa4ba8,2987.10,120.57,12.014571722,55000,55000
fd734184658c49f647405ddbc413d02fd3aa4ba8,3057.52,123.73,12.286179982,55000,55000
fd734184658c49f647405ddbc413d02fd3aa4ba8,3063.62,123.95,12.321264432,56000,55000
fd734184658c49f647405ddbc413d02fd3aa4ba8,3099.91,125.88,12.444411998,56000,55000
fd734184658c49f647405ddbc413d02fd3aa4ba8,3093.30,124.95,12.454090561,56000,56000
fd734184658c49f647405ddbc413d02fd3aa4ba8,3003.30,121.81,12.064194794,56000,56000
fd734184658c49f647405ddbc413d02fd3aa4ba8,3060.02,124.09,12.301309423,56000,54000
fd734184658c49f647405ddbc413d02fd3aa4ba8,3047.19,123.29,12.240882262,56000,56000
fd734184658c49f647405ddbc413d02fd3aa4ba8,3083.96,125.33,12.384663452,56000,56000
fd734184658c49f647405ddbc413d02fd3aa4ba8,3068.41,124.24,12.341723410,56000,56000
fd734184658c49f647405ddbc413d02fd3aa4ba8,3112.54,126.75,12.509105516,56000,56000
fd734184658c49f647405ddbc413d02fd3aa4ba8,2988.08,121.01,12.037814805,56000,56000
fd734184658c49f647405ddbc413d02fd3aa4ba8,3054.07,124.15,12.290666788,56000,55000
fd734184658c49f647405ddbc413d02fd3aa4ba8,3031.93,122.89,12.176184339,56000,55000
fd734184658c49f647405ddbc413d02fd3aa4ba8,3020.86,122.09,12.139257338,55000,56000
fd734184658c49f647405ddbc413d02fd3aa4ba8,3044.73,123.40,12.220311221,55000,56000
fd734184658c49f647405ddbc413d02fd3aa4ba8,3020.32,121.86,12.150245505,56000,56000
fd734184658c49f647405ddbc413d02fd3aa4ba8,3006.72,121.59,12.086227156,56000,56000
fd734184658c49f647405ddbc413d02fd3aa4ba8,3012.91,121.45,12.124598365,56000,56000
fd734184658c49f647405ddbc413d02fd3aa4ba8,3071.40,124.07,12.339837060,55000,54000
fd734184658c49f647405ddbc413d02fd3aa4ba8,3078.00,124.35,12.398301282,56000,55000
fd734184658c49f647405ddbc413d02fd3aa4ba8,3027.55,122.68,12.143910385,55000,55000
fd734184658c49f647405ddbc413d02fd3aa4ba8,2997.78,121.33,12.039444703,55000,54000
fd734184658c49f647405ddbc413d02fd3aa4ba8,3104.61,125.97,12.450231473,55000,55000
fd734184658c49f647405ddbc413d02fd3aa4ba8,3004.62,121.39,12.086457919,56000,55000
fd734184658c49f647405ddbc413d02fd3aa4ba8,3043.89,122.52,12.257601569,56000,55000
fd734184658c49f647405ddbc413d02fd3aa4ba8,2988.55,120.32,12.035884374,55000,56000
fd734184658c49f647405ddbc413d02fd3aa4ba8,3050.56,123.57,12.257645223,56000,55000
9bf31a0ce30db4927e546a0f83462e1f14fd7a18,3024.70,122.16,12.152668703,55000,56000
9bf31a0ce30db4927e546a0f83462e1f14fd7a18,3021.24,122.22,12.136059861,55000,55000
9bf31a0ce30db4927e546a0f83462e1f14fd7a18,3031.24,122.70,12.161573299,56000,55000
9bf31a0ce30db4927e546a0f83462e1f14fd7a18,3047.76,123.22,12.251941632,55000,54000
9bf31a0ce30db4927e546a0f83462e1f14fd7a18,3064.05,124.35,12.308279847,56000,55000
9bf31a0ce30db4927e546a0f83462e1f14fd7a18,2977.23,120.31,11.952925431,56000,56000
9bf31a0ce30db4927e546a0f83462e1f14fd7a18,3007.77,121.26,12.093532245,56000,56000
9bf31a0ce30db4927e546a0f83462e1f14fd7a18,3021.44,122.15,12.133415691,56000,55000
9bf31a0ce30db4927e546a0f83462e1f14fd7a18,3049.37,123.36,12.247979291,56000,56000
9bf31a0ce30db4927e546a0f83462e1f14fd7a18,2986.03,120.15,12.004742080,56000,55000
9bf31a0ce30db4927e546a0f83462e1f14fd7a18,3027.26,122.44,12.168502749,56000,54000
9bf31a0ce30db4927e546a0f83462e1f14fd7a18,3048.10,122.96,12.234072898,55000,56000
9bf31a0ce30db4927e546a0f83462e1f14fd7a18,3036.67,122.62,12.205832539,55000,55000
9bf31a0ce30db4927e546a0f83462e1f14fd7a18,3019.02,122.21,12.141893751,56000,56000
9bf31a0ce30db4927e546a0f83462e1f14fd7a18,3003.47,121.48,12.066998296,55000,56000
9bf31a0ce30db4927e546a0f83462e1f14fd7a18,3051.18,123.55,12.248870928,56000,56000
9bf31a0ce30db4927e546a0f83462e1f14fd7a18,3006.09,121.09,12.078037913,55000,56000
9bf31a0ce30db4927e546a0f83462e1f14fd7a18,3037.47,123.25,12.212491740,56000,55000
9bf31a0ce30db4927e546a0f83462e1f14fd7a18,3011.55,121.91,12.107646097,54000,55000
9bf31a0ce30db4927e546a0f83462e1f14fd7a18,2984.65,120.40,12.003774745,55000,56000
9bf31a0ce30db4927e546a0f83462e1f14fd7a18,2988.39,120.97,12.003634411,56000,55000
9bf31a0ce30db4927e546a0f83462e1f14fd7a18,3051.46,123.30,12.263600251,56000,56000
9bf31a0ce30db4927e546a0f83462e1f14fd7a18,3008.57,121.21,12.119719039,55000,56000
9bf31a0ce30db4927e546a0f83462e1f14fd7a18,3132.87,127.00,12.584169048,55000,56000
9bf31a0ce30db4927e546a0f83462e1f14fd7a18,3012.64,121.68,12.102139879,56000,55000
9bf31a0ce30db4927e546a0f83462e1f14fd7a18,3068.65,124.02,12.339588858,56000,56000
9bf31a0ce30db4927e546a0f83462e1f14fd7a18,3036.08,123.02,12.180375873,56000,55000
9bf31a0ce30db4927e546a0f83462e1f14fd7a18,2997.73,121.31,12.054500142,55000,55000
9bf31a0ce30db4927e546a0f83462e1f14fd7a18,3010.82,121.43,12.109088133,55000,56000
9bf31a0ce30db4927e546a0f83462e1f14fd7a18,3059.73,123.80,12.303070301,56000,55000
d71230047dfa5fb82cf798a28ce605bae8544eaa,3025.44,122.11,12.162001143,56000,56000
d71230047dfa5fb82cf798a28ce605bae8544eaa,3142.20,127.11,12.639112429,55000,55000
d71230047dfa5fb82cf798a28ce605bae8544eaa,3043.97,123.43,12.225619110,55000,56000
d71230047dfa5fb82cf798a28ce605bae8544eaa,3054.25,123.39,12.271568973,56000,56000
d71230047dfa5fb82cf798a28ce605bae8544eaa,3039.17,123.04,12.207732228,56000,56000
d71230047dfa5fb82cf798a28ce605bae8544eaa,3008.15,121.73,12.103744943,56000,55000
d71230047dfa5fb82cf798a28ce605bae8544eaa,3057.44,124.28,12.287356312,57000,56000
d71230047dfa5fb82cf798a28ce605bae8544eaa,3103.95,126.34,12.469492234,54000,56000
d71230047dfa5fb82cf798a28ce605bae8544eaa,2973.23,120.18,11.956428981,56000,56000
d71230047dfa5fb82cf798a28ce605bae8544eaa,2973.92,120.42,11.952889175,55000,54000
d71230047dfa5fb82cf798a28ce605bae8544eaa,2990.17,121.37,11.998817232,54000,55000
d71230047dfa5fb82cf798a28ce605bae8544eaa,2936.58,118.41,11.804074663,56000,56000
d71230047dfa5fb82cf798a28ce605bae8544eaa,3077.32,125.04,12.361079047,56000,55000
d71230047dfa5fb82cf798a28ce605bae8544eaa,3092.44,126.00,12.405802145,56000,56000
d71230047dfa5fb82cf798a28ce605bae8544eaa,3018.30,122.35,12.125610854,56000,56000
d71230047dfa5fb82cf798a28ce605bae8544eaa,3018.99,122.30,12.109445713,56000,57000
d71230047dfa5fb82cf798a28ce605bae8544eaa,3092.10,125.24,12.422530882,56000,56000
d71230047dfa5fb82cf798a28ce605bae8544eaa,2987.19,120.66,12.017278785,56000,55000
d71230047dfa5fb82cf798a28ce605bae8544eaa,3033.97,122.84,12.170684231,55000,55000
d71230047dfa5fb82cf798a28ce605bae8544eaa,3042.58,123.13,12.219760437,56000,55000
d71230047dfa5fb82cf798a28ce605bae8544eaa,3048.72,123.71,12.251398046,56000,55000
d71230047dfa5fb82cf798a28ce605bae8544eaa,2998.58,121.50,12.026199420,55000,55000
d71230047dfa5fb82cf798a28ce605bae8544eaa,3034.65,122.99,12.185472451,56000,54000
d71230047dfa5fb82cf798a28ce605bae8544eaa,2998.27,121.48,12.022621257,55000,56000
d71230047dfa5fb82cf798a28ce605bae8544eaa,3024.45,122.32,12.148563545,56000,55000
d71230047dfa5fb82cf798a28ce605bae8544eaa,3016.25,121.73,12.123198706,56000,56000
d71230047dfa5fb82cf798a28ce605bae8544eaa,3032.95,122.40,12.193495809,56000,55000
d71230047dfa5fb82cf798a28ce605bae8544eaa,3088.31,124.87,12.427202311,56000,56000
d71230047dfa5fb82cf798a28ce605bae8544eaa,2978.54,120.99,11.954871333,55000,55000
d71230047dfa5fb82cf798a28ce605bae8544eaa,3039.93,122.71,12.211994639,56000,56000
a7041444ef3e0a7be2e3681ddf480e4f608fa620,3027.80,122.49,12.155796669,54000,56000
a7041444ef3e0a7be2e3681ddf480e4f608fa620,3013.83,121.81,12.124300459,55000,55000
a7041444ef3e0a7be2e3681ddf480e4f608fa620,3037.39,122.87,12.204124275,56000,55000
a7041444ef3e0a7be2e3681ddf480e4f608fa620,3097.45,125.19,12.450649133,55000,55000
a7041444ef3e0a7be2e3681ddf480e4f608fa620,3072.30,124.32,12.340277998,55000,55000
a7041444ef3e0a7be2e3681ddf480e4f608fa620,2965.37,119.64,11.897662896,56000,56000
a7041444ef3e0a7be2e3681ddf480e4f608fa620,3031.11,122.15,12.174535993,56000,56000
a7041444ef3e0a7be2e3681ddf480e4f608fa620,3039.14,123.42,12.231803630,56000,56000
a7041444ef3e0a7be2e3681ddf480e4f608fa620,3017.24,122.18,12.120439103,56000,56000
a7041444ef3e0a7be2e3681ddf480e4f608fa620,3073.27,124.30,12.327459705,55000,56000
a7041444ef3e0a7be2e3681ddf480e4f608fa620,3091.68,125.34,12.417565965,54000,56000
a7041444ef3e0a7be2e3681ddf480e4f608fa620,3043.35,122.63,12.261327963,55000,55000
a7041444ef3e0a7be2e3681ddf480e4f608fa620,3026.81,122.61,12.169225785,56000,55000
a7041444ef3e0a7be2e3681ddf480e4f608fa620,3022.88,122.18,12.166795215,56000,55000
a7041444ef3e0a7be2e3681ddf480e4f608fa620,2981.86,120.26,12.007152040,56000,56000
a7041444ef3e0a7be2e3681ddf480e4f608fa620,3037.21,123.28,12.199724899,55000,56000
a7041444ef3e0a7be2e3681ddf480e4f608fa620,3014.18,121.00,12.127488806,56000,55000
a7041444ef3e0a7be2e3681ddf480e4f608fa620,3045.88,123.30,12.251770078,56000,56000
a7041444ef3e0a7be2e3681ddf480e4f608fa620,3028.53,122.07,12.186883545,56000,56000
a7041444ef3e0a7be2e3681ddf480e4f608fa620,3073.05,123.80,12.365916623,56000,55000
a7041444ef3e0a7be2e3681ddf480e4f608fa620,3019.09,122.41,12.143377197,56000,56000
a7041444ef3e0a7be2e3681ddf480e4f608fa620,3098.95,125.61,12.472191140,56000,56000
a7041444ef3e0a7be2e3681ddf480e4f608fa620,3008.01,122.12,12.101238691,56000,56000
a7041444ef3e0a7be2e3681ddf480e4f608fa620,3003.17,121.73,12.070504108,55000,56000
a7041444ef3e0a7be2e3681ddf480e4f608fa620,3015.77,121.82,12.113416008,54000,56000
a7041444ef3e0a7be2e3681ddf480e4f608fa620,3008.93,121.02,12.090604453,55000,56000
a7041444ef3e0a7be2e3681ddf480e4f608fa620,2964.67,119.65,11.922546061,56000,55000
a7041444ef3e0a7be2e3681ddf480e4f608fa620,3055.71,123.58,12.291693489,56000,56000
a7041444ef3e0a7be2e3681ddf480e4f608fa620,3025.38,122.30,12.186666205,55000,55000
a7041444ef3e0a7be2e3681ddf480e4f608fa620,3020.28,122.22,12.141100845,56000,56000
68475b2852d8ebc05e5f993d488d539677c767a3,3095.38,125.77,12.461401380,55000,57000
68475b2852d8ebc05e5f993d488d539677c767a3,3012.19,121.82,12.092250676,55000,55000
68475b2852d8ebc05e5f993d488d539677c767a3,3013.43,121.90,12.111866320,55000,55000
68475b2852d8ebc05e5f993d488d539677c767a3,3009.18,122.30,12.102294369,55000,55000
68475b2852d8ebc05e5f993d488d539677c767a3,2939.22,118.45,11.802464480,54000,56000
68475b2852d8ebc05e5f993d488d539677c767a3,2975.51,120.10,11.970447423,56000,56000
68475b2852d8ebc05e5f993d488d539677c767a3,3072.28,125.03,12.341163254,55000,55000
68475b2852d8ebc05e5f993d488d539677c767a3,3000.56,120.72,12.063624086,55000,55000
68475b2852d8ebc05e5f993d488d539677c767a3,2976.46,120.62,11.942757199,56000,55000
68475b2852d8ebc05e5f993d488d539677c767a3,3022.70,122.06,12.146934912,56000,56000
68475b2852d8ebc05e5f993d488d539677c767a3,3093.58,125.05,12.422244394,54000,55000
68475b2852d8ebc05e5f993d488d539677c767a3,3098.68,125.47,12.423501842,55000,55000
68475b2852d8ebc05e5f993d488d539677c767a3,3030.04,122.09,12.167527182,56000,56000
68475b2852d8ebc05e5f993d488d539677c767a3,2975.01,119.92,11.944320028,56000,56000
68475b2852d8ebc05e5f993d488d539677c767a3,2997.00,121.32,12.031145677,56000,56000
68475b2852d8ebc05e5f993d488d539677c767a3,2988.04,120.25,12.016181632,55000,56000
68475b2852d8ebc05e5f993d488d539677c767a3,3008.54,121.69,12.086936709,55000,55000
68475b2852d8ebc05e5f993d488d539677c767a3,2954.06,119.26,11.879834241,55000,55000
68475b2852d8ebc05e5f993d488d539677c767a3,3055.22,123.84,12.298781600,56000,55000
68475b2852d8ebc05e5f993d488d539677c767a3,3050.82,123.06,12.273904949,56000,55000
68475b2852d8ebc05e5f993d488d539677c767a3,3076.32,124.18,12.377927584,56000,56000
68475b2852d8ebc05e5f993d488d539677c767a3,3133.84,126.68,12.589125719,56000,56000
68475b2852d8ebc05e5f993d488d539677c767a3,2987.19,120.93,12.034592428,56000,55000
68475b2852d8ebc05e5f993d488d539677c767a3,3000.40,120.66,12.062561148,55000,56000
68475b2852d8ebc05e5f993d488d539677c767a3,2981.16,119.90,11.988017783,56000,56000
68475b2852d8ebc05e5f993d488d539677c767a3,3038.58,122.80,12.220524477,55000,55000
68475b2852d8ebc05e5f993d488d539677c767a3,3042.21,123.10,12.223480357,56000,56000
68475b2852d8ebc05e5f993d488d539677c767a3,3081.93,124.73,12.374185014,55000,56000
68475b2852d8ebc05e5f993d488d539677c767a3,2961.51,119.62,11.897668234,56000,56000
68475b2852d8ebc05e5f993d488d539677c767a3,3059.84,123.84,12.294442450,56000,55000
af7118369e6e69abc02ef95e228bdfa6f39c2fbc,3102.33,125.60,12.443929397,54000,56000
af7118369e6e69abc02ef95e228bdfa6f39c2fbc,3136.42,127.65,12.597753303,56000,56000
af7118369e6e69abc02ef95e228bdfa6f39c2fbc,2989.18,120.30,12.019080292,55000,55000
af7118369e6e69abc02ef95e228bdfa6f39c2fbc,3060.17,124.61,12.274483494,55000,55000
af7118369e6e69abc02ef95e228bdfa6f39c2fbc,3032.26,122.90,12.155407358,55000,54000
af7118369e6e69abc02ef95e228bdfa6f39c2fbc,3046.83,123.49,12.231663384,56000,56000
af7118369e6e69abc02ef95e228bdfa6f39c2fbc,3045.34,123.41,12.196699772,56000,56000
af7118369e6e69abc02ef95e228bdfa6f39c2fbc,3080.32,124.23,12.394925327,55000,56000
af7118369e6e69abc02ef95e228bdfa6f39c2fbc,3071.48,124.85,12.325596415,56000,56000
af7118369e6e69abc02ef95e228bdfa6f39c2fbc,3001.10,121.36,12.046651444,56000,55000
af7118369e6e69abc02ef95e228bdfa6f39c2fbc,2994.92,121.21,12.035734247,55000,55000
af7118369e6e69abc02ef95e228bdfa6f39c2fbc,3066.18,124.78,12.313351012,56000,56000
af7118369e6e69abc02ef95e228bdfa6f39c2fbc,3048.01,123.23,12.218646645,55000,56000
af7118369e6e69abc02ef95e228bdfa6f39c2fbc,3105.19,126.08,12.457872559,57000,55000
af7118369e6e69abc02ef95e228bdfa6f39c2fbc,3111.85,126.52,12.460942811,56000,56000
af7118369e6e69abc02ef95e228bdfa6f39c2fbc,2923.52,118.17,11.744100768,55000,56000
af7118369e6e69abc02ef95e228bdfa6f39c2fbc,3048.01,123.88,12.239815304,56000,55000
af7118369e6e69abc02ef95e228bdfa6f39c2fbc,2990.14,120.75,12.009189372,55000,55000
af7118369e6e69abc02ef95e228bdfa6f39c2fbc,3041.20,122.46,12.205723547,56000,55000
af7118369e6e69abc02ef95e228bdfa6f39c2fbc,3000.50,120.85,12.059304281,55000,56000
af7118369e6e69abc02ef95e228bdfa6f39c2fbc,3029.75,122.30,12.169421283,56000,56000
af7118369e6e69abc02ef95e228bdfa6f39c2fbc,2996.92,120.71,12.053908895,56000,56000
af7118369e6e69abc02ef95e228bdfa6f39c2fbc,3079.55,125.65,12.357621174,56000,56000
af7118369e6e69abc02ef95e228bdfa6f39c2fbc,3007.00,121.66,12.081404139,55000,56000
af7118369e6e69abc02ef95e228bdfa6f39c2fbc,3120.07,126.33,12.522149303,55000,55000
af7118369e6e69abc02ef95e228bdfa6f39c2fbc,3000.37,121.34,12.057032804,54000,55000
af7118369e6e69abc02ef95e228bdfa6f39c2fbc,3002.51,121.25,12.071191835,55000,56000
af7118369e6e69abc02ef95e228bdfa6f39c2fbc,2990.28,121.12,12.001879750,55000,54000
af7118369e6e69abc02ef95e228bdfa6f39c2fbc,2995.66,121.51,12.016096059,55000,54000
af7118369e6e69abc02ef95e228bdfa6f39c2fbc,3017.09,122.28,12.107431083,56000,55000
a881a1a84f498869fedd4f1842011406c883ff8c,3033.64,122.95,12.170198104,55000,55000
a881a1a84f498869fedd4f1842011406c883ff8c,3069.20,124.42,12.330243958,56000,55000
a881a1a84f498869fedd4f1842011406c883ff8c,3080.93,125.35,12.370714084,55000,55000
a881a1a84f498869fedd4f1842011406c883ff8c,3043.31,122.39,12.220409205,55000,56000
a881a1a84f498869fedd4f1842011406c883ff8c,3056.82,123.34,12.287330662,54000,56000
a881a1a84f498869fedd4f1842011406c883ff8c,2957.16,119.70,11.853065964,56000,56000
a881a1a84f498869fedd4f1842011406c883ff8c,3038.92,122.92,12.203564044,55000,55000
a881a1a84f498869fedd4f1842011406c883ff8c,3075.82,124.78,12.345936163,55000,55000
a881a1a84f498869fedd4f1842011406c883ff8c,3059.43,123.96,12.265811836,55000,56000
a881a1a84f498869fedd4f1842011406c883ff8c,3082.62,124.38,12.385872907,55000,56000
a881a1a84f498869fedd4f1842011406c883ff8c,3021.36,122.55,12.123739219,55000,55000
a881a1a84f498869fedd4f1842011406c883ff8c,3002.85,121.76,12.026570882,56000,55000
a881a1a84f498869fedd4f1842011406c883ff8c,3029.84,122.64,12.143940296,55000,56000
a881a1a84f498869fedd4f1842011406c883ff8c,3060.08,124.06,12.282064639,55000,56000
a881a1a84f498869fedd4f1842011406c883ff8c,3045.24,123.04,12.212416563,55000,55000
a881a1a84f498869fedd4f1842011406c883ff8c,3012.04,121.96,12.094643357,56000,56000
a881a1a84f498869fedd4f1842011406c883ff8c,3061.77,124.68,12.264958689,56000,56000
a881a1a84f498869fedd4f1842011406c883ff8c,3060.06,124.39,12.285533259,55000,55000
a881a1a84f498869fedd4f1842011406c883ff8c,3068.74,124.20,12.326046195,55000,56000
a881a1a84f498869fedd4f1842011406c883ff8c,3041.73,123.44,12.223696616,56000,56000
a881a1a84f498869fedd4f1842011406c883ff8c,3023.16,122.63,12.140692321,56000,56000
a881a1a84f498869fedd4f1842011406c883ff8c,3073.62,124.75,12.354315843,56000,55000
a881a1a84f498869fedd4f1842011406c883ff8c,2996.23,121.86,12.009357935,55000,56000
a881a1a84f498869fedd4f1842011406c883ff8c,3091.45,125.32,12.395741527,56000,56000
a881a1a84f498869fedd4f1842011406c883ff8c,3021.66,121.85,12.127558916,56000,55000
a881a1a84f498869fedd4f1842011406c883ff8c,3050.81,123.04,12.262708858,56000,56000
a881a1a84f498869fedd4f1842011406c883ff8c,2998.40,121.49,12.011730794,55000,56000
a881a1a84f498869fedd4f1842011406c883ff8c,3120.37,126.27,12.542527473,56000,56000
a881a1a84f498869fedd4f1842011406c883ff8c,3040.06,123.02,12.192867892,56000,56000
a881a1a84f498869fedd4f1842011406c883ff8c,3026.71,122.43,12.172525974,55000,56000
7b514f5ec71b3112a1e4a35525610f23904736ad,3082.83,125.79,12.365391903,55000,55000
7b514f5ec71b3112a1e4a35525610f23904736ad,3056.59,123.77,12.270050805,55000,54000
7b514f5ec71b3112a1e4a35525610f23904736ad,3037.98,122.70,12.201563509,56000,55000
7b514f5ec71b3112a1e4a35525610f23904736ad,3130.51,126.85,12.564199784,56000,56000
7b514f5ec71b3112a1e4a35525610f23904736ad,3070.51,124.66,12.324364944,55000,55000
7b514f5ec71b3112a1e4a35525610f23904736ad,3090.37,124.95,12.386720054,55000,56000
7b514f5ec71b3112a1e4a35525610f23904736ad,3071.86,124.19,12.325096864,56000,55000
7b514f5ec71b3112a1e4a35525610f23904736ad,3010.04,121.10,12.076750851,54000,54000
7b514f5ec71b3112a1e4a35525610f23904736ad,3068.62,124.40,12.318533056,56000,56000
7b514f5ec71b3112a1e4a35525610f23904736ad,3087.83,125.53,12.388512952,55000,56000
7b514f5ec71b3112a1e4a35525610f23904736ad,2991.80,120.69,12.021610304,56000,56000
7b514f5ec71b3112a1e4a35525610f23904736ad,3068.79,124.15,12.301841088,56000,55000
7b514f5ec71b3112a1e4a35525610f23904736ad,3009.12,121.62,12.083564024,56000,56000
7b514f5ec71b3112a1e4a35525610f23904736ad,3051.80,123.85,12.250153605,55000,56000
7b514f5ec71b3112a1e4a35525610f23904736ad,3026.01,122.68,12.150434009,56000,54000
7b514f5ec71b3112a1e4a35525610f23904736ad,3115.35,126.36,12.516977306,56000,56000
7b514f5ec71b3112a1e4a35525610f23904736ad,3023.14,122.36,12.159143906,56000,56000
7b514f5ec71b3112a1e4a35525610f23904736ad,3074.87,125.02,12.344983895,56000,55000
7b514f5ec71b3112a1e4a35525610f23904736ad,3095.28,125.78,12.430948383,54000,55000
7b514f5ec71b3112a1e4a35525610f23904736ad,2975.39,120.40,11.966370302,56000,55000
7b514f5ec71b3112a1e4a35525610f23904736ad,2994.57,120.96,12.030433062,55000,56000
7b514f5ec71b3112a1e4a35525610f23904736ad,3080.47,124.83,12.375866211,56000,55000
7b514f5ec71b3112a1e4a35525610f23904736ad,3065.19,123.90,12.293806532,56000,55000
7b514f5ec71b3112a1e4a35525610f23904736ad,3091.18,125.63,12.428895204,56000,55000
7b514f5ec71b3112a1e4a35525610f23904736ad,3040.84,123.22,12.229902108,56000,56000
7b514f5ec71b3112a1e4a35525610f23904736ad,3028.67,122.61,12.155519360,56000,56000
7b514f5ec71b3112a1e4a35525610f23904736ad,3044.23,122.90,12.238118007,55000,56000
7b514f5ec71b3112a1e4a35525610f23904736ad,3065.22,124.80,12.285573843,56000,55000
7b514f5ec71b3112a1e4a35525610f23904736ad,3042.19,123.63,12.198248708,55000,56000
7b514f5ec71b3112a1e4a35525610f23904736ad,3071.44,124.52,12.315859753,55000,56000
ef24b01f15b2c8d1b48a91238718038e5a2727f5,3053.98,124.15,12.255968371,55000,55000
ef24b01f15b2c8d1b48a91238718038e5a2727f5,3053.10,124.13,12.254032262,55000,55000
ef24b01f15b2c8d1b48a91238718038e5a2727f5,3032.01,123.37,12.166143533,56000,56000
ef24b01f15b2c8d1b48a91238718038e5a2727f5,3034.67,122.91,12.168668459,55000,55000
ef24b01f15b2c8d1b48a91238718038e5a2727f5,3083.86,124.65,12.421205673,55000,55000
ef24b01f15b2c8d1b48a91238718038e5a2727f5,3022.26,121.83,12.144921150,55000,55000
ef24b01f15b2c8d1b48a91238718038e5a2727f5,2996.43,120.66,12.036842006,56000,56000
ef24b01f15b2c8d1b48a91238718038e5a2727f5,3093.34,125.82,12.407562624,55000,55000
ef24b01f15b2c8d1b48a91238718038e5a2727f5,3085.19,125.10,12.366263444,55000,56000
ef24b01f15b2c8d1b48a91238718038e5a2727f5,3047.83,122.98,12.240754822,56000,56000
ef24b01f15b2c8d1b48a91238718038e5a2727f5,2987.69,120.21,11.998474095,55000,56000
ef24b01f15b2c8d1b48a91238718038e5a2727f5,3063.73,124.33,12.306845174,56000,56000
ef24b01f15b2c8d1b48a91238718038e5a2727f5,3120.39,126.66,12.537751079,56000,56000
ef24b01f15b2c8d1b48a91238718038e5a2727f5,3092.05,125.42,12.441884230,56000,55000
ef24b01f15b2c8d1b48a91238718038e5a2727f5,2996.31,121.51,12.039932895,56000,56000
ef24b01f15b2c8d1b48a91238718038e5a2727f5,3050.69,123.64,12.263614956,55000,56000
ef24b01f15b2c8d1b48a91238718038e5a2727f5,3047.45,123.65,12.229218951,56000,55000
ef24b01f15b2c8d1b48a91238718038e5a2727f5,3038.16,123.12,12.194647285,56000,55000
ef24b01f15b2c8d1b48a91238718038e5a2727f5,3085.52,125.23,12.379025608,56000,56000
ef24b01f15b2c8d1b48a91238718038e5a2727f5,3043.00,123.63,12.230196021,56000,56000
ef24b01f15b2c8d1b48a91238718038e5a2727f5,3033.57,122.76,12.186057408,56000,55000
ef24b01f15b2c8d1b48a91238718038e5a2727f5,3035.16,122.36,12.208989927,55000,54000
ef24b01f15b2c8d1b48a91238718038e5a2727f5,3029.99,122.53,12.162512541,55000,56000
ef24b01f15b2c8d1b48a91238718038e5a2727f5,3039.07,123.23,12.198171541,55000,56000
ef24b01f15b2c8d1b48a91238718038e5a2727f5,3015.67,121.90,12.118050974,56000,55000
ef24b01f15b2c8d1b48a91238718038e5a2727f5,3038.59,123.12,12.203898085,56000,55000
ef24b01f15b2c8d1b48a91238718038e5a2727f5,3076.64,125.17,12.343872070,55000,56000
ef24b01f15b2c8d1b48a91238718038e5a2727f5,3003.45,122.06,12.054048726,55000,54000
ef24b01f15b2c8d1b48a91238718038e5a2727f5,3082.81,125.44,12.348379915,55000,55000
ef24b01f15b2c8d1b48a91238718038e5a2727f5,2974.12,120.07,11.921336557,56000,56000
64f8950ffe3963cb484c84938c2a3a907c025af0,3142.55,127.87,12.603186888,55000,55000
64f8950ffe3963cb484c84938c2a3a907c025af0,2997.15,121.22,12.017769401,56000,55000
64f8950ffe3963cb484c84938c2a3a907c025af0,3091.64,125.53,12.406056407,56000,56000
64f8950ffe3963cb484c84938c2a3a907c025af0,3126.84,126.70,12.553358298,55000,55000
64f8950ffe3963cb484c84938c2a3a907c025af0,3046.14,123.23,12.236066397,55000,56000
64f8950ffe3963cb484c84938c2a3a907c025af0,3068.42,124.27,12.313823044,56000,56000
64f8950ffe3963cb484c84938c2a3a907c025af0,3116.02,126.40,12.526903416,56000,55000
64f8950ffe3963cb484c84938c2a3a907c025af0,3065.38,123.61,12.326223265,55000,56000
64f8950ffe3963cb484c84938c2a3a907c025af0,2983.10,120.92,11.956951110,55000,55000
64f8950ffe3963cb484c84938c2a3a907c025af0,2982.52,120.50,11.981924562,55000,56000
64f8950ffe3963cb484c84938c2a3a907c025af0,3088.62,125.18,12.394193702,56000,56000
64f8950ffe3963cb484c84938c2a3a907c025af0,3092.21,125.40,12.405785286,54000,54000
64f8950ffe3963cb484c84938c2a3a907c025af0,3012.48,122.17,12.076322994,56000,55000
64f8950ffe3963cb484c84938c2a3a907c025af0,3080.86,124.62,12.375505179,55000,56000
64f8950ffe3963cb484c84938c2a3a907c025af0,3108.60,126.36,12.476034724,56000,56000
64f8950ffe3963cb484c84938c2a3a907c025af0,3012.72,122.36,12.092761532,56000,56000
64f8950ffe3963cb484c84938c2a3a907c025af0,3056.97,123.86,12.264504804,56000,56000
64f8950ffe3963cb484c84938c2a3a907c025af0,3066.33,124.87,12.309319143,56000,55000
64f8950ffe3963cb484c84938c2a3a907c025af0,2970.11,120.36,11.945007248,55000,55000
64f8950ffe3963cb484c84938c2a3a907c025af0,3065.07,124.35,12.322463347,55000,54000
64f8950ffe3963cb484c84938c2a3a907c025af0,3051.43,123.88,12.224580229,55000,55000
64f8950ffe3963cb484c84938c2a3a907c025af0,3054.62,123.80,12.273948743,56000,56000
64f8950ffe3963cb484c84938c2a3a907c025af0,3114.12,126.21,12.483719454,56000,56000
64f8950ffe3963cb484c84938c2a3a907c025af0,3046.83,122.86,12.255628679,56000,56000
64f8950ffe3963cb484c84938c2a3a907c025af0,3054.12,123.51,12.269779115,55000,55000
64f8950ffe3963cb484c84938c2a3a907c025af0,3005.97,121.84,12.070549801,56000,56000
64f8950ffe3963cb484c84938c2a3a907c025af0,3014.58,122.39,12.105353659,56000,55000
64f8950ffe3963cb484c84938c2a3a907c025af0,3040.84,122.90,12.207418009,54000,56000
64f8950ffe3963cb484c84938c2a3a907c025af0,3024.09,122.21,12.171878650,56000,55000
64f8950ffe3963cb484c84938c2a3a907c025af0,3063.75,124.21,12.312444574,56000,56000
4e6c465e6b37e38620e649a78c710ac5a83154fa,3009.88,121.76,12.077385423,55000,56000
4e6c465e6b37e38620e649a78c710ac5a83154fa,3108.10,126.24,12.481016894,55000,55000
4e6c465e6b37e38620e649a78c710ac5a83154fa,2939.60,119.24,11.772683172,55000,55000
4e6c465e6b37e38620e649a78c710ac5a83154fa,3110.71,126.62,12.458652154,55000,56000
4e6c465e6b37e38620e649a78c710ac5a83154fa,3047.73,123.42,12.230460433,55000,55000
4e6c465e6b37e38620e649a78c710ac5a83154fa,3014.14,121.83,12.074387607,56000,55000
4e6c465e6b37e38620e649a78c710ac5a83154fa,3089.21,125.37,12.401987394,55000,55000
4e6c465e6b37e38620e649a78c710ac5a83154fa,3021.32,121.86,12.129919676,56000,55000
4e6c465e6b37e38620e649a78c710ac5a83154fa,3079.85,124.88,12.366230435,56000,55000
4e6c465e6b37e38620e649a78c710ac5a83154fa,3038.55,123.29,12.189082157,56000,56000
4e6c465e6b37e38620e649a78c710ac5a83154fa,3059.17,123.22,12.286601375,56000,56000
4e6c465e6b37e38620e649a78c710ac5a83154fa,3070.96,124.90,12.333318172,56000,56000
4e6c465e6b37e38620e649a78c710ac5a83154fa,3069.15,124.67,12.318007835,56000,55000
4e6c465e6b37e38620e649a78c710ac5a83154fa,3018.95,122.10,12.122150569,55000,55000
4e6c465e6b37e38620e649a78c710ac5a83154fa,3039.52,123.41,12.191694435,56000,55000
4e6c465e6b37e38620e649a78c710ac5a83154fa,3034.23,122.86,12.188438808,56000,55000
4e6c465e6b37e38620e649a78c710ac5a83154fa,3129.82,127.58,12.570195620,56000,55000
4e6c465e6b37e38620e649a78c710ac5a83154fa,3118.71,126.52,12.525806651,56000,56000
4e6c465e6b37e38620e649a78c710ac5a83154fa,3018.73,122.54,12.098736518,56000,56000
4e6c465e6b37e38620e649a78c710ac5a83154fa,3069.04,125.30,12.295289452,56000,56000
4e6c465e6b37e38620e649a78c710ac5a83154fa,3006.19,121.54,12.064964959,56000,56000
4e6c465e6b37e38620e649a78c710ac5a83154fa,3082.68,125.54,12.386025727,56000,55000
4e6c465e6b37e38620e649a78c710ac5a83154fa,3067.76,124.47,12.343535685,56000,55000
4e6c465e6b37e38620e649a78c710ac5a83154fa,3035.83,123.26,12.193274592,55000,56000
4e6c465e6b37e38620e649a78c710ac5a83154fa,3079.41,124.71,12.388572766,55000,56000
4e6c465e6b37e38620e649a78c710ac5a83154fa,3080.92,124.59,12.381739580,55000,56000
4e6c465e6b37e38620e649a78c710ac5a83154fa,3035.90,122.91,12.208878715,56000,55000
4e6c465e6b37e38620e649a78c710ac5a83154fa,3096.45,125.52,12.424595086,54000,56000
4e6c465e6b37e38620e649a78c710ac5a83154fa,3064.26,124.46,12.297110320,55000,55000
4e6c465e6b37e38620e649a78c710ac5a83154fa,3123.19,126.65,12.569839708,55000,56000
133020fd3306521c2fa4ef409547d7ade0e70475,3057.52,124.21,12.306075772,55000,56000
133020fd3306521c2fa4ef409547d7ade0e70475,3095.43,125.74,12.408685403,56000,55000
133020fd3306521c2fa4ef409547d7ade0e70475,3086.94,125.11,12.379951286,56000,55000
133020fd3306521c2fa4ef409547d7ade0e70475,3066.45,124.25,12.294681585,55000,54000
133020fd3306521c2fa4ef409547d7ade0e70475,3010.78,121.23,12.092523890,55000,55000
133020fd3306521c2fa4ef409547d7ade0e70475,3077.80,124.55,12.348614190,55000,54000
133020fd3306521c2fa4ef409547d7ade0e70475,2953.13,118.96,11.847881321,56000,56000
133020fd3306521c2fa4ef409547d7ade0e70475,3030.33,122.85,12.142465697,54000,56000
133020fd3306521c2fa4ef409547d7ade0e70475,3026.25,122.21,12.158952136,55000,55000
133020fd3306521c2fa4ef409547d7ade0e70475,3133.21,127.38,12.587271821,56000,56000
133020fd3306521c2fa4ef409547d7ade0e70475,3083.76,124.60,12.374614040,56000,56000
133020fd3306521c2fa4ef409547d7ade0e70475,3045.51,123.06,12.243371958,56000,56000
133020fd3306521c2fa4ef409547d7ade0e70475,3106.74,126.08,12.483857487,56000,56000
133020fd3306521c2fa4ef409547d7ade0e70475,3069.69,123.94,12.326255259,56000,56000
133020fd3306521c2fa4ef409547d7ade0e70475,3003.58,121.84,12.042549353,56000,56000
133020fd3306521c2fa4ef409547d7ade0e70475,3061.41,123.87,12.310433057,56000,55000
133020fd3306521c2fa4ef409547d7ade0e70475,3051.26,123.82,12.238280941,54000,56000
133020fd3306521c2fa4ef409547d7ade0e70475,3003.03,121.34,12.070393007,55000,56000
133020fd3306521c2fa4ef409547d7ade0e70475,3026.64,122.85,12.144842578,56000,56000
133020fd3306521c2fa4ef409547d7ade0e70475,3010.79,121.63,12.073439381,56000,56000
133020fd3306521c2fa4ef409547d7ade0e70475,3045.02,123.94,12.237369972,56000,56000
133020fd3306521c2fa4ef409547d7ade0e70475,3071.44,124.97,12.335493223,55000,56000
133020fd3306521c2fa4ef409547d7ade0e70475,3053.57,123.47,12.263227340,56000,56000
133020fd3306521c2fa4ef409547d7ade0e70475,3069.07,124.12,12.329051805,56000,55000
133020fd3306521c2fa4ef409547d7ade0e70475,3049.55,123.78,12.244781250,56000,56000
133020fd3306521c2fa4ef409547d7ade0e70475,3059.52,123.83,12.272312841,55000,55000
133020fd3306521c2fa4ef409547d7ade0e70475,3080.52,124.70,12.383621948,56000,55000
133020fd3306521c2fa4ef409547d7ade0e70475,2973.77,120.53,11.934567605,55000,55000
133020fd3306521c2fa4ef409547d7ade0e70475,3047.15,123.60,12.215677675,56000,56000
133020fd3306521c2fa4ef409547d7ade0e70475,3068.48,123.98,12.320420435,55000,56000
6bace94f939ec75ffdd15d9e157090ec3444b6a9,3013.32,121.65,12.110431432,56000,55000
6bace94f939ec75ffdd15d9e157090ec3444b6a9,3061.30,123.20,12.313799959,56000,56000
6bace94f939ec75ffdd15d9e157090ec3444b6a9,3063.79,123.83,12.288973763,56000,56000
6bace94f939ec75ffdd15d9e157090ec3444b6a9,3098.81,125.81,12.434659586,55000,55000
6bace94f939ec75ffdd15d9e157090ec3444b6a9,2969.49,120.25,11.910531746,56000,56000
6bace94f939ec75ffdd15d9e157090ec3444b6a9,3107.10,126.77,12.447578141,55000,55000
6bace94f939ec75ffdd15d9e157090ec3444b6a9,2977.50,120.96,11.950749385,56000,56000
6bace94f939ec75ffdd15d9e157090ec3444b6a9,3092.31,125.91,12.389684468,55000,55000
6bace94f939ec75ffdd15d9e157090ec3444b6a9,3001.52,121.40,12.030952628,55000,56000
6bace94f939ec75ffdd15d9e157090ec3444b6a9,3085.54,125.59,12.382137024,55000,56000
6bace94f939ec75ffdd15d9e157090ec3444b6a9,3103.01,126.35,12.457371165,56000,56000
6bace94f939ec75ffdd15d9e157090ec3444b6a9,3057.17,124.18,12.266403284,55000,56000
6bace94f939ec75ffdd15d9e157090ec3444b6a9,3018.77,122.16,12.132839238,56000,56000
6bace94f939ec75ffdd15d9e157090ec3444b6a9,2991.91,121.72,12.003557270,56000,56000
6bace94f939ec75ffdd15d9e157090ec3444b6a9,3035.35,122.81,12.199583221,55000,56000
6bace94f939ec75ffdd15d9e157090ec3444b6a9,3078.88,124.84,12.360285868,56000,56000
6bace94f939ec75ffdd15d9e157090ec3444b6a9,3098.36,125.66,12.451457888,56000,55000
6bace94f939ec75ffdd15d9e157090ec3444b6a9,3083.08,124.62,12.398209196,56000,56000
6bace94f939ec75ffdd15d9e157090ec3444b6a9,3009.74,121.61,12.078065467,55000,55000
6bace94f939ec75ffdd15d9e157090ec3444b6a9,3093.09,124.88,12.401866204,55000,56000
6bace94f939ec75ffdd15d9e157090ec3444b6a9,3054.89,123.87,12.250138784,56000,55000
6bace94f939ec75ffdd15d9e157090ec3444b6a9,3078.83,124.66,12.370291516,55000,54000
6bace94f939ec75ffdd15d9e157090ec3444b6a9,3065.29,124.15,12.316891413,55000,55000
6bace94f939ec75ffdd15d9e157090ec3444b6a9,3048.98,123.99,12.205365533,55000,56000
6bace94f939ec75ffdd15d9e157090ec3444b6a9,3019.30,121.95,12.129844460,56000,55000
6bace94f939ec75ffdd15d9e157090ec3444b6a9,3061.40,123.67,12.314197609,56000,55000
6bace94f939ec75ffdd15d9e157090ec3444b6a9,2994.54,121.46,12.015958683,55000,55000
6bace94f939ec75ffdd15d9e157090ec3444b6a9,3059.56,124.50,12.297629445,55000,54000
6bace94f939ec75ffdd15d9e157090ec3444b6a9,3037.26,123.36,12.203168150,55000,55000
6bace94f939ec75ffdd15d9e157090ec3444b6a9,3074.99,124.31,12.338832476,56000,56000
9b62ebc0a121ba320d641461ee56e496925fb90e,3048.19,124.24,12.234829377,56000,55000
9b62ebc0a121ba320d641461ee56e496925fb90e,3030.17,122.54,12.179333452,54000,55000
9b62ebc0a121ba320d641461ee56e496925fb90e,3056.35,123.92,12.272022592,55000,56000
9b62ebc0a121ba320d641461ee56e496925fb90e,3138.80,127.50,12.603589241,55000,56000
9b62ebc0a121ba320d641461ee56e496925fb90e,3073.83,124.12,12.342786362,55000,55000
9b62ebc0a121ba320d641461ee56e496925fb90e,3022.18,122.90,12.122613449,55000,55000
9b62ebc0a121ba320d641461ee56e496925fb90e,3038.28,123.07,12.216605971,56000,55000
9b62ebc0a121ba320d641461ee56e496925fb90e,3046.56,123.58,12.227678412,55000,55000
9b62ebc0a121ba320d641461ee56e496925fb90e,3035.87,122.39,12.177209568,56000,56000
9b62ebc0a121ba320d641461ee56e496925fb90e,3124.77,126.60,12.552229164,55000,55000
9b62ebc0a121ba320d641461ee56e496925fb90e,2988.26,120.90,12.002221300,56000,55000
9b62ebc0a121ba320d641461ee56e496925fb90e,3039.68,123.21,12.209183362,54000,55000
9b62ebc0a121ba320d641461ee56e496925fb90e,3107.29,125.88,12.482668585,55000,56000
9b62ebc0a121ba320d641461ee56e496925fb90e,3054.88,124.10,12.253863172,55000,56000
9b62ebc0a121ba320d641461ee56e496925fb90e,3092.24,125.47,12.410197829,54000,56000
9b62ebc0a121ba320d641461ee56e496925fb90e,3035.54,122.78,12.155575836,55000,56000
9b62ebc0a121ba320d641461ee56e496925fb90e,3141.74,127.82,12.627773978,55000,55000
9b62ebc0a121ba320d641461ee56e496925fb90e,3025.37,122.24,12.151043602,54000,55000
9b62ebc0a121ba320d641461ee56e496925fb90e,3037.62,123.59,12.191087265,56000,56000
9b62ebc0a121ba320d641461ee56e496925fb90e,2998.97,122.03,12.022615900,56000,56000
9b62ebc0a121ba320d641461ee56e496925fb90e,3068.74,124.35,12.326849703,55000,56000
9b62ebc0a121ba320d641461ee56e496925fb90e,3057.96,123.95,12.270392129,56000,55000
9b62ebc0a121ba320d641461ee56e496925fb90e,3032.80,123.03,12.176109734,56000,56000
9b62ebc0a121ba320d641461ee56e496925fb90e,3018.62,121.87,12.127355220,55000,56000
9b62ebc0a121ba320d641461ee56e496925fb90e,3074.57,125.20,12.319529762,56000,56000
9b62ebc0a121ba320d641461ee56e496925fb90e,3027.19,122.46,12.170389431,55000,55000
9b62ebc0a121ba320d641461ee56e496925fb90e,3056.34,123.52,12.288347660,56000,56000
9b62ebc0a121ba320d641461ee56e496925fb90e,3028.74,122.88,12.176059667,56000,56000
9b62ebc0a121ba320d641461ee56e496925fb90e,3057.44,124.04,12.277571027,55000,55000
9b62ebc0a121ba320d641461ee56e496925fb90e,3066.97,124.51,12.324637373,56000,55000
23f02debd665fa502d7cdc1858587fee5a3c1535,3019.21,122.52,12.116111240,55000,56000
23f02debd665fa502d7cdc1858587fee5a3c1535,3113.42,125.83,12.516560720,56000,55000
23f02debd665fa502d7cdc1858587fee5a3c1535,3019.93,123.30,12.099984572,55000,55000
23f02debd665fa502d7cdc1858587fee5a3c1535,3107.22,126.06,12.455952447,55000,55000
23f02debd665fa502d7cdc1858587fee5a3c1535,3017.43,122.42,12.099245831,54000,56000
23f02debd665fa502d7cdc1858587fee5a3c1535,2957.36,119.12,11.867681266,55000,55000
23f02debd665fa502d7cdc1858587fee5a3c1535,3142.44,127.90,12.596839895,55000,56000
23f02debd665fa502d7cdc1858587fee5a3c1535,3067.09,124.43,12.318336316,56000,55000
23f02debd665fa502d7cdc1858587fee5a3c1535,3071.41,124.56,12.333268763,56000,54000
23f02debd665fa502d7cdc1858587fee5a3c1535,3076.51,124.12,12.359227147,55000,56000
23f02debd665fa502d7cdc1858587fee5a3c1535,3041.30,123.28,12.198930373,56000,55000
23f02debd665fa502d7cdc1858587fee5a3c1535,3085.50,125.15,12.379370975,55000,56000
23f02debd665fa502d7cdc1858587fee5a3c1535,3034.11,122.86,12.169170402,55000,56000
23f02debd665fa502d7cdc1858587fee5a3c1535,3096.07,126.19,12.410306647,56000,55000
23f02debd665fa502d7cdc1858587fee5a3c1535,3048.81,123.59,12.227511458,56000,56000
23f02debd665fa502d7cdc1858587fee5a3c1535,3049.62,123.78,12.259674131,55000,55000
23f02debd665fa502d7cdc1858587fee5a3c1535,3033.68,123.09,12.196502081,56000,56000
23f02debd665fa502d7cdc1858587fee5a3c1535,3047.72,123.20,12.231049706,56000,56000
23f02debd665fa502d7cdc1858587fee5a3c1535,3033.29,122.96,12.167115307,56000,56000
23f02debd665fa502d7cdc1858587fee5a3c1535,3067.82,124.38,12.324326510,56000,56000
23f02debd665fa502d7cdc1858587fee5a3c1535,3049.04,123.53,12.239456644,56000,56000
23f02debd665fa502d7cdc1858587fee5a3c1535,3057.60,124.19,12.265476390,56000,56000
23f02debd665fa502d7cdc1858587fee5a3c1535,3090.63,125.82,12.382853646,56000,55000
23f02debd665fa502d7cdc1858587fee5a3c1535,3095.38,125.71,12.429374188,56000,56000
23f02debd665fa502d7cdc1858587fee5a3c1535,3102.07,125.68,12.460025031,56000,55000
23f02debd665fa502d7cdc1858587fee5a3c1535,3040.92,123.76,12.179218555,55000,55000
23f02debd665fa502d7cdc1858587fee5a3c1535,3044.31,123.52,12.229723482,56000,55000
23f02debd665fa502d7cdc1858587fee5a3c1535,3087.44,124.95,12.402420643,55000,55000
23f02debd665fa502d7cdc1858587fee5a3c1535,3043.61,122.83,12.230291104,56000,56000
23f02debd665fa502d7cdc1858587fee5a3c1535,3068.11,124.20,12.321970526,56000,56000
c419fd57f1c8403f2d7aea407c16fb94bf472fa1,3084.82,125.62,12.374920448,56000,55000
c419fd57f1c8403f2d7aea407c16fb94bf472fa1,3046.55,123.23,12.227726116,55000,54000
c419fd57f1c8403f2d7aea407c16fb94bf472fa1,3102.85,126.09,12.435030029,55000,56000
c419fd57f1c8403f2d7aea407c16fb94bf472fa1,3014.83,121.97,12.119511142,56000,56000
c419fd57f1c8403f2d7aea407c16fb94bf472fa1,2951.92,119.05,11.856599616,56000,56000
c419fd57f1c8403f2d7aea407c16fb94bf472fa1,3005.17,121.58,12.067720752,55000,55000
c419fd57f1c8403f2d7aea407c16fb94bf472fa1,3040.07,122.80,12.215451867,54000,55000
c419fd57f1c8403f2d7aea407c16fb94bf472fa1,2998.98,121.15,12.049757142,55000,56000
c419fd57f1c8403f2d7aea407c16fb94bf472fa1,3120.81,126.63,12.519716283,55000,54000
c419fd57f1c8403f2d7aea407c16fb94bf472fa1,3004.61,121.82,12.067962923,55000,54000
c419fd57f1c8403f2d7aea407c16fb94bf472fa1,3091.78,125.42,12.409541097,55000,55000
c419fd57f1c8403f2d7aea407c16fb94bf472fa1,2991.76,120.20,12.002773697,56000,56000
c419fd57f1c8403f2d7aea407c16fb94bf472fa1,3103.56,125.63,12.453513925,56000,56000
c419fd57f1c8403f2d7aea407c16fb94bf472fa1,3062.08,123.70,12.304393143,56000,55000
c419fd57f1c8403f2d7aea407c16fb94bf472fa1,3055.99,123.88,12.267244446,56000,56000
c419fd57f1c8403f2d7aea407c16fb94bf472fa1,3028.68,122.29,12.181360018,56000,56000
c419fd57f1c8403f2d7aea407c16fb94bf472fa1,2913.44,117.30,11.682725057,56000,55000
c419fd57f1c8403f2d7aea407c16fb94bf472fa1,3063.11,124.21,12.307935829,55000,56000
c419fd57f1c8403f2d7aea407c16fb94bf472fa1,3101.76,126.18,12.453069454,55000,55000
c419fd57f1c8403f2d7aea407c16fb94bf472fa1,3077.30,124.91,12.366273766,56000,56000
c419fd57f1c8403f2d7aea407c16fb94bf472fa1,3042.29,123.67,12.235114180,56000,55000
c419fd57f1c8403f2d7aea407c16fb94bf472fa1,3065.92,124.69,12.315962680,56000,56000
c419fd57f1c8403f2d7aea407c16fb94bf472fa1,2961.29,119.90,11.891005551,56000,56000
c419fd57f1c8403f2d7aea407c16fb94bf472fa1,3101.24,126.14,12.451707383,56000,56000
c419fd57f1c8403f2d7aea407c16fb94bf472fa1,3092.34,125.09,12.413235297,56000,55000
c419fd57f1c8403f2d7aea407c16fb94bf472fa1,3082.01,124.60,12.371837115,56000,56000
c419fd57f1c8403f2d7aea407c16fb94bf472fa1,3023.63,122.57,12.125241028,54000,56000
c419fd57f1c8403f2d7aea407c16fb94bf472fa1,3037.91,122.84,12.207868725,55000,56000
c419fd57f1c8403f2d7aea407c16fb94bf472fa1,3167.35,128.67,12.723414440,56000,56000
c419fd57f1c8403f2d7aea407c16fb94bf472fa1,3068.08,124.14,12.323002592,55000,55000
053ed8d3960c577471201dcc328141ef9ee0ccb9,2994.69,120.99,12.031348320,55000,55000
053ed8d3960c577471201dcc328141ef9ee0ccb9,3055.48,124.01,12.271306733,56000,55000
053ed8d3960c577471201dcc328141ef9ee0ccb9,3008.33,122.18,12.075199293,56000,56000
053ed8d3960c577471201dcc328141ef9ee0ccb9,2995.71,121.02,12.021776831,55000,55000
053ed8d3960c577471201dcc328141ef9ee0ccb9,3076.44,124.91,12.345997720,56000,56000
053ed8d3960c577471201dcc328141ef9ee0ccb9,3080.90,125.08,12.353444599,56000,55000
053ed8d3960c577471201dcc328141ef9ee0ccb9,3079.52,125.23,12.373918392,55000,56000
053ed8d3960c577471201dcc328141ef9ee0ccb9,2979.84,120.87,11.963729712,56000,56000
053ed8d3960c577471201dcc328141ef9ee0ccb9,3085.91,125.01,12.398119657,55000,56000
053ed8d3960c577471201dcc328141ef9ee0ccb9,3057.39,124.28,12.275913578,55000,56000
053ed8d3960c577471201dcc328141ef9ee0ccb9,3005.84,121.95,12.091792675,55000,55000
053ed8d3960c577471201dcc328141ef9ee0ccb9,3053.43,123.71,12.265955740,55000,56000
053ed8d3960c577471201dcc328141ef9ee0ccb9,3020.94,122.62,12.125338289,56000,56000
053ed8d3960c577471201dcc328141ef9ee0ccb9,3085.04,125.12,12.380972069,56000,56000
053ed8d3960c577471201dcc328141ef9ee0ccb9,3069.51,124.93,12.323256274,56000,56000
053ed8d3960c577471201dcc328141ef9ee0ccb9,3114.50,126.43,12.502529649,56000,56000
053ed8d3960c577471201dcc328141ef9ee0ccb9,3028.99,122.96,12.173797278,56000,56000
053ed8d3960c577471201dcc328141ef9ee0ccb9,2962.44,119.62,11.894356241,56000,56000
053ed8d3960c577471201dcc328141ef9ee0ccb9,3022.39,122.13,12.143609716,55000,55000
053ed8d3960c577471201dcc328141ef9ee0ccb9,3058.38,124.13,12.275212215,55000,54000
053ed8d3960c577471201dcc328141ef9ee0ccb9,3073.35,124.64,12.321047856,56000,56000
053ed8d3960c577471201dcc328141ef9ee0ccb9,3064.36,123.89,12.306833663,56000,54000
053ed8d3960c577471201dcc328141ef9ee0ccb9,2951.31,119.59,11.827717594,55000,55000
053ed8d3960c577471201dcc328141ef9ee0ccb9,3066.86,124.37,12.316087374,54000,56000
053ed8d3960c577471201dcc328141ef9ee0ccb9,3048.72,123.32,12.246951198,55000,55000
053ed8d3960c577471201dcc328141ef9ee0ccb9,3057.79,123.55,12.289955256,56000,55000
053ed8d3960c577471201dcc328141ef9ee0ccb9,3023.65,122.21,12.145303084,55000,56000
053ed8d3960c577471201dcc328141ef9ee0ccb9,3048.25,123.51,12.250119566,56000,56000
053ed8d3960c577471201dcc328141ef9ee0ccb9,3095.64,125.53,12.455085200,55000,55000
053ed8d3960c577471201dcc328141ef9ee0ccb9,3022.89,122.28,12.160098296,56000,55000
3e6ead2ed28ebb77510f29e624728a63473274dc,3034.38,122.86,12.201279607,55000,56000
3e6ead2ed28ebb77510f29e624728a63473274dc,3005.82,120.82,12.076924779,55000,55000
3e6ead2ed28ebb77510f29e624728a63473274dc,3082.39,124.72,12.362105365,55000,55000
3e6ead2ed28ebb77510f29e624728a63473274dc,3041.16,123.15,12.209876979,54000,56000
3e6ead2ed28ebb77510f29e624728a63473274dc,3115.77,126.79,12.498074694,56000,56000
3e6ead2ed28ebb77510f29e624728a63473274dc,3076.08,124.55,12.359361847,56000,56000
3e6ead2ed28ebb77510f29e624728a63473274dc,3092.59,125.45,12.441704899,55000,56000
3e6ead2ed28ebb77510f29e624728a63473274dc,3091.74,125.46,12.420077512,55000,56000
3e6ead2ed28ebb77510f29e624728a63473274dc,3057.69,124.10,12.295872591,55000,56000
3e6ead2ed28ebb77510f29e624728a63473274dc,3068.41,124.57,12.323130691,56000,56000
3e6ead2ed28ebb77510f29e624728a63473274dc,2969.21,120.19,11.922883434,55000,55000
3e6ead2ed28ebb77510f29e624728a63473274dc,3007.57,122.11,12.075679473,55000,56000
3e6ead2ed28ebb77510f29e624728a63473274dc,3069.68,124.87,12.323328256,56000,55000
3e6ead2ed28ebb77510f29e624728a63473274dc,3085.35,124.84,12.406514349,56000,56000
3e6ead2ed28ebb77510f29e624728a63473274dc,3114.84,126.75,12.483712700,56000,56000
3e6ead2ed28ebb77510f29e624728a63473274dc,2991.94,121.14,12.030874306,55000,56000
3e6ead2ed28ebb77510f29e624728a63473274dc,2967.20,119.52,11.929376210,55000,54000
3e6ead2ed28ebb77510f29e624728a63473274dc,3083.27,124.96,12.385255739,56000,55000
3e6ead2ed28ebb77510f29e624728a63473274dc,3090.16,125.11,12.408292647,55000,56000
3e6ead2ed28ebb77510f29e624728a63473274dc,3029.64,122.96,12.162746525,55000,56000
3e6ead2ed28ebb77510f29e624728a63473274dc,3036.55,122.91,12.216844275,56000,55000
3e6ead2ed28ebb77510f29e624728a63473274dc,3071.18,124.27,12.336683844,55000,56000
3e6ead2ed28ebb77510f29e624728a63473274dc,2990.23,120.94,12.033620431,56000,55000
3e6ead2ed28ebb77510f29e624728a63473274dc,3020.58,122.41,12.131018812,55000,55000
3e6ead2ed28ebb77510f29e624728a63473274dc,3060.94,123.66,12.292678131,55000,55000
3e6ead2ed28ebb77510f29e624728a63473274dc,3038.52,122.51,12.232580135,55000,55000
3e6ead2ed28ebb77510f29e624728a63473274dc,3032.39,122.85,12.171178949,55000,56000
3e6ead2ed28ebb77510f29e624728a63473274dc,3062.37,124.53,12.286930959,56000,55000
3e6ead2ed28ebb77510f29e624728a63473274dc,2976.64,120.25,11.939728815,56000,55000
3e6ead2ed28ebb77510f29e624728a63473274dc,3063.15,123.86,12.297710852,55000,56000
7f546f0da6516d668df28d2826c7d32ce83a88c1,3038.88,122.92,12.205341154,56000,55000
7f546f0da6516d668df28d2826c7d32ce83a88c1,3019.44,122.25,12.126750527,55000,55000
7f546f0da6516d668df28d2826c7d32ce83a88c1,2973.29,120.23,11.938764159,55000,55000
7f546f0da6516d668df28d2826c7d32ce83a88c1,3010.00,122.28,12.065484091,56000,55000
7f546f0da6516d668df28d2826c7d32ce83a88c1,2983.81,120.76,11.993733473,56000,55000
7f546f0da6516d668df28d2826c7d32ce83a88c1,3097.95,125.31,12.433689082,55000,55000
7f546f0da6516d668df28d2826c7d32ce83a88c1,2995.11,121.16,12.021221437,55000,55000
7f546f0da6516d668df28d2826c7d32ce83a88c1,3035.78,123.11,12.193884603,56000,55000
7f546f0da6516d668df28d2826c7d32ce83a88c1,3075.55,124.38,12.341643933,55000,56000
7f546f0da6516d668df28d2826c7d32ce83a88c1,3061.96,123.78,12.289904390,55000,56000
7f546f0da6516d668df28d2826c7d32ce83a88c1,3027.68,123.27,12.121705001,56000,56000
7f546f0da6516d668df28d2826c7d32ce83a88c1,3091.28,125.47,12.425381495,56000,56000
7f546f0da6516d668df28d2826c7d32ce83a88c1,3013.57,121.88,12.090248414,56000,56000
7f546f0da6516d668df28d2826c7d32ce83a88c1,3051.86,124.42,12.229959468,56000,56000
7f546f0da6516d668df28d2826c7d32ce83a88c1,3021.56,122.36,12.123445474,56000,56000
7f546f0da6516d668df28d2826c7d32ce83a88c1,2994.52,121.60,12.014670971,56000,56000
7f546f0da6516d668df28d2826c7d32ce83a88c1,3032.07,122.38,12.170916285,56000,56000
7f546f0da6516d668df28d2826c7d32ce83a88c1,3069.69,124.36,12.317013486,55000,56000
7f546f0da6516d668df28d2826c7d32ce83a88c1,3060.79,123.89,12.291851090,55000,56000
7f546f0da6516d668df28d2826c7d32ce83a88c1,3049.64,123.58,12.251376882,56000,56000
7f546f0da6516d668df28d2826c7d32ce83a88c1,3071.33,123.91,12.336476932,55000,56000
7f546f0da6516d668df28d2826c7d32ce83a88c1,3096.23,125.40,12.436546743,56000,56000
7f546f0da6516d668df28d2826c7d32ce83a88c1,3031.31,122.33,12.184960744,56000,56000
7f546f0da6516d668df28d2826c7d32ce83a88c1,3066.81,124.32,12.351608036,56000,56000
7f546f0da6516d668df28d2826c7d32ce83a88c1,3113.96,126.61,12.486824551,56000,56000
7f546f0da6516d668df28d2826c7d32ce83a88c1,3111.06,126.52,12.471681219,55000,55000
7f546f0da6516d668df28d2826c7d32ce83a88c1,3026.49,121.87,12.165858258,56000,55000
7f546f0da6516d668df28d2826c7d32ce83a88c1,3114.20,126.39,12.521797455,56000,56000
7f546f0da6516d668df28d2826c7d32ce83a88c1,3075.42,124.84,12.339643934,56000,56000
7f546f0da6516d668df28d2826c7d32ce83a88c1,3091.89,125.17,12.425543039,55000,55000
8bfaa5776f22ca45ff8cc1c552d55510e754b2dd,2978.63,120.67,11.936995700,55000,55000
8bfaa5776f22ca45ff8cc1c552d55510e754b2dd,3059.52,124.34,12.279503982,55000,56000
8bfaa5776f22ca45ff8cc1c552d55510e754b2dd,3066.57,123.80,12.310028124,55000,54000
8bfaa5776f22ca45ff8cc1c552d55510e754b2dd,3063.37,124.23,12.308670005,55000,55000
8bfaa5776f22ca45ff8cc1c552d55510e754b2dd,3097.66,125.67,12.421870538,55000,55000
8bfaa5776f22ca45ff8cc1c552d55510e754b2dd,3088.89,125.22,12.410437274,55000,55000
8bfaa5776f22ca45ff8cc1c552d55510e754b2dd,3063.36,124.01,12.293592006,55000,56000
8bfaa5776f22ca45ff8cc1c552d55510e754b2dd,2975.27,120.13,11.956964767,56000,56000
8bfaa5776f22ca45ff8cc1c552d55510e754b2dd,3033.71,122.68,12.176246375,55000,56000
8bfaa5776f22ca45ff8cc1c552d55510e754b2dd,3119.04,126.24,12.519531186,56000,56000
8bfaa5776f22ca45ff8cc1c552d55510e754b2dd,3133.17,127.26,12.574557893,56000,56000
8bfaa5776f22ca45ff8cc1c552d55510e754b2dd,3089.88,125.32,12.432010417,56000,56000
8bfaa5776f22ca45ff8cc1c552d55510e754b2dd,3003.27,122.25,12.041145092,56000,55000
8bfaa5776f22ca45ff8cc1c552d55510e754b2dd,3030.93,122.62,12.159528131,54000,56000
8bfaa5776f22ca45ff8cc1c552d55510e754b2dd,3057.29,124.60,12.275212893,56000,56000
8bfaa5776f22ca45ff8cc1c552d55510e754b2dd,3092.35,125.69,12.411937998,55000,56000
8bfaa5776f22ca45ff8cc1c552d55510e754b2dd,3036.40,123.04,12.190500458,56000,56000
8bfaa5776f22ca45ff8cc1c552d55510e754b2dd,3043.76,123.70,12.225117180,56000,55000
8bfaa5776f22ca45ff8cc1c552d55510e754b2dd,3064.38,124.22,12.312999262,56000,56000
8bfaa5776f22ca45ff8cc1c552d55510e754b2dd,3024.28,122.45,12.147999334,56000,56000
8bfaa5776f22ca45ff8cc1c552d55510e754b2dd,2982.87,120.93,11.977237399,56000,55000
8bfaa5776f22ca45ff8cc1c552d55510e754b2dd,3113.33,126.19,12.501313815,56000,56000
8bfaa5776f22ca45ff8cc1c552d55510e754b2dd,2994.19,121.50,12.031267388,55000,55000
8bfaa5776f22ca45ff8cc1c552d55510e754b2dd,3058.43,124.43,12.303155887,56000,56000
8bfaa5776f22ca45ff8cc1c552d55510e754b2dd,3064.51,124.54,12.318053871,56000,56000
8bfaa5776f22ca45ff8cc1c552d55510e754b2dd,3164.34,128.50,12.713972850,55000,56000
8bfaa5776f22ca45ff8cc1c552d55510e754b2dd,3085.97,125.38,12.407482461,56000,56000
8bfaa5776f22ca45ff8cc1c552d55510e754b2dd,3084.92,124.85,12.392994353,54000,56000
8bfaa5776f22ca45ff8cc1c552d55510e754b2dd,3041.87,123.78,12.191067693,56000,55000
8bfaa5776f22ca45ff8cc1c552d55510e754b2dd,3088.23,125.16,12.401679771,56000,56000
984a2622e694a82ae2ce6381872077e8d2193b0e,3061.65,124.40,12.289907306,55000,55000
984a2622e694a82ae2ce6381872077e8d2193b0e,3019.73,122.76,12.136593155,55000,55000
984a2622e694a82ae2ce6381872077e8d2193b0e,3035.39,122.12,12.198488573,56000,56000
984a2622e694a82ae2ce6381872077e8d2193b0e,3095.71,125.27,12.415251952,56000,55000
984a2622e694a82ae2ce6381872077e8d2193b0e,3040.03,122.93,12.197942196,56000,56000
984a2622e694a82ae2ce6381872077e8d2193b0e,3016.69,122.09,12.102062325,56000,55000
984a2622e694a82ae2ce6381872077e8d2193b0e,3065.39,124.07,12.297240797,56000,55000
984a2622e694a82ae2ce6381872077e8d2193b0e,3130.20,127.09,12.546297865,56000,55000
984a2622e694a82ae2ce6381872077e8d2193b0e,3026.01,122.20,12.162825173,55000,55000
984a2622e694a82ae2ce6381872077e8d2193b0e,3031.42,122.86,12.161442307,56000,56000
984a2622e694a82ae2ce6381872077e8d2193b0e,3032.79,122.42,12.184511745,56000,56000
984a2622e694a82ae2ce6381872077e8d2193b0e,3018.24,121.74,12.120355412,56000,56000
984a2622e694a82ae2ce6381872077e8d2193b0e,3059.95,124.04,12.297550929,56000,56000
984a2622e694a82ae2ce6381872077e8d2193b0e,3032.58,123.61,12.175186423,55000,56000
984a2622e694a82ae2ce6381872077e8d2193b0e,3088.02,125.61,12.406082635,56000,56000
984a2622e694a82ae2ce6381872077e8d2193b0e,2991.33,120.85,12.010808364,55000,56000
984a2622e694a82ae2ce6381872077e8d2193b0e,3071.44,124.63,12.324065009,56000,55000
984a2622e694a82ae2ce6381872077e8d2193b0e,3087.89,125.28,12.416241416,56000,55000
984a2622e694a82ae2ce6381872077e8d2193b0e,3049.06,123.43,12.242980726,55000,56000
984a2622e694a82ae2ce6381872077e8d2193b0e,3066.48,124.81,12.310859920,55000,56000
984a2622e694a82ae2ce6381872077e8d2193b0e,2997.98,121.31,12.039419874,55000,56000
984a2622e694a82ae2ce6381872077e8d2193b0e,3020.08,122.72,12.088283068,55000,56000
984a2622e694a82ae2ce6381872077e8d2193b0e,3050.68,122.97,12.236126864,55000,55000
984a2622e694a82ae2ce6381872077e8d2193b0e,3078.10,124.81,12.354837525,55000,56000
984a2622e694a82ae2ce6381872077e8d2193b0e,3075.50,123.91,12.362818521,55000,55000
984a2622e694a82ae2ce6381872077e8d2193b0e,3030.53,122.60,12.179043047,56000,56000
984a2622e694a82ae2ce6381872077e8d2193b0e,2992.18,121.39,11.998174682,55000,55000
984a2622e694a82ae2ce6381872077e8d2193b0e,3080.06,124.81,12.367359193,55000,54000
984a2622e694a82ae2ce6381872077e8d2193b0e,3056.44,123.91,12.276816409,55000,55000
984a2622e694a82ae2ce6381872077e8d2193b0e,3019.25,122.31,12.123523984,55000,56000
1017bacdea7fe6161c7af812914daeed39f9fd3c,3039.72,123.22,12.246364529,56000,56000
1017bacdea7fe6161c7af812914daeed39f9fd3c,3071.65,125.42,12.329780550,55000,55000
1017bacdea7fe6161c7af812914daeed39f9fd3c,3087.50,125.18,12.388595954,55000,56000
1017bacdea7fe6161c7af812914daeed39f9fd3c,3145.02,127.52,12.644632637,54000,55000
1017bacdea7fe6161c7af812914daeed39f9fd3c,3043.95,123.40,12.223085705,56000,55000
1017bacdea7fe6161c7af812914daeed39f9fd3c,3075.66,124.82,12.343036102,56000,55000
1017bacdea7fe6161c7af812914daeed39f9fd3c,3110.75,126.08,12.515692122,55000,55000
1017bacdea7fe6161c7af812914daeed39f9fd3c,3075.27,124.71,12.348413778,56000,55000
1017bacdea7fe6161c7af812914daeed39f9fd3c,3104.92,125.61,12.466300191,56000,55000
1017bacdea7fe6161c7af812914daeed39f9fd3c,3008.11,121.29,12.089253012,56000,55000
1017bacdea7fe6161c7af812914daeed39f9fd3c,3117.15,126.18,12.534263079,55000,55000
1017bacdea7fe6161c7af812914daeed39f9fd3c,3030.48,122.44,12.146341579,56000,55000
1017bacdea7fe6161c7af812914daeed39f9fd3c,2961.18,119.54,11.889236838,56000,56000
1017bacdea7fe6161c7af812914daeed39f9fd3c,3068.29,124.41,12.313693979,56000,56000
1017bacdea7fe6161c7af812914daeed39f9fd3c,2961.63,120.08,11.888496652,56000,55000
1017bacdea7fe6161c7af812914daeed39f9fd3c,3035.46,122.82,12.199497208,56000,55000
1017bacdea7fe6161c7af812914daeed39f9fd3c,3090.00,124.94,12.410956294,56000,56000
1017bacdea7fe6161c7af812914daeed39f9fd3c,3066.52,124.50,12.312451406,56000,56000
1017bacdea7fe6161c7af812914daeed39f9fd3c,3075.86,125.47,12.331308612,56000,56000
1017bacdea7fe6161c7af812914daeed39f9fd3c,3068.40,124.71,12.324420782,55000,54000
1017bacdea7fe6161c7af812914daeed39f9fd3c,3024.44,122.58,12.160925968,55000,55000
1017bacdea7fe6161c7af812914daeed39f9fd3c,3052.87,124.26,12.236313652,56000,56000
1017bacdea7fe6161c7af812914daeed39f9fd3c,3080.36,125.37,12.377854878,56000,55000
1017bacdea7fe6161c7af812914daeed39f9fd3c,3060.35,124.13,12.273297017,56000,56000
1017bacdea7fe6161c7af812914daeed39f9fd3c,3013.72,122.04,12.087704740,56000,55000
1017bacdea7fe6161c7af812914daeed39f9fd3c,3043.47,122.98,12.213391682,55000,55000
1017bacdea7fe6161c7af812914daeed39f9fd3c,3059.85,123.63,12.273713730,56000,55000
1017bacdea7fe6161c7af812914daeed39f9fd3c,3095.15,125.36,12.425711160,55000,56000
1017bacdea7fe6161c7af812914daeed39f9fd3c,3089.47,125.08,12.399266880,56000,55000
1017bacdea7fe6161c7af812914daeed39f9fd3c,3065.17,123.61,12.312239773,56000,56000
746e134fa3f05bfc75b7d6084fdc254a5b4a3d18,3057.37,123.74,12.294657810,55000,55000
746e134fa3f05bfc75b7d6084fdc254a5b4a3d18,3019.04,121.89,12.141091285,55000,55000
746e134fa3f05bfc75b7d6084fdc254a5b4a3d18,3084.67,124.34,12.384451104,55000,54000
746e134fa3f05bfc75b7d6084fdc254a5b4a3d18,3092.29,125.42,12.399221848,55000,56000
746e134fa3f05bfc75b7d6084fdc254a5b4a3d18,3119.48,126.24,12.533246383,55000,56000
746e134fa3f05bfc75b7d6084fdc254a5b4a3d18,3058.84,123.50,12.280071549,55000,56000
746e134fa3f05bfc75b7d6084fdc254a5b4a3d18,3016.14,122.16,12.103999093,54000,56000
746e134fa3f05bfc75b7d6084fdc254a5b4a3d18,3084.19,125.51,12.367105801,56000,55000
746e134fa3f05bfc75b7d6084fdc254a5b4a3d18,3039.29,122.63,12.176644397,55000,55000
746e134fa3f05bfc75b7d6084fdc254a5b4a3d18,3083.26,125.19,12.346432901,54000,56000
746e134fa3f05bfc75b7d6084fdc254a5b4a3d18,3069.65,124.51,12.334742495,55000,55000
746e134fa3f05bfc75b7d6084fdc254a5b4a3d18,2974.39,120.41,11.949908219,56000,56000
746e134fa3f05bfc75b7d6084fdc254a5b4a3d18,3004.05,121.99,12.069976263,56000,56000
746e134fa3f05bfc75b7d6084fdc254a5b4a3d18,2975.23,120.40,11.950739301,56000,56000
746e134fa3f05bfc75b7d6084fdc254a5b4a3d18,3066.98,124.37,12.302145778,56000,55000
746e134fa3f05bfc75b7d6084fdc254a5b4a3d18,3068.58,123.86,12.336572126,55000,56000
746e134fa3f05bfc75b7d6084fdc254a5b4a3d18,3081.64,125.17,12.389363382,56000,56000
746e134fa3f05bfc75b7d6084fdc254a5b4a3d18,3037.18,123.07,12.193778705,55000,55000
746e134fa3f05bfc75b7d6084fdc254a5b4a3d18,3012.29,122.70,12.094230209,56000,54000
746e134fa3f05bfc75b7d6084fdc254a5b4a3d18,3077.19,125.36,12.367918224,56000,56000
746e134fa3f05bfc75b7d6084fdc254a5b4a3d18,3054.76,123.84,12.271709104,55000,56000
746e134fa3f05bfc75b7d6084fdc254a5b4a3d18,3030.62,122.77,12.170262545,56000,56000
746e134fa3f05bfc75b7d6084fdc254a5b4a3d18,3064.87,123.84,12.320506958,56000,56000
746e134fa3f05bfc75b7d6084fdc254a5b4a3d18,3065.50,124.23,12.308562511,56000,56000
746e134fa3f05bfc75b7d6084fdc254a5b4a3d18,3030.62,122.31,12.162092788,55000,56000
746e134fa3f05bfc75b7d6084fdc254a5b4a3d18,3030.45,122.39,12.177369085,56000,56000
746e134fa3f05bfc75b7d6084fdc254a5b4a3d18,3090.35,125.51,12.415085912,56000,56000
746e134fa3f05bfc75b7d6084fdc254a5b4a3d18,3032.14,123.06,12.171607623,56000,55000
746e134fa3f05bfc75b7d6084fdc254a5b4a3d18,3041.50,123.04,12.205607382,55000,55000
746e134fa3f05bfc75b7d6084fdc254a5b4a3d18,3096.05,125.90,12.432771607,55000,55000
1b2765bcc299b13f60ac6ba31b8c1aeb550a10f4,3053.10,123.38,12.238457890,54000,55000
1b2765bcc299b13f60ac6ba31b8c1aeb550a10f4,3161.59,128.07,12.696884284,55000,56000
1b2765bcc299b13f60ac6ba31b8c1aeb550a10f4,3089.29,124.86,12.431075550,56000,56000
1b2765bcc299b13f60ac6ba31b8c1aeb550a10f4,3052.63,124.36,12.244666547,56000,54000
1b2765bcc299b13f60ac6ba31b8c1aeb550a10f4,3059.52,124.44,12.274160089,54000,55000
1b2765bcc299b13f60ac6ba31b8c1aeb550a10f4,3061.00,123.43,12.301896585,56000,56000
1b2765bcc299b13f60ac6ba31b8c1aeb550a10f4,3007.78,121.74,12.071488320,56000,56000
1b2765bcc299b13f60ac6ba31b8c1aeb550a10f4,3066.25,124.31,12.291407567,56000,56000
1b2765bcc299b13f60ac6ba31b8c1aeb550a10f4,3106.65,126.14,12.487133470,55000,55000
1b2765bcc299b13f60ac6ba31b8c1aeb550a10f4,3047.33,123.66,12.219257504,55000,55000
1b2765bcc299b13f60ac6ba31b8c1aeb550a10f4,3076.52,125.11,12.317843187,56000,55000
1b2765bcc299b13f60ac6ba31b8c1aeb550a10f4,3039.55,123.08,12.169841190,56000,56000
1b2765bcc299b13f60ac6ba31b8c1aeb550a10f4,3055.43,124.67,12.231487673,54000,56000
1b2765bcc299b13f60ac6ba31b8c1aeb550a10f4,3034.06,122.85,12.195487309,54000,54000
1b2765bcc299b13f60ac6ba31b8c1aeb550a10f4,3066.91,124.23,12.317307625,56000,56000
1b2765bcc299b13f60ac6ba31b8c1aeb550a10f4,3113.36,126.13,12.500738945,56000,56000
1b2765bcc299b13f60ac6ba31b8c1aeb550a10f4,3009.65,122.12,12.094613222,56000,56000
1b2765bcc299b13f60ac6ba31b8c1aeb550a10f4,3099.76,126.66,12.425385017,56000,56000
1b2765bcc299b13f60ac6ba31b8c1aeb550a10f4,3075.01,124.80,12.345731643,56000,56000
1b2765bcc299b13f60ac6ba31b8c1aeb550a10f4,3111.59,127.04,12.493698624,55000,56000
1b2765bcc299b13f60ac6ba31b8c1aeb550a10f4,3095.67,125.26,12.441385949,56000,55000
1b2765bcc299b13f60ac6ba31b8c1aeb550a10f4,3069.27,124.35,12.326603042,56000,56000
1b2765bcc299b13f60ac6ba31b8c1aeb550a10f4,3027.71,122.78,12.136677340,56000,55000
1b2765bcc299b13f60ac6ba31b8c1aeb550a10f4,2974.44,119.92,11.949307793,55000,56000
1b2765bcc299b13f60ac6ba31b8c1aeb550a10f4,3107.21,126.32,12.444422505,56000,56000
1b2765bcc299b13f60ac6ba31b8c1aeb550a10f4,3014.47,121.46,12.110695921,56000,55000
1b2765bcc299b13f60ac6ba31b8c1aeb550a10f4,3046.01,123.28,12.253794849,56000,56000
1b2765bcc299b13f60ac6ba31b8c1aeb550a10f4,2986.92,120.46,11.994701127,56000,56000
1b2765bcc299b13f60ac6ba31b8c1aeb550a10f4,3059.74,123.85,12.296440776,54000,55000
1b2765bcc299b13f60ac6ba31b8c1aeb550a10f4,3085.96,124.93,12.398388491,55000,56000
24402f9cbb8aeb1c1c658276f0aeb42364ee590e,3045.95,123.58,12.235299129,55000,55000
24402f9cbb8aeb1c1c658276f0aeb42364ee590e,3048.91,123.42,12.241002154,55000,55000
24402f9cbb8aeb1c1c658276f0aeb42364ee590e,2996.70,121.65,12.030854107,56000,56000
24402f9cbb8aeb1c1c658276f0aeb42364ee590e,3065.67,124.24,12.328686674,56000,55000
24402f9cbb8aeb1c1c658276f0aeb42364ee590e,3099.12,125.42,12.436559311,55000,54000
24402f9cbb8aeb1c1c658276f0aeb42364ee590e,3025.77,122.20,12.152671938,56000,55000
24402f9cbb8aeb1c1c658276f0aeb42364ee590e,3002.90,120.83,12.067270667,55000,56000
24402f9cbb8aeb1c1c658276f0aeb42364ee590e,3058.96,123.74,12.288748652,56000,55000
24402f9cbb8aeb1c1c658276f0aeb42364ee590e,3023.60,122.26,12.139346576,55000,55000
24402f9cbb8aeb1c1c658276f0aeb42364ee590e,3032.78,122.07,12.188760193,55000,55000
24402f9cbb8aeb1c1c658276f0aeb42364ee590e,3063.30,123.87,12.276627478,56000,56000
24402f9cbb8aeb1c1c658276f0aeb42364ee590e,3051.71,123.55,12.234778255,56000,55000
24402f9cbb8aeb1c1c658276f0aeb42364ee590e,3037.89,123.32,12.198631926,56000,56000
24402f9cbb8aeb1c1c658276f0aeb42364ee590e,3078.43,124.73,12.372356659,56000,55000
24402f9cbb8aeb1c1c658276f0aeb42364ee590e,3094.95,125.92,12.420928773,56000,56000
24402f9cbb8aeb1c1c658276f0aeb42364ee590e,3110.02,126.30,12.505988375,55000,56000
24402f9cbb8aeb1c1c658276f0aeb42364ee590e,3055.49,124.10,12.262905764,56000,56000
24402f9cbb8aeb1c1c658276f0aeb42364ee590e,3032.97,122.69,12.167112142,56000,55000
24402f9cbb8aeb1c1c658276f0aeb42364ee590e,3105.56,125.88,12.464960856,56000,56000
24402f9cbb8aeb1c1c658276f0aeb42364ee590e,2986.23,120.98,12.006669160,55000,55000
24402f9cbb8aeb1c1c658276f0aeb42364ee590e,3123.69,126.96,12.534914023,56000,55000
24402f9cbb8aeb1c1c658276f0aeb42364ee590e,3106.32,126.16,12.485886665,56000,55000
24402f9cbb8aeb1c1c658276f0aeb42364ee590e,3088.26,125.95,12.397223388,55000,56000
24402f9cbb8aeb1c1c658276f0aeb42364ee590e,2978.96,120.48,11.957095920,55000,55000
24402f9cbb8aeb1c1c658276f0aeb42364ee590e,3079.67,124.89,12.370297540,55000,55000
24402f9cbb8aeb1c1c658276f0aeb42364ee590e,3052.87,123.97,12.264282282,56000,56000
24402f9cbb8aeb1c1c658276f0aeb42364ee590e,3056.48,123.58,12.282786025,56000,56000
24402f9cbb8aeb1c1c658276f0aeb42364ee590e,3051.38,123.50,12.253945231,56000,56000
24402f9cbb8aeb1c1c658276f0aeb42364ee590e,3040.32,123.15,12.206315482,56000,56000
24402f9cbb8aeb1c1c658276f0aeb42364ee590e,2993.78,121.46,12.012372687,56000,56000
86f35bf971209ef328ccd17856ddcae6e97a78bc,3079.70,125.24,12.350149740,55000,56000
86f35bf971209ef328ccd17856ddcae6e97a78bc,3092.05,125.30,12.428488359,55000,56000
86f35bf971209ef328ccd17856ddcae6e97a78bc,3028.34,122.58,12.148306910,56000,54000
86f35bf971209ef328ccd17856ddcae6e97a78bc,3086.15,125.35,12.385642733,55000,56000
86f35bf971209ef328ccd17856ddcae6e97a78bc,3049.04,123.55,12.237315672,55000,55000
86f35bf971209ef328ccd17856ddcae6e97a78bc,3024.67,122.25,12.146039261,55000,56000
86f35bf971209ef328ccd17856ddcae6e97a78bc,3066.31,124.37,12.309927162,55000,56000
86f35bf971209ef328ccd17856ddcae6e97a78bc,3067.19,124.26,12.306022285,56000,56000
86f35bf971209ef328ccd17856ddcae6e97a78bc,3132.06,127.36,12.567949101,55000,54000
86f35bf971209ef328ccd17856ddcae6e97a78bc,3089.23,125.55,12.384867030,55000,54000
86f35bf971209ef328ccd17856ddcae6e97a78bc,3053.48,123.32,12.254196312,54000,55000
86f35bf971209ef328ccd17856ddcae6e97a78bc,3058.22,124.78,12.219697648,55000,56000
86f35bf971209ef328ccd17856ddcae6e97a78bc,3069.30,124.67,12.299099345,56000,56000
86f35bf971209ef328ccd17856ddcae6e97a78bc,3025.68,122.69,12.141686469,56000,55000
86f35bf971209ef328ccd17856ddcae6e97a78bc,3097.55,125.78,12.410754092,56000,56000
86f35bf971209ef328ccd17856ddcae6e97a78bc,3085.99,125.51,12.361480032,56000,56000
86f35bf971209ef328ccd17856ddcae6e97a78bc,3064.06,123.92,12.316534722,56000,55000
86f35bf971209ef328ccd17856ddcae6e97a78bc,3083.38,125.09,12.389219193,56000,55000
86f35bf971209ef328ccd17856ddcae6e97a78bc,3139.35,128.15,12.587270021,55000,56000
86f35bf971209ef328ccd17856ddcae6e97a78bc,3063.36,124.27,12.300991244,54000,56000
86f35bf971209ef328ccd17856ddcae6e97a78bc,3056.87,123.74,12.286949582,55000,55000
86f35bf971209ef328ccd17856ddcae6e97a78bc,3038.53,122.68,12.223248773,56000,55000
86f35bf971209ef328ccd17856ddcae6e97a78bc,3078.11,124.57,12.353329988,55000,55000
86f35bf971209ef328ccd17856ddcae6e97a78bc,3070.74,124.77,12.325270409,56000,56000
86f35bf971209ef328ccd17856ddcae6e97a78bc,3068.85,124.00,12.351650939,55000,56000
86f35bf971209ef328ccd17856ddcae6e97a78bc,3089.12,124.67,12.424496680,56000,55000
86f35bf971209ef328ccd17856ddcae6e97a78bc,3051.27,123.82,12.254333058,55000,54000
86f35bf971209ef328ccd17856ddcae6e97a78bc,3005.74,121.56,12.071865184,56000,54000
86f35bf971209ef328ccd17856ddcae6e97a78bc,3055.45,123.46,12.246417426,55000,55000
86f35bf971209ef328ccd17856ddcae6e97a78bc,3055.65,123.53,12.270404705,56000,55000
ae6552ffb6c6ba7f734c8e11f97307cdf39d0774,3053.21,123.54,12.256182015,56000,56000
ae6552ffb6c6ba7f734c8e11f97307cdf39d0774,3019.54,122.15,12.124305166,56000,56000
ae6552ffb6c6ba7f734c8e11f97307cdf39d0774,3066.86,124.50,12.309818746,55000,56000
ae6552ffb6c6ba7f734c8e11f97307cdf39d0774,2993.27,120.91,12.000280698,55000,55000
ae6552ffb6c6ba7f734c8e11f97307cdf39d0774,3060.47,123.67,12.319623515,55000,56000
ae6552ffb6c6ba7f734c8e11f97307cdf39d0774,3103.43,125.89,12.457984208,55000,55000
ae6552ffb6c6ba7f734c8e11f97307cdf39d0774,3021.37,122.52,12.099879952,55000,55000
ae6552ffb6c6ba7f734c8e11f97307cdf39d0774,3040.29,123.02,12.197157978,55000,56000
ae6552ffb6c6ba7f734c8e11f97307cdf39d0774,3020.19,122.08,12.133782151,56000,56000
ae6552ffb6c6ba7f734c8e11f97307cdf39d0774,3133.17,127.22,12.587233821,54000,55000
ae6552ffb6c6ba7f734c8e11f97307cdf39d0774,3058.89,124.08,12.286655060,55000,56000
ae6552ffb6c6ba7f734c8e11f97307cdf39d0774,2994.73,121.28,12.033580623,55000,54000
ae6552ffb6c6ba7f734c8e11f97307cdf39d0774,3047.09,124.11,12.228288428,56000,55000
ae6552ffb6c6ba7f734c8e11f97307cdf39d0774,3064.31,124.55,12.316866620,55000,56000
ae6552ffb6c6ba7f734c8e11f97307cdf39d0774,3106.63,126.08,12.480768261,56000,56000
ae6552ffb6c6ba7f734c8e11f97307cdf39d0774,3051.86,123.85,12.272152282,56000,56000
ae6552ffb6c6ba7f734c8e11f97307cdf39d0774,3031.89,122.88,12.160799021,55000,56000
ae6552ffb6c6ba7f734c8e11f97307cdf39d0774,3029.25,122.97,12.169054080,56000,56000
ae6552ffb6c6ba7f734c8e11f97307cdf39d0774,3116.34,126.82,12.484152453,56000,56000
ae6552ffb6c6ba7f734c8e11f97307cdf39d0774,3032.15,122.70,12.179338801,56000,56000
ae6552ffb6c6ba7f734c8e11f97307cdf39d0774,3118.87,126.64,12.538366958,56000,55000
ae6552ffb6c6ba7f734c8e11f97307cdf39d0774,3064.12,124.26,12.310036477,56000,56000
ae6552ffb6c6ba7f734c8e11f97307cdf39d0774,3092.02,126.00,12.416266637,56000,56000
ae6552ffb6c6ba7f734c8e11f97307cdf39d0774,3066.94,124.84,12.321073766,55000,56000
ae6552ffb6c6ba7f734c8e11f97307cdf39d0774,3085.08,124.87,12.398272980,55000,56000
ae6552ffb6c6ba7f734c8e11f97307cdf39d0774,3140.58,127.55,12.625941671,56000,56000
ae6552ffb6c6ba7f734c8e11f97307cdf39d0774,3013.21,122.02,12.126113791,55000,55000
ae6552ffb6c6ba7f734c8e11f97307cdf39d0774,3034.68,122.77,12.184755210,55000,56000
ae6552ffb6c6ba7f734c8e11f97307cdf39d0774,3094.21,125.37,12.431140061,56000,55000
ae6552ffb6c6ba7f734c8e11f97307cdf39d0774,3111.79,126.14,12.500567464,55000,55000
70d206c5185b90ecb84438704f563c971b37ac6c,3093.42,125.45,12.438435118,54000,56000
70d206c5185b90ecb84438704f563c971b37ac6c,3020.00,122.22,12.118971859,56000,56000
70d206c5185b90ecb84438704f563c971b37ac6c,3071.84,124.57,12.331102275,56000,55000
70d206c5185b90ecb84438704f563c971b37ac6c,3029.28,122.37,12.149766731,55000,56000
70d206c5185b90ecb84438704f563c971b37ac6c,3094.84,125.54,12.394997438,56000,55000
70d206c5185b90ecb84438704f563c971b37ac6c,3076.89,125.18,12.286831293,56000,56000
70d206c5185b90ecb84438704f563c971b37ac6c,3146.42,128.00,12.612216466,56000,56000
70d206c5185b90ecb84438704f563c971b37ac6c,3030.74,122.67,12.159651993,56000,56000
70d206c5185b90ecb84438704f563c971b37ac6c,3030.66,122.89,12.185042156,55000,56000
70d206c5185b90ecb84438704f563c971b37ac6c,3070.01,124.99,12.314642161,55000,56000
70d206c5185b90ecb84438704f563c971b37ac6c,3140.99,128.30,12.577880595,56000,55000
70d206c5185b90ecb84438704f563c971b37ac6c,3089.85,126.18,12.417008871,56000,55000
70d206c5185b90ecb84438704f563c971b37ac6c,2955.84,120.05,11.875732341,55000,54000
70d206c5185b90ecb84438704f563c971b37ac6c,3080.68,125.01,12.383729643,54000,55000
70d206c5185b90ecb84438704f563c971b37ac6c,3062.37,125.29,12.289829642,56000,56000
70d206c5185b90ecb84438704f563c971b37ac6c,3091.45,125.21,12.417765139,56000,54000
70d206c5185b90ecb84438704f563c971b37ac6c,3023.41,123.03,12.140458379,56000,55000
70d206c5185b90ecb84438704f563c971b37ac6c,3088.54,124.90,12.409873368,56000,56000
70d206c5185b90ecb84438704f563c971b37ac6c,3082.33,124.85,12.368529074,56000,56000
70d206c5185b90ecb84438704f563c971b37ac6c,3094.90,125.50,12.432468708,55000,55000
70d206c5185b90ecb84438704f563c971b37ac6c,3014.86,122.16,12.098586196,55000,55000
70d206c5185b90ecb84438704f563c971b37ac6c,3067.71,124.67,12.303824793,56000,56000
70d206c5185b90ecb84438704f563c971b37ac6c,3045.18,123.74,12.221319480,56000,56000
70d206c5185b90ecb84438704f563c971b37ac6c,3091.27,124.99,12.408685060,56000,56000
70d206c5185b90ecb84438704f563c971b37ac6c,3062.43,123.79,12.298138096,56000,56000
70d206c5185b90ecb84438704f563c971b37ac6c,3077.13,124.66,12.364530890,56000,56000
70d206c5185b90ecb84438704f563c971b37ac6c,3107.65,125.87,12.473441473,56000,55000
70d206c5185b90ecb84438704f563c971b37ac6c,3045.45,123.35,12.230809401,55000,55000
70d206c5185b90ecb84438704f563c971b37ac6c,2993.32,121.10,12.017284682,56000,56000
70d206c5185b90ecb84438704f563c971b37ac6c,3076.10,124.66,12.363026590,56000,56000
087abf0f8137ebc73a78a59e62d5259007a0bb4e,3055.18,123.67,12.283349081,56000,56000
087abf0f8137ebc73a78a59e62d5259007a0bb4e,3014.72,122.53,12.106932693,56000,56000
087abf0f8137ebc73a78a59e62d5259007a0bb4e,3039.41,123.13,12.180424536,56000,56000
087abf0f8137ebc73a78a59e62d5259007a0bb4e,3083.99,124.95,12.401769694,55000,56000
087abf0f8137ebc73a78a59e62d5259007a0bb4e,3039.96,123.06,12.194364357,56000,56000
087abf0f8137ebc73a78a59e62d5259007a0bb4e,3028.39,122.38,12.167996800,56000,56000
087abf0f8137ebc73a78a59e62d5259007a0bb4e,3053.78,123.66,12.258130768,56000,56000
087abf0f8137ebc73a78a59e62d5259007a0bb4e,3105.04,126.04,12.454796200,56000,56000
087abf0f8137ebc73a78a59e62d5259007a0bb4e,3058.03,123.90,12.288290196,56000,55000
087abf0f8137ebc73a78a59e62d5259007a0bb4e,3045.86,123.71,12.229831359,55000,56000
087abf0f8137ebc73a78a59e62d5259007a0bb4e,3134.89,127.19,12.585988485,56000,56000
087abf0f8137ebc73a78a59e62d5259007a0bb4e,3072.02,124.71,12.347267402,56000,56000
087abf0f8137ebc73a78a59e62d5259007a0bb4e,3078.34,124.88,12.362074028,56000,56000
087abf0f8137ebc73a78a59e62d5259007a0bb4e,3074.10,124.76,12.343653993,56000,56000
087abf0f8137ebc73a78a59e62d5259007a0bb4e,2962.82,119.94,11.898516524,56000,56000
087abf0f8137ebc73a78a59e62d5259007a0bb4e,3004.43,121.51,12.057754827,56000,56000
087abf0f8137ebc73a78a59e62d5259007a0bb4e,3048.54,123.52,12.237324158,56000,56000
087abf0f8137ebc73a78a59e62d5259007a0bb4e,3096.70,125.43,12.462359849,56000,56000
087abf0f8137ebc73a78a59e62d5259007a0bb4e,3065.30,124.72,12.316704809,56000,55000
087abf0f8137ebc73a78a59e62d5259007a0bb4e,3076.98,124.38,12.376094874,56000,55000
087abf0f8137ebc73a78a59e62d5259007a0bb4e,3062.28,123.51,12.311899356,56000,56000
087abf0f8137ebc73a78a59e62d5259007a0bb4e,3102.77,125.81,12.455445481,55000,55000
087abf0f8137ebc73a78a59e62d5259007a0bb4e,3143.67,127.12,12.606442997,56000,56000
087abf0f8137ebc73a78a59e62d5259007a0bb4e,3077.80,124.91,12.356224526,56000,55000
087abf0f8137ebc73a78a59e62d5259007a0bb4e,3008.17,121.07,12.092615018,55000,56000
087abf0f8137ebc73a78a59e62d5259007a0bb4e,3084.97,124.90,12.386585267,56000,56000
087abf0f8137ebc73a78a59e62d5259007a0bb4e,3006.22,121.09,12.048981926,55000,55000
087abf0f8137ebc73a78a59e62d5259007a0bb4e,3100.07,126.23,12.419857880,55000,55000
087abf0f8137ebc73a78a59e62d5259007a0bb4e,3034.99,122.33,12.181039975,55000,55000
087abf0f8137ebc73a78a59e62d5259007a0bb4e,2952.81,118.74,11.842344996,56000,54000
00cb918666b10694fed91c950576062d6e27d7a6,3069.83,124.11,12.329999571,54000,54000
00cb918666b10694fed91c950576062d6e27d7a6,3023.02,122.46,12.107474494,56000,56000
00cb918666b10694fed91c950576062d6e27d7a6,3049.68,123.25,12.234641120,55000,55000
00cb918666b10694fed91c950576062d6e27d7a6,3027.17,122.50,12.149288299,55000,55000
00cb918666b10694fed91c950576062d6e27d7a6,3037.36,123.78,12.187265846,55000,55000
00cb918666b10694fed91c950576062d6e27d7a6,3025.97,122.59,12.115841060,55000,55000
00cb918666b10694fed91c950576062d6e27d7a6,3109.13,125.76,12.482738659,55000,55000
00cb918666b10694fed91c950576062d6e27d7a6,3025.02,122.37,12.151247135,55000,56000
00cb918666b10694fed91c950576062d6e27d7a6,3018.54,121.90,12.093738418,55000,55000
00cb918666b10694fed91c950576062d6e27d7a6,3058.28,123.63,12.285171177,56000,55000
00cb918666b10694fed91c950576062d6e27d7a6,3067.62,124.43,12.324849639,55000,56000
00cb918666b10694fed91c950576062d6e27d7a6,3066.89,124.05,12.302545924,55000,56000
00cb918666b10694fed91c950576062d6e27d7a6,3070.10,124.20,12.320133030,56000,55000
00cb918666b10694fed91c950576062d6e27d7a6,3098.19,125.31,12.457551563,56000,55000
00cb918666b10694fed91c950576062d6e27d7a6,3110.45,125.87,12.481008000,54000,55000
00cb918666b10694fed91c950576062d6e27d7a6,3121.84,127.02,12.536415836,56000,56000
00cb918666b10694fed91c950576062d6e27d7a6,3064.28,124.68,12.289509439,56000,56000
00cb918666b10694fed91c950576062d6e27d7a6,3031.15,123.20,12.186778146,55000,56000
00cb918666b10694fed91c950576062d6e27d7a6,3085.77,125.00,12.378947572,56000,56000
00cb918666b10694fed91c950576062d6e27d7a6,3054.55,123.72,12.271741645,54000,56000
00cb918666b10694fed91c950576062d6e27d7a6,3088.92,125.28,12.400272849,55000,56000
00cb918666b10694fed91c950576062d6e27d7a6,3132.02,126.80,12.573044773,56000,55000
00cb918666b10694fed91c950576062d6e27d7a6,3080.27,125.05,12.350513842,56000,56000
00cb918666b10694fed91c950576062d6e27d7a6,3014.51,121.48,12.106089588,56000,56000
00cb918666b10694fed91c950576062d6e27d7a6,3089.02,124.79,12.418371554,56000,56000
00cb918666b10694fed91c950576062d6e27d7a6,3026.09,122.60,12.164281808,56000,55000
00cb918666b10694fed91c950576062d6e27d7a6,3062.57,123.99,12.314753812,56000,55000
00cb918666b10694fed91c950576062d6e27d7a6,3063.80,124.05,12.323751759,56000,54000
00cb918666b10694fed91c950576062d6e27d7a6,3044.25,123.77,12.204637011,54000,55000
00cb918666b10694fed91c950576062d6e27d7a6,3057.58,123.53,12.285969541,55000,56000
8aeefba57009199b89ad4c0c3c9132fcf854f8bd,3004.44,121.57,12.069211056,55000,54000
8aeefba57009199b89ad4c0c3c9132fcf854f8bd,2970.43,120.09,11.916419812,55000,56000
8aeefba57009199b89ad4c0c3c9132fcf854f8bd,2984.84,121.09,12.004971993,56000,55000
8aeefba57009199b89ad4c0c3c9132fcf854f8bd,3138.42,127.79,12.587123912,56000,56000
8aeefba57009199b89ad4c0c3c9132fcf854f8bd,2994.80,120.96,12.039027478,55000,56000
8aeefba57009199b89ad4c0c3c9132fcf854f8bd,3034.68,122.65,12.187020771,56000,55000
8aeefba57009199b89ad4c0c3c9132fcf854f8bd,3089.55,125.32,12.410982463,56000,56000
8aeefba57009199b89ad4c0c3c9132fcf854f8bd,3035.24,122.49,12.200022299,56000,56000
8aeefba57009199b89ad4c0c3c9132fcf854f8bd,3111.09,126.39,12.490628666,54000,56000
8aeefba57009199b89ad4c0c3c9132fcf854f8bd,3097.66,125.04,12.436971487,55000,55000
8aeefba57009199b89ad4c0c3c9132fcf854f8bd,3073.15,124.67,12.340529877,55000,56000
8aeefba57009199b89ad4c0c3c9132fcf854f8bd,3102.13,125.76,12.466397075,56000,56000
8aeefba57009199b89ad4c0c3c9132fcf854f8bd,3006.68,121.98,12.072862434,56000,56000
8aeefba57009199b89ad4c0c3c9132fcf854f8bd,3056.95,124.49,12.266433937,55000,55000
8aeefba57009199b89ad4c0c3c9132fcf854f8bd,3033.02,122.51,12.210403352,55000,56000
8aeefba57009199b89ad4c0c3c9132fcf854f8bd,3049.99,123.44,12.260786602,55000,55000
8aeefba57009199b89ad4c0c3c9132fcf854f8bd,3016.61,122.33,12.143815270,54000,56000
8aeefba57009199b89ad4c0c3c9132fcf854f8bd,3044.41,123.80,12.228083692,55000,56000
8aeefba57009199b89ad4c0c3c9132fcf854f8bd,3112.50,126.43,12.500901481,55000,56000
8aeefba57009199b89ad4c0c3c9132fcf854f8bd,3034.80,123.51,12.182359652,56000,56000
8aeefba57009199b89ad4c0c3c9132fcf854f8bd,3035.27,122.97,12.209121626,56000,56000
8aeefba57009199b89ad4c0c3c9132fcf854f8bd,3084.70,125.27,12.367817468,55000,57000
8aeefba57009199b89ad4c0c3c9132fcf854f8bd,3069.24,124.46,12.331363862,56000,55000
8aeefba57009199b89ad4c0c3c9132fcf854f8bd,2952.83,118.80,11.840774791,56000,55000
8aeefba57009199b89ad4c0c3c9132fcf854f8bd,3044.15,122.74,12.219089013,56000,56000
8aeefba57009199b89ad4c0c3c9132fcf854f8bd,3058.66,123.20,12.280572448,55000,56000
8aeefba57009199b89ad4c0c3c9132fcf854f8bd,3050.09,123.57,12.239225506,56000,55000
8aeefba57009199b89ad4c0c3c9132fcf854f8bd,3045.42,123.20,12.203501198,55000,56000
8aeefba57009199b89ad4c0c3c9132fcf854f8bd,3056.97,123.65,12.280189209,56000,56000
8aeefba57009199b89ad4c0c3c9132fcf854f8bd,3059.64,123.83,12.310008827,56000,54000
47605ac6705b7879263306e68f31f4b199e475a4,3060.37,123.89,12.293724533,56000,55000
47605ac6705b7879263306e68f31f4b199e475a4,3109.74,126.28,12.471154735,55000,55000
47605ac6705b7879263306e68f31f4b199e475a4,3087.58,124.99,12.369234331,56000,55000
47605ac6705b7879263306e68f31f4b199e475a4,3106.02,126.01,12.477001625,55000,55000
47605ac6705b7879263306e68f31f4b199e475a4,3011.66,121.54,12.080996392,55000,55000
47605ac6705b7879263306e68f31f4b199e475a4,3068.73,124.53,12.322323625,56000,55000
47605ac6705b7879263306e68f31f4b199e475a4,3081.76,125.38,12.343478212,55000,56000
47605ac6705b7879263306e68f31f4b199e475a4,3097.12,125.12,12.437077208,56000,54000
47605ac6705b7879263306e68f31f4b199e475a4,3027.34,122.50,12.161728923,56000,56000
47605ac6705b7879263306e68f31f4b199e475a4,3041.79,123.52,12.207878940,56000,56000
47605ac6705b7879263306e68f31f4b199e475a4,3067.88,124.18,12.305418911,55000,54000
47605ac6705b7879263306e68f31f4b199e475a4,3000.12,121.87,12.024095711,55000,55000
47605ac6705b7879263306e68f31f4b199e475a4,3041.65,123.54,12.201786679,55000,56000
47605ac6705b7879263306e68f31f4b199e475a4,3007.06,121.75,12.081578175,55000,56000
47605ac6705b7879263306e68f31f4b199e475a4,2951.12,118.84,11.844182501,56000,55000
47605ac6705b7879263306e68f31f4b199e475a4,3041.34,123.64,12.221319520,56000,56000
47605ac6705b7879263306e68f31f4b199e475a4,3076.24,125.19,12.351634096,56000,55000
47605ac6705b7879263306e68f31f4b199e475a4,3082.33,125.16,12.392710773,56000,56000
47605ac6705b7879263306e68f31f4b199e475a4,3058.85,124.19,12.271613295,56000,55000
47605ac6705b7879263306e68f31f4b199e475a4,3067.32,124.65,12.323832257,56000,56000
47605ac6705b7879263306e68f31f4b199e475a4,3047.99,123.83,12.237044276,55000,55000
47605ac6705b7879263306e68f31f4b199e475a4,3083.46,124.96,12.370829517,56000,56000
47605ac6705b7879263306e68f31f4b199e475a4,3035.39,122.78,12.160146547,55000,56000
47605ac6705b7879263306e68f31f4b199e475a4,3060.70,123.87,12.323386706,56000,55000
47605ac6705b7879263306e68f31f4b199e475a4,3051.90,123.45,12.264322150,56000,56000
47605ac6705b7879263306e68f31f4b199e475a4,3053.08,123.62,12.281496355,56000,56000
47605ac6705b7879263306e68f31f4b199e475a4,2978.93,120.24,11.960456535,55000,56000
47605ac6705b7879263306e68f31f4b199e475a4,2977.17,120.04,11.958600995,55000,55000
47605ac6705b7879263306e68f31f4b199e475a4,3120.15,126.74,12.547713563,56000,56000
47605ac6705b7879263306e68f31f4b199e475a4,3061.52,123.88,12.277391266,55000,56000
688313894de1f65bb46af551babaee8cdf01294a,3014.52,121.77,12.104260331,56000,56000
688313894de1f65bb46af551babaee8cdf01294a,3061.27,123.85,12.285151273,55000,56000
688313894de1f65bb46af551babaee8cdf01294a,3128.85,127.08,12.561696635,54000,56000
688313894de1f65bb46af551babaee8cdf01294a,3106.21,126.23,12.471646185,56000,55000
688313894de1f65bb46af551babaee8cdf01294a,3071.60,124.30,12.336030578,56000,55000
688313894de1f65bb46af551babaee8cdf01294a,3069.10,124.75,12.312716215,56000,56000
688313894de1f65bb46af551babaee8cdf01294a,2981.87,120.42,11.976108610,56000,56000
688313894de1f65bb46af551babaee8cdf01294a,3024.13,122.36,12.162568706,56000,56000
688313894de1f65bb46af551babaee8cdf01294a,3103.18,126.04,12.452282428,56000,56000
688313894de1f65bb46af551babaee8cdf01294a,3046.64,123.45,12.229902717,56000,55000
688313894de1f65bb46af551babaee8cdf01294a,3064.83,124.57,12.304748922,56000,56000
688313894de1f65bb46af551babaee8cdf01294a,3075.37,125.27,12.312284356,56000,56000
688313894de1f65bb46af551babaee8cdf01294a,3001.55,122.08,12.045480976,56000,55000
688313894de1f65bb46af551babaee8cdf01294a,3043.12,123.39,12.192697325,56000,56000
688313894de1f65bb46af551babaee8cdf01294a,2995.44,121.39,12.038102745,55000,56000
688313894de1f65bb46af551babaee8cdf01294a,3030.18,122.83,12.170901559,55000,56000
688313894de1f65bb46af551babaee8cdf01294a,3086.78,124.91,12.409578068,55000,55000
688313894de1f65bb46af551babaee8cdf01294a,3095.38,125.10,12.422277658,56000,56000
688313894de1f65bb46af551babaee8cdf01294a,3054.00,124.24,12.247131891,56000,56000
688313894de1f65bb46af551babaee8cdf01294a,3077.08,124.50,12.335096983,55000,55000
688313894de1f65bb46af551babaee8cdf01294a,3086.53,124.80,12.400235239,55000,55000
688313894de1f65bb46af551babaee8cdf01294a,3096.71,125.76,12.410588255,56000,55000
688313894de1f65bb46af551babaee8cdf01294a,3057.59,124.31,12.284313726,55000,55000
688313894de1f65bb46af551babaee8cdf01294a,3153.12,127.89,12.687349309,56000,56000
688313894de1f65bb46af551babaee8cdf01294a,3056.31,123.82,12.279641580,56000,56000
688313894de1f65bb46af551babaee8cdf01294a,3064.16,123.81,12.301629325,56000,55000
688313894de1f65bb46af551babaee8cdf01294a,3097.18,125.60,12.428677835,54000,55000
688313894de1f65bb46af551babaee8cdf01294a,2995.40,121.39,12.023490442,55000,55000
688313894de1f65bb46af551babaee8cdf01294a,3068.49,124.77,12.298207065,56000,55000
688313894de1f65bb46af551babaee8cdf01294a,3011.78,122.00,12.066667483,56000,55000
b1ba93341b2a33458d144eb1b4c39e9593b4a704,2934.16,118.10,11.769786928,56000,56000
b1ba93341b2a33458d144eb1b4c39e9593b4a704,3006.67,121.40,12.070422051,55000,54000
b1ba93341b2a33458d144eb1b4c39e9593b4a704,3037.24,122.98,12.192347533,55000,55000
b1ba93341b2a33458d144eb1b4c39e9593b4a704,3010.47,122.09,12.085490355,56000,55000
b1ba93341b2a33458d144eb1b4c39e9593b4a704,3074.80,124.76,12.342509685,55000,55000
b1ba93341b2a33458d144eb1b4c39e9593b4a704,3057.03,124.00,12.275188565,54000,56000
b1ba93341b2a33458d144eb1b4c39e9593b4a704,3062.28,123.96,12.287827403,55000,56000
b1ba93341b2a33458d144eb1b4c39e9593b4a704,3083.55,124.30,12.396917345,56000,55000
b1ba93341b2a33458d144eb1b4c39e9593b4a704,2989.88,120.44,11.998648101,55000,56000
b1ba93341b2a33458d144eb1b4c39e9593b4a704,3057.14,124.31,12.258551541,55000,56000
b1ba93341b2a33458d144eb1b4c39e9593b4a704,3078.64,125.09,12.336537971,55000,56000
b1ba93341b2a33458d144eb1b4c39e9593b4a704,3032.26,122.77,12.184627441,56000,55000
b1ba93341b2a33458d144eb1b4c39e9593b4a704,3020.50,122.60,12.123294308,56000,56000
b1ba93341b2a33458d144eb1b4c39e9593b4a704,3066.39,124.08,12.311291061,55000,56000
b1ba93341b2a33458d144eb1b4c39e9593b4a704,3080.72,125.43,12.344519630,55000,55000
b1ba93341b2a33458d144eb1b4c39e9593b4a704,3122.56,127.52,12.532340686,55000,56000
b1ba93341b2a33458d144eb1b4c39e9593b4a704,2993.38,121.58,12.001718191,56000,56000
b1ba93341b2a33458d144eb1b4c39e9593b4a704,3064.35,124.75,12.294450563,55000,56000
b1ba93341b2a33458d144eb1b4c39e9593b4a704,3008.63,122.07,12.092936879,56000,56000
b1ba93341b2a33458d144eb1b4c39e9593b4a704,3097.74,125.98,12.439049603,55000,56000
b1ba93341b2a33458d144eb1b4c39e9593b4a704,3060.83,124.50,12.281936866,56000,56000
b1ba93341b2a33458d144eb1b4c39e9593b4a704,2998.81,121.23,12.052408919,56000,56000
b1ba93341b2a33458d144eb1b4c39e9593b4a704,3013.67,121.95,12.105257858,56000,56000
b1ba93341b2a33458d144eb1b4c39e9593b4a704,3025.11,122.84,12.149392290,56000,56000
b1ba93341b2a33458d144eb1b4c39e9593b4a704,3091.15,125.34,12.425135533,56000,56000
b1ba93341b2a33458d144eb1b4c39e9593b4a704,3022.63,122.76,12.127270964,55000,56000
b1ba93341b2a33458d144eb1b4c39e9593b4a704,3076.06,124.65,12.347287468,56000,56000
b1ba93341b2a33458d144eb1b4c39e9593b4a704,3132.43,126.82,12.571719299,56000,56000
b1ba93341b2a33458d144eb1b4c39e9593b4a704,3036.90,122.64,12.201842023,56000,55000
b1ba93341b2a33458d144eb1b4c39e9593b4a704,3097.42,125.15,12.438137294,56000,54000
5a5c84cd9ac23964b55f42562075bd6fa1b66d9d,3025.36,122.41,12.148456387,55000,55000
5a5c84cd9ac23964b55f42562075bd6fa1b66d9d,3024.64,122.53,12.152480646,55000,55000
5a5c84cd9ac23964b55f42562075bd6fa1b66d9d,3060.13,123.88,12.301118654,55000,56000
5a5c84cd9ac23964b55f42562075bd6fa1b66d9d,3093.05,125.49,12.431560619,56000,55000
5a5c84cd9ac23964b55f42562075bd6fa1b66d9d,3023.82,122.34,12.142242173,56000,55000
5a5c84cd9ac23964b55f42562075bd6fa1b66d9d,3076.51,124.65,12.370067617,55000,55000
5a5c84cd9ac23964b55f42562075bd6fa1b66d9d,3046.58,123.18,12.217897434,56000,55000
5a5c84cd9ac23964b55f42562075bd6fa1b66d9d,3050.26,123.40,12.220871779,55000,56000
5a5c84cd9ac23964b55f42562075bd6fa1b66d9d,3050.54,123.61,12.229473082,55000,56000
5a5c84cd9ac23964b55f42562075bd6fa1b66d9d,3009.79,121.45,12.066307558,55000,54000
5a5c84cd9ac23964b55f42562075bd6fa1b66d9d,3102.09,125.97,12.458225759,56000,56000
5a5c84cd9ac23964b55f42562075bd6fa1b66d9d,3102.09,126.26,12.483878743,55000,56000
5a5c84cd9ac23964b55f42562075bd6fa1b66d9d,3078.91,125.03,12.348546438,56000,56000
5a5c84cd9ac23964b55f42562075bd6fa1b66d9d,3059.69,124.34,12.278594687,56000,55000
5a5c84cd9ac23964b55f42562075bd6fa1b66d9d,3041.25,123.19,12.232059525,54000,55000
5a5c84cd9ac23964b55f42562075bd6fa1b66d9d,3077.61,125.06,12.349584997,56000,56000
5a5c84cd9ac23964b55f42562075bd6fa1b66d9d,3088.52,125.46,12.406855274,55000,56000
5a5c84cd9ac23964b55f42562075bd6fa1b66d9d,3117.32,126.40,12.534073238,55000,56000
5a5c84cd9ac23964b55f42562075bd6fa1b66d9d,3078.35,125.18,12.381575552,56000,56000
5a5c84cd9ac23964b55f42562075bd6fa1b66d9d,3040.91,123.30,12.233135638,56000,55000
5a5c84cd9ac23964b55f42562075bd6fa1b66d9d,3076.65,124.80,12.349988274,56000,55000
5a5c84cd9ac23964b55f42562075bd6fa1b66d9d,3064.32,124.53,12.303876940,55000,55000
5a5c84cd9ac23964b55f42562075bd6fa1b66d9d,3031.19,122.38,12.173302561,56000,55000
5a5c84cd9ac23964b55f42562075bd6fa1b66d9d,3122.90,126.93,12.547036498,56000,55000
5a5c84cd9ac23964b55f42562075bd6fa1b66d9d,2999.02,121.56,12.069658483,56000,56000
5a5c84cd9ac23964b55f42562075bd6fa1b66d9d,3059.10,123.62,12.310037112,57000,55000
5a5c84cd9ac23964b55f42562075bd6fa1b66d9d,3052.96,123.52,12.289667436,56000,56000
5a5c84cd9ac23964b55f42562075bd6fa1b66d9d,3027.42,122.33,12.154890910,56000,56000
5a5c84cd9ac23964b55f42562075bd6fa1b66d9d,3086.71,124.71,12.398788183,56000,55000
5a5c84cd9ac23964b55f42562075bd6fa1b66d9d,3010.37,121.59,12.073812272,56000,56000
dc2bdb7ca7cc6534988439a68e8c49abfb0e07a3,2991.16,121.00,12.020670300,55000,56000
dc2bdb7ca7cc6534988439a68e8c49abfb0e07a3,3028.19,122.37,12.159281610,55000,56000
dc2bdb7ca7cc6534988439a68e8c49abfb0e07a3,2984.80,120.48,11.988235494,55000,55000
dc2bdb7ca7cc6534988439a68e8c49abfb0e07a3,3006.93,121.78,12.083814909,55000,56000
dc2bdb7ca7cc6534988439a68e8c49abfb0e07a3,3103.56,125.69,12.482400744,55000,55000
dc2bdb7ca7cc6534988439a68e8c49abfb0e07a3,3110.41,126.02,12.506214408,56000,55000
dc2bdb7ca7cc6534988439a68e8c49abfb0e07a3,3028.20,122.82,12.143879526,55000,55000
dc2bdb7ca7cc6534988439a68e8c49abfb0e07a3,3049.54,123.39,12.249596588,55000,56000
dc2bdb7ca7cc6534988439a68e8c49abfb0e07a3,3001.01,121.44,12.061432559,56000,55000
dc2bdb7ca7cc6534988439a68e8c49abfb0e07a3,3070.70,124.81,12.298600343,56000,56000
dc2bdb7ca7cc6534988439a68e8c49abfb0e07a3,2961.33,119.43,11.904838024,56000,55000
dc2bdb7ca7cc6534988439a68e8c49abfb0e07a3,3014.00,122.06,12.090353129,55000,56000
dc2bdb7ca7cc6534988439a68e8c49abfb0e07a3,3130.06,127.04,12.565586071,55000,55000
dc2bdb7ca7cc6534988439a68e8c49abfb0e07a3,3012.91,122.23,12.094119056,56000,56000
dc2bdb7ca7cc6534988439a68e8c49abfb0e07a3,3104.08,126.34,12.455165592,56000,56000
dc2bdb7ca7cc6534988439a68e8c49abfb0e07a3,3044.15,123.09,12.248869130,56000,55000
dc2bdb7ca7cc6534988439a68e8c49abfb0e07a3,3062.17,124.01,12.287831474,56000,56000
dc2bdb7ca7cc6534988439a68e8c49abfb0e07a3,3047.01,123.99,12.235400432,56000,56000
dc2bdb7ca7cc6534988439a68e8c49abfb0e07a3,3054.17,123.61,12.272617621,55000,56000
dc2bdb7ca7cc6534988439a68e8c49abfb0e07a3,3074.93,124.08,12.349679502,55000,55000
dc2bdb7ca7cc6534988439a68e8c49abfb0e07a3,3049.73,123.10,12.255289548,56000,56000
dc2bdb7ca7cc6534988439a68e8c49abfb0e07a3,3087.44,124.95,12.415105218,56000,56000
dc2bdb7ca7cc6534988439a68e8c49abfb0e07a3,2977.27,119.94,11.969442286,56000,55000
dc2bdb7ca7cc6534988439a68e8c49abfb0e07a3,3095.65,125.33,12.429056119,56000,56000
dc2bdb7ca7cc6534988439a68e8c49abfb0e07a3,3069.28,124.54,12.315477126,56000,56000
dc2bdb7ca7cc6534988439a68e8c49abfb0e07a3,3070.67,124.46,12.336703424,56000,56000
dc2bdb7ca7cc6534988439a68e8c49abfb0e07a3,2972.72,119.98,11.945464625,56000,56000
dc2bdb7ca7cc6534988439a68e8c49abfb0e07a3,3020.59,122.82,12.106388827,56000,56000
dc2bdb7ca7cc6534988439a68e8c49abfb0e07a3,3051.27,123.19,12.267341169,55000,55000
dc2bdb7ca7cc6534988439a68e8c49abfb0e07a3,3101.82,125.64,12.443972435,55000,55000
b61f6e0f774a99fbc49350e75ec85f2fa36f2eed,3110.33,126.13,12.496490040,56000,55000
b61f6e0f774a99fbc49350e75ec85f2fa36f2eed,3019.00,122.46,12.113962000,55000,55000
b61f6e0f774a99fbc49350e75ec85f2fa36f2eed,3080.22,124.69,12.395599769,55000,56000
b61f6e0f774a99fbc49350e75ec85f2fa36f2eed,3086.41,124.83,12.397782041,55000,56000
b61f6e0f774a99fbc49350e75ec85f2fa36f2eed,3044.74,123.63,12.233309525,55000,56000
b61f6e0f774a99fbc49350e75ec85f2fa36f2eed,3003.83,121.79,12.064016851,55000,56000
b61f6e0f774a99fbc49350e75ec85f2fa36f2eed,3076.18,124.53,12.358931278,56000,55000
b61f6e0f774a99fbc49350e75ec85f2fa36f2eed,2998.49,121.20,12.020560359,55000,55000
b61f6e0f774a99fbc49350e75ec85f2fa36f2eed,3050.24,123.58,12.247994353,56000,55000
b61f6e0f774a99fbc49350e75ec85f2fa36f2eed,2993.26,120.79,12.006256413,56000,56000
b61f6e0f774a99fbc49350e75ec85f2fa36f2eed,3052.86,123.87,12.253976752,56000,55000
b61f6e0f774a99fbc49350e75ec85f2fa36f2eed,3094.23,125.38,12.435067377,55000,56000
b61f6e0f774a99fbc49350e75ec85f2fa36f2eed,3043.43,123.16,12.236392159,56000,55000
b61f6e0f774a99fbc49350e75ec85f2fa36f2eed,3057.63,123.86,12.258102945,55000,55000
b61f6e0f774a99fbc49350e75ec85f2fa36f2eed,3062.96,123.59,12.306541286,56000,56000
b61f6e0f774a99fbc49350e75ec85f2fa36f2eed,3056.81,123.76,12.264636190,56000,56000
b61f6e0f774a99fbc49350e75ec85f2fa36f2eed,3078.89,124.69,12.362416537,56000,56000
b61f6e0f774a99fbc49350e75ec85f2fa36f2eed,3086.44,125.07,12.397668168,56000,56000
b61f6e0f774a99fbc49350e75ec85f2fa36f2eed,2938.92,118.49,11.813854100,54000,56000
b61f6e0f774a99fbc49350e75ec85f2fa36f2eed,3026.91,122.44,12.163649887,55000,55000
b61f6e0f774a99fbc49350e75ec85f2fa36f2eed,2972.49,120.19,11.936958775,56000,56000
b61f6e0f774a99fbc49350e75ec85f2fa36f2eed,3052.68,124.09,12.274020024,56000,54000
b61f6e0f774a99fbc49350e75ec85f2fa36f2eed,3111.23,126.85,12.488705378,56000,56000
b61f6e0f774a99fbc49350e75ec85f2fa36f2eed,3080.51,124.79,12.387392725,56000,56000
b61f6e0f774a99fbc49350e75ec85f2fa36f2eed,3122.55,126.30,12.540102129,55000,56000
b61f6e0f774a99fbc49350e75ec85f2fa36f2eed,3054.93,123.67,12.266733564,55000,55000
b61f6e0f774a99fbc49350e75ec85f2fa36f2eed,3062.86,124.21,12.306625925,56000,56000
b61f6e0f774a99fbc49350e75ec85f2fa36f2eed,3102.12,125.72,12.479594564,56000,55000
b61f6e0f774a99fbc49350e75ec85f2fa36f2eed,3054.71,123.60,12.276441493,55000,56000
b61f6e0f774a99fbc49350e75ec85f2fa36f2eed,3067.03,124.19,12.313236008,56000,56000
a1386412fe3a5ea0588168a7956ce722fbccd968,3070.97,124.33,12.349290827,56000,55000
a1386412fe3a5ea0588168a7956ce722fbccd968,3048.71,124.12,12.237069844,54000,56000
a1386412fe3a5ea0588168a7956ce722fbccd968,3021.28,121.90,12.138669782,56000,56000
a1386412fe3a5ea0588168a7956ce722fbccd968,3039.63,123.26,12.210427179,55000,55000
a1386412fe3a5ea0588168a7956ce722fbccd968,3088.46,124.97,12.420402531,54000,56000
a1386412fe3a5ea0588168a7956ce722fbccd968,2979.97,120.71,11.940961157,56000,56000
a1386412fe3a5ea0588168a7956ce722fbccd968,3006.08,121.56,12.059558981,55000,54000
a1386412fe3a5ea0588168a7956ce722fbccd968,3028.95,122.18,12.159141016,56000,55000
a1386412fe3a5ea0588168a7956ce722fbccd968,3071.07,124.86,12.327080799,56000,55000
a1386412fe3a5ea0588168a7956ce722fbccd968,3073.78,124.74,12.353548490,56000,55000
a1386412fe3a5ea0588168a7956ce722fbccd968,3017.00,122.33,12.118295730,56000,55000
a1386412fe3a5ea0588168a7956ce722fbccd968,3010.34,121.84,12.089636477,54000,55000
a1386412fe3a5ea0588168a7956ce722fbccd968,3003.22,121.42,12.037546047,56000,56000
a1386412fe3a5ea0588168a7956ce722fbccd968,2996.92,121.58,12.043971158,56000,56000
a1386412fe3a5ea0588168a7956ce722fbccd968,3099.86,125.74,12.433031321,56000,56000
a1386412fe3a5ea0588168a7956ce722fbccd968,3005.21,122.09,12.040986059,56000,56000
a1386412fe3a5ea0588168a7956ce722fbccd968,3104.92,125.95,12.469109991,55000,56000
a1386412fe3a5ea0588168a7956ce722fbccd968,3073.12,124.03,12.344628457,56000,55000
a1386412fe3a5ea0588168a7956ce722fbccd968,3060.24,123.97,12.292218418,56000,56000
a1386412fe3a5ea0588168a7956ce722fbccd968,3033.76,122.66,12.193583928,56000,56000
a1386412fe3a5ea0588168a7956ce722fbccd968,3037.33,123.23,12.224815752,56000,56000
a1386412fe3a5ea0588168a7956ce722fbccd968,3055.60,123.66,12.275189772,55000,56000
a1386412fe3a5ea0588168a7956ce722fbccd968,3103.24,125.78,12.477012714,56000,56000
a1386412fe3a5ea0588168a7956ce722fbccd968,3052.36,123.98,12.279810244,56000,55000
a1386412fe3a5ea0588168a7956ce722fbccd968,3050.29,123.19,12.241077327,56000,55000
a1386412fe3a5ea0588168a7956ce722fbccd968,3066.77,124.23,12.315893866,55000,54000
a1386412fe3a5ea0588168a7956ce722fbccd968,2952.77,118.66,11.831303041,56000,55000
a1386412fe3a5ea0588168a7956ce722fbccd968,3083.65,124.60,12.401492212,56000,54000
a1386412fe3a5ea0588168a7956ce722fbccd968,3045.27,123.35,12.246550580,55000,56000
a1386412fe3a5ea0588168a7956ce722fbccd968,3050.51,123.09,12.268598294,55000,56000
e5422fbd851d7d716b5c4c0c0923f1918b1165d4,3042.28,123.02,12.207395126,56000,55000
e5422fbd851d7d716b5c4c0c0923f1918b1165d4,3066.42,124.28,12.323961285,56000,56000
e5422fbd851d7d716b5c4c0c0923f1918b1165d4,3024.86,122.53,12.133417379,56000,56000
e5422fbd851d7d716b5c4c0c0923f1918b1165d4,3078.21,124.38,12.361820161,56000,56000
e5422fbd851d7d716b5c4c0c0923f1918b1165d4,3041.81,122.83,12.221482259,55000,56000
e5422fbd851d7d716b5c4c0c0923f1918b1165d4,3052.30,123.53,12.261575584,55000,56000
e5422fbd851d7d716b5c4c0c0923f1918b1165d4,3058.14,123.90,12.270647607,55000,56000
e5422fbd851d7d716b5c4c0c0923f1918b1165d4,3099.05,125.60,12.420348530,55000,55000
e5422fbd851d7d716b5c4c0c0923f1918b1165d4,3021.21,121.96,12.146554396,56000,56000
e5422fbd851d7d716b5c4c0c0923f1918b1165d4,3098.95,125.82,12.435252558,55000,56000
e5422fbd851d7d716b5c4c0c0923f1918b1165d4,3063.04,124.36,12.296145304,56000,56000
e5422fbd851d7d716b5c4c0c0923f1918b1165d4,3116.32,126.29,12.490069684,55000,55000
e5422fbd851d7d716b5c4c0c0923f1918b1165d4,3095.83,125.68,12.430647671,56000,56000
e5422fbd851d7d716b5c4c0c0923f1918b1165d4,3064.48,124.20,12.308268336,56000,55000
e5422fbd851d7d716b5c4c0c0923f1918b1165d4,3095.29,125.61,12.426067272,56000,55000
e5422fbd851d7d716b5c4c0c0923f1918b1165d4,2998.60,121.31,12.059819341,56000,55000
e5422fbd851d7d716b5c4c0c0923f1918b1165d4,3061.31,124.55,12.277444340,56000,56000
e5422fbd851d7d716b5c4c0c0923f1918b1165d4,3072.26,124.86,12.339207622,56000,56000
e5422fbd851d7d716b5c4c0c0923f1918b1165d4,3038.61,123.63,12.217049045,56000,56000
e5422fbd851d7d716b5c4c0c0923f1918b1165d4,3093.87,125.31,12.413908056,56000,56000
e5422fbd851d7d716b5c4c0c0923f1918b1165d4,2961.07,119.45,11.895176537,55000,56000
e5422fbd851d7d716b5c4c0c0923f1918b1165d4,3015.01,122.06,12.104783763,55000,54000
e5422fbd851d7d716b5c4c0c0923f1918b1165d4,3005.82,121.28,12.063874543,55000,56000
e5422fbd851d7d716b5c4c0c0923f1918b1165d4,3048.68,123.37,12.250939900,55000,56000
e5422fbd851d7d716b5c4c0c0923f1918b1165d4,3059.26,124.23,12.288391767,56000,56000
e5422fbd851d7d716b5c4c0c0923f1918b1165d4,2993.45,121.15,12.039614232,56000,55000
e5422fbd851d7d716b5c4c0c0923f1918b1165d4,3067.68,124.64,12.303395802,56000,55000
e5422fbd851d7d716b5c4c0c0923f1918b1165d4,3060.41,124.05,12.296060394,56000,55000
e5422fbd851d7d716b5c4c0c0923f1918b1165d4,3043.02,123.22,12.209580906,56000,54000
e5422fbd851d7d716b5c4c0c0923f1918b1165d4,3025.56,122.76,12.141085482,55000,56000
8841196f2ad99bd8314a94c335f66026d2eabec4,3096.80,125.60,12.447210424,55000,55000
8841196f2ad99bd8314a94c335f66026d2eabec4,3139.38,127.40,12.591548232,55000,56000
8841196f2ad99bd8314a94c335f66026d2eabec4,3053.08,123.85,12.261286169,56000,56000
8841196f2ad99bd8314a94c335f66026d2eabec4,2975.48,120.62,11.930704874,55000,56000
8841196f2ad99bd8314a94c335f66026d2eabec4,3052.20,123.47,12.254830325,56000,56000
8841196f2ad99bd8314a94c335f66026d2eabec4,3119.59,126.34,12.527818703,55000,56000
8841196f2ad99bd8314a94c335f66026d2eabec4,3053.18,123.24,12.255343772,55000,55000
8841196f2ad99bd8314a94c335f66026d2eabec4,3101.88,125.81,12.451789512,55000,55000
8841196f2ad99bd8314a94c335f66026d2eabec4,3041.01,122.72,12.203506221,56000,56000
8841196f2ad99bd8314a94c335f66026d2eabec4,3052.90,123.53,12.266398727,56000,55000
8841196f2ad99bd8314a94c335f66026d2eabec4,3078.53,124.78,12.347960991,56000,55000
8841196f2ad99bd8314a94c335f66026d2eabec4,2991.30,121.01,12.003383346,56000,56000
8841196f2ad99bd8314a94c335f66026d2eabec4,3117.39,126.79,12.502810027,56000,56000
8841196f2ad99bd8314a94c335f66026d2eabec4,3035.81,122.56,12.204930195,56000,55000
8841196f2ad99bd8314a94c335f66026d2eabec4,3040.43,122.93,12.225038432,55000,55000
8841196f2ad99bd8314a94c335f66026d2eabec4,3024.02,122.54,12.159158938,56000,56000
8841196f2ad99bd8314a94c335f66026d2eabec4,3088.23,125.40,12.401794314,55000,55000
8841196f2ad99bd8314a94c335f66026d2eabec4,3066.03,124.35,12.305284995,55000,56000
8841196f2ad99bd8314a94c335f66026d2eabec4,3056.71,123.91,12.292201571,56000,56000
8841196f2ad99bd8314a94c335f66026d2eabec4,3028.13,122.52,12.155362940,55000,56000
8841196f2ad99bd8314a94c335f66026d2eabec4,3070.37,123.86,12.319542583,55000,55000
8841196f2ad99bd8314a94c335f66026d2eabec4,3032.33,122.99,12.203420259,56000,55000
8841196f2ad99bd8314a94c335f66026d2eabec4,3045.96,123.29,12.217932482,56000,56000
8841196f2ad99bd8314a94c335f66026d2eabec4,3120.44,126.42,12.529509966,56000,56000
8841196f2ad99bd8314a94c335f66026d2eabec4,3042.09,123.49,12.226056546,56000,56000
8841196f2ad99bd8314a94c335f66026d2eabec4,3028.26,122.35,12.164572910,56000,56000
8841196f2ad99bd8314a94c335f66026d2eabec4,3081.28,124.61,12.379910954,55000,56000
8841196f2ad99bd8314a94c335f66026d2eabec4,3093.37,125.69,12.406072527,56000,55000
8841196f2ad99bd8314a94c335f66026d2eabec4,3116.67,126.07,12.512520042,55000,55000
8841196f2ad99bd8314a94c335f66026d2eabec4,3009.78,121.41,12.090731998,56000,55000
455a40a845f4bd6bef34d509c442350f2088b006,2970.98,120.17,11.935171715,55000,54000
455a40a845f4bd6bef34d509c442350f2088b006,3037.72,123.18,12.195099933,56000,56000
455a40a845f4bd6bef34d509c442350f2088b006,2968.48,119.85,11.929592015,55000,55000
455a40a845f4bd6bef34d509c442350f2088b006,3072.80,124.45,12.339792982,55000,55000
455a40a845f4bd6bef34d509c442350f2088b006,3079.32,124.85,12.367568482,56000,56000
455a40a845f4bd6bef34d509c442350f2088b006,3046.86,122.98,12.232786457,56000,56000
455a40a845f4bd6bef34d509c442350f2088b006,3008.43,121.26,12.069431056,56000,55000
455a40a845f4bd6bef34d509c442350f2088b006,3046.88,123.57,12.230832776,55000,55000
455a40a845f4bd6bef34d509c442350f2088b006,3098.98,125.71,12.446326206,55000,56000
455a40a845f4bd6bef34d509c442350f2088b006,3090.28,125.31,12.413177071,54000,54000
455a40a845f4bd6bef34d509c442350f2088b006,3078.00,124.78,12.347109061,56000,56000
455a40a845f4bd6bef34d509c442350f2088b006,3092.33,125.28,12.422848929,55000,56000
455a40a845f4bd6bef34d509c442350f2088b006,3011.84,121.97,12.075810138,55000,54000
455a40a845f4bd6bef34d509c442350f2088b006,3023.99,122.27,12.149803613,55000,55000
455a40a845f4bd6bef34d509c442350f2088b006,3033.19,122.95,12.171448464,54000,56000
455a40a845f4bd6bef34d509c442350f2088b006,3006.25,122.47,12.068482145,56000,55000
455a40a845f4bd6bef34d509c442350f2088b006,3114.27,126.80,12.507707355,54000,55000
455a40a845f4bd6bef34d509c442350f2088b006,3024.69,122.94,12.155632464,55000,55000
455a40a845f4bd6bef34d509c442350f2088b006,3062.36,124.34,12.280331770,56000,56000
455a40a845f4bd6bef34d509c442350f2088b006,2987.07,121.41,11.983613128,56000,56000
455a40a845f4bd6bef34d509c442350f2088b006,3040.28,123.01,12.181569499,56000,56000
455a40a845f4bd6bef34d509c442350f2088b006,3049.31,123.60,12.241280468,55000,56000
455a40a845f4bd6bef34d509c442350f2088b006,3069.96,124.52,12.353313894,56000,56000
455a40a845f4bd6bef34d509c442350f2088b006,3027.83,122.27,12.183431258,56000,56000
455a40a845f4bd6bef34d509c442350f2088b006,3044.74,123.14,12.207615348,56000,55000
455a40a845f4bd6bef34d509c442350f2088b006,3053.54,123.63,12.266172135,56000,55000
455a40a845f4bd6bef34d509c442350f2088b006,3085.08,125.73,12.376283232,55000,55000
455a40a845f4bd6bef34d509c442350f2088b006,3052.70,123.17,12.266056071,56000,56000
455a40a845f4bd6bef34d509c442350f2088b006,3065.85,123.90,12.332228749,55000,56000
455a40a845f4bd6bef34d509c442350f2088b006,3002.95,121.45,12.057740134,56000,55000
68b3a5319a0fb1efce765d1c59fc5052ea559fc4,3001.51,121.33,12.071422826,56000,56000
68b3a5319a0fb1efce765d1c59fc5052ea559fc4,3056.73,123.70,12.272683176,55000,56000
68b3a5319a0fb1efce765d1c59fc5052ea559fc4,3079.89,125.19,12.366571682,55000,55000
68b3a5319a0fb1efce765d1c59fc5052ea559fc4,3118.61,126.42,12.515656323,56000,56000
68b3a5319a0fb1efce765d1c59fc5052ea559fc4,3063.61,124.58,12.276873937,56000,56000
68b3a5319a0fb1efce765d1c59fc5052ea559fc4,3072.73,124.03,12.339122587,56000,56000
68b3a5319a0fb1efce765d1c59fc5052ea559fc4,3021.26,121.68,12.155818327,55000,55000
68b3a5319a0fb1efce765d1c59fc5052ea559fc4,3044.58,123.18,12.242535436,55000,55000
68b3a5319a0fb1efce765d1c59fc5052ea559fc4,3046.29,123.38,12.243102542,56000,55000
68b3a5319a0fb1efce765d1c59fc5052ea559fc4,3112.29,126.24,12.496222301,56000,56000
68b3a5319a0fb1efce765d1c59fc5052ea559fc4,3065.08,125.07,12.302003803,55000,55000
68b3a5319a0fb1efce765d1c59fc5052ea559fc4,3021.48,122.97,12.132370666,56000,56000
68b3a5319a0fb1efce765d1c59fc5052ea559fc4,3099.86,126.08,12.430132525,56000,55000
68b3a5319a0fb1efce765d1c59fc5052ea559fc4,3034.12,123.06,12.193183455,56000,56000
68b3a5319a0fb1efce765d1c59fc5052ea559fc4,3066.26,124.40,12.310262200,56000,56000
68b3a5319a0fb1efce765d1c59fc5052ea559fc4,3061.57,123.93,12.298513956,56000,56000
68b3a5319a0fb1efce765d1c59fc5052ea559fc4,3116.56,126.75,12.497951314,54000,56000
68b3a5319a0fb1efce765d1c59fc5052ea559fc4,3036.48,123.09,12.214388545,54000,56000
68b3a5319a0fb1efce765d1c59fc5052ea559fc4,2924.71,118.22,11.746056843,56000,56000
68b3a5319a0fb1efce765d1c59fc5052ea559fc4,2984.77,120.78,11.981841778,56000,54000
68b3a5319a0fb1efce765d1c59fc5052ea559fc4,3091.28,125.51,12.395079481,56000,56000
68b3a5319a0fb1efce765d1c59fc5052ea559fc4,2994.66,120.56,12.060083499,55000,56000
68b3a5319a0fb1efce765d1c59fc5052ea559fc4,3113.34,126.30,12.524374607,55000,55000
68b3a5319a0fb1efce765d1c59fc5052ea559fc4,3116.85,126.40,12.513823287,55000,56000
68b3a5319a0fb1efce765d1c59fc5052ea559fc4,3079.42,124.01,12.369908357,55000,56000
68b3a5319a0fb1efce765d1c59fc5052ea559fc4,2986.70,120.71,11.989317955,55000,55000
68b3a5319a0fb1efce765d1c59fc5052ea559fc4,3058.97,123.83,12.308257882,56000,56000
68b3a5319a0fb1efce765d1c59fc5052ea559fc4,2997.98,121.52,12.025566990,55000,56000
68b3a5319a0fb1efce765d1c59fc5052ea559fc4,3087.84,125.01,12.395703022,56000,55000
68b3a5319a0fb1efce765d1c59fc5052ea559fc4,3015.57,121.81,12.119330984,55000,55000
e1ca34d6efb75279b9c0df675a5dfe85536951ae,3036.61,123.05,12.187770898,56000,55000
e1ca34d6efb75279b9c0df675a5dfe85536951ae,3067.28,124.31,12.312687269,55000,56000
e1ca34d6efb75279b9c0df675a5dfe85536951ae,3039.10,123.32,12.194093643,56000,56000
e1ca34d6efb75279b9c0df675a5dfe85536951ae,3060.67,124.33,12.278030473,54000,54000
e1ca34d6efb75279b9c0df675a5dfe85536951ae,3054.87,123.81,12.242205835,56000,55000
e1ca34d6efb75279b9c0df675a5dfe85536951ae,3062.87,124.16,12.302267286,56000,55000
e1ca34d6efb75279b9c0df675a5dfe85536951ae,3119.70,126.49,12.517036815,56000,55000
e1ca34d6efb75279b9c0df675a5dfe85536951ae,3101.69,125.40,12.446099103,56000,55000
e1ca34d6efb75279b9c0df675a5dfe85536951ae,3065.57,124.58,12.316107680,54000,55000
e1ca34d6efb75279b9c0df675a5dfe85536951ae,3029.86,122.74,12.157862387,56000,55000
e1ca34d6efb75279b9c0df675a5dfe85536951ae,3025.95,122.52,12.139719879,54000,56000
e1ca34d6efb75279b9c0df675a5dfe85536951ae,3068.48,124.66,12.326696820,56000,56000
e1ca34d6efb75279b9c0df675a5dfe85536951ae,3086.02,124.98,12.385455846,56000,56000
e1ca34d6efb75279b9c0df675a5dfe85536951ae,3094.30,125.94,12.432095845,55000,55000
e1ca34d6efb75279b9c0df675a5dfe85536951ae,3085.71,124.97,12.366972002,56000,56000
e1ca34d6efb75279b9c0df675a5dfe85536951ae,3032.41,122.54,12.199129209,56000,56000
e1ca34d6efb75279b9c0df675a5dfe85536951ae,3074.63,125.33,12.343035364,56000,56000
e1ca34d6efb75279b9c0df675a5dfe85536951ae,3087.13,125.11,12.408318187,55000,56000
e1ca34d6efb75279b9c0df675a5dfe85536951ae,3031.31,123.41,12.161210721,55000,55000
e1ca34d6efb75279b9c0df675a5dfe85536951ae,3048.64,124.05,12.232497739,56000,56000
e1ca34d6efb75279b9c0df675a5dfe85536951ae,3070.91,124.30,12.352043382,56000,56000
e1ca34d6efb75279b9c0df675a5dfe85536951ae,3040.87,123.01,12.211761894,56000,56000
e1ca34d6efb75279b9c0df675a5dfe85536951ae,3012.65,121.70,12.099408657,56000,56000
e1ca34d6efb75279b9c0df675a5dfe85536951ae,2983.28,121.21,11.978897588,56000,56000
e1ca34d6efb75279b9c0df675a5dfe85536951ae,3029.33,122.34,12.157916481,56000,55000
e1ca34d6efb75279b9c0df675a5dfe85536951ae,3046.38,123.46,12.233703104,56000,56000
e1ca34d6efb75279b9c0df675a5dfe85536951ae,2968.70,120.21,11.929641720,56000,54000
e1ca34d6efb75279b9c0df675a5dfe85536951ae,3119.59,125.98,12.526753887,55000,56000
e1ca34d6efb75279b9c0df675a5dfe85536951ae,3078.18,125.61,12.344804647,54000,55000
e1ca34d6efb75279b9c0df675a5dfe85536951ae,3034.13,122.45,12.193372120,55000,55000
8e5cc652dae7a3493215f8f3e0d255b73fb64056,3081.19,124.83,12.385414063,56000,55000
8e5cc652dae7a3493215f8f3e0d255b73fb64056,3048.56,123.40,12.248934675,55000,55000
8e5cc652dae7a3493215f8f3e0d255b73fb64056,3009.96,121.62,12.089245847,56000,55000
8e5cc652dae7a3493215f8f3e0d255b73fb64056,3014.24,121.61,12.115226710,56000,54000
8e5cc652dae7a3493215f8f3e0d255b73fb64056,3064.50,124.16,12.308509291,56000,56000
8e5cc652dae7a3493215f8f3e0d255b73fb64056,3018.16,121.95,12.084977838,56000,56000
8e5cc652dae7a3493215f8f3e0d255b73fb64056,3049.82,123.72,12.246113063,56000,56000
8e5cc652dae7a3493215f8f3e0d255b73fb64056,3117.19,126.37,12.517036440,54000,55000
8e5cc652dae7a3493215f8f3e0d255b73fb64056,2997.08,120.48,12.026069966,55000,56000
8e5cc652dae7a3493215f8f3e0d255b73fb64056,3038.18,123.14,12.204325690,56000,56000
8e5cc652dae7a3493215f8f3e0d255b73fb64056,2996.30,121.21,12.003660547,56000,55000
8e5cc652dae7a3493215f8f3e0d255b73fb64056,3102.16,125.40,12.438766091,56000,56000
8e5cc652dae7a3493215f8f3e0d255b73fb64056,3100.04,125.00,12.469389880,56000,55000
8e5cc652dae7a3493215f8f3e0d255b73fb64056,3061.98,124.22,12.301023709,55000,56000
8e5cc652dae7a3493215f8f3e0d255b73fb64056,2993.88,121.27,12.016831071,54000,56000
8e5cc652dae7a3493215f8f3e0d255b73fb64056,3040.39,123.60,12.197683249,56000,55000
8e5cc652dae7a3493215f8f3e0d255b73fb64056,3070.81,124.52,12.351076236,56000,56000
8e5cc652dae7a3493215f8f3e0d255b73fb64056,3057.25,123.77,12.282906695,55000,56000
8e5cc652dae7a3493215f8f3e0d255b73fb64056,3099.84,125.94,12.471362056,56000,55000
8e5cc652dae7a3493215f8f3e0d255b73fb64056,2995.51,121.90,12.043773071,56000,55000
8e5cc652dae7a3493215f8f3e0d255b73fb64056,2983.86,120.35,12.007302172,56000,56000
8e5cc652dae7a3493215f8f3e0d255b73fb64056,3061.91,124.18,12.309399368,55000,55000
8e5cc652dae7a3493215f8f3e0d255b73fb64056,3037.03,122.80,12.205298194,56000,56000
8e5cc652dae7a3493215f8f3e0d255b73fb64056,3112.54,126.34,12.517479741,56000,56000
8e5cc652dae7a3493215f8f3e0d255b73fb64056,3080.65,124.96,12.378823854,56000,56000
8e5cc652dae7a3493215f8f3e0d255b73fb64056,3074.96,124.67,12.315401334,55000,56000
8e5cc652dae7a3493215f8f3e0d255b73fb64056,3025.26,122.22,12.165719940,55000,56000
8e5cc652dae7a3493215f8f3e0d255b73fb64056,3111.87,126.98,12.460965512,56000,56000
8e5cc652dae7a3493215f8f3e0d255b73fb64056,3062.84,123.98,12.292640620,54000,56000
8e5cc652dae7a3493215f8f3e0d255b73fb64056,3104.09,126.36,12.464015900,56000,55000
9e18854bbccc50c12e3977bc29db0fd874a522bc,3033.63,122.91,12.179538086,56000,55000
9e18854bbccc50c12e3977bc29db0fd874a522bc,3110.33,126.59,12.487832184,55000,55000
9e18854bbccc50c12e3977bc29db0fd874a522bc,3047.51,123.40,12.244388572,55000,55000
9e18854bbccc50c12e3977bc29db0fd874a522bc,3091.37,125.14,12.425677006,55000,55000
9e18854bbccc50c12e3977bc29db0fd874a522bc,3108.96,126.56,12.485015784,55000,56000
9e18854bbccc50c12e3977bc29db0fd874a522bc,2958.76,119.41,11.874022496,54000,55000
9e18854bbccc50c12e3977bc29db0fd874a522bc,3049.59,123.60,12.219964576,56000,55000
9e18854bbccc50c12e3977bc29db0fd874a522bc,3067.08,124.04,12.323406234,55000,56000
9e18854bbccc50c12e3977bc29db0fd874a522bc,2918.84,117.52,11.689360848,56000,55000
9e18854bbccc50c12e3977bc29db0fd874a522bc,3053.03,123.43,12.251738311,56000,56000
9e18854bbccc50c12e3977bc29db0fd874a522bc,3011.67,122.20,12.098688177,55000,56000
9e18854bbccc50c12e3977bc29db0fd874a522bc,3121.28,126.99,12.539092880,56000,56000
9e18854bbccc50c12e3977bc29db0fd874a522bc,3118.27,126.84,12.525883691,56000,55000
9e18854bbccc50c12e3977bc29db0fd874a522bc,3097.32,125.86,12.451984783,55000,55000
9e18854bbccc50c12e3977bc29db0fd874a522bc,3063.95,124.29,12.301905606,55000,55000
9e18854bbccc50c12e3977bc29db0fd874a522bc,3009.39,121.58,12.064574366,55000,56000
9e18854bbccc50c12e3977bc29db0fd874a522bc,3101.52,125.86,12.463417040,55000,55000
9e18854bbccc50c12e3977bc29db0fd874a522bc,3028.38,123.40,12.141030900,56000,56000
9e18854bbccc50c12e3977bc29db0fd874a522bc,3096.39,125.98,12.433364459,56000,56000
9e18854bbccc50c12e3977bc29db0fd874a522bc,3031.14,122.93,12.169401731,56000,56000
9e18854bbccc50c12e3977bc29db0fd874a522bc,3095.86,125.46,12.449987331,55000,55000
9e18854bbccc50c12e3977bc29db0fd874a522bc,3032.10,122.19,12.196481323,56000,55000
9e18854bbccc50c12e3977bc29db0fd874a522bc,3075.58,125.15,12.339514868,55000,56000
9e18854bbccc50c12e3977bc29db0fd874a522bc,3116.91,126.45,12.510293510,56000,55000
9e18854bbccc50c12e3977bc29db0fd874a522bc,3099.41,125.79,12.423281316,56000,55000
9e18854bbccc50c12e3977bc29db0fd874a522bc,3142.33,127.54,12.623460633,56000,55000
9e18854bbccc50c12e3977bc29db0fd874a522bc,3016.41,122.22,12.131960036,56000,56000
9e18854bbccc50c12e3977bc29db0fd874a522bc,2955.34,119.83,11.846673912,56000,55000
9e18854bbccc50c12e3977bc29db0fd874a522bc,3032.75,123.01,12.173893597,56000,55000
9e18854bbccc50c12e3977bc29db0fd874a522bc,3019.49,122.25,12.131744099,56000,56000
515a24cf05d7a05d92ba66b213a81cbc6e525f8c,3022.05,122.24,12.130052299,56000,56000
515a24cf05d7a05d92ba66b213a81cbc6e525f8c,3043.07,123.51,12.211062948,55000,55000
515a24cf05d7a05d92ba66b213a81cbc6e525f8c,3040.12,123.28,12.206743638,55000,56000
515a24cf05d7a05d92ba66b213a81cbc6e525f8c,3098.85,125.63,12.447754779,54000,54000
515a24cf05d7a05d92ba66b213a81cbc6e525f8c,3106.61,125.73,12.478291968,55000,55000
515a24cf05d7a05d92ba66b213a81cbc6e525f8c,3074.27,124.26,12.371220411,55000,55000
515a24cf05d7a05d92ba66b213a81cbc6e525f8c,3113.98,126.14,12.510346758,56000,54000
515a24cf05d7a05d92ba66b213a81cbc6e525f8c,3063.05,123.90,12.303242273,55000,55000
515a24cf05d7a05d92ba66b213a81cbc6e525f8c,3037.46,122.51,12.206628259,54000,55000
515a24cf05d7a05d92ba66b213a81cbc6e525f8c,3095.97,125.62,12.433498162,56000,56000
515a24cf05d7a05d92ba66b213a81cbc6e525f8c,3117.58,126.42,12.501128754,55000,55000
515a24cf05d7a05d92ba66b213a81cbc6e525f8c,3031.20,122.35,12.175270319,55000,55000
515a24cf05d7a05d92ba66b213a81cbc6e525f8c,3008.14,121.23,12.056888115,55000,55000
515a24cf05d7a05d92ba66b213a81cbc6e525f8c,3015.38,121.40,12.113620112,56000,54000
515a24cf05d7a05d92ba66b213a81cbc6e525f8c,3116.18,126.20,12.503161908,56000,56000
515a24cf05d7a05d92ba66b213a81cbc6e525f8c,3085.18,124.85,12.384603500,55000,55000
515a24cf05d7a05d92ba66b213a81cbc6e525f8c,3057.89,124.17,12.270376828,55000,56000
515a24cf05d7a05d92ba66b213a81cbc6e525f8c,3009.39,121.85,12.089039659,55000,55000
515a24cf05d7a05d92ba66b213a81cbc6e525f8c,3080.35,125.14,12.392525249,55000,56000
515a24cf05d7a05d92ba66b213a81cbc6e525f8c,3028.04,123.01,12.170432328,56000,56000
515a24cf05d7a05d92ba66b213a81cbc6e525f8c,2947.47,118.91,11.845804116,56000,56000
515a24cf05d7a05d92ba66b213a81cbc6e525f8c,2998.51,121.48,12.071327851,55000,55000
515a24cf05d7a05d92ba66b213a81cbc6e525f8c,3026.77,123.08,12.159424310,55000,55000
515a24cf05d7a05d92ba66b213a81cbc6e525f8c,3099.87,126.22,12.445650036,56000,55000
515a24cf05d7a05d92ba66b213a81cbc6e525f8c,3091.93,125.75,12.414362180,55000,55000
515a24cf05d7a05d92ba66b213a81cbc6e525f8c,3014.24,122.24,12.085891703,56000,56000
515a24cf05d7a05d92ba66b213a81cbc6e525f8c,3139.04,126.84,12.592881677,56000,55000
515a24cf05d7a05d92ba66b213a81cbc6e525f8c,3073.12,124.80,12.337240701,56000,55000
515a24cf05d7a05d92ba66b213a81cbc6e525f8c,3072.55,124.30,12.327410388,56000,56000
515a24cf05d7a05d92ba66b213a81cbc6e525f8c,3108.79,126.36,12.473388454,55000,56000
e7bb9f0aa59f6303c3428e81f209a2ea3424ead9,3097.75,126.12,12.424913409,55000,55000
e7bb9f0aa59f6303c3428e81f209a2ea3424ead9,2944.06,118.35,11.819891562,56000,55000
e7bb9f0aa59f6303c3428e81f209a2ea3424ead9,3063.22,123.80,12.313252602,55000,56000
e7bb9f0aa59f6303c3428e81f209a2ea3424ead9,3048.08,123.67,12.231079540,56000,55000
e7bb9f0aa59f6303c3428e81f209a2ea3424ead9,3086.45,125.09,12.400702157,56000,54000
e7bb9f0aa59f6303c3428e81f209a2ea3424ead9,3025.54,122.24,12.168312565,55000,55000
e7bb9f0aa59f6303c3428e81f209a2ea3424ead9,3157.60,127.63,12.670630537,56000,55000
e7bb9f0aa59f6303c3428e81f209a2ea3424ead9,2943.50,118.95,11.830699030,55000,56000
e7bb9f0aa59f6303c3428e81f209a2ea3424ead9,2978.64,120.93,11.953124884,55000,55000
e7bb9f0aa59f6303c3428e81f209a2ea3424ead9,3021.17,121.54,12.123855514,54000,56000
e7bb9f0aa59f6303c3428e81f209a2ea3424ead9,3057.05,123.23,12.285812916,56000,56000
e7bb9f0aa59f6303c3428e81f209a2ea3424ead9,3019.99,121.97,12.152268729,56000,55000
e7bb9f0aa59f6303c3428e81f209a2ea3424ead9,3080.50,124.89,12.354728638,56000,55000
e7bb9f0aa59f6303c3428e81f209a2ea3424ead9,3080.69,124.82,12.379535340,56000,55000
e7bb9f0aa59f6303c3428e81f209a2ea3424ead9,3008.10,122.35,12.058980119,54000,56000
e7bb9f0aa59f6303c3428e81f209a2ea3424ead9,3037.67,122.45,12.216594183,55000,55000
e7bb9f0aa59f6303c3428e81f209a2ea3424ead9,3084.91,124.93,12.389960480,56000,56000
e7bb9f0aa59f6303c3428e81f209a2ea3424ead9,3050.37,123.20,12.248002223,56000,56000
e7bb9f0aa59f6303c3428e81f209a2ea3424ead9,3048.66,123.64,12.263117824,56000,56000
e7bb9f0aa59f6303c3428e81f209a2ea3424ead9,3064.42,123.88,12.324375199,56000,56000
e7bb9f0aa59f6303c3428e81f209a2ea3424ead9,3038.08,122.69,12.201610294,56000,55000
e7bb9f0aa59f6303c3428e81f209a2ea3424ead9,3077.70,124.69,12.377453110,55000,55000
e7bb9f0aa59f6303c3428e81f209a2ea3424ead9,2892.04,116.98,11.584337080,56000,55000
e7bb9f0aa59f6303c3428e81f209a2ea3424ead9,3037.21,122.20,12.196698120,55000,56000
e7bb9f0aa59f6303c3428e81f209a2ea3424ead9,3037.75,122.79,12.209282335,56000,55000
e7bb9f0aa59f6303c3428e81f209a2ea3424ead9,3078.96,124.66,12.367931298,56000,55000
e7bb9f0aa59f6303c3428e81f209a2ea3424ead9,3014.34,121.69,12.087090110,56000,55000
e7bb9f0aa59f6303c3428e81f209a2ea3424ead9,3030.60,122.01,12.185325783,55000,56000
e7bb9f0aa59f6303c3428e81f209a2ea3424ead9,3027.81,122.74,12.143134606,55000,55000
e7bb9f0aa59f6303c3428e81f209a2ea3424ead9,2998.64,120.98,12.041744303,55000,56000
37e0dc39e8ad7e55b314116eb24eb7f487a110b8,3050.46,123.38,12.251044530,56000,55000
37e0dc39e8ad7e55b314116eb24eb7f487a110b8,3122.14,126.59,12.541045158,55000,55000
37e0dc39e8ad7e55b314116eb24eb7f487a110b8,2958.40,119.43,11.888266529,56000,56000
37e0dc39e8ad7e55b314116eb24eb7f487a110b8,3040.47,122.93,12.200458770,55000,56000
37e0dc39e8ad7e55b314116eb24eb7f487a110b8,3054.55,123.19,12.272031370,55000,56000
37e0dc39e8ad7e55b314116eb24eb7f487a110b8,3003.22,121.44,12.053146127,56000,56000
37e0dc39e8ad7e55b314116eb24eb7f487a110b8,3087.77,125.13,12.394176881,55000,55000
37e0dc39e8ad7e55b314116eb24eb7f487a110b8,3034.42,123.03,12.169810153,55000,56000
37e0dc39e8ad7e55b314116eb24eb7f487a110b8,2981.19,120.30,11.971069370,55000,55000
37e0dc39e8ad7e55b314116eb24eb7f487a110b8,3023.74,121.97,12.160057108,54000,55000
37e0dc39e8ad7e55b314116eb24eb7f487a110b8,3126.82,126.57,12.542353048,55000,55000
37e0dc39e8ad7e55b314116eb24eb7f487a110b8,3037.74,123.12,12.192575581,55000,55000
37e0dc39e8ad7e55b314116eb24eb7f487a110b8,3044.63,122.33,12.242781111,55000,56000
37e0dc39e8ad7e55b314116eb24eb7f487a110b8,3006.10,121.36,12.064071994,56000,55000
37e0dc39e8ad7e55b314116eb24eb7f487a110b8,3116.93,126.67,12.525005753,56000,56000
37e0dc39e8ad7e55b314116eb24eb7f487a110b8,3042.27,123.20,12.225388424,55000,56000
37e0dc39e8ad7e55b314116eb24eb7f487a110b8,3016.35,122.10,12.120737974,56000,56000
37e0dc39e8ad7e55b314116eb24eb7f487a110b8,3003.89,121.47,12.066407615,56000,56000
37e0dc39e8ad7e55b314116eb24eb7f487a110b8,3050.13,123.59,12.264215631,56000,55000
37e0dc39e8ad7e55b314116eb24eb7f487a110b8,2984.98,121.15,11.995687694,56000,56000
37e0dc39e8ad7e55b314116eb24eb7f487a110b8,3043.54,123.08,12.237153988,55000,56000
37e0dc39e8ad7e55b314116eb24eb7f487a110b8,3029.16,122.18,12.151119390,55000,56000
37e0dc39e8ad7e55b314116eb24eb7f487a110b8,3028.75,122.69,12.166530218,56000,55000
37e0dc39e8ad7e55b314116eb24eb7f487a110b8,3058.57,123.99,12.288373929,55000,56000
37e0dc39e8ad7e55b314116eb24eb7f487a110b8,3054.25,124.24,12.277383070,56000,55000
37e0dc39e8ad7e55b314116eb24eb7f487a110b8,3034.90,123.01,12.181740987,55000,55000
37e0dc39e8ad7e55b314116eb24eb7f487a110b8,3093.58,125.23,12.441247427,56000,55000
37e0dc39e8ad7e55b314116eb24eb7f487a110b8,3034.19,122.99,12.193328173,56000,55000
37e0dc39e8ad7e55b314116eb24eb7f487a110b8,3008.27,120.97,12.092386266,55000,56000
37e0dc39e8ad7e55b314116eb24eb7f487a110b8,3081.74,125.01,12.380352112,55000,56000
9ef4eb67fbecb0283a12f2663cc182566438c583,3104.62,126.33,12.510434513,55000,56000
9ef4eb67fbecb0283a12f2663cc182566438c583,2984.93,120.53,11.987312502,56000,56000
9ef4eb67fbecb0283a12f2663cc182566438c583,3041.64,123.51,12.214189634,55000,55000
9ef4eb67fbecb0283a12f2663cc182566438c583,2946.82,119.20,11.826359260,55000,55000
9ef4eb67fbecb0283a12f2663cc182566438c583,3078.50,125.52,12.366644253,55000,55000
9ef4eb67fbecb0283a12f2663cc182566438c583,3090.92,125.35,12.422462451,55000,55000
9ef4eb67fbecb0283a12f2663cc182566438c583,3002.81,121.26,12.068917747,56000,56000
9ef4eb67fbecb0283a12f2663cc182566438c583,3140.44,127.68,12.602362710,55000,55000
9ef4eb67fbecb0283a12f2663cc182566438c583,3032.16,122.52,12.175317265,56000,55000
9ef4eb67fbecb0283a12f2663cc182566438c583,3021.84,122.35,12.116049952,56000,55000
9ef4eb67fbecb0283a12f2663cc182566438c583,3058.84,123.69,12.297569960,56000,55000
9ef4eb67fbecb0283a12f2663cc182566438c583,2996.60,120.90,12.030838522,56000,56000
9ef4eb67fbecb0283a12f2663cc182566438c583,3043.76,123.07,12.210039550,56000,55000
9ef4eb67fbecb0283a12f2663cc182566438c583,2996.97,120.97,12.036883574,55000,56000
9ef4eb67fbecb0283a12f2663cc182566438c583,2994.65,121.81,12.030834918,56000,56000
9ef4eb67fbecb0283a12f2663cc182566438c583,3046.56,123.48,12.232527115,55000,56000
9ef4eb67fbecb0283a12f2663cc182566438c583,3089.83,125.88,12.400200331,54000,55000
9ef4eb67fbecb0283a12f2663cc182566438c583,3015.40,122.13,12.112005583,56000,56000
9ef4eb67fbecb0283a12f2663cc182566438c583,3002.12,121.70,12.067034943,55000,56000
9ef4eb67fbecb0283a12f2663cc182566438c583,2976.02,120.31,11.947449781,56000,56000
9ef4eb67fbecb0283a12f2663cc182566438c583,3010.27,121.62,12.102096822,56000,56000
9ef4eb67fbecb0283a12f2663cc182566438c583,3084.27,124.84,12.388500658,56000,55000
9ef4eb67fbecb0283a12f2663cc182566438c583,3069.86,124.56,12.330754997,56000,56000
9ef4eb67fbecb0283a12f2663cc182566438c583,3080.98,124.46,12.371441025,57000,56000
9ef4eb67fbecb0283a12f2663cc182566438c583,3043.45,123.18,12.229686939,56000,56000
9ef4eb67fbecb0283a12f2663cc182566438c583,3032.50,122.97,12.189518925,55000,56000
9ef4eb67fbecb0283a12f2663cc182566438c583,3066.16,124.40,12.311119603,56000,55000
9ef4eb67fbecb0283a12f2663cc182566438c583,3058.15,123.53,12.267170259,56000,56000
9ef4eb67fbecb0283a12f2663cc182566438c583,3036.43,122.98,12.193024095,55000,56000
9ef4eb67fbecb0283a12f2663cc182566438c583,3022.90,122.17,12.150399117,56000,55000
a4ba432c32a4622e60cbc8fd074d07e3b854d9d8,3085.71,125.09,12.388424117,54000,55000
a4ba432c32a4622e60cbc8fd074d07e3b854d9d8,3079.82,124.85,12.353186353,56000,55000
a4ba432c32a4622e60cbc8fd074d07e3b854d9d8,3054.86,123.99,12.270817501,55000,55000
a4ba432c32a4622e60cbc8fd074d07e3b854d9d8,3063.81,123.73,12.318195274,56000,55000
a4ba432c32a4622e60cbc8fd074d07e3b854d9d8,2996.42,121.20,12.032361633,56000,55000
a4ba432c32a4622e60cbc8fd074d07e3b854d9d8,3054.36,123.13,12.268043534,56000,55000
a4ba432c32a4622e60cbc8fd074d07e3b854d9d8,3037.01,122.96,12.190273718,55000,56000
a4ba432c32a4622e60cbc8fd074d07e3b854d9d8,3012.00,121.56,12.101119585,56000,56000
a4ba432c32a4622e60cbc8fd074d07e3b854d9d8,3109.03,125.92,12.462413636,56000,56000
a4ba432c32a4622e60cbc8fd074d07e3b854d9d8,3100.65,125.69,12.462976563,55000,56000
a4ba432c32a4622e60cbc8fd074d07e3b854d9d8,3081.86,124.47,12.377474957,55000,56000
a4ba432c32a4622e60cbc8fd074d07e3b854d9d8,3080.64,124.62,12.363098599,56000,56000
a4ba432c32a4622e60cbc8fd074d07e3b854d9d8,3022.78,122.89,12.127106616,56000,55000
a4ba432c32a4622e60cbc8fd074d07e3b854d9d8,3077.96,125.59,12.352087951,55000,56000
a4ba432c32a4622e60cbc8fd074d07e3b854d9d8,3056.52,123.63,12.294493499,56000,55000
a4ba432c32a4622e60cbc8fd074d07e3b854d9d8,3101.59,125.78,12.445920315,55000,55000
a4ba432c32a4622e60cbc8fd074d07e3b854d9d8,3010.47,121.34,12.089439833,56000,55000
a4ba432c32a4622e60cbc8fd074d07e3b854d9d8,3074.59,124.28,12.342630160,56000,56000
a4ba432c32a4622e60cbc8fd074d07e3b854d9d8,3041.52,123.71,12.196343888,56000,56000
a4ba432c32a4622e60cbc8fd074d07e3b854d9d8,3071.33,124.77,12.329722245,56000,56000
a4ba432c32a4622e60cbc8fd074d07e3b854d9d8,3090.06,124.98,12.406881370,56000,55000
a4ba432c32a4622e60cbc8fd074d07e3b854d9d8,3037.45,123.01,12.214442869,56000,56000
a4ba432c32a4622e60cbc8fd074d07e3b854d9d8,3067.18,124.44,12.309595941,56000,55000
a4ba432c32a4622e60cbc8fd074d07e3b854d9d8,2990.94,121.57,11.991321746,56000,56000
a4ba432c32a4622e60cbc8fd074d07e3b854d9d8,3059.95,123.79,12.280329651,56000,55000
a4ba432c32a4622e60cbc8fd074d07e3b854d9d8,3047.46,122.92,12.252011577,56000,55000
a4ba432c32a4622e60cbc8fd074d07e3b854d9d8,3066.76,124.25,12.314285723,54000,55000
a4ba432c32a4622e60cbc8fd074d07e3b854d9d8,3067.31,124.15,12.324867754,56000,56000
a4ba432c32a4622e60cbc8fd074d07e3b854d9d8,3002.65,120.72,12.040473858,56000,56000
a4ba432c32a4622e60cbc8fd074d07e3b854d9d8,3024.01,122.43,12.142614162,55000,56000
31ee39fe17f893a54630fef24babedb30795d76a,3066.35,124.51,12.297200789,56000,54000
31ee39fe17f893a54630fef24babedb30795d76a,3061.92,124.36,12.283890134,55000,56000
31ee39fe17f893a54630fef24babedb30795d76a,2969.79,120.18,11.916217015,55000,55000
31ee39fe17f893a54630fef24babedb30795d76a,3096.56,125.57,12.428521472,55000,55000
31ee39fe17f893a54630fef24babedb30795d76a,3056.78,123.62,12.283420229,55000,54000
31ee39fe17f893a54630fef24babedb30795d76a,2991.51,120.64,12.021310040,56000,55000
31ee39fe17f893a54630fef24babedb30795d76a,3051.16,123.37,12.249280878,55000,55000
31ee39fe17f893a54630fef24babedb30795d76a,3006.89,121.26,12.087082773,56000,56000
31ee39fe17f893a54630fef24babedb30795d76a,3091.88,125.38,12.403130798,55000,55000
31ee39fe17f893a54630fef24babedb30795d76a,2999.64,121.42,12.029391943,56000,55000
31ee39fe17f893a54630fef24babedb30795d76a,3034.99,122.40,12.189892649,56000,55000
31ee39fe17f893a54630fef24babedb30795d76a,3045.48,123.27,12.221617672,55000,57000
31ee39fe17f893a54630fef24babedb30795d76a,3058.68,124.19,12.271862554,55000,56000
31ee39fe17f893a54630fef24babedb30795d76a,3036.91,123.13,12.189959507,55000,55000
31ee39fe17f893a54630fef24babedb30795d76a,3112.37,127.06,12.509716708,56000,54000
31ee39fe17f893a54630fef24babedb30795d76a,3062.49,124.16,12.310783846,56000,55000
31ee39fe17f893a54630fef24babedb30795d76a,3096.15,125.80,12.432658585,56000,56000
31ee39fe17f893a54630fef24babedb30795d76a,3046.82,123.56,12.265372911,56000,56000
31ee39fe17f893a54630fef24babedb30795d76a,3052.23,123.79,12.265049275,55000,56000
31ee39fe17f893a54630fef24babedb30795d76a,3018.74,122.73,12.133352326,55000,54000
31ee39fe17f893a54630fef24babedb30795d76a,3089.58,125.28,12.429344411,55000,56000
31ee39fe17f893a54630fef24babedb30795d76a,3047.20,123.62,12.237489378,55000,56000
31ee39fe17f893a54630fef24babedb30795d76a,3028.00,122.49,12.168920982,56000,56000
31ee39fe17f893a54630fef24babedb30795d76a,2970.78,120.16,11.934640152,56000,56000
31ee39fe17f893a54630fef24babedb30795d76a,3085.24,124.96,12.390428674,56000,56000
31ee39fe17f893a54630fef24babedb30795d76a,3194.83,129.60,12.812559579,55000,56000
31ee39fe17f893a54630fef24babedb30795d76a,3086.35,125.09,12.383618384,55000,55000
31ee39fe17f893a54630fef24babedb30795d76a,3039.75,123.21,12.208746839,55000,56000
31ee39fe17f893a54630fef24babedb30795d76a,3104.34,126.39,12.447563011,56000,55000
31ee39fe17f893a54630fef24babedb30795d76a,3026.71,122.78,12.178068140,55000,55000
e6bb8abc912ffd5065fe8cf5c2cd06a854eabc2a,2948.65,119.17,11.872511736,55000,56000
e6bb8abc912ffd5065fe8cf5c2cd06a854eabc2a,3137.43,127.24,12.589688404,55000,55000
e6bb8abc912ffd5065fe8cf5c2cd06a854eabc2a,3002.88,122.13,12.036532002,56000,56000
e6bb8abc912ffd5065fe8cf5c2cd06a854eabc2a,3062.32,123.78,12.299132919,55000,56000
e6bb8abc912ffd5065fe8cf5c2cd06a854eabc2a,3120.59,126.83,12.546651736,56000,55000
e6bb8abc912ffd5065fe8cf5c2cd06a854eabc2a,3067.30,124.40,12.316862831,56000,54000
e6bb8abc912ffd5065fe8cf5c2cd06a854eabc2a,3031.32,122.02,12.177195403,56000,55000
e6bb8abc912ffd5065fe8cf5c2cd06a854eabc2a,2995.44,121.34,12.018158735,56000,56000
e6bb8abc912ffd5065fe8cf5c2cd06a854eabc2a,3052.20,124.09,12.249140512,56000,55000
e6bb8abc912ffd5065fe8cf5c2cd06a854eabc2a,3054.09,123.62,12.269920006,56000,55000
e6bb8abc912ffd5065fe8cf5c2cd06a854eabc2a,3064.00,124.74,12.282547468,55000,56000
e6bb8abc912ffd5065fe8cf5c2cd06a854eabc2a,3109.93,126.05,12.506361002,55000,55000
e6bb8abc912ffd5065fe8cf5c2cd06a854eabc2a,3064.28,124.25,12.314041594,53000,56000
e6bb8abc912ffd5065fe8cf5c2cd06a854eabc2a,3030.48,122.48,12.178554413,56000,55000
e6bb8abc912ffd5065fe8cf5c2cd06a854eabc2a,3020.15,122.21,12.135877270,55000,55000
e6bb8abc912ffd5065fe8cf5c2cd06a854eabc2a,3099.47,125.74,12.469338643,56000,56000
e6bb8abc912ffd5065fe8cf5c2cd06a854eabc2a,3103.58,126.26,12.468026279,56000,56000
e6bb8abc912ffd5065fe8cf5c2cd06a854eabc2a,3089.77,125.56,12.420393676,55000,56000
e6bb8abc912ffd5065fe8cf5c2cd06a854eabc2a,3109.49,126.10,12.505637131,55000,56000
e6bb8abc912ffd5065fe8cf5c2cd06a854eabc2a,3049.08,123.56,12.238064050,55000,56000
e6bb8abc912ffd5065fe8cf5c2cd06a854eabc2a,3036.73,123.27,12.193239988,56000,55000
e6bb8abc912ffd5065fe8cf5c2cd06a854eabc2a,3128.74,126.99,12.576101900,55000,56000
e6bb8abc912ffd5065fe8cf5c2cd06a854eabc2a,3006.24,121.56,12.055194929,56000,56000
e6bb8abc912ffd5065fe8cf5c2cd06a854eabc2a,3111.54,126.62,12.489792285,56000,55000
e6bb8abc912ffd5065fe8cf5c2cd06a854eabc2a,3100.73,126.20,12.443838109,55000,55000
e6bb8abc912ffd5065fe8cf5c2cd06a854eabc2a,2973.66,120.28,11.943779604,56000,56000
e6bb8abc912ffd5065fe8cf5c2cd06a854eabc2a,3050.31,123.44,12.275068536,56000,55000
e6bb8abc912ffd5065fe8cf5c2cd06a854eabc2a,3061.27,123.89,12.308061445,55000,54000
e6bb8abc912ffd5065fe8cf5c2cd06a854eabc2a,3034.70,122.44,12.183578454,55000,56000
e6bb8abc912ffd5065fe8cf5c2cd06a854eabc2a,3035.50,123.24,12.194277141,56000,56000
6f9012f2a193ebfefe4a4384e7642820e7aab0f5,3075.61,124.29,12.355123579,55000,55000
6f9012f2a193ebfefe4a4384e7642820e7aab0f5,3066.02,123.76,12.318866232,55000,55000
6f9012f2a193ebfefe4a4384e7642820e7aab0f5,3048.57,123.21,12.231891402,55000,55000
6f9012f2a193ebfefe4a4384e7642820e7aab0f5,3086.80,125.22,12.422473653,55000,56000
6f9012f2a193ebfefe4a4384e7642820e7aab0f5,3060.99,124.26,12.280654898,54000,55000
6f9012f2a193ebfefe4a4384e7642820e7aab0f5,2964.24,119.23,11.888871994,55000,56000
6f9012f2a193ebfefe4a4384e7642820e7aab0f5,3014.35,121.57,12.112954152,55000,56000
6f9012f2a193ebfefe4a4384e7642820e7aab0f5,3071.80,124.59,12.323196503,55000,56000
6f9012f2a193ebfefe4a4384e7642820e7aab0f5,3028.52,122.20,12.169079337,56000,56000
6f9012f2a193ebfefe4a4384e7642820e7aab0f5,3037.75,123.32,12.195648526,56000,56000
6f9012f2a193ebfefe4a4384e7642820e7aab0f5,3001.23,121.67,12.034923759,56000,56000
6f9012f2a193ebfefe4a4384e7642820e7aab0f5,3041.28,123.47,12.217332700,56000,56000
6f9012f2a193ebfefe4a4384e7642820e7aab0f5,3036.69,123.01,12.209250045,56000,55000
6f9012f2a193ebfefe4a4384e7642820e7aab0f5,3073.53,124.61,12.361885723,56000,55000
6f9012f2a193ebfefe4a4384e7642820e7aab0f5,3018.29,121.99,12.128446270,55000,56000
6f9012f2a193ebfefe4a4384e7642820e7aab0f5,3130.15,127.07,12.561155502,56000,56000
6f9012f2a193ebfefe4a4384e7642820e7aab0f5,3058.34,124.30,12.288161205,56000,56000
6f9012f2a193ebfefe4a4384e7642820e7aab0f5,3034.55,123.30,12.179439041,55000,56000
6f9012f2a193ebfefe4a4384e7642820e7aab0f5,3068.60,124.57,12.329997560,54000,55000
6f9012f2a193ebfefe4a4384e7642820e7aab0f5,3119.18,125.90,12.566275379,56000,55000
6f9012f2a193ebfefe4a4384e7642820e7aab0f5,3105.57,126.12,12.451792726,56000,55000
6f9012f2a193ebfefe4a4384e7642820e7aab0f5,3000.09,121.54,12.046378064,56000,56000
6f9012f2a193ebfefe4a4384e7642820e7aab0f5,3050.76,123.54,12.236480683,56000,56000
6f9012f2a193ebfefe4a4384e7642820e7aab0f5,3032.75,122.71,12.200336073,56000,56000
6f9012f2a193ebfefe4a4384e7642820e7aab0f5,3033.73,122.45,12.171175055,56000,56000
6f9012f2a193ebfefe4a4384e7642820e7aab0f5,3069.83,124.06,12.333264739,56000,55000
6f9012f2a193ebfefe4a4384e7642820e7aab0f5,3051.26,123.08,12.267227223,56000,56000
6f9012f2a193ebfefe4a4384e7642820e7aab0f5,3047.15,123.25,12.243187438,56000,55000
6f9012f2a193ebfefe4a4384e7642820e7aab0f5,3064.90,123.89,12.327717555,55000,55000
6f9012f2a193ebfefe4a4384e7642820e7aab0f5,3042.28,123.05,12.227037433,55000,56000
64b61a2fe03effcd5a6b8c5a6426d14f3681a1e2,3012.77,121.87,12.091001867,56000,55000
64b61a2fe03effcd5a6b8c5a6426d14f3681a1e2,3035.91,123.20,12.198594928,54000,55000
64b61a2fe03effcd5a6b8c5a6426d14f3681a1e2,3019.59,122.71,12.104852754,55000,54000
64b61a2fe03effcd5a6b8c5a6426d14f3681a1e2,3171.63,128.77,12.711852869,56000,54000
64b61a2fe03effcd5a6b8c5a6426d14f3681a1e2,3079.37,125.45,12.359640746,56000,56000
64b61a2fe03effcd5a6b8c5a6426d14f3681a1e2,2950.33,119.14,11.827800410,55000,54000
64b61a2fe03effcd5a6b8c5a6426d14f3681a1e2,3033.15,122.18,12.184064908,55000,55000
64b61a2fe03effcd5a6b8c5a6426d14f3681a1e2,3057.68,123.84,12.270633616,56000,54000
64b61a2fe03effcd5a6b8c5a6426d14f3681a1e2,3060.73,124.42,12.258735588,56000,55000
64b61a2fe03effcd5a6b8c5a6426d14f3681a1e2,2985.07,120.71,11.952897187,55000,55000
64b61a2fe03effcd5a6b8c5a6426d14f3681a1e2,3072.64,124.16,12.317237136,56000,55000
64b61a2fe03effcd5a6b8c5a6426d14f3681a1e2,3054.24,123.52,12.239849617,55000,56000
64b61a2fe03effcd5a6b8c5a6426d14f3681a1e2,3018.23,122.04,12.088913233,56000,56000
64b61a2fe03effcd5a6b8c5a6426d14f3681a1e2,2951.98,118.98,11.863261078,56000,56000
64b61a2fe03effcd5a6b8c5a6426d14f3681a1e2,3056.84,123.32,12.291051714,55000,56000
64b61a2fe03effcd5a6b8c5a6426d14f3681a1e2,3021.91,121.83,12.132033136,56000,56000
64b61a2fe03effcd5a6b8c5a6426d14f3681a1e2,3062.71,124.43,12.289877459,55000,56000
64b61a2fe03effcd5a6b8c5a6426d14f3681a1e2,3051.36,123.60,12.255346099,56000,55000
64b61a2fe03effcd5a6b8c5a6426d14f3681a1e2,3036.32,123.07,12.184589968,56000,54000
64b61a2fe03effcd5a6b8c5a6426d14f3681a1e2,3000.25,121.63,12.048155296,56000,55000
64b61a2fe03effcd5a6b8c5a6426d14f3681a1e2,3035.38,123.10,12.218291472,55000,56000
64b61a2fe03effcd5a6b8c5a6426d14f3681a1e2,2992.37,121.76,11.996815347,55000,56000
64b61a2fe03effcd5a6b8c5a6426d14f3681a1e2,2984.24,120.49,11.995671490,56000,55000
64b61a2fe03effcd5a6b8c5a6426d14f3681a1e2,3025.75,122.76,12.138365869,55000,56000
64b61a2fe03effcd5a6b8c5a6426d14f3681a1e2,3054.25,123.41,12.295799296,55000,55000
64b61a2fe03effcd5a6b8c5a6426d14f3681a1e2,2948.34,118.80,11.839585784,56000,56000
64b61a2fe03effcd5a6b8c5a6426d14f3681a1e2,3095.80,124.94,12.429529837,56000,55000
64b61a2fe03effcd5a6b8c5a6426d14f3681a1e2,3030.57,122.47,12.183880013,56000,55000
64b61a2fe03effcd5a6b8c5a6426d14f3681a1e2,3074.27,124.64,12.340527483,55000,55000
64b61a2fe03effcd5a6b8c5a6426d14f3681a1e2,3113.22,126.04,12.507096737,55000,55000
16511fbd09e98688ea7f2216abad2b7568eb8527,3027.61,122.44,12.153904192,55000,56000
16511fbd09e98688ea7f2216abad2b7568eb8527,3047.19,123.57,12.229236609,56000,54000
16511fbd09e98688ea7f2216abad2b7568eb8527,3090.93,125.51,12.407126036,55000,56000
16511fbd09e98688ea7f2216abad2b7568eb8527,3094.15,125.53,12.432981306,55000,55000
16511fbd09e98688ea7f2216abad2b7568eb8527,3092.62,125.61,12.410904062,55000,55000
16511fbd09e98688ea7f2216abad2b7568eb8527,3062.78,124.32,12.288026994,56000,56000
16511fbd09e98688ea7f2216abad2b7568eb8527,3042.95,122.55,12.231491819,55000,56000
16511fbd09e98688ea7f2216abad2b7568eb8527,3106.67,126.21,12.483751724,55000,55000
16511fbd09e98688ea7f2216abad2b7568eb8527,3071.41,124.71,12.327974723,56000,55000
16511fbd09e98688ea7f2216abad2b7568eb8527,3058.73,123.71,12.311874642,55000,55000
16511fbd09e98688ea7f2216abad2b7568eb8527,3009.77,121.69,12.073796150,55000,56000
16511fbd09e98688ea7f2216abad2b7568eb8527,3023.22,121.85,12.143846535,56000,55000
16511fbd09e98688ea7f2216abad2b7568eb8527,3074.63,124.72,12.344454223,55000,56000
16511fbd09e98688ea7f2216abad2b7568eb8527,3001.75,121.39,12.056681372,56000,56000
16511fbd09e98688ea7f2216abad2b7568eb8527,3080.26,124.53,12.391166370,55000,56000
16511fbd09e98688ea7f2216abad2b7568eb8527,3040.84,122.86,12.228411075,56000,55000
16511fbd09e98688ea7f2216abad2b7568eb8527,3085.24,125.61,12.375804188,54000,55000
16511fbd09e98688ea7f2216abad2b7568eb8527,3066.55,124.46,12.345002439,56000,55000
16511fbd09e98688ea7f2216abad2b7568eb8527,3096.33,125.60,12.444565292,56000,56000
16511fbd09e98688ea7f2216abad2b7568eb8527,3048.40,123.49,12.258882533,56000,56000
16511fbd09e98688ea7f2216abad2b7568eb8527,2989.55,120.52,12.030097003,55000,55000
16511fbd09e98688ea7f2216abad2b7568eb8527,3009.31,121.31,12.097998563,56000,56000
16511fbd09e98688ea7f2216abad2b7568eb8527,3075.22,125.12,12.359974700,55000,56000
16511fbd09e98688ea7f2216abad2b7568eb8527,3040.82,123.55,12.227232075,55000,56000
16511fbd09e98688ea7f2216abad2b7568eb8527,3121.03,127.06,12.531711499,56000,55000
16511fbd09e98688ea7f2216abad2b7568eb8527,2991.21,120.40,12.023210245,55000,56000
16511fbd09e98688ea7f2216abad2b7568eb8527,2994.57,121.47,12.027496870,56000,56000
16511fbd09e98688ea7f2216abad2b7568eb8527,2969.92,119.33,11.932914935,56000,55000
16511fbd09e98688ea7f2216abad2b7568eb8527,3063.92,124.99,12.288944236,56000,56000
16511fbd09e98688ea7f2216abad2b7568eb8527,3049.42,123.49,12.243237221,56000,55000
d579bcd699cdcf2ec00b06cd339624421a49ad97,2925.43,117.71,11.760517918,55000,54000
d579bcd699cdcf2ec00b06cd339624421a49ad97,3064.63,123.85,12.305697530,55000,56000
d579bcd699cdcf2ec00b06cd339624421a49ad97,3017.91,122.19,12.111624773,55000,54000
d579bcd699cdcf2ec00b06cd339624421a49ad97,3010.97,121.45,12.100608747,56000,55000
d579bcd699cdcf2ec00b06cd339624421a49ad97,3011.81,121.48,12.096560044,55000,56000
d579bcd699cdcf2ec00b06cd339624421a49ad97,3066.22,124.26,12.321205448,55000,54000
d579bcd699cdcf2ec00b06cd339624421a49ad97,3025.55,122.26,12.163367803,55000,55000
d579bcd699cdcf2ec00b06cd339624421a49ad97,3089.48,125.51,12.387399470,55000,56000
d579bcd699cdcf2ec00b06cd339624421a49ad97,3049.80,123.43,12.253412851,55000,56000
d579bcd699cdcf2ec00b06cd339624421a49ad97,2960.51,119.49,11.872861986,56000,56000
d579bcd699cdcf2ec00b06cd339624421a49ad97,3072.77,124.40,12.354276242,56000,56000
d579bcd699cdcf2ec00b06cd339624421a49ad97,2998.14,121.20,12.074152307,54000,55000
d579bcd699cdcf2ec00b06cd339624421a49ad97,3105.85,125.58,12.470809131,56000,56000
d579bcd699cdcf2ec00b06cd339624421a49ad97,3055.59,123.73,12.267083193,56000,56000
d579bcd699cdcf2ec00b06cd339624421a49ad97,3044.70,123.78,12.224941915,54000,55000
d579bcd699cdcf2ec00b06cd339624421a49ad97,3055.84,124.22,12.255370290,56000,55000
d579bcd699cdcf2ec00b06cd339624421a49ad97,3028.05,122.97,12.154158835,56000,56000
d579bcd699cdcf2ec00b06cd339624421a49ad97,3117.94,126.84,12.524730239,56000,55000
d579bcd699cdcf2ec00b06cd339624421a49ad97,3151.69,128.15,12.662154314,56000,56000
d579bcd699cdcf2ec00b06cd339624421a49ad97,3059.62,124.15,12.280334512,55000,55000
d579bcd699cdcf2ec00b06cd339624421a49ad97,2991.60,121.04,12.000500644,55000,55000
d579bcd699cdcf2ec00b06cd339624421a49ad97,2889.47,116.06,11.601589738,56000,56000
d579bcd699cdcf2ec00b06cd339624421a49ad97,3062.00,123.94,12.278482204,55000,55000
d579bcd699cdcf2ec00b06cd339624421a49ad97,3077.50,124.46,12.353669359,56000,56000
d579bcd699cdcf2ec00b06cd339624421a49ad97,2967.27,119.81,11.908583802,55000,55000
d579bcd699cdcf2ec00b06cd339624421a49ad97,3106.52,125.78,12.486009254,55000,56000
d579bcd699cdcf2ec00b06cd339624421a49ad97,3025.79,121.73,12.151024387,56000,55000
d579bcd699cdcf2ec00b06cd339624421a49ad97,3110.80,125.82,12.491119629,55000,55000
d579bcd699cdcf2ec00b06cd339624421a49ad97,3044.64,123.23,12.222228726,56000,56000
d579bcd699cdcf2ec00b06cd339624421a49ad97,3038.58,123.40,12.177915803,55000,56000
e8bbd99a71563823396565b7ff2d5aaa0418e279,3054.92,124.23,12.279519780,55000,55000
e8bbd99a71563823396565b7ff2d5aaa0418e279,3084.34,125.05,12.380960438,56000,56000
e8bbd99a71563823396565b7ff2d5aaa0418e279,3012.69,121.23,12.082587781,56000,55000
e8bbd99a71563823396565b7ff2d5aaa0418e279,3035.44,123.30,12.184326956,55000,55000
e8bbd99a71563823396565b7ff2d5aaa0418e279,3112.06,126.35,12.494246618,55000,55000
e8bbd99a71563823396565b7ff2d5aaa0418e279,3126.44,126.71,12.572335618,56000,56000
e8bbd99a71563823396565b7ff2d5aaa0418e279,3073.22,124.79,12.315837225,56000,56000
e8bbd99a71563823396565b7ff2d5aaa0418e279,3032.86,122.69,12.167515693,55000,56000
e8bbd99a71563823396565b7ff2d5aaa0418e279,3079.18,124.14,12.356721219,55000,56000
e8bbd99a71563823396565b7ff2d5aaa0418e279,3019.53,122.12,12.127257904,56000,56000
e8bbd99a71563823396565b7ff2d5aaa0418e279,3066.45,124.43,12.312717731,55000,56000
e8bbd99a71563823396565b7ff2d5aaa0418e279,3063.29,124.64,12.286349415,56000,56000
e8bbd99a71563823396565b7ff2d5aaa0418e279,3099.21,125.56,12.453320728,55000,56000
e8bbd99a71563823396565b7ff2d5aaa0418e279,3020.95,122.93,12.127839237,56000,56000
e8bbd99a71563823396565b7ff2d5aaa0418e279,3058.65,123.56,12.312952322,55000,55000
e8bbd99a71563823396565b7ff2d5aaa0418e279,3043.48,123.89,12.211639882,54000,56000
e8bbd99a71563823396565b7ff2d5aaa0418e279,3074.71,124.91,12.359766426,56000,56000
e8bbd99a71563823396565b7ff2d5aaa0418e279,3054.19,124.22,12.244534593,56000,55000
e8bbd99a71563823396565b7ff2d5aaa0418e279,2990.47,121.07,12.003007119,56000,55000
e8bbd99a71563823396565b7ff2d5aaa0418e279,3071.99,124.60,12.337364432,56000,55000
e8bbd99a71563823396565b7ff2d5aaa0418e279,3097.50,125.74,12.431185757,56000,55000
e8bbd99a71563823396565b7ff2d5aaa0418e279,3084.62,125.72,12.370471059,56000,55000
e8bbd99a71563823396565b7ff2d5aaa0418e279,3081.37,124.91,12.358816408,55000,56000
e8bbd99a71563823396565b7ff2d5aaa0418e279,3086.74,124.97,12.399677598,56000,55000
e8bbd99a71563823396565b7ff2d5aaa0418e279,2971.63,119.59,11.958906637,56000,56000
e8bbd99a71563823396565b7ff2d5aaa0418e279,2997.83,121.52,12.035285624,55000,56000
e8bbd99a71563823396565b7ff2d5aaa0418e279,3047.55,123.18,12.224987587,55000,56000
e8bbd99a71563823396565b7ff2d5aaa0418e279,3004.44,121.12,12.058013841,55000,55000
e8bbd99a71563823396565b7ff2d5aaa0418e279,2929.47,118.10,11.764758694,54000,55000
e8bbd99a71563823396565b7ff2d5aaa0418e279,3051.50,123.64,12.245380689,55000,56000
dbf57c74fa693078e5e3ad9d39f54f122d82de9d,3011.16,122.20,12.102665773,56000,56000
dbf57c74fa693078e5e3ad9d39f54f122d82de9d,2964.62,120.06,11.883558890,56000,55000
dbf57c74fa693078e5e3ad9d39f54f122d82de9d,3023.11,122.28,12.151850433,55000,55000
dbf57c74fa693078e5e3ad9d39f54f122d82de9d,3047.39,123.34,12.228132921,55000,55000
dbf57c74fa693078e5e3ad9d39f54f122d82de9d,3019.48,122.57,12.111501457,56000,56000
dbf57c74fa693078e5e3ad9d39f54f122d82de9d,3095.02,126.25,12.385430094,56000,56000
dbf57c74fa693078e5e3ad9d39f54f122d82de9d,3086.54,125.09,12.399053682,55000,55000
dbf57c74fa693078e5e3ad9d39f54f122d82de9d,3068.47,124.08,12.308760093,55000,54000
dbf57c74fa693078e5e3ad9d39f54f122d82de9d,3044.23,123.07,12.232123303,55000,56000
dbf57c74fa693078e5e3ad9d39f54f122d82de9d,2950.59,119.08,11.828329732,56000,55000
dbf57c74fa693078e5e3ad9d39f54f122d82de9d,3080.13,124.65,12.361564807,55000,55000
dbf57c74fa693078e5e3ad9d39f54f122d82de9d,3109.57,125.39,12.478460084,55000,56000
dbf57c74fa693078e5e3ad9d39f54f122d82de9d,3057.86,123.98,12.275477345,56000,56000
dbf57c74fa693078e5e3ad9d39f54f122d82de9d,3066.43,124.44,12.323588928,56000,56000
dbf57c74fa693078e5e3ad9d39f54f122d82de9d,3065.05,123.95,12.308097406,56000,55000
dbf57c74fa693078e5e3ad9d39f54f122d82de9d,3020.97,122.73,12.126813196,56000,56000
dbf57c74fa693078e5e3ad9d39f54f122d82de9d,3019.38,122.02,12.132872581,55000,56000
dbf57c74fa693078e5e3ad9d39f54f122d82de9d,3137.25,127.47,12.603103164,56000,55000
dbf57c74fa693078e5e3ad9d39f54f122d82de9d,3019.80,122.89,12.086311223,56000,56000
dbf57c74fa693078e5e3ad9d39f54f122d82de9d,3032.10,123.24,12.169184723,56000,56000
dbf57c74fa693078e5e3ad9d39f54f122d82de9d,3023.39,122.14,12.155101419,56000,56000
dbf57c74fa693078e5e3ad9d39f54f122d82de9d,3084.75,125.11,12.385264472,56000,56000
dbf57c74fa693078e5e3ad9d39f54f122d82de9d,2996.71,120.66,12.044513309,55000,54000
dbf57c74fa693078e5e3ad9d39f54f122d82de9d,3061.22,124.10,12.283421465,56000,55000
dbf57c74fa693078e5e3ad9d39f54f122d82de9d,3028.81,122.39,12.162509964,55000,56000
dbf57c74fa693078e5e3ad9d39f54f122d82de9d,3000.46,121.13,12.058048389,55000,56000
dbf57c74fa693078e5e3ad9d39f54f122d82de9d,3086.11,125.40,12.397305792,56000,55000
dbf57c74fa693078e5e3ad9d39f54f122d82de9d,3079.00,125.17,12.333848241,56000,55000
dbf57c74fa693078e5e3ad9d39f54f122d82de9d,3117.67,126.54,12.514685577,55000,55000
dbf57c74fa693078e5e3ad9d39f54f122d82de9d,3067.57,123.73,12.343195862,56000,55000
c8095ddd08c50ca2c73fb5bc8cb30404f584ca16,2973.95,121.12,11.965400538,55000,55000
c8095ddd08c50ca2c73fb5bc8cb30404f584ca16,3053.58,123.78,12.254595739,54000,55000
c8095ddd08c50ca2c73fb5bc8cb30404f584ca16,3078.33,124.54,12.375626193,55000,55000
c8095ddd08c50ca2c73fb5bc8cb30404f584ca16,3116.97,126.51,12.515812819,55000,55000
c8095ddd08c50ca2c73fb5bc8cb30404f584ca16,2984.29,119.94,11.979197853,56000,55000
c8095ddd08c50ca2c73fb5bc8cb30404f584ca16,2987.30,121.05,12.003630296,55000,55000
c8095ddd08c50ca2c73fb5bc8cb30404f584ca16,3082.50,124.83,12.377850966,55000,55000
c8095ddd08c50ca2c73fb5bc8cb30404f584ca16,3033.71,122.61,12.183225942,55000,55000
c8095ddd08c50ca2c73fb5bc8cb30404f584ca16,3086.82,124.65,12.411840935,55000,56000
c8095ddd08c50ca2c73fb5bc8cb30404f584ca16,3007.02,121.81,12.070772106,56000,56000
c8095ddd08c50ca2c73fb5bc8cb30404f584ca16,3043.21,123.50,12.210192550,56000,56000
c8095ddd08c50ca2c73fb5bc8cb30404f584ca16,3084.36,125.22,12.377204444,56000,55000
c8095ddd08c50ca2c73fb5bc8cb30404f584ca16,3019.96,122.02,12.147669448,56000,55000
c8095ddd08c50ca2c73fb5bc8cb30404f584ca16,3060.50,124.50,12.282697893,56000,56000
c8095ddd08c50ca2c73fb5bc8cb30404f584ca16,3125.61,127.13,12.567093454,55000,56000
c8095ddd08c50ca2c73fb5bc8cb30404f584ca16,3021.77,122.78,12.143762063,55000,55000
c8095ddd08c50ca2c73fb5bc8cb30404f584ca16,3069.17,124.76,12.327920842,56000,56000
c8095ddd08c50ca2c73fb5bc8cb30404f584ca16,2994.64,121.56,12.009915848,56000,56000
c8095ddd08c50ca2c73fb5bc8cb30404f584ca16,3059.51,124.10,12.300632532,55000,56000
c8095ddd08c50ca2c73fb5bc8cb30404f584ca16,3015.29,121.92,12.096444758,56000,56000
c8095ddd08c50ca2c73fb5bc8cb30404f584ca16,3016.44,121.36,12.112985872,56000,56000
c8095ddd08c50ca2c73fb5bc8cb30404f584ca16,3033.93,122.50,12.191727491,56000,56000
c8095ddd08c50ca2c73fb5bc8cb30404f584ca16,3070.51,124.59,12.320226255,56000,56000
c8095ddd08c50ca2c73fb5bc8cb30404f584ca16,2975.37,119.80,11.932054741,56000,56000
c8095ddd08c50ca2c73fb5bc8cb30404f584ca16,3013.13,121.60,12.078452069,56000,56000
c8095ddd08c50ca2c73fb5bc8cb30404f584ca16,2979.75,120.12,11.958608254,56000,56000
c8095ddd08c50ca2c73fb5bc8cb30404f584ca16,3052.54,123.52,12.257727434,56000,55000
c8095ddd08c50ca2c73fb5bc8cb30404f584ca16,2999.21,121.17,12.046051663,56000,55000
c8095ddd08c50ca2c73fb5bc8cb30404f584ca16,3072.73,124.17,12.375803261,55000,54000
c8095ddd08c50ca2c73fb5bc8cb30404f584ca16,3115.34,126.16,12.523836889,56000,55000
981366d117b3e72d414512a75432d3c787bd02fc,3052.46,124.29,12.246331005,56000,56000
981366d117b3e72d414512a75432d3c787bd02fc,3160.88,128.39,12.694813672,56000,55000
981366d117b3e72d414512a75432d3c787bd02fc,3107.45,126.48,12.465774268,55000,55000
981366d117b3e72d414512a75432d3c787bd02fc,3047.68,123.39,12.230762392,56000,55000
981366d117b3e72d414512a75432d3c787bd02fc,3077.41,124.51,12.361417082,56000,55000
981366d117b3e72d414512a75432d3c787bd02fc,3034.60,122.98,12.177831082,55000,55000
981366d117b3e72d414512a75432d3c787bd02fc,3019.18,121.73,12.128301722,56000,55000
981366d117b3e72d414512a75432d3c787bd02fc,3083.98,125.08,12.379577933,55000,55000
981366d117b3e72d414512a75432d3c787bd02fc,3080.19,125.08,12.380563025,54000,56000
981366d117b3e72d414512a75432d3c787bd02fc,3116.41,126.48,12.516031784,55000,55000
981366d117b3e72d414512a75432d3c787bd02fc,3102.97,125.60,12.451843481,55000,56000
981366d117b3e72d414512a75432d3c787bd02fc,3076.12,124.31,12.378061745,55000,55000
981366d117b3e72d414512a75432d3c787bd02fc,3053.65,123.90,12.268034110,56000,56000
981366d117b3e72d414512a75432d3c787bd02fc,3090.24,125.47,12.418818549,56000,56000
981366d117b3e72d414512a75432d3c787bd02fc,3046.49,123.37,12.248877747,56000,56000
981366d117b3e72d414512a75432d3c787bd02fc,3109.05,127.25,12.477901568,56000,56000
981366d117b3e72d414512a75432d3c787bd02fc,3041.50,123.59,12.215220344,56000,56000
981366d117b3e72d414512a75432d3c787bd02fc,3009.04,121.87,12.071703463,55000,55000
981366d117b3e72d414512a75432d3c787bd02fc,3089.04,126.01,12.392638329,56000,56000
981366d117b3e72d414512a75432d3c787bd02fc,3027.34,123.06,12.153124467,56000,55000
981366d117b3e72d414512a75432d3c787bd02fc,3064.85,124.55,12.319960996,55000,56000
981366d117b3e72d414512a75432d3c787bd02fc,3075.90,125.20,12.373168160,55000,56000
981366d117b3e72d414512a75432d3c787bd02fc,2938.99,119.32,11.777844342,56000,56000
981366d117b3e72d414512a75432d3c787bd02fc,3062.41,123.80,12.314334729,55000,55000
981366d117b3e72d414512a75432d3c787bd02fc,3037.33,122.90,12.196592471,55000,56000
981366d117b3e72d414512a75432d3c787bd02fc,3022.86,122.41,12.136746753,56000,55000
981366d117b3e72d414512a75432d3c787bd02fc,3026.68,122.03,12.171395313,55000,56000
981366d117b3e72d414512a75432d3c787bd02fc,3006.88,121.65,12.072253107,55000,55000
981366d117b3e72d414512a75432d3c787bd02fc,3054.42,123.76,12.263946946,56000,55000
981366d117b3e72d414512a75432d3c787bd02fc,3032.58,122.72,12.152733355,55000,56000
2e1d3353beeadb2c000595f809998f288fcaf2c9,3088.36,125.13,12.416190377,56000,55000
2e1d3353beeadb2c000595f809998f288fcaf2c9,3104.33,126.02,12.448348278,56000,55000
2e1d3353beeadb2c000595f809998f288fcaf2c9,3127.23,126.66,12.551518098,56000,55000
2e1d3353beeadb2c000595f809998f288fcaf2c9,3099.90,125.72,12.439091477,55000,56000
2e1d3353beeadb2c000595f809998f288fcaf2c9,3124.40,126.59,12.545869429,55000,54000
2e1d3353beeadb2c000595f809998f288fcaf2c9,3077.69,124.59,12.372548144,56000,56000
2e1d3353beeadb2c000595f809998f288fcaf2c9,3093.92,125.14,12.420515258,55000,55000
2e1d3353beeadb2c000595f809998f288fcaf2c9,3091.14,125.59,12.395907537,55000,56000
2e1d3353beeadb2c000595f809998f288fcaf2c9,3062.69,124.10,12.294453326,56000,56000
2e1d3353beeadb2c000595f809998f288fcaf2c9,3096.27,126.36,12.432492111,55000,55000
2e1d3353beeadb2c000595f809998f288fcaf2c9,3058.82,123.94,12.291409092,55000,56000
2e1d3353beeadb2c000595f809998f288fcaf2c9,3061.52,124.23,12.292380081,56000,56000
2e1d3353beeadb2c000595f809998f288fcaf2c9,3049.79,124.00,12.242966200,55000,56000
2e1d3353beeadb2c000595f809998f288fcaf2c9,3069.97,124.43,12.341120598,55000,56000
2e1d3353beeadb2c000595f809998f288fcaf2c9,3041.35,123.49,12.241535373,56000,55000
2e1d3353beeadb2c000595f809998f288fcaf2c9,3064.17,124.27,12.309143875,56000,55000
2e1d3353beeadb2c000595f809998f288fcaf2c9,3048.87,123.84,12.263318638,56000,56000
2e1d3353beeadb2c000595f809998f288fcaf2c9,3038.12,122.32,12.187044984,56000,56000
2e1d3353beeadb2c000595f809998f288fcaf2c9,3062.90,123.50,12.303079297,56000,56000
2e1d3353beeadb2c000595f809998f288fcaf2c9,3051.91,123.57,12.275594648,56000,56000
2e1d3353beeadb2c000595f809998f288fcaf2c9,3076.58,124.63,12.346646692,56000,56000
2e1d3353beeadb2c000595f809998f288fcaf2c9,3089.38,125.19,12.413751329,56000,55000
2e1d3353beeadb2c000595f809998f288fcaf2c9,3051.00,123.14,12.256671007,56000,55000
2e1d3353beeadb2c000595f809998f288fcaf2c9,3077.04,123.96,12.381105720,56000,55000
2e1d3353beeadb2c000595f809998f288fcaf2c9,3071.82,123.98,12.357425146,55000,56000
2e1d3353beeadb2c000595f809998f288fcaf2c9,3088.01,125.60,12.388917073,55000,56000
2e1d3353beeadb2c000595f809998f288fcaf2c9,2894.37,116.63,11.627849805,55000,56000
2e1d3353beeadb2c000595f809998f288fcaf2c9,3046.27,123.28,12.232746343,56000,56000
2e1d3353beeadb2c000595f809998f288fcaf2c9,3080.03,124.79,12.372719176,56000,55000
2e1d3353beeadb2c000595f809998f288fcaf2c9,3100.58,126.05,12.428430180,56000,56000
5a1a4c10057124cae89b35a5f28cdf1d300be017,3083.73,125.26,12.375523390,56000,55000
5a1a4c10057124cae89b35a5f28cdf1d300be017,3117.82,126.34,12.511268476,56000,55000
5a1a4c10057124cae89b35a5f28cdf1d300be017,2960.37,120.04,11.861612138,55000,55000
5a1a4c10057124cae89b35a5f28cdf1d300be017,3038.58,123.16,12.209493893,56000,55000
5a1a4c10057124cae89b35a5f28cdf1d300be017,3055.73,123.92,12.287554222,55000,55000
5a1a4c10057124cae89b35a5f28cdf1d300be017,3094.04,125.54,12.406664379,55000,56000
5a1a4c10057124cae89b35a5f28cdf1d300be017,3061.01,124.04,12.311373588,55000,56000
5a1a4c10057124cae89b35a5f28cdf1d300be017,3121.09,126.93,12.524592909,56000,55000
5a1a4c10057124cae89b35a5f28cdf1d300be017,3042.64,123.42,12.213283613,56000,54000
5a1a4c10057124cae89b35a5f28cdf1d300be017,3057.57,124.02,12.281158754,54000,56000
5a1a4c10057124cae89b35a5f28cdf1d300be017,3088.85,125.89,12.404232052,56000,56000
5a1a4c10057124cae89b35a5f28cdf1d300be017,3027.93,122.75,12.149659555,55000,56000
5a1a4c10057124cae89b35a5f28cdf1d300be017,3016.78,122.20,12.103411248,56000,56000
5a1a4c10057124cae89b35a5f28cdf1d300be017,3000.83,121.15,12.064417400,56000,55000
5a1a4c10057124cae89b35a5f28cdf1d300be017,2993.61,121.11,12.018095664,56000,56000
5a1a4c10057124cae89b35a5f28cdf1d300be017,3005.40,122.00,12.060426185,55000,56000
5a1a4c10057124cae89b35a5f28cdf1d300be017,3047.38,123.51,12.248723974,55000,56000
5a1a4c10057124cae89b35a5f28cdf1d300be017,3061.63,124.46,12.293281574,55000,56000
5a1a4c10057124cae89b35a5f28cdf1d300be017,3071.88,124.51,12.346192439,56000,56000
5a1a4c10057124cae89b35a5f28cdf1d300be017,3082.80,124.93,12.389128288,56000,56000
5a1a4c10057124cae89b35a5f28cdf1d300be017,3021.78,123.00,12.122015105,56000,55000
5a1a4c10057124cae89b35a5f28cdf1d300be017,3067.13,124.24,12.340998077,56000,56000
5a1a4c10057124cae89b35a5f28cdf1d300be017,3070.95,124.28,12.318909030,56000,56000
5a1a4c10057124cae89b35a5f28cdf1d300be017,3061.93,124.00,12.304095024,56000,56000
5a1a4c10057124cae89b35a5f28cdf1d300be017,3015.87,121.30,12.105881070,55000,56000
5a1a4c10057124cae89b35a5f28cdf1d300be017,3092.38,125.57,12.442968222,56000,54000
5a1a4c10057124cae89b35a5f28cdf1d300be017,3091.71,125.13,12.416411467,55000,56000
5a1a4c10057124cae89b35a5f28cdf1d300be017,3051.30,123.55,12.240279049,56000,56000
5a1a4c10057124cae89b35a5f28cdf1d300be017,3026.32,122.32,12.172456209,55000,55000
5a1a4c10057124cae89b35a5f28cdf1d300be017,3077.52,124.90,12.344237127,56000,55000
8aee8c95e67f2b21024b03599ba18a1032d39884,3019.76,121.98,12.115749243,56000,55000
8aee8c95e67f2b21024b03599ba18a1032d39884,3091.25,125.27,12.415176091,55000,55000
8aee8c95e67f2b21024b03599ba18a1032d39884,3123.17,126.64,12.541674514,56000,56000
8aee8c95e67f2b21024b03599ba18a1032d39884,3108.22,126.27,12.483682983,54000,55000
8aee8c95e67f2b21024b03599ba18a1032d39884,3066.03,123.79,12.314716090,56000,54000
8aee8c95e67f2b21024b03599ba18a1032d39884,3026.06,123.02,12.133335351,55000,55000
8aee8c95e67f2b21024b03599ba18a1032d39884,3044.09,123.07,12.213311247,55000,55000
8aee8c95e67f2b21024b03599ba18a1032d39884,3077.15,124.05,12.360953512,55000,54000
8aee8c95e67f2b21024b03599ba18a1032d39884,3086.32,125.28,12.387895844,56000,55000
8aee8c95e67f2b21024b03599ba18a1032d39884,3080.18,124.84,12.350693751,54000,55000
8aee8c95e67f2b21024b03599ba18a1032d39884,3082.65,125.22,12.367692417,56000,55000
8aee8c95e67f2b21024b03599ba18a1032d39884,3067.65,124.16,12.304557302,56000,56000
8aee8c95e67f2b21024b03599ba18a1032d39884,3029.61,122.59,12.149274137,56000,56000
8aee8c95e67f2b21024b03599ba18a1032d39884,3097.46,125.50,12.437139418,56000,56000
8aee8c95e67f2b21024b03599ba18a1032d39884,3057.69,124.01,12.285148056,56000,56000
8aee8c95e67f2b21024b03599ba18a1032d39884,3077.92,124.98,12.378710956,55000,55000
8aee8c95e67f2b21024b03599ba18a1032d39884,3020.31,122.51,12.120431760,56000,55000
8aee8c95e67f2b21024b03599ba18a1032d39884,3099.48,126.06,12.457449463,56000,55000
8aee8c95e67f2b21024b03599ba18a1032d39884,3065.07,124.31,12.307725535,56000,56000
8aee8c95e67f2b21024b03599ba18a1032d39884,3047.04,123.47,12.235734334,56000,54000
8aee8c95e67f2b21024b03599ba18a1032d39884,3106.92,126.06,12.482086205,56000,56000
8aee8c95e67f2b21024b03599ba18a1032d39884,3087.78,124.99,12.386157028,56000,56000
8aee8c95e67f2b21024b03599ba18a1032d39884,3079.94,124.32,12.375435769,56000,55000
8aee8c95e67f2b21024b03599ba18a1032d39884,3024.98,121.45,12.159687745,56000,56000
8aee8c95e67f2b21024b03599ba18a1032d39884,3054.66,123.88,12.262798292,54000,56000
8aee8c95e67f2b21024b03599ba18a1032d39884,2986.57,121.34,11.997096005,56000,56000
8aee8c95e67f2b21024b03599ba18a1032d39884,3075.90,124.82,12.336649879,56000,55000
8aee8c95e67f2b21024b03599ba18a1032d39884,3022.32,122.19,12.130075592,55000,55000
8aee8c95e67f2b21024b03599ba18a1032d39884,3031.63,123.09,12.158650919,56000,55000
8aee8c95e67f2b21024b03599ba18a1032d39884,3097.91,125.24,12.442140910,55000,55000
7075641f135d3f7057acf9a47ca034109dcb9fb2,3064.15,124.15,12.296033209,56000,55000
7075641f135d3f7057acf9a47ca034109dcb9fb2,3019.29,121.81,12.119599053,56000,55000
7075641f135d3f7057acf9a47ca034109dcb9fb2,3027.85,122.89,12.143501137,55000,55000
7075641f135d3f7057acf9a47ca034109dcb9fb2,3008.50,121.52,12.087171506,56000,55000
7075641f135d3f7057acf9a47ca034109dcb9fb2,3037.42,122.94,12.185956026,55000,56000
7075641f135d3f7057acf9a47ca034109dcb9fb2,2995.67,120.87,12.013175294,55000,56000
7075641f135d3f7057acf9a47ca034109dcb9fb2,2951.80,118.67,11.848138313,56000,55000
7075641f135d3f7057acf9a47ca034109dcb9fb2,3119.79,126.72,12.539711351,55000,55000
7075641f135d3f7057acf9a47ca034109dcb9fb2,3062.04,123.84,12.298497826,54000,56000
7075641f135d3f7057acf9a47ca034109dcb9fb2,3123.97,126.41,12.542244648,55000,56000
7075641f135d3f7057acf9a47ca034109dcb9fb2,3033.70,122.19,12.187891150,56000,56000
7075641f135d3f7057acf9a47ca034109dcb9fb2,3040.80,123.06,12.212564608,56000,56000
7075641f135d3f7057acf9a47ca034109dcb9fb2,2991.86,121.72,12.006161993,55000,56000
7075641f135d3f7057acf9a47ca034109dcb9fb2,3104.10,126.25,12.471367001,56000,56000
7075641f135d3f7057acf9a47ca034109dcb9fb2,3077.91,124.79,12.363615549,56000,56000
7075641f135d3f7057acf9a47ca034109dcb9fb2,3113.46,126.43,12.498233945,55000,56000
7075641f135d3f7057acf9a47ca034109dcb9fb2,3084.34,125.58,12.401786295,55000,55000
7075641f135d3f7057acf9a47ca034109dcb9fb2,3008.05,121.67,12.066379791,56000,56000
7075641f135d3f7057acf9a47ca034109dcb9fb2,3049.89,123.31,12.233042548,56000,56000
7075641f135d3f7057acf9a47ca034109dcb9fb2,3029.64,122.62,12.178108418,56000,56000
7075641f135d3f7057acf9a47ca034109dcb9fb2,3004.49,121.86,12.053777409,56000,56000
7075641f135d3f7057acf9a47ca034109dcb9fb2,2991.58,121.10,12.017800222,55000,56000
7075641f135d3f7057acf9a47ca034109dcb9fb2,3020.87,122.79,12.111396968,56000,55000
7075641f135d3f7057acf9a47ca034109dcb9fb2,2999.64,120.37,12.056905868,56000,56000
7075641f135d3f7057acf9a47ca034109dcb9fb2,2985.43,120.61,12.004151749,56000,56000
7075641f135d3f7057acf9a47ca034109dcb9fb2,3010.21,121.79,12.091521754,56000,56000
7075641f135d3f7057acf9a47ca034109dcb9fb2,3071.07,124.76,12.307251812,56000,56000
7075641f135d3f7057acf9a47ca034109dcb9fb2,3007.07,121.30,12.076036991,55000,55000
7075641f135d3f7057acf9a47ca034109dcb9fb2,3170.24,128.69,12.711220717,56000,56000
7075641f135d3f7057acf9a47ca034109dcb9fb2,3124.86,126.67,12.566923715,56000,56000
42943e445c8ddb3ea30d9ecef011ec8cb68f377f,3063.17,124.05,12.301845896,55000,56000
42943e445c8ddb3ea30d9ecef011ec8cb68f377f,3151.58,127.69,12.659103845,54000,54000
42943e445c8ddb3ea30d9ecef011ec8cb68f377f,3100.83,125.88,12.465485631,55000,54000
42943e445c8ddb3ea30d9ecef011ec8cb68f377f,3120.78,126.00,12.519804382,55000,55000
42943e445c8ddb3ea30d9ecef011ec8cb68f377f,3069.54,124.32,12.321081958,55000,55000
42943e445c8ddb3ea30d9ecef011ec8cb68f377f,2990.65,120.77,11.998283221,56000,56000
42943e445c8ddb3ea30d9ecef011ec8cb68f377f,3062.39,124.14,12.301786808,55000,55000
42943e445c8ddb3ea30d9ecef011ec8cb68f377f,3068.51,124.01,12.336420645,55000,55000
42943e445c8ddb3ea30d9ecef011ec8cb68f377f,3080.21,125.18,12.365372821,55000,56000
42943e445c8ddb3ea30d9ecef011ec8cb68f377f,3009.83,121.45,12.092314495,54000,55000
42943e445c8ddb3ea30d9ecef011ec8cb68f377f,3029.72,122.26,12.162937005,56000,56000
42943e445c8ddb3ea30d9ecef011ec8cb68f377f,3103.77,126.04,12.468094927,56000,56000
42943e445c8ddb3ea30d9ecef011ec8cb68f377f,3048.50,123.44,12.260184939,56000,55000
42943e445c8ddb3ea30d9ecef011ec8cb68f377f,3111.17,126.16,12.521528822,56000,55000
42943e445c8ddb3ea30d9ecef011ec8cb68f377f,3141.61,127.25,12.623329124,56000,55000
42943e445c8ddb3ea30d9ecef011ec8cb68f377f,3035.48,123.59,12.208096673,55000,56000
42943e445c8ddb3ea30d9ecef011ec8cb68f377f,3023.65,123.04,12.130370860,55000,55000
42943e445c8ddb3ea30d9ecef011ec8cb68f377f,3030.07,122.64,12.160737109,55000,55000
42943e445c8ddb3ea30d9ecef011ec8cb68f377f,3028.75,122.54,12.160493100,56000,56000
42943e445c8ddb3ea30d9ecef011ec8cb68f377f,3068.90,124.80,12.301155813,56000,56000
42943e445c8ddb3ea30d9ecef011ec8cb68f377f,3100.90,125.83,12.431763029,56000,55000
42943e445c8ddb3ea30d9ecef011ec8cb68f377f,3078.46,124.94,12.372458524,56000,56000
42943e445c8ddb3ea30d9ecef011ec8cb68f377f,3064.75,124.78,12.287828152,56000,55000
42943e445c8ddb3ea30d9ecef011ec8cb68f377f,3105.19,125.63,12.472104899,56000,56000
42943e445c8ddb3ea30d9ecef011ec8cb68f377f,3087.71,125.34,12.391913595,56000,56000
42943e445c8ddb3ea30d9ecef011ec8cb68f377f,3056.66,123.74,12.257459044,55000,56000
42943e445c8ddb3ea30d9ecef011ec8cb68f377f,3008.76,121.70,12.065652993,56000,56000
42943e445c8ddb3ea30d9ecef011ec8cb68f377f,3121.38,126.42,12.542474134,56000,56000
42943e445c8ddb3ea30d9ecef011ec8cb68f377f,3039.40,122.59,12.214309445,56000,55000
42943e445c8ddb3ea30d9ecef011ec8cb68f377f,3027.60,122.36,12.157243100,55000,55000
6310533c138b2fd5013e0146c8de8ff9c70ce152,2957.99,119.95,11.921088906,56000,55000
6310533c138b2fd5013e0146c8de8ff9c70ce152,2923.24,117.95,11.766611898,56000,55000
6310533c138b2fd5013e0146c8de8ff9c70ce152,2947.50,119.36,11.841408894,55000,56000
6310533c138b2fd5013e0146c8de8ff9c70ce152,2981.85,121.09,11.982015265,55000,55000
6310533c138b2fd5013e0146c8de8ff9c70ce152,2959.81,119.86,11.901551154,55000,55000
6310533c138b2fd5013e0146c8de8ff9c70ce152,3122.59,126.98,12.560668323,56000,55000
6310533c138b2fd5013e0146c8de8ff9c70ce152,2973.92,120.44,11.957548848,56000,55000
6310533c138b2fd5013e0146c8de8ff9c70ce152,2985.85,120.72,12.011358669,56000,56000
6310533c138b2fd5013e0146c8de8ff9c70ce152,3051.32,123.33,12.269341765,55000,56000
6310533c138b2fd5013e0146c8de8ff9c70ce152,2930.90,118.36,11.784146733,55000,56000
6310533c138b2fd5013e0146c8de8ff9c70ce152,3053.63,123.46,12.274781143,55000,55000
6310533c138b2fd5013e0146c8de8ff9c70ce152,2997.65,121.37,12.070322327,56000,56000
6310533c138b2fd5013e0146c8de8ff9c70ce152,2956.60,119.78,11.902449480,56000,56000
6310533c138b2fd5013e0146c8de8ff9c70ce152,2939.42,118.24,11.846687610,56000,56000
6310533c138b2fd5013e0146c8de8ff9c70ce152,2959.21,119.91,11.907392160,56000,56000
6310533c138b2fd5013e0146c8de8ff9c70ce152,3016.38,122.49,12.133559398,55000,55000
6310533c138b2fd5013e0146c8de8ff9c70ce152,3051.55,124.29,12.281300378,56000,55000
6310533c138b2fd5013e0146c8de8ff9c70ce152,2951.22,119.55,11.875255463,56000,55000
6310533c138b2fd5013e0146c8de8ff9c70ce152,2955.93,119.95,11.896562317,55000,55000
6310533c138b2fd5013e0146c8de8ff9c70ce152,2974.78,120.20,11.974419645,56000,55000
6310533c138b2fd5013e0146c8de8ff9c70ce152,2987.71,121.16,12.016691241,54000,56000
6310533c138b2fd5013e0146c8de8ff9c70ce152,3033.09,122.86,12.173456779,55000,56000
6310533c138b2fd5013e0146c8de8ff9c70ce152,3032.91,122.71,12.199522902,56000,54000
6310533c138b2fd5013e0146c8de8ff9c70ce152,3014.07,121.82,12.130921426,55000,56000
6310533c138b2fd5013e0146c8de8ff9c70ce152,3040.43,123.21,12.239910530,56000,56000
6310533c138b2fd5013e0146c8de8ff9c70ce152,2922.82,118.15,11.760132978,56000,55000
6310533c138b2fd5013e0146c8de8ff9c70ce152,3007.93,122.11,12.092590304,56000,56000
6310533c138b2fd5013e0146c8de8ff9c70ce152,2940.81,118.93,11.853635946,55000,56000
6310533c138b2fd5013e0146c8de8ff9c70ce152,2933.95,118.46,11.807132496,56000,56000
6310533c138b2fd5013e0146c8de8ff9c70ce152,2996.09,121.42,12.071136505,55000,56000
da15ece153a138944f35af7d5242852dbe9fb8e8,2987.63,121.07,12.018686566,55000,55000
da15ece153a138944f35af7d5242852dbe9fb8e8,2957.21,119.45,11.898056752,56000,55000
da15ece153a138944f35af7d5242852dbe9fb8e8,3039.66,123.04,12.232344921,56000,55000
da15ece153a138944f35af7d5242852dbe9fb8e8,2962.56,120.13,11.916640543,56000,54000
da15ece153a138944f35af7d5242852dbe9fb8e8,3030.63,122.82,12.198116967,54000,56000
da15ece153a138944f35af7d5242852dbe9fb8e8,2985.83,121.08,12.016899915,55000,55000
da15ece153a138944f35af7d5242852dbe9fb8e8,2999.97,121.41,12.091026167,56000,56000
da15ece153a138944f35af7d5242852dbe9fb8e8,2928.01,117.99,11.783039312,54000,55000
da15ece153a138944f35af7d5242852dbe9fb8e8,2920.75,117.18,11.766890489,54000,56000
da15ece153a138944f35af7d5242852dbe9fb8e8,2932.34,118.57,11.804341682,56000,56000
da15ece153a138944f35af7d5242852dbe9fb8e8,3018.49,122.48,12.136099159,56000,55000
da15ece153a138944f35af7d5242852dbe9fb8e8,2968.29,119.81,11.933230485,56000,54000
da15ece153a138944f35af7d5242852dbe9fb8e8,2934.91,119.05,11.817244907,55000,56000
da15ece153a138944f35af7d5242852dbe9fb8e8,2949.75,119.35,11.885332739,56000,54000
da15ece153a138944f35af7d5242852dbe9fb8e8,2975.40,120.30,11.979655050,56000,55000
da15ece153a138944f35af7d5242852dbe9fb8e8,2912.89,117.93,11.718255555,56000,56000
da15ece153a138944f35af7d5242852dbe9fb8e8,2987.18,121.01,12.026819891,55000,56000
da15ece153a138944f35af7d5242852dbe9fb8e8,2933.15,118.82,11.804250333,56000,56000
da15ece153a138944f35af7d5242852dbe9fb8e8,2974.68,120.45,11.975896007,56000,56000
da15ece153a138944f35af7d5242852dbe9fb8e8,3002.77,121.75,12.105778178,56000,56000
da15ece153a138944f35af7d5242852dbe9fb8e8,2962.85,119.48,11.928446097,55000,56000
da15ece153a138944f35af7d5242852dbe9fb8e8,3030.98,122.84,12.183237128,55000,56000
da15ece153a138944f35af7d5242852dbe9fb8e8,2903.97,117.14,11.676315327,55000,55000
da15ece153a138944f35af7d5242852dbe9fb8e8,2999.16,121.70,12.053000099,56000,56000
da15ece153a138944f35af7d5242852dbe9fb8e8,2900.47,117.52,11.657040373,56000,55000
da15ece153a138944f35af7d5242852dbe9fb8e8,2977.65,120.57,11.976082099,55000,55000
da15ece153a138944f35af7d5242852dbe9fb8e8,2935.90,119.26,11.799075214,56000,56000
da15ece153a138944f35af7d5242852dbe9fb8e8,3016.48,122.20,12.142094060,56000,56000
da15ece153a138944f35af7d5242852dbe9fb8e8,2904.57,117.42,11.672004162,54000,56000
da15ece153a138944f35af7d5242852dbe9fb8e8,2921.86,118.00,11.754523064,56000,56000
e95d75575733c5771b36ebb2f0f3641fc133e07b,2990.97,121.33,12.010809331,54000,55000
e95d75575733c5771b36ebb2f0f3641fc133e07b,2997.28,121.09,12.064140162,55000,55000
e95d75575733c5771b36ebb2f0f3641fc133e07b,2982.80,120.96,12.000875096,55000,56000
e95d75575733c5771b36ebb2f0f3641fc133e07b,2953.45,118.61,11.882248076,55000,55000
e95d75575733c5771b36ebb2f0f3641fc133e07b,3022.42,122.55,12.150485047,56000,56000
e95d75575733c5771b36ebb2f0f3641fc133e07b,2924.37,118.16,11.751695907,56000,56000
e95d75575733c5771b36ebb2f0f3641fc133e07b,2962.86,119.95,11.904489042,56000,56000
e95d75575733c5771b36ebb2f0f3641fc133e07b,2995.49,121.08,12.068121675,56000,56000
e95d75575733c5771b36ebb2f0f3641fc133e07b,3051.30,123.47,12.268967124,55000,56000
e95d75575733c5771b36ebb2f0f3641fc133e07b,2906.63,117.07,11.677640176,56000,55000
e95d75575733c5771b36ebb2f0f3641fc133e07b,2967.30,119.94,11.939112328,56000,56000
e95d75575733c5771b36ebb2f0f3641fc133e07b,3032.93,122.63,12.192242203,56000,56000
e95d75575733c5771b36ebb2f0f3641fc133e07b,2920.35,118.20,11.750238369,55000,56000
e95d75575733c5771b36ebb2f0f3641fc133e07b,2989.20,121.50,12.027055316,55000,55000
e95d75575733c5771b36ebb2f0f3641fc133e07b,2905.81,117.40,11.700668767,56000,56000
e95d75575733c5771b36ebb2f0f3641fc133e07b,2965.48,120.34,11.947807523,56000,56000
e95d75575733c5771b36ebb2f0f3641fc133e07b,3030.75,123.23,12.193744299,56000,56000
e95d75575733c5771b36ebb2f0f3641fc133e07b,2902.65,117.35,11.674725621,56000,56000
e95d75575733c5771b36ebb2f0f3641fc133e07b,2998.18,121.33,12.056710105,56000,56000
e95d75575733c5771b36ebb2f0f3641fc133e07b,3105.52,126.36,12.505953012,55000,56000
e95d75575733c5771b36ebb2f0f3641fc133e07b,2954.86,120.07,11.877552513,56000,55000
e95d75575733c5771b36ebb2f0f3641fc133e07b,2923.34,117.92,11.760633637,56000,56000
e95d75575733c5771b36ebb2f0f3641fc133e07b,3015.00,122.07,12.126761461,55000,56000
e95d75575733c5771b36ebb2f0f3641fc133e07b,3025.76,122.27,12.167031574,56000,56000
e95d75575733c5771b36ebb2f0f3641fc133e07b,2969.09,120.07,11.947594112,56000,55000
e95d75575733c5771b36ebb2f0f3641fc133e07b,2890.76,116.89,11.614004761,56000,56000
e95d75575733c5771b36ebb2f0f3641fc133e07b,2914.36,117.82,11.740479392,56000,56000
e95d75575733c5771b36ebb2f0f3641fc133e07b,2936.72,118.28,11.815708756,55000,55000
e95d75575733c5771b36ebb2f0f3641fc133e07b,2950.18,119.47,11.892227733,56000,56000
e95d75575733c5771b36ebb2f0f3641fc133e07b,3036.47,122.72,12.209550172,55000,55000
00d23b9cec24b31a6c90e072648dece33b74d902,2914.10,117.37,11.747042072,55000,55000
00d23b9cec24b31a6c90e072648dece33b74d902,2995.91,121.36,12.042175432,55000,55000
00d23b9cec24b31a6c90e072648dece33b74d902,2971.16,119.96,11.959851675,56000,55000
00d23b9cec24b31a6c90e072648dece33b74d902,2964.65,119.73,11.918810272,54000,54000
00d23b9cec24b31a6c90e072648dece33b74d902,2999.02,120.94,12.055676466,54000,55000
00d23b9cec24b31a6c90e072648dece33b74d902,2960.31,120.01,11.912535511,55000,55000
00d23b9cec24b31a6c90e072648dece33b74d902,2930.75,118.80,11.776569963,56000,56000
00d23b9cec24b31a6c90e072648dece33b74d902,2963.18,119.93,11.887539680,55000,55000
00d23b9cec24b31a6c90e072648dece33b74d902,2934.56,118.72,11.808634936,56000,55000
00d23b9cec24b31a6c90e072648dece33b74d902,2935.42,118.27,11.809382449,56000,56000
00d23b9cec24b31a6c90e072648dece33b74d902,3011.56,121.75,12.099463716,56000,56000
00d23b9cec24b31a6c90e072648dece33b74d902,2909.47,117.49,11.715937033,56000,56000
00d23b9cec24b31a6c90e072648dece33b74d902,2915.91,118.13,11.725225352,55000,56000
00d23b9cec24b31a6c90e072648dece33b74d902,2909.06,117.71,11.695509331,56000,56000
00d23b9cec24b31a6c90e072648dece33b74d902,2996.60,121.07,12.054299084,55000,56000
00d23b9cec24b31a6c90e072648dece33b74d902,2971.70,120.77,11.970983661,55000,56000
00d23b9cec24b31a6c90e072648dece33b74d902,2951.27,119.72,11.882857661,56000,56000
00d23b9cec24b31a6c90e072648dece33b74d902,2938.95,118.91,11.833188676,55000,56000
00d23b9cec24b31a6c90e072648dece33b74d902,3022.09,122.45,12.152913821,56000,56000
00d23b9cec24b31a6c90e072648dece33b74d902,2974.88,120.85,11.980334997,56000,55000
00d23b9cec24b31a6c90e072648dece33b74d902,2952.21,119.41,11.886751841,54000,56000
00d23b9cec24b31a6c90e072648dece33b74d902,2979.02,120.71,11.988356662,56000,55000
00d23b9cec24b31a6c90e072648dece33b74d902,3014.28,122.20,12.132165943,56000,56000
00d23b9cec24b31a6c90e072648dece33b74d902,2922.46,118.26,11.742105118,55000,55000
00d23b9cec24b31a6c90e072648dece33b74d902,2987.93,121.37,12.003985742,56000,56000
00d23b9cec24b31a6c90e072648dece33b74d902,3020.13,122.23,12.161003932,56000,56000
00d23b9cec24b31a6c90e072648dece33b74d902,3063.11,124.15,12.327934586,56000,55000
00d23b9cec24b31a6c90e072648dece33b74d902,3041.47,123.23,12.229869516,55000,56000
00d23b9cec24b31a6c90e072648dece33b74d902,2872.54,115.86,11.571104637,55000,54000
00d23b9cec24b31a6c90e072648dece33b74d902,2980.68,120.94,11.989169807,56000,56000
2e08aa1a0fd617ad7857d12d2770547441ee9803,2982.85,121.13,11.998200112,56000,55000
2e08aa1a0fd617ad7857d12d2770547441ee9803,2973.13,120.50,11.950633574,56000,55000
2e08aa1a0fd617ad7857d12d2770547441ee9803,3004.53,121.43,12.102298894,55000,55000
2e08aa1a0fd617ad7857d12d2770547441ee9803,3016.83,121.89,12.153836894,55000,55000
2e08aa1a0fd617ad7857d12d2770547441ee9803,3066.29,124.64,12.321689560,54000,54000
2e08aa1a0fd617ad7857d12d2770547441ee9803,3009.19,122.20,12.098782684,55000,55000
2e08aa1a0fd617ad7857d12d2770547441ee9803,2957.23,120.07,11.906282127,55000,56000
2e08aa1a0fd617ad7857d12d2770547441ee9803,3032.33,123.18,12.182940781,56000,56000
2e08aa1a0fd617ad7857d12d2770547441ee9803,2969.21,119.72,11.943315644,55000,55000
2e08aa1a0fd617ad7857d12d2770547441ee9803,2972.18,120.22,11.962714704,55000,55000
2e08aa1a0fd617ad7857d12d2770547441ee9803,3004.94,121.59,12.061578385,56000,55000
2e08aa1a0fd617ad7857d12d2770547441ee9803,3012.04,121.91,12.128378650,56000,55000
2e08aa1a0fd617ad7857d12d2770547441ee9803,2996.01,121.62,12.060171498,56000,56000
2e08aa1a0fd617ad7857d12d2770547441ee9803,2896.28,116.95,11.661784226,55000,54000
2e08aa1a0fd617ad7857d12d2770547441ee9803,2986.49,120.82,12.034382237,55000,55000
2e08aa1a0fd617ad7857d12d2770547441ee9803,3019.34,122.60,12.142545001,55000,54000
2e08aa1a0fd617ad7857d12d2770547441ee9803,2991.00,121.45,12.046930185,56000,55000
2e08aa1a0fd617ad7857d12d2770547441ee9803,2980.06,121.32,11.977188111,56000,56000
2e08aa1a0fd617ad7857d12d2770547441ee9803,3006.91,122.01,12.109059931,56000,56000
2e08aa1a0fd617ad7857d12d2770547441ee9803,3007.72,121.86,12.109963150,56000,56000
2e08aa1a0fd617ad7857d12d2770547441ee9803,3038.47,122.86,12.240556379,55000,55000
2e08aa1a0fd617ad7857d12d2770547441ee9803,2978.83,120.14,11.996271148,56000,55000
2e08aa1a0fd617ad7857d12d2770547441ee9803,2967.61,120.09,11.944359601,56000,55000
2e08aa1a0fd617ad7857d12d2770547441ee9803,2960.11,119.79,11.907160068,55000,56000
2e08aa1a0fd617ad7857d12d2770547441ee9803,2995.52,120.79,12.043134132,55000,56000
2e08aa1a0fd617ad7857d12d2770547441ee9803,2944.08,118.77,11.848067115,56000,56000
2e08aa1a0fd617ad7857d12d2770547441ee9803,2964.61,119.79,11.938080359,56000,55000
2e08aa1a0fd617ad7857d12d2770547441ee9803,2946.36,119.79,11.842532853,56000,56000
2e08aa1a0fd617ad7857d12d2770547441ee9803,2970.37,120.24,11.941861558,56000,56000
2e08aa1a0fd617ad7857d12d2770547441ee9803,2888.10,116.56,11.628864748,56000,56000
4d941924a724c6696707ce392d86cec9285eee0e,2957.70,119.43,11.899641439,56000,55000
4d941924a724c6696707ce392d86cec9285eee0e,2954.65,119.65,11.892268838,56000,56000
4d941924a724c6696707ce392d86cec9285eee0e,2963.38,119.51,11.917998719,55000,55000
4d941924a724c6696707ce392d86cec9285eee0e,2961.34,119.69,11.916440860,56000,55000
4d941924a724c6696707ce392d86cec9285eee0e,2988.98,121.25,12.028373257,56000,55000
4d941924a724c6696707ce392d86cec9285eee0e,2949.04,118.66,11.869573516,56000,56000
4d941924a724c6696707ce392d86cec9285eee0e,2966.01,119.68,11.925848692,55000,56000
4d941924a724c6696707ce392d86cec9285eee0e,2997.98,121.25,12.051530582,56000,55000
4d941924a724c6696707ce392d86cec9285eee0e,3022.88,122.58,12.163775800,55000,56000
4d941924a724c6696707ce392d86cec9285eee0e,3025.85,122.36,12.161830715,56000,56000
4d941924a724c6696707ce392d86cec9285eee0e,2964.37,120.29,11.942065111,56000,56000
4d941924a724c6696707ce392d86cec9285eee0e,2956.81,119.67,11.869439054,56000,55000
4d941924a724c6696707ce392d86cec9285eee0e,3033.39,123.07,12.193683163,56000,56000
4d941924a724c6696707ce392d86cec9285eee0e,2967.42,120.57,11.931754020,56000,56000
4d941924a724c6696707ce392d86cec9285eee0e,3003.05,121.52,12.089934664,56000,55000
4d941924a724c6696707ce392d86cec9285eee0e,2979.20,120.30,11.973682282,55000,55000
4d941924a724c6696707ce392d86cec9285eee0e,2952.51,119.76,11.879138157,56000,56000
4d941924a724c6696707ce392d86cec9285eee0e,3088.80,125.57,12.441627379,56000,55000
4d941924a724c6696707ce392d86cec9285eee0e,2994.67,121.45,12.051331756,56000,56000
4d941924a724c6696707ce392d86cec9285eee0e,2914.86,117.84,11.715862927,54000,56000
4d941924a724c6696707ce392d86cec9285eee0e,2970.67,120.04,11.959532464,56000,56000
4d941924a724c6696707ce392d86cec9285eee0e,3027.88,121.96,12.209176207,55000,55000
4d941924a724c6696707ce392d86cec9285eee0e,2996.36,121.24,12.058111588,56000,56000
4d941924a724c6696707ce392d86cec9285eee0e,2981.80,120.82,11.998889697,55000,56000
4d941924a724c6696707ce392d86cec9285eee0e,2997.65,121.54,12.060066258,56000,56000
4d941924a724c6696707ce392d86cec9285eee0e,2952.65,119.15,11.870677180,56000,55000
4d941924a724c6696707ce392d86cec9285eee0e,2967.57,119.75,11.929537095,55000,56000
4d941924a724c6696707ce392d86cec9285eee0e,3042.61,123.85,12.246084414,56000,55000
4d941924a724c6696707ce392d86cec9285eee0e,2978.75,120.39,11.993937658,55000,56000
4d941924a724c6696707ce392d86cec9285eee0e,2973.02,120.58,11.956041981,56000,54000
fbe61e01e8fadd8cf98dd7891c80e5000c85d6c0,3111.93,127.66,12.507682435,55000,56000
fbe61e01e8fadd8cf98dd7891c80e5000c85d6c0,3108.98,127.23,12.474757601,56000,56000
fbe61e01e8fadd8cf98dd7891c80e5000c85d6c0,3058.33,124.42,12.268517304,55000,56000
fbe61e01e8fadd8cf98dd7891c80e5000c85d6c0,3082.59,125.83,12.374631559,56000,55000
fbe61e01e8fadd8cf98dd7891c80e5000c85d6c0,3035.50,123.85,12.189924983,56000,56000
fbe61e01e8fadd8cf98dd7891c80e5000c85d6c0,3124.54,127.01,12.549647758,56000,55000
fbe61e01e8fadd8cf98dd7891c80e5000c85d6c0,3118.27,126.79,12.497580100,55000,55000
fbe61e01e8fadd8cf98dd7891c80e5000c85d6c0,3156.50,128.84,12.680358162,56000,55000
fbe61e01e8fadd8cf98dd7891c80e5000c85d6c0,3025.21,123.55,12.147335406,56000,55000
fbe61e01e8fadd8cf98dd7891c80e5000c85d6c0,3134.15,128.12,12.555748132,55000,55000
fbe61e01e8fadd8cf98dd7891c80e5000c85d6c0,3137.80,128.15,12.569411787,55000,56000
fbe61e01e8fadd8cf98dd7891c80e5000c85d6c0,3069.43,124.99,12.323505684,54000,55000
fbe61e01e8fadd8cf98dd7891c80e5000c85d6c0,3059.91,125.55,12.267257683,55000,55000
fbe61e01e8fadd8cf98dd7891c80e5000c85d6c0,3125.61,127.31,12.546989659,56000,56000
fbe61e01e8fadd8cf98dd7891c80e5000c85d6c0,3090.30,126.60,12.396504492,56000,55000
fbe61e01e8fadd8cf98dd7891c80e5000c85d6c0,3107.08,127.02,12.485346417,56000,55000
fbe61e01e8fadd8cf98dd7891c80e5000c85d6c0,3128.12,128.07,12.566441492,56000,55000
fbe61e01e8fadd8cf98dd7891c80e5000c85d6c0,3102.75,126.70,12.435728300,56000,56000
fbe61e01e8fadd8cf98dd7891c80e5000c85d6c0,3121.50,127.83,12.534888381,56000,55000
fbe61e01e8fadd8cf98dd7891c80e5000c85d6c0,3056.88,124.93,12.290044041,56000,54000
fbe61e01e8fadd8cf98dd7891c80e5000c85d6c0,3097.47,127.02,12.415766348,56000,55000
fbe61e01e8fadd8cf98dd7891c80e5000c85d6c0,3093.79,126.35,12.424160965,56000,56000
fbe61e01e8fadd8cf98dd7891c80e5000c85d6c0,3087.28,126.15,12.416387451,56000,56000
fbe61e01e8fadd8cf98dd7891c80e5000c85d6c0,3088.22,126.19,12.383269293,55000,55000
fbe61e01e8fadd8cf98dd7891c80e5000c85d6c0,3115.24,127.59,12.513005017,56000,56000
fbe61e01e8fadd8cf98dd7891c80e5000c85d6c0,3060.97,125.38,12.293212735,56000,56000
fbe61e01e8fadd8cf98dd7891c80e5000c85d6c0,3039.23,124.20,12.206577585,56000,56000
fbe61e01e8fadd8cf98dd7891c80e5000c85d6c0,3089.35,125.99,12.396927194,56000,56000
fbe61e01e8fadd8cf98dd7891c80e5000c85d6c0,3138.07,128.08,12.581204259,56000,56000
fbe61e01e8fadd8cf98dd7891c80e5000c85d6c0,3096.20,126.78,12.424437912,56000,55000
f1b1a4fcd49cb84cd8028928eb1a82a967cea372,2946.88,119.07,11.890425496,56000,55000
f1b1a4fcd49cb84cd8028928eb1a82a967cea372,2965.81,120.31,11.912885166,56000,56000
f1b1a4fcd49cb84cd8028928eb1a82a967cea372,2941.24,118.94,11.819347915,55000,54000
f1b1a4fcd49cb84cd8028928eb1a82a967cea372,3056.33,123.97,12.304179583,56000,56000
f1b1a4fcd49cb84cd8028928eb1a82a967cea372,2996.09,121.60,12.038762698,55000,55000
f1b1a4fcd49cb84cd8028928eb1a82a967cea372,3025.40,123.16,12.177179214,55000,56000
f1b1a4fcd49cb84cd8028928eb1a82a967cea372,2927.94,118.13,11.778380486,55000,56000
f1b1a4fcd49cb84cd8028928eb1a82a967cea372,2935.85,119.27,11.790670853,55000,55000
f1b1a4fcd49cb84cd8028928eb1a82a967cea372,2978.12,120.75,11.973895842,56000,56000
f1b1a4fcd49cb84cd8028928eb1a82a967cea372,2961.71,119.25,11.907845448,55000,55000
f1b1a4fcd49cb84cd8028928eb1a82a967cea372,3016.67,122.24,12.137912297,54000,55000
f1b1a4fcd49cb84cd8028928eb1a82a967cea372,3003.36,121.90,12.052900911,55000,56000
f1b1a4fcd49cb84cd8028928eb1a82a967cea372,3011.16,121.81,12.108151489,55000,56000
f1b1a4fcd49cb84cd8028928eb1a82a967cea372,2981.09,120.29,11.990573914,56000,56000
f1b1a4fcd49cb84cd8028928eb1a82a967cea372,2978.70,120.31,11.986577060,56000,56000
f1b1a4fcd49cb84cd8028928eb1a82a967cea372,2981.99,121.27,11.978597772,56000,56000
f1b1a4fcd49cb84cd8028928eb1a82a967cea372,3055.09,123.86,12.267400883,56000,56000
f1b1a4fcd49cb84cd8028928eb1a82a967cea372,3085.95,125.98,12.410191567,56000,55000
f1b1a4fcd49cb84cd8028928eb1a82a967cea372,2881.32,116.36,11.587099956,56000,55000
f1b1a4fcd49cb84cd8028928eb1a82a967cea372,3019.93,122.38,12.149479611,56000,56000
f1b1a4fcd49cb84cd8028928eb1a82a967cea372,2943.62,118.71,11.831530621,56000,56000
f1b1a4fcd49cb84cd8028928eb1a82a967cea372,2924.77,118.16,11.772022361,56000,56000
f1b1a4fcd49cb84cd8028928eb1a82a967cea372,2973.61,120.78,11.961294220,56000,56000
f1b1a4fcd49cb84cd8028928eb1a82a967cea372,2989.30,121.24,12.020615641,56000,56000
f1b1a4fcd49cb84cd8028928eb1a82a967cea372,3011.68,121.97,12.116269703,55000,56000
f1b1a4fcd49cb84cd8028928eb1a82a967cea372,3018.64,122.65,12.158935918,55000,56000
f1b1a4fcd49cb84cd8028928eb1a82a967cea372,2942.41,119.05,11.829473530,56000,55000
f1b1a4fcd49cb84cd8028928eb1a82a967cea372,2979.67,120.54,11.976660591,56000,55000
f1b1a4fcd49cb84cd8028928eb1a82a967cea372,3055.56,123.57,12.306271710,55000,56000
f1b1a4fcd49cb84cd8028928eb1a82a967cea372,2943.37,118.78,11.839285676,56000,56000
6f60747cedc02cb698672c87572c1c460e38f440,2996.11,121.61,12.036609857,56000,56000
6f60747cedc02cb698672c87572c1c460e38f440,2977.73,121.57,11.951873182,55000,55000
6f60747cedc02cb698672c87572c1c460e38f440,2940.46,119.39,11.821890759,55000,55000
6f60747cedc02cb698672c87572c1c460e38f440,2951.20,119.61,11.861387881,54000,56000
6f60747cedc02cb698672c87572c1c460e38f440,2932.20,118.51,11.785287902,56000,56000
6f60747cedc02cb698672c87572c1c460e38f440,3016.30,122.30,12.108164993,56000,56000
6f60747cedc02cb698672c87572c1c460e38f440,2919.27,118.12,11.744492553,55000,56000
6f60747cedc02cb698672c87572c1c460e38f440,2954.50,119.41,11.886735990,56000,55000
6f60747cedc02cb698672c87572c1c460e38f440,3018.07,121.98,12.137401636,56000,55000
6f60747cedc02cb698672c87572c1c460e38f440,2908.58,117.75,11.696438267,56000,56000
6f60747cedc02cb698672c87572c1c460e38f440,2998.85,121.39,12.039280987,56000,56000
6f60747cedc02cb698672c87572c1c460e38f440,2957.17,120.16,11.897345136,56000,55000
6f60747cedc02cb698672c87572c1c460e38f440,2989.28,120.94,12.028533884,55000,55000
6f60747cedc02cb698672c87572c1c460e38f440,2988.21,121.48,12.030283152,55000,56000
6f60747cedc02cb698672c87572c1c460e38f440,2954.09,120.38,11.878596330,56000,56000
6f60747cedc02cb698672c87572c1c460e38f440,2975.29,121.61,11.961975093,56000,56000
6f60747cedc02cb698672c87572c1c460e38f440,2948.92,119.94,11.853649803,56000,56000
6f60747cedc02cb698672c87572c1c460e38f440,2973.46,120.20,11.956991565,55000,56000
6f60747cedc02cb698672c87572c1c460e38f440,2951.51,119.07,11.854966189,56000,55000
6f60747cedc02cb698672c87572c1c460e38f440,2973.90,120.44,11.969817155,56000,55000
6f60747cedc02cb698672c87572c1c460e38f440,2956.29,119.76,11.921010499,56000,56000
6f60747cedc02cb698672c87572c1c460e38f440,2990.40,121.09,12.031030485,56000,56000
6f60747cedc02cb698672c87572c1c460e38f440,2953.89,119.27,11.871819919,55000,56000
6f60747cedc02cb698672c87572c1c460e38f440,2943.37,119.48,11.821781226,56000,56000
6f60747cedc02cb698672c87572c1c460e38f440,2966.05,119.69,11.933224455,56000,56000
6f60747cedc02cb698672c87572c1c460e38f440,2995.86,121.27,12.045158472,55000,56000
6f60747cedc02cb698672c87572c1c460e38f440,2993.53,121.38,12.029475948,56000,56000
6f60747cedc02cb698672c87572c1c460e38f440,2932.20,118.65,11.806349237,55000,55000
6f60747cedc02cb698672c87572c1c460e38f440,2990.83,121.68,12.017903283,56000,56000
6f60747cedc02cb698672c87572c1c460e38f440,2928.34,118.61,11.789992052,56000,56000
4024fbf2f178c7e19af186eef9cdfbf80cc9f995,2949.46,119.51,11.908183034,57000,56000
4024fbf2f178c7e19af186eef9cdfbf80cc9f995,2973.62,120.20,11.966858717,56000,55000
4024fbf2f178c7e19af186eef9cdfbf80cc9f995,2944.48,119.24,11.844580710,56000,55000
4024fbf2f178c7e19af186eef9cdfbf80cc9f995,2975.21,120.78,11.940998736,56000,55000
4024fbf2f178c7e19af186eef9cdfbf80cc9f995,2898.05,117.04,11.650273756,56000,55000
4024fbf2f178c7e19af186eef9cdfbf80cc9f995,2931.39,118.23,11.807398291,55000,55000
4024fbf2f178c7e19af186eef9cdfbf80cc9f995,2976.22,120.51,11.981594279,56000,55000
4024fbf2f178c7e19af186eef9cdfbf80cc9f995,2963.27,119.59,11.934537625,56000,55000
4024fbf2f178c7e19af186eef9cdfbf80cc9f995,2905.37,117.59,11.703011594,55000,56000
4024fbf2f178c7e19af186eef9cdfbf80cc9f995,2915.40,117.69,11.721533657,55000,55000
4024fbf2f178c7e19af186eef9cdfbf80cc9f995,2943.66,119.21,11.798897744,56000,55000
4024fbf2f178c7e19af186eef9cdfbf80cc9f995,2966.22,120.64,11.922693295,56000,56000
4024fbf2f178c7e19af186eef9cdfbf80cc9f995,2958.28,120.08,11.871196532,55000,56000
4024fbf2f178c7e19af186eef9cdfbf80cc9f995,2969.76,120.11,11.946824289,56000,55000
4024fbf2f178c7e19af186eef9cdfbf80cc9f995,3010.31,122.21,12.116762804,56000,56000
4024fbf2f178c7e19af186eef9cdfbf80cc9f995,2986.00,121.38,12.001745852,56000,56000
4024fbf2f178c7e19af186eef9cdfbf80cc9f995,3012.86,122.46,12.106779469,55000,56000
4024fbf2f178c7e19af186eef9cdfbf80cc9f995,2950.99,120.16,11.844151941,56000,55000
4024fbf2f178c7e19af186eef9cdfbf80cc9f995,2971.72,120.04,11.953833783,56000,56000
4024fbf2f178c7e19af186eef9cdfbf80cc9f995,2983.37,120.85,11.996727498,56000,56000
4024fbf2f178c7e19af186eef9cdfbf80cc9f995,3061.10,124.50,12.291502937,56000,56000
4024fbf2f178c7e19af186eef9cdfbf80cc9f995,2946.29,119.17,11.835982385,56000,56000
4024fbf2f178c7e19af186eef9cdfbf80cc9f995,2973.25,120.51,11.949871537,56000,56000
4024fbf2f178c7e19af186eef9cdfbf80cc9f995,2956.27,119.89,11.882994216,55000,55000
4024fbf2f178c7e19af186eef9cdfbf80cc9f995,3010.86,122.06,12.091153420,55000,56000
4024fbf2f178c7e19af186eef9cdfbf80cc9f995,2910.88,117.27,11.708891075,56000,55000
4024fbf2f178c7e19af186eef9cdfbf80cc9f995,2968.13,120.62,11.927158494,56000,56000
4024fbf2f178c7e19af186eef9cdfbf80cc9f995,2984.53,121.01,11.992897994,56000,55000
4024fbf2f178c7e19af186eef9cdfbf80cc9f995,3013.38,122.24,12.136073861,56000,55000
4024fbf2f178c7e19af186eef9cdfbf80cc9f995,2903.09,117.72,11.662647213,55000,56000
b42e9b88ef5a2a2b41526e4fe89f9067ea8f1669,2973.16,120.68,11.951156371,56000,56000
b42e9b88ef5a2a2b41526e4fe89f9067ea8f1669,3065.16,124.47,12.316406803,55000,55000
b42e9b88ef5a2a2b41526e4fe89f9067ea8f1669,2942.85,119.04,11.846255187,56000,55000
b42e9b88ef5a2a2b41526e4fe89f9067ea8f1669,2961.59,119.99,11.915733276,56000,56000
b42e9b88ef5a2a2b41526e4fe89f9067ea8f1669,2951.72,119.26,11.864256301,55000,56000
b42e9b88ef5a2a2b41526e4fe89f9067ea8f1669,2904.99,117.47,11.677531486,55000,54000
b42e9b88ef5a2a2b41526e4fe89f9067ea8f1669,2998.18,121.65,12.059401619,56000,56000
b42e9b88ef5a2a2b41526e4fe89f9067ea8f1669,3030.92,122.83,12.199896439,55000,56000
b42e9b88ef5a2a2b41526e4fe89f9067ea8f1669,3028.00,122.74,12.178014978,56000,55000
b42e9b88ef5a2a2b41526e4fe89f9067ea8f1669,2925.74,118.36,11.802515382,56000,56000
b42e9b88ef5a2a2b41526e4fe89f9067ea8f1669,3001.29,122.18,12.081230657,55000,54000
b42e9b88ef5a2a2b41526e4fe89f9067ea8f1669,3011.20,122.85,12.089740940,56000,56000
b42e9b88ef5a2a2b41526e4fe89f9067ea8f1669,3025.07,122.58,12.199111269,56000,55000
b42e9b88ef5a2a2b41526e4fe89f9067ea8f1669,2945.34,119.00,11.852913357,56000,56000
b42e9b88ef5a2a2b41526e4fe89f9067ea8f1669,3009.07,121.99,12.119106492,56000,56000
b42e9b88ef5a2a2b41526e4fe89f9067ea8f1669,3006.85,121.64,12.120497390,56000,56000
b42e9b88ef5a2a2b41526e4fe89f9067ea8f1669,2980.65,120.69,11.986416998,55000,56000
b42e9b88ef5a2a2b41526e4fe89f9067ea8f1669,2928.50,117.98,11.773491885,56000,56000
b42e9b88ef5a2a2b41526e4fe89f9067ea8f1669,2940.57,119.63,11.795913879,56000,55000
b42e9b88ef5a2a2b41526e4fe89f9067ea8f1669,2888.61,116.99,11.603305876,55000,55000
b42e9b88ef5a2a2b41526e4fe89f9067ea8f1669,2999.49,121.85,12.031075890,55000,56000
b42e9b88ef5a2a2b41526e4fe89f9067ea8f1669,2955.68,119.66,11.883235730,55000,56000
b42e9b88ef5a2a2b41526e4fe89f9067ea8f1669,2979.61,120.38,11.999347332,56000,56000
b42e9b88ef5a2a2b41526e4fe89f9067ea8f1669,2965.41,119.68,11.923325816,55000,55000
b42e9b88ef5a2a2b41526e4fe89f9067ea8f1669,2922.70,118.81,11.745502556,56000,56000
b42e9b88ef5a2a2b41526e4fe89f9067ea8f1669,2983.07,120.77,11.990053538,55000,55000
b42e9b88ef5a2a2b41526e4fe89f9067ea8f1669,2985.43,120.83,12.009531220,55000,56000
b42e9b88ef5a2a2b41526e4fe89f9067ea8f1669,2938.46,119.98,11.799949897,55000,55000
b42e9b88ef5a2a2b41526e4fe89f9067ea8f1669,2985.02,120.74,11.999794169,55000,56000
b42e9b88ef5a2a2b41526e4fe89f9067ea8f1669,2983.26,120.81,11.977318950,56000,56000
11cd1aae71922c2890890f18bd239a910e5d5d43,2938.23,119.51,11.803852631,57000,56000
11cd1aae71922c2890890f18bd239a910e5d5d43,3004.94,122.81,12.082388204,56000,56000
11cd1aae71922c2890890f18bd239a910e5d5d43,3015.03,123.05,12.082865658,56000,54000
11cd1aae71922c2890890f18bd239a910e5d5d43,3072.57,124.94,12.345279551,56000,56000
11cd1aae71922c2890890f18bd239a910e5d5d43,2954.39,120.24,11.872951754,55000,56000
11cd1aae71922c2890890f18bd239a910e5d5d43,2887.03,116.70,11.614619874,56000,55000
11cd1aae71922c2890890f18bd239a910e5d5d43,2971.17,120.95,11.952170315,55000,55000
11cd1aae71922c2890890f18bd239a910e5d5d43,2956.27,120.02,11.890516796,56000,55000
11cd1aae71922c2890890f18bd239a910e5d5d43,2950.53,119.09,11.863163692,56000,55000
11cd1aae71922c2890890f18bd239a910e5d5d43,2978.49,119.94,11.985476740,54000,55000
11cd1aae71922c2890890f18bd239a910e5d5d43,2984.76,120.64,11.989220451,54000,56000
11cd1aae71922c2890890f18bd239a910e5d5d43,2945.57,119.03,11.830804619,55000,55000
11cd1aae71922c2890890f18bd239a910e5d5d43,2950.20,119.40,11.883074049,56000,55000
11cd1aae71922c2890890f18bd239a910e5d5d43,2898.19,116.67,11.659193434,56000,55000
11cd1aae71922c2890890f18bd239a910e5d5d43,2969.20,120.26,11.937784585,56000,56000
11cd1aae71922c2890890f18bd239a910e5d5d43,2950.55,120.25,11.855415438,56000,55000
11cd1aae71922c2890890f18bd239a910e5d5d43,2961.86,120.44,11.912652779,55000,56000
11cd1aae71922c2890890f18bd239a910e5d5d43,2983.02,120.48,11.999041634,55000,56000
11cd1aae71922c2890890f18bd239a910e5d5d43,2975.84,120.97,11.976639045,56000,56000
11cd1aae71922c2890890f18bd239a910e5d5d43,3007.17,121.63,12.089707814,56000,56000
11cd1aae71922c2890890f18bd239a910e5d5d43,2910.95,117.73,11.692595241,56000,55000
11cd1aae71922c2890890f18bd239a910e5d5d43,3027.91,122.32,12.180316266,55000,56000
11cd1aae71922c2890890f18bd239a910e5d5d43,2877.61,116.46,11.567103799,56000,55000
11cd1aae71922c2890890f18bd239a910e5d5d43,2943.81,118.80,11.842539136,56000,55000
11cd1aae71922c2890890f18bd239a910e5d5d43,2925.48,118.45,11.782587391,56000,56000
11cd1aae71922c2890890f18bd239a910e5d5d43,2967.39,120.47,11.938753205,56000,55000
11cd1aae71922c2890890f18bd239a910e5d5d43,2977.35,120.60,11.961093045,55000,55000
11cd1aae71922c2890890f18bd239a910e5d5d43,2996.02,121.27,12.054923279,56000,56000
11cd1aae71922c2890890f18bd239a910e5d5d43,2932.81,118.59,11.781800362,54000,55000
11cd1aae71922c2890890f18bd239a910e5d5d43,2975.82,120.21,11.965843500,55000,56000
ef5c88874352e58de1e34c1d2a2d73b085f7fe4f,2921.15,118.27,11.755725577,55000,54000
ef5c88874352e58de1e34c1d2a2d73b085f7fe4f,2963.81,120.67,11.914978161,55000,56000
ef5c88874352e58de1e34c1d2a2d73b085f7fe4f,2873.84,116.05,11.556838938,55000,55000
ef5c88874352e58de1e34c1d2a2d73b085f7fe4f,2930.23,118.70,11.798621946,55000,56000
ef5c88874352e58de1e34c1d2a2d73b085f7fe4f,2984.98,120.72,12.010546248,56000,56000
ef5c88874352e58de1e34c1d2a2d73b085f7fe4f,2868.82,115.90,11.525114124,56000,56000
ef5c88874352e58de1e34c1d2a2d73b085f7fe4f,2982.45,120.73,11.971263768,56000,56000
ef5c88874352e58de1e34c1d2a2d73b085f7fe4f,2972.20,120.47,11.947020055,56000,55000
ef5c88874352e58de1e34c1d2a2d73b085f7fe4f,2919.00,117.51,11.760560341,54000,55000
ef5c88874352e58de1e34c1d2a2d73b085f7fe4f,3000.37,121.52,12.044540371,55000,55000
ef5c88874352e58de1e34c1d2a2d73b085f7fe4f,2986.91,120.58,12.021077988,56000,55000
ef5c88874352e58de1e34c1d2a2d73b085f7fe4f,2962.07,120.04,11.913394452,56000,56000
ef5c88874352e58de1e34c1d2a2d73b085f7fe4f,2968.81,120.34,11.930210376,55000,56000
ef5c88874352e58de1e34c1d2a2d73b085f7fe4f,2984.33,121.55,11.990130718,56000,56000
ef5c88874352e58de1e34c1d2a2d73b085f7fe4f,2980.49,120.36,11.967923555,54000,56000
ef5c88874352e58de1e34c1d2a2d73b085f7fe4f,2913.21,117.76,11.713927313,56000,56000
ef5c88874352e58de1e34c1d2a2d73b085f7fe4f,2939.97,119.74,11.818989257,55000,56000
ef5c88874352e58de1e34c1d2a2d73b085f7fe4f,2994.72,121.39,12.063667280,56000,56000
ef5c88874352e58de1e34c1d2a2d73b085f7fe4f,2960.74,120.02,11.934811992,56000,56000
ef5c88874352e58de1e34c1d2a2d73b085f7fe4f,2944.51,118.98,11.867700288,55000,54000
ef5c88874352e58de1e34c1d2a2d73b085f7fe4f,2948.36,119.64,11.869252568,55000,56000
ef5c88874352e58de1e34c1d2a2d73b085f7fe4f,2995.35,121.63,12.072314637,55000,55000
ef5c88874352e58de1e34c1d2a2d73b085f7fe4f,3030.41,123.33,12.176740694,55000,55000
ef5c88874352e58de1e34c1d2a2d73b085f7fe4f,2939.09,119.22,11.788574431,56000,56000
ef5c88874352e58de1e34c1d2a2d73b085f7fe4f,2936.64,118.66,11.813285144,56000,56000
ef5c88874352e58de1e34c1d2a2d73b085f7fe4f,2960.95,120.15,11.891389243,56000,55000
ef5c88874352e58de1e34c1d2a2d73b085f7fe4f,2968.23,121.02,11.918821517,56000,55000
ef5c88874352e58de1e34c1d2a2d73b085f7fe4f,3008.80,121.85,12.082468601,55000,55000
ef5c88874352e58de1e34c1d2a2d73b085f7fe4f,2975.31,120.41,11.974130418,56000,55000
ef5c88874352e58de1e34c1d2a2d73b085f7fe4f,2981.55,121.03,12.000122999,56000,56000
fd0dc9fd6a515cc11b93a0dc9656c015a7c39ca6,3100.12,126.74,12.428362975,56000,55000
fd0dc9fd6a515cc11b93a0dc9656c015a7c39ca6,3027.52,123.81,12.147256926,55000,55000
fd0dc9fd6a515cc11b93a0dc9656c015a7c39ca6,3019.19,123.05,12.119550650,55000,55000
fd0dc9fd6a515cc11b93a0dc9656c015a7c39ca6,3107.06,126.84,12.453107115,55000,55000
fd0dc9fd6a515cc11b93a0dc9656c015a7c39ca6,3125.39,127.78,12.543508855,55000,55000
fd0dc9fd6a515cc11b93a0dc9656c015a7c39ca6,3136.60,128.06,12.591035806,56000,56000
fd0dc9fd6a515cc11b93a0dc9656c015a7c39ca6,3067.43,125.17,12.289758116,56000,56000
fd0dc9fd6a515cc11b93a0dc9656c015a7c39ca6,3142.28,128.56,12.612065180,55000,56000
fd0dc9fd6a515cc11b93a0dc9656c015a7c39ca6,3095.34,126.43,12.401432819,55000,55000
fd0dc9fd6a515cc11b93a0dc9656c015a7c39ca6,3080.21,125.72,12.355059523,56000,56000
fd0dc9fd6a515cc11b93a0dc9656c015a7c39ca6,3022.36,123.82,12.104877256,55000,56000
fd0dc9fd6a515cc11b93a0dc9656c015a7c39ca6,3005.61,122.91,12.045681106,55000,56000
fd0dc9fd6a515cc11b93a0dc9656c015a7c39ca6,3007.56,123.37,12.076027032,55000,56000
fd0dc9fd6a515cc11b93a0dc9656c015a7c39ca6,2992.76,122.39,12.019601489,56000,55000
fd0dc9fd6a515cc11b93a0dc9656c015a7c39ca6,3025.89,123.74,12.159591996,55000,56000
fd0dc9fd6a515cc11b93a0dc9656c015a7c39ca6,3057.16,124.98,12.283244642,55000,55000
fd0dc9fd6a515cc11b93a0dc9656c015a7c39ca6,3034.27,124.35,12.154332405,56000,56000
fd0dc9fd6a515cc11b93a0dc9656c015a7c39ca6,3042.65,125.10,12.205728553,55000,55000
fd0dc9fd6a515cc11b93a0dc9656c015a7c39ca6,3032.91,123.88,12.168421030,56000,56000
fd0dc9fd6a515cc11b93a0dc9656c015a7c39ca6,3052.04,125.36,12.251178291,56000,55000
fd0dc9fd6a515cc11b93a0dc9656c015a7c39ca6,3074.71,125.94,12.341762486,56000,56000
fd0dc9fd6a515cc11b93a0dc9656c015a7c39ca6,3063.03,125.24,12.264366435,54000,56000
fd0dc9fd6a515cc11b93a0dc9656c015a7c39ca6,3048.64,124.43,12.234792432,55000,56000
fd0dc9fd6a515cc11b93a0dc9656c015a7c39ca6,3063.00,124.27,12.293639201,55000,56000
fd0dc9fd6a515cc11b93a0dc9656c015a7c39ca6,3117.75,127.26,12.524351807,55000,56000
fd0dc9fd6a515cc11b93a0dc9656c015a7c39ca6,3109.21,127.30,12.468263698,56000,55000
fd0dc9fd6a515cc11b93a0dc9656c015a7c39ca6,3076.72,125.28,12.344245390,56000,56000
fd0dc9fd6a515cc11b93a0dc9656c015a7c39ca6,3130.68,127.90,12.551629504,55000,55000
fd0dc9fd6a515cc11b93a0dc9656c015a7c39ca6,3029.34,123.60,12.149866021,55000,55000
fd0dc9fd6a515cc11b93a0dc9656c015a7c39ca6,3058.67,124.41,12.315431951,55000,56000
49a64e78cbe278b68949b57a9ece2ea2831af479,3018.64,122.31,12.152036685,55000,55000
49a64e78cbe278b68949b57a9ece2ea2831af479,2935.94,118.63,11.793564348,55000,56000
49a64e78cbe278b68949b57a9ece2ea2831af479,2978.80,120.68,11.989761446,54000,56000
49a64e78cbe278b68949b57a9ece2ea2831af479,3011.66,122.45,12.094008482,55000,55000
49a64e78cbe278b68949b57a9ece2ea2831af479,2999.14,122.13,12.046965642,55000,55000
49a64e78cbe278b68949b57a9ece2ea2831af479,2980.54,120.87,11.970644688,55000,56000
49a64e78cbe278b68949b57a9ece2ea2831af479,2948.75,119.51,11.872525075,55000,55000
49a64e78cbe278b68949b57a9ece2ea2831af479,2978.37,120.72,11.980363278,56000,55000
49a64e78cbe278b68949b57a9ece2ea2831af479,3010.40,122.20,12.103154668,56000,56000
49a64e78cbe278b68949b57a9ece2ea2831af479,2998.16,121.70,12.037037891,56000,55000
49a64e78cbe278b68949b57a9ece2ea2831af479,2986.88,121.26,11.993860124,56000,56000
49a64e78cbe278b68949b57a9ece2ea2831af479,2957.67,119.64,11.890670277,55000,56000
49a64e78cbe278b68949b57a9ece2ea2831af479,2980.48,120.82,11.969560382,56000,54000
49a64e78cbe278b68949b57a9ece2ea2831af479,2966.68,119.93,11.930937417,55000,55000
49a64e78cbe278b68949b57a9ece2ea2831af479,2903.45,117.48,11.686615286,55000,56000
49a64e78cbe278b68949b57a9ece2ea2831af479,2913.31,118.03,11.711751403,56000,54000
49a64e78cbe278b68949b57a9ece2ea2831af479,2925.70,118.75,11.778354235,56000,56000
49a64e78cbe278b68949b57a9ece2ea2831af479,2962.02,119.49,11.909757746,56000,56000
49a64e78cbe278b68949b57a9ece2ea2831af479,2959.74,120.40,11.900048799,55000,56000
49a64e78cbe278b68949b57a9ece2ea2831af479,2986.97,121.03,11.999176089,56000,56000
49a64e78cbe278b68949b57a9ece2ea2831af479,2938.48,118.72,11.811694407,56000,55000
49a64e78cbe278b68949b57a9ece2ea2831af479,2917.67,118.48,11.752217045,56000,55000
49a64e78cbe278b68949b57a9ece2ea2831af479,2982.17,120.68,11.992455242,55000,56000
49a64e78cbe278b68949b57a9ece2ea2831af479,2937.75,119.13,11.830169674,56000,56000
49a64e78cbe278b68949b57a9ece2ea2831af479,3015.92,121.50,12.146976218,55000,56000
49a64e78cbe278b68949b57a9ece2ea2831af479,2962.87,120.27,11.909680241,56000,55000
49a64e78cbe278b68949b57a9ece2ea2831af479,2991.69,121.22,12.038041284,56000,56000
49a64e78cbe278b68949b57a9ece2ea2831af479,3010.05,122.31,12.072814255,55000,56000
49a64e78cbe278b68949b57a9ece2ea2831af479,2948.08,120.04,11.829270706,56000,55000
49a64e78cbe278b68949b57a9ece2ea2831af479,2918.54,117.43,11.731732827,56000,56000
450cd1ae869b5e307e0ae8817e9a3d4d4df79f7a,3016.82,122.69,12.117062966,54000,55000
450cd1ae869b5e307e0ae8817e9a3d4d4df79f7a,3043.25,124.59,12.210830245,56000,55000
450cd1ae869b5e307e0ae8817e9a3d4d4df79f7a,3078.88,125.19,12.367281148,56000,54000
450cd1ae869b5e307e0ae8817e9a3d4d4df79f7a,3084.81,125.54,12.370067912,55000,56000
450cd1ae869b5e307e0ae8817e9a3d4d4df79f7a,3011.27,122.96,12.073505513,55000,55000
450cd1ae869b5e307e0ae8817e9a3d4d4df79f7a,3124.88,127.95,12.527190947,56000,55000
450cd1ae869b5e307e0ae8817e9a3d4d4df79f7a,3062.47,125.17,12.303178870,56000,54000
450cd1ae869b5e307e0ae8817e9a3d4d4df79f7a,3078.17,125.58,12.376860622,56000,56000
450cd1ae869b5e307e0ae8817e9a3d4d4df79f7a,3117.96,127.10,12.500633113,55000,56000
450cd1ae869b5e307e0ae8817e9a3d4d4df79f7a,3105.35,126.95,12.444388289,56000,56000
450cd1ae869b5e307e0ae8817e9a3d4d4df79f7a,3090.13,126.92,12.394173016,55000,55000
450cd1ae869b5e307e0ae8817e9a3d4d4df79f7a,3092.63,126.70,12.393740990,56000,56000
450cd1ae869b5e307e0ae8817e9a3d4d4df79f7a,3073.97,125.83,12.325808453,56000,56000
450cd1ae869b5e307e0ae8817e9a3d4d4df79f7a,2983.97,121.94,11.982668682,56000,55000
450cd1ae869b5e307e0ae8817e9a3d4d4df79f7a,3026.99,123.58,12.123966429,56000,56000
450cd1ae869b5e307e0ae8817e9a3d4d4df79f7a,3097.70,126.75,12.428635273,56000,56000
450cd1ae869b5e307e0ae8817e9a3d4d4df79f7a,3072.22,125.32,12.346225795,55000,55000
450cd1ae869b5e307e0ae8817e9a3d4d4df79f7a,3078.02,125.79,12.354509934,56000,56000
450cd1ae869b5e307e0ae8817e9a3d4d4df79f7a,3088.43,125.91,12.390269614,56000,56000
450cd1ae869b5e307e0ae8817e9a3d4d4df79f7a,3091.18,126.19,12.402913335,54000,55000
450cd1ae869b5e307e0ae8817e9a3d4d4df79f7a,3060.43,124.76,12.299629635,56000,55000
450cd1ae869b5e307e0ae8817e9a3d4d4df79f7a,3110.74,127.04,12.512597728,55000,56000
450cd1ae869b5e307e0ae8817e9a3d4d4df79f7a,3053.42,124.73,12.249251478,55000,56000
450cd1ae869b5e307e0ae8817e9a3d4d4df79f7a,3063.69,124.63,12.301088159,55000,55000
450cd1ae869b5e307e0ae8817e9a3d4d4df79f7a,3039.66,123.48,12.209137138,56000,55000
450cd1ae869b5e307e0ae8817e9a3d4d4df79f7a,3041.03,124.00,12.213313694,55000,55000
450cd1ae869b5e307e0ae8817e9a3d4d4df79f7a,3083.01,125.96,12.343837261,56000,55000
450cd1ae869b5e307e0ae8817e9a3d4d4df79f7a,3099.66,126.73,12.446547625,56000,55000
450cd1ae869b5e307e0ae8817e9a3d4d4df79f7a,3077.50,125.65,12.337989414,56000,56000
450cd1ae869b5e307e0ae8817e9a3d4d4df79f7a,3070.40,125.47,12.325776820,56000,56000
3ed377e7f8455fd85eac3f4359f3aaa1433f2a28,3021.56,122.69,12.131277211,56000,55000
3ed377e7f8455fd85eac3f4359f3aaa1433f2a28,3070.65,125.49,12.305902363,56000,56000
3ed377e7f8455fd85eac3f4359f3aaa1433f2a28,3064.94,124.95,12.316083352,54000,56000
3ed377e7f8455fd85eac3f4359f3aaa1433f2a28,3117.76,126.89,12.514637568,55000,56000
3ed377e7f8455fd85eac3f4359f3aaa1433f2a28,3020.99,123.14,12.119289694,56000,56000
3ed377e7f8455fd85eac3f4359f3aaa1433f2a28,3099.16,126.46,12.433248823,55000,55000
3ed377e7f8455fd85eac3f4359f3aaa1433f2a28,3041.63,124.00,12.202269948,56000,55000
3ed377e7f8455fd85eac3f4359f3aaa1433f2a28,3152.14,128.69,12.656969284,56000,56000
3ed377e7f8455fd85eac3f4359f3aaa1433f2a28,3108.45,126.98,12.444667463,56000,56000
3ed377e7f8455fd85eac3f4359f3aaa1433f2a28,3055.53,125.08,12.261784493,56000,56000
3ed377e7f8455fd85eac3f4359f3aaa1433f2a28,3074.68,125.95,12.358036118,56000,56000
3ed377e7f8455fd85eac3f4359f3aaa1433f2a28,3003.31,122.39,12.078809345,56000,56000
3ed377e7f8455fd85eac3f4359f3aaa1433f2a28,3085.91,126.62,12.369696781,56000,55000
3ed377e7f8455fd85eac3f4359f3aaa1433f2a28,2989.37,122.19,12.004253878,56000,55000
3ed377e7f8455fd85eac3f4359f3aaa1433f2a28,3068.45,124.81,12.303796179,55000,56000
3ed377e7f8455fd85eac3f4359f3aaa1433f2a28,3038.91,124.05,12.191487763,56000,55000
3ed377e7f8455fd85eac3f4359f3aaa1433f2a28,3080.91,126.18,12.373018147,56000,56000
3ed377e7f8455fd85eac3f4359f3aaa1433f2a28,3089.23,125.81,12.407249838,55000,56000
3ed377e7f8455fd85eac3f4359f3aaa1433f2a28,3127.40,127.55,12.555008215,54000,56000
3ed377e7f8455fd85eac3f4359f3aaa1433f2a28,3091.47,126.17,12.406132948,55000,55000
3ed377e7f8455fd85eac3f4359f3aaa1433f2a28,3118.03,127.63,12.525889119,55000,55000
3ed377e7f8455fd85eac3f4359f3aaa1433f2a28,3115.12,127.21,12.501103747,56000,55000
3ed377e7f8455fd85eac3f4359f3aaa1433f2a28,3004.52,122.87,12.064633773,56000,56000
3ed377e7f8455fd85eac3f4359f3aaa1433f2a28,3062.27,124.80,12.293893592,56000,55000
3ed377e7f8455fd85eac3f4359f3aaa1433f2a28,3109.81,127.29,12.456538130,56000,56000
3ed377e7f8455fd85eac3f4359f3aaa1433f2a28,3062.70,125.19,12.288068870,56000,56000
3ed377e7f8455fd85eac3f4359f3aaa1433f2a28,3158.72,128.67,12.683551137,56000,56000
3ed377e7f8455fd85eac3f4359f3aaa1433f2a28,3082.78,125.80,12.398568946,55000,54000
3ed377e7f8455fd85eac3f4359f3aaa1433f2a28,3073.30,124.82,12.342814425,56000,55000
3ed377e7f8455fd85eac3f4359f3aaa1433f2a28,3097.83,126.43,12.439625790,56000,56000
741af783e4204d76061f3a0dbf6af50f8f694f70,3041.29,124.34,12.222054829,55000,56000
741af783e4204d76061f3a0dbf6af50f8f694f70,3044.26,124.59,12.208801163,56000,55000
741af783e4204d76061f3a0dbf6af50f8f694f70,3055.69,124.35,12.276215149,55000,55000
741af783e4204d76061f3a0dbf6af50f8f694f70,3109.22,126.58,12.474425255,55000,56000
741af783e4204d76061f3a0dbf6af50f8f694f70,3119.22,127.29,12.503762783,56000,56000
741af783e4204d76061f3a0dbf6af50f8f694f70,3078.12,126.01,12.350661586,55000,56000
741af783e4204d76061f3a0dbf6af50f8f694f70,3156.97,129.26,12.685463200,56000,56000
741af783e4204d76061f3a0dbf6af50f8f694f70,3107.37,127.17,12.464183251,56000,55000
741af783e4204d76061f3a0dbf6af50f8f694f70,3022.37,122.93,12.132035710,55000,55000
741af783e4204d76061f3a0dbf6af50f8f694f70,3051.69,125.12,12.218149261,55000,54000
741af783e4204d76061f3a0dbf6af50f8f694f70,3112.68,126.99,12.499333454,55000,55000
741af783e4204d76061f3a0dbf6af50f8f694f70,3109.66,127.40,12.462096011,56000,56000
741af783e4204d76061f3a0dbf6af50f8f694f70,3082.09,125.60,12.337417448,55000,55000
741af783e4204d76061f3a0dbf6af50f8f694f70,3016.75,122.68,12.097659457,56000,56000
741af783e4204d76061f3a0dbf6af50f8f694f70,3089.08,126.19,12.405217712,56000,56000
741af783e4204d76061f3a0dbf6af50f8f694f70,3049.81,124.04,12.258982119,55000,56000
741af783e4204d76061f3a0dbf6af50f8f694f70,3064.34,125.62,12.296301686,56000,56000
741af783e4204d76061f3a0dbf6af50f8f694f70,3073.32,125.56,12.361419615,56000,56000
741af783e4204d76061f3a0dbf6af50f8f694f70,3146.25,129.12,12.618368706,55000,56000
741af783e4204d76061f3a0dbf6af50f8f694f70,3147.60,129.55,12.609258934,55000,56000
741af783e4204d76061f3a0dbf6af50f8f694f70,3111.51,127.30,12.493013127,55000,56000
741af783e4204d76061f3a0dbf6af50f8f694f70,3041.67,123.87,12.210537642,56000,56000
741af783e4204d76061f3a0dbf6af50f8f694f70,3121.96,127.57,12.537881956,55000,56000
741af783e4204d76061f3a0dbf6af50f8f694f70,2967.75,120.27,11.932641772,56000,56000
741af783e4204d76061f3a0dbf6af50f8f694f70,3003.82,122.47,12.055727207,55000,56000
741af783e4204d76061f3a0dbf6af50f8f694f70,3029.03,123.51,12.150710995,56000,56000
741af783e4204d76061f3a0dbf6af50f8f694f70,3046.79,124.04,12.251089111,55000,56000
741af783e4204d76061f3a0dbf6af50f8f694f70,3091.97,126.25,12.414942851,55000,55000
741af783e4204d76061f3a0dbf6af50f8f694f70,3047.83,124.56,12.238280728,55000,56000
741af783e4204d76061f3a0dbf6af50f8f694f70,3110.37,126.37,12.501882768,56000,56000
f06e896df48e2dea70ead11e24e5765cc27efae4,3117.68,127.24,12.534448458,54000,56000
f06e896df48e2dea70ead11e24e5765cc27efae4,3076.55,125.13,12.371148670,56000,56000
f06e896df48e2dea70ead11e24e5765cc27efae4,3084.97,126.80,12.363917335,55000,56000
f06e896df48e2dea70ead11e24e5765cc27efae4,3090.98,125.68,12.424542476,56000,55000
f06e896df48e2dea70ead11e24e5765cc27efae4,3118.80,127.81,12.503876086,56000,56000
f06e896df48e2dea70ead11e24e5765cc27efae4,3101.08,126.18,12.467592164,56000,55000
f06e896df48e2dea70ead11e24e5765cc27efae4,3141.58,128.40,12.606111422,56000,56000
f06e896df48e2dea70ead11e24e5765cc27efae4,3118.71,127.53,12.518697338,56000,55000
f06e896df48e2dea70ead11e24e5765cc27efae4,3009.96,122.76,12.066166746,55000,55000
f06e896df48e2dea70ead11e24e5765cc27efae4,3111.47,127.99,12.465601722,56000,56000
f06e896df48e2dea70ead11e24e5765cc27efae4,3081.95,125.82,12.368351697,56000,56000
f06e896df48e2dea70ead11e24e5765cc27efae4,3061.79,125.17,12.282610754,56000,55000
f06e896df48e2dea70ead11e24e5765cc27efae4,3079.16,125.73,12.328182252,55000,55000
f06e896df48e2dea70ead11e24e5765cc27efae4,3136.44,128.88,12.587040031,56000,55000
f06e896df48e2dea70ead11e24e5765cc27efae4,3074.90,126.31,12.342953530,56000,56000
f06e896df48e2dea70ead11e24e5765cc27efae4,3058.22,123.97,12.286948249,56000,55000
f06e896df48e2dea70ead11e24e5765cc27efae4,3108.46,126.64,12.487209656,56000,56000
f06e896df48e2dea70ead11e24e5765cc27efae4,3146.38,128.57,12.631267517,56000,55000
f06e896df48e2dea70ead11e24e5765cc27efae4,3118.84,127.83,12.491994700,56000,56000
f06e896df48e2dea70ead11e24e5765cc27efae4,3057.17,125.15,12.271684127,56000,56000
f06e896df48e2dea70ead11e24e5765cc27efae4,3004.64,122.45,12.050389872,56000,55000
f06e896df48e2dea70ead11e24e5765cc27efae4,3073.95,125.71,12.318739384,54000,55000
f06e896df48e2dea70ead11e24e5765cc27efae4,3081.34,125.93,12.354497785,55000,55000
f06e896df48e2dea70ead11e24e5765cc27efae4,3081.68,125.66,12.365620161,55000,56000
f06e896df48e2dea70ead11e24e5765cc27efae4,3082.95,125.59,12.367140919,55000,55000
f06e896df48e2dea70ead11e24e5765cc27efae4,3130.74,128.32,12.560644058,55000,55000
f06e896df48e2dea70ead11e24e5765cc27efae4,3076.96,125.50,12.353831416,56000,54000
f06e896df48e2dea70ead11e24e5765cc27efae4,3056.59,125.44,12.258232322,55000,56000
f06e896df48e2dea70ead11e24e5765cc27efae4,3041.64,124.47,12.180884425,56000,56000
f06e896df48e2dea70ead11e24e5765cc27efae4,3074.09,125.74,12.331583111,55000,55000
052eaf0ba6d482297602bca5b32abf44c2947f16,3187.75,130.27,12.784487367,55000,55000
052eaf0ba6d482297602bca5b32abf44c2947f16,3127.67,127.45,12.546151277,55000,55000
052eaf0ba6d482297602bca5b32abf44c2947f16,3088.21,126.16,12.388721954,56000,55000
052eaf0ba6d482297602bca5b32abf44c2947f16,3109.81,126.97,12.467136882,55000,54000
052eaf0ba6d482297602bca5b32abf44c2947f16,3044.85,124.38,12.184923949,56000,56000
052eaf0ba6d482297602bca5b32abf44c2947f16,3130.11,127.74,12.562277067,55000,56000
052eaf0ba6d482297602bca5b32abf44c2947f16,3029.15,123.10,12.150643266,54000,54000
052eaf0ba6d482297602bca5b32abf44c2947f16,3141.48,128.01,12.604402471,55000,55000
052eaf0ba6d482297602bca5b32abf44c2947f16,3049.64,124.83,12.216340225,55000,55000
052eaf0ba6d482297602bca5b32abf44c2947f16,3111.70,126.46,12.497390426,56000,56000
052eaf0ba6d482297602bca5b32abf44c2947f16,3049.95,124.57,12.244669045,56000,56000
052eaf0ba6d482297602bca5b32abf44c2947f16,3121.05,127.18,12.514278734,56000,56000
052eaf0ba6d482297602bca5b32abf44c2947f16,3149.99,128.41,12.626214440,56000,56000
052eaf0ba6d482297602bca5b32abf44c2947f16,3120.12,127.42,12.540853186,55000,56000
052eaf0ba6d482297602bca5b32abf44c2947f16,3067.41,125.17,12.336844170,56000,56000
052eaf0ba6d482297602bca5b32abf44c2947f16,3049.94,125.10,12.239842382,56000,56000
052eaf0ba6d482297602bca5b32abf44c2947f16,3142.97,128.71,12.620065623,56000,56000
052eaf0ba6d482297602bca5b32abf44c2947f16,3041.11,124.25,12.207702323,55000,55000
052eaf0ba6d482297602bca5b32abf44c2947f16,3144.42,128.06,12.630979758,56000,56000
052eaf0ba6d482297602bca5b32abf44c2947f16,3085.94,126.01,12.377399734,56000,55000
052eaf0ba6d482297602bca5b32abf44c2947f16,3138.21,127.80,12.584023988,56000,55000
052eaf0ba6d482297602bca5b32abf44c2947f16,3102.60,126.47,12.457314309,56000,56000
052eaf0ba6d482297602bca5b32abf44c2947f16,3109.37,126.73,12.475696375,56000,56000
052eaf0ba6d482297602bca5b32abf44c2947f16,3020.66,123.02,12.120337580,56000,55000
052eaf0ba6d482297602bca5b32abf44c2947f16,3007.12,122.79,12.060115108,56000,56000
052eaf0ba6d482297602bca5b32abf44c2947f16,3065.51,124.89,12.317877908,56000,55000
052eaf0ba6d482297602bca5b32abf44c2947f16,3119.15,127.00,12.535175433,56000,56000
052eaf0ba6d482297602bca5b32abf44c2947f16,3132.65,128.03,12.583331738,56000,56000
052eaf0ba6d482297602bca5b32abf44c2947f16,3109.99,127.02,12.481911086,56000,55000
052eaf0ba6d482297602bca5b32abf44c2947f16,3087.46,125.94,12.388060481,54000,55000
a03ed5611c6c844c0deb6b32b77a5ba8753d1604,3190.77,129.97,12.881208432,56000,57000
a03ed5611c6c844c0deb6b32b77a5ba8753d1604,3173.66,129.43,12.743587894,56000,56000
a03ed5611c6c844c0deb6b32b77a5ba8753d1604,3173.91,129.18,12.754206312,55000,56000
a03ed5611c6c844c0deb6b32b77a5ba8753d1604,3263.15,133.49,13.124271980,55000,55000
a03ed5611c6c844c0deb6b32b77a5ba8753d1604,3248.39,132.54,13.051766287,56000,56000
a03ed5611c6c844c0deb6b32b77a5ba8753d1604,3175.59,129.20,12.760631603,56000,56000
a03ed5611c6c844c0deb6b32b77a5ba8753d1604,3197.25,129.90,12.856572701,56000,56000
a03ed5611c6c844c0deb6b32b77a5ba8753d1604,3288.90,134.48,13.211804677,56000,55000
a03ed5611c6c844c0deb6b32b77a5ba8753d1604,3204.70,130.21,12.891649851,54000,55000
a03ed5611c6c844c0deb6b32b77a5ba8753d1604,3191.94,130.16,12.832584045,56000,56000
a03ed5611c6c844c0deb6b32b77a5ba8753d1604,3224.24,131.88,12.982563893,55000,56000
a03ed5611c6c844c0deb6b32b77a5ba8753d1604,3229.40,131.83,12.997926603,55000,54000
a03ed5611c6c844c0deb6b32b77a5ba8753d1604,3241.22,132.74,13.016544234,55000,55000
a03ed5611c6c844c0deb6b32b77a5ba8753d1604,3220.75,131.30,12.955973620,56000,56000
a03ed5611c6c844c0deb6b32b77a5ba8753d1604,3133.39,128.00,12.593887040,56000,56000
a03ed5611c6c844c0deb6b32b77a5ba8753d1604,3205.05,130.34,12.884946202,56000,56000
a03ed5611c6c844c0deb6b32b77a5ba8753d1604,3252.83,133.02,13.073512601,56000,55000
a03ed5611c6c844c0deb6b32b77a5ba8753d1604,3254.50,132.64,13.047625400,56000,56000
a03ed5611c6c844c0deb6b32b77a5ba8753d1604,3259.69,132.72,13.131076632,56000,56000
a03ed5611c6c844c0deb6b32b77a5ba8753d1604,3243.91,131.98,13.031141609,56000,56000
a03ed5611c6c844c0deb6b32b77a5ba8753d1604,3287.26,134.11,13.221881658,56000,56000
a03ed5611c6c844c0deb6b32b77a5ba8753d1604,3172.09,129.56,12.728446207,56000,55000
a03ed5611c6c844c0deb6b32b77a5ba8753d1604,3271.33,133.82,13.131554006,55000,56000
a03ed5611c6c844c0deb6b32b77a5ba8753d1604,3229.76,131.76,12.969550585,56000,56000
a03ed5611c6c844c0deb6b32b77a5ba8753d1604,3213.22,131.09,12.911115484,56000,56000
a03ed5611c6c844c0deb6b32b77a5ba8753d1604,3187.97,129.75,12.816706102,56000,56000
a03ed5611c6c844c0deb6b32b77a5ba8753d1604,3163.94,129.09,12.734935345,56000,55000
a03ed5611c6c844c0deb6b32b77a5ba8753d1604,3188.01,129.35,12.826986107,56000,56000
a03ed5611c6c844c0deb6b32b77a5ba8753d1604,3183.67,129.76,12.789287625,55000,56000
a03ed5611c6c844c0deb6b32b77a5ba8753d1604,3220.47,131.04,12.953512573,55000,56000
