commit,energy-pkg,energy-ram,seconds,temp_before,temp_after
7a4785c0e918410f8e19293e9e1543a25490902e,1379.25,54.14,5.592681420,54000,54000
7a4785c0e918410f8e19293e9e1543a25490902e,1421.33,55.85,5.756692924,54000,55000
7a4785c0e918410f8e19293e9e1543a25490902e,1418.49,55.64,5.745578083,55000,55000
7a4785c0e918410f8e19293e9e1543a25490902e,1379.82,53.98,5.597756775,54000,55000
7a4785c0e918410f8e19293e9e1543a25490902e,1395.47,54.41,5.656339332,54000,55000
7a4785c0e918410f8e19293e9e1543a25490902e,1404.17,55.02,5.692501677,55000,54000
7a4785c0e918410f8e19293e9e1543a25490902e,1380.22,54.10,5.591348451,54000,54000
7a4785c0e918410f8e19293e9e1543a25490902e,1406.55,55.25,5.702582633,54000,55000
7a4785c0e918410f8e19293e9e1543a25490902e,1381.95,54.14,5.609878641,55000,54000
7a4785c0e918410f8e19293e9e1543a25490902e,1423.24,56.02,5.776935562,54000,54000
7a4785c0e918410f8e19293e9e1543a25490902e,1383.12,54.62,5.598519058,54000,54000
7a4785c0e918410f8e19293e9e1543a25490902e,1383.42,54.41,5.620373560,56000,54000
7a4785c0e918410f8e19293e9e1543a25490902e,1384.76,54.36,5.619793492,55000,54000
7a4785c0e918410f8e19293e9e1543a25490902e,1377.43,54.28,5.578675050,55000,54000
7a4785c0e918410f8e19293e9e1543a25490902e,1378.13,54.12,5.585336724,54000,54000
7a4785c0e918410f8e19293e9e1543a25490902e,1367.29,53.94,5.541426483,54000,54000
7a4785c0e918410f8e19293e9e1543a25490902e,1392.51,54.68,5.634270799,55000,54000
7a4785c0e918410f8e19293e9e1543a25490902e,1393.20,54.92,5.633439031,55000,54000
7a4785c0e918410f8e19293e9e1543a25490902e,1362.03,53.36,5.516805782,54000,54000
7a4785c0e918410f8e19293e9e1543a25490902e,1382.85,54.18,5.609474195,55000,54000
7a4785c0e918410f8e19293e9e1543a25490902e,1374.80,53.89,5.572923057,55000,54000
7a4785c0e918410f8e19293e9e1543a25490902e,1376.48,54.00,5.592709147,54000,54000
7a4785c0e918410f8e19293e9e1543a25490902e,1381.41,54.15,5.595086560,54000,54000
7a4785c0e918410f8e19293e9e1543a25490902e,1377.69,54.16,5.586556571,54000,54000
7a4785c0e918410f8e19293e9e1543a25490902e,1379.09,53.93,5.590218885,54000,54000
7a4785c0e918410f8e19293e9e1543a25490902e,1391.23,54.40,5.648718162,54000,55000
7a4785c0e918410f8e19293e9e1543a25490902e,1392.79,54.53,5.658481431,54000,54000
7a4785c0e918410f8e19293e9e1543a25490902e,1375.84,53.87,5.577889627,54000,54000
7a4785c0e918410f8e19293e9e1543a25490902e,1387.62,54.18,5.631321455,54000,55000
7a4785c0e918410f8e19293e9e1543a25490902e,1391.82,54.57,5.635692832,55000,54000
c162c333d1ed9bf56ddbbe940aa47b24928e1188,1365.20,53.33,5.539737857,54000,54000
c162c333d1ed9bf56ddbbe940aa47b24928e1188,1427.46,55.96,5.785471387,54000,54000
c162c333d1ed9bf56ddbbe940aa47b24928e1188,1394.29,54.60,5.657770531,54000,54000
c162c333d1ed9bf56ddbbe940aa47b24928e1188,1382.88,54.55,5.592586338,54000,55000
c162c333d1ed9bf56ddbbe940aa47b24928e1188,1395.85,54.54,5.667502495,54000,54000
c162c333d1ed9bf56ddbbe940aa47b24928e1188,1403.54,55.09,5.680398021,54000,54000
c162c333d1ed9bf56ddbbe940aa47b24928e1188,1415.56,55.55,5.736093287,54000,55000
c162c333d1ed9bf56ddbbe940aa47b24928e1188,1374.99,53.63,5.581613419,55000,54000
c162c333d1ed9bf56ddbbe940aa47b24928e1188,1411.82,55.46,5.726306289,54000,54000
c162c333d1ed9bf56ddbbe940aa47b24928e1188,1372.99,53.65,5.586401807,54000,54000
c162c333d1ed9bf56ddbbe940aa47b24928e1188,1418.90,55.82,5.756142027,54000,55000
c162c333d1ed9bf56ddbbe940aa47b24928e1188,1387.14,54.29,5.620087557,55000,54000
c162c333d1ed9bf56ddbbe940aa47b24928e1188,1383.42,54.10,5.605812425,56000,55000
c162c333d1ed9bf56ddbbe940aa47b24928e1188,1386.43,54.23,5.623053652,54000,55000
c162c333d1ed9bf56ddbbe940aa47b24928e1188,1385.15,54.11,5.617429410,54000,54000
c162c333d1ed9bf56ddbbe940aa47b24928e1188,1385.37,54.35,5.610774986,54000,54000
c162c333d1ed9bf56ddbbe940aa47b24928e1188,1400.61,54.86,5.676113283,54000,54000
c162c333d1ed9bf56ddbbe940aa47b24928e1188,1371.96,53.92,5.565061674,55000,55000
c162c333d1ed9bf56ddbbe940aa47b24928e1188,1389.31,54.33,5.632143067,54000,54000
c162c333d1ed9bf56ddbbe940aa47b24928e1188,1405.19,54.97,5.692402709,55000,55000
c162c333d1ed9bf56ddbbe940aa47b24928e1188,1374.87,53.71,5.587170939,55000,56000
c162c333d1ed9bf56ddbbe940aa47b24928e1188,1383.66,54.09,5.614823745,54000,54000
c162c333d1ed9bf56ddbbe940aa47b24928e1188,1373.73,53.73,5.577609730,56000,56000
c162c333d1ed9bf56ddbbe940aa47b24928e1188,1395.57,54.78,5.658223240,55000,55000
c162c333d1ed9bf56ddbbe940aa47b24928e1188,1400.32,54.91,5.682945872,55000,55000
c162c333d1ed9bf56ddbbe940aa47b24928e1188,1404.52,55.09,5.689049204,56000,54000
c162c333d1ed9bf56ddbbe940aa47b24928e1188,1382.68,53.98,5.603745059,54000,55000
c162c333d1ed9bf56ddbbe940aa47b24928e1188,1415.42,55.27,5.747240999,55000,56000
c162c333d1ed9bf56ddbbe940aa47b24928e1188,1404.22,55.11,5.694180364,54000,55000
c162c333d1ed9bf56ddbbe940aa47b24928e1188,1391.20,54.71,5.633498308,55000,54000
81709c3a3ba89ce8796c91b876a284a062eb763f,1410.88,55.26,5.710908914,54000,54000
81709c3a3ba89ce8796c91b876a284a062eb763f,1400.39,54.68,5.672767501,54000,54000
81709c3a3ba89ce8796c91b876a284a062eb763f,1397.25,54.73,5.637373410,55000,55000
81709c3a3ba89ce8796c91b876a284a062eb763f,1397.93,54.59,5.650481230,54000,54000
81709c3a3ba89ce8796c91b876a284a062eb763f,1393.39,54.50,5.623477615,54000,54000
81709c3a3ba89ce8796c91b876a284a062eb763f,1388.58,54.41,5.599447793,54000,54000
81709c3a3ba89ce8796c91b876a284a062eb763f,1393.65,54.37,5.634862292,55000,54000
81709c3a3ba89ce8796c91b876a284a062eb763f,1403.49,55.06,5.662807463,54000,55000
81709c3a3ba89ce8796c91b876a284a062eb763f,1382.67,54.16,5.592655821,54000,54000
81709c3a3ba89ce8796c91b876a284a062eb763f,1389.93,54.31,5.613897755,54000,56000
81709c3a3ba89ce8796c91b876a284a062eb763f,1387.34,54.21,5.599999161,54000,54000
81709c3a3ba89ce8796c91b876a284a062eb763f,1377.69,53.94,5.564644111,55000,54000
81709c3a3ba89ce8796c91b876a284a062eb763f,1400.72,54.78,5.653855051,54000,54000
81709c3a3ba89ce8796c91b876a284a062eb763f,1434.09,56.23,5.792784826,54000,55000
81709c3a3ba89ce8796c91b876a284a062eb763f,1385.83,54.22,5.588404154,54000,55000
81709c3a3ba89ce8796c91b876a284a062eb763f,1393.17,54.53,5.627942352,55000,54000
81709c3a3ba89ce8796c91b876a284a062eb763f,1396.96,54.49,5.642771046,54000,54000
81709c3a3ba89ce8796c91b876a284a062eb763f,1389.62,54.41,5.607616007,54000,54000
81709c3a3ba89ce8796c91b876a284a062eb763f,1406.90,55.16,5.680080911,54000,55000
81709c3a3ba89ce8796c91b876a284a062eb763f,1391.70,54.37,5.627165659,54000,55000
81709c3a3ba89ce8796c91b876a284a062eb763f,1384.07,54.26,5.595163864,54000,54000
81709c3a3ba89ce8796c91b876a284a062eb763f,1404.86,54.98,5.672974903,55000,54000
81709c3a3ba89ce8796c91b876a284a062eb763f,1390.46,54.40,5.607398205,54000,54000
81709c3a3ba89ce8796c91b876a284a062eb763f,1394.93,54.57,5.633521651,54000,54000
81709c3a3ba89ce8796c91b876a284a062eb763f,1382.91,54.12,5.579656173,54000,55000
81709c3a3ba89ce8796c91b876a284a062eb763f,1385.02,54.14,5.594628337,54000,54000
81709c3a3ba89ce8796c91b876a284a062eb763f,1402.09,54.55,5.665100226,54000,54000
81709c3a3ba89ce8796c91b876a284a062eb763f,1401.43,54.82,5.656508455,54000,55000
81709c3a3ba89ce8796c91b876a284a062eb763f,1392.14,54.51,5.614034894,55000,54000
81709c3a3ba89ce8796c91b876a284a062eb763f,1382.06,53.89,5.581148372,54000,54000
3a7d98e5ec177a6030635f55c9d51600de0b91dc,1023.90,39.73,4.175152864,54000,54000
3a7d98e5ec177a6030635f55c9d51600de0b91dc,1048.13,40.59,4.278379449,54000,54000
3a7d98e5ec177a6030635f55c9d51600de0b91dc,1011.92,39.29,4.128091864,54000,54000
3a7d98e5ec177a6030635f55c9d51600de0b91dc,1023.69,39.53,4.172098211,54000,54000
3a7d98e5ec177a6030635f55c9d51600de0b91dc,1051.30,40.72,4.277381916,54000,54000
3a7d98e5ec177a6030635f55c9d51600de0b91dc,1010.90,39.20,4.121963018,54000,54000
3a7d98e5ec177a6030635f55c9d51600de0b91dc,1033.81,40.18,4.216109464,54000,54000
3a7d98e5ec177a6030635f55c9d51600de0b91dc,1009.32,39.07,4.118675713,54000,54000
3a7d98e5ec177a6030635f55c9d51600de0b91dc,1041.76,40.31,4.244052330,54000,54000
3a7d98e5ec177a6030635f55c9d51600de0b91dc,1011.72,39.06,4.123757073,54000,55000
3a7d98e5ec177a6030635f55c9d51600de0b91dc,1015.90,39.39,4.135145164,54000,54000
3a7d98e5ec177a6030635f55c9d51600de0b91dc,1022.27,39.67,4.167859013,54000,54000
3a7d98e5ec177a6030635f55c9d51600de0b91dc,1024.20,39.53,4.174225300,54000,54000
3a7d98e5ec177a6030635f55c9d51600de0b91dc,1015.48,39.25,4.139717428,54000,55000
3a7d98e5ec177a6030635f55c9d51600de0b91dc,1019.85,39.51,4.158532482,54000,54000
3a7d98e5ec177a6030635f55c9d51600de0b91dc,1016.97,39.50,4.151128245,55000,54000
3a7d98e5ec177a6030635f55c9d51600de0b91dc,1035.66,40.11,4.211357033,54000,54000
3a7d98e5ec177a6030635f55c9d51600de0b91dc,1012.17,39.08,4.131064561,55000,54000
3a7d98e5ec177a6030635f55c9d51600de0b91dc,1015.44,39.23,4.137156457,54000,55000
3a7d98e5ec177a6030635f55c9d51600de0b91dc,1023.96,39.72,4.174701063,54000,55000
3a7d98e5ec177a6030635f55c9d51600de0b91dc,1020.52,39.53,4.165985172,54000,54000
3a7d98e5ec177a6030635f55c9d51600de0b91dc,1024.92,39.79,4.178447987,55000,56000
3a7d98e5ec177a6030635f55c9d51600de0b91dc,1013.64,39.37,4.140399294,54000,54000
3a7d98e5ec177a6030635f55c9d51600de0b91dc,1022.91,39.72,4.167075769,54000,54000
3a7d98e5ec177a6030635f55c9d51600de0b91dc,1031.94,39.94,4.207821529,54000,54000
3a7d98e5ec177a6030635f55c9d51600de0b91dc,1032.12,40.21,4.201355683,54000,54000
3a7d98e5ec177a6030635f55c9d51600de0b91dc,1011.39,39.22,4.122257134,54000,54000
3a7d98e5ec177a6030635f55c9d51600de0b91dc,1018.65,39.54,4.150134922,54000,54000
3a7d98e5ec177a6030635f55c9d51600de0b91dc,1033.44,40.17,4.201137311,54000,55000
3a7d98e5ec177a6030635f55c9d51600de0b91dc,1011.16,39.17,4.123846090,54000,54000
a6ee0737b95d9ba16a2a433a515100499ce8b69c,1017.06,39.59,4.151086169,54000,54000
a6ee0737b95d9ba16a2a433a515100499ce8b69c,1028.84,40.03,4.191900088,54000,54000
a6ee0737b95d9ba16a2a433a515100499ce8b69c,1033.58,40.14,4.211372520,53000,54000
a6ee0737b95d9ba16a2a433a515100499ce8b69c,1019.60,39.40,4.148682059,54000,54000
a6ee0737b95d9ba16a2a433a515100499ce8b69c,1037.41,40.30,4.224842039,54000,54000
a6ee0737b95d9ba16a2a433a515100499ce8b69c,1016.23,39.33,4.137642117,54000,54000
a6ee0737b95d9ba16a2a433a515100499ce8b69c,1023.47,39.52,4.168243122,54000,54000
a6ee0737b95d9ba16a2a433a515100499ce8b69c,1022.44,39.45,4.159548634,54000,54000
a6ee0737b95d9ba16a2a433a515100499ce8b69c,1016.46,39.09,4.134387757,54000,55000
a6ee0737b95d9ba16a2a433a515100499ce8b69c,1007.74,38.93,4.107120786,54000,54000
a6ee0737b95d9ba16a2a433a515100499ce8b69c,1036.96,40.12,4.214125700,56000,55000
a6ee0737b95d9ba16a2a433a515100499ce8b69c,1020.78,39.62,4.150863144,54000,55000
a6ee0737b95d9ba16a2a433a515100499ce8b69c,1017.91,39.39,4.148365057,55000,54000
a6ee0737b95d9ba16a2a433a515100499ce8b69c,1011.46,39.10,4.127404581,54000,55000
a6ee0737b95d9ba16a2a433a515100499ce8b69c,1014.82,39.33,4.137599966,54000,54000
a6ee0737b95d9ba16a2a433a515100499ce8b69c,1016.94,39.29,4.144841183,54000,54000
a6ee0737b95d9ba16a2a433a515100499ce8b69c,1040.92,40.20,4.244605260,54000,55000
a6ee0737b95d9ba16a2a433a515100499ce8b69c,1033.21,39.91,4.209221548,54000,54000
a6ee0737b95d9ba16a2a433a515100499ce8b69c,1030.35,39.99,4.195453197,54000,54000
a6ee0737b95d9ba16a2a433a515100499ce8b69c,1021.42,39.56,4.155901382,54000,54000
a6ee0737b95d9ba16a2a433a515100499ce8b69c,1025.18,39.79,4.166255481,55000,54000
a6ee0737b95d9ba16a2a433a515100499ce8b69c,1037.90,40.17,4.218489273,56000,55000
a6ee0737b95d9ba16a2a433a515100499ce8b69c,1039.50,40.17,4.229460966,55000,55000
a6ee0737b95d9ba16a2a433a515100499ce8b69c,1041.83,40.36,4.236229581,55000,55000
a6ee0737b95d9ba16a2a433a515100499ce8b69c,1007.48,38.88,4.109991925,55000,54000
a6ee0737b95d9ba16a2a433a515100499ce8b69c,1015.18,39.37,4.136979159,54000,56000
a6ee0737b95d9ba16a2a433a515100499ce8b69c,1036.47,40.02,4.226293458,54000,55000
a6ee0737b95d9ba16a2a433a515100499ce8b69c,1027.77,39.86,4.186808641,54000,55000
a6ee0737b95d9ba16a2a433a515100499ce8b69c,1034.68,40.07,4.216775982,54000,54000
a6ee0737b95d9ba16a2a433a515100499ce8b69c,1012.89,39.03,4.128639120,54000,55000
e49a77475628405cdee19941155fc1ce0eba9888,1029.55,39.84,4.208222724,53000,54000
e49a77475628405cdee19941155fc1ce0eba9888,1022.15,39.63,4.178493881,54000,54000
e49a77475628405cdee19941155fc1ce0eba9888,1044.87,40.62,4.259883227,54000,55000
e49a77475628405cdee19941155fc1ce0eba9888,1035.82,40.10,4.216773836,54000,55000
e49a77475628405cdee19941155fc1ce0eba9888,1035.41,40.08,4.231925424,54000,54000
e49a77475628405cdee19941155fc1ce0eba9888,1022.51,39.61,4.165049417,55000,54000
e49a77475628405cdee19941155fc1ce0eba9888,1024.22,39.72,4.196237243,55000,54000
e49a77475628405cdee19941155fc1ce0eba9888,1016.73,39.61,4.148611408,55000,55000
e49a77475628405cdee19941155fc1ce0eba9888,1016.24,39.39,4.153259810,55000,55000
e49a77475628405cdee19941155fc1ce0eba9888,1026.67,39.83,4.197052039,55000,55000
e49a77475628405cdee19941155fc1ce0eba9888,1025.05,39.78,4.190559535,55000,55000
e49a77475628405cdee19941155fc1ce0eba9888,1024.73,39.66,4.187944908,54000,54000
e49a77475628405cdee19941155fc1ce0eba9888,1014.72,39.27,4.140222422,54000,54000
e49a77475628405cdee19941155fc1ce0eba9888,1025.36,39.79,4.188511406,54000,55000
e49a77475628405cdee19941155fc1ce0eba9888,1014.81,39.52,4.142852381,54000,54000
e49a77475628405cdee19941155fc1ce0eba9888,1013.74,39.34,4.134459222,54000,55000
e49a77475628405cdee19941155fc1ce0eba9888,1027.35,39.88,4.196630680,55000,54000
e49a77475628405cdee19941155fc1ce0eba9888,1036.49,40.30,4.230375167,55000,54000
e49a77475628405cdee19941155fc1ce0eba9888,1014.41,39.20,4.145220648,54000,54000
e49a77475628405cdee19941155fc1ce0eba9888,1020.60,39.62,4.165838730,54000,54000
e49a77475628405cdee19941155fc1ce0eba9888,1018.08,39.58,4.157036186,55000,55000
e49a77475628405cdee19941155fc1ce0eba9888,1014.60,39.46,4.141210204,55000,54000
e49a77475628405cdee19941155fc1ce0eba9888,1007.61,39.11,4.113961625,54000,54000
e49a77475628405cdee19941155fc1ce0eba9888,1017.51,39.50,4.144092040,54000,54000
e49a77475628405cdee19941155fc1ce0eba9888,1020.68,39.70,4.163420180,55000,54000
e49a77475628405cdee19941155fc1ce0eba9888,1012.47,39.31,4.135254812,55000,55000
e49a77475628405cdee19941155fc1ce0eba9888,1021.91,39.57,4.174325160,55000,55000
e49a77475628405cdee19941155fc1ce0eba9888,1010.54,39.16,4.133563197,55000,54000
e49a77475628405cdee19941155fc1ce0eba9888,1018.99,39.46,4.157873422,54000,56000
e49a77475628405cdee19941155fc1ce0eba9888,1016.41,39.40,4.151204169,54000,54000
e780411c2adf319fb64f002a1b301af7124c9469,1011.74,39.21,4.124909372,55000,54000
e780411c2adf319fb64f002a1b301af7124c9469,1007.72,39.04,4.110230852,54000,55000
e780411c2adf319fb64f002a1b301af7124c9469,1022.58,39.64,4.163105228,54000,54000
e780411c2adf319fb64f002a1b301af7124c9469,1023.73,39.72,4.165545472,54000,54000
e780411c2adf319fb64f002a1b301af7124c9469,1015.98,39.18,4.142423488,54000,56000
e780411c2adf319fb64f002a1b301af7124c9469,1022.35,39.51,4.159618537,54000,54000
e780411c2adf319fb64f002a1b301af7124c9469,1026.74,39.68,4.180260564,54000,54000
e780411c2adf319fb64f002a1b301af7124c9469,1022.50,39.66,4.173227273,54000,54000
e780411c2adf319fb64f002a1b301af7124c9469,1017.25,39.37,4.143380328,54000,54000
e780411c2adf319fb64f002a1b301af7124c9469,1014.11,39.29,4.138484422,54000,54000
e780411c2adf319fb64f002a1b301af7124c9469,1024.25,39.61,4.172520258,55000,55000
e780411c2adf319fb64f002a1b301af7124c9469,1025.71,39.61,4.174802815,54000,55000
e780411c2adf319fb64f002a1b301af7124c9469,1016.98,39.25,4.145161634,56000,55000
e780411c2adf319fb64f002a1b301af7124c9469,1032.87,40.04,4.197007239,54000,54000
e780411c2adf319fb64f002a1b301af7124c9469,1020.95,39.48,4.157228854,55000,56000
e780411c2adf319fb64f002a1b301af7124c9469,1014.83,39.30,4.129555365,54000,55000
e780411c2adf319fb64f002a1b301af7124c9469,1027.66,39.80,4.181471621,54000,54000
e780411c2adf319fb64f002a1b301af7124c9469,1017.38,39.30,4.138185040,54000,55000
e780411c2adf319fb64f002a1b301af7124c9469,1030.00,39.94,4.188597269,55000,54000
e780411c2adf319fb64f002a1b301af7124c9469,1028.61,39.72,4.190875704,54000,54000
e780411c2adf319fb64f002a1b301af7124c9469,1013.81,39.21,4.130805946,55000,54000
e780411c2adf319fb64f002a1b301af7124c9469,1018.93,39.57,4.149386870,55000,55000
e780411c2adf319fb64f002a1b301af7124c9469,1017.22,39.26,4.145529190,55000,55000
e780411c2adf319fb64f002a1b301af7124c9469,1031.57,40.00,4.193386794,54000,54000
e780411c2adf319fb64f002a1b301af7124c9469,1030.49,39.76,4.204508215,54000,55000
e780411c2adf319fb64f002a1b301af7124c9469,1014.20,39.16,4.124577979,54000,55000
e780411c2adf319fb64f002a1b301af7124c9469,1015.20,39.14,4.124165842,55000,55000
e780411c2adf319fb64f002a1b301af7124c9469,1036.42,40.01,4.218368080,55000,56000
e780411c2adf319fb64f002a1b301af7124c9469,1023.03,39.61,4.157526661,55000,54000
e780411c2adf319fb64f002a1b301af7124c9469,1029.18,39.89,4.188409938,54000,55000
f10cc5622be29b643baf311f57cfa68d958f67a4,1446.97,56.40,5.875104323,54000,54000
f10cc5622be29b643baf311f57cfa68d958f67a4,1449.18,56.55,5.870008926,54000,54000
f10cc5622be29b643baf311f57cfa68d958f67a4,1478.60,57.62,6.004113859,54000,54000
f10cc5622be29b643baf311f57cfa68d958f67a4,1447.86,56.51,5.868853152,55000,54000
f10cc5622be29b643baf311f57cfa68d958f67a4,1454.04,57.04,5.885468004,54000,55000
f10cc5622be29b643baf311f57cfa68d958f67a4,1454.76,57.04,5.895846816,54000,54000
f10cc5622be29b643baf311f57cfa68d958f67a4,1466.46,57.40,5.947305812,54000,54000
f10cc5622be29b643baf311f57cfa68d958f67a4,1446.92,56.80,5.867541898,55000,54000
f10cc5622be29b643baf311f57cfa68d958f67a4,1452.05,56.68,5.881275662,54000,54000
f10cc5622be29b643baf311f57cfa68d958f67a4,1468.76,57.41,5.951838625,54000,54000
f10cc5622be29b643baf311f57cfa68d958f67a4,1442.97,56.43,5.843135080,54000,54000
f10cc5622be29b643baf311f57cfa68d958f67a4,1467.10,57.45,5.950375113,54000,54000
f10cc5622be29b643baf311f57cfa68d958f67a4,1447.74,56.81,5.865048896,54000,54000
f10cc5622be29b643baf311f57cfa68d958f67a4,1471.06,57.51,5.970622145,54000,54000
f10cc5622be29b643baf311f57cfa68d958f67a4,1427.25,55.64,5.792629184,54000,54000
f10cc5622be29b643baf311f57cfa68d958f67a4,1455.10,57.03,5.904434458,54000,54000
f10cc5622be29b643baf311f57cfa68d958f67a4,1425.63,55.61,5.787952964,54000,54000
f10cc5622be29b643baf311f57cfa68d958f67a4,1476.99,57.67,5.990365516,54000,55000
f10cc5622be29b643baf311f57cfa68d958f67a4,1425.44,55.59,5.784224114,54000,55000
f10cc5622be29b643baf311f57cfa68d958f67a4,1462.91,57.06,5.939211296,54000,54000
f10cc5622be29b643baf311f57cfa68d958f67a4,1455.49,57.30,5.889000101,54000,54000
f10cc5622be29b643baf311f57cfa68d958f67a4,1441.59,56.28,5.856675806,54000,54000
f10cc5622be29b643baf311f57cfa68d958f67a4,1433.10,56.26,5.817101731,55000,54000
f10cc5622be29b643baf311f57cfa68d958f67a4,1452.94,56.91,5.891074265,55000,55000
f10cc5622be29b643baf311f57cfa68d958f67a4,1450.79,56.79,5.883357318,54000,54000
f10cc5622be29b643baf311f57cfa68d958f67a4,1436.42,56.21,5.834071710,54000,54000
f10cc5622be29b643baf311f57cfa68d958f67a4,1444.84,56.39,5.857905778,55000,54000
f10cc5622be29b643baf311f57cfa68d958f67a4,1442.75,56.64,5.864230854,55000,54000
f10cc5622be29b643baf311f57cfa68d958f67a4,1464.31,57.24,5.935012947,54000,55000
f10cc5622be29b643baf311f57cfa68d958f67a4,1470.61,57.73,5.954178126,55000,54000
9f5acc8dcc4de9b88e02c08dd9eede4ab38cb1a0,1463.85,57.41,5.935423398,54000,54000
9f5acc8dcc4de9b88e02c08dd9eede4ab38cb1a0,1462.77,57.33,5.939033404,54000,54000
9f5acc8dcc4de9b88e02c08dd9eede4ab38cb1a0,1438.02,56.24,5.850925157,54000,54000
9f5acc8dcc4de9b88e02c08dd9eede4ab38cb1a0,1444.54,56.57,5.873628449,54000,54000
9f5acc8dcc4de9b88e02c08dd9eede4ab38cb1a0,1439.71,56.15,5.847758812,54000,54000
9f5acc8dcc4de9b88e02c08dd9eede4ab38cb1a0,1478.25,57.87,5.985993672,54000,54000
9f5acc8dcc4de9b88e02c08dd9eede4ab38cb1a0,1450.32,56.77,5.869337967,55000,54000
9f5acc8dcc4de9b88e02c08dd9eede4ab38cb1a0,1443.75,56.49,5.861848507,54000,54000
9f5acc8dcc4de9b88e02c08dd9eede4ab38cb1a0,1443.12,56.61,5.862520714,54000,54000
9f5acc8dcc4de9b88e02c08dd9eede4ab38cb1a0,1452.61,57.10,5.896682962,55000,54000
9f5acc8dcc4de9b88e02c08dd9eede4ab38cb1a0,1457.50,57.00,5.924761163,55000,54000
9f5acc8dcc4de9b88e02c08dd9eede4ab38cb1a0,1446.32,56.50,5.878568830,54000,55000
9f5acc8dcc4de9b88e02c08dd9eede4ab38cb1a0,1455.20,56.72,5.904174692,54000,54000
9f5acc8dcc4de9b88e02c08dd9eede4ab38cb1a0,1459.67,56.88,5.927357058,54000,54000
9f5acc8dcc4de9b88e02c08dd9eede4ab38cb1a0,1430.77,55.72,5.807480921,55000,55000
9f5acc8dcc4de9b88e02c08dd9eede4ab38cb1a0,1457.10,56.99,5.908558740,55000,54000
9f5acc8dcc4de9b88e02c08dd9eede4ab38cb1a0,1435.61,56.01,5.841544043,54000,54000
9f5acc8dcc4de9b88e02c08dd9eede4ab38cb1a0,1451.91,56.76,5.899976067,55000,54000
9f5acc8dcc4de9b88e02c08dd9eede4ab38cb1a0,1474.43,57.66,5.981822041,54000,54000
9f5acc8dcc4de9b88e02c08dd9eede4ab38cb1a0,1471.22,57.18,5.980415235,55000,55000
9f5acc8dcc4de9b88e02c08dd9eede4ab38cb1a0,1445.60,56.60,5.878817545,54000,54000
9f5acc8dcc4de9b88e02c08dd9eede4ab38cb1a0,1453.81,56.77,5.910770787,55000,55000
9f5acc8dcc4de9b88e02c08dd9eede4ab38cb1a0,1450.40,56.72,5.889385028,54000,56000
9f5acc8dcc4de9b88e02c08dd9eede4ab38cb1a0,1438.75,56.25,5.841553172,56000,55000
9f5acc8dcc4de9b88e02c08dd9eede4ab38cb1a0,1464.85,57.40,5.947574514,55000,54000
9f5acc8dcc4de9b88e02c08dd9eede4ab38cb1a0,1445.83,56.45,5.874276502,55000,55000
9f5acc8dcc4de9b88e02c08dd9eede4ab38cb1a0,1446.89,56.53,5.865741383,55000,55000
9f5acc8dcc4de9b88e02c08dd9eede4ab38cb1a0,1472.12,57.34,5.979482060,55000,55000
9f5acc8dcc4de9b88e02c08dd9eede4ab38cb1a0,1463.85,57.42,5.946663353,54000,54000
9f5acc8dcc4de9b88e02c08dd9eede4ab38cb1a0,1464.56,57.69,5.932446492,54000,55000
d8e9a7a234f155c9b5f350257775bd2ffc1571b5,1441.42,56.14,5.855595299,54000,55000
d8e9a7a234f155c9b5f350257775bd2ffc1571b5,1448.01,56.59,5.875012257,54000,54000
d8e9a7a234f155c9b5f350257775bd2ffc1571b5,1458.82,57.17,5.911032121,54000,54000
d8e9a7a234f155c9b5f350257775bd2ffc1571b5,1486.08,58.17,6.023358459,55000,54000
d8e9a7a234f155c9b5f350257775bd2ffc1571b5,1453.38,56.91,5.886391762,54000,54000
d8e9a7a234f155c9b5f350257775bd2ffc1571b5,1445.71,56.18,5.861977820,55000,54000
d8e9a7a234f155c9b5f350257775bd2ffc1571b5,1446.44,56.18,5.869181386,54000,54000
d8e9a7a234f155c9b5f350257775bd2ffc1571b5,1460.89,57.15,5.911007776,54000,54000
d8e9a7a234f155c9b5f350257775bd2ffc1571b5,1456.58,56.80,5.903841520,54000,54000
d8e9a7a234f155c9b5f350257775bd2ffc1571b5,1457.68,57.10,5.909369926,54000,54000
d8e9a7a234f155c9b5f350257775bd2ffc1571b5,1449.59,56.56,5.869847764,54000,54000
d8e9a7a234f155c9b5f350257775bd2ffc1571b5,1456.53,56.97,5.893484855,55000,54000
d8e9a7a234f155c9b5f350257775bd2ffc1571b5,1474.24,57.67,5.973303427,55000,54000
d8e9a7a234f155c9b5f350257775bd2ffc1571b5,1456.53,56.86,5.892923627,54000,54000
d8e9a7a234f155c9b5f350257775bd2ffc1571b5,1458.37,56.78,5.909247346,55000,55000
d8e9a7a234f155c9b5f350257775bd2ffc1571b5,1452.75,56.93,5.873312146,54000,54000
d8e9a7a234f155c9b5f350257775bd2ffc1571b5,1473.62,57.59,5.963506310,55000,54000
d8e9a7a234f155c9b5f350257775bd2ffc1571b5,1451.88,56.54,5.883164937,54000,55000
d8e9a7a234f155c9b5f350257775bd2ffc1571b5,1451.58,56.54,5.883223323,55000,54000
d8e9a7a234f155c9b5f350257775bd2ffc1571b5,1458.92,57.02,5.905180783,54000,55000
d8e9a7a234f155c9b5f350257775bd2ffc1571b5,1454.76,56.92,5.897794628,55000,54000
d8e9a7a234f155c9b5f350257775bd2ffc1571b5,1453.77,56.89,5.879950499,55000,55000
d8e9a7a234f155c9b5f350257775bd2ffc1571b5,1473.76,57.54,5.969230684,54000,55000
d8e9a7a234f155c9b5f350257775bd2ffc1571b5,1449.25,56.63,5.867114759,55000,54000
d8e9a7a234f155c9b5f350257775bd2ffc1571b5,1462.47,56.95,5.927886590,55000,54000
d8e9a7a234f155c9b5f350257775bd2ffc1571b5,1441.67,56.39,5.826620673,55000,54000
d8e9a7a234f155c9b5f350257775bd2ffc1571b5,1447.42,56.43,5.859890015,55000,55000
d8e9a7a234f155c9b5f350257775bd2ffc1571b5,1477.03,57.52,5.980674789,54000,56000
d8e9a7a234f155c9b5f350257775bd2ffc1571b5,1474.73,57.78,5.959325691,55000,56000
d8e9a7a234f155c9b5f350257775bd2ffc1571b5,1442.72,56.26,5.840760800,55000,54000
89203b3dae6dc1377e7d63f5ce6ef89c36345ee0,1610.50,63.37,6.522346685,54000,54000
89203b3dae6dc1377e7d63f5ce6ef89c36345ee0,1598.54,62.59,6.480197460,54000,54000
89203b3dae6dc1377e7d63f5ce6ef89c36345ee0,1591.37,62.18,6.461681864,54000,54000
89203b3dae6dc1377e7d63f5ce6ef89c36345ee0,1585.46,62.18,6.425946473,54000,54000
89203b3dae6dc1377e7d63f5ce6ef89c36345ee0,1609.87,63.14,6.517864198,54000,54000
89203b3dae6dc1377e7d63f5ce6ef89c36345ee0,1604.77,62.92,6.500250253,55000,54000
89203b3dae6dc1377e7d63f5ce6ef89c36345ee0,1596.02,62.70,6.466662091,55000,54000
89203b3dae6dc1377e7d63f5ce6ef89c36345ee0,1601.75,62.74,6.492011362,54000,54000
89203b3dae6dc1377e7d63f5ce6ef89c36345ee0,1606.49,62.99,6.522071527,54000,55000
89203b3dae6dc1377e7d63f5ce6ef89c36345ee0,1592.69,62.37,6.454400009,54000,54000
89203b3dae6dc1377e7d63f5ce6ef89c36345ee0,1607.33,63.25,6.508875854,54000,54000
89203b3dae6dc1377e7d63f5ce6ef89c36345ee0,1608.43,63.03,6.523306913,54000,54000
89203b3dae6dc1377e7d63f5ce6ef89c36345ee0,1603.40,62.89,6.509567175,54000,54000
89203b3dae6dc1377e7d63f5ce6ef89c36345ee0,1602.73,62.80,6.499619760,54000,54000
89203b3dae6dc1377e7d63f5ce6ef89c36345ee0,1604.23,63.22,6.483104366,54000,54000
89203b3dae6dc1377e7d63f5ce6ef89c36345ee0,1605.75,62.94,6.510633629,54000,56000
89203b3dae6dc1377e7d63f5ce6ef89c36345ee0,1589.95,62.50,6.438989311,54000,54000
89203b3dae6dc1377e7d63f5ce6ef89c36345ee0,1606.39,63.00,6.513701781,54000,55000
89203b3dae6dc1377e7d63f5ce6ef89c36345ee0,1598.35,62.23,6.493230154,55000,54000
89203b3dae6dc1377e7d63f5ce6ef89c36345ee0,1604.48,62.85,6.503547824,55000,55000
89203b3dae6dc1377e7d63f5ce6ef89c36345ee0,1609.37,63.13,6.513902755,54000,54000
89203b3dae6dc1377e7d63f5ce6ef89c36345ee0,1608.57,63.03,6.520405532,55000,54000
89203b3dae6dc1377e7d63f5ce6ef89c36345ee0,1615.46,63.44,6.548994578,55000,54000
89203b3dae6dc1377e7d63f5ce6ef89c36345ee0,1616.04,63.35,6.565303631,55000,55000
89203b3dae6dc1377e7d63f5ce6ef89c36345ee0,1609.49,63.15,6.524513335,54000,54000
89203b3dae6dc1377e7d63f5ce6ef89c36345ee0,1598.50,62.86,6.476077698,54000,54000
89203b3dae6dc1377e7d63f5ce6ef89c36345ee0,1604.49,63.18,6.500755778,54000,55000
89203b3dae6dc1377e7d63f5ce6ef89c36345ee0,1589.90,62.46,6.450294767,55000,54000
89203b3dae6dc1377e7d63f5ce6ef89c36345ee0,1615.33,63.53,6.548317867,54000,54000
89203b3dae6dc1377e7d63f5ce6ef89c36345ee0,1597.29,62.71,6.471860220,55000,54000
1bb8b3bd33c75a38a34877ca4cf8ce916a9dd1b4,1580.73,61.73,6.435112127,54000,54000
1bb8b3bd33c75a38a34877ca4cf8ce916a9dd1b4,1580.11,61.88,6.413590989,54000,54000
1bb8b3bd33c75a38a34877ca4cf8ce916a9dd1b4,1581.05,61.81,6.430581484,55000,54000
1bb8b3bd33c75a38a34877ca4cf8ce916a9dd1b4,1569.03,61.35,6.377916588,54000,54000
1bb8b3bd33c75a38a34877ca4cf8ce916a9dd1b4,1586.83,61.72,6.451696025,54000,54000
1bb8b3bd33c75a38a34877ca4cf8ce916a9dd1b4,1565.50,61.08,6.351594686,55000,54000
1bb8b3bd33c75a38a34877ca4cf8ce916a9dd1b4,1567.83,61.12,6.373125391,54000,54000
1bb8b3bd33c75a38a34877ca4cf8ce916a9dd1b4,1581.17,61.77,6.404822691,54000,54000
1bb8b3bd33c75a38a34877ca4cf8ce916a9dd1b4,1574.84,61.19,6.389697184,55000,54000
1bb8b3bd33c75a38a34877ca4cf8ce916a9dd1b4,1586.30,62.02,6.424947562,54000,56000
1bb8b3bd33c75a38a34877ca4cf8ce916a9dd1b4,1581.47,61.54,6.423776226,55000,54000
1bb8b3bd33c75a38a34877ca4cf8ce916a9dd1b4,1576.15,61.35,6.400337063,54000,55000
1bb8b3bd33c75a38a34877ca4cf8ce916a9dd1b4,1567.51,61.11,6.372674895,54000,55000
1bb8b3bd33c75a38a34877ca4cf8ce916a9dd1b4,1580.48,61.64,6.427782864,54000,54000
1bb8b3bd33c75a38a34877ca4cf8ce916a9dd1b4,1557.87,61.03,6.324813300,54000,54000
1bb8b3bd33c75a38a34877ca4cf8ce916a9dd1b4,1569.28,61.14,6.380055084,54000,54000
1bb8b3bd33c75a38a34877ca4cf8ce916a9dd1b4,1583.56,61.75,6.441359301,55000,54000
1bb8b3bd33c75a38a34877ca4cf8ce916a9dd1b4,1578.64,62.01,6.396638782,54000,54000
1bb8b3bd33c75a38a34877ca4cf8ce916a9dd1b4,1606.89,62.62,6.514780430,54000,54000
1bb8b3bd33c75a38a34877ca4cf8ce916a9dd1b4,1574.87,61.49,6.386254240,55000,56000
1bb8b3bd33c75a38a34877ca4cf8ce916a9dd1b4,1586.62,61.90,6.431895953,55000,55000
1bb8b3bd33c75a38a34877ca4cf8ce916a9dd1b4,1571.05,61.24,6.373687381,55000,54000
1bb8b3bd33c75a38a34877ca4cf8ce916a9dd1b4,1578.59,61.55,6.402572276,55000,55000
1bb8b3bd33c75a38a34877ca4cf8ce916a9dd1b4,1559.94,60.60,6.340790905,55000,55000
1bb8b3bd33c75a38a34877ca4cf8ce916a9dd1b4,1578.09,61.64,6.395275145,55000,55000
1bb8b3bd33c75a38a34877ca4cf8ce916a9dd1b4,1590.52,62.31,6.452928133,55000,55000
1bb8b3bd33c75a38a34877ca4cf8ce916a9dd1b4,1569.54,61.46,6.361574227,54000,55000
1bb8b3bd33c75a38a34877ca4cf8ce916a9dd1b4,1562.26,61.03,6.347222824,55000,55000
1bb8b3bd33c75a38a34877ca4cf8ce916a9dd1b4,1571.98,61.41,6.378266669,55000,55000
1bb8b3bd33c75a38a34877ca4cf8ce916a9dd1b4,1594.99,62.23,6.476295873,55000,55000
27bede624d3f6bed282c53a68b0a00482a87d4aa,1583.45,61.75,6.453870488,54000,54000
27bede624d3f6bed282c53a68b0a00482a87d4aa,1585.42,61.76,6.450951297,54000,55000
27bede624d3f6bed282c53a68b0a00482a87d4aa,1582.44,62.19,6.429886520,55000,54000
27bede624d3f6bed282c53a68b0a00482a87d4aa,1583.79,61.86,6.437086595,55000,55000
27bede624d3f6bed282c53a68b0a00482a87d4aa,1596.49,62.23,6.511849095,55000,54000
27bede624d3f6bed282c53a68b0a00482a87d4aa,1566.48,61.13,6.370855472,54000,55000
27bede624d3f6bed282c53a68b0a00482a87d4aa,1578.87,62.07,6.416280414,54000,54000
27bede624d3f6bed282c53a68b0a00482a87d4aa,1574.31,61.55,6.402081835,56000,55000
27bede624d3f6bed282c53a68b0a00482a87d4aa,1584.29,61.88,6.453365877,55000,54000
27bede624d3f6bed282c53a68b0a00482a87d4aa,1578.00,61.61,6.416310743,54000,55000
27bede624d3f6bed282c53a68b0a00482a87d4aa,1577.68,61.85,6.432817453,54000,55000
27bede624d3f6bed282c53a68b0a00482a87d4aa,1582.34,61.81,6.455069864,54000,54000
27bede624d3f6bed282c53a68b0a00482a87d4aa,1590.43,62.62,6.474305817,54000,54000
27bede624d3f6bed282c53a68b0a00482a87d4aa,1585.13,62.27,6.450482394,54000,55000
27bede624d3f6bed282c53a68b0a00482a87d4aa,1582.81,61.95,6.432744332,54000,55000
27bede624d3f6bed282c53a68b0a00482a87d4aa,1572.13,61.77,6.383214050,55000,55000
27bede624d3f6bed282c53a68b0a00482a87d4aa,1580.91,61.71,6.434574217,54000,54000
27bede624d3f6bed282c53a68b0a00482a87d4aa,1572.77,61.91,6.396363920,54000,54000
27bede624d3f6bed282c53a68b0a00482a87d4aa,1595.25,62.41,6.495189885,54000,54000
27bede624d3f6bed282c53a68b0a00482a87d4aa,1602.51,63.09,6.511985938,54000,54000
27bede624d3f6bed282c53a68b0a00482a87d4aa,1573.05,61.46,6.416808128,54000,54000
27bede624d3f6bed282c53a68b0a00482a87d4aa,1572.99,61.58,6.410749671,54000,54000
27bede624d3f6bed282c53a68b0a00482a87d4aa,1579.71,61.58,6.439936212,54000,54000
27bede624d3f6bed282c53a68b0a00482a87d4aa,1589.38,62.22,6.472608796,54000,54000
27bede624d3f6bed282c53a68b0a00482a87d4aa,1575.11,61.66,6.410007237,55000,54000
27bede624d3f6bed282c53a68b0a00482a87d4aa,1584.51,61.73,6.449457394,55000,54000
27bede624d3f6bed282c53a68b0a00482a87d4aa,1572.06,61.62,6.392414787,56000,55000
27bede624d3f6bed282c53a68b0a00482a87d4aa,1573.92,61.61,6.400587770,54000,54000
27bede624d3f6bed282c53a68b0a00482a87d4aa,1573.63,61.48,6.404919648,55000,56000
27bede624d3f6bed282c53a68b0a00482a87d4aa,1587.10,61.89,6.455347122,54000,54000
8bdb2b0fb63263bca9763e403326260cadb9369a,1598.44,62.57,6.514331763,54000,54000
8bdb2b0fb63263bca9763e403326260cadb9369a,1605.86,62.91,6.518027218,54000,54000
8bdb2b0fb63263bca9763e403326260cadb9369a,1613.08,62.89,6.574620984,55000,54000
8bdb2b0fb63263bca9763e403326260cadb9369a,1601.72,62.63,6.523162377,55000,55000
8bdb2b0fb63263bca9763e403326260cadb9369a,1593.19,62.11,6.472718360,54000,54000
8bdb2b0fb63263bca9763e403326260cadb9369a,1585.67,62.24,6.457556250,54000,55000
8bdb2b0fb63263bca9763e403326260cadb9369a,1602.08,62.55,6.509832673,55000,54000
8bdb2b0fb63263bca9763e403326260cadb9369a,1602.30,62.72,6.526393041,55000,55000
8bdb2b0fb63263bca9763e403326260cadb9369a,1613.57,63.09,6.562899929,55000,55000
8bdb2b0fb63263bca9763e403326260cadb9369a,1601.90,62.67,6.527253116,55000,55000
8bdb2b0fb63263bca9763e403326260cadb9369a,1610.36,63.01,6.553071512,54000,55000
8bdb2b0fb63263bca9763e403326260cadb9369a,1582.72,61.94,6.447128925,54000,54000
8bdb2b0fb63263bca9763e403326260cadb9369a,1606.95,63.03,6.545398412,55000,54000
8bdb2b0fb63263bca9763e403326260cadb9369a,1577.76,61.66,6.429982867,54000,54000
8bdb2b0fb63263bca9763e403326260cadb9369a,1609.49,63.03,6.552742849,55000,55000
8bdb2b0fb63263bca9763e403326260cadb9369a,1601.49,62.78,6.519364064,54000,55000
8bdb2b0fb63263bca9763e403326260cadb9369a,1606.34,62.98,6.525542703,55000,55000
8bdb2b0fb63263bca9763e403326260cadb9369a,1586.03,62.15,6.451152523,54000,54000
8bdb2b0fb63263bca9763e403326260cadb9369a,1593.93,62.25,6.494235637,54000,55000
8bdb2b0fb63263bca9763e403326260cadb9369a,1591.90,62.28,6.473775211,54000,54000
8bdb2b0fb63263bca9763e403326260cadb9369a,1621.57,63.47,6.606343209,55000,54000
8bdb2b0fb63263bca9763e403326260cadb9369a,1589.23,62.51,6.469860669,55000,55000
8bdb2b0fb63263bca9763e403326260cadb9369a,1590.16,62.11,6.475117505,54000,54000
8bdb2b0fb63263bca9763e403326260cadb9369a,1589.68,62.09,6.475338233,54000,54000
8bdb2b0fb63263bca9763e403326260cadb9369a,1598.77,62.40,6.503643093,54000,55000
8bdb2b0fb63263bca9763e403326260cadb9369a,1591.56,62.31,6.473427351,54000,55000
8bdb2b0fb63263bca9763e403326260cadb9369a,1595.47,62.41,6.489662592,54000,55000
8bdb2b0fb63263bca9763e403326260cadb9369a,1601.81,62.40,6.528917313,54000,55000
8bdb2b0fb63263bca9763e403326260cadb9369a,1609.62,62.93,6.550568779,55000,55000
8bdb2b0fb63263bca9763e403326260cadb9369a,1595.11,62.31,6.495211865,54000,55000
d87b9aa06210a0cee6a4feb44e68cf33ae453485,1607.84,62.79,6.539346636,54000,54000
d87b9aa06210a0cee6a4feb44e68cf33ae453485,1587.65,62.02,6.455104625,54000,54000
d87b9aa06210a0cee6a4feb44e68cf33ae453485,1603.42,62.54,6.527890776,55000,54000
d87b9aa06210a0cee6a4feb44e68cf33ae453485,1588.67,62.05,6.469302221,54000,54000
d87b9aa06210a0cee6a4feb44e68cf33ae453485,1618.16,63.21,6.593089852,54000,54000
d87b9aa06210a0cee6a4feb44e68cf33ae453485,1589.08,61.89,6.469908244,54000,55000
d87b9aa06210a0cee6a4feb44e68cf33ae453485,1600.15,62.39,6.504514683,55000,55000
d87b9aa06210a0cee6a4feb44e68cf33ae453485,1820.58,70.72,7.441318507,55000,55000
d87b9aa06210a0cee6a4feb44e68cf33ae453485,1598.28,62.47,6.505653336,55000,56000
d87b9aa06210a0cee6a4feb44e68cf33ae453485,1592.34,62.39,6.479817016,54000,54000
d87b9aa06210a0cee6a4feb44e68cf33ae453485,1603.70,62.61,6.529375708,55000,55000
d87b9aa06210a0cee6a4feb44e68cf33ae453485,1595.29,62.47,6.485661720,54000,54000
d87b9aa06210a0cee6a4feb44e68cf33ae453485,1606.31,62.81,6.528581245,55000,55000
d87b9aa06210a0cee6a4feb44e68cf33ae453485,1598.36,62.28,6.499366905,55000,55000
d87b9aa06210a0cee6a4feb44e68cf33ae453485,1604.49,62.57,6.531135877,55000,55000
d87b9aa06210a0cee6a4feb44e68cf33ae453485,1587.23,62.09,6.456220045,54000,54000
d87b9aa06210a0cee6a4feb44e68cf33ae453485,1605.37,62.95,6.523994786,54000,54000
d87b9aa06210a0cee6a4feb44e68cf33ae453485,1598.50,62.50,6.503967273,54000,54000
d87b9aa06210a0cee6a4feb44e68cf33ae453485,1580.40,61.56,6.425116633,54000,54000
d87b9aa06210a0cee6a4feb44e68cf33ae453485,1589.48,61.95,6.475753700,55000,55000
d87b9aa06210a0cee6a4feb44e68cf33ae453485,1588.79,62.25,6.469052197,56000,54000
d87b9aa06210a0cee6a4feb44e68cf33ae453485,1599.39,62.37,6.506326369,54000,55000
d87b9aa06210a0cee6a4feb44e68cf33ae453485,1603.23,62.60,6.516891565,55000,55000
d87b9aa06210a0cee6a4feb44e68cf33ae453485,1605.96,62.65,6.542874039,54000,54000
d87b9aa06210a0cee6a4feb44e68cf33ae453485,1592.97,62.21,6.483387926,55000,55000
d87b9aa06210a0cee6a4feb44e68cf33ae453485,1613.47,63.14,6.553016520,55000,54000
d87b9aa06210a0cee6a4feb44e68cf33ae453485,1613.04,62.85,6.553525429,55000,55000
d87b9aa06210a0cee6a4feb44e68cf33ae453485,1617.68,63.28,6.581298293,56000,56000
d87b9aa06210a0cee6a4feb44e68cf33ae453485,1588.24,61.74,6.464450061,55000,54000
d87b9aa06210a0cee6a4feb44e68cf33ae453485,1619.88,63.50,6.581576706,55000,54000
71cad06ee71120e3e91d33703ea196b366c502fb,1605.77,62.67,6.518868261,54000,55000
71cad06ee71120e3e91d33703ea196b366c502fb,1600.19,62.66,6.494416541,54000,54000
71cad06ee71120e3e91d33703ea196b366c502fb,1595.73,62.15,6.484814893,54000,54000
71cad06ee71120e3e91d33703ea196b366c502fb,1609.60,62.74,6.529045513,54000,54000
71cad06ee71120e3e91d33703ea196b366c502fb,1602.58,62.50,6.490681227,54000,54000
71cad06ee71120e3e91d33703ea196b366c502fb,1598.65,62.57,6.481956040,55000,54000
71cad06ee71120e3e91d33703ea196b366c502fb,1600.52,62.29,6.498866037,54000,55000
71cad06ee71120e3e91d33703ea196b366c502fb,1592.54,62.18,6.467391069,54000,54000
71cad06ee71120e3e91d33703ea196b366c502fb,1591.96,62.29,6.452896887,54000,55000
71cad06ee71120e3e91d33703ea196b366c502fb,1598.17,62.36,6.493179295,54000,54000
71cad06ee71120e3e91d33703ea196b366c502fb,1610.68,62.82,6.543025395,54000,55000
71cad06ee71120e3e91d33703ea196b366c502fb,1627.88,63.50,6.606276095,54000,55000
71cad06ee71120e3e91d33703ea196b366c502fb,1596.23,62.26,6.475629622,55000,54000
71cad06ee71120e3e91d33703ea196b366c502fb,1605.26,62.81,6.501722287,54000,55000
71cad06ee71120e3e91d33703ea196b366c502fb,1615.25,63.10,6.557823525,55000,55000
71cad06ee71120e3e91d33703ea196b366c502fb,1608.19,62.71,6.528664811,54000,56000
71cad06ee71120e3e91d33703ea196b366c502fb,1595.03,62.37,6.452948484,54000,56000
71cad06ee71120e3e91d33703ea196b366c502fb,1608.42,62.64,6.514116506,54000,54000
71cad06ee71120e3e91d33703ea196b366c502fb,1595.14,62.13,6.470963637,55000,54000
71cad06ee71120e3e91d33703ea196b366c502fb,1607.28,62.86,6.525338310,54000,54000
71cad06ee71120e3e91d33703ea196b366c502fb,1617.15,62.84,6.563891852,55000,54000
71cad06ee71120e3e91d33703ea196b366c502fb,1598.50,62.40,6.480880410,55000,54000
71cad06ee71120e3e91d33703ea196b366c502fb,1599.70,62.10,6.495525564,54000,55000
71cad06ee71120e3e91d33703ea196b366c502fb,1592.45,61.98,6.453748023,54000,55000
71cad06ee71120e3e91d33703ea196b366c502fb,1596.26,62.08,6.472809438,55000,55000
71cad06ee71120e3e91d33703ea196b366c502fb,1597.80,62.08,6.478552235,54000,54000
71cad06ee71120e3e91d33703ea196b366c502fb,1607.27,62.55,6.518929527,55000,54000
71cad06ee71120e3e91d33703ea196b366c502fb,1608.68,62.81,6.516487594,55000,54000
71cad06ee71120e3e91d33703ea196b366c502fb,1604.17,62.66,6.501851836,55000,54000
71cad06ee71120e3e91d33703ea196b366c502fb,1608.23,62.58,6.529124926,54000,55000
e2e995d93d53f8f9e09bb51ddb1ee4ee3afcd8f2,1600.15,62.57,6.495188666,55000,54000
e2e995d93d53f8f9e09bb51ddb1ee4ee3afcd8f2,1603.90,62.61,6.512512576,54000,53000
e2e995d93d53f8f9e09bb51ddb1ee4ee3afcd8f2,1609.88,63.10,6.536573402,54000,54000
e2e995d93d53f8f9e09bb51ddb1ee4ee3afcd8f2,1616.11,62.88,6.562918259,55000,54000
e2e995d93d53f8f9e09bb51ddb1ee4ee3afcd8f2,1616.66,62.99,6.565362122,55000,54000
e2e995d93d53f8f9e09bb51ddb1ee4ee3afcd8f2,1608.73,62.57,6.552116358,54000,55000
e2e995d93d53f8f9e09bb51ddb1ee4ee3afcd8f2,1619.72,63.66,6.577427844,54000,54000
e2e995d93d53f8f9e09bb51ddb1ee4ee3afcd8f2,1596.43,62.43,6.483907445,54000,54000
e2e995d93d53f8f9e09bb51ddb1ee4ee3afcd8f2,1606.68,62.60,6.525036726,54000,54000
e2e995d93d53f8f9e09bb51ddb1ee4ee3afcd8f2,1600.79,62.37,6.508394749,54000,55000
e2e995d93d53f8f9e09bb51ddb1ee4ee3afcd8f2,1616.72,63.01,6.556609130,54000,54000
e2e995d93d53f8f9e09bb51ddb1ee4ee3afcd8f2,1593.00,61.86,6.473027681,54000,55000
e2e995d93d53f8f9e09bb51ddb1ee4ee3afcd8f2,1601.55,62.53,6.498955998,54000,54000
e2e995d93d53f8f9e09bb51ddb1ee4ee3afcd8f2,1604.59,62.43,6.520373650,54000,54000
e2e995d93d53f8f9e09bb51ddb1ee4ee3afcd8f2,1621.43,63.46,6.578570562,54000,54000
e2e995d93d53f8f9e09bb51ddb1ee4ee3afcd8f2,1595.42,62.13,6.493316419,55000,55000
e2e995d93d53f8f9e09bb51ddb1ee4ee3afcd8f2,1593.83,61.92,6.489223729,54000,55000
e2e995d93d53f8f9e09bb51ddb1ee4ee3afcd8f2,1604.75,62.48,6.522503706,55000,54000
e2e995d93d53f8f9e09bb51ddb1ee4ee3afcd8f2,1596.57,62.32,6.491174058,54000,54000
e2e995d93d53f8f9e09bb51ddb1ee4ee3afcd8f2,1602.14,62.48,6.517838454,54000,54000
e2e995d93d53f8f9e09bb51ddb1ee4ee3afcd8f2,1624.00,63.62,6.589737033,54000,55000
e2e995d93d53f8f9e09bb51ddb1ee4ee3afcd8f2,1617.26,63.34,6.567308760,54000,54000
e2e995d93d53f8f9e09bb51ddb1ee4ee3afcd8f2,1572.98,61.51,6.390159910,55000,55000
e2e995d93d53f8f9e09bb51ddb1ee4ee3afcd8f2,1602.81,62.60,6.526670478,55000,54000
e2e995d93d53f8f9e09bb51ddb1ee4ee3afcd8f2,1597.36,62.33,6.482635639,54000,54000
e2e995d93d53f8f9e09bb51ddb1ee4ee3afcd8f2,1584.06,62.20,6.431984062,54000,55000
e2e995d93d53f8f9e09bb51ddb1ee4ee3afcd8f2,1604.41,62.93,6.504446239,54000,54000
e2e995d93d53f8f9e09bb51ddb1ee4ee3afcd8f2,1600.78,62.50,6.505889594,55000,56000
e2e995d93d53f8f9e09bb51ddb1ee4ee3afcd8f2,1602.48,62.73,6.502944877,54000,54000
e2e995d93d53f8f9e09bb51ddb1ee4ee3afcd8f2,1585.73,62.02,6.440618089,56000,56000
ba1e53074759a5180df193078ece06922d09d454,1663.92,64.94,6.767276319,54000,54000
ba1e53074759a5180df193078ece06922d09d454,1644.44,64.28,6.679523115,54000,54000
ba1e53074759a5180df193078ece06922d09d454,1667.87,65.44,6.771363273,55000,54000
ba1e53074759a5180df193078ece06922d09d454,1646.76,64.28,6.683398884,54000,54000
ba1e53074759a5180df193078ece06922d09d454,1661.43,64.90,6.734391569,54000,55000
ba1e53074759a5180df193078ece06922d09d454,1657.07,64.60,6.713062390,54000,54000
ba1e53074759a5180df193078ece06922d09d454,1655.58,64.68,6.700272524,54000,55000
ba1e53074759a5180df193078ece06922d09d454,1647.56,64.28,6.667403439,54000,56000
ba1e53074759a5180df193078ece06922d09d454,1657.07,64.55,6.713177696,54000,54000
ba1e53074759a5180df193078ece06922d09d454,1670.64,65.25,6.764413248,54000,54000
ba1e53074759a5180df193078ece06922d09d454,1656.79,64.46,6.718635806,54000,54000
ba1e53074759a5180df193078ece06922d09d454,1681.32,65.82,6.815001838,55000,54000
ba1e53074759a5180df193078ece06922d09d454,1645.70,64.12,6.672928031,54000,54000
ba1e53074759a5180df193078ece06922d09d454,1651.09,64.23,6.705071202,55000,54000
ba1e53074759a5180df193078ece06922d09d454,1657.63,64.85,6.729097820,54000,54000
ba1e53074759a5180df193078ece06922d09d454,1650.81,64.37,6.706202244,54000,54000
ba1e53074759a5180df193078ece06922d09d454,1633.77,64.07,6.625372124,54000,54000
ba1e53074759a5180df193078ece06922d09d454,1641.81,64.24,6.655580344,55000,54000
ba1e53074759a5180df193078ece06922d09d454,1636.61,63.90,6.639426181,54000,54000
ba1e53074759a5180df193078ece06922d09d454,1647.62,64.15,6.681888361,54000,54000
ba1e53074759a5180df193078ece06922d09d454,1654.00,64.32,6.713726907,54000,54000
ba1e53074759a5180df193078ece06922d09d454,1654.71,64.54,6.691610681,55000,55000
ba1e53074759a5180df193078ece06922d09d454,1659.61,64.81,6.719278817,54000,55000
ba1e53074759a5180df193078ece06922d09d454,1656.72,64.48,6.725287059,56000,54000
ba1e53074759a5180df193078ece06922d09d454,1648.59,64.53,6.674565844,55000,55000
ba1e53074759a5180df193078ece06922d09d454,1663.12,64.77,6.747063449,56000,54000
ba1e53074759a5180df193078ece06922d09d454,1656.17,64.86,6.722803227,55000,55000
ba1e53074759a5180df193078ece06922d09d454,1639.59,64.06,6.650967276,54000,55000
ba1e53074759a5180df193078ece06922d09d454,1651.08,64.54,6.703146874,54000,54000
ba1e53074759a5180df193078ece06922d09d454,1662.85,64.81,6.753352625,54000,54000
0e2169ced443db8ac4095e4fc8ab82a3c85ba8c0,1652.45,64.77,6.728025695,54000,54000
0e2169ced443db8ac4095e4fc8ab82a3c85ba8c0,1654.18,64.73,6.704967545,54000,54000
0e2169ced443db8ac4095e4fc8ab82a3c85ba8c0,1655.52,65.02,6.713883891,56000,54000
0e2169ced443db8ac4095e4fc8ab82a3c85ba8c0,1650.30,64.67,6.692798352,54000,54000
0e2169ced443db8ac4095e4fc8ab82a3c85ba8c0,1648.74,64.39,6.720465580,54000,54000
0e2169ced443db8ac4095e4fc8ab82a3c85ba8c0,1632.58,63.91,6.630029616,55000,55000
0e2169ced443db8ac4095e4fc8ab82a3c85ba8c0,1650.95,64.65,6.719828600,54000,55000
0e2169ced443db8ac4095e4fc8ab82a3c85ba8c0,1651.83,64.53,6.711720173,54000,55000
0e2169ced443db8ac4095e4fc8ab82a3c85ba8c0,1652.24,64.40,6.731055629,55000,54000
0e2169ced443db8ac4095e4fc8ab82a3c85ba8c0,1645.59,64.30,6.701960524,55000,54000
0e2169ced443db8ac4095e4fc8ab82a3c85ba8c0,1644.42,64.54,6.697156114,54000,55000
0e2169ced443db8ac4095e4fc8ab82a3c85ba8c0,1655.21,64.85,6.731882026,54000,54000
0e2169ced443db8ac4095e4fc8ab82a3c85ba8c0,1652.96,64.55,6.718943888,54000,54000
0e2169ced443db8ac4095e4fc8ab82a3c85ba8c0,1650.30,64.54,6.710535289,54000,55000
0e2169ced443db8ac4095e4fc8ab82a3c85ba8c0,1661.63,65.14,6.764915478,55000,54000
0e2169ced443db8ac4095e4fc8ab82a3c85ba8c0,1645.30,64.67,6.676940312,54000,56000
0e2169ced443db8ac4095e4fc8ab82a3c85ba8c0,1660.35,65.33,6.740452259,54000,54000
0e2169ced443db8ac4095e4fc8ab82a3c85ba8c0,1658.53,64.86,6.746941715,55000,54000
0e2169ced443db8ac4095e4fc8ab82a3c85ba8c0,1643.44,64.25,6.687613824,54000,55000
0e2169ced443db8ac4095e4fc8ab82a3c85ba8c0,1679.91,65.72,6.831108882,56000,54000
0e2169ced443db8ac4095e4fc8ab82a3c85ba8c0,1661.81,65.03,6.760253470,54000,54000
0e2169ced443db8ac4095e4fc8ab82a3c85ba8c0,1658.54,65.16,6.760596196,55000,54000
0e2169ced443db8ac4095e4fc8ab82a3c85ba8c0,1654.86,64.68,6.735963675,54000,54000
0e2169ced443db8ac4095e4fc8ab82a3c85ba8c0,1657.88,64.88,6.751645750,54000,54000
0e2169ced443db8ac4095e4fc8ab82a3c85ba8c0,1662.01,65.08,6.750638467,54000,54000
0e2169ced443db8ac4095e4fc8ab82a3c85ba8c0,1663.97,65.24,6.770399446,54000,55000
0e2169ced443db8ac4095e4fc8ab82a3c85ba8c0,1669.15,65.20,6.786388988,55000,55000
0e2169ced443db8ac4095e4fc8ab82a3c85ba8c0,1651.95,64.59,6.718331853,55000,55000
0e2169ced443db8ac4095e4fc8ab82a3c85ba8c0,1655.95,64.91,6.724190616,55000,54000
0e2169ced443db8ac4095e4fc8ab82a3c85ba8c0,1647.72,64.36,6.710371587,54000,54000
16f05a9282a18b521ea4715839ad6e2ccb0ddf54,1633.83,63.69,6.665341475,54000,54000
16f05a9282a18b521ea4715839ad6e2ccb0ddf54,1645.37,64.16,6.703162640,54000,54000
16f05a9282a18b521ea4715839ad6e2ccb0ddf54,1667.13,65.34,6.789609495,54000,54000
16f05a9282a18b521ea4715839ad6e2ccb0ddf54,1661.51,65.02,6.757750714,54000,54000
16f05a9282a18b521ea4715839ad6e2ccb0ddf54,1634.59,64.02,6.653350956,54000,54000
16f05a9282a18b521ea4715839ad6e2ccb0ddf54,1665.01,65.08,6.767383277,54000,54000
16f05a9282a18b521ea4715839ad6e2ccb0ddf54,1648.19,64.30,6.708525608,55000,55000
16f05a9282a18b521ea4715839ad6e2ccb0ddf54,1653.26,64.57,6.727271628,54000,54000
16f05a9282a18b521ea4715839ad6e2ccb0ddf54,1641.24,64.06,6.685236231,55000,54000
16f05a9282a18b521ea4715839ad6e2ccb0ddf54,1642.07,64.23,6.673633746,55000,54000
16f05a9282a18b521ea4715839ad6e2ccb0ddf54,1642.82,64.21,6.687034936,55000,54000
16f05a9282a18b521ea4715839ad6e2ccb0ddf54,1658.80,65.12,6.745550628,54000,54000
16f05a9282a18b521ea4715839ad6e2ccb0ddf54,1656.17,64.98,6.730730875,55000,54000
16f05a9282a18b521ea4715839ad6e2ccb0ddf54,1647.71,64.50,6.704393957,56000,55000
16f05a9282a18b521ea4715839ad6e2ccb0ddf54,1643.01,64.28,6.685226425,55000,54000
16f05a9282a18b521ea4715839ad6e2ccb0ddf54,1641.52,64.23,6.669688144,54000,55000
16f05a9282a18b521ea4715839ad6e2ccb0ddf54,1657.16,65.01,6.743709448,54000,54000
16f05a9282a18b521ea4715839ad6e2ccb0ddf54,1662.55,65.12,6.763091676,54000,55000
16f05a9282a18b521ea4715839ad6e2ccb0ddf54,1651.89,65.07,6.709645445,55000,56000
16f05a9282a18b521ea4715839ad6e2ccb0ddf54,1653.29,65.05,6.727433814,54000,55000
16f05a9282a18b521ea4715839ad6e2ccb0ddf54,1633.17,63.41,6.664529072,54000,54000
16f05a9282a18b521ea4715839ad6e2ccb0ddf54,1656.96,64.93,6.740061281,56000,55000
16f05a9282a18b521ea4715839ad6e2ccb0ddf54,1649.70,64.82,6.705867387,53000,54000
16f05a9282a18b521ea4715839ad6e2ccb0ddf54,1657.14,64.93,6.752006782,54000,54000
16f05a9282a18b521ea4715839ad6e2ccb0ddf54,1646.23,64.31,6.702744822,54000,54000
16f05a9282a18b521ea4715839ad6e2ccb0ddf54,1661.30,65.18,6.749082748,55000,54000
16f05a9282a18b521ea4715839ad6e2ccb0ddf54,1639.93,63.91,6.671815243,55000,55000
16f05a9282a18b521ea4715839ad6e2ccb0ddf54,1642.43,64.39,6.677616135,55000,54000
16f05a9282a18b521ea4715839ad6e2ccb0ddf54,1649.95,64.57,6.699169981,55000,54000
16f05a9282a18b521ea4715839ad6e2ccb0ddf54,1643.69,64.08,6.689470813,54000,54000
e1ca88f80a58fd777744eb29753b3fa0c02882f4,1663.96,65.26,6.766328518,54000,54000
e1ca88f80a58fd777744eb29753b3fa0c02882f4,1654.52,64.52,6.733801682,54000,54000
e1ca88f80a58fd777744eb29753b3fa0c02882f4,1644.16,64.19,6.691216442,54000,55000
e1ca88f80a58fd777744eb29753b3fa0c02882f4,1639.70,64.17,6.672351814,55000,54000
e1ca88f80a58fd777744eb29753b3fa0c02882f4,1648.69,64.39,6.703937179,55000,55000
e1ca88f80a58fd777744eb29753b3fa0c02882f4,1651.10,64.52,6.725390960,55000,54000
e1ca88f80a58fd777744eb29753b3fa0c02882f4,1659.70,64.89,6.742827633,55000,54000
e1ca88f80a58fd777744eb29753b3fa0c02882f4,1642.96,64.30,6.689776668,55000,54000
e1ca88f80a58fd777744eb29753b3fa0c02882f4,1663.33,65.16,6.760731476,55000,54000
e1ca88f80a58fd777744eb29753b3fa0c02882f4,1644.78,64.42,6.700391951,54000,54000
e1ca88f80a58fd777744eb29753b3fa0c02882f4,1657.86,64.80,6.739259548,55000,54000
e1ca88f80a58fd777744eb29753b3fa0c02882f4,1664.37,65.21,6.775232150,54000,55000
e1ca88f80a58fd777744eb29753b3fa0c02882f4,1643.07,64.52,6.683102935,54000,54000
e1ca88f80a58fd777744eb29753b3fa0c02882f4,1659.39,65.04,6.751911690,55000,55000
e1ca88f80a58fd777744eb29753b3fa0c02882f4,1660.79,65.17,6.753778270,54000,54000
e1ca88f80a58fd777744eb29753b3fa0c02882f4,1656.17,64.83,6.736445843,55000,54000
e1ca88f80a58fd777744eb29753b3fa0c02882f4,1663.66,65.34,6.756079017,54000,55000
e1ca88f80a58fd777744eb29753b3fa0c02882f4,1654.84,65.15,6.715799892,54000,54000
e1ca88f80a58fd777744eb29753b3fa0c02882f4,1640.77,64.15,6.667194613,54000,54000
e1ca88f80a58fd777744eb29753b3fa0c02882f4,1650.93,64.29,6.735043383,55000,55000
e1ca88f80a58fd777744eb29753b3fa0c02882f4,1657.04,64.91,6.738896553,55000,54000
e1ca88f80a58fd777744eb29753b3fa0c02882f4,1654.17,64.98,6.724017252,54000,54000
e1ca88f80a58fd777744eb29753b3fa0c02882f4,1658.32,64.92,6.746134077,55000,54000
e1ca88f80a58fd777744eb29753b3fa0c02882f4,1669.26,65.24,6.791715241,55000,54000
e1ca88f80a58fd777744eb29753b3fa0c02882f4,1660.79,64.89,6.760590353,54000,54000
e1ca88f80a58fd777744eb29753b3fa0c02882f4,1630.34,63.71,6.631718357,55000,54000
e1ca88f80a58fd777744eb29753b3fa0c02882f4,1650.84,64.56,6.718306202,54000,55000
e1ca88f80a58fd777744eb29753b3fa0c02882f4,1645.92,64.43,6.690402151,54000,54000
e1ca88f80a58fd777744eb29753b3fa0c02882f4,1664.88,64.81,6.777056490,55000,55000
e1ca88f80a58fd777744eb29753b3fa0c02882f4,1661.91,65.10,6.754072338,55000,55000
1daf208e9f2651f9970744b34b567102def38631,1641.56,64.24,6.671635293,54000,54000
1daf208e9f2651f9970744b34b567102def38631,1636.08,63.96,6.653440573,54000,54000
1daf208e9f2651f9970744b34b567102def38631,1686.38,65.80,6.861413468,54000,54000
1daf208e9f2651f9970744b34b567102def38631,1645.85,64.31,6.677195457,54000,54000
1daf208e9f2651f9970744b34b567102def38631,1648.96,64.13,6.713018469,55000,54000
1daf208e9f2651f9970744b34b567102def38631,1641.88,64.10,6.667033259,54000,54000
1daf208e9f2651f9970744b34b567102def38631,1628.79,63.85,6.625656333,54000,55000
1daf208e9f2651f9970744b34b567102def38631,1642.87,64.42,6.667706193,55000,56000
1daf208e9f2651f9970744b34b567102def38631,1643.10,64.23,6.677410271,54000,55000
1daf208e9f2651f9970744b34b567102def38631,1647.74,64.87,6.683643071,54000,55000
1daf208e9f2651f9970744b34b567102def38631,1650.78,64.59,6.716262287,54000,54000
1daf208e9f2651f9970744b34b567102def38631,1620.38,63.01,6.591321051,54000,54000
1daf208e9f2651f9970744b34b567102def38631,1637.17,63.87,6.654999480,54000,54000
1daf208e9f2651f9970744b34b567102def38631,1654.34,64.99,6.723725328,56000,54000
1daf208e9f2651f9970744b34b567102def38631,1637.03,64.27,6.642805399,54000,54000
1daf208e9f2651f9970744b34b567102def38631,1654.41,65.00,6.731233316,54000,54000
1daf208e9f2651f9970744b34b567102def38631,1647.86,64.62,6.690326530,54000,54000
1daf208e9f2651f9970744b34b567102def38631,1661.35,65.16,6.745217732,54000,54000
1daf208e9f2651f9970744b34b567102def38631,1665.25,65.06,6.761585672,54000,54000
1daf208e9f2651f9970744b34b567102def38631,1635.66,63.96,6.652952623,54000,54000
1daf208e9f2651f9970744b34b567102def38631,1628.54,63.74,6.618165664,54000,55000
1daf208e9f2651f9970744b34b567102def38631,1633.75,63.91,6.649373516,54000,54000
1daf208e9f2651f9970744b34b567102def38631,1634.44,64.17,6.630333095,54000,53000
1daf208e9f2651f9970744b34b567102def38631,1647.24,64.41,6.702373579,53000,54000
1daf208e9f2651f9970744b34b567102def38631,1635.61,64.16,6.648447836,56000,54000
1daf208e9f2651f9970744b34b567102def38631,1634.80,63.70,6.648744833,54000,55000
1daf208e9f2651f9970744b34b567102def38631,1645.95,64.47,6.680795627,55000,54000
1daf208e9f2651f9970744b34b567102def38631,1630.68,63.68,6.629203994,54000,55000
1daf208e9f2651f9970744b34b567102def38631,1636.89,63.71,6.665023003,55000,54000
1daf208e9f2651f9970744b34b567102def38631,1665.88,65.25,6.765474643,54000,54000
6f4b2041a9f841c6b3db0732086115af89161531,1658.51,64.91,6.724272582,54000,54000
6f4b2041a9f841c6b3db0732086115af89161531,1652.17,64.45,6.704664487,54000,54000
6f4b2041a9f841c6b3db0732086115af89161531,1649.62,64.33,6.700484451,54000,55000
6f4b2041a9f841c6b3db0732086115af89161531,1667.75,64.85,6.760578203,54000,54000
6f4b2041a9f841c6b3db0732086115af89161531,1667.99,65.09,6.762984876,55000,54000
6f4b2041a9f841c6b3db0732086115af89161531,1674.65,65.19,6.802743980,54000,56000
6f4b2041a9f841c6b3db0732086115af89161531,1656.23,64.49,6.720713355,54000,55000
6f4b2041a9f841c6b3db0732086115af89161531,1645.15,64.57,6.663191637,55000,54000
6f4b2041a9f841c6b3db0732086115af89161531,1647.96,64.17,6.700081716,55000,55000
6f4b2041a9f841c6b3db0732086115af89161531,1688.18,65.90,6.844030243,54000,54000
6f4b2041a9f841c6b3db0732086115af89161531,1677.69,65.55,6.790967015,55000,54000
6f4b2041a9f841c6b3db0732086115af89161531,1651.17,64.43,6.695104190,55000,55000
6f4b2041a9f841c6b3db0732086115af89161531,1639.95,64.05,6.636268348,55000,54000
6f4b2041a9f841c6b3db0732086115af89161531,1665.13,65.11,6.738445634,55000,54000
6f4b2041a9f841c6b3db0732086115af89161531,1660.69,64.63,6.732839020,54000,55000
6f4b2041a9f841c6b3db0732086115af89161531,1691.72,65.84,6.860416168,55000,54000
6f4b2041a9f841c6b3db0732086115af89161531,1651.40,64.17,6.691302685,54000,54000
6f4b2041a9f841c6b3db0732086115af89161531,1667.11,64.86,6.763833911,54000,55000
6f4b2041a9f841c6b3db0732086115af89161531,1672.92,65.18,6.782766327,54000,55000
6f4b2041a9f841c6b3db0732086115af89161531,1667.44,64.95,6.768058069,54000,55000
6f4b2041a9f841c6b3db0732086115af89161531,1659.97,64.79,6.737343998,54000,54000
6f4b2041a9f841c6b3db0732086115af89161531,1662.26,64.95,6.730751543,56000,54000
6f4b2041a9f841c6b3db0732086115af89161531,1659.66,64.69,6.733324342,54000,54000
6f4b2041a9f841c6b3db0732086115af89161531,1668.04,64.90,6.768401474,54000,56000
6f4b2041a9f841c6b3db0732086115af89161531,1658.34,64.85,6.713685966,55000,55000
6f4b2041a9f841c6b3db0732086115af89161531,1652.64,64.23,6.701965534,55000,55000
6f4b2041a9f841c6b3db0732086115af89161531,1668.04,64.87,6.771191404,54000,55000
6f4b2041a9f841c6b3db0732086115af89161531,1673.66,65.38,6.778844374,54000,56000
6f4b2041a9f841c6b3db0732086115af89161531,1648.04,64.27,6.698656089,55000,55000
6f4b2041a9f841c6b3db0732086115af89161531,1656.20,64.99,6.695316321,55000,54000
ad754547a531a923aae92ee68363edf8af683ff3,1655.24,64.99,6.714039705,54000,54000
ad754547a531a923aae92ee68363edf8af683ff3,1662.62,65.05,6.755500896,54000,53000
ad754547a531a923aae92ee68363edf8af683ff3,1659.73,65.00,6.723780263,54000,54000
ad754547a531a923aae92ee68363edf8af683ff3,1658.02,64.84,6.744879320,55000,54000
ad754547a531a923aae92ee68363edf8af683ff3,1664.98,64.80,6.763678736,54000,54000
ad754547a531a923aae92ee68363edf8af683ff3,1659.77,64.86,6.736892513,54000,54000
ad754547a531a923aae92ee68363edf8af683ff3,1650.41,64.27,6.721720350,54000,54000
ad754547a531a923aae92ee68363edf8af683ff3,1671.27,65.22,6.795908665,54000,54000
ad754547a531a923aae92ee68363edf8af683ff3,1681.88,65.88,6.832286692,54000,54000
ad754547a531a923aae92ee68363edf8af683ff3,1657.53,64.57,6.734202539,54000,55000
ad754547a531a923aae92ee68363edf8af683ff3,1650.47,64.54,6.704614821,54000,55000
ad754547a531a923aae92ee68363edf8af683ff3,1691.72,66.07,6.874718574,54000,54000
ad754547a531a923aae92ee68363edf8af683ff3,1661.53,64.85,6.752502979,55000,54000
ad754547a531a923aae92ee68363edf8af683ff3,1670.76,65.41,6.785215632,55000,54000
ad754547a531a923aae92ee68363edf8af683ff3,1656.77,64.67,6.732089075,54000,54000
ad754547a531a923aae92ee68363edf8af683ff3,1665.49,65.07,6.773221236,54000,54000
ad754547a531a923aae92ee68363edf8af683ff3,1669.77,65.02,6.782735504,54000,54000
ad754547a531a923aae92ee68363edf8af683ff3,1650.57,64.52,6.717368764,55000,54000
ad754547a531a923aae92ee68363edf8af683ff3,1653.59,64.37,6.725738915,54000,54000
ad754547a531a923aae92ee68363edf8af683ff3,1674.76,65.46,6.810976756,55000,55000
ad754547a531a923aae92ee68363edf8af683ff3,1663.88,64.97,6.752646658,54000,54000
ad754547a531a923aae92ee68363edf8af683ff3,1642.23,64.07,6.669529216,54000,54000
ad754547a531a923aae92ee68363edf8af683ff3,1655.09,64.80,6.723820835,54000,55000
ad754547a531a923aae92ee68363edf8af683ff3,1671.57,65.58,6.801774890,54000,54000
ad754547a531a923aae92ee68363edf8af683ff3,1661.06,64.96,6.762329463,54000,55000
ad754547a531a923aae92ee68363edf8af683ff3,1672.25,65.45,6.801015177,54000,55000
ad754547a531a923aae92ee68363edf8af683ff3,1668.22,65.29,6.784189798,54000,54000
ad754547a531a923aae92ee68363edf8af683ff3,1651.38,64.46,6.718897613,54000,55000
ad754547a531a923aae92ee68363edf8af683ff3,1659.85,64.85,6.743564266,55000,54000
ad754547a531a923aae92ee68363edf8af683ff3,1653.91,64.53,6.716501374,54000,54000
b8eee608a8e2f29e38b0db7c53e21b448cbffb56,1655.26,64.84,6.729773174,54000,54000
b8eee608a8e2f29e38b0db7c53e21b448cbffb56,1653.45,64.52,6.732001678,55000,54000
b8eee608a8e2f29e38b0db7c53e21b448cbffb56,1662.22,65.09,6.752030720,55000,54000
b8eee608a8e2f29e38b0db7c53e21b448cbffb56,1645.19,64.14,6.697395360,54000,54000
b8eee608a8e2f29e38b0db7c53e21b448cbffb56,1652.01,64.80,6.720416719,54000,54000
b8eee608a8e2f29e38b0db7c53e21b448cbffb56,1677.26,65.90,6.818647220,54000,54000
b8eee608a8e2f29e38b0db7c53e21b448cbffb56,1648.04,64.22,6.707376779,54000,55000
b8eee608a8e2f29e38b0db7c53e21b448cbffb56,1649.08,64.24,6.711615393,54000,54000
b8eee608a8e2f29e38b0db7c53e21b448cbffb56,1665.10,65.12,6.777969927,54000,54000
b8eee608a8e2f29e38b0db7c53e21b448cbffb56,1655.46,64.75,6.731484487,54000,54000
b8eee608a8e2f29e38b0db7c53e21b448cbffb56,1639.67,64.29,6.666577642,54000,54000
b8eee608a8e2f29e38b0db7c53e21b448cbffb56,1647.23,65.00,6.669456903,54000,54000
b8eee608a8e2f29e38b0db7c53e21b448cbffb56,1669.50,65.46,6.778422858,55000,55000
b8eee608a8e2f29e38b0db7c53e21b448cbffb56,1657.04,64.85,6.729715644,54000,56000
b8eee608a8e2f29e38b0db7c53e21b448cbffb56,1657.39,64.80,6.741919149,54000,54000
b8eee608a8e2f29e38b0db7c53e21b448cbffb56,1655.31,64.74,6.733298980,55000,54000
b8eee608a8e2f29e38b0db7c53e21b448cbffb56,1662.97,65.00,6.756270739,54000,54000
b8eee608a8e2f29e38b0db7c53e21b448cbffb56,1660.73,65.18,6.751059305,54000,54000
b8eee608a8e2f29e38b0db7c53e21b448cbffb56,1640.84,64.18,6.686022808,54000,54000
b8eee608a8e2f29e38b0db7c53e21b448cbffb56,1651.20,64.45,6.718017150,54000,54000
b8eee608a8e2f29e38b0db7c53e21b448cbffb56,1644.46,63.99,6.692554409,54000,54000
b8eee608a8e2f29e38b0db7c53e21b448cbffb56,1647.84,64.51,6.695541988,54000,54000
b8eee608a8e2f29e38b0db7c53e21b448cbffb56,1649.13,64.32,6.711792829,54000,53000
b8eee608a8e2f29e38b0db7c53e21b448cbffb56,1651.89,64.51,6.719690029,55000,55000
b8eee608a8e2f29e38b0db7c53e21b448cbffb56,1659.38,64.73,6.758481740,54000,55000
b8eee608a8e2f29e38b0db7c53e21b448cbffb56,1661.26,65.01,6.752658513,54000,54000
b8eee608a8e2f29e38b0db7c53e21b448cbffb56,1641.45,64.09,6.694363901,54000,54000
b8eee608a8e2f29e38b0db7c53e21b448cbffb56,1667.43,65.47,6.774701806,54000,54000
b8eee608a8e2f29e38b0db7c53e21b448cbffb56,1648.60,64.46,6.713166084,54000,54000
b8eee608a8e2f29e38b0db7c53e21b448cbffb56,1650.54,64.54,6.708364071,54000,54000
facf70e64ade3be0cf43f624bf535de063bf52f8,1549.89,60.45,6.315076166,54000,54000
facf70e64ade3be0cf43f624bf535de063bf52f8,1557.65,60.62,6.348039600,54000,55000
facf70e64ade3be0cf43f624bf535de063bf52f8,1563.30,61.27,6.373159819,54000,54000
facf70e64ade3be0cf43f624bf535de063bf52f8,1559.62,61.13,6.358395069,54000,54000
facf70e64ade3be0cf43f624bf535de063bf52f8,1573.33,61.64,6.412645778,54000,56000
facf70e64ade3be0cf43f624bf535de063bf52f8,1570.36,61.49,6.379652805,54000,55000
facf70e64ade3be0cf43f624bf535de063bf52f8,1566.42,61.38,6.373549441,56000,55000
facf70e64ade3be0cf43f624bf535de063bf52f8,1559.82,61.02,6.354947734,55000,54000
facf70e64ade3be0cf43f624bf535de063bf52f8,1565.46,61.19,6.380010518,56000,54000
facf70e64ade3be0cf43f624bf535de063bf52f8,1558.89,61.07,6.356068008,54000,55000
facf70e64ade3be0cf43f624bf535de063bf52f8,1548.91,60.28,6.325526473,54000,54000
facf70e64ade3be0cf43f624bf535de063bf52f8,1563.05,61.07,6.369311309,54000,54000
facf70e64ade3be0cf43f624bf535de063bf52f8,1566.48,61.55,6.376015869,54000,54000
facf70e64ade3be0cf43f624bf535de063bf52f8,1572.98,61.52,6.410856425,55000,54000
facf70e64ade3be0cf43f624bf535de063bf52f8,1552.05,60.36,6.341785568,55000,55000
facf70e64ade3be0cf43f624bf535de063bf52f8,1556.88,60.84,6.348671402,55000,55000
facf70e64ade3be0cf43f624bf535de063bf52f8,1574.40,61.51,6.428139821,54000,55000
facf70e64ade3be0cf43f624bf535de063bf52f8,1565.50,61.31,6.382731461,54000,54000
facf70e64ade3be0cf43f624bf535de063bf52f8,1549.72,60.53,6.321268466,55000,55000
facf70e64ade3be0cf43f624bf535de063bf52f8,1554.84,60.55,6.347413072,54000,56000
facf70e64ade3be0cf43f624bf535de063bf52f8,1573.10,61.64,6.402212714,55000,54000
facf70e64ade3be0cf43f624bf535de063bf52f8,1565.99,61.40,6.371966777,55000,54000
facf70e64ade3be0cf43f624bf535de063bf52f8,1565.50,61.28,6.370634454,54000,55000
facf70e64ade3be0cf43f624bf535de063bf52f8,1551.75,60.61,6.323525319,55000,56000
facf70e64ade3be0cf43f624bf535de063bf52f8,1553.74,60.46,6.342707778,54000,54000
facf70e64ade3be0cf43f624bf535de063bf52f8,1575.56,61.10,6.436802149,54000,54000
facf70e64ade3be0cf43f624bf535de063bf52f8,1564.32,61.19,6.358335383,55000,54000
facf70e64ade3be0cf43f624bf535de063bf52f8,1571.00,61.08,6.390435773,54000,54000
facf70e64ade3be0cf43f624bf535de063bf52f8,1572.12,61.28,6.402257845,55000,54000
facf70e64ade3be0cf43f624bf535de063bf52f8,1555.42,60.84,6.328338720,54000,55000
e798a5331fc117164979042343f655217658bb0f,1575.78,61.63,6.427664875,54000,54000
e798a5331fc117164979042343f655217658bb0f,1551.81,60.45,6.319473407,54000,54000
e798a5331fc117164979042343f655217658bb0f,1573.91,61.66,6.408816939,54000,53000
e798a5331fc117164979042343f655217658bb0f,1569.73,61.40,6.384460397,54000,53000
e798a5331fc117164979042343f655217658bb0f,1568.50,61.21,6.380905985,54000,54000
e798a5331fc117164979042343f655217658bb0f,1569.61,61.30,6.374467632,54000,54000
e798a5331fc117164979042343f655217658bb0f,1562.30,61.22,6.342624759,55000,54000
e798a5331fc117164979042343f655217658bb0f,1570.67,61.25,6.376860709,55000,54000
e798a5331fc117164979042343f655217658bb0f,1578.89,61.59,6.400417456,54000,54000
e798a5331fc117164979042343f655217658bb0f,1559.20,60.66,6.331844799,54000,55000
e798a5331fc117164979042343f655217658bb0f,1571.80,61.34,6.375549085,54000,55000
e798a5331fc117164979042343f655217658bb0f,1566.64,61.18,6.369578627,54000,54000
e798a5331fc117164979042343f655217658bb0f,1584.11,61.99,6.438996174,54000,54000
e798a5331fc117164979042343f655217658bb0f,1566.89,61.22,6.374449513,54000,54000
e798a5331fc117164979042343f655217658bb0f,1560.63,61.27,6.339662555,54000,55000
e798a5331fc117164979042343f655217658bb0f,1572.48,61.92,6.384612359,54000,54000
e798a5331fc117164979042343f655217658bb0f,1563.58,60.98,6.364905970,54000,54000
e798a5331fc117164979042343f655217658bb0f,1560.61,60.74,6.357956830,54000,54000
e798a5331fc117164979042343f655217658bb0f,1560.03,60.81,6.349757342,54000,54000
e798a5331fc117164979042343f655217658bb0f,1571.78,61.08,6.389403704,54000,55000
e798a5331fc117164979042343f655217658bb0f,1567.33,60.97,6.368637467,55000,54000
e798a5331fc117164979042343f655217658bb0f,1560.68,60.78,6.328957881,55000,55000
e798a5331fc117164979042343f655217658bb0f,1567.03,60.90,6.367453850,54000,55000
e798a5331fc117164979042343f655217658bb0f,1565.93,60.95,6.360543705,55000,54000
e798a5331fc117164979042343f655217658bb0f,1557.89,60.43,6.337232975,55000,54000
e798a5331fc117164979042343f655217658bb0f,1580.31,61.65,6.422411017,54000,54000
e798a5331fc117164979042343f655217658bb0f,1566.16,60.99,6.385911678,55000,55000
e798a5331fc117164979042343f655217658bb0f,1566.64,61.25,6.370251121,54000,55000
e798a5331fc117164979042343f655217658bb0f,1561.50,60.98,6.351977667,54000,54000
e798a5331fc117164979042343f655217658bb0f,1558.64,60.93,6.325397400,55000,54000
92a1c0e052d92f40d027147bc791689d23ec88e1,1558.98,60.80,6.350929957,54000,54000
92a1c0e052d92f40d027147bc791689d23ec88e1,1578.91,61.49,6.435886873,54000,54000
92a1c0e052d92f40d027147bc791689d23ec88e1,1562.25,61.07,6.350882575,55000,54000
92a1c0e052d92f40d027147bc791689d23ec88e1,1554.34,60.86,6.339085065,55000,54000
92a1c0e052d92f40d027147bc791689d23ec88e1,1569.67,61.83,6.384777655,54000,54000
92a1c0e052d92f40d027147bc791689d23ec88e1,1556.94,61.02,6.346220849,55000,55000
92a1c0e052d92f40d027147bc791689d23ec88e1,1555.23,60.61,6.349726586,55000,54000
92a1c0e052d92f40d027147bc791689d23ec88e1,1584.45,62.26,6.448717301,55000,55000
92a1c0e052d92f40d027147bc791689d23ec88e1,1559.45,61.18,6.351571291,55000,55000
92a1c0e052d92f40d027147bc791689d23ec88e1,1559.47,61.11,6.353349236,55000,55000
92a1c0e052d92f40d027147bc791689d23ec88e1,1550.32,60.92,6.312412904,54000,54000
92a1c0e052d92f40d027147bc791689d23ec88e1,1577.49,61.52,6.449591002,55000,55000
92a1c0e052d92f40d027147bc791689d23ec88e1,1564.04,61.24,6.370362353,55000,56000
92a1c0e052d92f40d027147bc791689d23ec88e1,1571.43,61.93,6.400501799,54000,55000
92a1c0e052d92f40d027147bc791689d23ec88e1,1562.11,61.26,6.372015625,54000,55000
92a1c0e052d92f40d027147bc791689d23ec88e1,1554.39,61.11,6.326282891,54000,54000
92a1c0e052d92f40d027147bc791689d23ec88e1,1573.96,61.73,6.412556507,55000,55000
92a1c0e052d92f40d027147bc791689d23ec88e1,1560.62,61.20,6.355719180,54000,54000
92a1c0e052d92f40d027147bc791689d23ec88e1,1572.52,61.84,6.401259211,54000,55000
92a1c0e052d92f40d027147bc791689d23ec88e1,1563.04,60.99,6.371899256,54000,55000
92a1c0e052d92f40d027147bc791689d23ec88e1,1580.83,61.96,6.447936674,55000,55000
92a1c0e052d92f40d027147bc791689d23ec88e1,1559.85,61.23,6.367125148,54000,54000
92a1c0e052d92f40d027147bc791689d23ec88e1,1557.37,60.85,6.353515400,54000,54000
92a1c0e052d92f40d027147bc791689d23ec88e1,1566.43,61.37,6.380524757,54000,54000
92a1c0e052d92f40d027147bc791689d23ec88e1,1578.46,61.70,6.434406761,55000,55000
92a1c0e052d92f40d027147bc791689d23ec88e1,1575.14,61.87,6.418984917,54000,54000
92a1c0e052d92f40d027147bc791689d23ec88e1,1556.03,60.72,6.335507442,54000,55000
92a1c0e052d92f40d027147bc791689d23ec88e1,1574.84,61.90,6.415277488,54000,54000
92a1c0e052d92f40d027147bc791689d23ec88e1,1568.65,61.41,6.391430940,54000,54000
92a1c0e052d92f40d027147bc791689d23ec88e1,1547.96,60.67,6.300459166,54000,54000
7cbe7635a11b6ad5d074dcf7c5406731e7f834e3,1592.83,62.39,6.487096499,54000,54000
7cbe7635a11b6ad5d074dcf7c5406731e7f834e3,1585.04,62.18,6.442781909,54000,54000
7cbe7635a11b6ad5d074dcf7c5406731e7f834e3,1592.95,62.31,6.485793161,54000,54000
7cbe7635a11b6ad5d074dcf7c5406731e7f834e3,1604.09,62.95,6.521310695,54000,54000
7cbe7635a11b6ad5d074dcf7c5406731e7f834e3,1593.24,62.45,6.484525056,54000,54000
7cbe7635a11b6ad5d074dcf7c5406731e7f834e3,1589.92,62.08,6.465589097,54000,54000
7cbe7635a11b6ad5d074dcf7c5406731e7f834e3,1597.52,62.88,6.508810983,54000,55000
7cbe7635a11b6ad5d074dcf7c5406731e7f834e3,1590.07,62.53,6.478334124,56000,54000
7cbe7635a11b6ad5d074dcf7c5406731e7f834e3,1575.71,61.89,6.422506373,54000,55000
7cbe7635a11b6ad5d074dcf7c5406731e7f834e3,1593.53,62.65,6.491013996,55000,55000
7cbe7635a11b6ad5d074dcf7c5406731e7f834e3,1571.12,61.80,6.405101736,55000,55000
7cbe7635a11b6ad5d074dcf7c5406731e7f834e3,1591.49,62.50,6.481939462,55000,55000
7cbe7635a11b6ad5d074dcf7c5406731e7f834e3,1598.04,62.91,6.505012482,55000,55000
7cbe7635a11b6ad5d074dcf7c5406731e7f834e3,1591.42,62.60,6.485123512,55000,54000
7cbe7635a11b6ad5d074dcf7c5406731e7f834e3,1593.88,62.69,6.483511367,55000,54000
7cbe7635a11b6ad5d074dcf7c5406731e7f834e3,1603.19,63.18,6.518422434,54000,55000
7cbe7635a11b6ad5d074dcf7c5406731e7f834e3,1591.92,62.53,6.478957795,55000,54000
7cbe7635a11b6ad5d074dcf7c5406731e7f834e3,1587.60,62.29,6.469233957,54000,54000
7cbe7635a11b6ad5d074dcf7c5406731e7f834e3,1593.89,62.54,6.499155683,55000,54000
7cbe7635a11b6ad5d074dcf7c5406731e7f834e3,1605.72,63.41,6.527856777,55000,55000
7cbe7635a11b6ad5d074dcf7c5406731e7f834e3,1578.97,61.84,6.437116654,54000,54000
7cbe7635a11b6ad5d074dcf7c5406731e7f834e3,1577.33,62.07,6.424532089,55000,54000
7cbe7635a11b6ad5d074dcf7c5406731e7f834e3,1596.61,62.88,6.504070702,55000,54000
7cbe7635a11b6ad5d074dcf7c5406731e7f834e3,1603.34,63.23,6.522742674,54000,54000
7cbe7635a11b6ad5d074dcf7c5406731e7f834e3,1602.18,62.75,6.541644214,55000,55000
7cbe7635a11b6ad5d074dcf7c5406731e7f834e3,1603.75,62.99,6.532672224,54000,55000
7cbe7635a11b6ad5d074dcf7c5406731e7f834e3,1605.98,63.35,6.535626576,56000,55000
7cbe7635a11b6ad5d074dcf7c5406731e7f834e3,1602.87,62.84,6.532858313,54000,55000
7cbe7635a11b6ad5d074dcf7c5406731e7f834e3,1596.83,62.63,6.502166419,54000,55000
7cbe7635a11b6ad5d074dcf7c5406731e7f834e3,1592.79,62.44,6.487942220,54000,54000
189caa09767a3849f1183f26347e6103eecdcfb7,1597.26,62.64,6.504142382,54000,53000
189caa09767a3849f1183f26347e6103eecdcfb7,1594.98,62.66,6.489626476,54000,54000
189caa09767a3849f1183f26347e6103eecdcfb7,1590.14,62.29,6.467223339,55000,54000
189caa09767a3849f1183f26347e6103eecdcfb7,1595.14,62.85,6.492628572,54000,55000
189caa09767a3849f1183f26347e6103eecdcfb7,1592.65,62.49,6.482870813,54000,54000
189caa09767a3849f1183f26347e6103eecdcfb7,1604.02,62.66,6.525619560,54000,54000
189caa09767a3849f1183f26347e6103eecdcfb7,1609.97,63.13,6.562201919,54000,54000
189caa09767a3849f1183f26347e6103eecdcfb7,1622.18,63.99,6.598248457,54000,54000
189caa09767a3849f1183f26347e6103eecdcfb7,1614.71,63.49,6.566586895,54000,55000
189caa09767a3849f1183f26347e6103eecdcfb7,1595.32,62.54,6.495959319,54000,54000
189caa09767a3849f1183f26347e6103eecdcfb7,1585.62,62.07,6.475073235,54000,54000
189caa09767a3849f1183f26347e6103eecdcfb7,1603.83,62.83,6.524329077,54000,54000
189caa09767a3849f1183f26347e6103eecdcfb7,1598.31,62.82,6.504750710,55000,54000
189caa09767a3849f1183f26347e6103eecdcfb7,1609.39,63.56,6.541067621,55000,54000
189caa09767a3849f1183f26347e6103eecdcfb7,1603.12,63.17,6.507152738,54000,55000
189caa09767a3849f1183f26347e6103eecdcfb7,1596.15,62.83,6.487763618,56000,55000
189caa09767a3849f1183f26347e6103eecdcfb7,1588.57,62.37,6.473553245,54000,54000
189caa09767a3849f1183f26347e6103eecdcfb7,1601.72,62.91,6.516527042,55000,55000
189caa09767a3849f1183f26347e6103eecdcfb7,1602.21,63.06,6.507350827,55000,54000
189caa09767a3849f1183f26347e6103eecdcfb7,1584.86,62.40,6.446959280,54000,55000
189caa09767a3849f1183f26347e6103eecdcfb7,1596.29,62.95,6.484625343,55000,55000
189caa09767a3849f1183f26347e6103eecdcfb7,1600.43,62.82,6.511606663,54000,54000
189caa09767a3849f1183f26347e6103eecdcfb7,1609.57,63.70,6.544435317,54000,54000
189caa09767a3849f1183f26347e6103eecdcfb7,1594.60,62.74,6.482346380,54000,54000
189caa09767a3849f1183f26347e6103eecdcfb7,1587.47,62.09,6.468659655,56000,54000
189caa09767a3849f1183f26347e6103eecdcfb7,1597.47,62.77,6.491653042,54000,54000
189caa09767a3849f1183f26347e6103eecdcfb7,1622.90,63.49,6.615641464,55000,54000
189caa09767a3849f1183f26347e6103eecdcfb7,1596.48,62.64,6.496454047,54000,55000
189caa09767a3849f1183f26347e6103eecdcfb7,1599.93,62.55,6.519738945,54000,55000
189caa09767a3849f1183f26347e6103eecdcfb7,1597.92,62.25,6.532930204,54000,55000
ff855df514cdec5c3c5cbe65f80214e77c2f9366,1586.93,62.05,6.475320961,54000,54000
ff855df514cdec5c3c5cbe65f80214e77c2f9366,1616.18,63.61,6.564919299,54000,54000
ff855df514cdec5c3c5cbe65f80214e77c2f9366,1590.18,62.29,6.459062266,54000,54000
ff855df514cdec5c3c5cbe65f80214e77c2f9366,1605.27,63.17,6.503330262,54000,54000
ff855df514cdec5c3c5cbe65f80214e77c2f9366,1608.87,63.02,6.561839991,54000,54000
ff855df514cdec5c3c5cbe65f80214e77c2f9366,1588.68,62.27,6.463169723,54000,54000
ff855df514cdec5c3c5cbe65f80214e77c2f9366,1604.82,63.18,6.525262926,54000,54000
ff855df514cdec5c3c5cbe65f80214e77c2f9366,1594.02,62.64,6.476734933,56000,55000
ff855df514cdec5c3c5cbe65f80214e77c2f9366,1596.04,62.62,6.498813493,54000,54000
ff855df514cdec5c3c5cbe65f80214e77c2f9366,1598.56,62.59,6.498774153,54000,54000
ff855df514cdec5c3c5cbe65f80214e77c2f9366,1589.35,62.49,6.474194167,54000,55000
ff855df514cdec5c3c5cbe65f80214e77c2f9366,1598.95,62.46,6.519276523,54000,54000
ff855df514cdec5c3c5cbe65f80214e77c2f9366,1604.76,63.21,6.521547940,54000,54000
ff855df514cdec5c3c5cbe65f80214e77c2f9366,1599.14,63.12,6.504556968,55000,54000
ff855df514cdec5c3c5cbe65f80214e77c2f9366,1601.89,63.13,6.514416607,54000,55000
ff855df514cdec5c3c5cbe65f80214e77c2f9366,1601.95,63.04,6.517408513,55000,54000
ff855df514cdec5c3c5cbe65f80214e77c2f9366,1596.28,62.48,6.501136163,54000,54000
ff855df514cdec5c3c5cbe65f80214e77c2f9366,1583.64,62.08,6.443599688,54000,54000
ff855df514cdec5c3c5cbe65f80214e77c2f9366,1590.22,62.59,6.462189329,55000,54000
ff855df514cdec5c3c5cbe65f80214e77c2f9366,1588.70,62.35,6.466021861,54000,54000
ff855df514cdec5c3c5cbe65f80214e77c2f9366,1606.97,63.07,6.535366328,54000,55000
ff855df514cdec5c3c5cbe65f80214e77c2f9366,1602.67,63.26,6.516220239,54000,54000
ff855df514cdec5c3c5cbe65f80214e77c2f9366,1594.66,62.62,6.490428387,54000,54000
ff855df514cdec5c3c5cbe65f80214e77c2f9366,1587.31,62.20,6.467706124,54000,54000
ff855df514cdec5c3c5cbe65f80214e77c2f9366,1598.76,62.88,6.501904656,54000,55000
ff855df514cdec5c3c5cbe65f80214e77c2f9366,1585.67,62.06,6.463071046,55000,54000
ff855df514cdec5c3c5cbe65f80214e77c2f9366,1597.06,62.62,6.501026772,56000,54000
ff855df514cdec5c3c5cbe65f80214e77c2f9366,1583.23,62.27,6.445567818,55000,54000
ff855df514cdec5c3c5cbe65f80214e77c2f9366,1593.14,62.37,6.480665593,55000,55000
ff855df514cdec5c3c5cbe65f80214e77c2f9366,1597.93,62.59,6.495352637,54000,54000
99f9dff840dd220db89122c00b567e10295e0a20,1620.12,63.49,6.588453879,54000,54000
99f9dff840dd220db89122c00b567e10295e0a20,1610.20,63.56,6.529177408,54000,54000
99f9dff840dd220db89122c00b567e10295e0a20,1625.98,63.70,6.608417081,54000,54000
99f9dff840dd220db89122c00b567e10295e0a20,1612.55,63.16,6.538982245,54000,54000
99f9dff840dd220db89122c00b567e10295e0a20,1605.24,63.02,6.519670169,54000,55000
99f9dff840dd220db89122c00b567e10295e0a20,1609.11,63.13,6.529698395,55000,54000
99f9dff840dd220db89122c00b567e10295e0a20,1632.25,63.62,6.635813761,54000,54000
99f9dff840dd220db89122c00b567e10295e0a20,1618.08,63.26,6.554733262,54000,54000
99f9dff840dd220db89122c00b567e10295e0a20,1614.81,63.27,6.533743609,55000,55000
99f9dff840dd220db89122c00b567e10295e0a20,1620.55,63.52,6.568794872,54000,54000
99f9dff840dd220db89122c00b567e10295e0a20,1620.42,62.84,6.592902806,55000,54000
99f9dff840dd220db89122c00b567e10295e0a20,1614.40,63.10,6.557162982,55000,55000
99f9dff840dd220db89122c00b567e10295e0a20,1612.38,63.51,6.534243894,54000,54000
99f9dff840dd220db89122c00b567e10295e0a20,1618.70,63.74,6.556940000,54000,54000
99f9dff840dd220db89122c00b567e10295e0a20,1619.73,63.48,6.581953314,54000,54000
99f9dff840dd220db89122c00b567e10295e0a20,1613.78,63.58,6.539233866,54000,54000
99f9dff840dd220db89122c00b567e10295e0a20,1607.91,63.04,6.516304999,54000,54000
99f9dff840dd220db89122c00b567e10295e0a20,1595.86,62.40,6.479121013,54000,54000
99f9dff840dd220db89122c00b567e10295e0a20,1624.36,63.53,6.604982299,54000,54000
99f9dff840dd220db89122c00b567e10295e0a20,1605.54,62.64,6.516234176,55000,55000
99f9dff840dd220db89122c00b567e10295e0a20,1612.70,62.90,6.542083419,54000,55000
99f9dff840dd220db89122c00b567e10295e0a20,1616.29,63.13,6.552369112,55000,55000
99f9dff840dd220db89122c00b567e10295e0a20,1616.76,63.27,6.553768601,56000,54000
99f9dff840dd220db89122c00b567e10295e0a20,1602.44,62.55,6.501684572,55000,55000
99f9dff840dd220db89122c00b567e10295e0a20,1600.81,62.46,6.494713407,55000,55000
99f9dff840dd220db89122c00b567e10295e0a20,1604.23,62.92,6.509794725,56000,55000
99f9dff840dd220db89122c00b567e10295e0a20,1617.34,63.35,6.570389304,54000,54000
99f9dff840dd220db89122c00b567e10295e0a20,1627.46,64.00,6.592055097,55000,54000
99f9dff840dd220db89122c00b567e10295e0a20,1620.39,63.53,6.575782607,55000,55000
99f9dff840dd220db89122c00b567e10295e0a20,1612.68,63.31,6.537530312,54000,55000
f3ccae86f06b3f2724bfe61a5c56c6908dac613c,1569.54,61.75,6.385771171,54000,55000
f3ccae86f06b3f2724bfe61a5c56c6908dac613c,1555.68,60.93,6.321879213,54000,54000
f3ccae86f06b3f2724bfe61a5c56c6908dac613c,1554.23,60.96,6.308643053,54000,54000
f3ccae86f06b3f2724bfe61a5c56c6908dac613c,1558.36,61.03,6.328366983,54000,54000
f3ccae86f06b3f2724bfe61a5c56c6908dac613c,1555.78,60.70,6.322886206,54000,56000
f3ccae86f06b3f2724bfe61a5c56c6908dac613c,1556.01,60.69,6.321221289,54000,55000
f3ccae86f06b3f2724bfe61a5c56c6908dac613c,1553.30,60.68,6.311345757,54000,55000
f3ccae86f06b3f2724bfe61a5c56c6908dac613c,1557.96,61.22,6.319984435,53000,54000
f3ccae86f06b3f2724bfe61a5c56c6908dac613c,1561.83,61.30,6.336003052,55000,55000
f3ccae86f06b3f2724bfe61a5c56c6908dac613c,1574.14,61.96,6.378768882,54000,55000
f3ccae86f06b3f2724bfe61a5c56c6908dac613c,1562.72,61.30,6.331702496,54000,54000
f3ccae86f06b3f2724bfe61a5c56c6908dac613c,1576.85,61.57,6.405646554,54000,55000
f3ccae86f06b3f2724bfe61a5c56c6908dac613c,1557.62,60.78,6.330765629,54000,55000
f3ccae86f06b3f2724bfe61a5c56c6908dac613c,1568.67,61.12,6.373857930,55000,54000
f3ccae86f06b3f2724bfe61a5c56c6908dac613c,1584.17,62.14,6.424428872,55000,55000
f3ccae86f06b3f2724bfe61a5c56c6908dac613c,1560.23,60.85,6.336744542,55000,55000
f3ccae86f06b3f2724bfe61a5c56c6908dac613c,1567.11,61.25,6.353179698,55000,55000
f3ccae86f06b3f2724bfe61a5c56c6908dac613c,1545.99,60.17,6.282240321,55000,54000
f3ccae86f06b3f2724bfe61a5c56c6908dac613c,1557.43,60.91,6.330431766,55000,55000
f3ccae86f06b3f2724bfe61a5c56c6908dac613c,1552.83,60.67,6.310506646,54000,55000
f3ccae86f06b3f2724bfe61a5c56c6908dac613c,1568.84,61.77,6.353128804,54000,54000
f3ccae86f06b3f2724bfe61a5c56c6908dac613c,1557.70,60.67,6.337297328,55000,54000
f3ccae86f06b3f2724bfe61a5c56c6908dac613c,1559.96,60.92,6.332623619,55000,55000
f3ccae86f06b3f2724bfe61a5c56c6908dac613c,1556.26,60.92,6.325130893,54000,54000
f3ccae86f06b3f2724bfe61a5c56c6908dac613c,1551.88,60.89,6.292873129,54000,55000
f3ccae86f06b3f2724bfe61a5c56c6908dac613c,1556.46,60.75,6.317472217,55000,55000
f3ccae86f06b3f2724bfe61a5c56c6908dac613c,1547.76,60.60,6.272690033,55000,54000
f3ccae86f06b3f2724bfe61a5c56c6908dac613c,1554.78,60.63,6.310111218,54000,54000
f3ccae86f06b3f2724bfe61a5c56c6908dac613c,1544.88,60.28,6.271225158,55000,55000
f3ccae86f06b3f2724bfe61a5c56c6908dac613c,1564.95,61.07,6.359767679,54000,54000
dad58a05eb5578df97674eb06e9700e85dce1de3,3512.95,134.75,14.733036522,54000,54000
dad58a05eb5578df97674eb06e9700e85dce1de3,3501.68,133.95,14.688217468,54000,54000
dad58a05eb5578df97674eb06e9700e85dce1de3,3507.02,134.13,14.711514256,54000,54000
dad58a05eb5578df97674eb06e9700e85dce1de3,3490.32,133.57,14.653076618,54000,54000
dad58a05eb5578df97674eb06e9700e85dce1de3,3479.14,132.99,14.597259059,54000,54000
dad58a05eb5578df97674eb06e9700e85dce1de3,3502.05,134.12,14.683340851,54000,54000
dad58a05eb5578df97674eb06e9700e85dce1de3,3517.23,134.90,14.752562082,54000,54000
dad58a05eb5578df97674eb06e9700e85dce1de3,3499.73,134.10,14.685350499,54000,54000
dad58a05eb5578df97674eb06e9700e85dce1de3,3502.22,134.19,14.693137604,54000,54000
dad58a05eb5578df97674eb06e9700e85dce1de3,3499.55,134.07,14.695294421,55000,55000
dad58a05eb5578df97674eb06e9700e85dce1de3,3508.20,134.62,14.720832764,54000,54000
dad58a05eb5578df97674eb06e9700e85dce1de3,3509.22,134.91,14.730904066,54000,54000
dad58a05eb5578df97674eb06e9700e85dce1de3,3509.01,134.66,14.738009345,54000,54000
dad58a05eb5578df97674eb06e9700e85dce1de3,3499.40,133.92,14.693964636,54000,54000
dad58a05eb5578df97674eb06e9700e85dce1de3,3489.48,133.62,14.655140290,54000,54000
dad58a05eb5578df97674eb06e9700e85dce1de3,3479.76,133.52,14.602682387,54000,53000
dad58a05eb5578df97674eb06e9700e85dce1de3,3507.19,134.62,14.708899994,54000,54000
dad58a05eb5578df97674eb06e9700e85dce1de3,3520.55,135.16,14.770454385,54000,54000
dad58a05eb5578df97674eb06e9700e85dce1de3,3544.28,136.03,14.868178104,54000,54000
dad58a05eb5578df97674eb06e9700e85dce1de3,3523.64,135.05,14.780824512,54000,54000
dad58a05eb5578df97674eb06e9700e85dce1de3,3483.03,133.29,14.624539367,54000,54000
dad58a05eb5578df97674eb06e9700e85dce1de3,3523.03,135.08,14.768582328,54000,54000
dad58a05eb5578df97674eb06e9700e85dce1de3,3485.48,133.55,14.629349673,54000,54000
dad58a05eb5578df97674eb06e9700e85dce1de3,3503.97,134.32,14.707439968,54000,54000
dad58a05eb5578df97674eb06e9700e85dce1de3,3484.15,133.49,14.627863822,54000,54000
dad58a05eb5578df97674eb06e9700e85dce1de3,3513.22,134.78,14.734595543,54000,54000
dad58a05eb5578df97674eb06e9700e85dce1de3,3506.47,134.61,14.697737828,53000,54000
dad58a05eb5578df97674eb06e9700e85dce1de3,3521.16,134.73,14.762233016,54000,54000
dad58a05eb5578df97674eb06e9700e85dce1de3,3520.37,135.36,14.743276610,54000,54000
dad58a05eb5578df97674eb06e9700e85dce1de3,3497.13,134.10,14.672832007,54000,54000
87df2cef0930b70ec768530bca9b5c864733296f,3524.54,134.86,14.746689594,54000,53000
87df2cef0930b70ec768530bca9b5c864733296f,3526.35,135.07,14.748885219,54000,54000
87df2cef0930b70ec768530bca9b5c864733296f,3510.11,134.07,14.708536122,54000,54000
87df2cef0930b70ec768530bca9b5c864733296f,3507.34,133.82,14.684973256,54000,54000
87df2cef0930b70ec768530bca9b5c864733296f,3502.83,134.31,14.661264576,54000,54000
87df2cef0930b70ec768530bca9b5c864733296f,3511.53,134.68,14.703932179,54000,54000
87df2cef0930b70ec768530bca9b5c864733296f,3503.40,134.20,14.676733696,54000,54000
87df2cef0930b70ec768530bca9b5c864733296f,3484.37,132.92,14.606898784,54000,54000
87df2cef0930b70ec768530bca9b5c864733296f,3499.88,133.89,14.658839348,54000,54000
87df2cef0930b70ec768530bca9b5c864733296f,3497.98,133.77,14.663216875,54000,54000
87df2cef0930b70ec768530bca9b5c864733296f,3483.99,132.96,14.622724133,54000,54000
87df2cef0930b70ec768530bca9b5c864733296f,3502.90,134.51,14.675157894,54000,55000
87df2cef0930b70ec768530bca9b5c864733296f,3529.04,135.35,14.789208585,55000,54000
87df2cef0930b70ec768530bca9b5c864733296f,3507.96,134.75,14.688416204,54000,54000
87df2cef0930b70ec768530bca9b5c864733296f,3514.32,134.87,14.724401457,54000,54000
87df2cef0930b70ec768530bca9b5c864733296f,3516.57,134.17,14.756242217,54000,54000
87df2cef0930b70ec768530bca9b5c864733296f,3494.07,133.85,14.657355055,54000,54000
87df2cef0930b70ec768530bca9b5c864733296f,3498.76,133.69,14.692751617,54000,54000
87df2cef0930b70ec768530bca9b5c864733296f,3506.22,134.39,14.712545167,54000,54000
87df2cef0930b70ec768530bca9b5c864733296f,3473.42,132.93,14.579094497,54000,54000
87df2cef0930b70ec768530bca9b5c864733296f,3494.63,133.36,14.691508236,54000,54000
87df2cef0930b70ec768530bca9b5c864733296f,3516.28,134.39,14.757779732,54000,54000
87df2cef0930b70ec768530bca9b5c864733296f,3477.45,132.76,14.628163207,54000,54000
87df2cef0930b70ec768530bca9b5c864733296f,3486.92,133.65,14.631242722,53000,54000
87df2cef0930b70ec768530bca9b5c864733296f,3501.11,134.12,14.694543012,54000,53000
87df2cef0930b70ec768530bca9b5c864733296f,3521.52,134.86,14.790296741,54000,54000
87df2cef0930b70ec768530bca9b5c864733296f,3491.41,133.60,14.654701286,54000,54000
87df2cef0930b70ec768530bca9b5c864733296f,3483.47,133.52,14.616983585,54000,54000
87df2cef0930b70ec768530bca9b5c864733296f,3511.74,134.75,14.733156020,54000,54000
87df2cef0930b70ec768530bca9b5c864733296f,3494.44,133.82,14.663949352,54000,53000
7bc6273f4d59b7981df8b64d49a7fbdad0b47442,3528.51,135.33,14.779142419,55000,55000
7bc6273f4d59b7981df8b64d49a7fbdad0b47442,3497.71,133.99,14.650638186,54000,54000
7bc6273f4d59b7981df8b64d49a7fbdad0b47442,3500.87,134.22,14.648538042,54000,54000
7bc6273f4d59b7981df8b64d49a7fbdad0b47442,3504.34,133.91,14.693494387,54000,54000
7bc6273f4d59b7981df8b64d49a7fbdad0b47442,3509.09,134.70,14.693885569,54000,54000
7bc6273f4d59b7981df8b64d49a7fbdad0b47442,3501.26,134.06,14.676558923,54000,54000
7bc6273f4d59b7981df8b64d49a7fbdad0b47442,3489.97,133.76,14.616696683,54000,54000
7bc6273f4d59b7981df8b64d49a7fbdad0b47442,3495.80,134.01,14.635112484,54000,54000
7bc6273f4d59b7981df8b64d49a7fbdad0b47442,3517.13,134.75,14.726326660,54000,54000
7bc6273f4d59b7981df8b64d49a7fbdad0b47442,3503.84,134.19,14.672321648,54000,54000
7bc6273f4d59b7981df8b64d49a7fbdad0b47442,3483.84,133.16,14.607966778,54000,54000
7bc6273f4d59b7981df8b64d49a7fbdad0b47442,3499.31,133.82,14.670931379,54000,54000
7bc6273f4d59b7981df8b64d49a7fbdad0b47442,3510.79,134.73,14.690916910,54000,55000
7bc6273f4d59b7981df8b64d49a7fbdad0b47442,3502.26,134.14,14.665558139,54000,54000
7bc6273f4d59b7981df8b64d49a7fbdad0b47442,3496.68,133.86,14.632597189,54000,54000
7bc6273f4d59b7981df8b64d49a7fbdad0b47442,3514.49,135.00,14.700393071,54000,54000
7bc6273f4d59b7981df8b64d49a7fbdad0b47442,3504.03,134.39,14.688805907,54000,54000
7bc6273f4d59b7981df8b64d49a7fbdad0b47442,3505.76,134.10,14.685668658,54000,54000
7bc6273f4d59b7981df8b64d49a7fbdad0b47442,3499.40,133.69,14.650795182,54000,55000
7bc6273f4d59b7981df8b64d49a7fbdad0b47442,3506.95,134.13,14.676510875,54000,54000
7bc6273f4d59b7981df8b64d49a7fbdad0b47442,3488.97,133.51,14.622427440,54000,55000
7bc6273f4d59b7981df8b64d49a7fbdad0b47442,3507.44,134.31,14.693719017,54000,54000
7bc6273f4d59b7981df8b64d49a7fbdad0b47442,3499.49,134.16,14.644785550,54000,54000
7bc6273f4d59b7981df8b64d49a7fbdad0b47442,3503.95,134.43,14.655451652,54000,54000
7bc6273f4d59b7981df8b64d49a7fbdad0b47442,3503.20,134.14,14.668827869,54000,54000
7bc6273f4d59b7981df8b64d49a7fbdad0b47442,3483.75,132.69,14.599662199,54000,54000
7bc6273f4d59b7981df8b64d49a7fbdad0b47442,3512.85,134.56,14.698907065,54000,54000
7bc6273f4d59b7981df8b64d49a7fbdad0b47442,3502.62,133.77,14.671756170,54000,55000
7bc6273f4d59b7981df8b64d49a7fbdad0b47442,3483.43,132.87,14.612256044,54000,54000
7bc6273f4d59b7981df8b64d49a7fbdad0b47442,3506.20,134.21,14.673787326,54000,54000
f18b9b593522f79258607781c2bc40fdc54ee0da,3499.29,133.74,14.642316258,54000,54000
f18b9b593522f79258607781c2bc40fdc54ee0da,3513.89,134.59,14.693756419,54000,53000
f18b9b593522f79258607781c2bc40fdc54ee0da,3502.93,134.10,14.658229631,54000,54000
f18b9b593522f79258607781c2bc40fdc54ee0da,3508.76,134.22,14.690558772,54000,55000
f18b9b593522f79258607781c2bc40fdc54ee0da,3504.11,133.97,14.671206671,54000,54000
f18b9b593522f79258607781c2bc40fdc54ee0da,3513.62,134.25,14.721868279,54000,54000
f18b9b593522f79258607781c2bc40fdc54ee0da,3502.94,134.24,14.654500640,55000,54000
f18b9b593522f79258607781c2bc40fdc54ee0da,3509.19,135.03,14.663885989,55000,54000
f18b9b593522f79258607781c2bc40fdc54ee0da,3499.12,133.77,14.636664067,54000,54000
f18b9b593522f79258607781c2bc40fdc54ee0da,3514.53,134.91,14.697991465,54000,54000
f18b9b593522f79258607781c2bc40fdc54ee0da,3500.77,133.61,14.646878193,54000,56000
f18b9b593522f79258607781c2bc40fdc54ee0da,3502.81,134.12,14.648531979,55000,55000
f18b9b593522f79258607781c2bc40fdc54ee0da,3498.10,133.36,14.645109127,54000,54000
f18b9b593522f79258607781c2bc40fdc54ee0da,3524.48,135.22,14.720110273,54000,54000
f18b9b593522f79258607781c2bc40fdc54ee0da,3508.99,134.53,14.684283130,54000,54000
f18b9b593522f79258607781c2bc40fdc54ee0da,3486.97,133.51,14.601503858,54000,55000
f18b9b593522f79258607781c2bc40fdc54ee0da,3518.36,134.98,14.700920602,56000,55000
f18b9b593522f79258607781c2bc40fdc54ee0da,3508.55,134.39,14.679242706,54000,54000
f18b9b593522f79258607781c2bc40fdc54ee0da,3520.81,135.00,14.721090296,54000,54000
f18b9b593522f79258607781c2bc40fdc54ee0da,3499.82,133.98,14.638534924,54000,54000
f18b9b593522f79258607781c2bc40fdc54ee0da,3502.87,134.33,14.652669789,55000,54000
f18b9b593522f79258607781c2bc40fdc54ee0da,3500.08,134.58,14.645967169,55000,54000
f18b9b593522f79258607781c2bc40fdc54ee0da,3501.51,134.34,14.658487572,54000,55000
f18b9b593522f79258607781c2bc40fdc54ee0da,3492.15,134.16,14.609133338,55000,54000
f18b9b593522f79258607781c2bc40fdc54ee0da,3523.33,135.02,14.738510373,54000,54000
f18b9b593522f79258607781c2bc40fdc54ee0da,3497.28,133.89,14.646059138,54000,54000
f18b9b593522f79258607781c2bc40fdc54ee0da,3511.99,134.81,14.679012530,54000,55000
f18b9b593522f79258607781c2bc40fdc54ee0da,3512.20,134.69,14.693784265,54000,55000
f18b9b593522f79258607781c2bc40fdc54ee0da,3528.54,135.42,14.758987315,54000,55000
f18b9b593522f79258607781c2bc40fdc54ee0da,3522.89,135.25,14.718835842,55000,54000
e4b7555f6dbbca28c5e352c3d30ffc844abdb1ba,3482.58,133.18,14.597739109,54000,54000
e4b7555f6dbbca28c5e352c3d30ffc844abdb1ba,3497.62,133.99,14.626494349,54000,54000
e4b7555f6dbbca28c5e352c3d30ffc844abdb1ba,3496.23,133.81,14.623103871,54000,54000
e4b7555f6dbbca28c5e352c3d30ffc844abdb1ba,3488.37,133.64,14.598468651,54000,54000
e4b7555f6dbbca28c5e352c3d30ffc844abdb1ba,3490.96,133.46,14.630676743,55000,54000
e4b7555f6dbbca28c5e352c3d30ffc844abdb1ba,3506.49,134.01,14.679721165,56000,54000
e4b7555f6dbbca28c5e352c3d30ffc844abdb1ba,3507.37,134.40,14.697693684,55000,55000
e4b7555f6dbbca28c5e352c3d30ffc844abdb1ba,3498.97,134.11,14.636306694,56000,55000
e4b7555f6dbbca28c5e352c3d30ffc844abdb1ba,3495.00,133.91,14.639497794,55000,55000
e4b7555f6dbbca28c5e352c3d30ffc844abdb1ba,3477.51,132.94,14.574497026,55000,55000
e4b7555f6dbbca28c5e352c3d30ffc844abdb1ba,3495.19,134.06,14.646051494,54000,55000
e4b7555f6dbbca28c5e352c3d30ffc844abdb1ba,3494.44,133.92,14.632741947,54000,54000
e4b7555f6dbbca28c5e352c3d30ffc844abdb1ba,3507.45,134.76,14.668786325,54000,54000
e4b7555f6dbbca28c5e352c3d30ffc844abdb1ba,3508.85,134.82,14.684963149,55000,54000
e4b7555f6dbbca28c5e352c3d30ffc844abdb1ba,3491.61,133.95,14.616671055,54000,55000
e4b7555f6dbbca28c5e352c3d30ffc844abdb1ba,3499.09,134.88,14.646207065,54000,54000
e4b7555f6dbbca28c5e352c3d30ffc844abdb1ba,3523.01,135.69,14.724333528,54000,55000
e4b7555f6dbbca28c5e352c3d30ffc844abdb1ba,3509.77,134.61,14.688308095,54000,54000
e4b7555f6dbbca28c5e352c3d30ffc844abdb1ba,3501.20,134.36,14.655954317,54000,54000
e4b7555f6dbbca28c5e352c3d30ffc844abdb1ba,3516.76,134.86,14.734245252,55000,54000
e4b7555f6dbbca28c5e352c3d30ffc844abdb1ba,3477.88,132.76,14.582868720,55000,55000
e4b7555f6dbbca28c5e352c3d30ffc844abdb1ba,3497.32,134.22,14.668315885,54000,54000
e4b7555f6dbbca28c5e352c3d30ffc844abdb1ba,3512.09,134.74,14.695921514,54000,54000
e4b7555f6dbbca28c5e352c3d30ffc844abdb1ba,3486.99,134.08,14.599826947,54000,54000
e4b7555f6dbbca28c5e352c3d30ffc844abdb1ba,3504.44,134.39,14.662788785,55000,54000
e4b7555f6dbbca28c5e352c3d30ffc844abdb1ba,3488.94,133.57,14.618576939,54000,55000
e4b7555f6dbbca28c5e352c3d30ffc844abdb1ba,3488.34,133.11,14.611555280,55000,55000
e4b7555f6dbbca28c5e352c3d30ffc844abdb1ba,3491.70,133.65,14.631207444,54000,55000
e4b7555f6dbbca28c5e352c3d30ffc844abdb1ba,3481.37,133.10,14.587840322,54000,54000
e4b7555f6dbbca28c5e352c3d30ffc844abdb1ba,3494.93,133.52,14.634123507,54000,54000
2b44e55621c194cdb3abcdbfe4579d3e76421f00,3538.27,135.78,14.820273265,54000,54000
2b44e55621c194cdb3abcdbfe4579d3e76421f00,3526.25,135.26,14.750420883,54000,54000
2b44e55621c194cdb3abcdbfe4579d3e76421f00,3510.47,135.06,14.676268113,54000,55000
2b44e55621c194cdb3abcdbfe4579d3e76421f00,3516.09,134.80,14.718874349,55000,54000
2b44e55621c194cdb3abcdbfe4579d3e76421f00,3487.19,133.67,14.613908613,54000,54000
2b44e55621c194cdb3abcdbfe4579d3e76421f00,3543.53,135.54,14.829642306,55000,55000
2b44e55621c194cdb3abcdbfe4579d3e76421f00,3512.10,134.68,14.702570054,54000,54000
2b44e55621c194cdb3abcdbfe4579d3e76421f00,3519.86,135.15,14.714976672,54000,54000
2b44e55621c194cdb3abcdbfe4579d3e76421f00,3498.59,134.28,14.646910211,54000,56000
2b44e55621c194cdb3abcdbfe4579d3e76421f00,3511.31,134.78,14.688285695,55000,56000
2b44e55621c194cdb3abcdbfe4579d3e76421f00,3524.65,135.31,14.760716990,54000,54000
2b44e55621c194cdb3abcdbfe4579d3e76421f00,3519.43,134.94,14.738633667,54000,54000
2b44e55621c194cdb3abcdbfe4579d3e76421f00,3536.10,136.20,14.787441464,56000,54000
2b44e55621c194cdb3abcdbfe4579d3e76421f00,3520.09,135.40,14.734831459,55000,55000
2b44e55621c194cdb3abcdbfe4579d3e76421f00,3503.82,134.39,14.674494551,54000,54000
2b44e55621c194cdb3abcdbfe4579d3e76421f00,3505.21,134.77,14.672369968,54000,55000
2b44e55621c194cdb3abcdbfe4579d3e76421f00,3509.78,134.80,14.687321212,54000,54000
2b44e55621c194cdb3abcdbfe4579d3e76421f00,3516.29,135.46,14.700722367,54000,54000
2b44e55621c194cdb3abcdbfe4579d3e76421f00,3508.60,135.30,14.677248774,54000,54000
2b44e55621c194cdb3abcdbfe4579d3e76421f00,3491.36,134.38,14.614660563,54000,54000
2b44e55621c194cdb3abcdbfe4579d3e76421f00,3504.69,134.04,14.678602213,55000,55000
2b44e55621c194cdb3abcdbfe4579d3e76421f00,3497.28,134.21,14.645394474,54000,54000
2b44e55621c194cdb3abcdbfe4579d3e76421f00,3514.10,135.49,14.710447714,54000,54000
2b44e55621c194cdb3abcdbfe4579d3e76421f00,3485.55,133.66,14.597572800,54000,54000
2b44e55621c194cdb3abcdbfe4579d3e76421f00,3521.55,135.84,14.731239864,54000,54000
2b44e55621c194cdb3abcdbfe4579d3e76421f00,3489.25,133.62,14.609232317,54000,54000
2b44e55621c194cdb3abcdbfe4579d3e76421f00,3507.83,134.82,14.681494325,56000,55000
2b44e55621c194cdb3abcdbfe4579d3e76421f00,3505.80,134.27,14.683887933,54000,54000
2b44e55621c194cdb3abcdbfe4579d3e76421f00,3518.23,135.38,14.698365234,54000,54000
2b44e55621c194cdb3abcdbfe4579d3e76421f00,3502.19,134.23,14.660693887,55000,55000
063f6d5798207fd3bc6e3f87144bc78efee7c5eb,3520.90,134.76,14.743171336,54000,54000
063f6d5798207fd3bc6e3f87144bc78efee7c5eb,3517.01,134.57,14.724456812,54000,55000
063f6d5798207fd3bc6e3f87144bc78efee7c5eb,3517.78,135.11,14.721724966,55000,54000
063f6d5798207fd3bc6e3f87144bc78efee7c5eb,3544.59,136.46,14.824621043,55000,54000
063f6d5798207fd3bc6e3f87144bc78efee7c5eb,3517.18,134.53,14.730729824,54000,55000
063f6d5798207fd3bc6e3f87144bc78efee7c5eb,3517.74,134.72,14.738043268,54000,55000
063f6d5798207fd3bc6e3f87144bc78efee7c5eb,3544.25,136.00,14.835909902,55000,56000
063f6d5798207fd3bc6e3f87144bc78efee7c5eb,3528.93,135.43,14.776674812,56000,55000
063f6d5798207fd3bc6e3f87144bc78efee7c5eb,3519.36,135.05,14.728043889,55000,55000
063f6d5798207fd3bc6e3f87144bc78efee7c5eb,3528.41,135.67,14.761899159,55000,54000
063f6d5798207fd3bc6e3f87144bc78efee7c5eb,3536.87,135.57,14.812384157,54000,54000
063f6d5798207fd3bc6e3f87144bc78efee7c5eb,3543.41,136.49,14.836215947,55000,54000
063f6d5798207fd3bc6e3f87144bc78efee7c5eb,3531.42,135.82,14.775180658,56000,55000
063f6d5798207fd3bc6e3f87144bc78efee7c5eb,3530.00,135.90,14.766612232,54000,54000
063f6d5798207fd3bc6e3f87144bc78efee7c5eb,3522.35,135.23,14.752575867,55000,54000
063f6d5798207fd3bc6e3f87144bc78efee7c5eb,3555.25,136.96,14.865143117,54000,54000
063f6d5798207fd3bc6e3f87144bc78efee7c5eb,3520.36,135.12,14.736675020,54000,54000
063f6d5798207fd3bc6e3f87144bc78efee7c5eb,3536.14,136.28,14.797652486,54000,54000
063f6d5798207fd3bc6e3f87144bc78efee7c5eb,3543.88,136.18,14.831705935,54000,54000
063f6d5798207fd3bc6e3f87144bc78efee7c5eb,3523.08,135.29,14.760229191,54000,55000
063f6d5798207fd3bc6e3f87144bc78efee7c5eb,3506.77,134.08,14.714644993,54000,54000
063f6d5798207fd3bc6e3f87144bc78efee7c5eb,3533.89,136.20,14.801899542,54000,55000
063f6d5798207fd3bc6e3f87144bc78efee7c5eb,3533.46,136.03,14.786725025,54000,54000
063f6d5798207fd3bc6e3f87144bc78efee7c5eb,3536.37,136.36,14.789599823,54000,54000
063f6d5798207fd3bc6e3f87144bc78efee7c5eb,3534.34,135.79,14.784493495,54000,54000
063f6d5798207fd3bc6e3f87144bc78efee7c5eb,3533.70,136.09,14.778486055,54000,54000
063f6d5798207fd3bc6e3f87144bc78efee7c5eb,3530.63,135.26,14.772581097,54000,54000
063f6d5798207fd3bc6e3f87144bc78efee7c5eb,3532.54,135.70,14.786437148,54000,54000
063f6d5798207fd3bc6e3f87144bc78efee7c5eb,3522.72,135.19,14.732802433,54000,55000
063f6d5798207fd3bc6e3f87144bc78efee7c5eb,3533.62,135.44,14.800229008,54000,54000
4f007cca51c75f255dc7539fa80303ee883952ee,3594.49,137.52,15.059363933,54000,54000
4f007cca51c75f255dc7539fa80303ee883952ee,3609.62,138.55,15.089284902,54000,54000
4f007cca51c75f255dc7539fa80303ee883952ee,3626.93,139.46,15.160896512,54000,54000
4f007cca51c75f255dc7539fa80303ee883952ee,3615.54,139.02,15.114733799,55000,55000
4f007cca51c75f255dc7539fa80303ee883952ee,3606.29,138.26,15.103808105,54000,54000
4f007cca51c75f255dc7539fa80303ee883952ee,3627.17,139.00,15.159419623,54000,54000
4f007cca51c75f255dc7539fa80303ee883952ee,3624.53,138.85,15.162834733,55000,55000
4f007cca51c75f255dc7539fa80303ee883952ee,3602.46,138.91,15.063258365,54000,55000
4f007cca51c75f255dc7539fa80303ee883952ee,3625.21,139.24,15.175424270,54000,55000
4f007cca51c75f255dc7539fa80303ee883952ee,3590.47,137.11,15.037309254,54000,56000
4f007cca51c75f255dc7539fa80303ee883952ee,3612.29,138.77,15.121647685,55000,54000
4f007cca51c75f255dc7539fa80303ee883952ee,3625.89,139.44,15.163835005,54000,54000
4f007cca51c75f255dc7539fa80303ee883952ee,3610.12,139.01,15.090133807,55000,55000
4f007cca51c75f255dc7539fa80303ee883952ee,3612.72,139.07,15.105246066,55000,55000
4f007cca51c75f255dc7539fa80303ee883952ee,3621.61,139.38,15.134421307,54000,54000
4f007cca51c75f255dc7539fa80303ee883952ee,3616.70,139.15,15.124105832,55000,54000
4f007cca51c75f255dc7539fa80303ee883952ee,3604.44,138.52,15.084334881,55000,54000
4f007cca51c75f255dc7539fa80303ee883952ee,3603.65,138.73,15.072286030,54000,54000
4f007cca51c75f255dc7539fa80303ee883952ee,3598.67,138.35,15.057386366,54000,55000
4f007cca51c75f255dc7539fa80303ee883952ee,3607.08,139.02,15.083828285,54000,55000
4f007cca51c75f255dc7539fa80303ee883952ee,3620.01,139.07,15.138273341,55000,54000
4f007cca51c75f255dc7539fa80303ee883952ee,3593.46,137.85,15.054586716,54000,54000
4f007cca51c75f255dc7539fa80303ee883952ee,3618.69,138.79,15.167681430,55000,55000
4f007cca51c75f255dc7539fa80303ee883952ee,3594.96,138.10,15.046184266,54000,54000
4f007cca51c75f255dc7539fa80303ee883952ee,3612.17,139.07,15.101510137,54000,54000
4f007cca51c75f255dc7539fa80303ee883952ee,3622.85,139.04,15.152413478,55000,55000
4f007cca51c75f255dc7539fa80303ee883952ee,3615.57,139.03,15.109284522,55000,55000
4f007cca51c75f255dc7539fa80303ee883952ee,3575.57,136.76,14.989199920,54000,55000
4f007cca51c75f255dc7539fa80303ee883952ee,3622.34,138.61,15.176913445,55000,54000
4f007cca51c75f255dc7539fa80303ee883952ee,3619.08,138.88,15.136612484,55000,54000
b74ce2a9d74c7cd712509243ed0a952f40b16e1b,3673.13,141.36,15.363484335,54000,54000
b74ce2a9d74c7cd712509243ed0a952f40b16e1b,3699.11,142.00,15.449944293,54000,54000
b74ce2a9d74c7cd712509243ed0a952f40b16e1b,3702.84,142.83,15.441154900,55000,54000
b74ce2a9d74c7cd712509243ed0a952f40b16e1b,3686.37,141.69,15.391725361,54000,55000
b74ce2a9d74c7cd712509243ed0a952f40b16e1b,3685.53,141.83,15.402636146,54000,54000
b74ce2a9d74c7cd712509243ed0a952f40b16e1b,3702.36,141.86,15.467993571,54000,54000
b74ce2a9d74c7cd712509243ed0a952f40b16e1b,3707.48,142.30,15.508263503,54000,55000
b74ce2a9d74c7cd712509243ed0a952f40b16e1b,3686.20,141.27,15.405390476,55000,54000
b74ce2a9d74c7cd712509243ed0a952f40b16e1b,3696.80,142.25,15.428419771,54000,54000
b74ce2a9d74c7cd712509243ed0a952f40b16e1b,3675.06,141.44,15.360412665,54000,54000
b74ce2a9d74c7cd712509243ed0a952f40b16e1b,3691.59,142.44,15.427619280,54000,54000
b74ce2a9d74c7cd712509243ed0a952f40b16e1b,3691.58,142.05,15.441561715,55000,55000
b74ce2a9d74c7cd712509243ed0a952f40b16e1b,3689.79,141.42,15.429110787,54000,54000
b74ce2a9d74c7cd712509243ed0a952f40b16e1b,3686.21,142.14,15.396965251,55000,54000
b74ce2a9d74c7cd712509243ed0a952f40b16e1b,3714.88,143.40,15.510520961,55000,54000
b74ce2a9d74c7cd712509243ed0a952f40b16e1b,3719.00,143.62,15.532795253,54000,54000
b74ce2a9d74c7cd712509243ed0a952f40b16e1b,3695.91,142.76,15.424325087,55000,54000
b74ce2a9d74c7cd712509243ed0a952f40b16e1b,3690.48,142.01,15.414845581,54000,54000
b74ce2a9d74c7cd712509243ed0a952f40b16e1b,3713.41,143.04,15.501691056,54000,54000
b74ce2a9d74c7cd712509243ed0a952f40b16e1b,3698.46,142.31,15.438585358,55000,55000
b74ce2a9d74c7cd712509243ed0a952f40b16e1b,3696.02,142.19,15.441613097,54000,54000
b74ce2a9d74c7cd712509243ed0a952f40b16e1b,3675.89,141.79,15.367285729,54000,54000
b74ce2a9d74c7cd712509243ed0a952f40b16e1b,3703.45,142.48,15.469646480,54000,54000
b74ce2a9d74c7cd712509243ed0a952f40b16e1b,3684.39,142.03,15.385776891,54000,55000
b74ce2a9d74c7cd712509243ed0a952f40b16e1b,3705.00,142.68,15.479465536,55000,55000
b74ce2a9d74c7cd712509243ed0a952f40b16e1b,3679.14,141.21,15.369192610,54000,54000
b74ce2a9d74c7cd712509243ed0a952f40b16e1b,3689.65,142.24,15.403664026,55000,55000
b74ce2a9d74c7cd712509243ed0a952f40b16e1b,3705.57,142.40,15.489480038,54000,54000
b74ce2a9d74c7cd712509243ed0a952f40b16e1b,3703.89,142.37,15.483830860,55000,55000
b74ce2a9d74c7cd712509243ed0a952f40b16e1b,3696.32,141.94,15.436250098,55000,54000
829e9cffe73831964353c6313c937547cda2c9ff,3681.04,141.60,15.374547297,54000,53000
829e9cffe73831964353c6313c937547cda2c9ff,3691.67,141.88,15.398502149,55000,54000
829e9cffe73831964353c6313c937547cda2c9ff,3673.78,141.13,15.324747852,55000,55000
829e9cffe73831964353c6313c937547cda2c9ff,3679.53,141.38,15.366808354,54000,55000
829e9cffe73831964353c6313c937547cda2c9ff,3665.23,140.86,15.307023467,54000,55000
829e9cffe73831964353c6313c937547cda2c9ff,3673.62,141.28,15.338464174,54000,55000
829e9cffe73831964353c6313c937547cda2c9ff,3715.35,142.72,15.520625263,54000,55000
829e9cffe73831964353c6313c937547cda2c9ff,3710.81,142.29,15.501858288,55000,55000
829e9cffe73831964353c6313c937547cda2c9ff,3680.38,141.61,15.361551567,54000,54000
829e9cffe73831964353c6313c937547cda2c9ff,3687.60,141.97,15.391095420,54000,54000
829e9cffe73831964353c6313c937547cda2c9ff,3674.05,141.56,15.328436297,54000,54000
829e9cffe73831964353c6313c937547cda2c9ff,3672.71,141.35,15.340614608,55000,54000
829e9cffe73831964353c6313c937547cda2c9ff,3661.73,140.31,15.319526695,55000,55000
829e9cffe73831964353c6313c937547cda2c9ff,3692.30,143.03,15.382149738,55000,55000
829e9cffe73831964353c6313c937547cda2c9ff,3668.64,141.00,15.319788945,54000,54000
829e9cffe73831964353c6313c937547cda2c9ff,3675.87,142.12,15.343917443,54000,55000
829e9cffe73831964353c6313c937547cda2c9ff,3663.24,141.15,15.290608795,55000,54000
829e9cffe73831964353c6313c937547cda2c9ff,3701.02,143.03,15.436153481,54000,54000
829e9cffe73831964353c6313c937547cda2c9ff,3665.76,140.80,15.317969142,54000,54000
829e9cffe73831964353c6313c937547cda2c9ff,3677.01,141.41,15.364732284,56000,54000
829e9cffe73831964353c6313c937547cda2c9ff,3674.28,141.91,15.333309914,55000,55000
829e9cffe73831964353c6313c937547cda2c9ff,3684.18,142.14,15.387627985,54000,55000
829e9cffe73831964353c6313c937547cda2c9ff,3684.18,141.44,15.392138876,54000,54000
829e9cffe73831964353c6313c937547cda2c9ff,3666.90,141.34,15.324376546,54000,54000
829e9cffe73831964353c6313c937547cda2c9ff,3671.88,141.33,15.312973233,54000,55000
829e9cffe73831964353c6313c937547cda2c9ff,3689.37,142.40,15.399184755,54000,54000
829e9cffe73831964353c6313c937547cda2c9ff,3678.80,141.37,15.340316122,54000,54000
829e9cffe73831964353c6313c937547cda2c9ff,3699.60,142.57,15.441404849,56000,54000
829e9cffe73831964353c6313c937547cda2c9ff,3678.95,141.37,15.358440035,54000,54000
829e9cffe73831964353c6313c937547cda2c9ff,3697.80,142.41,15.427303199,54000,54000
433122cf3e4a01cfb2951ee4355505287ab9bef9,3773.47,144.94,15.744220288,54000,54000
433122cf3e4a01cfb2951ee4355505287ab9bef9,3727.41,143.40,15.522290947,55000,54000
433122cf3e4a01cfb2951ee4355505287ab9bef9,3747.42,144.30,15.608740629,54000,55000
433122cf3e4a01cfb2951ee4355505287ab9bef9,3750.56,144.68,15.622849116,54000,55000
433122cf3e4a01cfb2951ee4355505287ab9bef9,3830.18,147.20,15.979443775,55000,54000
433122cf3e4a01cfb2951ee4355505287ab9bef9,3803.36,146.30,15.885660450,55000,55000
433122cf3e4a01cfb2951ee4355505287ab9bef9,3811.59,146.86,15.892479090,54000,55000
433122cf3e4a01cfb2951ee4355505287ab9bef9,3795.64,146.13,15.824144648,55000,54000
433122cf3e4a01cfb2951ee4355505287ab9bef9,3852.08,148.33,16.056812544,55000,56000
433122cf3e4a01cfb2951ee4355505287ab9bef9,3755.37,144.81,15.663059601,55000,54000
433122cf3e4a01cfb2951ee4355505287ab9bef9,3808.05,146.61,15.877829225,54000,54000
433122cf3e4a01cfb2951ee4355505287ab9bef9,3779.42,145.57,15.761655087,55000,54000
433122cf3e4a01cfb2951ee4355505287ab9bef9,3782.95,146.25,15.762344364,55000,55000
433122cf3e4a01cfb2951ee4355505287ab9bef9,3791.31,145.95,15.812840307,54000,56000
433122cf3e4a01cfb2951ee4355505287ab9bef9,3730.36,143.71,15.552849344,54000,56000
433122cf3e4a01cfb2951ee4355505287ab9bef9,3797.41,146.34,15.834041483,54000,54000
433122cf3e4a01cfb2951ee4355505287ab9bef9,3753.09,144.90,15.615627029,55000,54000
433122cf3e4a01cfb2951ee4355505287ab9bef9,3750.35,145.18,15.614150154,55000,54000
433122cf3e4a01cfb2951ee4355505287ab9bef9,3736.14,144.16,15.568259301,55000,55000
433122cf3e4a01cfb2951ee4355505287ab9bef9,3756.27,144.85,15.668106456,54000,54000
433122cf3e4a01cfb2951ee4355505287ab9bef9,3805.81,146.69,15.844081450,55000,54000
433122cf3e4a01cfb2951ee4355505287ab9bef9,3755.44,145.07,15.676978845,53000,54000
433122cf3e4a01cfb2951ee4355505287ab9bef9,3790.59,146.54,15.791954168,54000,54000
433122cf3e4a01cfb2951ee4355505287ab9bef9,3818.50,146.95,15.933629819,54000,54000
433122cf3e4a01cfb2951ee4355505287ab9bef9,3753.51,144.18,15.646097040,55000,54000
433122cf3e4a01cfb2951ee4355505287ab9bef9,3826.59,147.57,15.955010469,54000,54000
433122cf3e4a01cfb2951ee4355505287ab9bef9,3769.38,144.90,15.727835946,54000,54000
433122cf3e4a01cfb2951ee4355505287ab9bef9,3729.51,143.72,15.532496806,54000,54000
433122cf3e4a01cfb2951ee4355505287ab9bef9,3744.81,143.78,15.615746635,55000,55000
433122cf3e4a01cfb2951ee4355505287ab9bef9,3795.25,146.40,15.813936193,54000,55000
b75c19c58c577c7f8cca9ff03fbe1daaa4365b1e,3861.48,147.93,16.124851167,54000,54000
b75c19c58c577c7f8cca9ff03fbe1daaa4365b1e,3859.01,148.37,16.089966124,54000,54000
b75c19c58c577c7f8cca9ff03fbe1daaa4365b1e,3794.19,145.44,15.826507753,55000,55000
b75c19c58c577c7f8cca9ff03fbe1daaa4365b1e,3835.60,147.43,16.006737738,54000,54000
b75c19c58c577c7f8cca9ff03fbe1daaa4365b1e,3819.91,147.02,15.921856749,55000,55000
b75c19c58c577c7f8cca9ff03fbe1daaa4365b1e,3821.69,146.74,15.935070087,54000,54000
b75c19c58c577c7f8cca9ff03fbe1daaa4365b1e,3857.01,148.10,16.104016042,54000,54000
b75c19c58c577c7f8cca9ff03fbe1daaa4365b1e,3891.00,149.99,16.201040656,55000,55000
b75c19c58c577c7f8cca9ff03fbe1daaa4365b1e,3813.51,146.20,15.917221514,55000,55000
b75c19c58c577c7f8cca9ff03fbe1daaa4365b1e,3817.22,147.22,15.911476671,55000,54000
b75c19c58c577c7f8cca9ff03fbe1daaa4365b1e,3873.22,148.86,16.171694809,55000,54000
b75c19c58c577c7f8cca9ff03fbe1daaa4365b1e,3873.26,148.36,16.161143041,55000,55000
b75c19c58c577c7f8cca9ff03fbe1daaa4365b1e,3799.96,146.12,15.848876605,55000,55000
b75c19c58c577c7f8cca9ff03fbe1daaa4365b1e,3831.74,147.73,15.981248480,54000,55000
b75c19c58c577c7f8cca9ff03fbe1daaa4365b1e,3847.07,148.30,16.042143049,55000,54000
b75c19c58c577c7f8cca9ff03fbe1daaa4365b1e,3813.82,146.98,15.905145998,54000,55000
b75c19c58c577c7f8cca9ff03fbe1daaa4365b1e,3863.14,148.53,16.125246786,55000,55000
b75c19c58c577c7f8cca9ff03fbe1daaa4365b1e,3879.98,149.61,16.183766453,55000,55000
b75c19c58c577c7f8cca9ff03fbe1daaa4365b1e,3798.05,146.09,15.837264290,54000,54000
b75c19c58c577c7f8cca9ff03fbe1daaa4365b1e,3876.93,149.19,16.173335017,54000,54000
b75c19c58c577c7f8cca9ff03fbe1daaa4365b1e,3835.95,147.30,15.992060196,55000,54000
b75c19c58c577c7f8cca9ff03fbe1daaa4365b1e,3839.45,147.93,16.038566312,54000,54000
b75c19c58c577c7f8cca9ff03fbe1daaa4365b1e,3803.28,146.21,15.859324515,54000,53000
b75c19c58c577c7f8cca9ff03fbe1daaa4365b1e,3799.79,146.29,15.851186931,54000,54000
b75c19c58c577c7f8cca9ff03fbe1daaa4365b1e,3797.61,145.94,15.841808475,54000,55000
b75c19c58c577c7f8cca9ff03fbe1daaa4365b1e,3804.11,146.58,15.860813841,55000,55000
b75c19c58c577c7f8cca9ff03fbe1daaa4365b1e,3790.29,145.15,15.814464586,55000,55000
b75c19c58c577c7f8cca9ff03fbe1daaa4365b1e,3847.79,147.95,16.042074588,54000,54000
b75c19c58c577c7f8cca9ff03fbe1daaa4365b1e,3784.12,145.28,15.801601834,54000,54000
b75c19c58c577c7f8cca9ff03fbe1daaa4365b1e,3800.41,145.89,15.859178032,54000,54000
7e870290e43218f5adca546572a4e54a2ce7dd6b,3845.42,147.66,16.032166972,54000,54000
7e870290e43218f5adca546572a4e54a2ce7dd6b,3906.48,149.85,16.294390169,54000,55000
7e870290e43218f5adca546572a4e54a2ce7dd6b,3829.35,147.05,15.957108833,54000,54000
7e870290e43218f5adca546572a4e54a2ce7dd6b,3857.69,148.28,16.100820408,54000,54000
7e870290e43218f5adca546572a4e54a2ce7dd6b,3900.63,149.23,16.270789307,54000,55000
7e870290e43218f5adca546572a4e54a2ce7dd6b,3867.84,147.92,16.130254495,54000,54000
7e870290e43218f5adca546572a4e54a2ce7dd6b,3808.20,145.97,15.879855749,55000,55000
7e870290e43218f5adca546572a4e54a2ce7dd6b,3930.45,150.67,16.400811554,55000,54000
7e870290e43218f5adca546572a4e54a2ce7dd6b,3817.74,146.73,15.920703652,55000,54000
7e870290e43218f5adca546572a4e54a2ce7dd6b,3871.79,148.43,16.166347793,54000,55000
7e870290e43218f5adca546572a4e54a2ce7dd6b,3903.08,149.54,16.284920676,54000,54000
7e870290e43218f5adca546572a4e54a2ce7dd6b,3849.74,147.94,16.044793338,54000,55000
7e870290e43218f5adca546572a4e54a2ce7dd6b,3818.12,146.44,15.918936303,54000,55000
7e870290e43218f5adca546572a4e54a2ce7dd6b,3897.14,149.23,16.256549220,55000,54000
7e870290e43218f5adca546572a4e54a2ce7dd6b,3811.23,146.12,15.890192183,55000,54000
7e870290e43218f5adca546572a4e54a2ce7dd6b,3796.63,145.69,15.827550421,55000,54000
7e870290e43218f5adca546572a4e54a2ce7dd6b,3913.58,150.17,16.327465839,54000,54000
7e870290e43218f5adca546572a4e54a2ce7dd6b,3837.00,147.58,15.998993680,55000,55000
7e870290e43218f5adca546572a4e54a2ce7dd6b,3859.21,147.99,16.092243746,55000,55000
7e870290e43218f5adca546572a4e54a2ce7dd6b,3965.39,152.37,16.544166448,55000,54000
7e870290e43218f5adca546572a4e54a2ce7dd6b,3896.19,149.48,16.234589207,54000,54000
7e870290e43218f5adca546572a4e54a2ce7dd6b,3829.25,146.87,15.957735900,55000,54000
7e870290e43218f5adca546572a4e54a2ce7dd6b,3810.56,146.27,15.894693776,54000,55000
7e870290e43218f5adca546572a4e54a2ce7dd6b,3849.73,147.67,16.050627816,54000,56000
7e870290e43218f5adca546572a4e54a2ce7dd6b,3909.51,149.76,16.299092476,55000,54000
7e870290e43218f5adca546572a4e54a2ce7dd6b,3891.74,149.34,16.213802505,54000,55000
7e870290e43218f5adca546572a4e54a2ce7dd6b,3924.83,150.32,16.351210679,54000,55000
7e870290e43218f5adca546572a4e54a2ce7dd6b,3902.34,149.98,16.259036213,55000,55000
7e870290e43218f5adca546572a4e54a2ce7dd6b,3891.83,149.48,16.216016247,54000,55000
7e870290e43218f5adca546572a4e54a2ce7dd6b,3898.87,149.27,16.273429429,54000,55000
634835bdb918d233776e4a9469a34561406568f3,3911.97,150.42,16.299404642,55000,54000
634835bdb918d233776e4a9469a34561406568f3,3913.25,150.13,16.328689303,54000,54000
634835bdb918d233776e4a9469a34561406568f3,3828.44,146.65,15.961003712,55000,54000
634835bdb918d233776e4a9469a34561406568f3,3863.32,148.14,16.113952288,55000,54000
634835bdb918d233776e4a9469a34561406568f3,3894.80,149.16,16.261356884,54000,54000
634835bdb918d233776e4a9469a34561406568f3,3821.96,146.24,15.940817906,54000,54000
634835bdb918d233776e4a9469a34561406568f3,3886.57,149.27,16.198142356,55000,54000
634835bdb918d233776e4a9469a34561406568f3,3815.88,146.31,15.918164521,55000,55000
634835bdb918d233776e4a9469a34561406568f3,3840.98,148.02,15.990738053,54000,54000
634835bdb918d233776e4a9469a34561406568f3,3847.26,147.96,16.039155463,54000,54000
634835bdb918d233776e4a9469a34561406568f3,3913.46,150.68,16.311432696,54000,54000
634835bdb918d233776e4a9469a34561406568f3,3863.75,148.39,16.111696877,54000,54000
634835bdb918d233776e4a9469a34561406568f3,3915.62,149.72,16.319423570,54000,54000
634835bdb918d233776e4a9469a34561406568f3,3826.05,146.62,15.935633758,56000,55000
634835bdb918d233776e4a9469a34561406568f3,3915.35,150.19,16.321054237,54000,54000
634835bdb918d233776e4a9469a34561406568f3,3891.44,149.02,16.223773083,55000,54000
634835bdb918d233776e4a9469a34561406568f3,3833.70,147.09,15.980278306,54000,55000
634835bdb918d233776e4a9469a34561406568f3,3939.89,151.58,16.431489077,54000,55000
634835bdb918d233776e4a9469a34561406568f3,3901.93,149.85,16.253941615,54000,55000
634835bdb918d233776e4a9469a34561406568f3,3902.82,149.72,16.274850026,54000,55000
634835bdb918d233776e4a9469a34561406568f3,3823.04,146.49,15.954943834,55000,54000
634835bdb918d233776e4a9469a34561406568f3,3816.20,146.28,15.908698918,54000,54000
634835bdb918d233776e4a9469a34561406568f3,3865.40,148.20,16.120562354,54000,55000
634835bdb918d233776e4a9469a34561406568f3,3886.88,149.09,16.211768846,55000,55000
634835bdb918d233776e4a9469a34561406568f3,3924.86,150.44,16.353990330,56000,55000
634835bdb918d233776e4a9469a34561406568f3,3862.46,147.84,16.127619524,55000,55000
634835bdb918d233776e4a9469a34561406568f3,3823.29,146.40,15.936172471,55000,54000
634835bdb918d233776e4a9469a34561406568f3,3852.22,147.97,16.029782578,55000,55000
634835bdb918d233776e4a9469a34561406568f3,3898.80,149.42,16.254525136,55000,54000
634835bdb918d233776e4a9469a34561406568f3,3908.58,150.02,16.298326100,54000,55000
7af0d7d8daf5c555cd65b202664a2c970be4479e,3972.78,152.49,16.579493030,54000,54000
7af0d7d8daf5c555cd65b202664a2c970be4479e,3939.69,151.17,16.420693209,54000,54000
7af0d7d8daf5c555cd65b202664a2c970be4479e,3988.21,153.47,16.611649730,54000,54000
7af0d7d8daf5c555cd65b202664a2c970be4479e,3997.95,153.37,16.679171903,54000,54000
7af0d7d8daf5c555cd65b202664a2c970be4479e,3931.08,150.95,16.390588228,54000,55000
7af0d7d8daf5c555cd65b202664a2c970be4479e,4010.57,153.75,16.747110738,54000,54000
7af0d7d8daf5c555cd65b202664a2c970be4479e,4016.92,154.22,16.781353266,55000,54000
7af0d7d8daf5c555cd65b202664a2c970be4479e,3937.46,151.12,16.438296630,55000,54000
7af0d7d8daf5c555cd65b202664a2c970be4479e,3906.38,150.28,16.295990722,55000,55000
7af0d7d8daf5c555cd65b202664a2c970be4479e,4000.84,153.81,16.698007798,54000,55000
7af0d7d8daf5c555cd65b202664a2c970be4479e,3899.04,150.02,16.270485594,54000,54000
7af0d7d8daf5c555cd65b202664a2c970be4479e,4007.24,153.91,16.734611729,54000,55000
7af0d7d8daf5c555cd65b202664a2c970be4479e,3946.93,151.55,16.468114252,54000,54000
7af0d7d8daf5c555cd65b202664a2c970be4479e,3922.86,151.18,16.363173099,55000,55000
7af0d7d8daf5c555cd65b202664a2c970be4479e,3929.75,151.46,16.395261442,54000,54000
7af0d7d8daf5c555cd65b202664a2c970be4479e,3999.10,154.35,16.680834220,54000,54000
7af0d7d8daf5c555cd65b202664a2c970be4479e,3921.46,150.96,16.363081829,54000,55000
7af0d7d8daf5c555cd65b202664a2c970be4479e,3907.52,150.19,16.301999273,54000,55000
7af0d7d8daf5c555cd65b202664a2c970be4479e,3983.45,153.01,16.626668032,54000,54000
7af0d7d8daf5c555cd65b202664a2c970be4479e,3920.70,150.78,16.357724175,55000,54000
7af0d7d8daf5c555cd65b202664a2c970be4479e,3989.06,153.48,16.627622952,54000,55000
7af0d7d8daf5c555cd65b202664a2c970be4479e,3978.40,153.67,16.615970435,54000,55000
7af0d7d8daf5c555cd65b202664a2c970be4479e,3971.73,152.58,16.577041666,54000,54000
7af0d7d8daf5c555cd65b202664a2c970be4479e,4001.17,154.45,16.695801152,54000,54000
7af0d7d8daf5c555cd65b202664a2c970be4479e,4001.40,153.59,16.692655917,55000,55000
7af0d7d8daf5c555cd65b202664a2c970be4479e,3968.23,152.53,16.570738447,54000,55000
7af0d7d8daf5c555cd65b202664a2c970be4479e,3995.33,153.19,16.681334041,55000,55000
7af0d7d8daf5c555cd65b202664a2c970be4479e,3901.83,149.79,16.290067644,54000,55000
7af0d7d8daf5c555cd65b202664a2c970be4479e,3926.89,150.76,16.371476447,54000,54000
7af0d7d8daf5c555cd65b202664a2c970be4479e,3957.32,151.53,16.542103172,54000,54000
