commit,energy-pkg,energy-ram,seconds,temp_before,temp_after
66938d659e6d6e52ab020501bfe703cdf714a213,5527.12,215.50,22.935174116,54000,53000
6f6e22edf8bf41f0542c5b349a79bc2df5819532,5551.59,218.42,23.007990827,54000,54000
b17e1883739e45eaf282b8ead722245ced8272ba,5848.00,230.19,24.040280770,54000,54000
8fab2b00a7cc23f398e7a285a163ddcabd8475ad,5446.79,213.24,22.614395830,54000,54000
499db0ebda8a4e4cc2506dca35d38ca6ed53a38e,6643.09,257.87,27.634292128,54000,54000
40db54a636473e0d42ca6d46f69c8224759f1299,6409.05,249.22,26.664627303,54000,54000
1c774e1b0dbe0329fb522db59351a5a80a405fd7,6586.84,256.63,27.415507293,55000,54000
f3807492bd0f54511cf70f0ace6fcd52541ea414,4261.25,167.11,17.654400294,54000,54000
6d74decd3226bcc607564ccef62bc97c540162af,6653.11,260.35,27.687342836,54000,54000
65c5342f55ecbade28998e8f13945b25477193f4,6552.42,257.27,27.240648902,54000,54000
53836693216766b13b5d6beacfd562c4d45cae8e,5639.11,222.08,23.384515157,54000,54000
31de45dd9557168442f4e557f062c360bbc0782e,5500.33,215.77,22.859282998,54000,54000
1c4a7dc1ab4386e34107ce69f215abb5027bae15,6372.76,248.71,26.517465515,54000,54000
ce0a96abf0ddde737549cdbb1d068d72ad02ebf0,4270.60,167.39,17.707087831,54000,54000
2328311c7c86015f4e24cea36623d4a8ad0e63b2,4334.91,170.80,17.965076140,54000,54000
01bb0b1f6e0905abb9b1d3c5d6f865c7fbe0762f,6752.25,264.14,28.096291120,54000,54000
2710d1b37cee47dc88cc00ba7c4920ede0fdde79,8444.50,328.89,35.068825883,54000,54000
b616428305a308150e7100c0704337a3d69da86f,8509.34,331.57,35.383498620,54000,54000
50442f833b4ea4bc346d8f15f8a7f5fbd079c772,5470.72,212.82,22.741706036,54000,55000
bc9ff6ba5b397047819af2307e6295c885911117,6382.30,248.82,26.563869352,54000,54000
66938d659e6d6e52ab020501bfe703cdf714a213,5502.70,214.76,22.890840603,54000,54000
6f6e22edf8bf41f0542c5b349a79bc2df5819532,5564.94,219.16,23.092834443,54000,54000
b17e1883739e45eaf282b8ead722245ced8272ba,5904.36,232.12,24.384044849,54000,54000
8fab2b00a7cc23f398e7a285a163ddcabd8475ad,5494.65,214.68,22.896591685,54000,54000
499db0ebda8a4e4cc2506dca35d38ca6ed53a38e,6834.88,268.43,28.582269334,54000,54000
40db54a636473e0d42ca6d46f69c8224759f1299,6675.87,262.68,27.919294631,54000,54000
1c774e1b0dbe0329fb522db59351a5a80a405fd7,6628.78,259.15,27.697732096,54000,54000
f3807492bd0f54511cf70f0ace6fcd52541ea414,4231.78,166.12,17.610510551,54000,54000
6d74decd3226bcc607564ccef62bc97c540162af,6557.37,256.29,27.404956358,54000,55000
65c5342f55ecbade28998e8f13945b25477193f4,6391.04,248.80,26.651804536,54000,54000
53836693216766b13b5d6beacfd562c4d45cae8e,5685.36,224.15,23.688700232,54000,54000
31de45dd9557168442f4e557f062c360bbc0782e,5513.94,215.32,22.961891798,55000,54000
1c4a7dc1ab4386e34107ce69f215abb5027bae15,6311.48,246.93,26.317741382,54000,54000
ce0a96abf0ddde737549cdbb1d068d72ad02ebf0,4221.35,164.93,17.518186776,55000,54000
2328311c7c86015f4e24cea36623d4a8ad0e63b2,4246.94,167.11,17.656708346,54000,54000
01bb0b1f6e0905abb9b1d3c5d6f865c7fbe0762f,6555.59,255.59,27.368559826,54000,54000
2710d1b37cee47dc88cc00ba7c4920ede0fdde79,8343.25,326.30,34.841244551,54000,54000
b616428305a308150e7100c0704337a3d69da86f,8411.43,326.35,35.109994969,54000,54000
50442f833b4ea4bc346d8f15f8a7f5fbd079c772,5486.22,214.01,22.900502254,54000,54000
bc9ff6ba5b397047819af2307e6295c885911117,6366.44,248.62,26.588450694,54000,54000
66938d659e6d6e52ab020501bfe703cdf714a213,5545.62,218.17,23.144405763,54000,54000
6f6e22edf8bf41f0542c5b349a79bc2df5819532,5573.53,218.69,23.190953395,54000,55000
b17e1883739e45eaf282b8ead722245ced8272ba,5859.76,231.91,24.168184968,54000,54000
8fab2b00a7cc23f398e7a285a163ddcabd8475ad,5450.18,213.89,22.720737159,54000,54000
499db0ebda8a4e4cc2506dca35d38ca6ed53a38e,6744.64,262.02,28.150907733,54000,54000
40db54a636473e0d42ca6d46f69c8224759f1299,6408.18,249.44,26.734497002,54000,54000
1c774e1b0dbe0329fb522db59351a5a80a405fd7,6576.37,256.79,27.435317946,54000,54000
f3807492bd0f54511cf70f0ace6fcd52541ea414,4275.53,168.14,17.752218315,54000,54000
6d74decd3226bcc607564ccef62bc97c540162af,6546.67,254.77,27.340794720,54000,54000
65c5342f55ecbade28998e8f13945b25477193f4,6419.64,251.29,26.762850314,55000,54000
53836693216766b13b5d6beacfd562c4d45cae8e,5532.19,215.98,22.985516304,55000,54000
31de45dd9557168442f4e557f062c360bbc0782e,5497.95,215.37,22.925217250,54000,54000
1c4a7dc1ab4386e34107ce69f215abb5027bae15,6387.79,250.09,26.690805216,54000,55000
ce0a96abf0ddde737549cdbb1d068d72ad02ebf0,4201.01,165.00,17.474158846,54000,55000
2328311c7c86015f4e24cea36623d4a8ad0e63b2,4296.01,169.02,17.856463784,54000,54000
01bb0b1f6e0905abb9b1d3c5d6f865c7fbe0762f,6402.25,248.91,26.739937418,54000,54000
2710d1b37cee47dc88cc00ba7c4920ede0fdde79,8494.57,331.47,35.441712390,54000,54000
b616428305a308150e7100c0704337a3d69da86f,8426.75,327.91,35.190691543,54000,54000
50442f833b4ea4bc346d8f15f8a7f5fbd079c772,5426.45,212.34,22.705219665,54000,53000
bc9ff6ba5b397047819af2307e6295c885911117,6380.42,250.10,26.642940445,54000,54000
66938d659e6d6e52ab020501bfe703cdf714a213,5519.79,216.56,23.003564169,54000,54000
6f6e22edf8bf41f0542c5b349a79bc2df5819532,5564.29,218.74,23.171766654,54000,54000
b17e1883739e45eaf282b8ead722245ced8272ba,5932.13,234.46,24.488812320,54000,54000
8fab2b00a7cc23f398e7a285a163ddcabd8475ad,5489.75,215.38,22.865638517,54000,54000
499db0ebda8a4e4cc2506dca35d38ca6ed53a38e,6603.54,257.96,27.524181037,53000,54000
40db54a636473e0d42ca6d46f69c8224759f1299,6510.07,253.64,27.142091744,54000,54000
1c774e1b0dbe0329fb522db59351a5a80a405fd7,6535.39,255.86,27.272303622,53000,54000
f3807492bd0f54511cf70f0ace6fcd52541ea414,4289.95,169.35,17.836278471,54000,54000
6d74decd3226bcc607564ccef62bc97c540162af,6517.61,253.32,27.244694455,54000,55000
65c5342f55ecbade28998e8f13945b25477193f4,6523.38,256.07,27.267209325,54000,54000
53836693216766b13b5d6beacfd562c4d45cae8e,5591.42,220.28,23.299278978,54000,54000
31de45dd9557168442f4e557f062c360bbc0782e,5391.09,212.42,22.476230898,54000,54000
1c4a7dc1ab4386e34107ce69f215abb5027bae15,6419.11,251.13,26.840863928,54000,54000
ce0a96abf0ddde737549cdbb1d068d72ad02ebf0,4211.63,165.74,17.547488584,53000,54000
2328311c7c86015f4e24cea36623d4a8ad0e63b2,4270.65,167.62,17.790623649,54000,54000
01bb0b1f6e0905abb9b1d3c5d6f865c7fbe0762f,6441.89,252.38,26.912544494,54000,54000
2710d1b37cee47dc88cc00ba7c4920ede0fdde79,8421.06,328.15,35.141481594,53000,54000
b616428305a308150e7100c0704337a3d69da86f,8577.69,333.65,35.804511760,54000,54000
50442f833b4ea4bc346d8f15f8a7f5fbd079c772,5378.31,209.84,22.397104394,54000,54000
bc9ff6ba5b397047819af2307e6295c885911117,6519.92,255.20,27.212593624,54000,54000
66938d659e6d6e52ab020501bfe703cdf714a213,5558.84,217.04,23.210193012,54000,54000
6f6e22edf8bf41f0542c5b349a79bc2df5819532,5619.73,221.90,23.384101150,54000,54000
b17e1883739e45eaf282b8ead722245ced8272ba,5855.75,230.56,24.188404723,54000,54000
8fab2b00a7cc23f398e7a285a163ddcabd8475ad,5434.77,212.49,22.656963630,55000,53000
499db0ebda8a4e4cc2506dca35d38ca6ed53a38e,6557.39,256.29,27.404836518,54000,54000
40db54a636473e0d42ca6d46f69c8224759f1299,6341.21,247.27,26.493913712,54000,54000
1c774e1b0dbe0329fb522db59351a5a80a405fd7,6599.81,258.38,27.556591954,54000,54000
f3807492bd0f54511cf70f0ace6fcd52541ea414,4242.02,167.43,17.655275758,54000,54000
6d74decd3226bcc607564ccef62bc97c540162af,6541.98,256.24,27.308097109,54000,54000
65c5342f55ecbade28998e8f13945b25477193f4,6502.30,256.60,27.101285212,54000,54000
53836693216766b13b5d6beacfd562c4d45cae8e,5714.59,223.91,23.756460081,54000,54000
31de45dd9557168442f4e557f062c360bbc0782e,5528.31,216.04,22.990973603,54000,54000
1c4a7dc1ab4386e34107ce69f215abb5027bae15,6320.60,245.85,26.364244725,54000,54000
ce0a96abf0ddde737549cdbb1d068d72ad02ebf0,4299.94,168.30,17.863063663,54000,54000
2328311c7c86015f4e24cea36623d4a8ad0e63b2,4264.10,167.89,17.719733379,54000,54000
01bb0b1f6e0905abb9b1d3c5d6f865c7fbe0762f,6511.65,254.26,27.187651888,54000,54000
2710d1b37cee47dc88cc00ba7c4920ede0fdde79,8421.78,326.26,35.113084954,54000,54000
b616428305a308150e7100c0704337a3d69da86f,8406.28,326.74,35.057866447,54000,54000
50442f833b4ea4bc346d8f15f8a7f5fbd079c772,5472.36,213.69,22.833575569,54000,54000
bc9ff6ba5b397047819af2307e6295c885911117,6415.77,250.75,26.823755697,54000,54000
66938d659e6d6e52ab020501bfe703cdf714a213,5491.15,214.55,22.941084391,54000,54000
6f6e22edf8bf41f0542c5b349a79bc2df5819532,5624.90,221.15,23.445238272,54000,54000
b17e1883739e45eaf282b8ead722245ced8272ba,6004.82,237.37,24.789200623,54000,54000
8fab2b00a7cc23f398e7a285a163ddcabd8475ad,5473.34,213.33,22.829088137,54000,54000
499db0ebda8a4e4cc2506dca35d38ca6ed53a38e,6789.41,263.71,28.353201035,54000,54000
40db54a636473e0d42ca6d46f69c8224759f1299,6362.58,247.37,26.538624195,54000,54000
1c774e1b0dbe0329fb522db59351a5a80a405fd7,6545.11,254.73,27.317104123,54000,54000
f3807492bd0f54511cf70f0ace6fcd52541ea414,4366.97,170.81,18.119159239,54000,54000
6d74decd3226bcc607564ccef62bc97c540162af,6433.22,251.38,26.854504692,54000,54000
65c5342f55ecbade28998e8f13945b25477193f4,6443.04,250.88,26.915763312,54000,54000
53836693216766b13b5d6beacfd562c4d45cae8e,5504.58,214.29,22.880356125,54000,53000
31de45dd9557168442f4e557f062c360bbc0782e,5463.90,213.16,22.806585041,53000,54000
1c4a7dc1ab4386e34107ce69f215abb5027bae15,6256.65,244.11,26.144481182,54000,54000
ce0a96abf0ddde737549cdbb1d068d72ad02ebf0,4199.56,163.84,17.503287097,54000,54000
2328311c7c86015f4e24cea36623d4a8ad0e63b2,4306.28,168.88,17.925840867,54000,54000
01bb0b1f6e0905abb9b1d3c5d6f865c7fbe0762f,6493.91,252.56,27.190461996,54000,54000
2710d1b37cee47dc88cc00ba7c4920ede0fdde79,8607.92,335.12,35.997802012,54000,54000
b616428305a308150e7100c0704337a3d69da86f,8523.43,332.77,35.601473892,54000,54000
50442f833b4ea4bc346d8f15f8a7f5fbd079c772,5432.06,213.71,22.690316575,54000,54000
bc9ff6ba5b397047819af2307e6295c885911117,6390.26,249.13,26.689537601,53000,54000
66938d659e6d6e52ab020501bfe703cdf714a213,5667.39,222.62,23.654512104,54000,54000
6f6e22edf8bf41f0542c5b349a79bc2df5819532,5648.49,222.25,23.484084257,54000,54000
b17e1883739e45eaf282b8ead722245ced8272ba,5953.15,234.75,24.591663069,54000,55000
8fab2b00a7cc23f398e7a285a163ddcabd8475ad,5533.32,215.30,23.048011115,54000,54000
499db0ebda8a4e4cc2506dca35d38ca6ed53a38e,6721.88,261.32,28.052344489,54000,54000
40db54a636473e0d42ca6d46f69c8224759f1299,6355.57,247.93,26.525337657,54000,54000
1c774e1b0dbe0329fb522db59351a5a80a405fd7,6565.02,256.38,27.452616857,54000,54000
f3807492bd0f54511cf70f0ace6fcd52541ea414,4237.76,165.99,17.673683800,54000,54000
6d74decd3226bcc607564ccef62bc97c540162af,6590.44,256.88,27.678526250,54000,54000
65c5342f55ecbade28998e8f13945b25477193f4,6601.91,258.22,27.646465004,54000,54000
53836693216766b13b5d6beacfd562c4d45cae8e,5707.00,225.02,23.775986709,54000,54000
31de45dd9557168442f4e557f062c360bbc0782e,5461.02,213.12,22.795477528,54000,54000
1c4a7dc1ab4386e34107ce69f215abb5027bae15,6317.05,245.59,26.413718492,54000,54000
ce0a96abf0ddde737549cdbb1d068d72ad02ebf0,4214.63,164.34,17.560534010,54000,54000
2328311c7c86015f4e24cea36623d4a8ad0e63b2,4299.75,168.88,17.944836594,54000,54000
01bb0b1f6e0905abb9b1d3c5d6f865c7fbe0762f,6498.19,252.40,27.183970395,54000,54000
2710d1b37cee47dc88cc00ba7c4920ede0fdde79,8375.94,324.70,34.984232099,54000,54000
b616428305a308150e7100c0704337a3d69da86f,8460.99,327.93,35.353488175,54000,54000
50442f833b4ea4bc346d8f15f8a7f5fbd079c772,5459.89,212.28,22.763061491,54000,54000
bc9ff6ba5b397047819af2307e6295c885911117,6417.85,250.13,26.782844273,54000,54000
66938d659e6d6e52ab020501bfe703cdf714a213,5454.66,213.25,22.787898897,54000,54000
6f6e22edf8bf41f0542c5b349a79bc2df5819532,5504.10,215.69,22.932704532,54000,54000
b17e1883739e45eaf282b8ead722245ced8272ba,6007.13,236.87,24.839374703,54000,54000
8fab2b00a7cc23f398e7a285a163ddcabd8475ad,5453.10,213.69,22.776832368,54000,54000
499db0ebda8a4e4cc2506dca35d38ca6ed53a38e,6666.09,260.70,27.839700367,55000,54000
40db54a636473e0d42ca6d46f69c8224759f1299,6344.94,246.88,26.504073800,54000,54000
1c774e1b0dbe0329fb522db59351a5a80a405fd7,6562.12,256.35,27.428788815,55000,54000
f3807492bd0f54511cf70f0ace6fcd52541ea414,4272.03,166.92,17.779626865,54000,55000
6d74decd3226bcc607564ccef62bc97c540162af,6502.31,252.48,27.156920458,54000,54000
65c5342f55ecbade28998e8f13945b25477193f4,6440.27,252.08,26.873692798,54000,54000
53836693216766b13b5d6beacfd562c4d45cae8e,5717.96,223.05,23.783902671,54000,54000
31de45dd9557168442f4e557f062c360bbc0782e,5615.06,218.96,23.387320782,54000,54000
1c4a7dc1ab4386e34107ce69f215abb5027bae15,6367.29,247.30,26.558785706,55000,54000
ce0a96abf0ddde737549cdbb1d068d72ad02ebf0,4256.27,166.75,17.681377083,54000,54000
2328311c7c86015f4e24cea36623d4a8ad0e63b2,4246.68,166.75,17.649767214,54000,55000
01bb0b1f6e0905abb9b1d3c5d6f865c7fbe0762f,6515.77,253.70,27.209820031,54000,54000
2710d1b37cee47dc88cc00ba7c4920ede0fdde79,8449.89,327.91,35.304947570,54000,53000
b616428305a308150e7100c0704337a3d69da86f,8341.64,324.37,34.870173462,54000,53000
50442f833b4ea4bc346d8f15f8a7f5fbd079c772,5581.12,219.39,23.308988689,54000,54000
bc9ff6ba5b397047819af2307e6295c885911117,6468.63,253.82,27.016723741,54000,55000
66938d659e6d6e52ab020501bfe703cdf714a213,5389.19,209.60,22.520914464,54000,54000
6f6e22edf8bf41f0542c5b349a79bc2df5819532,5509.19,216.03,22.916375966,54000,55000
b17e1883739e45eaf282b8ead722245ced8272ba,5869.36,232.23,24.204707920,54000,54000
8fab2b00a7cc23f398e7a285a163ddcabd8475ad,5484.96,215.46,22.850212595,54000,54000
499db0ebda8a4e4cc2506dca35d38ca6ed53a38e,6771.32,262.80,28.263772126,54000,54000
40db54a636473e0d42ca6d46f69c8224759f1299,6392.42,249.70,26.666985525,53000,54000
1c774e1b0dbe0329fb522db59351a5a80a405fd7,6563.76,256.34,27.379688161,54000,54000
f3807492bd0f54511cf70f0ace6fcd52541ea414,4267.09,166.79,17.729378291,54000,54000
6d74decd3226bcc607564ccef62bc97c540162af,6552.36,256.15,27.366200175,54000,54000
65c5342f55ecbade28998e8f13945b25477193f4,6376.34,249.15,26.574441118,54000,54000
53836693216766b13b5d6beacfd562c4d45cae8e,5532.74,216.21,22.984319010,54000,54000
31de45dd9557168442f4e557f062c360bbc0782e,5546.05,217.10,23.096515833,54000,54000
1c4a7dc1ab4386e34107ce69f215abb5027bae15,6477.62,254.33,27.023202803,55000,54000
ce0a96abf0ddde737549cdbb1d068d72ad02ebf0,4261.35,167.49,17.697033549,54000,53000
2328311c7c86015f4e24cea36623d4a8ad0e63b2,4204.67,164.97,17.463027039,54000,54000
01bb0b1f6e0905abb9b1d3c5d6f865c7fbe0762f,6462.05,251.05,26.954027071,54000,54000
2710d1b37cee47dc88cc00ba7c4920ede0fdde79,8383.97,327.42,34.972812739,54000,54000
b616428305a308150e7100c0704337a3d69da86f,8771.28,341.70,36.617849252,54000,54000
50442f833b4ea4bc346d8f15f8a7f5fbd079c772,5491.57,214.26,22.838424122,54000,54000
bc9ff6ba5b397047819af2307e6295c885911117,6434.22,253.63,26.779139696,55000,54000
66938d659e6d6e52ab020501bfe703cdf714a213,5525.61,214.89,22.988998717,54000,54000
6f6e22edf8bf41f0542c5b349a79bc2df5819532,5599.07,218.11,23.250670627,54000,54000
b17e1883739e45eaf282b8ead722245ced8272ba,5955.80,235.55,24.492045035,54000,55000
8fab2b00a7cc23f398e7a285a163ddcabd8475ad,5451.22,212.39,22.673078689,55000,54000
499db0ebda8a4e4cc2506dca35d38ca6ed53a38e,6786.85,263.68,28.274306002,54000,55000
40db54a636473e0d42ca6d46f69c8224759f1299,6422.54,249.37,26.807503795,55000,54000
1c774e1b0dbe0329fb522db59351a5a80a405fd7,6632.37,258.48,27.741216275,55000,54000
f3807492bd0f54511cf70f0ace6fcd52541ea414,4286.68,168.32,17.845176140,55000,54000
6d74decd3226bcc607564ccef62bc97c540162af,6505.47,253.93,27.179792031,54000,54000
65c5342f55ecbade28998e8f13945b25477193f4,6391.47,248.78,26.669918823,54000,54000
53836693216766b13b5d6beacfd562c4d45cae8e,5543.84,216.56,23.052235446,54000,54000
31de45dd9557168442f4e557f062c360bbc0782e,5530.16,215.80,23.015076018,54000,54000
1c4a7dc1ab4386e34107ce69f215abb5027bae15,6395.18,248.07,26.695609643,54000,54000
ce0a96abf0ddde737549cdbb1d068d72ad02ebf0,4261.91,166.68,17.706503438,55000,55000
2328311c7c86015f4e24cea36623d4a8ad0e63b2,4303.28,169.15,17.878686864,54000,55000
01bb0b1f6e0905abb9b1d3c5d6f865c7fbe0762f,6604.06,258.39,27.545632297,55000,55000
2710d1b37cee47dc88cc00ba7c4920ede0fdde79,8633.04,336.53,35.955970860,55000,54000
b616428305a308150e7100c0704337a3d69da86f,8396.26,324.78,35.006284762,54000,54000
50442f833b4ea4bc346d8f15f8a7f5fbd079c772,5472.41,213.48,22.783997990,54000,54000
bc9ff6ba5b397047819af2307e6295c885911117,6443.86,253.52,26.859187785,54000,54000
66938d659e6d6e52ab020501bfe703cdf714a213,5402.02,211.53,22.478467526,54000,54000
6f6e22edf8bf41f0542c5b349a79bc2df5819532,5752.42,226.34,23.959902441,54000,54000
b17e1883739e45eaf282b8ead722245ced8272ba,5871.60,230.88,24.237978664,54000,54000
8fab2b00a7cc23f398e7a285a163ddcabd8475ad,5509.40,213.85,22.942851425,54000,54000
499db0ebda8a4e4cc2506dca35d38ca6ed53a38e,6595.64,254.74,27.521895356,54000,54000
40db54a636473e0d42ca6d46f69c8224759f1299,6451.64,251.56,26.894874155,54000,54000
1c774e1b0dbe0329fb522db59351a5a80a405fd7,6683.59,261.08,27.898036226,54000,54000
f3807492bd0f54511cf70f0ace6fcd52541ea414,4248.82,165.78,17.643289498,54000,54000
6d74decd3226bcc607564ccef62bc97c540162af,6548.33,253.90,27.305776083,54000,55000
65c5342f55ecbade28998e8f13945b25477193f4,6358.19,248.29,26.496144073,55000,54000
53836693216766b13b5d6beacfd562c4d45cae8e,5590.94,218.31,23.220967765,54000,54000
31de45dd9557168442f4e557f062c360bbc0782e,5519.54,214.84,22.968816265,54000,54000
1c4a7dc1ab4386e34107ce69f215abb5027bae15,6443.99,250.68,26.889389728,54000,55000
ce0a96abf0ddde737549cdbb1d068d72ad02ebf0,4260.17,166.46,17.709635929,54000,54000
2328311c7c86015f4e24cea36623d4a8ad0e63b2,4237.06,165.82,17.633092238,54000,54000
01bb0b1f6e0905abb9b1d3c5d6f865c7fbe0762f,6582.99,258.61,27.500300815,54000,54000
2710d1b37cee47dc88cc00ba7c4920ede0fdde79,8509.69,332.11,35.481903093,54000,54000
b616428305a308150e7100c0704337a3d69da86f,8462.85,329.24,35.341347867,54000,54000
50442f833b4ea4bc346d8f15f8a7f5fbd079c772,5466.24,215.27,22.813033027,54000,54000
bc9ff6ba5b397047819af2307e6295c885911117,6354.59,249.22,26.516231664,54000,54000
66938d659e6d6e52ab020501bfe703cdf714a213,5523.24,216.30,22.996545248,54000,54000
6f6e22edf8bf41f0542c5b349a79bc2df5819532,5635.03,221.20,23.424447043,54000,54000
b17e1883739e45eaf282b8ead722245ced8272ba,5918.03,233.83,24.387657158,54000,54000
8fab2b00a7cc23f398e7a285a163ddcabd8475ad,5530.78,215.44,23.049146363,54000,54000
499db0ebda8a4e4cc2506dca35d38ca6ed53a38e,6670.88,258.95,27.797741524,54000,54000
40db54a636473e0d42ca6d46f69c8224759f1299,6516.75,254.36,27.173446639,54000,54000
1c774e1b0dbe0329fb522db59351a5a80a405fd7,6569.89,256.37,27.388770890,54000,54000
f3807492bd0f54511cf70f0ace6fcd52541ea414,4289.23,167.53,17.800088678,54000,54000
6d74decd3226bcc607564ccef62bc97c540162af,6498.56,254.24,27.101575368,54000,54000
65c5342f55ecbade28998e8f13945b25477193f4,6477.79,252.89,27.015649701,54000,54000
53836693216766b13b5d6beacfd562c4d45cae8e,5482.02,215.93,22.801173218,54000,54000
31de45dd9557168442f4e557f062c360bbc0782e,5489.35,214.49,22.848040555,54000,54000
1c4a7dc1ab4386e34107ce69f215abb5027bae15,6447.78,253.23,26.911333077,54000,54000
ce0a96abf0ddde737549cdbb1d068d72ad02ebf0,4420.62,174.41,18.306782301,54000,54000
2328311c7c86015f4e24cea36623d4a8ad0e63b2,4368.23,171.09,18.126633076,54000,54000
01bb0b1f6e0905abb9b1d3c5d6f865c7fbe0762f,6586.11,256.78,27.483343246,55000,54000
2710d1b37cee47dc88cc00ba7c4920ede0fdde79,8337.26,325.45,34.696420934,54000,54000
b616428305a308150e7100c0704337a3d69da86f,8560.61,333.67,35.674545156,55000,54000
50442f833b4ea4bc346d8f15f8a7f5fbd079c772,5528.01,215.24,23.000746702,54000,55000
bc9ff6ba5b397047819af2307e6295c885911117,6456.37,252.06,26.874737944,54000,54000
66938d659e6d6e52ab020501bfe703cdf714a213,5504.92,214.42,22.891491332,54000,54000
6f6e22edf8bf41f0542c5b349a79bc2df5819532,5529.85,216.71,22.953094285,54000,54000
b17e1883739e45eaf282b8ead722245ced8272ba,6193.50,244.23,25.563330552,54000,54000
8fab2b00a7cc23f398e7a285a163ddcabd8475ad,5450.18,212.63,22.690140766,54000,54000
499db0ebda8a4e4cc2506dca35d38ca6ed53a38e,6798.10,264.86,28.354528959,54000,54000
40db54a636473e0d42ca6d46f69c8224759f1299,6443.24,251.48,26.919150626,54000,55000
1c774e1b0dbe0329fb522db59351a5a80a405fd7,6541.89,255.18,27.374900527,54000,54000
f3807492bd0f54511cf70f0ace6fcd52541ea414,4239.45,166.61,17.687671130,54000,54000
6d74decd3226bcc607564ccef62bc97c540162af,6480.17,253.90,27.096092991,54000,54000
65c5342f55ecbade28998e8f13945b25477193f4,6422.89,251.96,26.803341391,54000,54000
53836693216766b13b5d6beacfd562c4d45cae8e,5662.01,222.11,23.559608039,54000,55000
31de45dd9557168442f4e557f062c360bbc0782e,5496.98,216.09,22.872340737,54000,54000
1c4a7dc1ab4386e34107ce69f215abb5027bae15,6394.23,248.05,26.662281148,54000,54000
ce0a96abf0ddde737549cdbb1d068d72ad02ebf0,4252.43,165.90,17.669071362,54000,54000
2328311c7c86015f4e24cea36623d4a8ad0e63b2,4179.15,162.33,17.351780945,55000,55000
01bb0b1f6e0905abb9b1d3c5d6f865c7fbe0762f,6465.06,252.40,26.944605360,54000,54000
2710d1b37cee47dc88cc00ba7c4920ede0fdde79,8341.56,323.50,34.760909599,54000,54000
b616428305a308150e7100c0704337a3d69da86f,8612.01,336.51,35.935894370,54000,54000
50442f833b4ea4bc346d8f15f8a7f5fbd079c772,5397.64,210.07,22.522830437,54000,54000
bc9ff6ba5b397047819af2307e6295c885911117,6406.35,250.30,26.750279511,54000,54000
66938d659e6d6e52ab020501bfe703cdf714a213,5509.90,216.72,22.989897165,54000,54000
6f6e22edf8bf41f0542c5b349a79bc2df5819532,5532.58,216.62,23.025292383,54000,54000
b17e1883739e45eaf282b8ead722245ced8272ba,5873.48,231.34,24.242517129,54000,54000
8fab2b00a7cc23f398e7a285a163ddcabd8475ad,5466.16,214.07,22.813184739,54000,54000
499db0ebda8a4e4cc2506dca35d38ca6ed53a38e,6568.97,255.06,27.447761459,54000,54000
40db54a636473e0d42ca6d46f69c8224759f1299,6369.03,248.59,26.635501374,54000,54000
1c774e1b0dbe0329fb522db59351a5a80a405fd7,6577.86,257.37,27.475936227,53000,54000
f3807492bd0f54511cf70f0ace6fcd52541ea414,4241.99,165.78,17.633245277,54000,54000
6d74decd3226bcc607564ccef62bc97c540162af,6490.77,251.58,27.104092818,54000,54000
65c5342f55ecbade28998e8f13945b25477193f4,6463.39,251.84,26.952154278,55000,54000
53836693216766b13b5d6beacfd562c4d45cae8e,5676.73,221.91,23.618520565,54000,54000
31de45dd9557168442f4e557f062c360bbc0782e,5487.88,215.75,22.860131290,54000,54000
1c4a7dc1ab4386e34107ce69f215abb5027bae15,6313.68,246.03,26.333967198,54000,54000
ce0a96abf0ddde737549cdbb1d068d72ad02ebf0,4241.02,165.75,17.625622199,54000,54000
2328311c7c86015f4e24cea36623d4a8ad0e63b2,4245.59,167.36,17.660049615,54000,54000
01bb0b1f6e0905abb9b1d3c5d6f865c7fbe0762f,6484.35,252.79,27.082026040,54000,54000
2710d1b37cee47dc88cc00ba7c4920ede0fdde79,8497.71,329.82,35.453787435,54000,54000
b616428305a308150e7100c0704337a3d69da86f,8440.10,328.45,35.269052011,54000,54000
50442f833b4ea4bc346d8f15f8a7f5fbd079c772,5477.84,213.90,22.858565663,54000,54000
bc9ff6ba5b397047819af2307e6295c885911117,6344.91,248.22,26.479739576,54000,54000
66938d659e6d6e52ab020501bfe703cdf714a213,5479.73,213.45,22.860183176,54000,54000
6f6e22edf8bf41f0542c5b349a79bc2df5819532,5564.21,217.88,23.169696068,54000,54000
b17e1883739e45eaf282b8ead722245ced8272ba,5972.35,236.75,24.614286843,54000,54000
8fab2b00a7cc23f398e7a285a163ddcabd8475ad,5519.25,214.75,23.000850301,54000,54000
499db0ebda8a4e4cc2506dca35d38ca6ed53a38e,6693.25,260.01,27.940502247,54000,54000
40db54a636473e0d42ca6d46f69c8224759f1299,6400.57,248.36,26.676561585,54000,54000
1c774e1b0dbe0329fb522db59351a5a80a405fd7,6599.78,256.11,27.558516161,54000,54000
f3807492bd0f54511cf70f0ace6fcd52541ea414,4267.05,167.07,17.754675715,54000,54000
6d74decd3226bcc607564ccef62bc97c540162af,6529.26,254.06,27.325546771,54000,54000
65c5342f55ecbade28998e8f13945b25477193f4,6373.58,249.18,26.676145297,54000,53000
53836693216766b13b5d6beacfd562c4d45cae8e,5496.87,215.65,22.938990534,54000,54000
31de45dd9557168442f4e557f062c360bbc0782e,5576.22,219.16,23.291911633,54000,54000
1c4a7dc1ab4386e34107ce69f215abb5027bae15,6294.97,245.97,26.314766664,54000,54000
ce0a96abf0ddde737549cdbb1d068d72ad02ebf0,4323.02,169.60,18.022389420,54000,53000
2328311c7c86015f4e24cea36623d4a8ad0e63b2,4230.13,166.39,17.611753738,54000,54000
01bb0b1f6e0905abb9b1d3c5d6f865c7fbe0762f,6424.73,250.55,26.861595535,54000,53000
2710d1b37cee47dc88cc00ba7c4920ede0fdde79,8620.44,336.73,35.968020728,54000,54000
b616428305a308150e7100c0704337a3d69da86f,8510.32,331.44,35.444781176,54000,53000
50442f833b4ea4bc346d8f15f8a7f5fbd079c772,5474.94,213.47,22.796242160,52000,54000
bc9ff6ba5b397047819af2307e6295c885911117,6467.91,252.27,26.957254766,54000,54000
66938d659e6d6e52ab020501bfe703cdf714a213,5558.77,217.04,23.170069649,54000,54000
6f6e22edf8bf41f0542c5b349a79bc2df5819532,5446.15,213.43,22.624408618,54000,54000
b17e1883739e45eaf282b8ead722245ced8272ba,5910.36,233.20,24.394087669,54000,54000
8fab2b00a7cc23f398e7a285a163ddcabd8475ad,5541.48,216.37,23.084813963,54000,54000
499db0ebda8a4e4cc2506dca35d38ca6ed53a38e,6744.70,262.14,28.131176278,54000,54000
40db54a636473e0d42ca6d46f69c8224759f1299,6463.87,253.41,27.024372944,54000,54000
1c774e1b0dbe0329fb522db59351a5a80a405fd7,6573.07,256.56,27.456599278,54000,53000
f3807492bd0f54511cf70f0ace6fcd52541ea414,4236.53,165.94,17.649484495,54000,53000
6d74decd3226bcc607564ccef62bc97c540162af,6504.03,253.40,27.183924077,54000,54000
65c5342f55ecbade28998e8f13945b25477193f4,6431.07,251.04,26.909887381,54000,54000
53836693216766b13b5d6beacfd562c4d45cae8e,5658.43,223.42,23.586033597,54000,54000
31de45dd9557168442f4e557f062c360bbc0782e,5469.78,214.72,22.786654877,54000,54000
1c4a7dc1ab4386e34107ce69f215abb5027bae15,6344.31,248.60,26.458517741,54000,54000
ce0a96abf0ddde737549cdbb1d068d72ad02ebf0,4317.68,169.19,17.938443390,54000,54000
2328311c7c86015f4e24cea36623d4a8ad0e63b2,4280.34,167.73,17.771848697,54000,54000
01bb0b1f6e0905abb9b1d3c5d6f865c7fbe0762f,6583.85,256.60,27.459116902,54000,54000
2710d1b37cee47dc88cc00ba7c4920ede0fdde79,8423.89,327.65,35.106571201,54000,54000
b616428305a308150e7100c0704337a3d69da86f,8401.40,325.63,35.098615544,54000,54000
50442f833b4ea4bc346d8f15f8a7f5fbd079c772,5543.41,217.47,23.158526764,54000,54000
bc9ff6ba5b397047819af2307e6295c885911117,6476.70,253.43,27.091260035,55000,54000
66938d659e6d6e52ab020501bfe703cdf714a213,5492.75,215.11,22.968640756,54000,54000
6f6e22edf8bf41f0542c5b349a79bc2df5819532,5488.09,216.36,22.837619244,54000,54000
b17e1883739e45eaf282b8ead722245ced8272ba,5942.35,235.12,24.516185871,54000,54000
8fab2b00a7cc23f398e7a285a163ddcabd8475ad,5496.21,215.54,22.923958255,54000,54000
499db0ebda8a4e4cc2506dca35d38ca6ed53a38e,6802.72,265.44,28.393940356,54000,53000
40db54a636473e0d42ca6d46f69c8224759f1299,6334.35,246.37,26.407769217,54000,54000
1c774e1b0dbe0329fb522db59351a5a80a405fd7,6606.39,257.59,27.541159335,54000,53000
f3807492bd0f54511cf70f0ace6fcd52541ea414,4368.46,171.25,18.129425958,54000,54000
6d74decd3226bcc607564ccef62bc97c540162af,6505.17,252.61,27.121462958,54000,54000
65c5342f55ecbade28998e8f13945b25477193f4,6415.39,248.98,26.733028423,54000,54000
53836693216766b13b5d6beacfd562c4d45cae8e,5556.80,216.30,23.089608398,54000,54000
31de45dd9557168442f4e557f062c360bbc0782e,5541.18,217.33,23.057296813,54000,54000
1c4a7dc1ab4386e34107ce69f215abb5027bae15,6419.34,249.88,26.775501151,54000,54000
ce0a96abf0ddde737549cdbb1d068d72ad02ebf0,4272.40,166.79,17.770303984,54000,54000
2328311c7c86015f4e24cea36623d4a8ad0e63b2,4266.69,166.92,17.762048831,53000,54000
01bb0b1f6e0905abb9b1d3c5d6f865c7fbe0762f,6413.87,250.20,26.802763313,54000,54000
2710d1b37cee47dc88cc00ba7c4920ede0fdde79,8464.58,329.40,35.355399178,54000,54000
b616428305a308150e7100c0704337a3d69da86f,8550.62,333.36,35.706735535,54000,54000
50442f833b4ea4bc346d8f15f8a7f5fbd079c772,5370.08,209.91,22.380849592,54000,54000
bc9ff6ba5b397047819af2307e6295c885911117,6346.94,248.31,26.453231759,54000,54000
66938d659e6d6e52ab020501bfe703cdf714a213,5499.22,213.77,22.923715137,54000,54000
6f6e22edf8bf41f0542c5b349a79bc2df5819532,5531.57,216.40,22.996457308,54000,54000
b17e1883739e45eaf282b8ead722245ced8272ba,5902.78,232.45,24.394834340,54000,54000
8fab2b00a7cc23f398e7a285a163ddcabd8475ad,5469.29,212.87,22.784463393,54000,54000
499db0ebda8a4e4cc2506dca35d38ca6ed53a38e,6592.01,255.69,27.504668317,54000,54000
40db54a636473e0d42ca6d46f69c8224759f1299,6356.12,247.91,26.539750908,54000,54000
1c774e1b0dbe0329fb522db59351a5a80a405fd7,6675.20,260.11,27.894149803,54000,54000
f3807492bd0f54511cf70f0ace6fcd52541ea414,4233.34,165.96,17.630180254,54000,54000
6d74decd3226bcc607564ccef62bc97c540162af,6548.10,256.52,27.343152780,54000,54000
65c5342f55ecbade28998e8f13945b25477193f4,6353.05,247.79,26.522951015,54000,53000
53836693216766b13b5d6beacfd562c4d45cae8e,5470.79,214.14,22.800478144,54000,54000
31de45dd9557168442f4e557f062c360bbc0782e,5531.76,216.46,23.086077770,54000,54000
1c4a7dc1ab4386e34107ce69f215abb5027bae15,6387.81,250.35,26.725086855,54000,54000
ce0a96abf0ddde737549cdbb1d068d72ad02ebf0,4235.71,166.60,17.653705872,55000,54000
2328311c7c86015f4e24cea36623d4a8ad0e63b2,4284.23,168.68,17.830941749,54000,54000
01bb0b1f6e0905abb9b1d3c5d6f865c7fbe0762f,6583.29,257.34,27.562464538,54000,54000
2710d1b37cee47dc88cc00ba7c4920ede0fdde79,8419.83,327.31,35.226157521,54000,54000
b616428305a308150e7100c0704337a3d69da86f,8433.87,327.76,35.266675940,54000,54000
50442f833b4ea4bc346d8f15f8a7f5fbd079c772,5461.34,213.11,22.797322537,54000,54000
bc9ff6ba5b397047819af2307e6295c885911117,6388.29,248.66,26.718460521,54000,54000
66938d659e6d6e52ab020501bfe703cdf714a213,5471.75,213.18,22.831582347,54000,54000
6f6e22edf8bf41f0542c5b349a79bc2df5819532,5516.34,215.61,23.011304037,54000,54000
b17e1883739e45eaf282b8ead722245ced8272ba,6136.72,242.13,25.412161281,54000,54000
8fab2b00a7cc23f398e7a285a163ddcabd8475ad,5407.73,211.81,22.603673116,54000,54000
499db0ebda8a4e4cc2506dca35d38ca6ed53a38e,6776.78,265.12,28.373971930,54000,54000
40db54a636473e0d42ca6d46f69c8224759f1299,6439.54,251.70,26.964984999,54000,54000
1c774e1b0dbe0329fb522db59351a5a80a405fd7,6542.35,255.84,27.344494662,54000,54000
f3807492bd0f54511cf70f0ace6fcd52541ea414,4320.07,169.98,18.014162294,54000,54000
6d74decd3226bcc607564ccef62bc97c540162af,6591.72,258.75,27.539674277,54000,54000
65c5342f55ecbade28998e8f13945b25477193f4,6494.47,252.88,27.114681938,54000,54000
53836693216766b13b5d6beacfd562c4d45cae8e,5578.57,219.42,23.189457942,54000,54000
31de45dd9557168442f4e557f062c360bbc0782e,5482.48,214.58,22.811987310,54000,54000
1c4a7dc1ab4386e34107ce69f215abb5027bae15,6546.09,255.13,27.359473403,54000,54000
ce0a96abf0ddde737549cdbb1d068d72ad02ebf0,4285.86,168.23,17.817001011,54000,54000
2328311c7c86015f4e24cea36623d4a8ad0e63b2,4281.49,168.00,17.782159450,54000,54000
01bb0b1f6e0905abb9b1d3c5d6f865c7fbe0762f,6480.27,251.48,27.034166937,54000,54000
2710d1b37cee47dc88cc00ba7c4920ede0fdde79,8557.76,334.41,35.671645581,54000,54000
b616428305a308150e7100c0704337a3d69da86f,8466.67,328.99,35.291726945,54000,54000
50442f833b4ea4bc346d8f15f8a7f5fbd079c772,5428.63,212.34,22.618625628,54000,54000
bc9ff6ba5b397047819af2307e6295c885911117,6394.60,250.31,26.668013428,54000,54000
66938d659e6d6e52ab020501bfe703cdf714a213,5512.74,214.66,22.990770599,54000,55000
6f6e22edf8bf41f0542c5b349a79bc2df5819532,5682.63,223.48,23.661900282,55000,55000
b17e1883739e45eaf282b8ead722245ced8272ba,6091.69,240.22,25.148815532,54000,54000
8fab2b00a7cc23f398e7a285a163ddcabd8475ad,5524.61,216.21,23.019642605,54000,54000
499db0ebda8a4e4cc2506dca35d38ca6ed53a38e,6612.83,256.18,27.562070462,54000,54000
40db54a636473e0d42ca6d46f69c8224759f1299,6435.44,249.69,26.820954849,54000,54000
1c774e1b0dbe0329fb522db59351a5a80a405fd7,6832.46,266.94,28.494447130,54000,54000
f3807492bd0f54511cf70f0ace6fcd52541ea414,4269.09,166.43,17.729388477,54000,54000
6d74decd3226bcc607564ccef62bc97c540162af,6492.68,253.00,27.084109880,55000,54000
65c5342f55ecbade28998e8f13945b25477193f4,6348.55,247.20,26.456918346,54000,54000
53836693216766b13b5d6beacfd562c4d45cae8e,5554.09,219.41,23.065993823,55000,54000
31de45dd9557168442f4e557f062c360bbc0782e,5509.94,214.32,22.903298997,54000,55000
1c4a7dc1ab4386e34107ce69f215abb5027bae15,6423.59,250.39,26.804708517,54000,54000
ce0a96abf0ddde737549cdbb1d068d72ad02ebf0,4146.34,161.33,17.244883744,54000,54000
2328311c7c86015f4e24cea36623d4a8ad0e63b2,4223.36,166.18,17.585395788,54000,55000
01bb0b1f6e0905abb9b1d3c5d6f865c7fbe0762f,6464.65,252.18,26.995500438,54000,53000
2710d1b37cee47dc88cc00ba7c4920ede0fdde79,8450.89,327.69,35.243820172,54000,54000
b616428305a308150e7100c0704337a3d69da86f,8395.05,324.79,35.066924037,54000,54000
50442f833b4ea4bc346d8f15f8a7f5fbd079c772,5425.44,211.38,22.639742704,55000,54000
bc9ff6ba5b397047819af2307e6295c885911117,6396.16,249.54,26.711192092,54000,54000
66938d659e6d6e52ab020501bfe703cdf714a213,5505.41,213.88,22.947537550,54000,55000
6f6e22edf8bf41f0542c5b349a79bc2df5819532,5594.51,218.38,23.313257576,55000,54000
b17e1883739e45eaf282b8ead722245ced8272ba,5904.57,231.68,24.411096401,54000,54000
8fab2b00a7cc23f398e7a285a163ddcabd8475ad,5433.25,212.20,22.690292446,55000,54000
499db0ebda8a4e4cc2506dca35d38ca6ed53a38e,6729.69,262.08,28.149478400,54000,54000
40db54a636473e0d42ca6d46f69c8224759f1299,6414.90,249.75,26.849774938,54000,55000
1c774e1b0dbe0329fb522db59351a5a80a405fd7,6614.94,259.41,27.673369595,54000,54000
f3807492bd0f54511cf70f0ace6fcd52541ea414,4244.27,167.17,17.666247002,54000,54000
6d74decd3226bcc607564ccef62bc97c540162af,6575.04,257.92,27.470612385,54000,54000
65c5342f55ecbade28998e8f13945b25477193f4,6379.99,247.69,26.723578524,54000,54000
53836693216766b13b5d6beacfd562c4d45cae8e,5596.24,219.53,23.366953974,54000,54000
31de45dd9557168442f4e557f062c360bbc0782e,5538.81,216.74,23.138474591,54000,54000
1c4a7dc1ab4386e34107ce69f215abb5027bae15,6361.48,247.37,26.624116980,54000,54000
ce0a96abf0ddde737549cdbb1d068d72ad02ebf0,4268.10,167.82,17.780606186,54000,54000
2328311c7c86015f4e24cea36623d4a8ad0e63b2,4359.74,172.01,18.138271219,54000,54000
01bb0b1f6e0905abb9b1d3c5d6f865c7fbe0762f,6467.23,253.49,27.016845845,54000,54000
2710d1b37cee47dc88cc00ba7c4920ede0fdde79,8489.66,330.57,35.422054402,54000,54000
b616428305a308150e7100c0704337a3d69da86f,8552.24,332.22,35.718026393,54000,54000
50442f833b4ea4bc346d8f15f8a7f5fbd079c772,5490.83,214.85,22.918877392,54000,54000
bc9ff6ba5b397047819af2307e6295c885911117,6391.91,249.62,26.684257120,54000,54000
66938d659e6d6e52ab020501bfe703cdf714a213,5391.68,209.75,22.495846239,54000,54000
6f6e22edf8bf41f0542c5b349a79bc2df5819532,5698.50,225.07,23.718303078,54000,54000
b17e1883739e45eaf282b8ead722245ced8272ba,6009.37,236.46,24.873384309,54000,54000
8fab2b00a7cc23f398e7a285a163ddcabd8475ad,5419.56,211.31,22.630010753,54000,54000
499db0ebda8a4e4cc2506dca35d38ca6ed53a38e,6620.64,259.04,27.637372197,54000,54000
40db54a636473e0d42ca6d46f69c8224759f1299,6578.39,257.68,27.499695265,55000,54000
1c774e1b0dbe0329fb522db59351a5a80a405fd7,6606.22,258.00,27.629241345,54000,54000
f3807492bd0f54511cf70f0ace6fcd52541ea414,4217.38,165.17,17.588635268,55000,54000
6d74decd3226bcc607564ccef62bc97c540162af,6452.58,250.91,27.023697774,54000,54000
65c5342f55ecbade28998e8f13945b25477193f4,6429.99,252.21,26.906170750,54000,54000
53836693216766b13b5d6beacfd562c4d45cae8e,5570.08,219.47,23.236561416,53000,54000
31de45dd9557168442f4e557f062c360bbc0782e,5517.27,217.01,22.965112375,54000,54000
1c4a7dc1ab4386e34107ce69f215abb5027bae15,6477.51,253.82,27.038992603,54000,54000
ce0a96abf0ddde737549cdbb1d068d72ad02ebf0,4276.49,168.34,17.791056431,54000,54000
2328311c7c86015f4e24cea36623d4a8ad0e63b2,4277.14,167.48,17.774836881,54000,54000
01bb0b1f6e0905abb9b1d3c5d6f865c7fbe0762f,6443.02,251.79,26.891085028,54000,54000
2710d1b37cee47dc88cc00ba7c4920ede0fdde79,8647.58,337.71,36.122492531,54000,54000
b616428305a308150e7100c0704337a3d69da86f,8534.64,333.63,35.710533152,54000,54000
50442f833b4ea4bc346d8f15f8a7f5fbd079c772,5623.49,220.91,23.483542748,54000,55000
bc9ff6ba5b397047819af2307e6295c885911117,6561.80,258.14,27.426644063,54000,54000
66938d659e6d6e52ab020501bfe703cdf714a213,5496.97,214.93,22.963187459,54000,54000
6f6e22edf8bf41f0542c5b349a79bc2df5819532,5658.16,223.15,23.571846658,54000,54000
b17e1883739e45eaf282b8ead722245ced8272ba,5884.09,232.08,24.269642062,54000,55000
8fab2b00a7cc23f398e7a285a163ddcabd8475ad,5448.95,213.92,22.708596588,54000,54000
499db0ebda8a4e4cc2506dca35d38ca6ed53a38e,6694.77,259.73,27.956420017,54000,53000
40db54a636473e0d42ca6d46f69c8224759f1299,6389.49,250.48,26.642833836,53000,54000
1c774e1b0dbe0329fb522db59351a5a80a405fd7,6593.18,256.42,27.512018690,54000,54000
f3807492bd0f54511cf70f0ace6fcd52541ea414,4268.20,167.01,17.711618058,54000,54000
6d74decd3226bcc607564ccef62bc97c540162af,6470.29,250.85,26.998533388,54000,55000
65c5342f55ecbade28998e8f13945b25477193f4,6354.69,248.56,26.494086439,54000,55000
53836693216766b13b5d6beacfd562c4d45cae8e,5491.82,215.83,22.815144238,54000,54000
31de45dd9557168442f4e557f062c360bbc0782e,5488.28,213.64,22.848849427,54000,54000
1c4a7dc1ab4386e34107ce69f215abb5027bae15,6449.16,252.99,26.924639301,54000,54000
ce0a96abf0ddde737549cdbb1d068d72ad02ebf0,4220.23,165.40,17.560133594,54000,54000
2328311c7c86015f4e24cea36623d4a8ad0e63b2,4260.91,167.88,17.725335473,54000,54000
01bb0b1f6e0905abb9b1d3c5d6f865c7fbe0762f,6479.27,253.57,27.055538696,54000,54000
2710d1b37cee47dc88cc00ba7c4920ede0fdde79,8352.09,325.73,34.803579499,54000,53000
b616428305a308150e7100c0704337a3d69da86f,8456.93,328.45,35.266383077,54000,54000
50442f833b4ea4bc346d8f15f8a7f5fbd079c772,5518.31,216.37,23.019405924,55000,54000
bc9ff6ba5b397047819af2307e6295c885911117,6423.81,251.25,26.780045611,54000,54000
66938d659e6d6e52ab020501bfe703cdf714a213,5524.75,214.66,23.013420481,54000,54000
6f6e22edf8bf41f0542c5b349a79bc2df5819532,5517.30,216.55,22.923601348,54000,54000
b17e1883739e45eaf282b8ead722245ced8272ba,6036.64,237.27,24.927331209,54000,54000
8fab2b00a7cc23f398e7a285a163ddcabd8475ad,5446.02,212.09,22.691290227,54000,55000
499db0ebda8a4e4cc2506dca35d38ca6ed53a38e,6663.51,258.08,27.852274696,54000,54000
40db54a636473e0d42ca6d46f69c8224759f1299,6379.63,248.99,26.645868139,54000,54000
1c774e1b0dbe0329fb522db59351a5a80a405fd7,6552.89,255.79,27.457484022,54000,54000
f3807492bd0f54511cf70f0ace6fcd52541ea414,4231.83,167.07,17.663280628,54000,54000
6d74decd3226bcc607564ccef62bc97c540162af,6411.88,251.02,26.828307323,54000,54000
65c5342f55ecbade28998e8f13945b25477193f4,6352.31,248.78,26.581768175,54000,54000
53836693216766b13b5d6beacfd562c4d45cae8e,5486.64,215.90,22.890636802,54000,54000
31de45dd9557168442f4e557f062c360bbc0782e,5552.87,218.24,23.195989783,54000,54000
1c4a7dc1ab4386e34107ce69f215abb5027bae15,6339.18,247.42,26.509636655,54000,55000
ce0a96abf0ddde737549cdbb1d068d72ad02ebf0,4294.96,168.59,17.890982244,55000,54000
2328311c7c86015f4e24cea36623d4a8ad0e63b2,4247.24,167.54,17.680864823,54000,54000
01bb0b1f6e0905abb9b1d3c5d6f865c7fbe0762f,6555.07,256.55,27.392658271,54000,54000
2710d1b37cee47dc88cc00ba7c4920ede0fdde79,8495.84,332.58,35.463072034,54000,54000
b616428305a308150e7100c0704337a3d69da86f,8545.19,332.28,35.690277785,54000,54000
50442f833b4ea4bc346d8f15f8a7f5fbd079c772,5588.84,218.51,23.335162633,54000,54000
bc9ff6ba5b397047819af2307e6295c885911117,6482.19,254.56,27.070054583,54000,54000
66938d659e6d6e52ab020501bfe703cdf714a213,5503.43,216.20,22.965071901,54000,54000
6f6e22edf8bf41f0542c5b349a79bc2df5819532,5534.58,216.81,23.044637972,53000,54000
b17e1883739e45eaf282b8ead722245ced8272ba,6059.00,238.52,25.067779093,54000,54000
8fab2b00a7cc23f398e7a285a163ddcabd8475ad,5445.46,213.00,22.708250907,53000,54000
499db0ebda8a4e4cc2506dca35d38ca6ed53a38e,6740.10,263.89,28.187654469,54000,54000
40db54a636473e0d42ca6d46f69c8224759f1299,6747.38,265.65,28.239596627,54000,54000
1c774e1b0dbe0329fb522db59351a5a80a405fd7,6686.85,262.26,27.919830691,53000,54000
f3807492bd0f54511cf70f0ace6fcd52541ea414,4265.18,167.80,17.723113078,54000,54000
6d74decd3226bcc607564ccef62bc97c540162af,6575.33,256.21,27.460488264,54000,54000
65c5342f55ecbade28998e8f13945b25477193f4,6447.72,253.64,26.876331602,54000,54000
53836693216766b13b5d6beacfd562c4d45cae8e,5591.35,221.45,23.208773330,54000,54000
31de45dd9557168442f4e557f062c360bbc0782e,5406.57,210.51,22.481945189,54000,54000
1c4a7dc1ab4386e34107ce69f215abb5027bae15,6412.95,250.30,26.754963020,54000,54000
ce0a96abf0ddde737549cdbb1d068d72ad02ebf0,4312.73,168.79,17.910894373,54000,54000
2328311c7c86015f4e24cea36623d4a8ad0e63b2,4249.07,166.29,17.670095393,54000,54000
01bb0b1f6e0905abb9b1d3c5d6f865c7fbe0762f,6508.33,254.90,27.157112799,54000,54000
2710d1b37cee47dc88cc00ba7c4920ede0fdde79,8414.55,327.74,35.049190175,54000,54000
b616428305a308150e7100c0704337a3d69da86f,8486.94,331.12,35.397865476,54000,54000
50442f833b4ea4bc346d8f15f8a7f5fbd079c772,5543.83,216.98,23.118919435,54000,55000
bc9ff6ba5b397047819af2307e6295c885911117,6627.76,259.62,27.656798119,54000,54000
66938d659e6d6e52ab020501bfe703cdf714a213,5381.85,209.69,22.400454904,54000,54000
6f6e22edf8bf41f0542c5b349a79bc2df5819532,5482.16,214.52,22.757274606,54000,54000
b17e1883739e45eaf282b8ead722245ced8272ba,6108.21,240.44,25.241447922,54000,54000
8fab2b00a7cc23f398e7a285a163ddcabd8475ad,5447.45,212.87,22.684119866,54000,54000
499db0ebda8a4e4cc2506dca35d38ca6ed53a38e,6866.55,268.91,28.616079188,54000,54000
40db54a636473e0d42ca6d46f69c8224759f1299,6550.87,256.15,27.324234248,54000,54000
1c774e1b0dbe0329fb522db59351a5a80a405fd7,6590.65,256.30,27.498162149,54000,53000
f3807492bd0f54511cf70f0ace6fcd52541ea414,4273.47,168.33,17.777737681,54000,54000
6d74decd3226bcc607564ccef62bc97c540162af,6585.11,257.78,27.510709964,54000,54000
65c5342f55ecbade28998e8f13945b25477193f4,6507.96,255.67,27.151657203,54000,54000
53836693216766b13b5d6beacfd562c4d45cae8e,5687.89,224.34,23.659169303,54000,54000
31de45dd9557168442f4e557f062c360bbc0782e,5512.28,215.59,22.985804247,54000,54000
1c4a7dc1ab4386e34107ce69f215abb5027bae15,6290.55,244.77,26.303703391,54000,54000
ce0a96abf0ddde737549cdbb1d068d72ad02ebf0,4246.26,166.47,17.717694770,54000,54000
2328311c7c86015f4e24cea36623d4a8ad0e63b2,4239.94,166.73,17.696318699,54000,55000
01bb0b1f6e0905abb9b1d3c5d6f865c7fbe0762f,6588.84,258.71,27.584217118,54000,54000
2710d1b37cee47dc88cc00ba7c4920ede0fdde79,8429.10,329.56,35.193748208,54000,54000
b616428305a308150e7100c0704337a3d69da86f,8378.70,325.56,34.977551766,54000,54000
50442f833b4ea4bc346d8f15f8a7f5fbd079c772,5489.24,214.49,22.863422701,54000,54000
bc9ff6ba5b397047819af2307e6295c885911117,6324.09,246.37,26.400816761,54000,54000
66938d659e6d6e52ab020501bfe703cdf714a213,5543.94,218.42,23.085373454,54000,54000
6f6e22edf8bf41f0542c5b349a79bc2df5819532,5667.09,223.16,23.548033034,55000,54000
b17e1883739e45eaf282b8ead722245ced8272ba,5941.74,233.92,24.531651238,55000,54000
8fab2b00a7cc23f398e7a285a163ddcabd8475ad,5433.84,213.22,22.640811964,54000,54000
499db0ebda8a4e4cc2506dca35d38ca6ed53a38e,6701.35,260.26,27.975486258,54000,54000
40db54a636473e0d42ca6d46f69c8224759f1299,6450.38,251.86,26.952779561,54000,54000
1c774e1b0dbe0329fb522db59351a5a80a405fd7,6682.34,261.30,27.944536549,55000,54000
f3807492bd0f54511cf70f0ace6fcd52541ea414,4256.70,167.16,17.700902546,54000,54000
6d74decd3226bcc607564ccef62bc97c540162af,6475.03,252.73,27.024834126,54000,54000
65c5342f55ecbade28998e8f13945b25477193f4,6550.01,256.43,27.307448153,54000,54000
53836693216766b13b5d6beacfd562c4d45cae8e,5656.98,221.21,23.504394732,55000,54000
31de45dd9557168442f4e557f062c360bbc0782e,5549.71,216.62,23.071780122,54000,54000
1c4a7dc1ab4386e34107ce69f215abb5027bae15,6454.63,252.14,26.874374431,54000,54000
ce0a96abf0ddde737549cdbb1d068d72ad02ebf0,4271.39,167.71,17.715446835,54000,54000
2328311c7c86015f4e24cea36623d4a8ad0e63b2,4181.60,162.78,17.358807352,54000,54000
01bb0b1f6e0905abb9b1d3c5d6f865c7fbe0762f,6547.03,256.26,27.284485052,54000,55000
2710d1b37cee47dc88cc00ba7c4920ede0fdde79,8452.83,329.04,35.197978461,55000,54000
b616428305a308150e7100c0704337a3d69da86f,8372.22,325.69,34.879332411,54000,54000
50442f833b4ea4bc346d8f15f8a7f5fbd079c772,5481.69,214.07,22.812395857,54000,54000
bc9ff6ba5b397047819af2307e6295c885911117,6418.63,251.64,26.770320378,54000,54000
66938d659e6d6e52ab020501bfe703cdf714a213,5526.37,215.89,23.041338610,54000,54000
6f6e22edf8bf41f0542c5b349a79bc2df5819532,5520.04,216.26,22.964973076,54000,54000
b17e1883739e45eaf282b8ead722245ced8272ba,5874.16,231.18,24.306073443,54000,54000
8fab2b00a7cc23f398e7a285a163ddcabd8475ad,5435.48,212.19,22.690490470,54000,54000
499db0ebda8a4e4cc2506dca35d38ca6ed53a38e,6536.71,254.49,27.294865462,54000,54000
40db54a636473e0d42ca6d46f69c8224759f1299,6511.49,253.97,27.176466918,54000,54000
1c774e1b0dbe0329fb522db59351a5a80a405fd7,6684.65,261.21,27.912022234,54000,54000
f3807492bd0f54511cf70f0ace6fcd52541ea414,4240.31,166.17,17.630800494,54000,54000
6d74decd3226bcc607564ccef62bc97c540162af,6519.12,254.57,27.205786409,54000,54000
65c5342f55ecbade28998e8f13945b25477193f4,6380.91,249.42,26.602198088,54000,54000
53836693216766b13b5d6beacfd562c4d45cae8e,5550.03,215.72,23.041398729,54000,54000
31de45dd9557168442f4e557f062c360bbc0782e,5558.94,217.19,23.116158156,54000,54000
1c4a7dc1ab4386e34107ce69f215abb5027bae15,6398.28,250.87,26.694711998,55000,54000
ce0a96abf0ddde737549cdbb1d068d72ad02ebf0,4293.90,168.62,17.849911305,54000,54000
2328311c7c86015f4e24cea36623d4a8ad0e63b2,4257.19,167.37,17.701320464,54000,54000
01bb0b1f6e0905abb9b1d3c5d6f865c7fbe0762f,6473.53,251.65,27.036575715,54000,54000
2710d1b37cee47dc88cc00ba7c4920ede0fdde79,8522.21,331.38,35.552010355,54000,54000
b616428305a308150e7100c0704337a3d69da86f,8400.96,326.16,35.072127981,54000,54000
50442f833b4ea4bc346d8f15f8a7f5fbd079c772,5440.16,212.63,22.666977751,54000,54000
bc9ff6ba5b397047819af2307e6295c885911117,6506.31,254.37,27.149455768,54000,54000
66938d659e6d6e52ab020501bfe703cdf714a213,5508.71,215.42,22.963060210,54000,54000
6f6e22edf8bf41f0542c5b349a79bc2df5819532,5632.78,221.48,23.430643433,54000,54000
b17e1883739e45eaf282b8ead722245ced8272ba,5883.23,231.22,24.283396810,54000,54000
8fab2b00a7cc23f398e7a285a163ddcabd8475ad,5436.71,211.73,22.642161546,54000,53000
499db0ebda8a4e4cc2506dca35d38ca6ed53a38e,6789.59,264.02,28.341924640,54000,54000
40db54a636473e0d42ca6d46f69c8224759f1299,6520.42,254.61,27.196328037,54000,54000
1c774e1b0dbe0329fb522db59351a5a80a405fd7,6582.13,257.44,27.509064275,54000,54000
f3807492bd0f54511cf70f0ace6fcd52541ea414,4203.31,164.32,17.459138488,54000,54000
6d74decd3226bcc607564ccef62bc97c540162af,6526.31,255.66,27.237027094,54000,54000
65c5342f55ecbade28998e8f13945b25477193f4,6497.67,254.36,27.090996188,54000,54000
53836693216766b13b5d6beacfd562c4d45cae8e,5746.16,227.28,23.871107566,54000,54000
31de45dd9557168442f4e557f062c360bbc0782e,5497.52,214.40,22.859745008,53000,54000
1c4a7dc1ab4386e34107ce69f215abb5027bae15,6390.40,248.16,26.632686881,54000,54000
ce0a96abf0ddde737549cdbb1d068d72ad02ebf0,4347.12,170.97,18.052829483,54000,54000
2328311c7c86015f4e24cea36623d4a8ad0e63b2,4272.28,167.87,17.743105480,54000,54000
01bb0b1f6e0905abb9b1d3c5d6f865c7fbe0762f,6508.85,253.96,27.154374144,54000,54000
2710d1b37cee47dc88cc00ba7c4920ede0fdde79,8725.89,339.19,36.414265782,54000,53000
b616428305a308150e7100c0704337a3d69da86f,8427.63,327.29,35.116015643,54000,54000
50442f833b4ea4bc346d8f15f8a7f5fbd079c772,5427.96,211.14,22.603472098,54000,54000
bc9ff6ba5b397047819af2307e6295c885911117,6323.54,245.82,26.361717869,54000,54000
66938d659e6d6e52ab020501bfe703cdf714a213,5571.37,217.15,23.205822906,55000,54000
6f6e22edf8bf41f0542c5b349a79bc2df5819532,5644.06,222.63,23.484523125,54000,54000
b17e1883739e45eaf282b8ead722245ced8272ba,5937.38,234.52,24.458035370,55000,54000
8fab2b00a7cc23f398e7a285a163ddcabd8475ad,5562.63,217.57,23.210764856,54000,54000
499db0ebda8a4e4cc2506dca35d38ca6ed53a38e,6667.64,260.53,27.858496068,54000,54000
40db54a636473e0d42ca6d46f69c8224759f1299,6433.21,250.53,26.863751476,54000,53000
1c774e1b0dbe0329fb522db59351a5a80a405fd7,6621.58,258.45,27.677349357,54000,54000
f3807492bd0f54511cf70f0ace6fcd52541ea414,4246.72,166.71,17.666878905,53000,54000
6d74decd3226bcc607564ccef62bc97c540162af,6528.72,254.58,27.259000770,54000,53000
65c5342f55ecbade28998e8f13945b25477193f4,6372.46,247.98,26.543187482,53000,54000
53836693216766b13b5d6beacfd562c4d45cae8e,5501.64,215.00,22.824375008,54000,54000
31de45dd9557168442f4e557f062c360bbc0782e,5522.28,215.18,22.947271954,54000,54000
1c4a7dc1ab4386e34107ce69f215abb5027bae15,6483.73,252.22,27.008301292,54000,54000
ce0a96abf0ddde737549cdbb1d068d72ad02ebf0,4298.05,167.50,17.833928579,54000,54000
2328311c7c86015f4e24cea36623d4a8ad0e63b2,4256.09,165.81,17.663369855,54000,54000
01bb0b1f6e0905abb9b1d3c5d6f865c7fbe0762f,6597.48,257.44,27.497142716,54000,54000
2710d1b37cee47dc88cc00ba7c4920ede0fdde79,8401.45,326.40,34.963875277,54000,54000
b616428305a308150e7100c0704337a3d69da86f,8376.33,325.15,34.910390538,54000,54000
50442f833b4ea4bc346d8f15f8a7f5fbd079c772,5524.83,215.32,22.999860547,53000,54000
bc9ff6ba5b397047819af2307e6295c885911117,6437.54,250.73,26.839290522,54000,54000
7b1525c537221f42cd4d8d894acfe2774c573e08,5489.83,215.51,22.998821813,55000,54000
d73ad36f7012dbdb4dd1098e5a133e38db2e97c2,8419.03,328.71,35.152431863,55000,54000
abc42ae3ee8560f7f390bd5d51778f0bcd9e3f73,5370.62,209.07,22.378971457,54000,54000
69683786827e3dd04fb0d38c70c7bce25cde951b,5968.83,234.58,24.658885623,54000,54000
a32aa60e9c992010e9867d7f5cf8b124d65b4db9,6375.86,249.36,26.616088439,55000,55000
7b1525c537221f42cd4d8d894acfe2774c573e08,5291.97,206.07,22.063895873,55000,54000
d73ad36f7012dbdb4dd1098e5a133e38db2e97c2,8534.56,333.86,35.610070414,54000,54000
abc42ae3ee8560f7f390bd5d51778f0bcd9e3f73,5398.03,210.40,22.515623033,54000,54000
69683786827e3dd04fb0d38c70c7bce25cde951b,5952.55,235.57,24.544867236,54000,54000
a32aa60e9c992010e9867d7f5cf8b124d65b4db9,6239.29,246.10,25.975380873,55000,54000
7b1525c537221f42cd4d8d894acfe2774c573e08,5472.10,213.27,22.786657305,54000,54000
d73ad36f7012dbdb4dd1098e5a133e38db2e97c2,8512.00,330.48,35.479086005,54000,54000
abc42ae3ee8560f7f390bd5d51778f0bcd9e3f73,5266.33,204.10,21.954349827,55000,54000
69683786827e3dd04fb0d38c70c7bce25cde951b,5906.30,231.95,24.398074686,54000,54000
a32aa60e9c992010e9867d7f5cf8b124d65b4db9,6269.89,246.23,26.124790819,54000,54000
7b1525c537221f42cd4d8d894acfe2774c573e08,5441.38,211.42,22.664484858,54000,54000
d73ad36f7012dbdb4dd1098e5a133e38db2e97c2,8393.80,326.18,34.965748864,54000,53000
abc42ae3ee8560f7f390bd5d51778f0bcd9e3f73,5465.39,212.29,22.752205362,54000,54000
69683786827e3dd04fb0d38c70c7bce25cde951b,6051.44,238.66,24.951869285,54000,54000
a32aa60e9c992010e9867d7f5cf8b124d65b4db9,6237.83,245.51,25.937045367,55000,54000
7b1525c537221f42cd4d8d894acfe2774c573e08,5417.86,211.38,22.562262632,54000,54000
d73ad36f7012dbdb4dd1098e5a133e38db2e97c2,8637.09,337.35,36.045626853,53000,54000
abc42ae3ee8560f7f390bd5d51778f0bcd9e3f73,5401.59,211.68,22.516464687,54000,54000
69683786827e3dd04fb0d38c70c7bce25cde951b,5974.30,235.48,24.656892362,54000,54000
a32aa60e9c992010e9867d7f5cf8b124d65b4db9,6257.31,247.12,26.120038316,55000,54000
7b1525c537221f42cd4d8d894acfe2774c573e08,5369.98,209.68,22.389290117,54000,54000
d73ad36f7012dbdb4dd1098e5a133e38db2e97c2,8555.81,332.70,35.683363119,53000,54000
abc42ae3ee8560f7f390bd5d51778f0bcd9e3f73,5398.56,210.39,22.516493348,54000,53000
69683786827e3dd04fb0d38c70c7bce25cde951b,5883.43,231.68,24.241735192,54000,54000
a32aa60e9c992010e9867d7f5cf8b124d65b4db9,6189.75,241.56,25.767916313,53000,54000
7b1525c537221f42cd4d8d894acfe2774c573e08,5290.62,204.85,22.009841902,54000,53000
d73ad36f7012dbdb4dd1098e5a133e38db2e97c2,8646.18,336.42,36.030701279,54000,54000
abc42ae3ee8560f7f390bd5d51778f0bcd9e3f73,5674.15,220.53,23.649623227,54000,54000
69683786827e3dd04fb0d38c70c7bce25cde951b,5867.62,231.21,24.160895423,54000,54000
a32aa60e9c992010e9867d7f5cf8b124d65b4db9,6353.10,248.54,26.443478638,54000,54000
7b1525c537221f42cd4d8d894acfe2774c573e08,5421.40,210.96,22.594529711,54000,54000
d73ad36f7012dbdb4dd1098e5a133e38db2e97c2,8636.29,337.42,36.013344673,54000,54000
abc42ae3ee8560f7f390bd5d51778f0bcd9e3f73,5462.11,213.07,22.804766944,54000,54000
69683786827e3dd04fb0d38c70c7bce25cde951b,5937.86,233.94,24.504306190,54000,55000
a32aa60e9c992010e9867d7f5cf8b124d65b4db9,6311.65,249.01,26.295567764,54000,54000
7b1525c537221f42cd4d8d894acfe2774c573e08,5338.67,207.47,22.221789216,54000,54000
d73ad36f7012dbdb4dd1098e5a133e38db2e97c2,8357.05,325.17,34.835338694,54000,54000
abc42ae3ee8560f7f390bd5d51778f0bcd9e3f73,5370.90,208.68,22.382292989,54000,54000
69683786827e3dd04fb0d38c70c7bce25cde951b,5910.49,232.91,24.336841324,54000,54000
a32aa60e9c992010e9867d7f5cf8b124d65b4db9,6253.20,243.34,26.032028677,54000,54000
7b1525c537221f42cd4d8d894acfe2774c573e08,5444.68,212.89,22.643322611,54000,54000
d73ad36f7012dbdb4dd1098e5a133e38db2e97c2,8546.15,332.49,35.588216605,54000,54000
abc42ae3ee8560f7f390bd5d51778f0bcd9e3f73,5410.36,211.24,22.518421620,54000,54000
69683786827e3dd04fb0d38c70c7bce25cde951b,5953.11,234.77,24.504156592,54000,54000
a32aa60e9c992010e9867d7f5cf8b124d65b4db9,6291.30,246.36,26.203362535,54000,54000
7b1525c537221f42cd4d8d894acfe2774c573e08,5405.96,210.83,22.512026239,54000,54000
d73ad36f7012dbdb4dd1098e5a133e38db2e97c2,8662.39,337.00,36.134830375,54000,54000
abc42ae3ee8560f7f390bd5d51778f0bcd9e3f73,5407.02,211.49,22.540272589,54000,54000
69683786827e3dd04fb0d38c70c7bce25cde951b,5991.62,236.85,24.700366990,54000,54000
a32aa60e9c992010e9867d7f5cf8b124d65b4db9,6294.90,246.14,26.189708972,54000,54000
7b1525c537221f42cd4d8d894acfe2774c573e08,5685.88,221.96,23.668242309,54000,54000
d73ad36f7012dbdb4dd1098e5a133e38db2e97c2,8488.28,329.78,35.333134188,54000,54000
abc42ae3ee8560f7f390bd5d51778f0bcd9e3f73,5409.55,210.24,22.512597090,54000,54000
69683786827e3dd04fb0d38c70c7bce25cde951b,5870.53,231.61,24.168219919,54000,54000
a32aa60e9c992010e9867d7f5cf8b124d65b4db9,6211.00,241.70,25.852253763,54000,54000
7b1525c537221f42cd4d8d894acfe2774c573e08,5456.30,212.57,22.720248610,54000,54000
d73ad36f7012dbdb4dd1098e5a133e38db2e97c2,8551.19,332.86,35.642526339,54000,53000
abc42ae3ee8560f7f390bd5d51778f0bcd9e3f73,5428.93,212.02,22.594433341,54000,54000
69683786827e3dd04fb0d38c70c7bce25cde951b,5933.17,234.61,24.450456108,54000,54000
a32aa60e9c992010e9867d7f5cf8b124d65b4db9,6179.71,242.37,25.738107631,54000,54000
7b1525c537221f42cd4d8d894acfe2774c573e08,5385.41,209.27,22.470127247,54000,54000
d73ad36f7012dbdb4dd1098e5a133e38db2e97c2,8506.07,332.29,35.485360650,55000,54000
abc42ae3ee8560f7f390bd5d51778f0bcd9e3f73,5441.97,212.10,22.692896379,54000,54000
69683786827e3dd04fb0d38c70c7bce25cde951b,5916.59,233.46,24.396143935,54000,54000
a32aa60e9c992010e9867d7f5cf8b124d65b4db9,6207.70,241.21,25.845649356,54000,53000
7b1525c537221f42cd4d8d894acfe2774c573e08,5432.12,211.83,22.614095901,54000,54000
d73ad36f7012dbdb4dd1098e5a133e38db2e97c2,8675.68,338.43,36.184791326,54000,54000
abc42ae3ee8560f7f390bd5d51778f0bcd9e3f73,5447.93,212.04,22.693509151,54000,54000
69683786827e3dd04fb0d38c70c7bce25cde951b,6068.91,238.12,25.066744911,54000,54000
a32aa60e9c992010e9867d7f5cf8b124d65b4db9,6389.32,249.49,26.608131968,55000,54000
7b1525c537221f42cd4d8d894acfe2774c573e08,5456.43,213.31,22.720335601,54000,54000
d73ad36f7012dbdb4dd1098e5a133e38db2e97c2,8509.58,331.43,35.489404796,54000,55000
abc42ae3ee8560f7f390bd5d51778f0bcd9e3f73,5498.60,214.72,22.925721175,54000,54000
69683786827e3dd04fb0d38c70c7bce25cde951b,5889.98,232.33,24.230735933,54000,54000
a32aa60e9c992010e9867d7f5cf8b124d65b4db9,6261.31,244.63,26.066776065,54000,54000
7b1525c537221f42cd4d8d894acfe2774c573e08,5414.25,210.75,22.548153704,54000,55000
d73ad36f7012dbdb4dd1098e5a133e38db2e97c2,8434.40,328.09,35.150124171,54000,54000
abc42ae3ee8560f7f390bd5d51778f0bcd9e3f73,5343.84,208.33,22.246489656,54000,54000
69683786827e3dd04fb0d38c70c7bce25cde951b,5950.32,234.59,24.481947211,54000,54000
a32aa60e9c992010e9867d7f5cf8b124d65b4db9,6277.91,244.08,26.121736039,54000,54000
7b1525c537221f42cd4d8d894acfe2774c573e08,5475.71,213.13,22.810336604,54000,54000
d73ad36f7012dbdb4dd1098e5a133e38db2e97c2,8428.74,327.88,35.123398337,55000,54000
abc42ae3ee8560f7f390bd5d51778f0bcd9e3f73,5374.76,209.05,22.374228253,54000,54000
69683786827e3dd04fb0d38c70c7bce25cde951b,5891.85,231.35,24.286958644,54000,54000
a32aa60e9c992010e9867d7f5cf8b124d65b4db9,6223.97,242.55,25.884398591,54000,54000
7b1525c537221f42cd4d8d894acfe2774c573e08,5513.85,213.93,22.963688684,55000,54000
d73ad36f7012dbdb4dd1098e5a133e38db2e97c2,8416.29,328.04,35.046867163,54000,54000
abc42ae3ee8560f7f390bd5d51778f0bcd9e3f73,5457.46,212.64,22.740585063,55000,54000
69683786827e3dd04fb0d38c70c7bce25cde951b,5935.72,233.87,24.468751435,54000,54000
a32aa60e9c992010e9867d7f5cf8b124d65b4db9,6279.33,245.61,26.155742717,54000,55000
7b1525c537221f42cd4d8d894acfe2774c573e08,5464.10,213.03,22.743643789,54000,55000
d73ad36f7012dbdb4dd1098e5a133e38db2e97c2,8643.97,337.89,36.000118513,56000,54000
abc42ae3ee8560f7f390bd5d51778f0bcd9e3f73,5440.21,212.44,22.609330694,55000,54000
69683786827e3dd04fb0d38c70c7bce25cde951b,5893.46,232.37,24.262541593,54000,54000
a32aa60e9c992010e9867d7f5cf8b124d65b4db9,6231.35,243.08,25.914175057,54000,53000
7b1525c537221f42cd4d8d894acfe2774c573e08,5404.30,211.71,22.473152619,54000,54000
d73ad36f7012dbdb4dd1098e5a133e38db2e97c2,8528.86,331.34,35.498357930,55000,54000
abc42ae3ee8560f7f390bd5d51778f0bcd9e3f73,5417.97,211.44,22.539062271,54000,55000
69683786827e3dd04fb0d38c70c7bce25cde951b,5972.11,236.24,24.608397098,54000,54000
a32aa60e9c992010e9867d7f5cf8b124d65b4db9,6320.60,247.69,26.318360263,54000,53000
7b1525c537221f42cd4d8d894acfe2774c573e08,5443.53,212.48,22.678626317,54000,54000
d73ad36f7012dbdb4dd1098e5a133e38db2e97c2,8585.35,334.90,35.761243140,54000,54000
abc42ae3ee8560f7f390bd5d51778f0bcd9e3f73,5368.91,208.75,22.372341370,54000,54000
69683786827e3dd04fb0d38c70c7bce25cde951b,5881.24,231.38,24.244949745,54000,54000
a32aa60e9c992010e9867d7f5cf8b124d65b4db9,6413.16,251.05,26.699027277,54000,54000
7b1525c537221f42cd4d8d894acfe2774c573e08,5420.64,212.46,22.550488668,54000,54000
d73ad36f7012dbdb4dd1098e5a133e38db2e97c2,8478.16,329.27,35.291982797,54000,55000
abc42ae3ee8560f7f390bd5d51778f0bcd9e3f73,5398.76,210.32,22.461202689,54000,54000
69683786827e3dd04fb0d38c70c7bce25cde951b,5933.41,234.64,24.390326336,54000,54000
a32aa60e9c992010e9867d7f5cf8b124d65b4db9,6261.80,245.24,26.025854757,54000,54000
7b1525c537221f42cd4d8d894acfe2774c573e08,5380.74,209.33,22.377081211,54000,55000
d73ad36f7012dbdb4dd1098e5a133e38db2e97c2,8481.42,330.68,35.304833599,54000,54000
abc42ae3ee8560f7f390bd5d51778f0bcd9e3f73,5344.24,207.68,22.249818731,54000,54000
69683786827e3dd04fb0d38c70c7bce25cde951b,5936.69,234.18,24.471339639,54000,55000
a32aa60e9c992010e9867d7f5cf8b124d65b4db9,6313.81,248.25,26.307030580,54000,54000
7b1525c537221f42cd4d8d894acfe2774c573e08,5306.71,206.44,22.088833646,54000,54000
d73ad36f7012dbdb4dd1098e5a133e38db2e97c2,8466.26,329.70,35.298469492,54000,54000
abc42ae3ee8560f7f390bd5d51778f0bcd9e3f73,5373.52,209.45,22.415826788,54000,54000
69683786827e3dd04fb0d38c70c7bce25cde951b,5989.68,235.89,24.747165367,54000,54000
a32aa60e9c992010e9867d7f5cf8b124d65b4db9,6190.53,242.55,25.781305334,54000,54000
7b1525c537221f42cd4d8d894acfe2774c573e08,5421.63,211.49,22.583974851,54000,54000
d73ad36f7012dbdb4dd1098e5a133e38db2e97c2,8457.58,328.66,35.233782571,54000,54000
abc42ae3ee8560f7f390bd5d51778f0bcd9e3f73,5502.32,214.40,22.916944163,54000,54000
69683786827e3dd04fb0d38c70c7bce25cde951b,5928.55,234.54,24.432898951,54000,54000
a32aa60e9c992010e9867d7f5cf8b124d65b4db9,6306.02,247.44,26.221798202,55000,54000
7b1525c537221f42cd4d8d894acfe2774c573e08,5461.33,213.69,22.745330861,54000,54000
d73ad36f7012dbdb4dd1098e5a133e38db2e97c2,8446.72,329.03,35.196636879,54000,54000
abc42ae3ee8560f7f390bd5d51778f0bcd9e3f73,5422.29,211.79,22.552937204,55000,54000
69683786827e3dd04fb0d38c70c7bce25cde951b,5917.61,233.52,24.405177962,54000,54000
a32aa60e9c992010e9867d7f5cf8b124d65b4db9,6356.85,249.65,26.464167868,55000,54000
7b1525c537221f42cd4d8d894acfe2774c573e08,5515.86,216.07,22.950829453,54000,54000
d73ad36f7012dbdb4dd1098e5a133e38db2e97c2,8429.96,326.80,35.095856472,54000,54000
abc42ae3ee8560f7f390bd5d51778f0bcd9e3f73,5394.40,209.84,22.481455668,54000,54000
69683786827e3dd04fb0d38c70c7bce25cde951b,5923.44,233.74,24.401241550,54000,54000
a32aa60e9c992010e9867d7f5cf8b124d65b4db9,6194.83,241.09,25.790192910,54000,54000
7b1525c537221f42cd4d8d894acfe2774c573e08,5550.84,216.45,23.119390293,54000,54000
d73ad36f7012dbdb4dd1098e5a133e38db2e97c2,8494.87,331.34,35.358990717,54000,54000
abc42ae3ee8560f7f390bd5d51778f0bcd9e3f73,5383.66,209.74,22.399402054,54000,54000
69683786827e3dd04fb0d38c70c7bce25cde951b,5917.72,232.81,24.366124950,54000,54000
a32aa60e9c992010e9867d7f5cf8b124d65b4db9,6203.63,242.14,25.815108021,54000,54000
7b1525c537221f42cd4d8d894acfe2774c573e08,5445.50,212.36,22.676136826,54000,55000
d73ad36f7012dbdb4dd1098e5a133e38db2e97c2,8379.30,326.34,34.936432627,54000,54000
abc42ae3ee8560f7f390bd5d51778f0bcd9e3f73,5491.30,214.65,22.921284615,54000,54000
69683786827e3dd04fb0d38c70c7bce25cde951b,5854.96,230.84,24.175985299,54000,54000
a32aa60e9c992010e9867d7f5cf8b124d65b4db9,6285.86,246.66,26.199770401,54000,54000
3176f9f89acf80be74dc7f668bb40c4d570190e3,5726.26,225.71,23.921389693,53000,54000
2025c8b9974ea273fa007a84735009a4586f59be,5896.17,232.96,24.361846240,54000,54000
b93e596e00ffa6d329f0f127699544c6a4fcf949,6773.79,264.64,28.258541837,54000,54000
3176f9f89acf80be74dc7f668bb40c4d570190e3,5746.95,226.37,23.950419150,54000,54000
2025c8b9974ea273fa007a84735009a4586f59be,6030.68,237.18,24.886232742,54000,54000
b93e596e00ffa6d329f0f127699544c6a4fcf949,6684.39,259.44,27.876695645,54000,55000
3176f9f89acf80be74dc7f668bb40c4d570190e3,5619.87,220.34,23.379744539,54000,55000
2025c8b9974ea273fa007a84735009a4586f59be,6037.43,237.69,24.974420674,55000,54000
b93e596e00ffa6d329f0f127699544c6a4fcf949,6661.94,260.27,27.867573911,54000,55000
3176f9f89acf80be74dc7f668bb40c4d570190e3,5631.07,221.50,23.464791030,55000,54000
2025c8b9974ea273fa007a84735009a4586f59be,6079.72,240.34,25.186863366,54000,54000
b93e596e00ffa6d329f0f127699544c6a4fcf949,6731.10,263.02,28.135654303,54000,54000
3176f9f89acf80be74dc7f668bb40c4d570190e3,5622.22,220.13,23.434826708,54000,54000
2025c8b9974ea273fa007a84735009a4586f59be,5956.74,235.04,24.681436531,54000,54000
b93e596e00ffa6d329f0f127699544c6a4fcf949,6790.72,265.11,28.407575923,55000,54000
3176f9f89acf80be74dc7f668bb40c4d570190e3,5557.28,219.04,23.126470123,55000,54000
2025c8b9974ea273fa007a84735009a4586f59be,6095.31,239.22,25.177149726,54000,54000
b93e596e00ffa6d329f0f127699544c6a4fcf949,6776.62,262.29,28.241350940,55000,54000
3176f9f89acf80be74dc7f668bb40c4d570190e3,5576.74,218.37,23.167569333,55000,55000
2025c8b9974ea273fa007a84735009a4586f59be,5869.90,230.99,24.170684653,54000,55000
b93e596e00ffa6d329f0f127699544c6a4fcf949,6785.67,262.90,28.287910309,54000,54000
3176f9f89acf80be74dc7f668bb40c4d570190e3,5606.15,218.87,23.309368745,54000,55000
2025c8b9974ea273fa007a84735009a4586f59be,5938.59,233.92,24.523865059,54000,55000
b93e596e00ffa6d329f0f127699544c6a4fcf949,6744.11,262.62,28.170814485,55000,54000
3176f9f89acf80be74dc7f668bb40c4d570190e3,5520.09,215.72,22.962004506,54000,54000
2025c8b9974ea273fa007a84735009a4586f59be,5949.85,235.03,24.544919104,54000,54000
b93e596e00ffa6d329f0f127699544c6a4fcf949,6806.85,265.39,28.384792726,55000,54000
3176f9f89acf80be74dc7f668bb40c4d570190e3,5633.59,220.86,23.419920795,54000,54000
2025c8b9974ea273fa007a84735009a4586f59be,5973.37,235.76,24.632488216,54000,54000
b93e596e00ffa6d329f0f127699544c6a4fcf949,6780.87,263.70,28.248870704,54000,54000
3176f9f89acf80be74dc7f668bb40c4d570190e3,5558.00,217.38,23.085045615,54000,54000
2025c8b9974ea273fa007a84735009a4586f59be,6067.67,238.96,25.035594457,54000,54000
b93e596e00ffa6d329f0f127699544c6a4fcf949,6850.26,265.94,28.556180413,54000,55000
3176f9f89acf80be74dc7f668bb40c4d570190e3,5489.60,214.73,22.802802531,55000,55000
2025c8b9974ea273fa007a84735009a4586f59be,6030.04,237.38,24.909240392,54000,54000
b93e596e00ffa6d329f0f127699544c6a4fcf949,6777.71,264.31,28.291441207,54000,55000
3176f9f89acf80be74dc7f668bb40c4d570190e3,5688.21,223.74,23.655192884,54000,54000
2025c8b9974ea273fa007a84735009a4586f59be,5933.98,233.85,24.538754375,54000,54000
b93e596e00ffa6d329f0f127699544c6a4fcf949,6771.48,263.75,28.303216491,54000,54000
3176f9f89acf80be74dc7f668bb40c4d570190e3,5604.96,220.28,23.374657369,55000,54000
2025c8b9974ea273fa007a84735009a4586f59be,5835.35,230.78,24.122286743,54000,54000
b93e596e00ffa6d329f0f127699544c6a4fcf949,6805.98,265.34,28.452038169,55000,55000
3176f9f89acf80be74dc7f668bb40c4d570190e3,5676.09,224.57,23.668492957,54000,54000
2025c8b9974ea273fa007a84735009a4586f59be,6128.18,242.76,25.362055605,55000,54000
b93e596e00ffa6d329f0f127699544c6a4fcf949,6821.75,266.16,28.495477031,54000,54000
3176f9f89acf80be74dc7f668bb40c4d570190e3,5654.78,223.24,23.538351914,54000,54000
2025c8b9974ea273fa007a84735009a4586f59be,5936.34,234.96,24.449848137,55000,54000
b93e596e00ffa6d329f0f127699544c6a4fcf949,6893.04,268.63,28.769603594,54000,54000
3176f9f89acf80be74dc7f668bb40c4d570190e3,5588.98,219.75,23.224848893,54000,55000
2025c8b9974ea273fa007a84735009a4586f59be,5955.69,235.21,24.551055017,55000,54000
b93e596e00ffa6d329f0f127699544c6a4fcf949,6870.32,268.34,28.657016844,54000,54000
3176f9f89acf80be74dc7f668bb40c4d570190e3,5591.66,222.29,23.254175185,55000,54000
2025c8b9974ea273fa007a84735009a4586f59be,6003.08,237.63,24.747069146,54000,55000
b93e596e00ffa6d329f0f127699544c6a4fcf949,6892.84,269.74,28.773182259,55000,54000
3176f9f89acf80be74dc7f668bb40c4d570190e3,5568.50,218.64,23.133515492,55000,54000
2025c8b9974ea273fa007a84735009a4586f59be,5938.91,234.48,24.498853187,54000,55000
b93e596e00ffa6d329f0f127699544c6a4fcf949,6775.51,265.40,28.269602841,54000,54000
3176f9f89acf80be74dc7f668bb40c4d570190e3,5688.32,223.57,23.627516815,55000,54000
2025c8b9974ea273fa007a84735009a4586f59be,5882.02,231.78,24.272029782,54000,54000
b93e596e00ffa6d329f0f127699544c6a4fcf949,6881.35,269.03,28.696086525,54000,54000
3176f9f89acf80be74dc7f668bb40c4d570190e3,5590.12,218.57,23.219147959,54000,54000
2025c8b9974ea273fa007a84735009a4586f59be,5953.01,235.59,24.505295792,54000,54000
b93e596e00ffa6d329f0f127699544c6a4fcf949,6870.96,268.40,28.626734698,54000,54000
3176f9f89acf80be74dc7f668bb40c4d570190e3,5765.64,226.95,23.986025024,55000,54000
2025c8b9974ea273fa007a84735009a4586f59be,6098.25,240.28,25.171652905,54000,54000
b93e596e00ffa6d329f0f127699544c6a4fcf949,6764.21,264.57,28.161511516,54000,55000
3176f9f89acf80be74dc7f668bb40c4d570190e3,5544.03,217.61,22.988181137,55000,54000
2025c8b9974ea273fa007a84735009a4586f59be,6135.38,241.81,25.283250367,54000,54000
b93e596e00ffa6d329f0f127699544c6a4fcf949,6844.20,267.24,28.514300352,54000,54000
3176f9f89acf80be74dc7f668bb40c4d570190e3,5657.58,221.21,23.507211682,54000,55000
2025c8b9974ea273fa007a84735009a4586f59be,5987.28,236.96,24.668494720,54000,54000
b93e596e00ffa6d329f0f127699544c6a4fcf949,6885.37,269.11,28.743617112,54000,54000
3176f9f89acf80be74dc7f668bb40c4d570190e3,5598.56,219.33,23.282471369,53000,54000
2025c8b9974ea273fa007a84735009a4586f59be,5970.69,236.45,24.637142303,54000,54000
b93e596e00ffa6d329f0f127699544c6a4fcf949,6815.64,264.61,28.426935055,54000,54000
3176f9f89acf80be74dc7f668bb40c4d570190e3,5603.15,220.32,23.266992379,54000,54000
2025c8b9974ea273fa007a84735009a4586f59be,5949.33,234.17,24.490412006,55000,54000
b93e596e00ffa6d329f0f127699544c6a4fcf949,6750.24,262.80,28.112809051,54000,54000
3176f9f89acf80be74dc7f668bb40c4d570190e3,5598.32,219.40,23.208085925,54000,54000
2025c8b9974ea273fa007a84735009a4586f59be,6015.51,238.50,24.719813024,54000,54000
b93e596e00ffa6d329f0f127699544c6a4fcf949,6746.33,261.84,28.110038778,54000,54000
3176f9f89acf80be74dc7f668bb40c4d570190e3,5536.90,217.41,22.975315932,54000,54000
2025c8b9974ea273fa007a84735009a4586f59be,5971.41,234.70,24.659902302,54000,54000
b93e596e00ffa6d329f0f127699544c6a4fcf949,6857.78,267.67,28.663016640,54000,53000
3176f9f89acf80be74dc7f668bb40c4d570190e3,5609.17,220.89,23.353519867,54000,54000
2025c8b9974ea273fa007a84735009a4586f59be,6047.02,239.29,24.975613841,54000,54000
b93e596e00ffa6d329f0f127699544c6a4fcf949,6861.77,268.50,28.693198994,54000,54000
3176f9f89acf80be74dc7f668bb40c4d570190e3,5518.73,217.12,22.948019237,54000,54000
2025c8b9974ea273fa007a84735009a4586f59be,5995.75,236.72,24.734701339,54000,54000
b93e596e00ffa6d329f0f127699544c6a4fcf949,6685.18,259.91,27.906784027,54000,54000
5876de3b01ec07b1d297f09ec21d1987e20f6a97,6226.16,244.70,26.062238149,54000,54000
fb4f584254e16a0b6b2e7fe18fc8f22b62990c85,8364.94,327.22,35.020912654,54000,55000
caa7496f42a0fd87613b88a6ab172e1f74154dc5,5330.86,209.43,22.337031758,54000,54000
e098096e7a754aa173e2608ffb14a0bb1973f593,5733.53,227.95,23.985232527,55000,54000
5876de3b01ec07b1d297f09ec21d1987e20f6a97,6199.09,242.84,25.965809290,54000,54000
fb4f584254e16a0b6b2e7fe18fc8f22b62990c85,8522.30,333.26,35.654498823,54000,55000
caa7496f42a0fd87613b88a6ab172e1f74154dc5,5431.84,212.95,22.739437987,54000,54000
e098096e7a754aa173e2608ffb14a0bb1973f593,5595.54,219.62,23.361136888,54000,54000
5876de3b01ec07b1d297f09ec21d1987e20f6a97,6214.18,244.12,25.932755482,54000,55000
fb4f584254e16a0b6b2e7fe18fc8f22b62990c85,8479.63,331.58,35.366864843,54000,54000
caa7496f42a0fd87613b88a6ab172e1f74154dc5,5353.84,209.22,22.312621577,55000,54000
e098096e7a754aa173e2608ffb14a0bb1973f593,5519.52,215.48,22.966942570,54000,54000
5876de3b01ec07b1d297f09ec21d1987e20f6a97,6277.82,246.46,26.179417115,54000,54000
fb4f584254e16a0b6b2e7fe18fc8f22b62990c85,8475.48,331.04,35.299508747,54000,54000
caa7496f42a0fd87613b88a6ab172e1f74154dc5,5379.79,209.80,22.407169851,54000,54000
e098096e7a754aa173e2608ffb14a0bb1973f593,5525.43,215.80,22.974625029,54000,55000
5876de3b01ec07b1d297f09ec21d1987e20f6a97,6227.52,245.16,25.969609357,54000,54000
fb4f584254e16a0b6b2e7fe18fc8f22b62990c85,8419.18,329.15,35.083750470,54000,54000
caa7496f42a0fd87613b88a6ab172e1f74154dc5,5367.68,209.51,22.351660194,54000,54000
e098096e7a754aa173e2608ffb14a0bb1973f593,5624.96,220.82,23.380015639,53000,54000
5876de3b01ec07b1d297f09ec21d1987e20f6a97,6275.52,246.31,26.132654052,54000,54000
fb4f584254e16a0b6b2e7fe18fc8f22b62990c85,8616.54,334.61,35.911098807,54000,54000
caa7496f42a0fd87613b88a6ab172e1f74154dc5,5355.26,208.66,22.310530289,54000,54000
e098096e7a754aa173e2608ffb14a0bb1973f593,5509.15,214.58,22.926985929,54000,54000
5876de3b01ec07b1d297f09ec21d1987e20f6a97,6221.29,243.74,25.910869224,54000,55000
fb4f584254e16a0b6b2e7fe18fc8f22b62990c85,8465.02,329.81,35.228496843,55000,54000
caa7496f42a0fd87613b88a6ab172e1f74154dc5,5383.71,209.57,22.418507998,54000,54000
e098096e7a754aa173e2608ffb14a0bb1973f593,5558.14,218.42,23.087347649,54000,54000
5876de3b01ec07b1d297f09ec21d1987e20f6a97,6190.28,241.92,25.771073479,54000,54000
fb4f584254e16a0b6b2e7fe18fc8f22b62990c85,8476.44,330.17,35.333457870,54000,54000
caa7496f42a0fd87613b88a6ab172e1f74154dc5,5334.97,208.20,22.243071929,54000,54000
e098096e7a754aa173e2608ffb14a0bb1973f593,5579.39,217.92,23.226321013,54000,54000
5876de3b01ec07b1d297f09ec21d1987e20f6a97,6425.87,251.81,26.801648702,54000,55000
fb4f584254e16a0b6b2e7fe18fc8f22b62990c85,8511.06,332.98,35.467675963,54000,54000
caa7496f42a0fd87613b88a6ab172e1f74154dc5,5391.81,210.01,22.492461757,54000,54000
e098096e7a754aa173e2608ffb14a0bb1973f593,5563.09,217.84,23.170350986,54000,54000
5876de3b01ec07b1d297f09ec21d1987e20f6a97,6135.70,240.02,25.557950766,54000,54000
fb4f584254e16a0b6b2e7fe18fc8f22b62990c85,8476.69,330.04,35.279302612,54000,54000
caa7496f42a0fd87613b88a6ab172e1f74154dc5,5342.84,207.79,22.238924221,54000,54000
e098096e7a754aa173e2608ffb14a0bb1973f593,5496.85,213.82,22.851255141,53000,54000
5876de3b01ec07b1d297f09ec21d1987e20f6a97,6239.70,243.87,25.969055335,54000,54000
fb4f584254e16a0b6b2e7fe18fc8f22b62990c85,8523.06,329.47,35.523009052,54000,54000
caa7496f42a0fd87613b88a6ab172e1f74154dc5,5354.43,209.20,22.325748846,54000,54000
e098096e7a754aa173e2608ffb14a0bb1973f593,5512.97,216.08,22.964673043,54000,54000
5876de3b01ec07b1d297f09ec21d1987e20f6a97,6247.40,245.27,26.065169232,54000,54000
fb4f584254e16a0b6b2e7fe18fc8f22b62990c85,8385.35,325.67,34.967222254,54000,53000
caa7496f42a0fd87613b88a6ab172e1f74154dc5,5375.42,209.83,22.452861882,53000,54000
e098096e7a754aa173e2608ffb14a0bb1973f593,5544.83,216.76,23.106429742,54000,54000
5876de3b01ec07b1d297f09ec21d1987e20f6a97,6224.89,242.81,26.005240385,54000,54000
fb4f584254e16a0b6b2e7fe18fc8f22b62990c85,8659.41,337.86,36.118918646,54000,54000
caa7496f42a0fd87613b88a6ab172e1f74154dc5,5396.75,210.87,22.496218288,54000,54000
e098096e7a754aa173e2608ffb14a0bb1973f593,5561.75,218.36,23.146626015,54000,54000
5876de3b01ec07b1d297f09ec21d1987e20f6a97,6318.31,247.53,26.300881766,54000,55000
fb4f584254e16a0b6b2e7fe18fc8f22b62990c85,8537.17,332.04,35.527445808,54000,54000
caa7496f42a0fd87613b88a6ab172e1f74154dc5,5468.29,212.53,22.775652359,55000,54000
e098096e7a754aa173e2608ffb14a0bb1973f593,5608.37,219.33,23.322329147,54000,54000
5876de3b01ec07b1d297f09ec21d1987e20f6a97,6193.64,242.46,25.788852934,54000,54000
fb4f584254e16a0b6b2e7fe18fc8f22b62990c85,8516.05,330.24,35.516783316,54000,54000
caa7496f42a0fd87613b88a6ab172e1f74154dc5,5317.67,207.66,22.167324265,54000,54000
e098096e7a754aa173e2608ffb14a0bb1973f593,5661.58,221.41,23.592282087,54000,54000
5876de3b01ec07b1d297f09ec21d1987e20f6a97,6291.69,247.06,26.254707615,54000,54000
fb4f584254e16a0b6b2e7fe18fc8f22b62990c85,8471.06,328.78,35.383458955,54000,54000
caa7496f42a0fd87613b88a6ab172e1f74154dc5,5366.70,209.47,22.439599630,54000,54000
e098096e7a754aa173e2608ffb14a0bb1973f593,5533.08,216.16,23.065417465,54000,54000
5876de3b01ec07b1d297f09ec21d1987e20f6a97,6310.75,246.47,26.366706211,54000,54000
fb4f584254e16a0b6b2e7fe18fc8f22b62990c85,8409.70,326.18,35.057218504,54000,54000
caa7496f42a0fd87613b88a6ab172e1f74154dc5,5334.31,207.87,22.238528513,55000,55000
e098096e7a754aa173e2608ffb14a0bb1973f593,5537.44,215.84,23.071817643,54000,54000
5876de3b01ec07b1d297f09ec21d1987e20f6a97,6250.42,245.35,26.047043916,54000,54000
fb4f584254e16a0b6b2e7fe18fc8f22b62990c85,8487.61,331.04,35.378015995,54000,55000
caa7496f42a0fd87613b88a6ab172e1f74154dc5,5348.16,208.69,22.273924856,55000,54000
e098096e7a754aa173e2608ffb14a0bb1973f593,5553.64,218.81,23.125323899,54000,54000
5876de3b01ec07b1d297f09ec21d1987e20f6a97,6202.42,242.32,25.828331544,54000,54000
fb4f584254e16a0b6b2e7fe18fc8f22b62990c85,8698.28,339.08,36.213764644,54000,54000
caa7496f42a0fd87613b88a6ab172e1f74154dc5,5333.11,207.97,22.200470694,54000,54000
e098096e7a754aa173e2608ffb14a0bb1973f593,5688.58,222.99,23.636012985,54000,54000
5876de3b01ec07b1d297f09ec21d1987e20f6a97,6303.04,247.01,26.244950294,54000,54000
fb4f584254e16a0b6b2e7fe18fc8f22b62990c85,8654.85,337.10,36.049542527,54000,54000
caa7496f42a0fd87613b88a6ab172e1f74154dc5,5277.45,205.62,21.980141563,54000,53000
e098096e7a754aa173e2608ffb14a0bb1973f593,5625.26,220.71,23.390213872,54000,54000
5876de3b01ec07b1d297f09ec21d1987e20f6a97,6252.31,244.72,26.031917310,54000,55000
fb4f584254e16a0b6b2e7fe18fc8f22b62990c85,8544.36,332.75,35.576169967,54000,54000
caa7496f42a0fd87613b88a6ab172e1f74154dc5,5423.27,210.97,22.584124665,54000,54000
e098096e7a754aa173e2608ffb14a0bb1973f593,5596.38,219.78,23.263633408,54000,54000
5876de3b01ec07b1d297f09ec21d1987e20f6a97,6179.08,241.79,25.702857844,54000,54000
fb4f584254e16a0b6b2e7fe18fc8f22b62990c85,8518.64,332.16,35.474384066,54000,54000
caa7496f42a0fd87613b88a6ab172e1f74154dc5,5384.02,209.96,22.413434007,55000,54000
e098096e7a754aa173e2608ffb14a0bb1973f593,5643.40,221.95,23.481156176,54000,55000
5876de3b01ec07b1d297f09ec21d1987e20f6a97,6191.68,241.70,25.775907608,54000,54000
fb4f584254e16a0b6b2e7fe18fc8f22b62990c85,8395.13,326.63,34.951351439,54000,54000
caa7496f42a0fd87613b88a6ab172e1f74154dc5,5396.54,210.90,22.455667127,54000,54000
e098096e7a754aa173e2608ffb14a0bb1973f593,5611.43,219.47,23.309803354,54000,53000
5876de3b01ec07b1d297f09ec21d1987e20f6a97,6189.66,242.14,25.735179331,53000,54000
fb4f584254e16a0b6b2e7fe18fc8f22b62990c85,8377.38,326.64,34.819711874,54000,54000
caa7496f42a0fd87613b88a6ab172e1f74154dc5,5391.98,209.94,22.448266205,54000,54000
e098096e7a754aa173e2608ffb14a0bb1973f593,5476.97,214.50,22.749878177,54000,54000
5876de3b01ec07b1d297f09ec21d1987e20f6a97,6317.12,248.07,26.307444221,54000,54000
fb4f584254e16a0b6b2e7fe18fc8f22b62990c85,8439.25,329.54,35.126631578,55000,54000
caa7496f42a0fd87613b88a6ab172e1f74154dc5,5505.79,214.43,22.929325556,54000,54000
e098096e7a754aa173e2608ffb14a0bb1973f593,5447.47,213.22,22.644230852,54000,54000
5876de3b01ec07b1d297f09ec21d1987e20f6a97,6218.74,244.16,25.903425986,54000,54000
fb4f584254e16a0b6b2e7fe18fc8f22b62990c85,8470.34,330.08,35.284754426,54000,54000
caa7496f42a0fd87613b88a6ab172e1f74154dc5,5492.80,214.65,22.868669440,54000,54000
e098096e7a754aa173e2608ffb14a0bb1973f593,5526.51,216.36,22.942797437,54000,54000
5876de3b01ec07b1d297f09ec21d1987e20f6a97,6322.33,247.96,26.283694917,54000,54000
fb4f584254e16a0b6b2e7fe18fc8f22b62990c85,8530.67,331.21,35.429283589,54000,54000
caa7496f42a0fd87613b88a6ab172e1f74154dc5,5380.42,208.83,22.390752340,54000,55000
e098096e7a754aa173e2608ffb14a0bb1973f593,5457.80,211.94,22.676433924,55000,54000
5876de3b01ec07b1d297f09ec21d1987e20f6a97,6231.80,241.66,25.925654808,54000,54000
fb4f584254e16a0b6b2e7fe18fc8f22b62990c85,8502.89,330.00,35.374042595,54000,54000
caa7496f42a0fd87613b88a6ab172e1f74154dc5,5468.71,212.74,22.783292182,54000,54000
e098096e7a754aa173e2608ffb14a0bb1973f593,5622.03,219.94,23.366031887,55000,55000
5876de3b01ec07b1d297f09ec21d1987e20f6a97,6251.20,244.81,26.036915417,54000,54000
fb4f584254e16a0b6b2e7fe18fc8f22b62990c85,8426.36,328.03,35.090431752,54000,54000
caa7496f42a0fd87613b88a6ab172e1f74154dc5,5384.34,209.49,22.431125527,54000,54000
e098096e7a754aa173e2608ffb14a0bb1973f593,5507.08,214.54,22.902205009,54000,54000
5876de3b01ec07b1d297f09ec21d1987e20f6a97,6385.70,250.25,26.686762410,54000,54000
fb4f584254e16a0b6b2e7fe18fc8f22b62990c85,8412.93,326.16,35.104741286,54000,54000
caa7496f42a0fd87613b88a6ab172e1f74154dc5,5400.07,210.11,22.508002807,54000,54000
e098096e7a754aa173e2608ffb14a0bb1973f593,5646.08,220.93,23.518791264,54000,54000
462b8d9106caddd9a8d7ab41a1e312891113266a,5356.75,210.04,22.382445898,55000,54000
216885c2ebf38d67e0f76d37c2ce8a405942ecf2,6658.31,259.02,27.815611310,55000,54000
6176c1bb5b6a78abd0aa85960a1061732213b53e,5906.93,233.56,24.444735979,54000,54000
12f3faf5ccad582b5265fd7ac13161532f65660c,5586.37,219.27,23.280675357,54000,55000
462b8d9106caddd9a8d7ab41a1e312891113266a,5349.03,208.71,22.365380306,54000,55000
216885c2ebf38d67e0f76d37c2ce8a405942ecf2,6801.75,265.06,28.495288690,54000,55000
6176c1bb5b6a78abd0aa85960a1061732213b53e,6045.41,238.28,24.981245889,55000,54000
12f3faf5ccad582b5265fd7ac13161532f65660c,5656.69,220.85,23.617304032,54000,54000
462b8d9106caddd9a8d7ab41a1e312891113266a,5314.37,207.58,22.204178832,54000,54000
216885c2ebf38d67e0f76d37c2ce8a405942ecf2,6751.19,261.77,28.218292208,54000,56000
6176c1bb5b6a78abd0aa85960a1061732213b53e,5974.38,235.94,24.670936051,55000,55000
12f3faf5ccad582b5265fd7ac13161532f65660c,5766.48,227.11,24.034556816,54000,54000
462b8d9106caddd9a8d7ab41a1e312891113266a,5398.13,211.36,22.509097841,54000,55000
216885c2ebf38d67e0f76d37c2ce8a405942ecf2,6901.61,268.55,28.794567381,54000,54000
6176c1bb5b6a78abd0aa85960a1061732213b53e,5934.82,233.98,24.449734668,54000,55000
12f3faf5ccad582b5265fd7ac13161532f65660c,5529.45,215.94,22.980671706,55000,54000
462b8d9106caddd9a8d7ab41a1e312891113266a,5439.57,211.93,22.686613067,54000,55000
216885c2ebf38d67e0f76d37c2ce8a405942ecf2,6780.06,263.74,28.302240517,54000,55000
6176c1bb5b6a78abd0aa85960a1061732213b53e,5924.68,233.28,24.449431464,54000,55000
12f3faf5ccad582b5265fd7ac13161532f65660c,5539.30,215.61,23.076627235,54000,55000
462b8d9106caddd9a8d7ab41a1e312891113266a,5402.26,210.84,22.540675372,54000,54000
216885c2ebf38d67e0f76d37c2ce8a405942ecf2,6765.98,263.60,28.260075768,55000,55000
6176c1bb5b6a78abd0aa85960a1061732213b53e,5950.45,234.45,24.547427559,55000,55000
12f3faf5ccad582b5265fd7ac13161532f65660c,5607.60,218.61,23.344141577,55000,55000
462b8d9106caddd9a8d7ab41a1e312891113266a,5309.44,206.15,22.145021571,54000,55000
216885c2ebf38d67e0f76d37c2ce8a405942ecf2,6727.07,261.23,28.051362562,55000,54000
6176c1bb5b6a78abd0aa85960a1061732213b53e,5864.52,230.54,24.232075026,54000,55000
12f3faf5ccad582b5265fd7ac13161532f65660c,5494.60,214.36,22.825366267,54000,54000
462b8d9106caddd9a8d7ab41a1e312891113266a,5429.92,211.79,22.595569076,55000,56000
216885c2ebf38d67e0f76d37c2ce8a405942ecf2,6751.58,261.65,28.104561294,55000,55000
6176c1bb5b6a78abd0aa85960a1061732213b53e,5928.75,233.87,24.416360613,54000,54000
12f3faf5ccad582b5265fd7ac13161532f65660c,5559.08,217.32,23.101808388,54000,55000
462b8d9106caddd9a8d7ab41a1e312891113266a,5409.29,211.33,22.537281226,54000,54000
216885c2ebf38d67e0f76d37c2ce8a405942ecf2,6744.65,261.70,28.122038176,55000,54000
6176c1bb5b6a78abd0aa85960a1061732213b53e,5936.48,234.47,24.480705419,54000,54000
12f3faf5ccad582b5265fd7ac13161532f65660c,5599.36,219.02,23.311286040,54000,54000
462b8d9106caddd9a8d7ab41a1e312891113266a,5340.99,207.96,22.309743257,55000,55000
216885c2ebf38d67e0f76d37c2ce8a405942ecf2,6726.64,262.22,28.126150460,55000,55000
6176c1bb5b6a78abd0aa85960a1061732213b53e,6065.23,238.85,25.067223445,56000,54000
12f3faf5ccad582b5265fd7ac13161532f65660c,5547.51,216.91,23.096130957,55000,54000
462b8d9106caddd9a8d7ab41a1e312891113266a,5538.87,217.05,23.152824976,55000,54000
216885c2ebf38d67e0f76d37c2ce8a405942ecf2,6796.53,263.81,28.395374229,54000,54000
6176c1bb5b6a78abd0aa85960a1061732213b53e,5978.83,236.02,24.657672157,54000,54000
12f3faf5ccad582b5265fd7ac13161532f65660c,5648.21,221.88,23.498228286,56000,54000
462b8d9106caddd9a8d7ab41a1e312891113266a,5376.78,209.63,22.393818188,54000,54000
216885c2ebf38d67e0f76d37c2ce8a405942ecf2,6857.02,266.08,28.567405426,54000,54000
6176c1bb5b6a78abd0aa85960a1061732213b53e,5952.90,235.99,24.514995334,55000,55000
12f3faf5ccad582b5265fd7ac13161532f65660c,5644.61,221.64,23.468637791,55000,54000
462b8d9106caddd9a8d7ab41a1e312891113266a,5342.18,207.24,22.269433178,54000,55000
216885c2ebf38d67e0f76d37c2ce8a405942ecf2,6804.99,264.11,28.406737818,55000,54000
6176c1bb5b6a78abd0aa85960a1061732213b53e,5922.12,232.79,24.498231159,54000,54000
12f3faf5ccad582b5265fd7ac13161532f65660c,5619.50,219.96,23.414086371,55000,54000
462b8d9106caddd9a8d7ab41a1e312891113266a,5302.68,208.42,22.143354228,54000,54000
216885c2ebf38d67e0f76d37c2ce8a405942ecf2,6785.83,264.68,28.348230263,54000,54000
6176c1bb5b6a78abd0aa85960a1061732213b53e,5953.51,234.25,24.608213922,54000,54000
12f3faf5ccad582b5265fd7ac13161532f65660c,5521.41,215.05,22.940924823,54000,53000
462b8d9106caddd9a8d7ab41a1e312891113266a,5444.81,212.26,22.707461718,54000,54000
216885c2ebf38d67e0f76d37c2ce8a405942ecf2,6934.07,269.52,28.918284810,54000,54000
6176c1bb5b6a78abd0aa85960a1061732213b53e,6094.48,239.45,25.145310578,54000,54000
12f3faf5ccad582b5265fd7ac13161532f65660c,5545.48,215.86,23.013694447,54000,54000
462b8d9106caddd9a8d7ab41a1e312891113266a,5396.54,209.98,22.457136509,54000,54000
216885c2ebf38d67e0f76d37c2ce8a405942ecf2,6766.66,263.31,28.186727470,53000,55000
6176c1bb5b6a78abd0aa85960a1061732213b53e,5880.94,231.99,24.226719324,54000,54000
12f3faf5ccad582b5265fd7ac13161532f65660c,5611.64,219.69,23.342202864,53000,54000
462b8d9106caddd9a8d7ab41a1e312891113266a,5333.87,208.08,22.241334956,54000,54000
216885c2ebf38d67e0f76d37c2ce8a405942ecf2,6789.96,264.41,28.334371924,54000,54000
6176c1bb5b6a78abd0aa85960a1061732213b53e,5941.15,234.60,24.482543454,55000,54000
12f3faf5ccad582b5265fd7ac13161532f65660c,5691.91,223.13,23.715384630,54000,53000
462b8d9106caddd9a8d7ab41a1e312891113266a,5369.11,209.46,22.435452384,54000,54000
216885c2ebf38d67e0f76d37c2ce8a405942ecf2,6725.22,262.89,28.075463649,54000,54000
6176c1bb5b6a78abd0aa85960a1061732213b53e,5975.40,235.73,24.622558154,54000,54000
12f3faf5ccad582b5265fd7ac13161532f65660c,5546.79,216.42,23.042306694,55000,54000
462b8d9106caddd9a8d7ab41a1e312891113266a,5396.24,211.24,22.478024842,55000,54000
216885c2ebf38d67e0f76d37c2ce8a405942ecf2,6838.34,265.67,28.479335639,55000,54000
6176c1bb5b6a78abd0aa85960a1061732213b53e,5938.48,233.54,24.434801534,54000,54000
12f3faf5ccad582b5265fd7ac13161532f65660c,5668.66,223.08,23.556046559,54000,54000
462b8d9106caddd9a8d7ab41a1e312891113266a,5404.29,210.60,22.475062671,54000,54000
216885c2ebf38d67e0f76d37c2ce8a405942ecf2,6803.95,264.58,28.349550283,54000,54000
6176c1bb5b6a78abd0aa85960a1061732213b53e,5926.05,233.23,24.417729932,54000,55000
12f3faf5ccad582b5265fd7ac13161532f65660c,5544.70,215.83,23.048992783,54000,54000
462b8d9106caddd9a8d7ab41a1e312891113266a,5321.84,206.31,22.175680537,54000,54000
216885c2ebf38d67e0f76d37c2ce8a405942ecf2,6780.86,264.59,28.315049186,54000,54000
6176c1bb5b6a78abd0aa85960a1061732213b53e,6140.79,240.94,25.355887728,54000,54000
12f3faf5ccad582b5265fd7ac13161532f65660c,5615.78,220.30,23.355428371,54000,54000
462b8d9106caddd9a8d7ab41a1e312891113266a,5423.04,210.46,22.593954627,54000,54000
216885c2ebf38d67e0f76d37c2ce8a405942ecf2,6770.95,263.15,28.202478440,54000,54000
6176c1bb5b6a78abd0aa85960a1061732213b53e,5918.91,232.50,24.401547147,54000,54000
12f3faf5ccad582b5265fd7ac13161532f65660c,5595.92,217.82,23.243464205,54000,54000
462b8d9106caddd9a8d7ab41a1e312891113266a,5502.59,215.15,22.893473303,54000,54000
216885c2ebf38d67e0f76d37c2ce8a405942ecf2,6869.92,267.23,28.606195282,55000,54000
6176c1bb5b6a78abd0aa85960a1061732213b53e,5931.95,232.46,24.430890069,55000,54000
12f3faf5ccad582b5265fd7ac13161532f65660c,5577.11,217.03,23.150250349,54000,55000
462b8d9106caddd9a8d7ab41a1e312891113266a,5335.98,207.65,22.193744430,54000,55000
216885c2ebf38d67e0f76d37c2ce8a405942ecf2,6802.99,263.25,28.345046143,54000,54000
6176c1bb5b6a78abd0aa85960a1061732213b53e,5961.18,234.66,24.540157981,54000,54000
12f3faf5ccad582b5265fd7ac13161532f65660c,5525.35,215.37,22.973826143,54000,54000
462b8d9106caddd9a8d7ab41a1e312891113266a,5309.77,206.80,22.134684259,54000,54000
216885c2ebf38d67e0f76d37c2ce8a405942ecf2,6835.65,266.95,28.541740773,54000,54000
6176c1bb5b6a78abd0aa85960a1061732213b53e,5915.86,233.43,24.356568294,54000,55000
12f3faf5ccad582b5265fd7ac13161532f65660c,5555.35,216.12,23.132705837,54000,54000
462b8d9106caddd9a8d7ab41a1e312891113266a,5423.11,211.29,22.652033802,55000,54000
216885c2ebf38d67e0f76d37c2ce8a405942ecf2,6869.11,267.62,28.682043715,55000,54000
6176c1bb5b6a78abd0aa85960a1061732213b53e,5934.88,233.20,24.516161897,54000,54000
12f3faf5ccad582b5265fd7ac13161532f65660c,5540.09,215.80,23.047262418,55000,54000
462b8d9106caddd9a8d7ab41a1e312891113266a,5356.19,208.31,22.310697274,55000,54000
216885c2ebf38d67e0f76d37c2ce8a405942ecf2,6799.04,263.78,28.333855725,54000,55000
6176c1bb5b6a78abd0aa85960a1061732213b53e,5980.77,234.42,24.695622176,55000,54000
12f3faf5ccad582b5265fd7ac13161532f65660c,5621.37,218.71,23.383038515,54000,54000
462b8d9106caddd9a8d7ab41a1e312891113266a,5419.48,211.43,22.581095048,54000,54000
216885c2ebf38d67e0f76d37c2ce8a405942ecf2,6878.36,267.33,28.695097273,55000,54000
6176c1bb5b6a78abd0aa85960a1061732213b53e,6076.40,238.24,25.125157719,54000,54000
12f3faf5ccad582b5265fd7ac13161532f65660c,5507.83,214.56,22.943010553,54000,54000
462b8d9106caddd9a8d7ab41a1e312891113266a,5354.98,209.18,22.339722514,54000,54000
216885c2ebf38d67e0f76d37c2ce8a405942ecf2,6818.08,265.62,28.508025387,55000,55000
6176c1bb5b6a78abd0aa85960a1061732213b53e,5957.71,234.66,24.660836585,55000,54000
12f3faf5ccad582b5265fd7ac13161532f65660c,5639.36,221.53,23.506355388,54000,54000
462b8d9106caddd9a8d7ab41a1e312891113266a,5334.03,208.49,22.305271336,55000,54000
216885c2ebf38d67e0f76d37c2ce8a405942ecf2,6894.78,269.92,28.867074792,54000,54000
6176c1bb5b6a78abd0aa85960a1061732213b53e,6063.87,238.96,25.093639648,55000,54000
12f3faf5ccad582b5265fd7ac13161532f65660c,5701.63,224.36,23.756553399,53000,54000
e485a811687e38721815157e45f2416b09e2e369,5978.48,237.26,24.731935649,55000,54000
f604dad4a99ef5ec042c95f77b5c08c595b6b928,4940.40,195.13,20.618989582,54000,54000
5f7fccb7e58126395b89c81fd37b3cb27fc9cd9c,6806.39,266.44,28.465561029,54000,55000
2a0023d5a530589088367e88843982098f8b2aff,5912.16,234.10,24.402905121,54000,54000
e485a811687e38721815157e45f2416b09e2e369,5905.73,233.86,24.378099629,55000,54000
f604dad4a99ef5ec042c95f77b5c08c595b6b928,4893.36,191.68,20.428281118,54000,54000
5f7fccb7e58126395b89c81fd37b3cb27fc9cd9c,6775.99,265.05,28.345242644,54000,54000
2a0023d5a530589088367e88843982098f8b2aff,5812.21,230.17,24.001647798,54000,54000
e485a811687e38721815157e45f2416b09e2e369,5866.55,231.84,24.221340908,54000,54000
f604dad4a99ef5ec042c95f77b5c08c595b6b928,4919.89,194.02,20.472692839,54000,54000
5f7fccb7e58126395b89c81fd37b3cb27fc9cd9c,6824.89,264.94,28.456438414,54000,54000
2a0023d5a530589088367e88843982098f8b2aff,5897.30,231.78,24.298879081,54000,55000
e485a811687e38721815157e45f2416b09e2e369,5899.01,233.12,24.254556001,54000,54000
f604dad4a99ef5ec042c95f77b5c08c595b6b928,4870.46,190.88,20.246316531,54000,55000
5f7fccb7e58126395b89c81fd37b3cb27fc9cd9c,6816.61,266.30,28.388867167,54000,54000
2a0023d5a530589088367e88843982098f8b2aff,5888.04,232.53,24.218947448,54000,54000
e485a811687e38721815157e45f2416b09e2e369,5998.47,237.55,24.652225984,54000,54000
f604dad4a99ef5ec042c95f77b5c08c595b6b928,4896.79,191.10,20.367185596,55000,54000
5f7fccb7e58126395b89c81fd37b3cb27fc9cd9c,6771.79,263.34,28.180587680,54000,54000
2a0023d5a530589088367e88843982098f8b2aff,5979.38,236.51,24.648291437,54000,54000
e485a811687e38721815157e45f2416b09e2e369,5954.63,235.58,24.473483955,54000,54000
f604dad4a99ef5ec042c95f77b5c08c595b6b928,4878.85,189.94,20.300395801,54000,54000
5f7fccb7e58126395b89c81fd37b3cb27fc9cd9c,6916.82,269.10,28.802246047,54000,55000
2a0023d5a530589088367e88843982098f8b2aff,5895.97,232.25,24.244484049,54000,55000
e485a811687e38721815157e45f2416b09e2e369,5894.22,231.83,24.282238844,54000,54000
f604dad4a99ef5ec042c95f77b5c08c595b6b928,5085.61,199.36,21.150093231,54000,54000
5f7fccb7e58126395b89c81fd37b3cb27fc9cd9c,6806.01,264.94,28.306914800,55000,54000
2a0023d5a530589088367e88843982098f8b2aff,5881.04,231.91,24.183418024,54000,54000
e485a811687e38721815157e45f2416b09e2e369,6004.76,237.16,24.677696104,54000,54000
f604dad4a99ef5ec042c95f77b5c08c595b6b928,4986.84,196.22,20.708665164,54000,54000
5f7fccb7e58126395b89c81fd37b3cb27fc9cd9c,6837.02,266.14,28.495944222,54000,54000
2a0023d5a530589088367e88843982098f8b2aff,5886.10,231.04,24.284545742,54000,54000
e485a811687e38721815157e45f2416b09e2e369,5912.27,234.29,24.313945501,54000,53000
f604dad4a99ef5ec042c95f77b5c08c595b6b928,4943.83,194.20,20.577683663,54000,54000
5f7fccb7e58126395b89c81fd37b3cb27fc9cd9c,6822.97,265.74,28.422569576,54000,54000
2a0023d5a530589088367e88843982098f8b2aff,5950.04,235.43,24.492566156,54000,54000
e485a811687e38721815157e45f2416b09e2e369,5912.30,232.38,24.345945579,54000,54000
f604dad4a99ef5ec042c95f77b5c08c595b6b928,4900.19,191.79,20.412486683,54000,54000
5f7fccb7e58126395b89c81fd37b3cb27fc9cd9c,6683.50,259.38,27.863777104,54000,54000
2a0023d5a530589088367e88843982098f8b2aff,5921.61,234.03,24.421286792,54000,54000
e485a811687e38721815157e45f2416b09e2e369,5971.85,235.75,24.593156289,54000,54000
f604dad4a99ef5ec042c95f77b5c08c595b6b928,4896.26,191.08,20.369851328,54000,54000
5f7fccb7e58126395b89c81fd37b3cb27fc9cd9c,6703.00,260.18,27.901548436,54000,54000
2a0023d5a530589088367e88843982098f8b2aff,5855.88,230.16,24.124312277,55000,55000
e485a811687e38721815157e45f2416b09e2e369,5958.15,234.69,24.530706785,54000,55000
f604dad4a99ef5ec042c95f77b5c08c595b6b928,4887.01,191.37,20.311076616,55000,54000
5f7fccb7e58126395b89c81fd37b3cb27fc9cd9c,6914.20,270.23,28.806977768,55000,54000
2a0023d5a530589088367e88843982098f8b2aff,6004.22,237.14,24.730199165,54000,54000
e485a811687e38721815157e45f2416b09e2e369,5921.74,233.49,24.380582777,54000,55000
f604dad4a99ef5ec042c95f77b5c08c595b6b928,4886.60,191.10,20.349633152,55000,54000
5f7fccb7e58126395b89c81fd37b3cb27fc9cd9c,6866.76,267.68,28.664255281,54000,54000
2a0023d5a530589088367e88843982098f8b2aff,5916.10,234.46,24.406685864,54000,55000
e485a811687e38721815157e45f2416b09e2e369,6048.52,237.87,24.975132211,54000,54000
f604dad4a99ef5ec042c95f77b5c08c595b6b928,4937.25,194.10,20.594432071,54000,54000
5f7fccb7e58126395b89c81fd37b3cb27fc9cd9c,6888.85,270.40,28.719273158,54000,54000
2a0023d5a530589088367e88843982098f8b2aff,5850.85,229.86,24.139884044,54000,54000
e485a811687e38721815157e45f2416b09e2e369,5897.75,232.77,24.291055945,54000,55000
f604dad4a99ef5ec042c95f77b5c08c595b6b928,4987.05,196.09,20.721958781,54000,54000
5f7fccb7e58126395b89c81fd37b3cb27fc9cd9c,6871.56,269.06,28.596730065,54000,54000
2a0023d5a530589088367e88843982098f8b2aff,5945.74,234.58,24.481699942,54000,55000
e485a811687e38721815157e45f2416b09e2e369,5957.36,235.50,24.499014049,54000,54000
f604dad4a99ef5ec042c95f77b5c08c595b6b928,5074.93,199.70,21.117043810,54000,54000
5f7fccb7e58126395b89c81fd37b3cb27fc9cd9c,6837.67,266.20,28.509655758,54000,54000
2a0023d5a530589088367e88843982098f8b2aff,5940.54,234.68,24.444700606,54000,54000
e485a811687e38721815157e45f2416b09e2e369,6159.88,242.69,25.386618042,54000,55000
f604dad4a99ef5ec042c95f77b5c08c595b6b928,4893.04,191.47,20.318012486,55000,54000
5f7fccb7e58126395b89c81fd37b3cb27fc9cd9c,6795.04,264.15,28.304418073,54000,54000
2a0023d5a530589088367e88843982098f8b2aff,5894.43,232.34,24.279841273,55000,54000
e485a811687e38721815157e45f2416b09e2e369,5899.03,232.47,24.320034110,54000,54000
f604dad4a99ef5ec042c95f77b5c08c595b6b928,5011.87,197.18,20.885185372,54000,54000
5f7fccb7e58126395b89c81fd37b3cb27fc9cd9c,6838.31,266.07,28.458102389,54000,54000
2a0023d5a530589088367e88843982098f8b2aff,6068.24,238.84,24.999483222,54000,54000
e485a811687e38721815157e45f2416b09e2e369,5990.15,236.51,24.644802405,54000,55000
f604dad4a99ef5ec042c95f77b5c08c595b6b928,4867.82,190.91,20.211967124,54000,55000
5f7fccb7e58126395b89c81fd37b3cb27fc9cd9c,6944.50,270.63,28.898927760,55000,55000
2a0023d5a530589088367e88843982098f8b2aff,5915.35,233.62,24.329929200,54000,55000
e485a811687e38721815157e45f2416b09e2e369,5941.02,234.29,24.449289819,54000,54000
f604dad4a99ef5ec042c95f77b5c08c595b6b928,4881.96,191.25,20.264293285,54000,54000
5f7fccb7e58126395b89c81fd37b3cb27fc9cd9c,6839.50,266.19,28.473959237,54000,55000
2a0023d5a530589088367e88843982098f8b2aff,5957.07,235.95,24.467465203,55000,55000
e485a811687e38721815157e45f2416b09e2e369,6164.35,242.92,25.380614171,54000,54000
f604dad4a99ef5ec042c95f77b5c08c595b6b928,4888.87,190.83,20.338844700,54000,54000
5f7fccb7e58126395b89c81fd37b3cb27fc9cd9c,6730.55,260.69,28.032808331,55000,54000
2a0023d5a530589088367e88843982098f8b2aff,5871.41,230.84,24.228274492,55000,55000
e485a811687e38721815157e45f2416b09e2e369,5925.87,232.87,24.381992211,55000,54000
f604dad4a99ef5ec042c95f77b5c08c595b6b928,4877.13,191.04,20.264074116,55000,54000
5f7fccb7e58126395b89c81fd37b3cb27fc9cd9c,6775.20,262.00,28.219081587,54000,54000
2a0023d5a530589088367e88843982098f8b2aff,5882.13,230.45,24.247025918,54000,54000
e485a811687e38721815157e45f2416b09e2e369,5888.13,230.79,24.271892082,54000,54000
f604dad4a99ef5ec042c95f77b5c08c595b6b928,4916.26,193.71,20.436813563,54000,55000
5f7fccb7e58126395b89c81fd37b3cb27fc9cd9c,6844.45,265.89,28.524041888,54000,54000
2a0023d5a530589088367e88843982098f8b2aff,6079.96,240.35,25.040054752,54000,54000
e485a811687e38721815157e45f2416b09e2e369,5900.74,233.16,24.265733275,54000,55000
f604dad4a99ef5ec042c95f77b5c08c595b6b928,4915.13,192.81,20.434477742,55000,54000
5f7fccb7e58126395b89c81fd37b3cb27fc9cd9c,6802.88,265.05,28.327353021,54000,55000
2a0023d5a530589088367e88843982098f8b2aff,6015.19,236.57,24.780337859,55000,54000
e485a811687e38721815157e45f2416b09e2e369,6018.22,236.62,24.775539766,54000,54000
f604dad4a99ef5ec042c95f77b5c08c595b6b928,5039.27,198.25,20.930348797,55000,55000
5f7fccb7e58126395b89c81fd37b3cb27fc9cd9c,6740.35,262.20,28.047218105,54000,55000
2a0023d5a530589088367e88843982098f8b2aff,6011.33,235.77,24.793849651,55000,54000
e485a811687e38721815157e45f2416b09e2e369,5886.79,232.50,24.224533596,54000,55000
f604dad4a99ef5ec042c95f77b5c08c595b6b928,4865.63,190.52,20.210331286,55000,54000
5f7fccb7e58126395b89c81fd37b3cb27fc9cd9c,6884.24,268.17,28.664497556,55000,55000
2a0023d5a530589088367e88843982098f8b2aff,5997.30,237.28,24.656618123,54000,54000
e485a811687e38721815157e45f2416b09e2e369,6071.70,238.18,25.033265942,55000,55000
f604dad4a99ef5ec042c95f77b5c08c595b6b928,4982.50,195.86,20.740934528,54000,55000
5f7fccb7e58126395b89c81fd37b3cb27fc9cd9c,6901.29,270.20,28.743900070,55000,55000
2a0023d5a530589088367e88843982098f8b2aff,6017.08,236.42,24.835981058,56000,56000
e485a811687e38721815157e45f2416b09e2e369,5979.30,237.09,24.613409348,55000,54000
f604dad4a99ef5ec042c95f77b5c08c595b6b928,4882.01,191.09,20.336429707,54000,55000
5f7fccb7e58126395b89c81fd37b3cb27fc9cd9c,6761.69,263.73,28.208619919,55000,56000
2a0023d5a530589088367e88843982098f8b2aff,5904.77,234.39,24.324120536,54000,55000
e485a811687e38721815157e45f2416b09e2e369,5951.81,235.30,24.544343859,54000,54000
f604dad4a99ef5ec042c95f77b5c08c595b6b928,4827.50,187.94,20.097873297,54000,54000
5f7fccb7e58126395b89c81fd37b3cb27fc9cd9c,6801.18,265.66,28.333318831,54000,54000
2a0023d5a530589088367e88843982098f8b2aff,5881.55,231.78,24.207781608,54000,54000
e485a811687e38721815157e45f2416b09e2e369,5984.16,235.76,24.641248030,54000,54000
f604dad4a99ef5ec042c95f77b5c08c595b6b928,4928.25,192.43,20.471241178,54000,54000
5f7fccb7e58126395b89c81fd37b3cb27fc9cd9c,6783.30,262.83,28.281412878,54000,54000
2a0023d5a530589088367e88843982098f8b2aff,5873.30,231.56,24.173919539,54000,54000
1e103eb08a86c69cdb26e05d6fee4466d87a01af,4759.63,185.94,19.713162981,54000,54000
3c1b1658d94a4c80181ffc0ff7369aa8db88cc9c,4273.34,167.64,17.700243005,54000,54000
1e103eb08a86c69cdb26e05d6fee4466d87a01af,4771.22,186.08,19.824688166,54000,54000
3c1b1658d94a4c80181ffc0ff7369aa8db88cc9c,4297.38,167.95,17.828682634,55000,54000
1e103eb08a86c69cdb26e05d6fee4466d87a01af,4721.08,183.87,19.602875883,55000,54000
3c1b1658d94a4c80181ffc0ff7369aa8db88cc9c,4217.31,164.81,17.494814090,54000,54000
1e103eb08a86c69cdb26e05d6fee4466d87a01af,4774.89,186.90,19.798464634,54000,54000
3c1b1658d94a4c80181ffc0ff7369aa8db88cc9c,4337.38,169.16,18.016090445,54000,54000
1e103eb08a86c69cdb26e05d6fee4466d87a01af,4742.50,184.75,19.705542601,54000,54000
3c1b1658d94a4c80181ffc0ff7369aa8db88cc9c,4346.38,170.71,18.033137299,54000,54000
1e103eb08a86c69cdb26e05d6fee4466d87a01af,4732.97,184.11,19.672839052,54000,54000
3c1b1658d94a4c80181ffc0ff7369aa8db88cc9c,4312.32,168.51,17.911167538,54000,54000
1e103eb08a86c69cdb26e05d6fee4466d87a01af,4692.48,183.55,19.502015086,54000,54000
3c1b1658d94a4c80181ffc0ff7369aa8db88cc9c,4371.86,171.42,18.109778009,54000,54000
1e103eb08a86c69cdb26e05d6fee4466d87a01af,4817.50,188.01,20.013496611,54000,54000
3c1b1658d94a4c80181ffc0ff7369aa8db88cc9c,4348.94,170.17,18.041623078,54000,54000
1e103eb08a86c69cdb26e05d6fee4466d87a01af,4756.96,185.56,19.760543581,54000,54000
3c1b1658d94a4c80181ffc0ff7369aa8db88cc9c,4256.59,166.68,17.669504429,54000,54000
1e103eb08a86c69cdb26e05d6fee4466d87a01af,4700.02,183.29,19.535919345,54000,54000
3c1b1658d94a4c80181ffc0ff7369aa8db88cc9c,4267.29,166.79,17.708892012,55000,54000
1e103eb08a86c69cdb26e05d6fee4466d87a01af,4751.08,185.19,19.745837896,54000,54000
3c1b1658d94a4c80181ffc0ff7369aa8db88cc9c,4274.58,166.71,17.755757964,54000,54000
1e103eb08a86c69cdb26e05d6fee4466d87a01af,4753.21,184.85,19.765228782,54000,54000
3c1b1658d94a4c80181ffc0ff7369aa8db88cc9c,4237.03,165.97,17.617146801,55000,55000
1e103eb08a86c69cdb26e05d6fee4466d87a01af,4720.44,183.72,19.643806977,55000,54000
3c1b1658d94a4c80181ffc0ff7369aa8db88cc9c,4315.21,168.50,17.937981630,54000,54000
1e103eb08a86c69cdb26e05d6fee4466d87a01af,4771.35,186.43,19.852238151,53000,54000
3c1b1658d94a4c80181ffc0ff7369aa8db88cc9c,4377.83,171.47,18.177999573,54000,54000
1e103eb08a86c69cdb26e05d6fee4466d87a01af,4743.87,184.84,19.749245399,54000,54000
3c1b1658d94a4c80181ffc0ff7369aa8db88cc9c,4282.46,168.35,17.823204250,54000,54000
1e103eb08a86c69cdb26e05d6fee4466d87a01af,4720.15,183.60,19.634417980,54000,54000
3c1b1658d94a4c80181ffc0ff7369aa8db88cc9c,4295.94,167.50,17.865705703,54000,54000
1e103eb08a86c69cdb26e05d6fee4466d87a01af,4792.38,186.73,19.936579922,54000,55000
3c1b1658d94a4c80181ffc0ff7369aa8db88cc9c,4263.43,166.13,17.729153289,55000,54000
1e103eb08a86c69cdb26e05d6fee4466d87a01af,4773.31,185.93,19.842766743,54000,55000
3c1b1658d94a4c80181ffc0ff7369aa8db88cc9c,4308.05,169.22,17.889081075,54000,55000
1e103eb08a86c69cdb26e05d6fee4466d87a01af,4747.54,185.17,19.713245131,55000,54000
3c1b1658d94a4c80181ffc0ff7369aa8db88cc9c,4300.93,168.83,17.834700680,55000,54000
1e103eb08a86c69cdb26e05d6fee4466d87a01af,4703.62,182.36,19.537989491,54000,55000
3c1b1658d94a4c80181ffc0ff7369aa8db88cc9c,4357.27,171.35,18.089796495,55000,55000
1e103eb08a86c69cdb26e05d6fee4466d87a01af,4714.94,185.13,19.580093414,55000,54000
3c1b1658d94a4c80181ffc0ff7369aa8db88cc9c,4310.95,169.11,17.880679326,54000,54000
1e103eb08a86c69cdb26e05d6fee4466d87a01af,4695.95,183.20,19.510134262,54000,54000
3c1b1658d94a4c80181ffc0ff7369aa8db88cc9c,4343.04,170.31,18.049649526,54000,55000
1e103eb08a86c69cdb26e05d6fee4466d87a01af,4730.42,184.59,19.667478552,54000,54000
3c1b1658d94a4c80181ffc0ff7369aa8db88cc9c,4367.99,171.52,18.167285053,54000,54000
1e103eb08a86c69cdb26e05d6fee4466d87a01af,4741.59,185.30,19.698307743,54000,54000
3c1b1658d94a4c80181ffc0ff7369aa8db88cc9c,4325.27,169.44,17.971285045,54000,54000
1e103eb08a86c69cdb26e05d6fee4466d87a01af,4674.37,182.01,19.425703680,54000,54000
3c1b1658d94a4c80181ffc0ff7369aa8db88cc9c,4251.26,166.50,17.648326087,54000,55000
1e103eb08a86c69cdb26e05d6fee4466d87a01af,4795.55,186.68,19.929143698,55000,54000
3c1b1658d94a4c80181ffc0ff7369aa8db88cc9c,4234.92,165.16,17.602424049,54000,54000
1e103eb08a86c69cdb26e05d6fee4466d87a01af,4748.78,185.32,19.735810554,54000,54000
3c1b1658d94a4c80181ffc0ff7369aa8db88cc9c,4257.60,166.12,17.689472785,54000,54000
1e103eb08a86c69cdb26e05d6fee4466d87a01af,4705.32,183.09,19.568430760,54000,54000
3c1b1658d94a4c80181ffc0ff7369aa8db88cc9c,4268.84,167.55,17.723150714,55000,54000
1e103eb08a86c69cdb26e05d6fee4466d87a01af,4793.64,186.80,19.883317586,54000,55000
3c1b1658d94a4c80181ffc0ff7369aa8db88cc9c,4277.37,167.00,17.748282459,55000,55000
1e103eb08a86c69cdb26e05d6fee4466d87a01af,4851.00,189.03,20.126925784,55000,55000
3c1b1658d94a4c80181ffc0ff7369aa8db88cc9c,4207.96,165.05,17.489655494,55000,54000
abe17e45d8c306289c0ac04f5ffe4f7f10a0f25a,4446.56,173.43,18.420230822,54000,54000
add100a69efaeb1202563663034c8d25f9dd1c22,5494.69,214.77,22.870577044,54000,55000
327cbd9adcbc821470e16bb2026024dd1ba2fef0,4453.51,175.05,18.469462675,55000,54000
abe17e45d8c306289c0ac04f5ffe4f7f10a0f25a,4472.16,175.69,18.525986521,54000,54000
add100a69efaeb1202563663034c8d25f9dd1c22,5352.14,208.10,22.284033426,55000,55000
327cbd9adcbc821470e16bb2026024dd1ba2fef0,4439.79,172.96,18.410607378,55000,54000
abe17e45d8c306289c0ac04f5ffe4f7f10a0f25a,4429.87,172.41,18.350795932,54000,55000
add100a69efaeb1202563663034c8d25f9dd1c22,5453.26,212.33,22.681281844,54000,54000
327cbd9adcbc821470e16bb2026024dd1ba2fef0,4541.13,177.04,18.806337596,54000,54000
abe17e45d8c306289c0ac04f5ffe4f7f10a0f25a,4420.65,172.85,18.312660140,54000,56000
add100a69efaeb1202563663034c8d25f9dd1c22,5428.87,211.72,22.576288929,54000,54000
327cbd9adcbc821470e16bb2026024dd1ba2fef0,4417.91,172.33,18.317158293,54000,55000
abe17e45d8c306289c0ac04f5ffe4f7f10a0f25a,4470.92,174.63,18.515249689,55000,55000
add100a69efaeb1202563663034c8d25f9dd1c22,5398.78,210.72,22.442525986,55000,54000
327cbd9adcbc821470e16bb2026024dd1ba2fef0,4465.34,174.49,18.497479483,55000,55000
abe17e45d8c306289c0ac04f5ffe4f7f10a0f25a,4469.82,174.44,18.524175363,54000,55000
add100a69efaeb1202563663034c8d25f9dd1c22,5341.68,207.78,22.217443446,55000,55000
327cbd9adcbc821470e16bb2026024dd1ba2fef0,4452.41,173.92,18.448202615,55000,55000
abe17e45d8c306289c0ac04f5ffe4f7f10a0f25a,4450.58,174.07,18.435517598,54000,54000
add100a69efaeb1202563663034c8d25f9dd1c22,5336.29,207.57,22.211116301,55000,55000
327cbd9adcbc821470e16bb2026024dd1ba2fef0,4451.93,174.59,18.459081606,55000,55000
abe17e45d8c306289c0ac04f5ffe4f7f10a0f25a,4516.30,176.58,18.715412889,54000,55000
add100a69efaeb1202563663034c8d25f9dd1c22,5383.13,210.03,22.390796518,55000,55000
327cbd9adcbc821470e16bb2026024dd1ba2fef0,4453.26,173.93,18.465855383,54000,55000
abe17e45d8c306289c0ac04f5ffe4f7f10a0f25a,4423.80,172.55,18.334958184,55000,54000
add100a69efaeb1202563663034c8d25f9dd1c22,5314.52,205.98,22.108842671,55000,55000
327cbd9adcbc821470e16bb2026024dd1ba2fef0,4429.08,172.98,18.344578408,54000,55000
abe17e45d8c306289c0ac04f5ffe4f7f10a0f25a,4496.71,175.89,18.628787965,54000,54000
add100a69efaeb1202563663034c8d25f9dd1c22,5395.46,210.39,22.435050558,56000,55000
327cbd9adcbc821470e16bb2026024dd1ba2fef0,4504.45,176.57,18.665480530,55000,56000
abe17e45d8c306289c0ac04f5ffe4f7f10a0f25a,4487.32,175.36,18.598539349,55000,56000
add100a69efaeb1202563663034c8d25f9dd1c22,5339.88,208.03,22.217359128,54000,55000
327cbd9adcbc821470e16bb2026024dd1ba2fef0,4508.54,176.29,18.646920236,55000,55000
abe17e45d8c306289c0ac04f5ffe4f7f10a0f25a,4457.23,174.09,18.482997151,56000,55000
add100a69efaeb1202563663034c8d25f9dd1c22,5482.50,213.89,22.823796044,54000,56000
327cbd9adcbc821470e16bb2026024dd1ba2fef0,4462.27,174.07,18.530177174,54000,54000
abe17e45d8c306289c0ac04f5ffe4f7f10a0f25a,4455.53,174.38,18.498622692,55000,55000
add100a69efaeb1202563663034c8d25f9dd1c22,5355.95,209.22,22.310130825,55000,55000
327cbd9adcbc821470e16bb2026024dd1ba2fef0,4433.72,173.55,18.400889518,55000,54000
abe17e45d8c306289c0ac04f5ffe4f7f10a0f25a,4484.73,175.91,18.596180093,54000,55000
add100a69efaeb1202563663034c8d25f9dd1c22,5389.40,210.30,22.453034519,55000,55000
327cbd9adcbc821470e16bb2026024dd1ba2fef0,4353.97,170.47,18.065718427,55000,55000
abe17e45d8c306289c0ac04f5ffe4f7f10a0f25a,4474.31,174.03,18.569032185,54000,54000
add100a69efaeb1202563663034c8d25f9dd1c22,5418.22,211.97,22.624301664,55000,54000
327cbd9adcbc821470e16bb2026024dd1ba2fef0,4469.65,174.88,18.525287981,54000,55000
abe17e45d8c306289c0ac04f5ffe4f7f10a0f25a,4477.53,174.61,18.599001277,54000,54000
add100a69efaeb1202563663034c8d25f9dd1c22,5414.76,210.88,22.552142869,55000,55000
327cbd9adcbc821470e16bb2026024dd1ba2fef0,4439.81,173.28,18.424021919,55000,55000
abe17e45d8c306289c0ac04f5ffe4f7f10a0f25a,4401.50,171.56,18.276102897,55000,55000
add100a69efaeb1202563663034c8d25f9dd1c22,5350.73,208.33,22.286136197,55000,54000
327cbd9adcbc821470e16bb2026024dd1ba2fef0,4462.15,174.10,18.515261066,55000,55000
abe17e45d8c306289c0ac04f5ffe4f7f10a0f25a,4446.63,173.45,18.455018920,54000,55000
add100a69efaeb1202563663034c8d25f9dd1c22,5399.31,210.26,22.491156069,54000,54000
327cbd9adcbc821470e16bb2026024dd1ba2fef0,4497.43,176.64,18.702402886,54000,55000
abe17e45d8c306289c0ac04f5ffe4f7f10a0f25a,4498.86,176.07,18.685269744,54000,55000
add100a69efaeb1202563663034c8d25f9dd1c22,5382.26,210.03,22.438853481,55000,55000
327cbd9adcbc821470e16bb2026024dd1ba2fef0,4431.86,173.03,18.415845293,55000,54000
abe17e45d8c306289c0ac04f5ffe4f7f10a0f25a,4469.30,175.29,18.565826969,56000,55000
add100a69efaeb1202563663034c8d25f9dd1c22,5351.95,209.51,22.281780300,56000,55000
327cbd9adcbc821470e16bb2026024dd1ba2fef0,4403.33,171.77,18.268211170,54000,56000
abe17e45d8c306289c0ac04f5ffe4f7f10a0f25a,4477.85,175.88,18.591707815,55000,55000
add100a69efaeb1202563663034c8d25f9dd1c22,5377.21,209.79,22.403253833,54000,54000
327cbd9adcbc821470e16bb2026024dd1ba2fef0,4392.73,172.35,18.239711039,54000,55000
abe17e45d8c306289c0ac04f5ffe4f7f10a0f25a,4438.17,173.47,18.405157408,54000,55000
add100a69efaeb1202563663034c8d25f9dd1c22,5444.22,212.09,22.668303922,55000,54000
327cbd9adcbc821470e16bb2026024dd1ba2fef0,4480.42,174.94,18.562223220,55000,54000
abe17e45d8c306289c0ac04f5ffe4f7f10a0f25a,4451.10,173.74,18.463785914,55000,55000
add100a69efaeb1202563663034c8d25f9dd1c22,5467.70,212.93,22.750329895,55000,56000
327cbd9adcbc821470e16bb2026024dd1ba2fef0,4477.36,175.17,18.570589730,55000,55000
abe17e45d8c306289c0ac04f5ffe4f7f10a0f25a,4404.59,171.31,18.243189144,55000,55000
add100a69efaeb1202563663034c8d25f9dd1c22,5347.51,207.82,22.230600640,55000,55000
327cbd9adcbc821470e16bb2026024dd1ba2fef0,4479.20,175.41,18.565561670,54000,54000
abe17e45d8c306289c0ac04f5ffe4f7f10a0f25a,4483.84,174.98,18.597601829,54000,55000
add100a69efaeb1202563663034c8d25f9dd1c22,5368.97,209.29,22.347856406,55000,54000
327cbd9adcbc821470e16bb2026024dd1ba2fef0,4417.31,172.90,18.332750118,54000,55000
abe17e45d8c306289c0ac04f5ffe4f7f10a0f25a,4490.47,174.85,18.655322324,55000,54000
add100a69efaeb1202563663034c8d25f9dd1c22,5449.53,211.59,22.719246590,54000,54000
327cbd9adcbc821470e16bb2026024dd1ba2fef0,4423.84,172.93,18.371804875,55000,54000
abe17e45d8c306289c0ac04f5ffe4f7f10a0f25a,4514.96,177.09,18.752930499,54000,55000
add100a69efaeb1202563663034c8d25f9dd1c22,5391.55,209.95,22.460833380,54000,55000
327cbd9adcbc821470e16bb2026024dd1ba2fef0,4407.22,171.72,18.297078927,54000,55000
abe17e45d8c306289c0ac04f5ffe4f7f10a0f25a,4440.78,173.03,18.449729337,54000,54000
add100a69efaeb1202563663034c8d25f9dd1c22,5369.25,209.01,22.390811107,55000,55000
327cbd9adcbc821470e16bb2026024dd1ba2fef0,4442.46,173.17,18.466003344,55000,55000
abe17e45d8c306289c0ac04f5ffe4f7f10a0f25a,4456.38,174.27,18.500993057,55000,55000
add100a69efaeb1202563663034c8d25f9dd1c22,5429.43,211.46,22.626087932,55000,54000
327cbd9adcbc821470e16bb2026024dd1ba2fef0,4437.31,174.01,18.411672077,54000,54000
abe17e45d8c306289c0ac04f5ffe4f7f10a0f25a,4459.09,173.66,18.501689911,55000,55000
add100a69efaeb1202563663034c8d25f9dd1c22,5378.41,209.23,22.400820356,54000,54000
327cbd9adcbc821470e16bb2026024dd1ba2fef0,4409.41,171.85,18.283676201,55000,55000
3db3a17068c5f51c8969219e76eeb038093ae166,4577.43,178.17,19.003215562,55000,54000
b6bb7c948e3f90bae73d31a6b870d0321f8b16d7,4444.85,173.46,18.414072060,54000,54000
7a59e81290e6605538e00fea314b6ac0dcfeac36,5002.29,196.36,20.790370930,54000,54000
a33a5c9e68e80ef9499c040709f13b2113ec0744,4957.97,194.57,20.609724189,54000,54000
3db3a17068c5f51c8969219e76eeb038093ae166,4519.72,175.93,18.762998936,56000,55000
b6bb7c948e3f90bae73d31a6b870d0321f8b16d7,4413.66,171.95,18.283605695,54000,54000
7a59e81290e6605538e00fea314b6ac0dcfeac36,4977.82,195.04,20.673823431,54000,54000
a33a5c9e68e80ef9499c040709f13b2113ec0744,4915.30,192.01,20.430636027,54000,55000
3db3a17068c5f51c8969219e76eeb038093ae166,4616.62,180.29,19.145418184,54000,55000
b6bb7c948e3f90bae73d31a6b870d0321f8b16d7,4342.68,169.45,17.951042794,55000,55000
7a59e81290e6605538e00fea314b6ac0dcfeac36,4897.02,191.31,20.314380607,54000,55000
a33a5c9e68e80ef9499c040709f13b2113ec0744,4971.66,193.46,20.674597867,55000,55000
3db3a17068c5f51c8969219e76eeb038093ae166,4569.71,178.24,18.958793367,54000,55000
b6bb7c948e3f90bae73d31a6b870d0321f8b16d7,4472.34,174.16,18.530164265,54000,55000
7a59e81290e6605538e00fea314b6ac0dcfeac36,4970.28,194.11,20.680718416,55000,55000
a33a5c9e68e80ef9499c040709f13b2113ec0744,4938.32,192.63,20.549285281,55000,55000
3db3a17068c5f51c8969219e76eeb038093ae166,4588.88,179.53,19.053785560,55000,56000
b6bb7c948e3f90bae73d31a6b870d0321f8b16d7,4471.52,174.81,18.553021754,56000,55000
7a59e81290e6605538e00fea314b6ac0dcfeac36,4903.21,191.78,20.406494947,55000,54000
a33a5c9e68e80ef9499c040709f13b2113ec0744,4862.60,189.55,20.246139450,55000,55000
3db3a17068c5f51c8969219e76eeb038093ae166,4559.15,178.49,18.966530004,55000,55000
b6bb7c948e3f90bae73d31a6b870d0321f8b16d7,4432.70,173.33,18.388991789,55000,54000
7a59e81290e6605538e00fea314b6ac0dcfeac36,4978.43,195.83,20.705787761,54000,55000
a33a5c9e68e80ef9499c040709f13b2113ec0744,4905.22,191.60,20.426543972,54000,54000
3db3a17068c5f51c8969219e76eeb038093ae166,4587.70,179.95,19.079961556,55000,54000
b6bb7c948e3f90bae73d31a6b870d0321f8b16d7,4441.80,174.82,18.395928041,54000,55000
7a59e81290e6605538e00fea314b6ac0dcfeac36,4953.89,193.52,20.601736260,56000,55000
a33a5c9e68e80ef9499c040709f13b2113ec0744,4922.86,193.53,20.487837303,55000,55000
3db3a17068c5f51c8969219e76eeb038093ae166,4698.24,183.05,19.503294947,54000,54000
b6bb7c948e3f90bae73d31a6b870d0321f8b16d7,4473.96,174.94,18.539495878,54000,55000
7a59e81290e6605538e00fea314b6ac0dcfeac36,4912.30,192.31,20.437072930,54000,55000
a33a5c9e68e80ef9499c040709f13b2113ec0744,4907.35,191.12,20.406726368,54000,55000
3db3a17068c5f51c8969219e76eeb038093ae166,4534.04,177.28,18.849587130,55000,55000
b6bb7c948e3f90bae73d31a6b870d0321f8b16d7,4448.50,173.89,18.442076614,55000,56000
7a59e81290e6605538e00fea314b6ac0dcfeac36,4908.77,193.11,20.438360673,56000,54000
a33a5c9e68e80ef9499c040709f13b2113ec0744,4926.48,192.76,20.508315723,55000,55000
3db3a17068c5f51c8969219e76eeb038093ae166,4600.21,179.89,19.121286791,55000,54000
b6bb7c948e3f90bae73d31a6b870d0321f8b16d7,4416.58,171.98,18.356870984,56000,54000
7a59e81290e6605538e00fea314b6ac0dcfeac36,4871.52,191.58,20.308937391,54000,55000
a33a5c9e68e80ef9499c040709f13b2113ec0744,4998.17,195.98,20.772114397,54000,54000
3db3a17068c5f51c8969219e76eeb038093ae166,4570.64,178.15,19.015466328,54000,54000
b6bb7c948e3f90bae73d31a6b870d0321f8b16d7,4437.80,173.59,18.417478703,54000,54000
7a59e81290e6605538e00fea314b6ac0dcfeac36,4953.02,193.58,20.620985248,54000,54000
a33a5c9e68e80ef9499c040709f13b2113ec0744,4950.26,194.64,20.604222648,55000,54000
3db3a17068c5f51c8969219e76eeb038093ae166,4580.31,179.40,19.043494911,54000,54000
b6bb7c948e3f90bae73d31a6b870d0321f8b16d7,4383.86,171.00,18.182287282,55000,55000
7a59e81290e6605538e00fea314b6ac0dcfeac36,4934.98,192.62,20.526021561,55000,54000
a33a5c9e68e80ef9499c040709f13b2113ec0744,4977.16,194.11,20.711098888,55000,55000
3db3a17068c5f51c8969219e76eeb038093ae166,4557.06,178.39,18.937235837,55000,55000
b6bb7c948e3f90bae73d31a6b870d0321f8b16d7,4457.02,173.37,18.481132781,54000,55000
7a59e81290e6605538e00fea314b6ac0dcfeac36,4937.28,192.45,20.522552591,55000,54000
a33a5c9e68e80ef9499c040709f13b2113ec0744,4802.53,187.56,19.970835929,55000,54000
3db3a17068c5f51c8969219e76eeb038093ae166,4600.94,178.94,19.118265268,55000,54000
b6bb7c948e3f90bae73d31a6b870d0321f8b16d7,4477.96,175.16,18.548008245,54000,54000
7a59e81290e6605538e00fea314b6ac0dcfeac36,5067.17,198.68,21.106861177,55000,55000
a33a5c9e68e80ef9499c040709f13b2113ec0744,4957.47,195.33,20.632996794,55000,55000
3db3a17068c5f51c8969219e76eeb038093ae166,4577.37,179.19,19.044388244,55000,55000
b6bb7c948e3f90bae73d31a6b870d0321f8b16d7,4442.23,174.21,18.417217049,56000,55000
7a59e81290e6605538e00fea314b6ac0dcfeac36,5028.90,198.04,20.924739014,55000,55000
a33a5c9e68e80ef9499c040709f13b2113ec0744,4901.26,192.10,20.418744295,55000,55000
3db3a17068c5f51c8969219e76eeb038093ae166,4567.80,178.44,19.008743265,55000,55000
b6bb7c948e3f90bae73d31a6b870d0321f8b16d7,4415.73,172.84,18.312142175,55000,54000
7a59e81290e6605538e00fea314b6ac0dcfeac36,4852.48,188.97,20.189765771,55000,55000
a33a5c9e68e80ef9499c040709f13b2113ec0744,4866.85,190.95,20.262884747,55000,55000
3db3a17068c5f51c8969219e76eeb038093ae166,4601.15,179.86,19.133915516,54000,55000
b6bb7c948e3f90bae73d31a6b870d0321f8b16d7,4452.63,173.62,18.451123817,55000,56000
7a59e81290e6605538e00fea314b6ac0dcfeac36,5022.93,196.47,20.864316531,55000,55000
a33a5c9e68e80ef9499c040709f13b2113ec0744,4986.33,196.18,20.722546169,55000,55000
3db3a17068c5f51c8969219e76eeb038093ae166,4639.76,181.84,19.241398618,54000,55000
b6bb7c948e3f90bae73d31a6b870d0321f8b16d7,4469.00,174.78,18.499135438,55000,55000
7a59e81290e6605538e00fea314b6ac0dcfeac36,4967.06,194.77,20.619969944,54000,55000
a33a5c9e68e80ef9499c040709f13b2113ec0744,4891.55,191.47,20.339153621,55000,55000
3db3a17068c5f51c8969219e76eeb038093ae166,4554.08,177.38,18.930318094,55000,56000
b6bb7c948e3f90bae73d31a6b870d0321f8b16d7,4446.94,173.62,18.450875770,55000,54000
7a59e81290e6605538e00fea314b6ac0dcfeac36,4941.46,194.57,20.567224264,55000,55000
a33a5c9e68e80ef9499c040709f13b2113ec0744,4870.94,189.98,20.275335765,55000,55000
3db3a17068c5f51c8969219e76eeb038093ae166,4529.37,176.19,18.852775188,54000,55000
b6bb7c948e3f90bae73d31a6b870d0321f8b16d7,4470.82,175.13,18.584510949,56000,54000
7a59e81290e6605538e00fea314b6ac0dcfeac36,5013.77,197.47,20.908228274,55000,55000
a33a5c9e68e80ef9499c040709f13b2113ec0744,4883.97,191.87,20.334525042,54000,56000
3db3a17068c5f51c8969219e76eeb038093ae166,4657.23,182.63,19.370731422,55000,54000
b6bb7c948e3f90bae73d31a6b870d0321f8b16d7,4475.97,175.16,18.583073335,54000,54000
7a59e81290e6605538e00fea314b6ac0dcfeac36,4976.17,194.91,20.714645860,55000,55000
a33a5c9e68e80ef9499c040709f13b2113ec0744,4925.27,193.49,20.463742107,55000,54000
3db3a17068c5f51c8969219e76eeb038093ae166,4550.94,176.92,18.908123306,54000,54000
b6bb7c948e3f90bae73d31a6b870d0321f8b16d7,4451.29,173.79,18.441406342,55000,55000
7a59e81290e6605538e00fea314b6ac0dcfeac36,4805.40,188.01,19.968567129,55000,54000
a33a5c9e68e80ef9499c040709f13b2113ec0744,4935.80,193.83,20.511273676,55000,56000
3db3a17068c5f51c8969219e76eeb038093ae166,4566.02,178.49,18.965487508,55000,55000
b6bb7c948e3f90bae73d31a6b870d0321f8b16d7,4452.95,173.73,18.448224805,54000,54000
7a59e81290e6605538e00fea314b6ac0dcfeac36,4887.78,190.32,20.326103955,55000,55000
a33a5c9e68e80ef9499c040709f13b2113ec0744,4899.00,192.58,20.378236704,56000,55000
3db3a17068c5f51c8969219e76eeb038093ae166,4514.93,176.69,18.782147198,55000,55000
b6bb7c948e3f90bae73d31a6b870d0321f8b16d7,4455.49,174.57,18.487006993,54000,54000
7a59e81290e6605538e00fea314b6ac0dcfeac36,4860.71,189.91,20.261257647,54000,55000
a33a5c9e68e80ef9499c040709f13b2113ec0744,4858.45,189.57,20.245886934,55000,54000
3db3a17068c5f51c8969219e76eeb038093ae166,4599.65,179.66,19.155559508,54000,54000
b6bb7c948e3f90bae73d31a6b870d0321f8b16d7,4436.79,173.79,18.425584546,54000,54000
7a59e81290e6605538e00fea314b6ac0dcfeac36,4985.20,195.07,20.768598240,54000,56000
a33a5c9e68e80ef9499c040709f13b2113ec0744,4882.69,190.12,20.372540203,56000,55000
3db3a17068c5f51c8969219e76eeb038093ae166,4572.02,179.01,19.066693779,55000,55000
b6bb7c948e3f90bae73d31a6b870d0321f8b16d7,4397.16,172.77,18.270238729,55000,55000
7a59e81290e6605538e00fea314b6ac0dcfeac36,4952.98,194.94,20.630599441,54000,55000
a33a5c9e68e80ef9499c040709f13b2113ec0744,4985.33,196.18,20.746187272,55000,54000
3db3a17068c5f51c8969219e76eeb038093ae166,4576.46,178.09,19.041377391,55000,55000
b6bb7c948e3f90bae73d31a6b870d0321f8b16d7,4495.07,176.10,18.669174675,56000,55000
7a59e81290e6605538e00fea314b6ac0dcfeac36,4942.51,194.83,20.560683807,55000,54000
a33a5c9e68e80ef9499c040709f13b2113ec0744,4886.93,192.16,20.341195238,55000,54000
3db3a17068c5f51c8969219e76eeb038093ae166,4562.49,177.99,18.965065574,55000,54000
b6bb7c948e3f90bae73d31a6b870d0321f8b16d7,4406.35,172.40,18.272200784,56000,54000
7a59e81290e6605538e00fea314b6ac0dcfeac36,4922.85,193.68,20.476507120,56000,54000
a33a5c9e68e80ef9499c040709f13b2113ec0744,4999.95,195.46,20.824354123,54000,54000
3db3a17068c5f51c8969219e76eeb038093ae166,4637.56,180.99,19.303223417,54000,54000
b6bb7c948e3f90bae73d31a6b870d0321f8b16d7,4389.40,171.89,18.213817971,54000,55000
7a59e81290e6605538e00fea314b6ac0dcfeac36,4901.92,192.35,20.390377709,55000,56000
a33a5c9e68e80ef9499c040709f13b2113ec0744,4874.71,190.24,20.284152725,55000,55000
3db3a17068c5f51c8969219e76eeb038093ae166,4632.07,181.35,19.256781009,55000,54000
b6bb7c948e3f90bae73d31a6b870d0321f8b16d7,4464.96,174.50,18.524812878,55000,54000
7a59e81290e6605538e00fea314b6ac0dcfeac36,4887.01,191.72,20.334281927,54000,54000
a33a5c9e68e80ef9499c040709f13b2113ec0744,4925.05,192.14,20.491718975,54000,55000
25919f1a138b968baba4b5f2b515155ea727eea1,4425.51,173.09,18.353789341,55000,55000
25919f1a138b968baba4b5f2b515155ea727eea1,4428.14,173.44,18.376177827,54000,55000
25919f1a138b968baba4b5f2b515155ea727eea1,4394.83,172.59,18.231551477,55000,54000
25919f1a138b968baba4b5f2b515155ea727eea1,4459.37,174.18,18.488683952,54000,54000
25919f1a138b968baba4b5f2b515155ea727eea1,4457.24,174.38,18.476852446,55000,54000
25919f1a138b968baba4b5f2b515155ea727eea1,4436.31,173.69,18.387265235,55000,55000
25919f1a138b968baba4b5f2b515155ea727eea1,4450.12,173.48,18.452123884,55000,56000
25919f1a138b968baba4b5f2b515155ea727eea1,4517.01,177.84,18.691966145,56000,55000
25919f1a138b968baba4b5f2b515155ea727eea1,4431.43,174.20,18.356633555,55000,54000
25919f1a138b968baba4b5f2b515155ea727eea1,4517.64,177.37,18.726905748,54000,55000
25919f1a138b968baba4b5f2b515155ea727eea1,4501.24,176.12,18.622891316,55000,55000
25919f1a138b968baba4b5f2b515155ea727eea1,4412.65,171.83,18.313430284,54000,55000
25919f1a138b968baba4b5f2b515155ea727eea1,4476.80,175.53,18.546595208,54000,54000
25919f1a138b968baba4b5f2b515155ea727eea1,4446.28,173.79,18.438824869,54000,55000
25919f1a138b968baba4b5f2b515155ea727eea1,4472.42,175.94,18.555766352,56000,55000
25919f1a138b968baba4b5f2b515155ea727eea1,4426.72,173.32,18.363754805,55000,54000
25919f1a138b968baba4b5f2b515155ea727eea1,4542.62,178.96,18.821443012,54000,54000
25919f1a138b968baba4b5f2b515155ea727eea1,4444.63,173.98,18.431666626,55000,54000
25919f1a138b968baba4b5f2b515155ea727eea1,4461.03,174.75,18.500593608,55000,55000
25919f1a138b968baba4b5f2b515155ea727eea1,4457.18,175.08,18.477259706,54000,54000
25919f1a138b968baba4b5f2b515155ea727eea1,4442.41,173.12,18.413816346,54000,54000
25919f1a138b968baba4b5f2b515155ea727eea1,4495.99,175.22,18.646185465,54000,55000
25919f1a138b968baba4b5f2b515155ea727eea1,4456.62,173.83,18.449100032,54000,56000
25919f1a138b968baba4b5f2b515155ea727eea1,4444.08,173.72,18.404534924,55000,55000
25919f1a138b968baba4b5f2b515155ea727eea1,4436.78,173.29,18.382923405,56000,54000
25919f1a138b968baba4b5f2b515155ea727eea1,4436.21,174.00,18.350603067,55000,55000
25919f1a138b968baba4b5f2b515155ea727eea1,4432.80,173.09,18.343844490,55000,54000
25919f1a138b968baba4b5f2b515155ea727eea1,4396.41,171.58,18.185803201,54000,56000
25919f1a138b968baba4b5f2b515155ea727eea1,4447.86,173.84,18.422290396,54000,54000
25919f1a138b968baba4b5f2b515155ea727eea1,4550.30,178.17,18.820571407,54000,56000
