commit,energy-pkg,energy-ram,seconds,temp_before,temp_after
2b9cfcc54dff7b79afd89be3ecf1a107b8290278,1401.28,55.33,5.624511470,57000,56000
2b9cfcc54dff7b79afd89be3ecf1a107b8290278,1379.02,54.47,5.517931251,55000,54000
2b9cfcc54dff7b79afd89be3ecf1a107b8290278,1416.25,55.82,5.674277662,54000,54000
2b9cfcc54dff7b79afd89be3ecf1a107b8290278,1385.13,54.54,5.545372069,54000,54000
2b9cfcc54dff7b79afd89be3ecf1a107b8290278,1412.13,55.44,5.660760791,53000,54000
2b9cfcc54dff7b79afd89be3ecf1a107b8290278,1412.78,55.61,5.654732014,54000,54000
2b9cfcc54dff7b79afd89be3ecf1a107b8290278,1390.15,54.54,5.569490286,54000,54000
2b9cfcc54dff7b79afd89be3ecf1a107b8290278,1396.01,54.85,5.581203136,55000,54000
2b9cfcc54dff7b79afd89be3ecf1a107b8290278,1403.03,55.21,5.612370020,54000,54000
2b9cfcc54dff7b79afd89be3ecf1a107b8290278,1404.54,55.39,5.619764492,54000,54000
2b9cfcc54dff7b79afd89be3ecf1a107b8290278,1396.88,54.90,5.591083476,54000,54000
2b9cfcc54dff7b79afd89be3ecf1a107b8290278,1396.64,54.91,5.587183421,54000,55000
2b9cfcc54dff7b79afd89be3ecf1a107b8290278,1383.64,54.36,5.529000376,56000,54000
2b9cfcc54dff7b79afd89be3ecf1a107b8290278,1384.42,54.43,5.545534926,54000,54000
2b9cfcc54dff7b79afd89be3ecf1a107b8290278,1404.43,55.15,5.612429082,54000,55000
2b9cfcc54dff7b79afd89be3ecf1a107b8290278,1403.12,55.14,5.617968724,55000,54000
2b9cfcc54dff7b79afd89be3ecf1a107b8290278,1413.14,55.34,5.654125733,54000,54000
2b9cfcc54dff7b79afd89be3ecf1a107b8290278,1377.24,54.23,5.506111651,56000,54000
2b9cfcc54dff7b79afd89be3ecf1a107b8290278,1377.47,54.10,5.508835365,55000,54000
2b9cfcc54dff7b79afd89be3ecf1a107b8290278,1380.05,54.06,5.532472244,54000,54000
2b9cfcc54dff7b79afd89be3ecf1a107b8290278,1417.45,55.66,5.675042294,54000,54000
2b9cfcc54dff7b79afd89be3ecf1a107b8290278,1395.13,54.62,5.580140100,54000,54000
2b9cfcc54dff7b79afd89be3ecf1a107b8290278,1383.14,54.10,5.527693389,54000,54000
2b9cfcc54dff7b79afd89be3ecf1a107b8290278,1403.59,55.06,5.615022615,54000,54000
2b9cfcc54dff7b79afd89be3ecf1a107b8290278,1391.91,54.56,5.570987298,54000,54000
2b9cfcc54dff7b79afd89be3ecf1a107b8290278,1384.50,54.08,5.533293520,54000,54000
2b9cfcc54dff7b79afd89be3ecf1a107b8290278,1377.79,53.93,5.507596344,54000,54000
2b9cfcc54dff7b79afd89be3ecf1a107b8290278,1394.38,54.66,5.573770895,54000,54000
2b9cfcc54dff7b79afd89be3ecf1a107b8290278,1403.49,55.08,5.612601703,54000,54000
2b9cfcc54dff7b79afd89be3ecf1a107b8290278,1398.44,54.67,5.585300884,54000,55000
1838e2888cc9ec3faaf08865f0c7ad9f3067467d,1395.31,55.03,5.576171003,54000,54000
1838e2888cc9ec3faaf08865f0c7ad9f3067467d,1409.89,55.30,5.629936312,55000,54000
1838e2888cc9ec3faaf08865f0c7ad9f3067467d,1417.20,55.72,5.654759835,54000,54000
1838e2888cc9ec3faaf08865f0c7ad9f3067467d,1413.73,56.08,5.652211401,54000,54000
1838e2888cc9ec3faaf08865f0c7ad9f3067467d,1400.80,54.82,5.592587080,54000,54000
1838e2888cc9ec3faaf08865f0c7ad9f3067467d,1390.99,54.70,5.563859776,54000,54000
1838e2888cc9ec3faaf08865f0c7ad9f3067467d,1391.23,54.77,5.547324735,54000,55000
1838e2888cc9ec3faaf08865f0c7ad9f3067467d,1430.46,56.64,5.709934233,54000,54000
1838e2888cc9ec3faaf08865f0c7ad9f3067467d,1410.89,55.66,5.623285151,55000,54000
1838e2888cc9ec3faaf08865f0c7ad9f3067467d,1397.01,54.93,5.582163519,54000,55000
1838e2888cc9ec3faaf08865f0c7ad9f3067467d,1397.19,55.07,5.589807603,54000,54000
1838e2888cc9ec3faaf08865f0c7ad9f3067467d,1401.50,55.19,5.600106834,55000,54000
1838e2888cc9ec3faaf08865f0c7ad9f3067467d,1429.12,56.42,5.711378525,55000,54000
1838e2888cc9ec3faaf08865f0c7ad9f3067467d,1406.98,55.51,5.611702330,54000,54000
1838e2888cc9ec3faaf08865f0c7ad9f3067467d,1427.02,56.12,5.700996246,54000,54000
1838e2888cc9ec3faaf08865f0c7ad9f3067467d,1392.27,54.42,5.566976034,54000,54000
1838e2888cc9ec3faaf08865f0c7ad9f3067467d,1376.96,53.90,5.502672317,54000,54000
1838e2888cc9ec3faaf08865f0c7ad9f3067467d,1380.62,54.31,5.516721730,55000,54000
1838e2888cc9ec3faaf08865f0c7ad9f3067467d,1407.01,55.38,5.616605145,54000,55000
1838e2888cc9ec3faaf08865f0c7ad9f3067467d,1406.96,55.36,5.619689488,54000,54000
1838e2888cc9ec3faaf08865f0c7ad9f3067467d,1407.84,55.15,5.625422303,53000,54000
1838e2888cc9ec3faaf08865f0c7ad9f3067467d,1407.02,55.43,5.635964180,54000,54000
1838e2888cc9ec3faaf08865f0c7ad9f3067467d,1401.03,55.10,5.585559260,54000,54000
1838e2888cc9ec3faaf08865f0c7ad9f3067467d,1404.08,55.37,5.605743347,54000,54000
1838e2888cc9ec3faaf08865f0c7ad9f3067467d,1401.33,55.16,5.589371742,55000,54000
1838e2888cc9ec3faaf08865f0c7ad9f3067467d,1398.83,55.17,5.573264055,54000,54000
1838e2888cc9ec3faaf08865f0c7ad9f3067467d,1378.33,54.34,5.500689361,54000,55000
1838e2888cc9ec3faaf08865f0c7ad9f3067467d,1428.72,56.21,5.701118703,54000,55000
1838e2888cc9ec3faaf08865f0c7ad9f3067467d,1413.36,55.46,5.640696001,54000,54000
1838e2888cc9ec3faaf08865f0c7ad9f3067467d,1395.60,54.94,5.572262832,54000,54000
52656a25fd35447a1d7490e818a79419441abea4,1418.22,55.77,5.711445299,56000,56000
52656a25fd35447a1d7490e818a79419441abea4,1421.52,55.87,5.696067109,54000,54000
52656a25fd35447a1d7490e818a79419441abea4,1400.32,55.09,5.592759107,54000,54000
52656a25fd35447a1d7490e818a79419441abea4,1401.50,55.06,5.618048650,54000,54000
52656a25fd35447a1d7490e818a79419441abea4,1394.76,54.75,5.576921168,54000,54000
52656a25fd35447a1d7490e818a79419441abea4,1384.16,54.39,5.531904595,54000,54000
52656a25fd35447a1d7490e818a79419441abea4,1416.14,55.79,5.674654685,54000,54000
52656a25fd35447a1d7490e818a79419441abea4,1395.80,54.80,5.584253019,54000,54000
52656a25fd35447a1d7490e818a79419441abea4,1397.58,54.73,5.594724041,53000,54000
52656a25fd35447a1d7490e818a79419441abea4,1405.29,55.01,5.624640835,54000,54000
52656a25fd35447a1d7490e818a79419441abea4,1389.62,54.35,5.558319854,54000,54000
52656a25fd35447a1d7490e818a79419441abea4,1393.24,54.60,5.578052507,55000,54000
52656a25fd35447a1d7490e818a79419441abea4,1404.17,55.03,5.613075317,54000,54000
52656a25fd35447a1d7490e818a79419441abea4,1401.37,55.05,5.613458482,54000,54000
52656a25fd35447a1d7490e818a79419441abea4,1388.26,54.30,5.553590409,55000,55000
52656a25fd35447a1d7490e818a79419441abea4,1410.76,55.09,5.659788682,54000,54000
52656a25fd35447a1d7490e818a79419441abea4,1412.69,55.28,5.654893808,54000,54000
52656a25fd35447a1d7490e818a79419441abea4,1376.42,53.90,5.510532220,54000,54000
52656a25fd35447a1d7490e818a79419441abea4,1419.71,55.64,5.678549816,54000,54000
52656a25fd35447a1d7490e818a79419441abea4,1397.26,54.73,5.585530234,54000,54000
52656a25fd35447a1d7490e818a79419441abea4,1397.52,54.74,5.580273536,54000,54000
52656a25fd35447a1d7490e818a79419441abea4,1380.98,53.89,5.524649298,54000,55000
52656a25fd35447a1d7490e818a79419441abea4,1398.60,55.16,5.590455639,54000,54000
52656a25fd35447a1d7490e818a79419441abea4,1403.43,55.01,5.606266020,54000,54000
52656a25fd35447a1d7490e818a79419441abea4,1404.48,55.10,5.627429259,54000,54000
52656a25fd35447a1d7490e818a79419441abea4,1381.32,54.16,5.533004271,53000,54000
52656a25fd35447a1d7490e818a79419441abea4,1403.59,55.11,5.607624648,54000,54000
52656a25fd35447a1d7490e818a79419441abea4,1397.91,54.87,5.596427035,54000,54000
52656a25fd35447a1d7490e818a79419441abea4,1414.18,55.48,5.652510804,54000,55000
52656a25fd35447a1d7490e818a79419441abea4,1388.02,54.22,5.556374785,54000,55000
5233ac61b62e943f4e983e502e5bd0b032f2c2e6,1405.25,55.25,5.621459160,54000,54000
5233ac61b62e943f4e983e502e5bd0b032f2c2e6,1397.05,54.86,5.590463390,54000,54000
5233ac61b62e943f4e983e502e5bd0b032f2c2e6,1393.53,54.78,5.574383074,54000,54000
5233ac61b62e943f4e983e502e5bd0b032f2c2e6,1400.03,54.87,5.604392081,55000,54000
5233ac61b62e943f4e983e502e5bd0b032f2c2e6,1425.95,56.01,5.695223027,54000,55000
5233ac61b62e943f4e983e502e5bd0b032f2c2e6,1388.44,54.60,5.547944497,54000,54000
5233ac61b62e943f4e983e502e5bd0b032f2c2e6,1397.03,54.75,5.602163740,54000,55000
5233ac61b62e943f4e983e502e5bd0b032f2c2e6,1406.62,55.31,5.624070916,54000,54000
5233ac61b62e943f4e983e502e5bd0b032f2c2e6,1410.67,55.36,5.657479452,54000,54000
5233ac61b62e943f4e983e502e5bd0b032f2c2e6,1408.12,55.50,5.628261977,54000,54000
5233ac61b62e943f4e983e502e5bd0b032f2c2e6,1404.03,55.26,5.616184641,55000,54000
5233ac61b62e943f4e983e502e5bd0b032f2c2e6,1389.39,54.58,5.555522484,54000,54000
5233ac61b62e943f4e983e502e5bd0b032f2c2e6,1390.19,54.45,5.558812314,54000,54000
5233ac61b62e943f4e983e502e5bd0b032f2c2e6,1401.41,55.21,5.601957915,54000,55000
5233ac61b62e943f4e983e502e5bd0b032f2c2e6,1391.91,54.86,5.560316050,55000,54000
5233ac61b62e943f4e983e502e5bd0b032f2c2e6,1427.82,56.08,5.713203166,54000,54000
5233ac61b62e943f4e983e502e5bd0b032f2c2e6,1393.72,55.07,5.575850636,54000,54000
5233ac61b62e943f4e983e502e5bd0b032f2c2e6,1404.23,54.94,5.618613646,54000,55000
5233ac61b62e943f4e983e502e5bd0b032f2c2e6,1398.05,54.56,5.596566078,55000,54000
5233ac61b62e943f4e983e502e5bd0b032f2c2e6,1383.86,54.11,5.526900159,54000,54000
5233ac61b62e943f4e983e502e5bd0b032f2c2e6,1392.97,54.50,5.572034917,54000,54000
5233ac61b62e943f4e983e502e5bd0b032f2c2e6,1417.11,55.86,5.677754214,54000,54000
5233ac61b62e943f4e983e502e5bd0b032f2c2e6,1407.81,55.30,5.626629918,54000,54000
5233ac61b62e943f4e983e502e5bd0b032f2c2e6,1419.32,55.42,5.684951273,54000,54000
5233ac61b62e943f4e983e502e5bd0b032f2c2e6,1398.31,54.78,5.590763948,55000,55000
5233ac61b62e943f4e983e502e5bd0b032f2c2e6,1404.84,54.98,5.619117954,54000,54000
5233ac61b62e943f4e983e502e5bd0b032f2c2e6,1394.81,54.71,5.576855793,54000,54000
5233ac61b62e943f4e983e502e5bd0b032f2c2e6,1393.13,54.83,5.572873763,54000,54000
5233ac61b62e943f4e983e502e5bd0b032f2c2e6,1392.66,54.69,5.570385940,54000,54000
5233ac61b62e943f4e983e502e5bd0b032f2c2e6,1390.22,54.55,5.562570441,54000,54000
ce6c1b13e5a0d86acd6b3db9eb73479e33eaf851,1412.29,55.46,5.645715088,54000,54000
ce6c1b13e5a0d86acd6b3db9eb73479e33eaf851,1422.46,56.15,5.683391946,53000,54000
ce6c1b13e5a0d86acd6b3db9eb73479e33eaf851,1411.55,55.62,5.652262819,54000,55000
ce6c1b13e5a0d86acd6b3db9eb73479e33eaf851,1406.45,55.57,5.625179670,54000,54000
ce6c1b13e5a0d86acd6b3db9eb73479e33eaf851,1428.57,56.23,5.704463408,54000,54000
ce6c1b13e5a0d86acd6b3db9eb73479e33eaf851,1407.27,55.43,5.627487554,55000,54000
ce6c1b13e5a0d86acd6b3db9eb73479e33eaf851,1403.95,55.41,5.623822421,54000,55000
ce6c1b13e5a0d86acd6b3db9eb73479e33eaf851,1408.65,55.16,5.632736022,54000,54000
ce6c1b13e5a0d86acd6b3db9eb73479e33eaf851,1403.19,54.97,5.617550947,54000,54000
ce6c1b13e5a0d86acd6b3db9eb73479e33eaf851,1406.16,55.53,5.615490748,54000,54000
ce6c1b13e5a0d86acd6b3db9eb73479e33eaf851,1390.79,54.73,5.557121759,54000,54000
ce6c1b13e5a0d86acd6b3db9eb73479e33eaf851,1390.04,54.58,5.563965046,54000,54000
ce6c1b13e5a0d86acd6b3db9eb73479e33eaf851,1428.76,55.98,5.722980618,54000,54000
ce6c1b13e5a0d86acd6b3db9eb73479e33eaf851,1412.99,55.54,5.650595633,54000,55000
ce6c1b13e5a0d86acd6b3db9eb73479e33eaf851,1392.84,54.73,5.564840167,54000,54000
ce6c1b13e5a0d86acd6b3db9eb73479e33eaf851,1392.06,54.77,5.568902836,54000,54000
ce6c1b13e5a0d86acd6b3db9eb73479e33eaf851,1421.61,55.88,5.677910425,54000,54000
ce6c1b13e5a0d86acd6b3db9eb73479e33eaf851,1388.74,54.61,5.560608424,54000,53000
ce6c1b13e5a0d86acd6b3db9eb73479e33eaf851,1391.37,54.75,5.569526163,54000,54000
ce6c1b13e5a0d86acd6b3db9eb73479e33eaf851,1413.45,55.28,5.652458019,54000,54000
ce6c1b13e5a0d86acd6b3db9eb73479e33eaf851,1393.98,54.81,5.612866812,54000,54000
ce6c1b13e5a0d86acd6b3db9eb73479e33eaf851,1423.88,55.90,5.697872689,54000,54000
ce6c1b13e5a0d86acd6b3db9eb73479e33eaf851,1409.31,55.12,5.633296955,54000,54000
ce6c1b13e5a0d86acd6b3db9eb73479e33eaf851,1424.36,55.81,5.700001410,54000,54000
ce6c1b13e5a0d86acd6b3db9eb73479e33eaf851,1392.41,54.84,5.574426355,54000,55000
ce6c1b13e5a0d86acd6b3db9eb73479e33eaf851,1402.63,55.02,5.615367870,54000,54000
ce6c1b13e5a0d86acd6b3db9eb73479e33eaf851,1414.77,55.61,5.661136753,54000,54000
ce6c1b13e5a0d86acd6b3db9eb73479e33eaf851,1399.15,54.97,5.601611374,55000,54000
ce6c1b13e5a0d86acd6b3db9eb73479e33eaf851,1396.82,54.68,5.590890750,55000,54000
ce6c1b13e5a0d86acd6b3db9eb73479e33eaf851,1414.27,55.64,5.653082344,54000,55000
d6f37cf1658efd2d80dc19bb2beb86264b9d2887,1414.45,55.54,5.674127750,54000,54000
d6f37cf1658efd2d80dc19bb2beb86264b9d2887,1398.80,55.17,5.598959940,54000,54000
d6f37cf1658efd2d80dc19bb2beb86264b9d2887,1399.45,55.00,5.600930101,54000,54000
d6f37cf1658efd2d80dc19bb2beb86264b9d2887,1413.79,55.76,5.661795567,54000,54000
d6f37cf1658efd2d80dc19bb2beb86264b9d2887,1397.68,55.07,5.589043918,55000,55000
d6f37cf1658efd2d80dc19bb2beb86264b9d2887,1404.96,55.38,5.607364376,54000,55000
d6f37cf1658efd2d80dc19bb2beb86264b9d2887,1408.75,55.72,5.632453731,54000,54000
d6f37cf1658efd2d80dc19bb2beb86264b9d2887,1405.44,55.33,5.627503375,54000,54000
d6f37cf1658efd2d80dc19bb2beb86264b9d2887,1404.21,55.22,5.615653275,54000,54000
d6f37cf1658efd2d80dc19bb2beb86264b9d2887,1405.60,55.16,5.616632954,54000,55000
d6f37cf1658efd2d80dc19bb2beb86264b9d2887,1403.58,55.19,5.620838699,54000,55000
d6f37cf1658efd2d80dc19bb2beb86264b9d2887,1413.21,55.52,5.649480264,54000,54000
d6f37cf1658efd2d80dc19bb2beb86264b9d2887,1404.08,55.26,5.616478832,55000,54000
d6f37cf1658efd2d80dc19bb2beb86264b9d2887,1405.29,55.38,5.630309355,55000,54000
d6f37cf1658efd2d80dc19bb2beb86264b9d2887,1389.63,54.72,5.563248340,54000,54000
d6f37cf1658efd2d80dc19bb2beb86264b9d2887,1406.01,55.16,5.619934351,54000,54000
d6f37cf1658efd2d80dc19bb2beb86264b9d2887,1392.85,54.67,5.566814580,54000,54000
d6f37cf1658efd2d80dc19bb2beb86264b9d2887,1413.24,55.61,5.651678301,54000,54000
d6f37cf1658efd2d80dc19bb2beb86264b9d2887,1400.79,55.00,5.612550661,55000,54000
d6f37cf1658efd2d80dc19bb2beb86264b9d2887,1395.10,54.52,5.573867831,54000,54000
d6f37cf1658efd2d80dc19bb2beb86264b9d2887,1396.29,54.68,5.588326206,54000,54000
d6f37cf1658efd2d80dc19bb2beb86264b9d2887,1400.07,54.78,5.597899718,54000,54000
d6f37cf1658efd2d80dc19bb2beb86264b9d2887,1393.60,54.86,5.574395937,54000,54000
d6f37cf1658efd2d80dc19bb2beb86264b9d2887,1424.69,56.15,5.691362793,55000,54000
d6f37cf1658efd2d80dc19bb2beb86264b9d2887,1390.34,54.49,5.555343678,54000,54000
d6f37cf1658efd2d80dc19bb2beb86264b9d2887,1394.24,54.61,5.576266054,54000,54000
d6f37cf1658efd2d80dc19bb2beb86264b9d2887,1387.24,54.28,5.550780607,54000,53000
d6f37cf1658efd2d80dc19bb2beb86264b9d2887,1393.50,54.71,5.582622226,55000,54000
d6f37cf1658efd2d80dc19bb2beb86264b9d2887,1406.52,55.18,5.638361563,54000,54000
d6f37cf1658efd2d80dc19bb2beb86264b9d2887,1410.10,55.08,5.645362389,54000,54000
4178749479dcc5853399f2b9689ce06e51494984,1389.32,54.86,5.616239375,55000,56000
4178749479dcc5853399f2b9689ce06e51494984,1407.79,55.50,5.633452847,54000,54000
4178749479dcc5853399f2b9689ce06e51494984,1398.31,54.98,5.599327028,54000,54000
4178749479dcc5853399f2b9689ce06e51494984,1405.98,55.09,5.625040058,54000,54000
4178749479dcc5853399f2b9689ce06e51494984,1427.22,56.11,5.715858543,54000,54000
4178749479dcc5853399f2b9689ce06e51494984,1404.38,54.99,5.624211463,54000,55000
4178749479dcc5853399f2b9689ce06e51494984,1411.96,55.57,5.650835107,54000,55000
4178749479dcc5853399f2b9689ce06e51494984,1408.50,55.17,5.646999803,54000,54000
4178749479dcc5853399f2b9689ce06e51494984,1431.04,56.33,5.726954944,54000,54000
4178749479dcc5853399f2b9689ce06e51494984,1422.29,55.89,5.700324621,54000,54000
4178749479dcc5853399f2b9689ce06e51494984,1405.69,55.25,5.630509328,54000,54000
4178749479dcc5853399f2b9689ce06e51494984,1423.57,55.90,5.697931651,54000,54000
4178749479dcc5853399f2b9689ce06e51494984,1398.32,55.00,5.606443828,54000,55000
4178749479dcc5853399f2b9689ce06e51494984,1405.11,55.27,5.628014212,54000,54000
4178749479dcc5853399f2b9689ce06e51494984,1414.53,55.52,5.671892256,54000,54000
4178749479dcc5853399f2b9689ce06e51494984,1414.94,55.59,5.663821984,54000,54000
4178749479dcc5853399f2b9689ce06e51494984,1396.66,54.87,5.595988926,54000,54000
4178749479dcc5853399f2b9689ce06e51494984,1401.06,54.88,5.615204657,54000,54000
4178749479dcc5853399f2b9689ce06e51494984,1399.13,54.72,5.613325237,54000,54000
4178749479dcc5853399f2b9689ce06e51494984,1429.81,56.01,5.724930034,54000,54000
4178749479dcc5853399f2b9689ce06e51494984,1409.34,55.24,5.641852319,54000,54000
4178749479dcc5853399f2b9689ce06e51494984,1421.41,55.52,5.693552650,54000,54000
4178749479dcc5853399f2b9689ce06e51494984,1414.32,55.55,5.663612093,54000,54000
4178749479dcc5853399f2b9689ce06e51494984,1395.28,54.42,5.587265109,54000,55000
4178749479dcc5853399f2b9689ce06e51494984,1423.14,55.71,5.706524421,54000,54000
4178749479dcc5853399f2b9689ce06e51494984,1403.93,55.02,5.629970895,54000,54000
4178749479dcc5853399f2b9689ce06e51494984,1411.58,55.20,5.652499803,54000,54000
4178749479dcc5853399f2b9689ce06e51494984,1429.80,56.02,5.735895217,54000,54000
4178749479dcc5853399f2b9689ce06e51494984,1387.92,54.22,5.570480935,55000,54000
4178749479dcc5853399f2b9689ce06e51494984,1405.88,54.88,5.624701133,55000,55000
960908c60bb2d39cee35b175a56138bed390674c,1404.27,55.30,5.613493286,54000,54000
960908c60bb2d39cee35b175a56138bed390674c,1427.00,56.30,5.714557799,54000,54000
960908c60bb2d39cee35b175a56138bed390674c,1417.81,55.92,5.669132192,53000,54000
960908c60bb2d39cee35b175a56138bed390674c,1414.46,55.46,5.667867896,54000,54000
960908c60bb2d39cee35b175a56138bed390674c,1417.34,55.78,5.677394808,54000,54000
960908c60bb2d39cee35b175a56138bed390674c,1403.01,55.29,5.614628027,54000,54000
960908c60bb2d39cee35b175a56138bed390674c,1416.19,55.59,5.663084853,54000,54000
960908c60bb2d39cee35b175a56138bed390674c,1421.67,55.78,5.690424334,54000,54000
960908c60bb2d39cee35b175a56138bed390674c,1443.44,56.99,5.775852076,54000,54000
960908c60bb2d39cee35b175a56138bed390674c,1414.17,55.59,5.647286425,54000,54000
960908c60bb2d39cee35b175a56138bed390674c,1425.86,56.08,5.709518295,55000,55000
960908c60bb2d39cee35b175a56138bed390674c,1415.49,55.80,5.668131984,54000,54000
960908c60bb2d39cee35b175a56138bed390674c,1401.98,55.15,5.605986427,55000,54000
960908c60bb2d39cee35b175a56138bed390674c,1410.15,55.21,5.641561584,54000,54000
960908c60bb2d39cee35b175a56138bed390674c,1420.89,55.64,5.677721377,54000,54000
960908c60bb2d39cee35b175a56138bed390674c,1417.54,55.99,5.657239809,55000,54000
960908c60bb2d39cee35b175a56138bed390674c,1421.84,55.77,5.691313933,55000,54000
960908c60bb2d39cee35b175a56138bed390674c,1420.50,55.63,5.671905208,54000,54000
960908c60bb2d39cee35b175a56138bed390674c,1436.91,56.49,5.750309112,54000,54000
960908c60bb2d39cee35b175a56138bed390674c,1433.92,56.10,5.740494342,54000,54000
960908c60bb2d39cee35b175a56138bed390674c,1421.27,55.79,5.680406319,54000,54000
960908c60bb2d39cee35b175a56138bed390674c,1417.65,55.38,5.687885663,55000,54000
960908c60bb2d39cee35b175a56138bed390674c,1421.46,55.79,5.694179649,54000,54000
960908c60bb2d39cee35b175a56138bed390674c,1410.71,55.12,5.647711457,54000,55000
960908c60bb2d39cee35b175a56138bed390674c,1419.64,55.79,5.670281414,54000,54000
960908c60bb2d39cee35b175a56138bed390674c,1405.40,55.21,5.628539082,54000,54000
960908c60bb2d39cee35b175a56138bed390674c,1419.15,55.91,5.676997356,54000,54000
960908c60bb2d39cee35b175a56138bed390674c,1413.33,55.65,5.650096111,54000,54000
960908c60bb2d39cee35b175a56138bed390674c,1437.89,56.39,5.748418289,54000,54000
960908c60bb2d39cee35b175a56138bed390674c,1428.70,56.37,5.718451511,54000,55000
351a68da90ba0dd644af9d20f0a6aac7456a6d13,1405.89,55.34,5.635823380,54000,55000
351a68da90ba0dd644af9d20f0a6aac7456a6d13,1407.86,55.19,5.647166044,54000,54000
351a68da90ba0dd644af9d20f0a6aac7456a6d13,1398.57,54.98,5.611064340,54000,54000
351a68da90ba0dd644af9d20f0a6aac7456a6d13,1405.90,55.27,5.640722503,54000,54000
351a68da90ba0dd644af9d20f0a6aac7456a6d13,1422.89,56.03,5.697568245,54000,54000
351a68da90ba0dd644af9d20f0a6aac7456a6d13,1421.15,55.80,5.694910848,54000,55000
351a68da90ba0dd644af9d20f0a6aac7456a6d13,1399.95,54.90,5.613576157,54000,54000
351a68da90ba0dd644af9d20f0a6aac7456a6d13,1430.48,56.24,5.744683305,54000,54000
351a68da90ba0dd644af9d20f0a6aac7456a6d13,1395.88,54.76,5.596031825,54000,54000
351a68da90ba0dd644af9d20f0a6aac7456a6d13,1399.03,54.98,5.600890157,54000,54000
351a68da90ba0dd644af9d20f0a6aac7456a6d13,1387.33,54.44,5.559641247,54000,55000
351a68da90ba0dd644af9d20f0a6aac7456a6d13,1410.50,55.21,5.678445589,54000,54000
351a68da90ba0dd644af9d20f0a6aac7456a6d13,1405.52,55.17,5.628482210,54000,54000
351a68da90ba0dd644af9d20f0a6aac7456a6d13,1420.68,55.54,5.694694692,54000,54000
351a68da90ba0dd644af9d20f0a6aac7456a6d13,1404.57,55.18,5.627617752,54000,54000
351a68da90ba0dd644af9d20f0a6aac7456a6d13,1417.01,55.54,5.683261118,54000,54000
351a68da90ba0dd644af9d20f0a6aac7456a6d13,1406.32,54.99,5.629007608,54000,55000
351a68da90ba0dd644af9d20f0a6aac7456a6d13,1413.59,55.43,5.658113354,54000,54000
351a68da90ba0dd644af9d20f0a6aac7456a6d13,1411.03,55.20,5.658687171,54000,54000
351a68da90ba0dd644af9d20f0a6aac7456a6d13,1400.58,54.92,5.622978485,54000,54000
351a68da90ba0dd644af9d20f0a6aac7456a6d13,1386.91,54.26,5.562647811,54000,54000
351a68da90ba0dd644af9d20f0a6aac7456a6d13,1412.59,55.66,5.662191470,54000,54000
351a68da90ba0dd644af9d20f0a6aac7456a6d13,1398.57,54.63,5.619787686,54000,54000
351a68da90ba0dd644af9d20f0a6aac7456a6d13,1390.68,54.17,5.579039977,54000,54000
351a68da90ba0dd644af9d20f0a6aac7456a6d13,1407.43,54.99,5.640956137,54000,54000
351a68da90ba0dd644af9d20f0a6aac7456a6d13,1404.25,54.75,5.640590338,55000,54000
351a68da90ba0dd644af9d20f0a6aac7456a6d13,1413.14,55.44,5.666514592,54000,54000
351a68da90ba0dd644af9d20f0a6aac7456a6d13,1402.46,54.86,5.626488834,54000,54000
351a68da90ba0dd644af9d20f0a6aac7456a6d13,1417.76,55.17,5.687711914,54000,54000
351a68da90ba0dd644af9d20f0a6aac7456a6d13,1422.07,55.57,5.694404456,54000,53000
107a8b44f8e04650b0b4989912f2ccda6619c031,1388.84,54.46,5.573145008,56000,56000
107a8b44f8e04650b0b4989912f2ccda6619c031,1400.56,55.01,5.606991626,55000,54000
107a8b44f8e04650b0b4989912f2ccda6619c031,1409.09,55.23,5.646626002,54000,54000
107a8b44f8e04650b0b4989912f2ccda6619c031,1398.92,54.94,5.608962484,54000,54000
107a8b44f8e04650b0b4989912f2ccda6619c031,1402.63,54.98,5.629006767,54000,54000
107a8b44f8e04650b0b4989912f2ccda6619c031,1397.19,54.78,5.603577457,54000,55000
107a8b44f8e04650b0b4989912f2ccda6619c031,1425.54,55.79,5.701360437,54000,54000
107a8b44f8e04650b0b4989912f2ccda6619c031,1414.84,55.50,5.662507114,54000,54000
107a8b44f8e04650b0b4989912f2ccda6619c031,1420.54,55.98,5.682411057,54000,54000
107a8b44f8e04650b0b4989912f2ccda6619c031,1421.27,55.62,5.693625686,54000,55000
107a8b44f8e04650b0b4989912f2ccda6619c031,1401.51,54.98,5.611781460,54000,54000
107a8b44f8e04650b0b4989912f2ccda6619c031,1392.12,54.65,5.569629091,54000,54000
107a8b44f8e04650b0b4989912f2ccda6619c031,1417.05,55.59,5.679647449,54000,54000
107a8b44f8e04650b0b4989912f2ccda6619c031,1396.31,54.75,5.599081453,54000,55000
107a8b44f8e04650b0b4989912f2ccda6619c031,1422.06,55.47,5.699998592,55000,54000
107a8b44f8e04650b0b4989912f2ccda6619c031,1397.19,54.67,5.594830366,55000,54000
107a8b44f8e04650b0b4989912f2ccda6619c031,1434.21,56.11,5.740113157,54000,54000
107a8b44f8e04650b0b4989912f2ccda6619c031,1391.79,54.38,5.584571638,54000,54000
107a8b44f8e04650b0b4989912f2ccda6619c031,1399.40,54.67,5.608876145,54000,54000
107a8b44f8e04650b0b4989912f2ccda6619c031,1421.42,55.64,5.698326733,54000,54000
107a8b44f8e04650b0b4989912f2ccda6619c031,1414.87,55.35,5.661433872,54000,55000
107a8b44f8e04650b0b4989912f2ccda6619c031,1396.62,54.77,5.601689754,54000,54000
107a8b44f8e04650b0b4989912f2ccda6619c031,1410.13,55.27,5.637046010,54000,54000
107a8b44f8e04650b0b4989912f2ccda6619c031,1424.19,55.72,5.705059958,54000,55000
107a8b44f8e04650b0b4989912f2ccda6619c031,1417.64,55.25,5.670229577,54000,54000
107a8b44f8e04650b0b4989912f2ccda6619c031,1411.22,55.05,5.653553001,54000,54000
107a8b44f8e04650b0b4989912f2ccda6619c031,1394.22,54.41,5.586631821,54000,55000
107a8b44f8e04650b0b4989912f2ccda6619c031,1409.98,55.21,5.641924582,54000,54000
107a8b44f8e04650b0b4989912f2ccda6619c031,1398.57,54.57,5.598230498,54000,54000
107a8b44f8e04650b0b4989912f2ccda6619c031,1429.52,55.69,5.725651793,54000,54000
dca9510ec9a98d37c3798ee8388f4ba8e954fef4,1411.67,55.59,5.652710614,56000,55000
dca9510ec9a98d37c3798ee8388f4ba8e954fef4,1436.46,56.29,5.750813583,54000,54000
dca9510ec9a98d37c3798ee8388f4ba8e954fef4,1427.69,56.16,5.712095800,54000,54000
dca9510ec9a98d37c3798ee8388f4ba8e954fef4,1432.60,56.39,5.747315341,54000,54000
dca9510ec9a98d37c3798ee8388f4ba8e954fef4,1413.29,55.45,5.666300425,55000,54000
dca9510ec9a98d37c3798ee8388f4ba8e954fef4,1409.55,55.45,5.644270921,54000,54000
dca9510ec9a98d37c3798ee8388f4ba8e954fef4,1429.55,56.55,5.722194614,54000,54000
dca9510ec9a98d37c3798ee8388f4ba8e954fef4,1409.24,55.30,5.644200291,54000,54000
dca9510ec9a98d37c3798ee8388f4ba8e954fef4,1417.80,55.63,5.673203252,54000,54000
dca9510ec9a98d37c3798ee8388f4ba8e954fef4,1401.28,55.12,5.612070462,54000,54000
dca9510ec9a98d37c3798ee8388f4ba8e954fef4,1412.80,55.48,5.648969361,54000,55000
dca9510ec9a98d37c3798ee8388f4ba8e954fef4,1423.86,55.85,5.704317683,54000,54000
dca9510ec9a98d37c3798ee8388f4ba8e954fef4,1410.81,55.42,5.646090035,54000,54000
dca9510ec9a98d37c3798ee8388f4ba8e954fef4,1399.76,54.78,5.602102944,54000,54000
dca9510ec9a98d37c3798ee8388f4ba8e954fef4,1406.43,55.12,5.626710082,54000,54000
dca9510ec9a98d37c3798ee8388f4ba8e954fef4,1404.59,55.23,5.630428722,54000,54000
dca9510ec9a98d37c3798ee8388f4ba8e954fef4,1402.65,55.03,5.616407087,55000,54000
dca9510ec9a98d37c3798ee8388f4ba8e954fef4,1423.10,56.05,5.694150415,54000,54000
dca9510ec9a98d37c3798ee8388f4ba8e954fef4,1414.14,55.37,5.653514623,54000,55000
dca9510ec9a98d37c3798ee8388f4ba8e954fef4,1430.19,56.07,5.729688521,54000,54000
dca9510ec9a98d37c3798ee8388f4ba8e954fef4,1399.56,54.74,5.603813321,55000,54000
dca9510ec9a98d37c3798ee8388f4ba8e954fef4,1403.82,54.98,5.618786100,55000,54000
dca9510ec9a98d37c3798ee8388f4ba8e954fef4,1403.17,54.97,5.613924059,54000,55000
dca9510ec9a98d37c3798ee8388f4ba8e954fef4,1413.77,55.15,5.662223937,54000,54000
dca9510ec9a98d37c3798ee8388f4ba8e954fef4,1409.46,54.99,5.647709511,55000,54000
dca9510ec9a98d37c3798ee8388f4ba8e954fef4,1420.87,55.64,5.683731750,54000,54000
dca9510ec9a98d37c3798ee8388f4ba8e954fef4,1417.15,55.42,5.671473692,54000,54000
dca9510ec9a98d37c3798ee8388f4ba8e954fef4,1409.42,55.26,5.636863174,55000,54000
dca9510ec9a98d37c3798ee8388f4ba8e954fef4,1414.34,55.32,5.653660663,54000,55000
dca9510ec9a98d37c3798ee8388f4ba8e954fef4,1411.15,55.41,5.637547133,54000,54000
bbf09ddf3be09ad597406583899fa3811231db6a,1400.71,55.38,5.638733471,55000,55000
bbf09ddf3be09ad597406583899fa3811231db6a,1429.70,56.20,5.727624026,55000,54000
bbf09ddf3be09ad597406583899fa3811231db6a,1410.23,55.53,5.649399451,54000,54000
bbf09ddf3be09ad597406583899fa3811231db6a,1403.76,55.18,5.624554972,54000,54000
bbf09ddf3be09ad597406583899fa3811231db6a,1400.51,54.74,5.600120387,54000,54000
bbf09ddf3be09ad597406583899fa3811231db6a,1418.60,55.91,5.672442803,54000,54000
bbf09ddf3be09ad597406583899fa3811231db6a,1414.23,55.44,5.668872211,54000,54000
bbf09ddf3be09ad597406583899fa3811231db6a,1403.58,55.27,5.628346154,54000,54000
bbf09ddf3be09ad597406583899fa3811231db6a,1424.98,56.01,5.704074779,54000,54000
bbf09ddf3be09ad597406583899fa3811231db6a,1419.62,55.69,5.676191064,54000,54000
bbf09ddf3be09ad597406583899fa3811231db6a,1415.90,55.84,5.677148525,54000,55000
bbf09ddf3be09ad597406583899fa3811231db6a,1426.14,56.13,5.705802611,54000,54000
bbf09ddf3be09ad597406583899fa3811231db6a,1411.93,55.58,5.651209410,54000,54000
bbf09ddf3be09ad597406583899fa3811231db6a,1420.26,55.75,5.681199006,53000,54000
bbf09ddf3be09ad597406583899fa3811231db6a,1407.23,55.24,5.634134674,54000,55000
bbf09ddf3be09ad597406583899fa3811231db6a,1409.89,55.39,5.649450953,54000,54000
bbf09ddf3be09ad597406583899fa3811231db6a,1425.71,55.85,5.705329831,54000,55000
bbf09ddf3be09ad597406583899fa3811231db6a,1418.32,55.61,5.679314480,54000,54000
bbf09ddf3be09ad597406583899fa3811231db6a,1405.55,55.12,5.631355784,54000,54000
bbf09ddf3be09ad597406583899fa3811231db6a,1412.25,55.38,5.664854430,53000,54000
bbf09ddf3be09ad597406583899fa3811231db6a,1390.14,54.44,5.566416106,54000,54000
bbf09ddf3be09ad597406583899fa3811231db6a,1427.11,56.00,5.732927233,54000,55000
bbf09ddf3be09ad597406583899fa3811231db6a,1397.67,54.97,5.599397839,54000,55000
bbf09ddf3be09ad597406583899fa3811231db6a,1409.38,55.23,5.636241808,54000,54000
bbf09ddf3be09ad597406583899fa3811231db6a,1409.17,55.00,5.647196608,54000,55000
bbf09ddf3be09ad597406583899fa3811231db6a,1408.03,55.01,5.631727369,54000,54000
bbf09ddf3be09ad597406583899fa3811231db6a,1417.20,55.59,5.665801334,54000,54000
bbf09ddf3be09ad597406583899fa3811231db6a,1428.77,56.05,5.737633624,54000,54000
bbf09ddf3be09ad597406583899fa3811231db6a,1399.75,55.00,5.611001853,53000,54000
bbf09ddf3be09ad597406583899fa3811231db6a,1416.23,55.67,5.669912916,54000,54000
489121b21f18fd72e0d9f4b53fd8e301f842f83b,1418.78,55.77,5.680799523,54000,54000
489121b21f18fd72e0d9f4b53fd8e301f842f83b,1401.47,55.01,5.614596593,54000,54000
489121b21f18fd72e0d9f4b53fd8e301f842f83b,1412.97,55.23,5.669605904,54000,54000
489121b21f18fd72e0d9f4b53fd8e301f842f83b,1405.25,55.13,5.626721888,54000,54000
489121b21f18fd72e0d9f4b53fd8e301f842f83b,1402.30,55.18,5.617238032,54000,54000
489121b21f18fd72e0d9f4b53fd8e301f842f83b,1415.36,55.53,5.660352429,54000,54000
489121b21f18fd72e0d9f4b53fd8e301f842f83b,1403.17,55.04,5.623735568,54000,54000
489121b21f18fd72e0d9f4b53fd8e301f842f83b,1411.03,55.57,5.643559270,54000,54000
489121b21f18fd72e0d9f4b53fd8e301f842f83b,1411.10,55.23,5.653555180,54000,54000
489121b21f18fd72e0d9f4b53fd8e301f842f83b,1407.11,55.12,5.641120862,55000,54000
489121b21f18fd72e0d9f4b53fd8e301f842f83b,1405.14,55.12,5.626779766,54000,54000
489121b21f18fd72e0d9f4b53fd8e301f842f83b,1406.62,55.28,5.635689273,54000,54000
489121b21f18fd72e0d9f4b53fd8e301f842f83b,1391.61,54.60,5.582284707,54000,54000
489121b21f18fd72e0d9f4b53fd8e301f842f83b,1418.12,55.59,5.687293686,54000,54000
489121b21f18fd72e0d9f4b53fd8e301f842f83b,1398.76,54.63,5.598228523,54000,54000
489121b21f18fd72e0d9f4b53fd8e301f842f83b,1417.21,55.71,5.672058477,54000,54000
489121b21f18fd72e0d9f4b53fd8e301f842f83b,1420.93,55.72,5.685163533,54000,54000
489121b21f18fd72e0d9f4b53fd8e301f842f83b,1406.00,54.97,5.630317741,54000,56000
489121b21f18fd72e0d9f4b53fd8e301f842f83b,1429.63,56.07,5.718004116,54000,54000
489121b21f18fd72e0d9f4b53fd8e301f842f83b,1421.01,55.68,5.687205619,54000,54000
489121b21f18fd72e0d9f4b53fd8e301f842f83b,1401.50,54.70,5.607211778,54000,54000
489121b21f18fd72e0d9f4b53fd8e301f842f83b,1408.24,55.28,5.632177803,54000,54000
489121b21f18fd72e0d9f4b53fd8e301f842f83b,1413.01,55.51,5.662624990,54000,54000
489121b21f18fd72e0d9f4b53fd8e301f842f83b,1414.85,55.69,5.662386242,53000,54000
489121b21f18fd72e0d9f4b53fd8e301f842f83b,1410.01,55.39,5.648040395,54000,55000
489121b21f18fd72e0d9f4b53fd8e301f842f83b,1414.48,55.21,5.658915175,54000,55000
489121b21f18fd72e0d9f4b53fd8e301f842f83b,1392.28,54.57,5.581965860,54000,54000
489121b21f18fd72e0d9f4b53fd8e301f842f83b,1427.54,56.22,5.731020656,54000,54000
489121b21f18fd72e0d9f4b53fd8e301f842f83b,1408.69,55.29,5.641266223,54000,54000
489121b21f18fd72e0d9f4b53fd8e301f842f83b,1409.23,55.06,5.646990521,54000,54000
4d61451a34ce5f4501567b81f71dac980e653762,1410.86,55.49,5.647019553,54000,54000
4d61451a34ce5f4501567b81f71dac980e653762,1447.74,56.90,5.800323083,54000,54000
4d61451a34ce5f4501567b81f71dac980e653762,1408.39,55.49,5.637831756,56000,54000
4d61451a34ce5f4501567b81f71dac980e653762,1416.28,55.57,5.678761235,54000,54000
4d61451a34ce5f4501567b81f71dac980e653762,1411.47,55.64,5.661520649,54000,54000
4d61451a34ce5f4501567b81f71dac980e653762,1415.32,55.65,5.665618343,54000,53000
4d61451a34ce5f4501567b81f71dac980e653762,1400.16,55.00,5.618174864,54000,54000
4d61451a34ce5f4501567b81f71dac980e653762,1430.53,56.48,5.723226175,54000,54000
4d61451a34ce5f4501567b81f71dac980e653762,1429.19,56.34,5.720388518,54000,54000
4d61451a34ce5f4501567b81f71dac980e653762,1423.27,56.07,5.692476687,54000,54000
4d61451a34ce5f4501567b81f71dac980e653762,1400.23,54.97,5.607197740,54000,54000
4d61451a34ce5f4501567b81f71dac980e653762,1431.34,56.17,5.725060199,54000,54000
4d61451a34ce5f4501567b81f71dac980e653762,1409.65,55.66,5.650413346,54000,54000
4d61451a34ce5f4501567b81f71dac980e653762,1416.33,55.84,5.665624577,54000,54000
4d61451a34ce5f4501567b81f71dac980e653762,1410.52,55.42,5.645360688,54000,54000
4d61451a34ce5f4501567b81f71dac980e653762,1417.73,55.73,5.674367635,54000,54000
4d61451a34ce5f4501567b81f71dac980e653762,1416.12,55.71,5.670731701,54000,54000
4d61451a34ce5f4501567b81f71dac980e653762,1408.85,55.40,5.635685881,54000,55000
4d61451a34ce5f4501567b81f71dac980e653762,1414.29,55.61,5.658743829,54000,54000
4d61451a34ce5f4501567b81f71dac980e653762,1411.73,55.42,5.658935601,54000,55000
4d61451a34ce5f4501567b81f71dac980e653762,1427.59,55.80,5.727088241,54000,54000
4d61451a34ce5f4501567b81f71dac980e653762,1407.09,55.29,5.634725309,55000,54000
4d61451a34ce5f4501567b81f71dac980e653762,1408.58,55.25,5.649019782,54000,55000
4d61451a34ce5f4501567b81f71dac980e653762,1406.77,55.08,5.637737426,54000,54000
4d61451a34ce5f4501567b81f71dac980e653762,1404.00,54.95,5.616419043,55000,54000
4d61451a34ce5f4501567b81f71dac980e653762,1414.08,55.41,5.652816790,54000,54000
4d61451a34ce5f4501567b81f71dac980e653762,1413.00,55.37,5.658015261,55000,55000
4d61451a34ce5f4501567b81f71dac980e653762,1428.08,55.97,5.716491075,54000,54000
4d61451a34ce5f4501567b81f71dac980e653762,1408.86,55.25,5.640927582,54000,54000
4d61451a34ce5f4501567b81f71dac980e653762,1415.56,55.57,5.664278680,54000,54000
978259170e61de613a57a190ff78e3d9a7d07649,1409.38,55.63,5.629265799,55000,56000
978259170e61de613a57a190ff78e3d9a7d07649,1413.02,55.72,5.646402045,54000,54000
978259170e61de613a57a190ff78e3d9a7d07649,1414.87,55.53,5.660787124,54000,54000
978259170e61de613a57a190ff78e3d9a7d07649,1433.86,56.55,5.727848360,54000,54000
978259170e61de613a57a190ff78e3d9a7d07649,1424.56,56.04,5.698674366,54000,54000
978259170e61de613a57a190ff78e3d9a7d07649,1417.64,55.81,5.666633941,54000,54000
978259170e61de613a57a190ff78e3d9a7d07649,1448.91,56.87,5.797529605,54000,54000
978259170e61de613a57a190ff78e3d9a7d07649,1413.22,55.81,5.657129746,54000,54000
978259170e61de613a57a190ff78e3d9a7d07649,1416.27,55.79,5.661727416,54000,54000
978259170e61de613a57a190ff78e3d9a7d07649,1420.66,55.95,5.692314210,54000,54000
978259170e61de613a57a190ff78e3d9a7d07649,1428.97,56.13,5.714878317,55000,54000
978259170e61de613a57a190ff78e3d9a7d07649,1417.08,55.61,5.667656199,55000,54000
978259170e61de613a57a190ff78e3d9a7d07649,1421.70,55.86,5.677416939,54000,54000
978259170e61de613a57a190ff78e3d9a7d07649,1408.67,55.05,5.644718899,54000,54000
978259170e61de613a57a190ff78e3d9a7d07649,1421.03,55.87,5.685701728,54000,54000
978259170e61de613a57a190ff78e3d9a7d07649,1394.91,54.65,5.585808868,54000,53000
978259170e61de613a57a190ff78e3d9a7d07649,1410.66,55.23,5.642792847,55000,54000
978259170e61de613a57a190ff78e3d9a7d07649,1430.07,56.32,5.736735404,55000,54000
978259170e61de613a57a190ff78e3d9a7d07649,1409.19,55.08,5.633359774,54000,54000
978259170e61de613a57a190ff78e3d9a7d07649,1407.07,54.91,5.630219111,55000,54000
978259170e61de613a57a190ff78e3d9a7d07649,1420.54,55.80,5.689077808,54000,55000
978259170e61de613a57a190ff78e3d9a7d07649,1423.17,55.78,5.694360762,54000,54000
978259170e61de613a57a190ff78e3d9a7d07649,1416.92,55.53,5.660322656,54000,54000
978259170e61de613a57a190ff78e3d9a7d07649,1409.32,55.11,5.642478226,54000,54000
978259170e61de613a57a190ff78e3d9a7d07649,1409.00,55.43,5.645105729,55000,54000
978259170e61de613a57a190ff78e3d9a7d07649,1429.93,56.14,5.732427952,54000,54000
978259170e61de613a57a190ff78e3d9a7d07649,1412.40,55.32,5.649337670,54000,54000
978259170e61de613a57a190ff78e3d9a7d07649,1422.08,55.76,5.687287812,55000,54000
978259170e61de613a57a190ff78e3d9a7d07649,1417.10,55.83,5.675527449,54000,54000
978259170e61de613a57a190ff78e3d9a7d07649,1432.12,56.25,5.740224119,54000,55000
1150c0b02c435d2bd05e70933f5f12c82e212d8b,1409.52,55.53,5.644233785,54000,54000
1150c0b02c435d2bd05e70933f5f12c82e212d8b,1408.19,55.20,5.642621879,54000,54000
1150c0b02c435d2bd05e70933f5f12c82e212d8b,1398.42,54.76,5.613871741,54000,54000
1150c0b02c435d2bd05e70933f5f12c82e212d8b,1423.98,56.02,5.694340531,55000,54000
1150c0b02c435d2bd05e70933f5f12c82e212d8b,1412.27,55.24,5.659736786,54000,54000
1150c0b02c435d2bd05e70933f5f12c82e212d8b,1403.76,55.04,5.615369013,55000,54000
1150c0b02c435d2bd05e70933f5f12c82e212d8b,1407.90,55.48,5.640399066,54000,54000
1150c0b02c435d2bd05e70933f5f12c82e212d8b,1428.52,56.02,5.730416526,54000,54000
1150c0b02c435d2bd05e70933f5f12c82e212d8b,1409.82,55.37,5.650655757,54000,55000
1150c0b02c435d2bd05e70933f5f12c82e212d8b,1410.95,55.31,5.644291377,54000,54000
1150c0b02c435d2bd05e70933f5f12c82e212d8b,1423.33,55.96,5.706587076,54000,55000
1150c0b02c435d2bd05e70933f5f12c82e212d8b,1415.81,55.48,5.667768822,54000,54000
1150c0b02c435d2bd05e70933f5f12c82e212d8b,1388.78,54.54,5.560073373,55000,54000
1150c0b02c435d2bd05e70933f5f12c82e212d8b,1402.77,54.88,5.606049263,54000,54000
1150c0b02c435d2bd05e70933f5f12c82e212d8b,1422.63,55.79,5.691846862,54000,55000
1150c0b02c435d2bd05e70933f5f12c82e212d8b,1416.47,55.59,5.678186310,54000,54000
1150c0b02c435d2bd05e70933f5f12c82e212d8b,1389.36,54.40,5.574239271,54000,55000
1150c0b02c435d2bd05e70933f5f12c82e212d8b,1404.10,55.01,5.634353867,55000,54000
1150c0b02c435d2bd05e70933f5f12c82e212d8b,1402.24,55.10,5.624590718,54000,54000
1150c0b02c435d2bd05e70933f5f12c82e212d8b,1417.02,55.78,5.673268641,53000,54000
1150c0b02c435d2bd05e70933f5f12c82e212d8b,1411.63,55.34,5.653103448,55000,54000
1150c0b02c435d2bd05e70933f5f12c82e212d8b,1420.04,55.64,5.697264380,54000,54000
1150c0b02c435d2bd05e70933f5f12c82e212d8b,1418.76,55.60,5.682173473,54000,54000
1150c0b02c435d2bd05e70933f5f12c82e212d8b,1411.20,55.15,5.655064948,54000,54000
1150c0b02c435d2bd05e70933f5f12c82e212d8b,1416.89,55.62,5.669080310,54000,54000
1150c0b02c435d2bd05e70933f5f12c82e212d8b,1412.71,55.31,5.658352977,54000,54000
1150c0b02c435d2bd05e70933f5f12c82e212d8b,1398.50,54.71,5.599165543,54000,54000
1150c0b02c435d2bd05e70933f5f12c82e212d8b,1401.82,55.06,5.616472904,54000,54000
1150c0b02c435d2bd05e70933f5f12c82e212d8b,1392.29,54.51,5.581110820,54000,55000
1150c0b02c435d2bd05e70933f5f12c82e212d8b,1406.70,55.16,5.630963486,54000,54000
b7a4382f1a55472e8379796149126f37999731b7,1427.60,56.45,5.704964024,54000,54000
b7a4382f1a55472e8379796149126f37999731b7,1424.73,56.24,5.694989123,54000,54000
b7a4382f1a55472e8379796149126f37999731b7,1417.08,55.74,5.671236117,54000,54000
b7a4382f1a55472e8379796149126f37999731b7,1421.03,55.86,5.671658530,54000,54000
b7a4382f1a55472e8379796149126f37999731b7,1424.50,56.24,5.692542260,55000,54000
b7a4382f1a55472e8379796149126f37999731b7,1400.06,55.17,5.607085564,54000,54000
b7a4382f1a55472e8379796149126f37999731b7,1410.04,55.38,5.649005521,54000,53000
b7a4382f1a55472e8379796149126f37999731b7,1425.28,56.00,5.704046912,54000,55000
b7a4382f1a55472e8379796149126f37999731b7,1437.62,56.40,5.746581245,54000,55000
b7a4382f1a55472e8379796149126f37999731b7,1420.35,56.02,5.678635769,54000,55000
b7a4382f1a55472e8379796149126f37999731b7,1435.21,56.63,5.740170527,55000,54000
b7a4382f1a55472e8379796149126f37999731b7,1421.45,55.86,5.683099067,54000,55000
b7a4382f1a55472e8379796149126f37999731b7,1420.10,55.67,5.673664102,54000,54000
b7a4382f1a55472e8379796149126f37999731b7,1417.03,55.66,5.672555932,54000,54000
b7a4382f1a55472e8379796149126f37999731b7,1414.01,55.83,5.648876682,54000,54000
b7a4382f1a55472e8379796149126f37999731b7,1443.16,56.94,5.764681724,54000,54000
b7a4382f1a55472e8379796149126f37999731b7,1414.24,55.26,5.654707265,54000,54000
b7a4382f1a55472e8379796149126f37999731b7,1421.53,55.82,5.685870362,54000,54000
b7a4382f1a55472e8379796149126f37999731b7,1438.03,56.67,5.750238994,54000,54000
b7a4382f1a55472e8379796149126f37999731b7,1421.91,55.87,5.690185675,54000,54000
b7a4382f1a55472e8379796149126f37999731b7,1414.51,55.68,5.656487466,54000,54000
b7a4382f1a55472e8379796149126f37999731b7,1397.95,54.86,5.585791158,54000,54000
b7a4382f1a55472e8379796149126f37999731b7,1429.76,56.29,5.715452486,54000,54000
b7a4382f1a55472e8379796149126f37999731b7,1404.99,55.02,5.617452459,54000,55000
b7a4382f1a55472e8379796149126f37999731b7,1409.01,55.20,5.632807174,54000,54000
b7a4382f1a55472e8379796149126f37999731b7,1420.87,55.99,5.676416364,54000,54000
b7a4382f1a55472e8379796149126f37999731b7,1415.53,55.60,5.676616733,55000,54000
b7a4382f1a55472e8379796149126f37999731b7,1432.97,56.19,5.720033114,54000,55000
b7a4382f1a55472e8379796149126f37999731b7,1414.17,55.58,5.650530089,54000,54000
b7a4382f1a55472e8379796149126f37999731b7,1432.52,56.43,5.725591351,54000,54000
4d524e387ff908043ef72fa37f3ed613cdd39e69,1412.33,55.54,5.657403801,55000,56000
4d524e387ff908043ef72fa37f3ed613cdd39e69,1414.77,55.84,5.667753367,54000,55000
4d524e387ff908043ef72fa37f3ed613cdd39e69,1401.70,55.33,5.608145110,54000,54000
4d524e387ff908043ef72fa37f3ed613cdd39e69,1435.47,56.79,5.748594062,54000,54000
4d524e387ff908043ef72fa37f3ed613cdd39e69,1434.69,56.82,5.740115675,54000,54000
4d524e387ff908043ef72fa37f3ed613cdd39e69,1426.77,56.16,5.712862496,54000,54000
4d524e387ff908043ef72fa37f3ed613cdd39e69,1422.11,55.86,5.692113772,53000,54000
4d524e387ff908043ef72fa37f3ed613cdd39e69,1426.02,56.33,5.703114439,54000,54000
4d524e387ff908043ef72fa37f3ed613cdd39e69,1433.89,56.39,5.731516259,54000,54000
4d524e387ff908043ef72fa37f3ed613cdd39e69,1439.07,56.99,5.748580386,54000,54000
4d524e387ff908043ef72fa37f3ed613cdd39e69,1413.80,55.63,5.656917874,54000,54000
4d524e387ff908043ef72fa37f3ed613cdd39e69,1421.96,56.12,5.675208344,54000,54000
4d524e387ff908043ef72fa37f3ed613cdd39e69,1425.66,56.01,5.700450332,54000,54000
4d524e387ff908043ef72fa37f3ed613cdd39e69,1429.60,56.45,5.706041699,55000,55000
4d524e387ff908043ef72fa37f3ed613cdd39e69,1407.76,55.27,5.631063878,55000,56000
4d524e387ff908043ef72fa37f3ed613cdd39e69,1411.08,55.40,5.646754788,54000,55000
4d524e387ff908043ef72fa37f3ed613cdd39e69,1421.50,56.08,5.675379623,54000,54000
4d524e387ff908043ef72fa37f3ed613cdd39e69,1412.19,55.65,5.645404384,54000,54000
4d524e387ff908043ef72fa37f3ed613cdd39e69,1403.71,55.25,5.622712229,54000,54000
4d524e387ff908043ef72fa37f3ed613cdd39e69,1399.09,55.17,5.598000362,54000,53000
4d524e387ff908043ef72fa37f3ed613cdd39e69,1423.77,55.92,5.719074179,54000,54000
4d524e387ff908043ef72fa37f3ed613cdd39e69,1424.89,55.83,5.705256305,54000,54000
4d524e387ff908043ef72fa37f3ed613cdd39e69,1425.02,56.13,5.707014250,54000,54000
4d524e387ff908043ef72fa37f3ed613cdd39e69,1421.28,55.61,5.686647865,54000,54000
4d524e387ff908043ef72fa37f3ed613cdd39e69,1433.85,56.23,5.759188612,54000,54000
4d524e387ff908043ef72fa37f3ed613cdd39e69,1408.96,55.53,5.637607869,54000,54000
4d524e387ff908043ef72fa37f3ed613cdd39e69,1413.84,55.63,5.656568327,54000,55000
4d524e387ff908043ef72fa37f3ed613cdd39e69,1424.42,55.90,5.693219537,54000,55000
4d524e387ff908043ef72fa37f3ed613cdd39e69,1437.78,56.40,5.749597494,54000,54000
4d524e387ff908043ef72fa37f3ed613cdd39e69,1414.37,55.67,5.659782365,54000,54000
52be12c072df48763c890dca2cb916f9f7a529f9,1420.04,55.76,5.696713895,56000,57000
52be12c072df48763c890dca2cb916f9f7a529f9,1418.90,55.74,5.690438297,56000,55000
52be12c072df48763c890dca2cb916f9f7a529f9,1410.67,55.41,5.642541787,54000,54000
52be12c072df48763c890dca2cb916f9f7a529f9,1408.69,55.49,5.643871302,54000,54000
52be12c072df48763c890dca2cb916f9f7a529f9,1421.47,55.87,5.699009737,55000,54000
52be12c072df48763c890dca2cb916f9f7a529f9,1397.09,55.03,5.599434116,54000,55000
52be12c072df48763c890dca2cb916f9f7a529f9,1398.65,55.04,5.600611847,55000,54000
52be12c072df48763c890dca2cb916f9f7a529f9,1421.62,56.03,5.683565414,54000,54000
52be12c072df48763c890dca2cb916f9f7a529f9,1405.20,55.33,5.632567214,54000,54000
52be12c072df48763c890dca2cb916f9f7a529f9,1414.66,55.65,5.659370431,54000,54000
52be12c072df48763c890dca2cb916f9f7a529f9,1403.51,55.00,5.619924249,54000,54000
52be12c072df48763c890dca2cb916f9f7a529f9,1400.82,55.06,5.613277274,54000,54000
52be12c072df48763c890dca2cb916f9f7a529f9,1430.73,56.45,5.745393014,54000,54000
52be12c072df48763c890dca2cb916f9f7a529f9,1419.37,55.84,5.688126058,54000,54000
52be12c072df48763c890dca2cb916f9f7a529f9,1418.88,55.73,5.683212375,54000,54000
52be12c072df48763c890dca2cb916f9f7a529f9,1392.52,54.59,5.580823152,54000,54000
52be12c072df48763c890dca2cb916f9f7a529f9,1405.19,55.03,5.614705896,54000,54000
52be12c072df48763c890dca2cb916f9f7a529f9,1402.83,54.96,5.625981620,53000,54000
52be12c072df48763c890dca2cb916f9f7a529f9,1417.67,55.62,5.672896958,54000,54000
52be12c072df48763c890dca2cb916f9f7a529f9,1401.65,54.99,5.608064654,54000,54000
52be12c072df48763c890dca2cb916f9f7a529f9,1408.59,55.27,5.640973410,54000,54000
52be12c072df48763c890dca2cb916f9f7a529f9,1405.86,54.99,5.630122990,54000,54000
52be12c072df48763c890dca2cb916f9f7a529f9,1396.18,54.78,5.600284098,54000,54000
52be12c072df48763c890dca2cb916f9f7a529f9,1423.56,55.82,5.699633204,56000,54000
52be12c072df48763c890dca2cb916f9f7a529f9,1405.45,54.94,5.630948923,54000,54000
52be12c072df48763c890dca2cb916f9f7a529f9,1412.30,55.31,5.652039916,54000,54000
52be12c072df48763c890dca2cb916f9f7a529f9,1395.96,54.84,5.584286339,54000,54000
52be12c072df48763c890dca2cb916f9f7a529f9,1433.68,56.27,5.751792931,54000,54000
52be12c072df48763c890dca2cb916f9f7a529f9,1391.84,54.49,5.577719563,54000,54000
52be12c072df48763c890dca2cb916f9f7a529f9,1418.53,55.31,5.683979697,55000,54000
91305e3955f21e1d3df99a2d6167da46362e7a01,1413.81,55.71,5.686104514,55000,56000
91305e3955f21e1d3df99a2d6167da46362e7a01,1397.26,54.80,5.597954563,56000,55000
91305e3955f21e1d3df99a2d6167da46362e7a01,1412.53,55.64,5.667153969,56000,55000
91305e3955f21e1d3df99a2d6167da46362e7a01,1406.08,55.30,5.631715630,55000,55000
91305e3955f21e1d3df99a2d6167da46362e7a01,1414.66,55.73,5.667245079,54000,54000
91305e3955f21e1d3df99a2d6167da46362e7a01,1409.55,55.29,5.647313928,54000,54000
91305e3955f21e1d3df99a2d6167da46362e7a01,1416.62,55.91,5.674340654,54000,54000
91305e3955f21e1d3df99a2d6167da46362e7a01,1403.66,55.03,5.625872385,54000,54000
91305e3955f21e1d3df99a2d6167da46362e7a01,1419.59,55.85,5.682685610,54000,54000
91305e3955f21e1d3df99a2d6167da46362e7a01,1400.65,55.06,5.603565999,54000,53000
91305e3955f21e1d3df99a2d6167da46362e7a01,1410.96,55.35,5.652030118,54000,55000
91305e3955f21e1d3df99a2d6167da46362e7a01,1426.94,56.35,5.726857946,54000,55000
91305e3955f21e1d3df99a2d6167da46362e7a01,1414.90,55.55,5.657140476,54000,54000
91305e3955f21e1d3df99a2d6167da46362e7a01,1411.66,55.12,5.657330131,54000,54000
91305e3955f21e1d3df99a2d6167da46362e7a01,1420.48,55.75,5.692953139,54000,55000
91305e3955f21e1d3df99a2d6167da46362e7a01,1429.71,56.15,5.723806536,54000,54000
91305e3955f21e1d3df99a2d6167da46362e7a01,1413.47,55.42,5.667271741,55000,54000
91305e3955f21e1d3df99a2d6167da46362e7a01,1412.01,55.14,5.649150598,54000,55000
91305e3955f21e1d3df99a2d6167da46362e7a01,1406.18,55.27,5.636428549,54000,54000
91305e3955f21e1d3df99a2d6167da46362e7a01,1396.97,54.88,5.596894946,54000,54000
91305e3955f21e1d3df99a2d6167da46362e7a01,1416.54,55.47,5.669642669,54000,54000
91305e3955f21e1d3df99a2d6167da46362e7a01,1412.55,55.10,5.655944911,54000,54000
91305e3955f21e1d3df99a2d6167da46362e7a01,1433.73,56.02,5.746182618,54000,55000
91305e3955f21e1d3df99a2d6167da46362e7a01,1414.66,55.44,5.649211242,54000,54000
91305e3955f21e1d3df99a2d6167da46362e7a01,1422.10,55.81,5.697773511,54000,54000
91305e3955f21e1d3df99a2d6167da46362e7a01,1421.12,55.58,5.686503732,54000,54000
91305e3955f21e1d3df99a2d6167da46362e7a01,1404.89,54.89,5.623287414,54000,55000
91305e3955f21e1d3df99a2d6167da46362e7a01,1395.21,54.79,5.592893964,54000,54000
91305e3955f21e1d3df99a2d6167da46362e7a01,1412.84,55.22,5.659047292,54000,54000
91305e3955f21e1d3df99a2d6167da46362e7a01,1421.94,55.79,5.686159118,54000,55000
b2c3786228805f8a9e2ed1151e4e33a3bf7e3a70,1406.40,55.57,5.630100765,56000,56000
b2c3786228805f8a9e2ed1151e4e33a3bf7e3a70,1419.77,56.05,5.674790054,54000,54000
b2c3786228805f8a9e2ed1151e4e33a3bf7e3a70,1397.37,55.08,5.593833040,54000,54000
b2c3786228805f8a9e2ed1151e4e33a3bf7e3a70,1408.94,55.42,5.632231955,54000,53000
b2c3786228805f8a9e2ed1151e4e33a3bf7e3a70,1412.68,55.42,5.650573406,55000,54000
b2c3786228805f8a9e2ed1151e4e33a3bf7e3a70,1420.83,56.01,5.688365432,54000,53000
b2c3786228805f8a9e2ed1151e4e33a3bf7e3a70,1393.73,54.57,5.581686920,53000,54000
b2c3786228805f8a9e2ed1151e4e33a3bf7e3a70,1427.91,56.13,5.711207995,54000,54000
b2c3786228805f8a9e2ed1151e4e33a3bf7e3a70,1405.37,55.30,5.619991241,55000,54000
b2c3786228805f8a9e2ed1151e4e33a3bf7e3a70,1416.78,55.96,5.660706622,54000,54000
b2c3786228805f8a9e2ed1151e4e33a3bf7e3a70,1429.58,56.05,5.721524156,54000,54000
b2c3786228805f8a9e2ed1151e4e33a3bf7e3a70,1407.90,55.36,5.636035374,54000,55000
b2c3786228805f8a9e2ed1151e4e33a3bf7e3a70,1413.28,55.31,5.660461489,54000,54000
b2c3786228805f8a9e2ed1151e4e33a3bf7e3a70,1409.32,55.31,5.632179829,55000,54000
b2c3786228805f8a9e2ed1151e4e33a3bf7e3a70,1391.37,54.55,5.567609902,55000,55000
b2c3786228805f8a9e2ed1151e4e33a3bf7e3a70,1404.79,55.17,5.616918307,54000,54000
b2c3786228805f8a9e2ed1151e4e33a3bf7e3a70,1397.74,55.04,5.589273970,54000,54000
b2c3786228805f8a9e2ed1151e4e33a3bf7e3a70,1407.83,55.31,5.644953290,54000,54000
b2c3786228805f8a9e2ed1151e4e33a3bf7e3a70,1414.32,55.42,5.669586355,55000,54000
b2c3786228805f8a9e2ed1151e4e33a3bf7e3a70,1415.50,55.44,5.673522958,55000,55000
b2c3786228805f8a9e2ed1151e4e33a3bf7e3a70,1414.14,55.25,5.667606432,54000,54000
b2c3786228805f8a9e2ed1151e4e33a3bf7e3a70,1399.95,54.97,5.604256878,54000,54000
b2c3786228805f8a9e2ed1151e4e33a3bf7e3a70,1421.42,55.43,5.694074655,54000,55000
b2c3786228805f8a9e2ed1151e4e33a3bf7e3a70,1414.60,55.65,5.659165556,54000,55000
b2c3786228805f8a9e2ed1151e4e33a3bf7e3a70,1440.79,56.41,5.764538636,54000,54000
b2c3786228805f8a9e2ed1151e4e33a3bf7e3a70,1428.32,56.11,5.718264832,55000,55000
b2c3786228805f8a9e2ed1151e4e33a3bf7e3a70,1405.22,55.27,5.614384605,54000,54000
b2c3786228805f8a9e2ed1151e4e33a3bf7e3a70,1409.38,55.34,5.638541727,54000,54000
b2c3786228805f8a9e2ed1151e4e33a3bf7e3a70,1406.40,55.10,5.623890810,54000,54000
b2c3786228805f8a9e2ed1151e4e33a3bf7e3a70,1430.63,55.97,5.734091804,54000,54000
cea55f7a4c53f6b4166f2bbf342a823c23d4dba8,1409.68,55.61,5.638361868,55000,56000
cea55f7a4c53f6b4166f2bbf342a823c23d4dba8,1417.58,55.99,5.668850137,54000,54000
cea55f7a4c53f6b4166f2bbf342a823c23d4dba8,1409.10,55.59,5.623840202,54000,54000
cea55f7a4c53f6b4166f2bbf342a823c23d4dba8,1404.80,55.43,5.628043426,54000,55000
cea55f7a4c53f6b4166f2bbf342a823c23d4dba8,1419.69,55.88,5.676226938,54000,54000
cea55f7a4c53f6b4166f2bbf342a823c23d4dba8,1395.53,54.75,5.587386843,55000,54000
cea55f7a4c53f6b4166f2bbf342a823c23d4dba8,1418.23,56.06,5.666469761,54000,55000
cea55f7a4c53f6b4166f2bbf342a823c23d4dba8,1413.18,55.71,5.652152683,55000,54000
cea55f7a4c53f6b4166f2bbf342a823c23d4dba8,1409.25,55.40,5.637758077,54000,53000
cea55f7a4c53f6b4166f2bbf342a823c23d4dba8,1400.16,55.12,5.593206056,54000,54000
cea55f7a4c53f6b4166f2bbf342a823c23d4dba8,1432.08,56.72,5.722024711,54000,54000
cea55f7a4c53f6b4166f2bbf342a823c23d4dba8,1436.13,56.61,5.760159308,54000,54000
cea55f7a4c53f6b4166f2bbf342a823c23d4dba8,1414.66,55.84,5.647896712,54000,55000
cea55f7a4c53f6b4166f2bbf342a823c23d4dba8,1438.89,56.55,5.755507733,54000,54000
cea55f7a4c53f6b4166f2bbf342a823c23d4dba8,1415.75,55.44,5.667673695,54000,54000
cea55f7a4c53f6b4166f2bbf342a823c23d4dba8,1423.92,56.04,5.690613135,54000,54000
cea55f7a4c53f6b4166f2bbf342a823c23d4dba8,1414.88,55.67,5.668134778,55000,54000
cea55f7a4c53f6b4166f2bbf342a823c23d4dba8,1417.06,55.63,5.662123059,54000,54000
cea55f7a4c53f6b4166f2bbf342a823c23d4dba8,1406.89,55.14,5.635038789,54000,55000
cea55f7a4c53f6b4166f2bbf342a823c23d4dba8,1414.75,55.64,5.658189216,54000,54000
cea55f7a4c53f6b4166f2bbf342a823c23d4dba8,1429.04,56.17,5.719481802,54000,54000
cea55f7a4c53f6b4166f2bbf342a823c23d4dba8,1414.52,55.49,5.660760263,54000,54000
cea55f7a4c53f6b4166f2bbf342a823c23d4dba8,1418.57,55.83,5.678396725,54000,54000
cea55f7a4c53f6b4166f2bbf342a823c23d4dba8,1426.66,55.97,5.695882694,55000,54000
cea55f7a4c53f6b4166f2bbf342a823c23d4dba8,1438.05,56.41,5.753972546,54000,54000
cea55f7a4c53f6b4166f2bbf342a823c23d4dba8,1402.80,55.04,5.608421899,55000,54000
cea55f7a4c53f6b4166f2bbf342a823c23d4dba8,1423.85,55.75,5.693642433,54000,54000
cea55f7a4c53f6b4166f2bbf342a823c23d4dba8,1413.41,55.64,5.642328951,54000,54000
cea55f7a4c53f6b4166f2bbf342a823c23d4dba8,1411.71,55.35,5.648830553,54000,54000
cea55f7a4c53f6b4166f2bbf342a823c23d4dba8,1407.00,55.26,5.631020291,54000,54000
fea6020b3d1e6d546f78cab6962cad780f8a11da,1404.29,55.15,5.627314643,54000,54000
fea6020b3d1e6d546f78cab6962cad780f8a11da,1429.68,56.28,5.721216448,55000,54000
fea6020b3d1e6d546f78cab6962cad780f8a11da,1397.95,54.91,5.604988439,54000,54000
fea6020b3d1e6d546f78cab6962cad780f8a11da,1412.31,55.66,5.653660269,54000,54000
fea6020b3d1e6d546f78cab6962cad780f8a11da,1430.46,56.48,5.749963368,54000,54000
fea6020b3d1e6d546f78cab6962cad780f8a11da,1410.58,55.38,5.641506272,54000,54000
fea6020b3d1e6d546f78cab6962cad780f8a11da,1411.75,55.37,5.638605677,54000,54000
fea6020b3d1e6d546f78cab6962cad780f8a11da,1419.29,55.82,5.678141273,55000,54000
fea6020b3d1e6d546f78cab6962cad780f8a11da,1418.46,55.63,5.669594029,55000,54000
fea6020b3d1e6d546f78cab6962cad780f8a11da,1419.48,55.67,5.674238102,54000,54000
fea6020b3d1e6d546f78cab6962cad780f8a11da,1410.90,55.41,5.644790890,54000,54000
fea6020b3d1e6d546f78cab6962cad780f8a11da,1417.84,55.73,5.669148003,54000,54000
fea6020b3d1e6d546f78cab6962cad780f8a11da,1413.56,55.53,5.653879833,54000,55000
fea6020b3d1e6d546f78cab6962cad780f8a11da,1419.24,55.86,5.679401130,54000,54000
fea6020b3d1e6d546f78cab6962cad780f8a11da,1435.90,56.43,5.759665400,54000,54000
fea6020b3d1e6d546f78cab6962cad780f8a11da,1411.14,55.28,5.643918587,56000,54000
fea6020b3d1e6d546f78cab6962cad780f8a11da,1401.85,55.17,5.608555510,54000,55000
fea6020b3d1e6d546f78cab6962cad780f8a11da,1410.77,55.40,5.649680292,54000,54000
fea6020b3d1e6d546f78cab6962cad780f8a11da,1420.52,55.81,5.679957933,54000,54000
fea6020b3d1e6d546f78cab6962cad780f8a11da,1421.14,55.91,5.683138371,54000,54000
fea6020b3d1e6d546f78cab6962cad780f8a11da,1426.42,55.83,5.706802851,54000,54000
fea6020b3d1e6d546f78cab6962cad780f8a11da,1396.47,54.78,5.591888550,54000,54000
fea6020b3d1e6d546f78cab6962cad780f8a11da,1435.67,56.28,5.742339835,54000,54000
fea6020b3d1e6d546f78cab6962cad780f8a11da,1414.93,55.51,5.657557329,54000,54000
fea6020b3d1e6d546f78cab6962cad780f8a11da,1423.90,55.67,5.691712130,55000,54000
fea6020b3d1e6d546f78cab6962cad780f8a11da,1416.77,55.53,5.657697810,54000,55000
fea6020b3d1e6d546f78cab6962cad780f8a11da,1406.17,55.30,5.624916401,54000,53000
fea6020b3d1e6d546f78cab6962cad780f8a11da,1414.60,55.43,5.654175688,54000,54000
fea6020b3d1e6d546f78cab6962cad780f8a11da,1406.44,55.06,5.628304204,54000,54000
fea6020b3d1e6d546f78cab6962cad780f8a11da,1413.31,55.54,5.654580095,55000,54000
56c5c555148b3a2f718ce556363304cab0709374,1411.77,55.40,5.645947417,55000,56000
56c5c555148b3a2f718ce556363304cab0709374,1410.56,55.75,5.647376393,54000,54000
56c5c555148b3a2f718ce556363304cab0709374,1421.00,55.98,5.686257606,54000,54000
56c5c555148b3a2f718ce556363304cab0709374,1400.00,55.07,5.599942649,53000,54000
56c5c555148b3a2f718ce556363304cab0709374,1418.04,55.70,5.687902677,54000,54000
56c5c555148b3a2f718ce556363304cab0709374,1412.06,55.56,5.643321252,54000,53000
56c5c555148b3a2f718ce556363304cab0709374,1416.77,55.64,5.665193450,55000,54000
56c5c555148b3a2f718ce556363304cab0709374,1437.45,56.68,5.745191665,54000,54000
56c5c555148b3a2f718ce556363304cab0709374,1421.95,56.05,5.686336221,54000,54000
56c5c555148b3a2f718ce556363304cab0709374,1415.79,55.45,5.656703547,54000,54000
56c5c555148b3a2f718ce556363304cab0709374,1416.59,55.55,5.664704299,54000,54000
56c5c555148b3a2f718ce556363304cab0709374,1423.17,56.02,5.687560296,55000,54000
56c5c555148b3a2f718ce556363304cab0709374,1414.37,55.75,5.659080650,54000,54000
56c5c555148b3a2f718ce556363304cab0709374,1411.64,55.62,5.644964743,54000,54000
56c5c555148b3a2f718ce556363304cab0709374,1421.68,55.66,5.696916378,54000,54000
56c5c555148b3a2f718ce556363304cab0709374,1434.88,56.49,5.731363046,54000,54000
56c5c555148b3a2f718ce556363304cab0709374,1420.84,55.70,5.691180251,54000,54000
56c5c555148b3a2f718ce556363304cab0709374,1424.34,56.02,5.705886620,55000,54000
56c5c555148b3a2f718ce556363304cab0709374,1421.14,55.57,5.682115677,54000,54000
56c5c555148b3a2f718ce556363304cab0709374,1411.97,55.31,5.650170602,54000,55000
56c5c555148b3a2f718ce556363304cab0709374,1419.63,55.78,5.675968656,53000,55000
56c5c555148b3a2f718ce556363304cab0709374,1433.66,56.43,5.737417090,54000,54000
56c5c555148b3a2f718ce556363304cab0709374,1399.93,55.22,5.608487346,54000,54000
56c5c555148b3a2f718ce556363304cab0709374,1435.80,56.54,5.744279662,54000,54000
56c5c555148b3a2f718ce556363304cab0709374,1423.79,56.00,5.705016470,54000,54000
56c5c555148b3a2f718ce556363304cab0709374,1430.53,56.36,5.718449382,55000,54000
56c5c555148b3a2f718ce556363304cab0709374,1424.39,56.00,5.690501352,54000,54000
56c5c555148b3a2f718ce556363304cab0709374,1403.15,55.48,5.610368619,54000,53000
56c5c555148b3a2f718ce556363304cab0709374,1415.58,55.66,5.652252871,54000,55000
56c5c555148b3a2f718ce556363304cab0709374,1417.48,55.51,5.662478490,55000,54000
62bdd1beaee41035965d99c20e517da927bb97ae,1402.29,55.20,5.611776440,55000,56000
62bdd1beaee41035965d99c20e517da927bb97ae,1420.60,56.07,5.684215431,54000,54000
62bdd1beaee41035965d99c20e517da927bb97ae,1412.45,55.88,5.648602652,54000,54000
62bdd1beaee41035965d99c20e517da927bb97ae,1414.43,55.75,5.659421570,54000,54000
62bdd1beaee41035965d99c20e517da927bb97ae,1413.58,55.65,5.646904846,54000,54000
62bdd1beaee41035965d99c20e517da927bb97ae,1401.08,55.19,5.605301689,54000,55000
62bdd1beaee41035965d99c20e517da927bb97ae,1430.44,56.42,5.726199335,54000,54000
62bdd1beaee41035965d99c20e517da927bb97ae,1421.51,55.89,5.676794325,54000,54000
62bdd1beaee41035965d99c20e517da927bb97ae,1407.86,55.27,5.630727553,54000,54000
62bdd1beaee41035965d99c20e517da927bb97ae,1412.84,55.88,5.641503679,54000,55000
62bdd1beaee41035965d99c20e517da927bb97ae,1420.34,55.95,5.679378604,54000,54000
62bdd1beaee41035965d99c20e517da927bb97ae,1407.01,55.20,5.619108175,54000,54000
62bdd1beaee41035965d99c20e517da927bb97ae,1415.88,55.83,5.658645849,54000,54000
62bdd1beaee41035965d99c20e517da927bb97ae,1404.33,55.37,5.612756879,54000,54000
62bdd1beaee41035965d99c20e517da927bb97ae,1413.37,55.80,5.652884887,54000,54000
62bdd1beaee41035965d99c20e517da927bb97ae,1414.22,55.47,5.655539332,54000,54000
62bdd1beaee41035965d99c20e517da927bb97ae,1414.82,55.63,5.659804871,54000,54000
62bdd1beaee41035965d99c20e517da927bb97ae,1406.61,55.05,5.621139005,55000,54000
62bdd1beaee41035965d99c20e517da927bb97ae,1414.94,55.47,5.663460244,54000,54000
62bdd1beaee41035965d99c20e517da927bb97ae,1414.21,55.81,5.659812242,54000,53000
62bdd1beaee41035965d99c20e517da927bb97ae,1429.61,56.36,5.717355394,54000,54000
62bdd1beaee41035965d99c20e517da927bb97ae,1421.80,55.87,5.680030663,55000,54000
62bdd1beaee41035965d99c20e517da927bb97ae,1408.61,55.06,5.640669749,54000,54000
62bdd1beaee41035965d99c20e517da927bb97ae,1431.62,56.12,5.730161953,54000,54000
62bdd1beaee41035965d99c20e517da927bb97ae,1408.03,55.27,5.635496536,54000,54000
62bdd1beaee41035965d99c20e517da927bb97ae,1416.03,55.83,5.651168304,54000,54000
62bdd1beaee41035965d99c20e517da927bb97ae,1413.68,55.49,5.651875807,54000,54000
62bdd1beaee41035965d99c20e517da927bb97ae,1437.10,56.59,5.741704382,54000,55000
62bdd1beaee41035965d99c20e517da927bb97ae,1420.06,55.80,5.679022582,54000,53000
62bdd1beaee41035965d99c20e517da927bb97ae,1411.48,55.37,5.645035255,54000,54000
4bcfa0ee8d481f29a44c788aa3e3fd8d20a8393e,1410.38,55.36,5.645872772,54000,54000
4bcfa0ee8d481f29a44c788aa3e3fd8d20a8393e,1419.32,56.13,5.688822091,54000,54000
4bcfa0ee8d481f29a44c788aa3e3fd8d20a8393e,1420.59,56.13,5.683199960,54000,54000
4bcfa0ee8d481f29a44c788aa3e3fd8d20a8393e,1402.82,55.30,5.615059897,54000,54000
4bcfa0ee8d481f29a44c788aa3e3fd8d20a8393e,1404.49,55.33,5.616268502,54000,54000
4bcfa0ee8d481f29a44c788aa3e3fd8d20a8393e,1427.49,56.29,5.723910295,54000,54000
4bcfa0ee8d481f29a44c788aa3e3fd8d20a8393e,1436.59,56.61,5.751295035,54000,54000
4bcfa0ee8d481f29a44c788aa3e3fd8d20a8393e,1410.28,55.31,5.646369569,54000,54000
4bcfa0ee8d481f29a44c788aa3e3fd8d20a8393e,1435.86,56.53,5.759864540,54000,54000
4bcfa0ee8d481f29a44c788aa3e3fd8d20a8393e,1406.13,55.43,5.631428953,54000,54000
4bcfa0ee8d481f29a44c788aa3e3fd8d20a8393e,1416.14,55.54,5.663003136,54000,54000
4bcfa0ee8d481f29a44c788aa3e3fd8d20a8393e,1424.21,55.67,5.703813145,54000,54000
4bcfa0ee8d481f29a44c788aa3e3fd8d20a8393e,1405.99,55.08,5.631334216,54000,54000
4bcfa0ee8d481f29a44c788aa3e3fd8d20a8393e,1409.50,55.38,5.649703155,54000,54000
4bcfa0ee8d481f29a44c788aa3e3fd8d20a8393e,1427.68,56.03,5.705237228,54000,55000
4bcfa0ee8d481f29a44c788aa3e3fd8d20a8393e,1411.97,55.47,5.656656259,54000,55000
4bcfa0ee8d481f29a44c788aa3e3fd8d20a8393e,1404.21,55.27,5.626194947,54000,54000
4bcfa0ee8d481f29a44c788aa3e3fd8d20a8393e,1402.18,54.81,5.611636061,54000,54000
4bcfa0ee8d481f29a44c788aa3e3fd8d20a8393e,1406.17,54.88,5.627531953,54000,54000
4bcfa0ee8d481f29a44c788aa3e3fd8d20a8393e,1405.49,55.03,5.629476447,54000,54000
4bcfa0ee8d481f29a44c788aa3e3fd8d20a8393e,1427.35,55.90,5.711789206,54000,54000
4bcfa0ee8d481f29a44c788aa3e3fd8d20a8393e,1421.64,55.62,5.688915435,53000,54000
4bcfa0ee8d481f29a44c788aa3e3fd8d20a8393e,1430.11,55.96,5.722244751,54000,54000
4bcfa0ee8d481f29a44c788aa3e3fd8d20a8393e,1406.95,55.24,5.636866208,54000,54000
4bcfa0ee8d481f29a44c788aa3e3fd8d20a8393e,1414.78,55.53,5.661059935,54000,54000
4bcfa0ee8d481f29a44c788aa3e3fd8d20a8393e,1414.14,55.54,5.664367424,54000,55000
4bcfa0ee8d481f29a44c788aa3e3fd8d20a8393e,1418.72,55.45,5.668989591,54000,54000
4bcfa0ee8d481f29a44c788aa3e3fd8d20a8393e,1423.68,56.08,5.705218258,54000,54000
4bcfa0ee8d481f29a44c788aa3e3fd8d20a8393e,1392.73,54.53,5.578249162,54000,54000
4bcfa0ee8d481f29a44c788aa3e3fd8d20a8393e,1421.91,55.94,5.691215454,54000,54000
e7e2b518cd8d5c57e6ace7a005af6ae8b2edaf50,1424.18,56.18,5.703520864,54000,55000
e7e2b518cd8d5c57e6ace7a005af6ae8b2edaf50,1416.18,55.36,5.667163257,54000,54000
e7e2b518cd8d5c57e6ace7a005af6ae8b2edaf50,1408.62,55.45,5.642377869,54000,54000
e7e2b518cd8d5c57e6ace7a005af6ae8b2edaf50,1426.47,56.17,5.725231038,54000,54000
e7e2b518cd8d5c57e6ace7a005af6ae8b2edaf50,1408.54,55.15,5.634780417,54000,54000
e7e2b518cd8d5c57e6ace7a005af6ae8b2edaf50,1399.73,54.91,5.608836412,54000,55000
e7e2b518cd8d5c57e6ace7a005af6ae8b2edaf50,1410.69,55.60,5.638809504,54000,54000
e7e2b518cd8d5c57e6ace7a005af6ae8b2edaf50,1418.23,56.09,5.677135305,54000,54000
e7e2b518cd8d5c57e6ace7a005af6ae8b2edaf50,1406.47,55.35,5.633450451,54000,54000
e7e2b518cd8d5c57e6ace7a005af6ae8b2edaf50,1401.96,55.08,5.618576590,54000,54000
e7e2b518cd8d5c57e6ace7a005af6ae8b2edaf50,1420.93,55.76,5.676423540,54000,54000
e7e2b518cd8d5c57e6ace7a005af6ae8b2edaf50,1420.84,55.75,5.692364056,54000,54000
e7e2b518cd8d5c57e6ace7a005af6ae8b2edaf50,1399.37,54.95,5.598295417,54000,54000
e7e2b518cd8d5c57e6ace7a005af6ae8b2edaf50,1405.39,55.12,5.631694014,54000,54000
e7e2b518cd8d5c57e6ace7a005af6ae8b2edaf50,1405.34,55.10,5.634440911,54000,55000
e7e2b518cd8d5c57e6ace7a005af6ae8b2edaf50,1404.38,55.25,5.623608893,54000,54000
e7e2b518cd8d5c57e6ace7a005af6ae8b2edaf50,1412.30,55.37,5.648001265,55000,54000
e7e2b518cd8d5c57e6ace7a005af6ae8b2edaf50,1425.25,55.69,5.726122276,54000,54000
e7e2b518cd8d5c57e6ace7a005af6ae8b2edaf50,1409.65,55.07,5.644211943,54000,54000
e7e2b518cd8d5c57e6ace7a005af6ae8b2edaf50,1403.15,54.99,5.622168271,54000,54000
e7e2b518cd8d5c57e6ace7a005af6ae8b2edaf50,1413.66,55.54,5.672465839,54000,54000
e7e2b518cd8d5c57e6ace7a005af6ae8b2edaf50,1411.76,55.33,5.650291369,55000,54000
e7e2b518cd8d5c57e6ace7a005af6ae8b2edaf50,1412.16,55.42,5.651152282,54000,54000
e7e2b518cd8d5c57e6ace7a005af6ae8b2edaf50,1404.44,55.10,5.630160287,54000,54000
e7e2b518cd8d5c57e6ace7a005af6ae8b2edaf50,1418.31,55.69,5.683235816,54000,55000
e7e2b518cd8d5c57e6ace7a005af6ae8b2edaf50,1405.21,55.31,5.629428884,54000,54000
e7e2b518cd8d5c57e6ace7a005af6ae8b2edaf50,1402.21,54.90,5.608965842,54000,54000
e7e2b518cd8d5c57e6ace7a005af6ae8b2edaf50,1418.69,55.73,5.669563889,54000,54000
e7e2b518cd8d5c57e6ace7a005af6ae8b2edaf50,1422.18,55.94,5.689058526,54000,54000
e7e2b518cd8d5c57e6ace7a005af6ae8b2edaf50,1402.26,54.95,5.615109930,54000,54000
6d27d3e0f12f0141447f1070a54a93f02fe4042a,1423.91,55.99,5.707130949,54000,54000
6d27d3e0f12f0141447f1070a54a93f02fe4042a,1408.11,55.21,5.636412306,54000,55000
6d27d3e0f12f0141447f1070a54a93f02fe4042a,1425.05,55.99,5.701833140,54000,54000
6d27d3e0f12f0141447f1070a54a93f02fe4042a,1424.39,56.11,5.701573939,54000,54000
6d27d3e0f12f0141447f1070a54a93f02fe4042a,1434.19,56.54,5.739437058,55000,55000
6d27d3e0f12f0141447f1070a54a93f02fe4042a,1425.61,56.19,5.703510631,54000,54000
6d27d3e0f12f0141447f1070a54a93f02fe4042a,1419.82,55.69,5.702336631,54000,54000
6d27d3e0f12f0141447f1070a54a93f02fe4042a,1421.04,55.75,5.694852082,54000,54000
6d27d3e0f12f0141447f1070a54a93f02fe4042a,1401.48,54.80,5.616141708,54000,55000
6d27d3e0f12f0141447f1070a54a93f02fe4042a,1411.55,55.51,5.657155381,54000,54000
6d27d3e0f12f0141447f1070a54a93f02fe4042a,1392.11,54.52,5.583330436,54000,54000
6d27d3e0f12f0141447f1070a54a93f02fe4042a,1443.54,56.98,5.777460236,53000,55000
6d27d3e0f12f0141447f1070a54a93f02fe4042a,1409.56,55.13,5.653849874,54000,54000
6d27d3e0f12f0141447f1070a54a93f02fe4042a,1429.00,56.17,5.732515110,54000,54000
6d27d3e0f12f0141447f1070a54a93f02fe4042a,1395.84,54.73,5.591709251,55000,54000
6d27d3e0f12f0141447f1070a54a93f02fe4042a,1405.15,55.03,5.628016893,54000,54000
6d27d3e0f12f0141447f1070a54a93f02fe4042a,1402.99,55.06,5.607794314,54000,54000
6d27d3e0f12f0141447f1070a54a93f02fe4042a,1393.92,54.58,5.583853462,54000,54000
6d27d3e0f12f0141447f1070a54a93f02fe4042a,1401.40,54.87,5.612272485,54000,54000
6d27d3e0f12f0141447f1070a54a93f02fe4042a,1406.91,55.24,5.639384200,54000,54000
6d27d3e0f12f0141447f1070a54a93f02fe4042a,1412.87,54.89,5.647933765,54000,54000
6d27d3e0f12f0141447f1070a54a93f02fe4042a,1391.98,54.42,5.582912199,54000,54000
6d27d3e0f12f0141447f1070a54a93f02fe4042a,1396.00,54.87,5.589356736,55000,54000
6d27d3e0f12f0141447f1070a54a93f02fe4042a,1427.20,55.95,5.729840554,54000,54000
6d27d3e0f12f0141447f1070a54a93f02fe4042a,1395.09,54.67,5.584675298,54000,54000
6d27d3e0f12f0141447f1070a54a93f02fe4042a,1407.30,55.17,5.634885982,53000,54000
6d27d3e0f12f0141447f1070a54a93f02fe4042a,1395.05,54.73,5.590069064,54000,54000
6d27d3e0f12f0141447f1070a54a93f02fe4042a,1399.60,54.68,5.608060891,53000,54000
6d27d3e0f12f0141447f1070a54a93f02fe4042a,1415.54,55.61,5.665346536,54000,54000
6d27d3e0f12f0141447f1070a54a93f02fe4042a,1395.39,54.81,5.593731819,54000,54000
e6e71118c0a1fcf5c47eefbce67b851318d6216c,1415.01,55.92,5.697641283,56000,55000
e6e71118c0a1fcf5c47eefbce67b851318d6216c,1415.99,55.71,5.678372468,56000,56000
e6e71118c0a1fcf5c47eefbce67b851318d6216c,1415.45,55.89,5.654525342,54000,54000
e6e71118c0a1fcf5c47eefbce67b851318d6216c,1415.48,55.73,5.665777207,54000,55000
e6e71118c0a1fcf5c47eefbce67b851318d6216c,1420.99,55.98,5.692263962,54000,54000
e6e71118c0a1fcf5c47eefbce67b851318d6216c,1409.71,55.39,5.636432748,54000,54000
e6e71118c0a1fcf5c47eefbce67b851318d6216c,1415.94,55.45,5.669359014,54000,54000
e6e71118c0a1fcf5c47eefbce67b851318d6216c,1417.28,55.80,5.672162392,54000,54000
e6e71118c0a1fcf5c47eefbce67b851318d6216c,1420.58,55.99,5.684631624,54000,54000
e6e71118c0a1fcf5c47eefbce67b851318d6216c,1410.34,55.36,5.633578603,54000,54000
e6e71118c0a1fcf5c47eefbce67b851318d6216c,1406.31,55.25,5.640682324,54000,54000
e6e71118c0a1fcf5c47eefbce67b851318d6216c,1432.98,56.48,5.733049637,54000,54000
e6e71118c0a1fcf5c47eefbce67b851318d6216c,1417.40,55.92,5.663182882,54000,54000
e6e71118c0a1fcf5c47eefbce67b851318d6216c,1416.24,55.54,5.658481828,54000,55000
e6e71118c0a1fcf5c47eefbce67b851318d6216c,1415.70,55.35,5.667135865,55000,54000
e6e71118c0a1fcf5c47eefbce67b851318d6216c,1420.99,55.88,5.692022903,55000,54000
e6e71118c0a1fcf5c47eefbce67b851318d6216c,1407.52,55.60,5.631461207,54000,55000
e6e71118c0a1fcf5c47eefbce67b851318d6216c,1418.09,55.50,5.679167860,54000,54000
e6e71118c0a1fcf5c47eefbce67b851318d6216c,1410.34,55.35,5.641568161,54000,54000
e6e71118c0a1fcf5c47eefbce67b851318d6216c,1413.69,55.54,5.665029854,54000,55000
e6e71118c0a1fcf5c47eefbce67b851318d6216c,1403.89,55.13,5.632765019,54000,55000
e6e71118c0a1fcf5c47eefbce67b851318d6216c,1392.82,54.83,5.577227787,54000,54000
e6e71118c0a1fcf5c47eefbce67b851318d6216c,1412.82,55.42,5.649069749,54000,54000
e6e71118c0a1fcf5c47eefbce67b851318d6216c,1405.62,55.02,5.626490583,54000,54000
e6e71118c0a1fcf5c47eefbce67b851318d6216c,1417.33,55.87,5.672136391,54000,54000
e6e71118c0a1fcf5c47eefbce67b851318d6216c,1415.94,55.64,5.675477976,54000,54000
e6e71118c0a1fcf5c47eefbce67b851318d6216c,1414.43,55.51,5.658817284,54000,54000
e6e71118c0a1fcf5c47eefbce67b851318d6216c,1435.44,56.54,5.745113068,55000,54000
e6e71118c0a1fcf5c47eefbce67b851318d6216c,1412.85,55.95,5.645483850,54000,54000
e6e71118c0a1fcf5c47eefbce67b851318d6216c,1431.98,56.38,5.753412410,54000,55000
1910d72e34452a0eb2c731c82624461d3425d048,1413.03,55.88,5.679465169,56000,57000
1910d72e34452a0eb2c731c82624461d3425d048,1416.05,55.97,5.668927620,55000,56000
1910d72e34452a0eb2c731c82624461d3425d048,1415.48,55.83,5.667848242,56000,56000
1910d72e34452a0eb2c731c82624461d3425d048,1411.64,55.41,5.655111431,53000,55000
1910d72e34452a0eb2c731c82624461d3425d048,1416.75,56.07,5.675023914,54000,54000
1910d72e34452a0eb2c731c82624461d3425d048,1420.57,56.23,5.675784610,54000,54000
1910d72e34452a0eb2c731c82624461d3425d048,1437.05,56.54,5.751110422,55000,55000
1910d72e34452a0eb2c731c82624461d3425d048,1414.12,55.78,5.652803436,54000,54000
1910d72e34452a0eb2c731c82624461d3425d048,1423.11,56.04,5.687532618,54000,54000
1910d72e34452a0eb2c731c82624461d3425d048,1419.64,56.01,5.679278724,54000,54000
1910d72e34452a0eb2c731c82624461d3425d048,1427.29,56.21,5.708365530,54000,54000
1910d72e34452a0eb2c731c82624461d3425d048,1431.17,56.38,5.723759249,54000,54000
1910d72e34452a0eb2c731c82624461d3425d048,1414.18,55.49,5.657787399,54000,55000
1910d72e34452a0eb2c731c82624461d3425d048,1429.91,56.21,5.715271251,54000,54000
1910d72e34452a0eb2c731c82624461d3425d048,1423.88,55.96,5.690823299,54000,55000
1910d72e34452a0eb2c731c82624461d3425d048,1432.94,56.40,5.725577901,54000,54000
1910d72e34452a0eb2c731c82624461d3425d048,1413.10,55.57,5.652836284,54000,54000
1910d72e34452a0eb2c731c82624461d3425d048,1396.74,55.03,5.592602203,54000,54000
1910d72e34452a0eb2c731c82624461d3425d048,1414.83,55.74,5.650566785,54000,54000
1910d72e34452a0eb2c731c82624461d3425d048,1430.91,55.99,5.719675120,54000,54000
1910d72e34452a0eb2c731c82624461d3425d048,1420.46,56.03,5.689630211,54000,54000
1910d72e34452a0eb2c731c82624461d3425d048,1419.12,55.63,5.674407594,54000,55000
1910d72e34452a0eb2c731c82624461d3425d048,1413.06,55.54,5.651642243,54000,54000
1910d72e34452a0eb2c731c82624461d3425d048,1420.83,55.85,5.690530310,54000,53000
1910d72e34452a0eb2c731c82624461d3425d048,1403.92,55.00,5.612564813,54000,54000
1910d72e34452a0eb2c731c82624461d3425d048,1443.73,56.77,5.781401809,55000,53000
1910d72e34452a0eb2c731c82624461d3425d048,1430.31,56.21,5.713685362,54000,54000
1910d72e34452a0eb2c731c82624461d3425d048,1411.05,55.47,5.633696071,54000,54000
1910d72e34452a0eb2c731c82624461d3425d048,1434.20,56.43,5.735055044,54000,54000
1910d72e34452a0eb2c731c82624461d3425d048,1422.79,55.96,5.679115583,54000,55000
dbdc91b2ce8448c5c40ab81dc71b69a8ed6999a6,1431.56,56.42,5.729035971,55000,54000
dbdc91b2ce8448c5c40ab81dc71b69a8ed6999a6,1419.74,56.27,5.679364066,54000,54000
dbdc91b2ce8448c5c40ab81dc71b69a8ed6999a6,1425.93,56.42,5.701532410,54000,54000
dbdc91b2ce8448c5c40ab81dc71b69a8ed6999a6,1448.28,56.75,5.794491025,54000,54000
dbdc91b2ce8448c5c40ab81dc71b69a8ed6999a6,1411.56,55.52,5.637308175,54000,54000
dbdc91b2ce8448c5c40ab81dc71b69a8ed6999a6,1407.71,55.20,5.624645465,54000,55000
dbdc91b2ce8448c5c40ab81dc71b69a8ed6999a6,1407.98,55.40,5.644406250,54000,54000
dbdc91b2ce8448c5c40ab81dc71b69a8ed6999a6,1428.55,56.32,5.718762214,54000,54000
dbdc91b2ce8448c5c40ab81dc71b69a8ed6999a6,1412.62,55.47,5.637577656,54000,55000
dbdc91b2ce8448c5c40ab81dc71b69a8ed6999a6,1431.67,56.29,5.722477319,54000,55000
dbdc91b2ce8448c5c40ab81dc71b69a8ed6999a6,1424.68,56.15,5.692854923,54000,54000
dbdc91b2ce8448c5c40ab81dc71b69a8ed6999a6,1421.80,56.03,5.687946994,54000,54000
dbdc91b2ce8448c5c40ab81dc71b69a8ed6999a6,1427.96,56.07,5.710424360,53000,54000
dbdc91b2ce8448c5c40ab81dc71b69a8ed6999a6,1419.05,55.66,5.675725290,54000,54000
dbdc91b2ce8448c5c40ab81dc71b69a8ed6999a6,1425.02,56.04,5.698601746,54000,53000
dbdc91b2ce8448c5c40ab81dc71b69a8ed6999a6,1419.46,55.84,5.682908985,53000,54000
dbdc91b2ce8448c5c40ab81dc71b69a8ed6999a6,1436.25,56.45,5.747404706,54000,54000
dbdc91b2ce8448c5c40ab81dc71b69a8ed6999a6,1422.49,55.88,5.693203786,54000,54000
dbdc91b2ce8448c5c40ab81dc71b69a8ed6999a6,1424.35,56.28,5.708069967,54000,54000
dbdc91b2ce8448c5c40ab81dc71b69a8ed6999a6,1415.48,55.87,5.655848538,54000,55000
dbdc91b2ce8448c5c40ab81dc71b69a8ed6999a6,1423.61,55.87,5.689268960,55000,55000
dbdc91b2ce8448c5c40ab81dc71b69a8ed6999a6,1412.67,55.63,5.651645015,55000,54000
dbdc91b2ce8448c5c40ab81dc71b69a8ed6999a6,1421.10,55.59,5.688031588,54000,54000
dbdc91b2ce8448c5c40ab81dc71b69a8ed6999a6,1431.57,56.24,5.730607565,54000,54000
dbdc91b2ce8448c5c40ab81dc71b69a8ed6999a6,1412.36,55.43,5.650896065,55000,54000
dbdc91b2ce8448c5c40ab81dc71b69a8ed6999a6,1400.84,54.97,5.609581271,54000,54000
dbdc91b2ce8448c5c40ab81dc71b69a8ed6999a6,1417.68,55.83,5.665919104,54000,54000
dbdc91b2ce8448c5c40ab81dc71b69a8ed6999a6,1423.76,55.92,5.688284007,54000,54000
dbdc91b2ce8448c5c40ab81dc71b69a8ed6999a6,1446.76,56.77,5.787786664,54000,54000
dbdc91b2ce8448c5c40ab81dc71b69a8ed6999a6,1428.98,56.17,5.721323061,54000,54000
5ebd5b32a6a8cbcebd5303dfd7f4f7b0b173bc53,1419.44,56.24,5.686322173,54000,54000
5ebd5b32a6a8cbcebd5303dfd7f4f7b0b173bc53,1399.42,55.09,5.604407492,54000,55000
5ebd5b32a6a8cbcebd5303dfd7f4f7b0b173bc53,1391.29,54.71,5.560928801,54000,54000
5ebd5b32a6a8cbcebd5303dfd7f4f7b0b173bc53,1408.33,55.48,5.644997320,54000,55000
5ebd5b32a6a8cbcebd5303dfd7f4f7b0b173bc53,1403.67,55.27,5.621004550,54000,54000
5ebd5b32a6a8cbcebd5303dfd7f4f7b0b173bc53,1404.42,55.51,5.615058198,54000,54000
5ebd5b32a6a8cbcebd5303dfd7f4f7b0b173bc53,1417.10,55.84,5.657665945,54000,54000
5ebd5b32a6a8cbcebd5303dfd7f4f7b0b173bc53,1405.82,55.56,5.627469154,54000,54000
5ebd5b32a6a8cbcebd5303dfd7f4f7b0b173bc53,1409.92,55.29,5.636646783,54000,54000
5ebd5b32a6a8cbcebd5303dfd7f4f7b0b173bc53,1407.82,55.28,5.637154788,55000,54000
5ebd5b32a6a8cbcebd5303dfd7f4f7b0b173bc53,1408.92,55.12,5.629522603,54000,55000
5ebd5b32a6a8cbcebd5303dfd7f4f7b0b173bc53,1406.10,55.05,5.624998601,54000,54000
5ebd5b32a6a8cbcebd5303dfd7f4f7b0b173bc53,1411.60,55.42,5.645622370,54000,54000
5ebd5b32a6a8cbcebd5303dfd7f4f7b0b173bc53,1406.06,55.42,5.618993185,54000,55000
5ebd5b32a6a8cbcebd5303dfd7f4f7b0b173bc53,1413.28,55.62,5.655635769,54000,53000
5ebd5b32a6a8cbcebd5303dfd7f4f7b0b173bc53,1404.34,55.19,5.623512651,54000,54000
5ebd5b32a6a8cbcebd5303dfd7f4f7b0b173bc53,1413.42,55.40,5.655061161,54000,54000
5ebd5b32a6a8cbcebd5303dfd7f4f7b0b173bc53,1434.44,56.39,5.736193559,55000,54000
5ebd5b32a6a8cbcebd5303dfd7f4f7b0b173bc53,1398.76,54.98,5.602287529,54000,54000
5ebd5b32a6a8cbcebd5303dfd7f4f7b0b173bc53,1423.44,55.80,5.702562910,54000,54000
5ebd5b32a6a8cbcebd5303dfd7f4f7b0b173bc53,1410.20,55.45,5.625920406,54000,55000
5ebd5b32a6a8cbcebd5303dfd7f4f7b0b173bc53,1428.33,55.86,5.715709117,54000,54000
5ebd5b32a6a8cbcebd5303dfd7f4f7b0b173bc53,1414.20,55.39,5.659626237,54000,54000
5ebd5b32a6a8cbcebd5303dfd7f4f7b0b173bc53,1398.79,54.65,5.603833664,54000,54000
5ebd5b32a6a8cbcebd5303dfd7f4f7b0b173bc53,1405.07,55.08,5.628433128,54000,54000
5ebd5b32a6a8cbcebd5303dfd7f4f7b0b173bc53,1413.11,55.27,5.651062048,54000,54000
5ebd5b32a6a8cbcebd5303dfd7f4f7b0b173bc53,1405.97,55.25,5.621562564,54000,54000
5ebd5b32a6a8cbcebd5303dfd7f4f7b0b173bc53,1396.85,54.67,5.597204835,54000,54000
5ebd5b32a6a8cbcebd5303dfd7f4f7b0b173bc53,1408.20,55.29,5.632629896,54000,54000
5ebd5b32a6a8cbcebd5303dfd7f4f7b0b173bc53,1421.74,55.64,5.680457650,54000,54000
4ec362d123f57e4fffb8be6032da3382847a41e9,1407.76,55.49,5.626067211,56000,55000
4ec362d123f57e4fffb8be6032da3382847a41e9,1401.84,55.02,5.613608602,54000,54000
4ec362d123f57e4fffb8be6032da3382847a41e9,1432.00,56.30,5.729817923,54000,53000
4ec362d123f57e4fffb8be6032da3382847a41e9,1429.00,56.47,5.711830706,54000,54000
4ec362d123f57e4fffb8be6032da3382847a41e9,1408.98,55.47,5.635214634,55000,54000
4ec362d123f57e4fffb8be6032da3382847a41e9,1435.76,56.50,5.741360781,55000,54000
4ec362d123f57e4fffb8be6032da3382847a41e9,1408.49,55.38,5.640796414,54000,54000
4ec362d123f57e4fffb8be6032da3382847a41e9,1432.10,56.46,5.729338091,54000,54000
4ec362d123f57e4fffb8be6032da3382847a41e9,1415.42,55.68,5.657853371,54000,54000
4ec362d123f57e4fffb8be6032da3382847a41e9,1420.82,55.83,5.688384790,54000,54000
4ec362d123f57e4fffb8be6032da3382847a41e9,1435.86,56.44,5.746648253,54000,54000
4ec362d123f57e4fffb8be6032da3382847a41e9,1410.17,55.33,5.649994185,54000,54000
4ec362d123f57e4fffb8be6032da3382847a41e9,1428.47,56.23,5.711199870,54000,54000
4ec362d123f57e4fffb8be6032da3382847a41e9,1422.95,55.87,5.689487208,55000,54000
4ec362d123f57e4fffb8be6032da3382847a41e9,1434.91,56.61,5.742589334,54000,55000
4ec362d123f57e4fffb8be6032da3382847a41e9,1426.89,56.12,5.695208122,54000,54000
4ec362d123f57e4fffb8be6032da3382847a41e9,1405.70,55.14,5.627920622,53000,54000
4ec362d123f57e4fffb8be6032da3382847a41e9,1425.60,56.14,5.695258546,54000,54000
4ec362d123f57e4fffb8be6032da3382847a41e9,1423.93,55.88,5.703941213,54000,54000
4ec362d123f57e4fffb8be6032da3382847a41e9,1423.28,55.87,5.686262854,55000,54000
4ec362d123f57e4fffb8be6032da3382847a41e9,1419.64,55.57,5.683634567,54000,54000
4ec362d123f57e4fffb8be6032da3382847a41e9,1413.97,55.35,5.652837275,54000,54000
4ec362d123f57e4fffb8be6032da3382847a41e9,1427.61,55.89,5.710807880,54000,54000
4ec362d123f57e4fffb8be6032da3382847a41e9,1395.10,54.77,5.607880397,54000,54000
4ec362d123f57e4fffb8be6032da3382847a41e9,1421.17,55.50,5.680356593,55000,54000
4ec362d123f57e4fffb8be6032da3382847a41e9,1413.62,55.77,5.649259587,53000,54000
4ec362d123f57e4fffb8be6032da3382847a41e9,1434.04,56.37,5.727559263,54000,55000
4ec362d123f57e4fffb8be6032da3382847a41e9,1410.09,55.16,5.643874663,55000,55000
4ec362d123f57e4fffb8be6032da3382847a41e9,1414.66,55.39,5.657688204,54000,54000
4ec362d123f57e4fffb8be6032da3382847a41e9,1421.33,55.61,5.682725819,54000,54000
4f4ae9203b992eb032cc4923d615006298952651,1445.46,57.02,5.775304695,55000,55000
4f4ae9203b992eb032cc4923d615006298952651,1417.17,55.85,5.666881079,54000,54000
4f4ae9203b992eb032cc4923d615006298952651,1431.12,56.17,5.718817691,54000,54000
4f4ae9203b992eb032cc4923d615006298952651,1430.64,56.33,5.715849838,54000,55000
4f4ae9203b992eb032cc4923d615006298952651,1429.21,56.21,5.712572423,55000,56000
4f4ae9203b992eb032cc4923d615006298952651,1414.60,55.85,5.654346301,54000,54000
4f4ae9203b992eb032cc4923d615006298952651,1425.28,56.10,5.693650292,54000,55000
4f4ae9203b992eb032cc4923d615006298952651,1408.18,55.49,5.624123316,54000,54000
4f4ae9203b992eb032cc4923d615006298952651,1424.95,56.04,5.690753888,54000,54000
4f4ae9203b992eb032cc4923d615006298952651,1413.98,55.73,5.644907700,56000,54000
4f4ae9203b992eb032cc4923d615006298952651,1432.93,56.23,5.731006198,54000,54000
4f4ae9203b992eb032cc4923d615006298952651,1423.62,55.74,5.699596977,55000,54000
4f4ae9203b992eb032cc4923d615006298952651,1405.17,55.24,5.616190251,54000,55000
4f4ae9203b992eb032cc4923d615006298952651,1408.68,55.45,5.622992653,54000,54000
4f4ae9203b992eb032cc4923d615006298952651,1428.29,56.18,5.717679284,54000,55000
4f4ae9203b992eb032cc4923d615006298952651,1433.03,56.25,5.734814438,55000,54000
4f4ae9203b992eb032cc4923d615006298952651,1408.49,55.33,5.632858912,54000,54000
4f4ae9203b992eb032cc4923d615006298952651,1427.88,56.02,5.713729664,54000,55000
4f4ae9203b992eb032cc4923d615006298952651,1425.58,55.93,5.696039588,54000,54000
4f4ae9203b992eb032cc4923d615006298952651,1427.83,56.08,5.701015978,54000,54000
4f4ae9203b992eb032cc4923d615006298952651,1417.29,55.64,5.675238793,54000,54000
4f4ae9203b992eb032cc4923d615006298952651,1417.37,55.90,5.673856408,54000,54000
4f4ae9203b992eb032cc4923d615006298952651,1409.58,55.34,5.639974172,55000,54000
4f4ae9203b992eb032cc4923d615006298952651,1422.19,55.74,5.689582305,54000,54000
4f4ae9203b992eb032cc4923d615006298952651,1410.97,55.55,5.645918726,55000,54000
4f4ae9203b992eb032cc4923d615006298952651,1408.35,55.31,5.622547720,54000,55000
4f4ae9203b992eb032cc4923d615006298952651,1433.07,56.26,5.726569620,54000,54000
4f4ae9203b992eb032cc4923d615006298952651,1413.18,55.48,5.640202976,54000,54000
4f4ae9203b992eb032cc4923d615006298952651,1426.19,55.93,5.690666525,54000,54000
4f4ae9203b992eb032cc4923d615006298952651,1426.13,56.14,5.700579212,54000,54000
af27037cd8ed239375446bdf78cb9e3d53fcf86f,1433.97,56.50,5.741985034,55000,56000
af27037cd8ed239375446bdf78cb9e3d53fcf86f,1432.72,56.46,5.728394315,54000,54000
af27037cd8ed239375446bdf78cb9e3d53fcf86f,1432.45,56.64,5.727880404,55000,54000
af27037cd8ed239375446bdf78cb9e3d53fcf86f,1409.68,55.68,5.638064234,54000,54000
af27037cd8ed239375446bdf78cb9e3d53fcf86f,1416.01,55.79,5.659834006,54000,54000
af27037cd8ed239375446bdf78cb9e3d53fcf86f,1421.62,56.14,5.684334052,54000,54000
af27037cd8ed239375446bdf78cb9e3d53fcf86f,1434.67,56.61,5.742918883,54000,54000
af27037cd8ed239375446bdf78cb9e3d53fcf86f,1414.99,55.72,5.656233899,55000,55000
af27037cd8ed239375446bdf78cb9e3d53fcf86f,1411.78,55.31,5.635929109,55000,54000
af27037cd8ed239375446bdf78cb9e3d53fcf86f,1408.48,55.53,5.643256902,54000,54000
af27037cd8ed239375446bdf78cb9e3d53fcf86f,1423.37,55.91,5.710724648,54000,54000
af27037cd8ed239375446bdf78cb9e3d53fcf86f,1431.47,56.26,5.724295032,54000,54000
af27037cd8ed239375446bdf78cb9e3d53fcf86f,1426.27,55.92,5.705138176,55000,55000
af27037cd8ed239375446bdf78cb9e3d53fcf86f,1435.52,56.53,5.739143550,54000,54000
af27037cd8ed239375446bdf78cb9e3d53fcf86f,1417.54,55.80,5.668381636,54000,54000
af27037cd8ed239375446bdf78cb9e3d53fcf86f,1444.84,56.71,5.774409783,54000,54000
af27037cd8ed239375446bdf78cb9e3d53fcf86f,1403.35,54.96,5.610432737,54000,54000
af27037cd8ed239375446bdf78cb9e3d53fcf86f,1413.66,55.40,5.653311062,54000,55000
af27037cd8ed239375446bdf78cb9e3d53fcf86f,1412.09,55.36,5.651900832,55000,55000
af27037cd8ed239375446bdf78cb9e3d53fcf86f,1408.73,55.39,5.638082578,55000,54000
af27037cd8ed239375446bdf78cb9e3d53fcf86f,1427.51,56.16,5.716684700,54000,54000
af27037cd8ed239375446bdf78cb9e3d53fcf86f,1423.08,55.97,5.677480569,54000,55000
af27037cd8ed239375446bdf78cb9e3d53fcf86f,1404.42,55.06,5.607452281,54000,54000
af27037cd8ed239375446bdf78cb9e3d53fcf86f,1426.68,56.05,5.697404001,54000,54000
af27037cd8ed239375446bdf78cb9e3d53fcf86f,1420.45,55.94,5.682102562,54000,55000
af27037cd8ed239375446bdf78cb9e3d53fcf86f,1420.20,55.79,5.678233159,54000,54000
af27037cd8ed239375446bdf78cb9e3d53fcf86f,1403.23,55.35,5.619588672,54000,54000
af27037cd8ed239375446bdf78cb9e3d53fcf86f,1438.54,56.62,5.737481306,54000,54000
af27037cd8ed239375446bdf78cb9e3d53fcf86f,1421.02,55.93,5.674367103,54000,54000
af27037cd8ed239375446bdf78cb9e3d53fcf86f,1442.31,56.62,5.804707404,54000,54000
5a248637415c5e219ba0142ea7f1b066a9ebd25f,1393.71,54.52,5.596119686,55000,54000
5a248637415c5e219ba0142ea7f1b066a9ebd25f,1411.85,55.43,5.661203674,54000,54000
5a248637415c5e219ba0142ea7f1b066a9ebd25f,1418.80,55.91,5.682660841,54000,55000
5a248637415c5e219ba0142ea7f1b066a9ebd25f,1424.18,55.76,5.718497683,54000,54000
5a248637415c5e219ba0142ea7f1b066a9ebd25f,1407.93,55.38,5.639319083,54000,54000
5a248637415c5e219ba0142ea7f1b066a9ebd25f,1414.28,55.42,5.666644541,55000,54000
5a248637415c5e219ba0142ea7f1b066a9ebd25f,1405.27,55.40,5.632212705,54000,55000
5a248637415c5e219ba0142ea7f1b066a9ebd25f,1408.81,55.25,5.658017412,54000,54000
5a248637415c5e219ba0142ea7f1b066a9ebd25f,1427.69,55.77,5.711442011,54000,54000
5a248637415c5e219ba0142ea7f1b066a9ebd25f,1408.67,55.39,5.651572552,54000,54000
5a248637415c5e219ba0142ea7f1b066a9ebd25f,1395.12,54.69,5.586609582,54000,54000
5a248637415c5e219ba0142ea7f1b066a9ebd25f,1404.61,55.14,5.630293557,54000,54000
5a248637415c5e219ba0142ea7f1b066a9ebd25f,1412.16,55.51,5.660509653,54000,54000
5a248637415c5e219ba0142ea7f1b066a9ebd25f,1414.05,55.54,5.676842784,54000,54000
5a248637415c5e219ba0142ea7f1b066a9ebd25f,1415.78,55.75,5.684229462,54000,54000
5a248637415c5e219ba0142ea7f1b066a9ebd25f,1408.21,55.39,5.654248953,54000,54000
5a248637415c5e219ba0142ea7f1b066a9ebd25f,1435.40,56.42,5.741963197,54000,54000
5a248637415c5e219ba0142ea7f1b066a9ebd25f,1401.79,55.00,5.626213084,55000,54000
5a248637415c5e219ba0142ea7f1b066a9ebd25f,1404.99,54.84,5.624773324,54000,54000
5a248637415c5e219ba0142ea7f1b066a9ebd25f,1405.55,55.06,5.626465919,54000,54000
5a248637415c5e219ba0142ea7f1b066a9ebd25f,1406.02,54.85,5.635735014,54000,54000
5a248637415c5e219ba0142ea7f1b066a9ebd25f,1410.48,55.12,5.649679384,54000,54000
5a248637415c5e219ba0142ea7f1b066a9ebd25f,1412.53,55.35,5.656106427,55000,55000
5a248637415c5e219ba0142ea7f1b066a9ebd25f,1398.72,54.54,5.597037112,55000,54000
5a248637415c5e219ba0142ea7f1b066a9ebd25f,1419.10,55.44,5.687249322,54000,54000
5a248637415c5e219ba0142ea7f1b066a9ebd25f,1403.33,55.03,5.626579448,53000,54000
5a248637415c5e219ba0142ea7f1b066a9ebd25f,1414.76,55.17,5.668478012,54000,54000
5a248637415c5e219ba0142ea7f1b066a9ebd25f,1403.59,55.03,5.624254418,54000,54000
5a248637415c5e219ba0142ea7f1b066a9ebd25f,1407.11,54.86,5.636173987,54000,54000
5a248637415c5e219ba0142ea7f1b066a9ebd25f,1407.47,54.90,5.637664614,54000,55000
4e1d847e4c83052a93c7f49812af917d322756f4,1398.82,55.08,5.635037566,55000,55000
4e1d847e4c83052a93c7f49812af917d322756f4,1410.31,55.47,5.646511869,56000,56000
4e1d847e4c83052a93c7f49812af917d322756f4,1422.38,55.94,5.697841019,55000,56000
4e1d847e4c83052a93c7f49812af917d322756f4,1402.98,55.19,5.615838977,54000,54000
4e1d847e4c83052a93c7f49812af917d322756f4,1425.39,55.95,5.703851967,54000,54000
4e1d847e4c83052a93c7f49812af917d322756f4,1408.49,55.46,5.652881994,54000,54000
4e1d847e4c83052a93c7f49812af917d322756f4,1406.52,55.44,5.631553352,54000,54000
4e1d847e4c83052a93c7f49812af917d322756f4,1439.36,56.44,5.759989290,54000,55000
4e1d847e4c83052a93c7f49812af917d322756f4,1401.33,55.09,5.617732598,54000,54000
4e1d847e4c83052a93c7f49812af917d322756f4,1410.05,55.40,5.646812849,54000,54000
4e1d847e4c83052a93c7f49812af917d322756f4,1407.14,55.29,5.625231217,54000,54000
4e1d847e4c83052a93c7f49812af917d322756f4,1401.72,55.23,5.626080512,54000,54000
4e1d847e4c83052a93c7f49812af917d322756f4,1419.48,55.84,5.677423044,54000,54000
4e1d847e4c83052a93c7f49812af917d322756f4,1409.46,55.67,5.648463101,54000,55000
4e1d847e4c83052a93c7f49812af917d322756f4,1412.62,55.73,5.657578308,54000,54000
4e1d847e4c83052a93c7f49812af917d322756f4,1412.69,55.54,5.653140805,55000,54000
4e1d847e4c83052a93c7f49812af917d322756f4,1418.79,55.59,5.681564973,54000,54000
4e1d847e4c83052a93c7f49812af917d322756f4,1417.70,55.56,5.665814512,55000,54000
4e1d847e4c83052a93c7f49812af917d322756f4,1410.87,55.52,5.655512781,54000,54000
4e1d847e4c83052a93c7f49812af917d322756f4,1408.28,55.08,5.630308423,55000,54000
4e1d847e4c83052a93c7f49812af917d322756f4,1411.41,55.02,5.649656222,54000,54000
4e1d847e4c83052a93c7f49812af917d322756f4,1421.66,55.67,5.690570326,54000,55000
4e1d847e4c83052a93c7f49812af917d322756f4,1409.83,55.06,5.644489314,54000,54000
4e1d847e4c83052a93c7f49812af917d322756f4,1420.86,55.67,5.685478263,54000,54000
4e1d847e4c83052a93c7f49812af917d322756f4,1438.80,56.42,5.751277045,54000,53000
4e1d847e4c83052a93c7f49812af917d322756f4,1403.29,54.93,5.620572909,54000,54000
4e1d847e4c83052a93c7f49812af917d322756f4,1428.11,56.10,5.709719311,54000,54000
4e1d847e4c83052a93c7f49812af917d322756f4,1424.98,55.84,5.698564173,55000,55000
4e1d847e4c83052a93c7f49812af917d322756f4,1408.58,55.18,5.632235238,55000,54000
4e1d847e4c83052a93c7f49812af917d322756f4,1403.36,55.14,5.619826557,54000,54000
c61d10302690b7daa738ebaf07c1f46185dc6e60,1469.12,57.73,5.895838125,55000,54000
c61d10302690b7daa738ebaf07c1f46185dc6e60,1463.90,57.44,5.871918049,54000,54000
c61d10302690b7daa738ebaf07c1f46185dc6e60,1472.69,57.78,5.902619513,55000,55000
c61d10302690b7daa738ebaf07c1f46185dc6e60,1451.36,56.96,5.812267531,54000,54000
c61d10302690b7daa738ebaf07c1f46185dc6e60,1451.24,57.11,5.805991258,54000,54000
c61d10302690b7daa738ebaf07c1f46185dc6e60,1436.21,56.49,5.751378329,54000,55000
c61d10302690b7daa738ebaf07c1f46185dc6e60,1439.78,56.64,5.768632834,54000,54000
c61d10302690b7daa738ebaf07c1f46185dc6e60,1443.99,56.65,5.785824982,54000,54000
c61d10302690b7daa738ebaf07c1f46185dc6e60,1462.90,57.13,5.862445906,54000,54000
c61d10302690b7daa738ebaf07c1f46185dc6e60,1461.27,57.45,5.867433190,55000,55000
c61d10302690b7daa738ebaf07c1f46185dc6e60,1443.36,56.53,5.776648789,54000,54000
c61d10302690b7daa738ebaf07c1f46185dc6e60,1462.77,57.30,5.865768425,54000,54000
c61d10302690b7daa738ebaf07c1f46185dc6e60,1447.93,56.83,5.798479456,54000,54000
c61d10302690b7daa738ebaf07c1f46185dc6e60,1469.43,57.37,5.897982869,54000,54000
c61d10302690b7daa738ebaf07c1f46185dc6e60,1459.91,57.18,5.853922744,54000,54000
c61d10302690b7daa738ebaf07c1f46185dc6e60,1446.78,56.78,5.788546623,54000,54000
c61d10302690b7daa738ebaf07c1f46185dc6e60,1448.59,56.67,5.790177065,54000,54000
c61d10302690b7daa738ebaf07c1f46185dc6e60,1465.47,57.27,5.869080594,54000,54000
c61d10302690b7daa738ebaf07c1f46185dc6e60,1458.52,57.38,5.828945173,54000,53000
c61d10302690b7daa738ebaf07c1f46185dc6e60,1438.69,56.38,5.771758295,55000,54000
c61d10302690b7daa738ebaf07c1f46185dc6e60,1444.70,56.76,5.792318656,54000,54000
c61d10302690b7daa738ebaf07c1f46185dc6e60,1446.39,56.76,5.796404683,54000,54000
c61d10302690b7daa738ebaf07c1f46185dc6e60,1452.46,56.90,5.808683719,54000,54000
c61d10302690b7daa738ebaf07c1f46185dc6e60,1458.71,57.16,5.842375316,54000,54000
c61d10302690b7daa738ebaf07c1f46185dc6e60,1441.74,56.43,5.779811756,54000,54000
c61d10302690b7daa738ebaf07c1f46185dc6e60,1479.48,57.86,5.933515507,54000,54000
c61d10302690b7daa738ebaf07c1f46185dc6e60,1445.94,56.58,5.776831739,55000,54000
c61d10302690b7daa738ebaf07c1f46185dc6e60,1444.77,56.43,5.777531212,54000,54000
c61d10302690b7daa738ebaf07c1f46185dc6e60,1456.44,57.15,5.832632005,54000,54000
c61d10302690b7daa738ebaf07c1f46185dc6e60,1450.64,56.63,5.825551909,54000,54000
46b4a764e023a91faac1a085a7a7b6f0bb7428cd,1441.88,56.94,5.774248049,56000,56000
46b4a764e023a91faac1a085a7a7b6f0bb7428cd,1442.65,56.65,5.768641711,54000,54000
46b4a764e023a91faac1a085a7a7b6f0bb7428cd,1453.03,56.90,5.815981112,54000,54000
46b4a764e023a91faac1a085a7a7b6f0bb7428cd,1472.69,58.20,5.897674671,54000,54000
46b4a764e023a91faac1a085a7a7b6f0bb7428cd,1468.55,57.72,5.876599698,54000,54000
46b4a764e023a91faac1a085a7a7b6f0bb7428cd,1474.06,58.00,5.899177802,54000,54000
46b4a764e023a91faac1a085a7a7b6f0bb7428cd,1449.63,57.09,5.799640765,54000,54000
46b4a764e023a91faac1a085a7a7b6f0bb7428cd,1453.41,57.26,5.819641733,54000,55000
46b4a764e023a91faac1a085a7a7b6f0bb7428cd,1458.08,57.50,5.842405277,54000,54000
46b4a764e023a91faac1a085a7a7b6f0bb7428cd,1439.39,56.75,5.763794361,54000,54000
46b4a764e023a91faac1a085a7a7b6f0bb7428cd,1458.69,57.26,5.831352010,54000,54000
46b4a764e023a91faac1a085a7a7b6f0bb7428cd,1455.97,57.42,5.834565570,54000,54000
46b4a764e023a91faac1a085a7a7b6f0bb7428cd,1454.22,57.22,5.819603615,54000,54000
46b4a764e023a91faac1a085a7a7b6f0bb7428cd,1475.82,57.74,5.912529707,54000,55000
46b4a764e023a91faac1a085a7a7b6f0bb7428cd,1460.65,57.38,5.840388474,54000,54000
46b4a764e023a91faac1a085a7a7b6f0bb7428cd,1465.55,57.68,5.854331521,54000,55000
46b4a764e023a91faac1a085a7a7b6f0bb7428cd,1472.29,57.77,5.895000619,54000,54000
46b4a764e023a91faac1a085a7a7b6f0bb7428cd,1463.19,57.39,5.871799788,54000,54000
46b4a764e023a91faac1a085a7a7b6f0bb7428cd,1454.32,56.97,5.823783289,54000,54000
46b4a764e023a91faac1a085a7a7b6f0bb7428cd,1454.62,57.25,5.808007905,54000,54000
46b4a764e023a91faac1a085a7a7b6f0bb7428cd,1447.43,56.73,5.790761709,54000,55000
46b4a764e023a91faac1a085a7a7b6f0bb7428cd,1436.29,56.23,5.752987845,55000,54000
46b4a764e023a91faac1a085a7a7b6f0bb7428cd,1450.04,56.96,5.811992217,54000,54000
46b4a764e023a91faac1a085a7a7b6f0bb7428cd,1454.07,57.00,5.808827739,54000,55000
46b4a764e023a91faac1a085a7a7b6f0bb7428cd,1464.25,57.50,5.876080053,54000,54000
46b4a764e023a91faac1a085a7a7b6f0bb7428cd,1468.63,57.73,5.871271666,54000,54000
46b4a764e023a91faac1a085a7a7b6f0bb7428cd,1468.69,57.56,5.865353913,54000,54000
46b4a764e023a91faac1a085a7a7b6f0bb7428cd,1472.30,58.09,5.904105493,54000,54000
46b4a764e023a91faac1a085a7a7b6f0bb7428cd,1459.75,57.38,5.851276440,54000,54000
46b4a764e023a91faac1a085a7a7b6f0bb7428cd,1475.13,57.87,5.902604663,54000,54000
18f738f8caadcb015ef9ccb323dfc4bf3cbc71ac,1450.32,56.89,5.818068167,55000,54000
18f738f8caadcb015ef9ccb323dfc4bf3cbc71ac,1461.99,57.65,5.853648023,54000,54000
18f738f8caadcb015ef9ccb323dfc4bf3cbc71ac,1458.26,57.16,5.833806861,54000,54000
18f738f8caadcb015ef9ccb323dfc4bf3cbc71ac,1454.34,57.00,5.820939730,54000,54000
18f738f8caadcb015ef9ccb323dfc4bf3cbc71ac,1450.91,56.88,5.809729032,54000,54000
18f738f8caadcb015ef9ccb323dfc4bf3cbc71ac,1458.92,57.05,5.839858294,54000,54000
18f738f8caadcb015ef9ccb323dfc4bf3cbc71ac,1457.31,57.18,5.835966440,54000,54000
18f738f8caadcb015ef9ccb323dfc4bf3cbc71ac,1474.43,57.92,5.894046992,54000,54000
18f738f8caadcb015ef9ccb323dfc4bf3cbc71ac,1482.23,58.60,5.935437130,54000,54000
18f738f8caadcb015ef9ccb323dfc4bf3cbc71ac,1463.70,57.45,5.860863086,54000,54000
18f738f8caadcb015ef9ccb323dfc4bf3cbc71ac,1445.99,56.81,5.789915258,54000,55000
18f738f8caadcb015ef9ccb323dfc4bf3cbc71ac,1466.17,57.52,5.877548168,54000,54000
18f738f8caadcb015ef9ccb323dfc4bf3cbc71ac,1469.16,57.38,5.883981425,54000,54000
18f738f8caadcb015ef9ccb323dfc4bf3cbc71ac,1471.17,57.52,5.896525658,54000,54000
18f738f8caadcb015ef9ccb323dfc4bf3cbc71ac,1482.04,58.34,5.920913104,54000,54000
18f738f8caadcb015ef9ccb323dfc4bf3cbc71ac,1470.23,57.28,5.890115341,54000,54000
18f738f8caadcb015ef9ccb323dfc4bf3cbc71ac,1471.96,57.90,5.888073507,54000,54000
18f738f8caadcb015ef9ccb323dfc4bf3cbc71ac,1454.41,56.98,5.826399718,54000,54000
18f738f8caadcb015ef9ccb323dfc4bf3cbc71ac,1485.02,58.07,5.963051537,54000,54000
18f738f8caadcb015ef9ccb323dfc4bf3cbc71ac,1459.27,56.98,5.836965523,54000,54000
18f738f8caadcb015ef9ccb323dfc4bf3cbc71ac,1490.55,58.24,5.967306257,54000,54000
18f738f8caadcb015ef9ccb323dfc4bf3cbc71ac,1462.42,57.15,5.861851120,54000,55000
18f738f8caadcb015ef9ccb323dfc4bf3cbc71ac,1446.49,56.77,5.792355765,54000,54000
18f738f8caadcb015ef9ccb323dfc4bf3cbc71ac,1467.42,57.27,5.877525359,55000,55000
18f738f8caadcb015ef9ccb323dfc4bf3cbc71ac,1462.33,57.02,5.859013459,54000,54000
18f738f8caadcb015ef9ccb323dfc4bf3cbc71ac,1464.09,57.30,5.856158761,53000,54000
18f738f8caadcb015ef9ccb323dfc4bf3cbc71ac,1454.05,57.19,5.830537799,54000,54000
18f738f8caadcb015ef9ccb323dfc4bf3cbc71ac,1451.45,56.93,5.805021941,54000,54000
18f738f8caadcb015ef9ccb323dfc4bf3cbc71ac,1471.87,57.64,5.899345957,54000,54000
18f738f8caadcb015ef9ccb323dfc4bf3cbc71ac,1449.31,57.03,5.802124018,54000,55000
56b1c644bbc0df9606572680781b8b89a7355cd8,1439.86,56.70,5.810724345,56000,56000
56b1c644bbc0df9606572680781b8b89a7355cd8,1435.93,56.38,5.765142941,55000,54000
56b1c644bbc0df9606572680781b8b89a7355cd8,1423.82,56.02,5.712207810,54000,54000
56b1c644bbc0df9606572680781b8b89a7355cd8,1459.90,57.48,5.871359330,54000,54000
56b1c644bbc0df9606572680781b8b89a7355cd8,1443.44,56.56,5.801030248,54000,53000
56b1c644bbc0df9606572680781b8b89a7355cd8,1461.26,57.30,5.858319327,54000,54000
56b1c644bbc0df9606572680781b8b89a7355cd8,1446.48,56.79,5.791029434,54000,54000
56b1c644bbc0df9606572680781b8b89a7355cd8,1479.53,57.98,5.930679690,54000,54000
56b1c644bbc0df9606572680781b8b89a7355cd8,1437.23,56.44,5.760387236,54000,54000
56b1c644bbc0df9606572680781b8b89a7355cd8,1456.55,57.11,5.846225960,54000,55000
56b1c644bbc0df9606572680781b8b89a7355cd8,1446.53,56.70,5.800652915,54000,54000
56b1c644bbc0df9606572680781b8b89a7355cd8,1449.51,56.99,5.797717129,54000,54000
56b1c644bbc0df9606572680781b8b89a7355cd8,1451.34,56.98,5.826609470,55000,55000
56b1c644bbc0df9606572680781b8b89a7355cd8,1444.76,56.47,5.784001633,55000,55000
56b1c644bbc0df9606572680781b8b89a7355cd8,1454.09,56.92,5.839179661,55000,54000
56b1c644bbc0df9606572680781b8b89a7355cd8,1462.81,57.35,5.862817939,54000,54000
56b1c644bbc0df9606572680781b8b89a7355cd8,1451.10,56.69,5.813653066,54000,54000
56b1c644bbc0df9606572680781b8b89a7355cd8,1458.94,57.02,5.839144737,54000,53000
56b1c644bbc0df9606572680781b8b89a7355cd8,1454.72,56.97,5.837499531,54000,55000
56b1c644bbc0df9606572680781b8b89a7355cd8,1449.86,56.59,5.813982757,55000,54000
56b1c644bbc0df9606572680781b8b89a7355cd8,1446.60,56.72,5.799398067,55000,54000
56b1c644bbc0df9606572680781b8b89a7355cd8,1453.24,56.74,5.813160701,55000,54000
56b1c644bbc0df9606572680781b8b89a7355cd8,1439.30,56.20,5.765926338,54000,54000
56b1c644bbc0df9606572680781b8b89a7355cd8,1438.58,56.14,5.768189610,54000,54000
56b1c644bbc0df9606572680781b8b89a7355cd8,1459.03,56.84,5.856357691,54000,54000
56b1c644bbc0df9606572680781b8b89a7355cd8,1442.29,56.34,5.774925394,55000,54000
56b1c644bbc0df9606572680781b8b89a7355cd8,1441.06,56.56,5.769982338,54000,53000
56b1c644bbc0df9606572680781b8b89a7355cd8,1434.28,56.17,5.746644956,54000,54000
56b1c644bbc0df9606572680781b8b89a7355cd8,1431.06,56.10,5.734707706,54000,54000
56b1c644bbc0df9606572680781b8b89a7355cd8,1439.96,56.29,5.767957886,54000,55000
5588e7eb2fc24a265b5650e65d3452774726e86d,1455.06,57.22,5.878284920,55000,55000
5588e7eb2fc24a265b5650e65d3452774726e86d,1456.00,57.33,5.835830888,56000,56000
5588e7eb2fc24a265b5650e65d3452774726e86d,1456.16,57.54,5.845338620,56000,56000
5588e7eb2fc24a265b5650e65d3452774726e86d,1444.89,56.99,5.789773277,55000,56000
5588e7eb2fc24a265b5650e65d3452774726e86d,1446.59,56.71,5.792177427,54000,54000
5588e7eb2fc24a265b5650e65d3452774726e86d,1445.94,56.71,5.800930859,54000,54000
5588e7eb2fc24a265b5650e65d3452774726e86d,1447.39,56.93,5.804313795,54000,55000
5588e7eb2fc24a265b5650e65d3452774726e86d,1479.38,58.14,5.929720193,54000,54000
5588e7eb2fc24a265b5650e65d3452774726e86d,1433.31,56.35,5.746511381,54000,54000
5588e7eb2fc24a265b5650e65d3452774726e86d,1454.73,57.16,5.831462668,54000,54000
5588e7eb2fc24a265b5650e65d3452774726e86d,1450.74,57.01,5.808476772,55000,54000
5588e7eb2fc24a265b5650e65d3452774726e86d,1471.86,57.89,5.903404322,54000,55000
5588e7eb2fc24a265b5650e65d3452774726e86d,1439.36,56.62,5.778305153,54000,54000
5588e7eb2fc24a265b5650e65d3452774726e86d,1450.05,57.20,5.811130692,54000,54000
5588e7eb2fc24a265b5650e65d3452774726e86d,1467.20,57.65,5.891084998,54000,54000
5588e7eb2fc24a265b5650e65d3452774726e86d,1463.47,57.55,5.858272125,54000,56000
5588e7eb2fc24a265b5650e65d3452774726e86d,1459.29,57.34,5.833074609,54000,55000
5588e7eb2fc24a265b5650e65d3452774726e86d,1445.91,56.88,5.788911526,54000,55000
5588e7eb2fc24a265b5650e65d3452774726e86d,1461.52,57.36,5.855484079,54000,54000
5588e7eb2fc24a265b5650e65d3452774726e86d,1453.93,56.84,5.823786165,55000,54000
5588e7eb2fc24a265b5650e65d3452774726e86d,1453.78,56.72,5.826339175,54000,54000
5588e7eb2fc24a265b5650e65d3452774726e86d,1456.89,57.28,5.829066371,54000,54000
5588e7eb2fc24a265b5650e65d3452774726e86d,1450.47,57.03,5.811802541,54000,54000
5588e7eb2fc24a265b5650e65d3452774726e86d,1445.58,56.61,5.802774685,54000,54000
5588e7eb2fc24a265b5650e65d3452774726e86d,1450.45,56.82,5.811027547,54000,54000
5588e7eb2fc24a265b5650e65d3452774726e86d,1461.31,57.24,5.858257853,54000,54000
5588e7eb2fc24a265b5650e65d3452774726e86d,1457.11,57.29,5.830566430,54000,54000
5588e7eb2fc24a265b5650e65d3452774726e86d,1454.96,57.49,5.832159193,54000,54000
5588e7eb2fc24a265b5650e65d3452774726e86d,1443.94,56.78,5.792133967,54000,54000
5588e7eb2fc24a265b5650e65d3452774726e86d,1446.77,56.78,5.793767632,54000,54000
0d04e957d81cc8ead959c2ab65031fb12a9d5d27,1450.56,56.66,5.828308618,55000,56000
0d04e957d81cc8ead959c2ab65031fb12a9d5d27,1466.27,57.62,5.883987655,56000,55000
0d04e957d81cc8ead959c2ab65031fb12a9d5d27,1449.22,56.99,5.817657206,54000,54000
0d04e957d81cc8ead959c2ab65031fb12a9d5d27,1461.26,57.43,5.862251877,54000,54000
0d04e957d81cc8ead959c2ab65031fb12a9d5d27,1486.57,58.51,5.958559776,54000,54000
0d04e957d81cc8ead959c2ab65031fb12a9d5d27,1450.30,57.33,5.803342042,54000,54000
0d04e957d81cc8ead959c2ab65031fb12a9d5d27,1467.18,57.59,5.883275761,54000,54000
0d04e957d81cc8ead959c2ab65031fb12a9d5d27,1446.21,56.79,5.790917671,55000,54000
0d04e957d81cc8ead959c2ab65031fb12a9d5d27,1459.44,57.32,5.845897530,54000,55000
0d04e957d81cc8ead959c2ab65031fb12a9d5d27,1462.20,57.33,5.853486172,54000,54000
0d04e957d81cc8ead959c2ab65031fb12a9d5d27,1460.58,57.24,5.842384063,54000,54000
0d04e957d81cc8ead959c2ab65031fb12a9d5d27,1452.58,57.10,5.819622945,54000,54000
0d04e957d81cc8ead959c2ab65031fb12a9d5d27,1461.55,57.74,5.864861638,54000,54000
0d04e957d81cc8ead959c2ab65031fb12a9d5d27,1459.34,57.37,5.844893733,54000,54000
0d04e957d81cc8ead959c2ab65031fb12a9d5d27,1448.64,56.86,5.807053805,55000,54000
0d04e957d81cc8ead959c2ab65031fb12a9d5d27,1459.48,57.13,5.841077027,55000,55000
0d04e957d81cc8ead959c2ab65031fb12a9d5d27,1442.96,56.41,5.775768148,54000,54000
0d04e957d81cc8ead959c2ab65031fb12a9d5d27,1468.46,57.48,5.889387888,54000,54000
0d04e957d81cc8ead959c2ab65031fb12a9d5d27,1450.05,56.77,5.800138560,55000,54000
0d04e957d81cc8ead959c2ab65031fb12a9d5d27,1438.08,56.21,5.770117058,54000,54000
0d04e957d81cc8ead959c2ab65031fb12a9d5d27,1457.92,57.03,5.837158400,54000,54000
0d04e957d81cc8ead959c2ab65031fb12a9d5d27,1472.39,57.96,5.902416345,54000,54000
0d04e957d81cc8ead959c2ab65031fb12a9d5d27,1462.83,57.24,5.844390444,54000,55000
0d04e957d81cc8ead959c2ab65031fb12a9d5d27,1462.93,57.23,5.854403109,54000,54000
0d04e957d81cc8ead959c2ab65031fb12a9d5d27,1446.18,56.65,5.783566601,54000,54000
0d04e957d81cc8ead959c2ab65031fb12a9d5d27,1488.29,58.37,5.964182688,54000,54000
0d04e957d81cc8ead959c2ab65031fb12a9d5d27,1462.08,57.18,5.846896235,54000,54000
0d04e957d81cc8ead959c2ab65031fb12a9d5d27,1465.83,57.74,5.871289527,54000,54000
0d04e957d81cc8ead959c2ab65031fb12a9d5d27,1435.85,56.06,5.756392580,55000,55000
0d04e957d81cc8ead959c2ab65031fb12a9d5d27,1478.69,57.80,5.916008360,55000,54000
51043a829c09e05d1bdb83625c4cd5b0c16fabcb,1462.46,57.75,5.849208689,54000,54000
51043a829c09e05d1bdb83625c4cd5b0c16fabcb,1453.59,57.14,5.820759848,54000,54000
51043a829c09e05d1bdb83625c4cd5b0c16fabcb,1455.99,57.12,5.843365425,54000,54000
51043a829c09e05d1bdb83625c4cd5b0c16fabcb,1455.83,57.08,5.816400076,54000,54000
51043a829c09e05d1bdb83625c4cd5b0c16fabcb,1452.30,57.31,5.814941450,54000,54000
51043a829c09e05d1bdb83625c4cd5b0c16fabcb,1473.10,58.23,5.899143123,54000,54000
51043a829c09e05d1bdb83625c4cd5b0c16fabcb,1464.16,57.41,5.853130049,54000,54000
51043a829c09e05d1bdb83625c4cd5b0c16fabcb,1465.07,57.75,5.865950159,54000,55000
51043a829c09e05d1bdb83625c4cd5b0c16fabcb,1456.39,57.35,5.824986507,54000,54000
51043a829c09e05d1bdb83625c4cd5b0c16fabcb,1456.46,57.28,5.838136934,54000,54000
51043a829c09e05d1bdb83625c4cd5b0c16fabcb,1457.40,57.32,5.830739312,54000,54000
51043a829c09e05d1bdb83625c4cd5b0c16fabcb,1470.37,57.91,5.877514852,55000,54000
51043a829c09e05d1bdb83625c4cd5b0c16fabcb,1464.35,57.54,5.854987272,55000,55000
51043a829c09e05d1bdb83625c4cd5b0c16fabcb,1476.30,57.89,5.911283144,55000,55000
51043a829c09e05d1bdb83625c4cd5b0c16fabcb,1445.56,56.59,5.786159912,54000,54000
51043a829c09e05d1bdb83625c4cd5b0c16fabcb,1469.24,57.44,5.881096799,54000,54000
51043a829c09e05d1bdb83625c4cd5b0c16fabcb,1471.70,57.82,5.877549338,54000,54000
51043a829c09e05d1bdb83625c4cd5b0c16fabcb,1475.37,57.90,5.932871548,54000,54000
51043a829c09e05d1bdb83625c4cd5b0c16fabcb,1476.95,57.77,5.931156135,54000,54000
51043a829c09e05d1bdb83625c4cd5b0c16fabcb,1451.42,56.97,5.806680866,54000,54000
51043a829c09e05d1bdb83625c4cd5b0c16fabcb,1448.70,56.66,5.795999488,54000,55000
51043a829c09e05d1bdb83625c4cd5b0c16fabcb,1448.29,57.01,5.801793835,54000,54000
51043a829c09e05d1bdb83625c4cd5b0c16fabcb,1479.70,58.09,5.916871265,55000,54000
51043a829c09e05d1bdb83625c4cd5b0c16fabcb,1434.39,56.42,5.740871951,54000,54000
51043a829c09e05d1bdb83625c4cd5b0c16fabcb,1441.42,56.61,5.772530765,54000,54000
51043a829c09e05d1bdb83625c4cd5b0c16fabcb,1467.65,57.76,5.880909888,54000,54000
51043a829c09e05d1bdb83625c4cd5b0c16fabcb,1447.24,56.77,5.790547427,54000,54000
51043a829c09e05d1bdb83625c4cd5b0c16fabcb,1442.64,56.66,5.777762797,55000,55000
51043a829c09e05d1bdb83625c4cd5b0c16fabcb,1457.52,57.05,5.842813775,54000,54000
51043a829c09e05d1bdb83625c4cd5b0c16fabcb,1471.68,57.87,5.884388379,54000,55000
3b3043e3e25a3410bd9c2243f30d6e26926bc646,1454.02,57.36,5.820409595,54000,54000
3b3043e3e25a3410bd9c2243f30d6e26926bc646,1462.13,57.43,5.876146284,54000,54000
3b3043e3e25a3410bd9c2243f30d6e26926bc646,1453.83,57.15,5.820559993,54000,54000
3b3043e3e25a3410bd9c2243f30d6e26926bc646,1445.15,56.75,5.795815965,55000,54000
3b3043e3e25a3410bd9c2243f30d6e26926bc646,1474.93,57.85,5.912720935,54000,54000
3b3043e3e25a3410bd9c2243f30d6e26926bc646,1455.39,57.17,5.830472027,54000,54000
3b3043e3e25a3410bd9c2243f30d6e26926bc646,1452.91,56.93,5.816842422,54000,54000
3b3043e3e25a3410bd9c2243f30d6e26926bc646,1455.02,56.86,5.819038677,54000,54000
3b3043e3e25a3410bd9c2243f30d6e26926bc646,1453.11,57.12,5.820594713,54000,54000
3b3043e3e25a3410bd9c2243f30d6e26926bc646,1457.95,57.27,5.847125147,54000,55000
3b3043e3e25a3410bd9c2243f30d6e26926bc646,1437.72,56.39,5.764531411,54000,54000
3b3043e3e25a3410bd9c2243f30d6e26926bc646,1459.64,57.32,5.859161270,54000,54000
3b3043e3e25a3410bd9c2243f30d6e26926bc646,1445.89,56.59,5.804309801,54000,54000
3b3043e3e25a3410bd9c2243f30d6e26926bc646,1442.88,56.73,5.786318624,54000,55000
3b3043e3e25a3410bd9c2243f30d6e26926bc646,1468.83,57.68,5.883070505,54000,54000
3b3043e3e25a3410bd9c2243f30d6e26926bc646,1447.01,56.52,5.797421549,54000,54000
3b3043e3e25a3410bd9c2243f30d6e26926bc646,1462.95,57.29,5.859071843,54000,55000
3b3043e3e25a3410bd9c2243f30d6e26926bc646,1437.39,56.31,5.759632732,55000,54000
3b3043e3e25a3410bd9c2243f30d6e26926bc646,1447.34,56.83,5.813647557,55000,54000
3b3043e3e25a3410bd9c2243f30d6e26926bc646,1450.87,56.97,5.806213093,54000,54000
3b3043e3e25a3410bd9c2243f30d6e26926bc646,1446.66,56.55,5.795338708,54000,54000
3b3043e3e25a3410bd9c2243f30d6e26926bc646,1462.29,57.21,5.874034710,54000,54000
3b3043e3e25a3410bd9c2243f30d6e26926bc646,1437.42,56.22,5.767218495,54000,55000
3b3043e3e25a3410bd9c2243f30d6e26926bc646,1440.04,56.56,5.763746376,54000,55000
3b3043e3e25a3410bd9c2243f30d6e26926bc646,1476.21,57.80,5.916978499,54000,54000
3b3043e3e25a3410bd9c2243f30d6e26926bc646,1447.94,56.80,5.804865320,54000,54000
3b3043e3e25a3410bd9c2243f30d6e26926bc646,1457.87,56.96,5.837074988,54000,54000
3b3043e3e25a3410bd9c2243f30d6e26926bc646,1456.19,57.01,5.833483438,55000,54000
3b3043e3e25a3410bd9c2243f30d6e26926bc646,1462.13,57.38,5.857707363,53000,54000
3b3043e3e25a3410bd9c2243f30d6e26926bc646,1460.52,57.34,5.858672277,54000,54000
e538564debacb8a6bffa626f191e8959d48c6797,1439.28,56.65,5.784465374,56000,56000
e538564debacb8a6bffa626f191e8959d48c6797,1450.11,57.00,5.810506268,55000,55000
e538564debacb8a6bffa626f191e8959d48c6797,1444.86,56.53,5.785030021,54000,54000
e538564debacb8a6bffa626f191e8959d48c6797,1466.54,57.83,5.883141469,54000,54000
e538564debacb8a6bffa626f191e8959d48c6797,1451.99,56.90,5.814194214,54000,55000
e538564debacb8a6bffa626f191e8959d48c6797,1465.21,57.63,5.874709903,54000,54000
e538564debacb8a6bffa626f191e8959d48c6797,1448.70,57.22,5.802020037,54000,54000
e538564debacb8a6bffa626f191e8959d48c6797,1461.16,57.74,5.845995939,54000,54000
e538564debacb8a6bffa626f191e8959d48c6797,1454.97,57.10,5.830304446,54000,54000
e538564debacb8a6bffa626f191e8959d48c6797,1451.07,57.17,5.826965714,55000,54000
e538564debacb8a6bffa626f191e8959d48c6797,1459.12,57.42,5.842748883,54000,54000
e538564debacb8a6bffa626f191e8959d48c6797,1443.85,56.72,5.791543652,54000,54000
e538564debacb8a6bffa626f191e8959d48c6797,1449.12,56.91,5.798982526,54000,54000
e538564debacb8a6bffa626f191e8959d48c6797,1458.80,57.63,5.854102507,54000,54000
e538564debacb8a6bffa626f191e8959d48c6797,1460.60,57.39,5.857812902,54000,54000
e538564debacb8a6bffa626f191e8959d48c6797,1448.83,56.99,5.808998878,54000,54000
e538564debacb8a6bffa626f191e8959d48c6797,1449.10,56.87,5.816917864,54000,54000
e538564debacb8a6bffa626f191e8959d48c6797,1443.74,56.69,5.786750564,53000,54000
e538564debacb8a6bffa626f191e8959d48c6797,1455.19,56.88,5.829797201,54000,54000
e538564debacb8a6bffa626f191e8959d48c6797,1457.43,57.17,5.834842529,54000,54000
e538564debacb8a6bffa626f191e8959d48c6797,1461.49,56.99,5.853364537,54000,54000
e538564debacb8a6bffa626f191e8959d48c6797,1461.31,57.42,5.857273822,54000,55000
e538564debacb8a6bffa626f191e8959d48c6797,1453.25,56.65,5.816442366,54000,54000
e538564debacb8a6bffa626f191e8959d48c6797,1447.80,56.48,5.799650543,54000,54000
e538564debacb8a6bffa626f191e8959d48c6797,1450.29,56.86,5.814377819,54000,55000
e538564debacb8a6bffa626f191e8959d48c6797,1469.73,57.54,5.887634445,54000,54000
e538564debacb8a6bffa626f191e8959d48c6797,1471.77,57.78,5.895866954,54000,55000
e538564debacb8a6bffa626f191e8959d48c6797,1450.57,56.82,5.810438823,54000,54000
e538564debacb8a6bffa626f191e8959d48c6797,1452.41,56.94,5.815256994,54000,54000
e538564debacb8a6bffa626f191e8959d48c6797,1440.38,56.34,5.774639832,55000,54000
6c8774e0e7cba6ef9eac17c90f81004b9ee79c51,1455.40,57.24,5.828014720,54000,55000
6c8774e0e7cba6ef9eac17c90f81004b9ee79c51,1469.04,57.77,5.892192395,53000,54000
6c8774e0e7cba6ef9eac17c90f81004b9ee79c51,1443.56,56.93,5.792044923,54000,55000
6c8774e0e7cba6ef9eac17c90f81004b9ee79c51,1467.00,57.65,5.887629195,54000,54000
6c8774e0e7cba6ef9eac17c90f81004b9ee79c51,1455.02,57.16,5.832601113,54000,54000
6c8774e0e7cba6ef9eac17c90f81004b9ee79c51,1441.74,56.62,5.774089253,54000,55000
6c8774e0e7cba6ef9eac17c90f81004b9ee79c51,1461.71,57.36,5.860166226,54000,54000
6c8774e0e7cba6ef9eac17c90f81004b9ee79c51,1432.05,56.43,5.739025616,54000,54000
6c8774e0e7cba6ef9eac17c90f81004b9ee79c51,1463.67,57.31,5.862329733,54000,54000
6c8774e0e7cba6ef9eac17c90f81004b9ee79c51,1447.74,57.07,5.800186410,54000,54000
6c8774e0e7cba6ef9eac17c90f81004b9ee79c51,1463.57,57.67,5.863715715,54000,54000
6c8774e0e7cba6ef9eac17c90f81004b9ee79c51,1443.75,56.61,5.787843974,54000,54000
6c8774e0e7cba6ef9eac17c90f81004b9ee79c51,1449.90,56.99,5.806493395,54000,55000
6c8774e0e7cba6ef9eac17c90f81004b9ee79c51,1450.86,56.99,5.806410214,54000,54000
6c8774e0e7cba6ef9eac17c90f81004b9ee79c51,1466.92,57.68,5.891823185,54000,55000
6c8774e0e7cba6ef9eac17c90f81004b9ee79c51,1478.06,57.94,5.916247466,54000,54000
6c8774e0e7cba6ef9eac17c90f81004b9ee79c51,1468.44,57.71,5.896962496,54000,54000
6c8774e0e7cba6ef9eac17c90f81004b9ee79c51,1444.50,56.71,5.788408062,54000,54000
6c8774e0e7cba6ef9eac17c90f81004b9ee79c51,1455.68,57.24,5.828623985,54000,54000
6c8774e0e7cba6ef9eac17c90f81004b9ee79c51,1444.25,56.59,5.784937772,54000,54000
6c8774e0e7cba6ef9eac17c90f81004b9ee79c51,1450.49,56.80,5.810949945,54000,54000
6c8774e0e7cba6ef9eac17c90f81004b9ee79c51,1458.12,57.33,5.846882261,54000,54000
6c8774e0e7cba6ef9eac17c90f81004b9ee79c51,1451.38,56.76,5.809251228,55000,54000
6c8774e0e7cba6ef9eac17c90f81004b9ee79c51,1442.58,56.17,5.778282196,54000,55000
6c8774e0e7cba6ef9eac17c90f81004b9ee79c51,1438.44,56.33,5.760082610,54000,54000
6c8774e0e7cba6ef9eac17c90f81004b9ee79c51,1464.20,57.28,5.880031411,54000,54000
6c8774e0e7cba6ef9eac17c90f81004b9ee79c51,1444.80,56.35,5.781315561,55000,54000
6c8774e0e7cba6ef9eac17c90f81004b9ee79c51,1462.43,57.22,5.862079032,54000,54000
6c8774e0e7cba6ef9eac17c90f81004b9ee79c51,1478.66,57.76,5.912539122,56000,55000
6c8774e0e7cba6ef9eac17c90f81004b9ee79c51,1482.06,58.17,5.941597549,54000,54000
c0d4e37d372fe99ab908a4a3afff450859c652e3,1457.00,57.46,5.843771719,56000,55000
c0d4e37d372fe99ab908a4a3afff450859c652e3,1475.32,57.98,5.898418661,55000,55000
c0d4e37d372fe99ab908a4a3afff450859c652e3,1448.65,56.85,5.806250309,54000,55000
c0d4e37d372fe99ab908a4a3afff450859c652e3,1482.14,58.44,5.931944051,54000,54000
c0d4e37d372fe99ab908a4a3afff450859c652e3,1455.38,57.17,5.830205973,54000,54000
c0d4e37d372fe99ab908a4a3afff450859c652e3,1452.27,57.02,5.815588339,55000,54000
c0d4e37d372fe99ab908a4a3afff450859c652e3,1439.64,56.59,5.759549248,53000,54000
c0d4e37d372fe99ab908a4a3afff450859c652e3,1464.54,57.93,5.861394375,54000,54000
c0d4e37d372fe99ab908a4a3afff450859c652e3,1451.77,57.05,5.819029132,54000,54000
c0d4e37d372fe99ab908a4a3afff450859c652e3,1473.94,58.14,5.910400865,54000,54000
c0d4e37d372fe99ab908a4a3afff450859c652e3,1468.34,57.99,5.877897498,54000,54000
c0d4e37d372fe99ab908a4a3afff450859c652e3,1447.15,56.89,5.792984283,54000,54000
c0d4e37d372fe99ab908a4a3afff450859c652e3,1478.12,58.27,5.951558747,54000,54000
c0d4e37d372fe99ab908a4a3afff450859c652e3,1442.03,56.52,5.780111575,54000,54000
c0d4e37d372fe99ab908a4a3afff450859c652e3,1446.17,56.84,5.794452256,54000,54000
c0d4e37d372fe99ab908a4a3afff450859c652e3,1457.31,57.18,5.844924279,55000,54000
c0d4e37d372fe99ab908a4a3afff450859c652e3,1465.20,57.50,5.870478822,55000,54000
c0d4e37d372fe99ab908a4a3afff450859c652e3,1463.72,57.26,5.867243286,54000,54000
c0d4e37d372fe99ab908a4a3afff450859c652e3,1459.95,57.18,5.840141123,54000,54000
c0d4e37d372fe99ab908a4a3afff450859c652e3,1465.59,57.54,5.866028956,54000,54000
c0d4e37d372fe99ab908a4a3afff450859c652e3,1453.25,56.89,5.816350174,54000,55000
c0d4e37d372fe99ab908a4a3afff450859c652e3,1456.18,57.26,5.840926047,54000,54000
c0d4e37d372fe99ab908a4a3afff450859c652e3,1459.65,57.28,5.852552497,54000,54000
c0d4e37d372fe99ab908a4a3afff450859c652e3,1445.07,56.78,5.787857980,54000,54000
c0d4e37d372fe99ab908a4a3afff450859c652e3,1457.60,57.06,5.843001461,54000,55000
c0d4e37d372fe99ab908a4a3afff450859c652e3,1438.71,56.39,5.765812498,54000,54000
c0d4e37d372fe99ab908a4a3afff450859c652e3,1436.70,56.50,5.762133837,54000,55000
c0d4e37d372fe99ab908a4a3afff450859c652e3,1464.12,57.20,5.863449938,55000,54000
c0d4e37d372fe99ab908a4a3afff450859c652e3,1446.84,56.79,5.789505859,54000,54000
c0d4e37d372fe99ab908a4a3afff450859c652e3,1472.33,57.86,5.893178916,54000,54000
957b3dda6ab2f4bf7e6a87fa10577622bbfebee0,1466.05,57.54,5.893546309,57000,56000
957b3dda6ab2f4bf7e6a87fa10577622bbfebee0,1474.12,57.86,5.929093387,54000,54000
957b3dda6ab2f4bf7e6a87fa10577622bbfebee0,1450.64,56.97,5.815092970,54000,54000
957b3dda6ab2f4bf7e6a87fa10577622bbfebee0,1444.29,56.69,5.784965441,54000,54000
957b3dda6ab2f4bf7e6a87fa10577622bbfebee0,1465.12,57.44,5.870969085,54000,54000
957b3dda6ab2f4bf7e6a87fa10577622bbfebee0,1467.09,57.59,5.897770437,54000,54000
957b3dda6ab2f4bf7e6a87fa10577622bbfebee0,1489.23,58.48,5.962332273,54000,54000
957b3dda6ab2f4bf7e6a87fa10577622bbfebee0,1457.34,57.32,5.841563024,54000,54000
957b3dda6ab2f4bf7e6a87fa10577622bbfebee0,1446.59,56.65,5.794249071,55000,55000
957b3dda6ab2f4bf7e6a87fa10577622bbfebee0,1444.31,56.73,5.785899552,55000,54000
957b3dda6ab2f4bf7e6a87fa10577622bbfebee0,1449.31,56.78,5.817505432,54000,54000
957b3dda6ab2f4bf7e6a87fa10577622bbfebee0,1453.48,56.99,5.818402965,54000,55000
957b3dda6ab2f4bf7e6a87fa10577622bbfebee0,1444.92,56.76,5.788433924,54000,54000
957b3dda6ab2f4bf7e6a87fa10577622bbfebee0,1458.47,57.05,5.845656053,55000,54000
957b3dda6ab2f4bf7e6a87fa10577622bbfebee0,1452.45,56.82,5.816891599,54000,54000
957b3dda6ab2f4bf7e6a87fa10577622bbfebee0,1467.86,57.17,5.889740432,55000,54000
957b3dda6ab2f4bf7e6a87fa10577622bbfebee0,1449.86,56.61,5.810573649,54000,54000
957b3dda6ab2f4bf7e6a87fa10577622bbfebee0,1446.70,56.62,5.794284271,54000,55000
957b3dda6ab2f4bf7e6a87fa10577622bbfebee0,1471.57,57.49,5.894861583,54000,54000
957b3dda6ab2f4bf7e6a87fa10577622bbfebee0,1481.61,57.89,5.946786230,54000,54000
957b3dda6ab2f4bf7e6a87fa10577622bbfebee0,1453.69,56.77,5.828797660,54000,54000
957b3dda6ab2f4bf7e6a87fa10577622bbfebee0,1450.95,56.78,5.805930588,54000,54000
957b3dda6ab2f4bf7e6a87fa10577622bbfebee0,1439.08,56.44,5.766473796,54000,54000
957b3dda6ab2f4bf7e6a87fa10577622bbfebee0,1459.35,56.97,5.843005973,54000,54000
957b3dda6ab2f4bf7e6a87fa10577622bbfebee0,1442.75,56.40,5.783063365,54000,54000
957b3dda6ab2f4bf7e6a87fa10577622bbfebee0,1456.85,56.97,5.832929921,54000,54000
957b3dda6ab2f4bf7e6a87fa10577622bbfebee0,1474.52,57.98,5.909397023,54000,54000
957b3dda6ab2f4bf7e6a87fa10577622bbfebee0,1459.46,57.01,5.837278504,54000,56000
957b3dda6ab2f4bf7e6a87fa10577622bbfebee0,1455.34,56.63,5.831688150,55000,54000
957b3dda6ab2f4bf7e6a87fa10577622bbfebee0,1440.72,56.42,5.782987748,54000,54000
d8611587abc5571f0284490e7fc403871eb0944d,1477.92,58.06,5.925135704,55000,55000
d8611587abc5571f0284490e7fc403871eb0944d,1455.80,57.28,5.824061147,54000,55000
d8611587abc5571f0284490e7fc403871eb0944d,1481.53,58.57,5.938975902,54000,54000
d8611587abc5571f0284490e7fc403871eb0944d,1466.49,57.70,5.890793206,55000,54000
d8611587abc5571f0284490e7fc403871eb0944d,1450.35,57.19,5.813137039,55000,54000
d8611587abc5571f0284490e7fc403871eb0944d,1439.87,56.54,5.770382675,54000,55000
d8611587abc5571f0284490e7fc403871eb0944d,1466.28,57.68,5.866383092,54000,55000
d8611587abc5571f0284490e7fc403871eb0944d,1450.67,56.96,5.806996241,54000,54000
d8611587abc5571f0284490e7fc403871eb0944d,1469.04,57.85,5.886938698,54000,54000
d8611587abc5571f0284490e7fc403871eb0944d,1454.72,57.31,5.827457203,54000,54000
d8611587abc5571f0284490e7fc403871eb0944d,1441.52,56.83,5.768712506,54000,54000
d8611587abc5571f0284490e7fc403871eb0944d,1454.63,57.34,5.823119641,54000,54000
d8611587abc5571f0284490e7fc403871eb0944d,1449.77,56.99,5.803345131,54000,54000
d8611587abc5571f0284490e7fc403871eb0944d,1479.12,57.87,5.928463803,54000,54000
d8611587abc5571f0284490e7fc403871eb0944d,1461.67,57.21,5.854711623,54000,54000
d8611587abc5571f0284490e7fc403871eb0944d,1447.05,56.59,5.795183130,54000,54000
d8611587abc5571f0284490e7fc403871eb0944d,1470.05,57.63,5.876674052,54000,54000
d8611587abc5571f0284490e7fc403871eb0944d,1457.86,56.89,5.832916401,54000,54000
d8611587abc5571f0284490e7fc403871eb0944d,1474.50,57.89,5.936512509,54000,54000
d8611587abc5571f0284490e7fc403871eb0944d,1451.51,57.02,5.816637399,55000,54000
d8611587abc5571f0284490e7fc403871eb0944d,1469.90,57.89,5.905879638,54000,55000
d8611587abc5571f0284490e7fc403871eb0944d,1457.57,57.46,5.839389982,53000,54000
d8611587abc5571f0284490e7fc403871eb0944d,1453.20,56.84,5.821010121,54000,54000
d8611587abc5571f0284490e7fc403871eb0944d,1469.39,57.74,5.885528354,54000,54000
d8611587abc5571f0284490e7fc403871eb0944d,1460.36,57.51,5.847760312,54000,54000
d8611587abc5571f0284490e7fc403871eb0944d,1470.62,57.41,5.880837938,54000,54000
d8611587abc5571f0284490e7fc403871eb0944d,1448.32,56.47,5.788935850,54000,54000
d8611587abc5571f0284490e7fc403871eb0944d,1450.62,57.01,5.803414361,54000,55000
d8611587abc5571f0284490e7fc403871eb0944d,1446.04,56.58,5.790555548,54000,54000
d8611587abc5571f0284490e7fc403871eb0944d,1463.07,57.30,5.849226326,54000,55000
cbfd462693baf7ed51d75508ea8ea9800a8dfae5,1463.76,57.57,5.868915716,56000,56000
cbfd462693baf7ed51d75508ea8ea9800a8dfae5,1446.62,56.90,5.788910177,54000,54000
cbfd462693baf7ed51d75508ea8ea9800a8dfae5,1459.41,57.39,5.837965875,54000,54000
cbfd462693baf7ed51d75508ea8ea9800a8dfae5,1442.05,56.77,5.777383461,54000,54000
cbfd462693baf7ed51d75508ea8ea9800a8dfae5,1444.90,56.90,5.787312759,54000,54000
cbfd462693baf7ed51d75508ea8ea9800a8dfae5,1466.81,57.71,5.877466527,54000,53000
cbfd462693baf7ed51d75508ea8ea9800a8dfae5,1458.26,57.44,5.834789059,54000,54000
cbfd462693baf7ed51d75508ea8ea9800a8dfae5,1462.81,57.65,5.849448251,53000,54000
cbfd462693baf7ed51d75508ea8ea9800a8dfae5,1463.64,57.27,5.861580058,54000,54000
cbfd462693baf7ed51d75508ea8ea9800a8dfae5,1470.58,57.66,5.887202619,54000,54000
cbfd462693baf7ed51d75508ea8ea9800a8dfae5,1458.24,57.10,5.833527129,54000,54000
cbfd462693baf7ed51d75508ea8ea9800a8dfae5,1445.09,56.54,5.795607562,54000,55000
cbfd462693baf7ed51d75508ea8ea9800a8dfae5,1448.35,56.86,5.804929452,54000,54000
cbfd462693baf7ed51d75508ea8ea9800a8dfae5,1439.96,56.51,5.779552700,54000,54000
cbfd462693baf7ed51d75508ea8ea9800a8dfae5,1448.82,56.80,5.803042463,54000,54000
cbfd462693baf7ed51d75508ea8ea9800a8dfae5,1473.84,57.88,5.901727058,54000,55000
cbfd462693baf7ed51d75508ea8ea9800a8dfae5,1443.73,56.81,5.793515004,54000,54000
cbfd462693baf7ed51d75508ea8ea9800a8dfae5,1452.99,56.91,5.823176284,54000,54000
cbfd462693baf7ed51d75508ea8ea9800a8dfae5,1464.05,57.28,5.862846443,54000,54000
cbfd462693baf7ed51d75508ea8ea9800a8dfae5,1479.00,57.74,5.943196268,54000,55000
cbfd462693baf7ed51d75508ea8ea9800a8dfae5,1443.16,56.51,5.788114457,54000,54000
cbfd462693baf7ed51d75508ea8ea9800a8dfae5,1460.56,57.30,5.852943299,54000,54000
cbfd462693baf7ed51d75508ea8ea9800a8dfae5,1456.41,57.25,5.847951880,54000,54000
cbfd462693baf7ed51d75508ea8ea9800a8dfae5,1462.03,57.32,5.879837712,55000,54000
cbfd462693baf7ed51d75508ea8ea9800a8dfae5,1449.62,56.57,5.808428357,54000,54000
cbfd462693baf7ed51d75508ea8ea9800a8dfae5,1449.07,56.88,5.813273441,54000,54000
cbfd462693baf7ed51d75508ea8ea9800a8dfae5,1448.76,56.89,5.809619419,54000,54000
cbfd462693baf7ed51d75508ea8ea9800a8dfae5,1449.28,56.53,5.812109948,55000,54000
cbfd462693baf7ed51d75508ea8ea9800a8dfae5,1465.57,57.55,5.881966119,54000,54000
cbfd462693baf7ed51d75508ea8ea9800a8dfae5,1438.03,56.50,5.757054569,54000,54000
0a7c9d027afb599101817ed7d06d22b95912de06,1457.37,57.41,5.838389787,54000,54000
0a7c9d027afb599101817ed7d06d22b95912de06,1450.37,57.19,5.806219692,55000,54000
0a7c9d027afb599101817ed7d06d22b95912de06,1456.54,57.34,5.827961578,54000,54000
0a7c9d027afb599101817ed7d06d22b95912de06,1459.70,57.40,5.839956555,54000,54000
0a7c9d027afb599101817ed7d06d22b95912de06,1467.12,57.79,5.877240671,54000,54000
0a7c9d027afb599101817ed7d06d22b95912de06,1481.25,58.25,5.931344761,55000,55000
0a7c9d027afb599101817ed7d06d22b95912de06,1451.90,56.98,5.809405628,54000,54000
0a7c9d027afb599101817ed7d06d22b95912de06,1442.29,56.86,5.777892910,55000,54000
0a7c9d027afb599101817ed7d06d22b95912de06,1471.26,58.12,5.914166951,54000,55000
0a7c9d027afb599101817ed7d06d22b95912de06,1461.21,57.80,5.859989295,54000,54000
0a7c9d027afb599101817ed7d06d22b95912de06,1445.48,56.85,5.795698691,53000,54000
0a7c9d027afb599101817ed7d06d22b95912de06,1466.34,57.66,5.869296618,54000,54000
0a7c9d027afb599101817ed7d06d22b95912de06,1449.43,56.85,5.791370368,54000,54000
0a7c9d027afb599101817ed7d06d22b95912de06,1441.33,56.76,5.771162899,55000,54000
0a7c9d027afb599101817ed7d06d22b95912de06,1453.56,57.06,5.809088596,55000,55000
0a7c9d027afb599101817ed7d06d22b95912de06,1464.38,57.28,5.855571359,54000,54000
0a7c9d027afb599101817ed7d06d22b95912de06,1469.27,57.58,5.884506982,54000,54000
0a7c9d027afb599101817ed7d06d22b95912de06,1452.13,57.00,5.810641649,55000,54000
0a7c9d027afb599101817ed7d06d22b95912de06,1454.09,57.43,5.832670450,54000,54000
0a7c9d027afb599101817ed7d06d22b95912de06,1462.13,57.43,5.853182749,55000,55000
0a7c9d027afb599101817ed7d06d22b95912de06,1440.78,56.29,5.761835938,55000,54000
0a7c9d027afb599101817ed7d06d22b95912de06,1461.37,57.12,5.847129098,54000,54000
0a7c9d027afb599101817ed7d06d22b95912de06,1471.37,57.80,5.887385337,54000,54000
0a7c9d027afb599101817ed7d06d22b95912de06,1449.94,57.07,5.804248699,54000,54000
0a7c9d027afb599101817ed7d06d22b95912de06,1453.67,57.11,5.813408113,54000,54000
0a7c9d027afb599101817ed7d06d22b95912de06,1468.00,57.43,5.870022585,55000,54000
0a7c9d027afb599101817ed7d06d22b95912de06,1444.45,56.72,5.782231647,54000,54000
0a7c9d027afb599101817ed7d06d22b95912de06,1465.36,57.34,5.852646615,55000,54000
0a7c9d027afb599101817ed7d06d22b95912de06,1455.93,57.16,5.824584143,55000,54000
0a7c9d027afb599101817ed7d06d22b95912de06,1442.82,56.51,5.770209430,55000,55000
dd8b743094c466efa954ebcc00276c09bba36ca2,1461.73,57.59,5.859240027,54000,55000
dd8b743094c466efa954ebcc00276c09bba36ca2,1455.17,57.47,5.830722050,55000,55000
dd8b743094c466efa954ebcc00276c09bba36ca2,1438.92,56.47,5.762886517,54000,54000
dd8b743094c466efa954ebcc00276c09bba36ca2,1456.95,57.46,5.839210146,54000,54000
dd8b743094c466efa954ebcc00276c09bba36ca2,1456.84,57.23,5.828549753,54000,55000
dd8b743094c466efa954ebcc00276c09bba36ca2,1476.53,58.14,5.917281679,54000,54000
dd8b743094c466efa954ebcc00276c09bba36ca2,1457.60,57.23,5.836267373,54000,55000
dd8b743094c466efa954ebcc00276c09bba36ca2,1452.97,57.20,5.814124316,55000,55000
dd8b743094c466efa954ebcc00276c09bba36ca2,1455.81,57.29,5.824481261,55000,55000
dd8b743094c466efa954ebcc00276c09bba36ca2,1462.86,57.72,5.856651125,54000,54000
dd8b743094c466efa954ebcc00276c09bba36ca2,1453.35,57.23,5.820267179,54000,54000
dd8b743094c466efa954ebcc00276c09bba36ca2,1453.10,56.86,5.812106509,54000,54000
dd8b743094c466efa954ebcc00276c09bba36ca2,1447.32,56.69,5.800196705,54000,53000
dd8b743094c466efa954ebcc00276c09bba36ca2,1474.87,57.77,5.906094095,54000,54000
dd8b743094c466efa954ebcc00276c09bba36ca2,1451.80,57.04,5.823038535,54000,54000
dd8b743094c466efa954ebcc00276c09bba36ca2,1464.94,57.66,5.857055619,55000,54000
dd8b743094c466efa954ebcc00276c09bba36ca2,1466.95,57.52,5.880068540,54000,54000
dd8b743094c466efa954ebcc00276c09bba36ca2,1470.89,57.65,5.890662340,54000,54000
dd8b743094c466efa954ebcc00276c09bba36ca2,1429.52,55.95,5.724320038,54000,54000
dd8b743094c466efa954ebcc00276c09bba36ca2,1448.88,56.82,5.808163078,54000,54000
dd8b743094c466efa954ebcc00276c09bba36ca2,1450.42,57.08,5.816739122,54000,54000
dd8b743094c466efa954ebcc00276c09bba36ca2,1468.85,58.06,5.892819748,54000,55000
dd8b743094c466efa954ebcc00276c09bba36ca2,1448.24,56.84,5.795839040,54000,54000
dd8b743094c466efa954ebcc00276c09bba36ca2,1453.36,57.07,5.823387702,54000,54000
dd8b743094c466efa954ebcc00276c09bba36ca2,1472.49,57.85,5.891049983,54000,54000
dd8b743094c466efa954ebcc00276c09bba36ca2,1461.52,57.32,5.848012951,54000,54000
dd8b743094c466efa954ebcc00276c09bba36ca2,1486.30,58.40,5.959920525,54000,54000
dd8b743094c466efa954ebcc00276c09bba36ca2,1471.30,57.69,5.911807294,54000,55000
dd8b743094c466efa954ebcc00276c09bba36ca2,1452.24,56.69,5.820899332,55000,55000
dd8b743094c466efa954ebcc00276c09bba36ca2,1470.24,57.64,5.888656967,55000,54000
609ca31f585d2cf6404a6e77b047d91bb634cfad,1447.22,57.16,5.822058846,57000,57000
609ca31f585d2cf6404a6e77b047d91bb634cfad,1447.50,56.75,5.800315079,56000,55000
609ca31f585d2cf6404a6e77b047d91bb634cfad,1463.46,57.51,5.859200770,54000,54000
609ca31f585d2cf6404a6e77b047d91bb634cfad,1444.02,57.00,5.788030498,54000,53000
609ca31f585d2cf6404a6e77b047d91bb634cfad,1447.48,56.87,5.799721637,54000,54000
609ca31f585d2cf6404a6e77b047d91bb634cfad,1454.97,57.19,5.832640904,54000,54000
609ca31f585d2cf6404a6e77b047d91bb634cfad,1435.64,56.24,5.756901457,55000,54000
609ca31f585d2cf6404a6e77b047d91bb634cfad,1452.81,56.96,5.811301314,54000,54000
609ca31f585d2cf6404a6e77b047d91bb634cfad,1439.43,56.33,5.765328792,54000,54000
609ca31f585d2cf6404a6e77b047d91bb634cfad,1454.34,56.95,5.834054954,54000,53000
609ca31f585d2cf6404a6e77b047d91bb634cfad,1448.66,56.81,5.807600274,54000,54000
609ca31f585d2cf6404a6e77b047d91bb634cfad,1445.75,56.70,5.800007260,54000,55000
609ca31f585d2cf6404a6e77b047d91bb634cfad,1446.04,56.91,5.791998676,55000,54000
609ca31f585d2cf6404a6e77b047d91bb634cfad,1456.14,57.16,5.824403707,55000,54000
609ca31f585d2cf6404a6e77b047d91bb634cfad,1453.25,56.97,5.823643620,54000,54000
609ca31f585d2cf6404a6e77b047d91bb634cfad,1461.04,57.28,5.880466080,54000,54000
609ca31f585d2cf6404a6e77b047d91bb634cfad,1466.39,57.47,5.869432951,54000,55000
609ca31f585d2cf6404a6e77b047d91bb634cfad,1450.18,56.67,5.804163667,54000,54000
609ca31f585d2cf6404a6e77b047d91bb634cfad,1456.49,57.00,5.829861463,54000,54000
609ca31f585d2cf6404a6e77b047d91bb634cfad,1443.13,56.68,5.781727081,54000,54000
609ca31f585d2cf6404a6e77b047d91bb634cfad,1439.04,56.45,5.763923697,54000,54000
609ca31f585d2cf6404a6e77b047d91bb634cfad,1449.44,56.43,5.806927730,54000,54000
609ca31f585d2cf6404a6e77b047d91bb634cfad,1456.81,57.02,5.835178105,54000,54000
609ca31f585d2cf6404a6e77b047d91bb634cfad,1450.37,56.74,5.822053594,54000,54000
609ca31f585d2cf6404a6e77b047d91bb634cfad,1442.98,56.53,5.783500361,54000,54000
609ca31f585d2cf6404a6e77b047d91bb634cfad,1454.80,56.97,5.827840417,54000,55000
609ca31f585d2cf6404a6e77b047d91bb634cfad,1442.67,56.51,5.786260659,54000,54000
609ca31f585d2cf6404a6e77b047d91bb634cfad,1441.76,56.51,5.769608839,54000,54000
609ca31f585d2cf6404a6e77b047d91bb634cfad,1451.72,56.81,5.814054811,54000,54000
609ca31f585d2cf6404a6e77b047d91bb634cfad,1460.75,57.04,5.854587076,54000,54000
a951cb2082086e614d12ce18c3a9bf9333e9a60d,1471.27,57.69,5.908695481,57000,55000
a951cb2082086e614d12ce18c3a9bf9333e9a60d,1460.40,57.40,5.853418461,55000,56000
a951cb2082086e614d12ce18c3a9bf9333e9a60d,1473.76,58.08,5.909302020,57000,55000
a951cb2082086e614d12ce18c3a9bf9333e9a60d,1460.65,57.38,5.859541500,54000,53000
a951cb2082086e614d12ce18c3a9bf9333e9a60d,1455.98,57.25,5.836522275,54000,54000
a951cb2082086e614d12ce18c3a9bf9333e9a60d,1470.41,58.13,5.889012107,55000,54000
a951cb2082086e614d12ce18c3a9bf9333e9a60d,1458.44,57.57,5.832261665,54000,54000
a951cb2082086e614d12ce18c3a9bf9333e9a60d,1464.36,57.36,5.863330230,53000,55000
a951cb2082086e614d12ce18c3a9bf9333e9a60d,1459.76,57.44,5.839732464,54000,54000
a951cb2082086e614d12ce18c3a9bf9333e9a60d,1452.65,57.04,5.816902508,54000,54000
a951cb2082086e614d12ce18c3a9bf9333e9a60d,1466.71,57.55,5.861918675,54000,55000
a951cb2082086e614d12ce18c3a9bf9333e9a60d,1502.65,59.23,6.024363603,55000,54000
a951cb2082086e614d12ce18c3a9bf9333e9a60d,1452.17,57.35,5.825615279,54000,55000
a951cb2082086e614d12ce18c3a9bf9333e9a60d,1475.46,57.87,5.914545555,55000,54000
a951cb2082086e614d12ce18c3a9bf9333e9a60d,1454.86,56.94,5.818957770,54000,54000
a951cb2082086e614d12ce18c3a9bf9333e9a60d,1447.15,56.46,5.795637185,54000,54000
a951cb2082086e614d12ce18c3a9bf9333e9a60d,1461.97,57.43,5.850152298,54000,54000
a951cb2082086e614d12ce18c3a9bf9333e9a60d,1460.44,57.14,5.843127499,54000,54000
a951cb2082086e614d12ce18c3a9bf9333e9a60d,1467.48,57.28,5.883750511,54000,55000
a951cb2082086e614d12ce18c3a9bf9333e9a60d,1445.59,56.66,5.797609535,54000,54000
a951cb2082086e614d12ce18c3a9bf9333e9a60d,1449.84,56.56,5.811997265,54000,54000
a951cb2082086e614d12ce18c3a9bf9333e9a60d,1457.71,57.41,5.837377880,54000,54000
a951cb2082086e614d12ce18c3a9bf9333e9a60d,1469.51,57.56,5.930864712,54000,54000
a951cb2082086e614d12ce18c3a9bf9333e9a60d,1464.25,57.31,5.870376483,54000,54000
a951cb2082086e614d12ce18c3a9bf9333e9a60d,1460.11,57.14,5.842837567,54000,54000
a951cb2082086e614d12ce18c3a9bf9333e9a60d,1459.10,56.90,5.843055216,54000,54000
a951cb2082086e614d12ce18c3a9bf9333e9a60d,1469.31,58.00,5.878375031,54000,54000
a951cb2082086e614d12ce18c3a9bf9333e9a60d,1470.72,57.78,5.886781467,55000,54000
a951cb2082086e614d12ce18c3a9bf9333e9a60d,1448.62,56.78,5.797229105,54000,55000
a951cb2082086e614d12ce18c3a9bf9333e9a60d,1452.25,56.74,5.818923499,54000,54000
494d4bc425a8c2859dbef0bd55a4006c6bc72536,1480.62,57.98,5.931113539,53000,54000
494d4bc425a8c2859dbef0bd55a4006c6bc72536,1460.51,57.34,5.854790578,54000,54000
494d4bc425a8c2859dbef0bd55a4006c6bc72536,1472.84,58.16,5.894217535,54000,54000
494d4bc425a8c2859dbef0bd55a4006c6bc72536,1462.31,57.52,5.854612523,54000,54000
494d4bc425a8c2859dbef0bd55a4006c6bc72536,1461.33,57.20,5.856048179,54000,54000
494d4bc425a8c2859dbef0bd55a4006c6bc72536,1460.84,57.43,5.844802525,54000,54000
494d4bc425a8c2859dbef0bd55a4006c6bc72536,1481.03,58.39,5.932585931,54000,54000
494d4bc425a8c2859dbef0bd55a4006c6bc72536,1465.63,57.50,5.870205589,54000,54000
494d4bc425a8c2859dbef0bd55a4006c6bc72536,1457.99,57.04,5.833669438,54000,54000
494d4bc425a8c2859dbef0bd55a4006c6bc72536,1478.23,58.21,5.919814221,54000,54000
494d4bc425a8c2859dbef0bd55a4006c6bc72536,1470.42,57.65,5.892320419,54000,54000
494d4bc425a8c2859dbef0bd55a4006c6bc72536,1466.75,57.46,5.885577173,55000,55000
494d4bc425a8c2859dbef0bd55a4006c6bc72536,1454.52,57.10,5.824349534,54000,54000
494d4bc425a8c2859dbef0bd55a4006c6bc72536,1468.17,57.65,5.873987611,54000,54000
494d4bc425a8c2859dbef0bd55a4006c6bc72536,1455.95,57.23,5.829855689,54000,55000
494d4bc425a8c2859dbef0bd55a4006c6bc72536,1463.62,57.41,5.849103200,54000,54000
494d4bc425a8c2859dbef0bd55a4006c6bc72536,1458.16,57.20,5.842727399,54000,54000
494d4bc425a8c2859dbef0bd55a4006c6bc72536,1465.08,57.52,5.872954676,54000,54000
494d4bc425a8c2859dbef0bd55a4006c6bc72536,1451.79,56.79,5.823404583,54000,54000
494d4bc425a8c2859dbef0bd55a4006c6bc72536,1467.95,57.34,5.875547826,54000,55000
494d4bc425a8c2859dbef0bd55a4006c6bc72536,1462.02,56.98,5.849963500,54000,54000
494d4bc425a8c2859dbef0bd55a4006c6bc72536,1462.42,57.55,5.879432307,54000,54000
494d4bc425a8c2859dbef0bd55a4006c6bc72536,1459.50,57.21,5.842507717,54000,54000
494d4bc425a8c2859dbef0bd55a4006c6bc72536,1464.44,57.55,5.868355221,54000,54000
494d4bc425a8c2859dbef0bd55a4006c6bc72536,1458.26,57.09,5.841775729,54000,54000
494d4bc425a8c2859dbef0bd55a4006c6bc72536,1448.93,56.81,5.800584502,54000,54000
494d4bc425a8c2859dbef0bd55a4006c6bc72536,1454.66,56.98,5.833383961,55000,54000
494d4bc425a8c2859dbef0bd55a4006c6bc72536,1451.40,57.11,5.817436848,54000,54000
494d4bc425a8c2859dbef0bd55a4006c6bc72536,1461.70,57.34,5.848464456,54000,54000
494d4bc425a8c2859dbef0bd55a4006c6bc72536,1466.37,57.35,5.876123195,54000,54000
7a7597064d48a7dac9709cd90142f1738f231a13,1443.35,57.22,5.838018252,56000,56000
7a7597064d48a7dac9709cd90142f1738f231a13,1447.79,56.93,5.807218943,54000,56000
7a7597064d48a7dac9709cd90142f1738f231a13,1473.41,57.93,5.896004048,55000,55000
7a7597064d48a7dac9709cd90142f1738f231a13,1457.02,57.29,5.832287470,54000,54000
7a7597064d48a7dac9709cd90142f1738f231a13,1453.85,57.03,5.823791590,54000,55000
7a7597064d48a7dac9709cd90142f1738f231a13,1462.56,57.56,5.855112730,54000,54000
7a7597064d48a7dac9709cd90142f1738f231a13,1468.99,57.88,5.885211558,55000,54000
7a7597064d48a7dac9709cd90142f1738f231a13,1443.82,56.58,5.787753811,54000,54000
7a7597064d48a7dac9709cd90142f1738f231a13,1437.63,56.65,5.756566725,54000,54000
7a7597064d48a7dac9709cd90142f1738f231a13,1472.21,57.74,5.890720642,54000,54000
7a7597064d48a7dac9709cd90142f1738f231a13,1446.38,56.97,5.798160645,54000,55000
7a7597064d48a7dac9709cd90142f1738f231a13,1470.33,57.98,5.887979552,54000,54000
7a7597064d48a7dac9709cd90142f1738f231a13,1448.66,56.86,5.806271340,54000,54000
7a7597064d48a7dac9709cd90142f1738f231a13,1486.41,58.47,5.945099067,54000,54000
7a7597064d48a7dac9709cd90142f1738f231a13,1458.61,57.31,5.840994378,55000,54000
7a7597064d48a7dac9709cd90142f1738f231a13,1461.45,57.24,5.851266401,54000,54000
7a7597064d48a7dac9709cd90142f1738f231a13,1464.00,57.54,5.871667574,55000,54000
7a7597064d48a7dac9709cd90142f1738f231a13,1464.26,57.48,5.858959289,54000,54000
7a7597064d48a7dac9709cd90142f1738f231a13,1460.89,57.37,5.843786749,54000,55000
7a7597064d48a7dac9709cd90142f1738f231a13,1462.94,57.11,5.861017084,55000,55000
7a7597064d48a7dac9709cd90142f1738f231a13,1472.29,57.78,5.908020379,54000,55000
7a7597064d48a7dac9709cd90142f1738f231a13,1461.46,57.43,5.863952214,54000,54000
7a7597064d48a7dac9709cd90142f1738f231a13,1452.70,56.84,5.813041302,54000,54000
7a7597064d48a7dac9709cd90142f1738f231a13,1453.47,56.80,5.820540468,55000,55000
7a7597064d48a7dac9709cd90142f1738f231a13,1477.01,57.72,5.924306486,54000,54000
7a7597064d48a7dac9709cd90142f1738f231a13,1450.76,57.10,5.811905608,54000,54000
7a7597064d48a7dac9709cd90142f1738f231a13,1480.60,58.22,5.927773286,54000,54000
7a7597064d48a7dac9709cd90142f1738f231a13,1456.37,57.12,5.828292684,54000,54000
7a7597064d48a7dac9709cd90142f1738f231a13,1482.16,58.29,5.939693405,54000,55000
7a7597064d48a7dac9709cd90142f1738f231a13,1455.00,56.93,5.823943415,54000,54000
8a19a006af6553950a995930f2082df154cd5597,1455.96,57.40,5.833418969,54000,55000
8a19a006af6553950a995930f2082df154cd5597,1465.23,57.74,5.874475949,54000,55000
8a19a006af6553950a995930f2082df154cd5597,1455.11,57.56,5.817579877,54000,55000
8a19a006af6553950a995930f2082df154cd5597,1467.52,57.96,5.873050284,54000,54000
8a19a006af6553950a995930f2082df154cd5597,1458.89,57.45,5.847517540,53000,54000
8a19a006af6553950a995930f2082df154cd5597,1452.82,57.13,5.821863776,54000,54000
8a19a006af6553950a995930f2082df154cd5597,1469.55,57.56,5.881146624,54000,54000
8a19a006af6553950a995930f2082df154cd5597,1477.05,58.53,5.910232392,54000,54000
8a19a006af6553950a995930f2082df154cd5597,1448.10,57.07,5.803613975,54000,54000
8a19a006af6553950a995930f2082df154cd5597,1454.33,57.19,5.825944219,54000,54000
8a19a006af6553950a995930f2082df154cd5597,1465.54,57.67,5.877960741,54000,54000
8a19a006af6553950a995930f2082df154cd5597,1457.78,57.44,5.841831608,55000,54000
8a19a006af6553950a995930f2082df154cd5597,1460.36,57.42,5.841926271,55000,54000
8a19a006af6553950a995930f2082df154cd5597,1451.38,56.66,5.804753813,54000,54000
8a19a006af6553950a995930f2082df154cd5597,1449.54,56.99,5.801716595,55000,55000
8a19a006af6553950a995930f2082df154cd5597,1452.13,56.91,5.810026939,54000,54000
8a19a006af6553950a995930f2082df154cd5597,1470.16,57.67,5.904717814,53000,54000
8a19a006af6553950a995930f2082df154cd5597,1461.74,57.37,5.857923219,55000,54000
8a19a006af6553950a995930f2082df154cd5597,1477.52,58.17,5.913548400,54000,54000
8a19a006af6553950a995930f2082df154cd5597,1479.66,58.00,5.929812063,54000,55000
8a19a006af6553950a995930f2082df154cd5597,1465.72,57.37,5.874801907,55000,55000
8a19a006af6553950a995930f2082df154cd5597,1462.16,57.33,5.852850935,54000,54000
8a19a006af6553950a995930f2082df154cd5597,1465.19,57.57,5.870934632,54000,54000
8a19a006af6553950a995930f2082df154cd5597,1458.76,57.12,5.845615667,54000,54000
8a19a006af6553950a995930f2082df154cd5597,1460.40,57.32,5.841792072,54000,54000
8a19a006af6553950a995930f2082df154cd5597,1474.38,57.75,5.895446574,54000,54000
8a19a006af6553950a995930f2082df154cd5597,1480.40,58.15,5.932544197,54000,54000
8a19a006af6553950a995930f2082df154cd5597,1486.24,58.56,5.964045915,54000,54000
8a19a006af6553950a995930f2082df154cd5597,1471.11,57.64,5.885034729,54000,54000
8a19a006af6553950a995930f2082df154cd5597,1474.63,57.73,5.908240594,54000,54000
64e2f833104ef190de3255981015e2af97da257f,1457.54,57.65,5.823395021,54000,56000
64e2f833104ef190de3255981015e2af97da257f,1467.53,58.00,5.868835532,54000,54000
64e2f833104ef190de3255981015e2af97da257f,1474.56,58.24,5.890335773,54000,55000
64e2f833104ef190de3255981015e2af97da257f,1453.94,57.26,5.826791797,54000,54000
64e2f833104ef190de3255981015e2af97da257f,1457.56,57.63,5.846186721,53000,54000
64e2f833104ef190de3255981015e2af97da257f,1461.25,57.70,5.843731760,54000,54000
64e2f833104ef190de3255981015e2af97da257f,1477.28,58.19,5.911901830,54000,54000
64e2f833104ef190de3255981015e2af97da257f,1450.25,57.12,5.796297226,54000,54000
64e2f833104ef190de3255981015e2af97da257f,1481.48,58.39,5.928196291,54000,54000
64e2f833104ef190de3255981015e2af97da257f,1492.97,58.52,5.982327159,54000,54000
64e2f833104ef190de3255981015e2af97da257f,1475.37,58.26,5.901767438,54000,54000
64e2f833104ef190de3255981015e2af97da257f,1482.09,58.30,5.932813571,54000,54000
64e2f833104ef190de3255981015e2af97da257f,1485.86,58.48,5.942717347,54000,54000
64e2f833104ef190de3255981015e2af97da257f,1456.25,57.10,5.841833834,54000,54000
64e2f833104ef190de3255981015e2af97da257f,1464.17,57.64,5.858792855,55000,54000
64e2f833104ef190de3255981015e2af97da257f,1474.56,57.93,5.900709650,54000,54000
64e2f833104ef190de3255981015e2af97da257f,1476.74,57.97,5.913997834,54000,54000
64e2f833104ef190de3255981015e2af97da257f,1456.96,57.16,5.828542910,54000,54000
64e2f833104ef190de3255981015e2af97da257f,1449.76,56.86,5.807233479,54000,54000
64e2f833104ef190de3255981015e2af97da257f,1465.57,57.49,5.860131212,54000,54000
64e2f833104ef190de3255981015e2af97da257f,1477.65,57.96,5.911435721,55000,54000
64e2f833104ef190de3255981015e2af97da257f,1472.53,57.99,5.885207108,54000,53000
64e2f833104ef190de3255981015e2af97da257f,1465.01,57.43,5.872660976,54000,54000
64e2f833104ef190de3255981015e2af97da257f,1466.55,57.32,5.864023794,54000,54000
64e2f833104ef190de3255981015e2af97da257f,1455.49,57.21,5.821998156,54000,54000
64e2f833104ef190de3255981015e2af97da257f,1467.99,57.92,5.869984586,54000,54000
64e2f833104ef190de3255981015e2af97da257f,1453.47,57.20,5.806184852,54000,54000
64e2f833104ef190de3255981015e2af97da257f,1469.90,57.76,5.885429442,54000,54000
64e2f833104ef190de3255981015e2af97da257f,1467.75,57.85,5.868870826,55000,54000
64e2f833104ef190de3255981015e2af97da257f,1461.21,57.42,5.848087920,54000,55000
d13395213eb2b026fe11d5dda3177593ca353ffc,1465.86,57.67,5.866175953,55000,54000
d13395213eb2b026fe11d5dda3177593ca353ffc,1452.85,57.07,5.821635779,55000,54000
d13395213eb2b026fe11d5dda3177593ca353ffc,1458.21,57.47,5.836017565,55000,54000
d13395213eb2b026fe11d5dda3177593ca353ffc,1468.76,57.92,5.877707499,55000,54000
d13395213eb2b026fe11d5dda3177593ca353ffc,1445.72,56.89,5.796398295,54000,54000
d13395213eb2b026fe11d5dda3177593ca353ffc,1455.95,57.53,5.827074493,54000,54000
d13395213eb2b026fe11d5dda3177593ca353ffc,1452.01,56.84,5.813934445,54000,54000
d13395213eb2b026fe11d5dda3177593ca353ffc,1477.18,58.22,5.912649438,54000,55000
d13395213eb2b026fe11d5dda3177593ca353ffc,1463.12,57.59,5.849353221,54000,54000
d13395213eb2b026fe11d5dda3177593ca353ffc,1472.34,57.77,5.886617386,54000,54000
d13395213eb2b026fe11d5dda3177593ca353ffc,1462.93,57.53,5.854100450,55000,54000
d13395213eb2b026fe11d5dda3177593ca353ffc,1478.81,58.25,5.914484281,54000,55000
d13395213eb2b026fe11d5dda3177593ca353ffc,1448.21,56.68,5.798760089,54000,54000
d13395213eb2b026fe11d5dda3177593ca353ffc,1457.38,57.05,5.829699962,54000,54000
d13395213eb2b026fe11d5dda3177593ca353ffc,1462.20,57.26,5.853743035,54000,54000
d13395213eb2b026fe11d5dda3177593ca353ffc,1466.91,57.42,5.873580208,54000,54000
d13395213eb2b026fe11d5dda3177593ca353ffc,1456.82,57.20,5.833879105,54000,54000
d13395213eb2b026fe11d5dda3177593ca353ffc,1459.74,57.50,5.849399978,54000,55000
d13395213eb2b026fe11d5dda3177593ca353ffc,1477.55,58.05,5.908296738,54000,54000
d13395213eb2b026fe11d5dda3177593ca353ffc,1467.31,57.66,5.872592133,54000,54000
d13395213eb2b026fe11d5dda3177593ca353ffc,1457.01,57.17,5.829846580,54000,54000
d13395213eb2b026fe11d5dda3177593ca353ffc,1460.91,57.56,5.855516428,54000,54000
d13395213eb2b026fe11d5dda3177593ca353ffc,1466.13,57.24,5.872220716,54000,55000
d13395213eb2b026fe11d5dda3177593ca353ffc,1465.86,57.44,5.864971144,54000,54000
d13395213eb2b026fe11d5dda3177593ca353ffc,1459.12,57.16,5.836192805,55000,54000
d13395213eb2b026fe11d5dda3177593ca353ffc,1470.34,57.94,5.890723923,55000,56000
d13395213eb2b026fe11d5dda3177593ca353ffc,1452.06,56.92,5.817591977,54000,54000
d13395213eb2b026fe11d5dda3177593ca353ffc,1458.29,57.37,5.836814768,54000,55000
d13395213eb2b026fe11d5dda3177593ca353ffc,1456.72,57.32,5.828540242,54000,54000
d13395213eb2b026fe11d5dda3177593ca353ffc,1474.88,57.64,5.896471665,54000,55000
cd6326b39c2477ee5d8a030568a96a95e539fd19,1442.51,56.72,5.802744246,56000,55000
cd6326b39c2477ee5d8a030568a96a95e539fd19,1468.52,57.86,5.872541273,56000,56000
cd6326b39c2477ee5d8a030568a96a95e539fd19,1463.26,57.80,5.868215782,55000,54000
cd6326b39c2477ee5d8a030568a96a95e539fd19,1452.54,57.15,5.831618184,53000,54000
cd6326b39c2477ee5d8a030568a96a95e539fd19,1449.26,57.01,5.816565156,54000,54000
cd6326b39c2477ee5d8a030568a96a95e539fd19,1477.57,58.30,5.924812405,54000,54000
cd6326b39c2477ee5d8a030568a96a95e539fd19,1442.17,56.83,5.779712240,55000,54000
cd6326b39c2477ee5d8a030568a96a95e539fd19,1452.40,57.09,5.816333576,54000,54000
cd6326b39c2477ee5d8a030568a96a95e539fd19,1470.72,57.97,5.898822301,54000,54000
cd6326b39c2477ee5d8a030568a96a95e539fd19,1466.95,57.69,5.887768084,54000,54000
cd6326b39c2477ee5d8a030568a96a95e539fd19,1450.60,57.07,5.804059269,55000,54000
cd6326b39c2477ee5d8a030568a96a95e539fd19,1462.94,57.27,5.869845541,54000,54000
cd6326b39c2477ee5d8a030568a96a95e539fd19,1455.36,57.06,5.830443942,54000,54000
cd6326b39c2477ee5d8a030568a96a95e539fd19,1455.17,56.82,5.834891375,54000,54000
cd6326b39c2477ee5d8a030568a96a95e539fd19,1487.08,58.40,5.978281253,55000,55000
cd6326b39c2477ee5d8a030568a96a95e539fd19,1444.73,56.85,5.794645813,55000,55000
cd6326b39c2477ee5d8a030568a96a95e539fd19,1461.20,57.39,5.858785113,54000,54000
cd6326b39c2477ee5d8a030568a96a95e539fd19,1445.43,56.65,5.790770638,54000,54000
cd6326b39c2477ee5d8a030568a96a95e539fd19,1445.71,56.75,5.794611149,54000,54000
cd6326b39c2477ee5d8a030568a96a95e539fd19,1469.09,57.49,5.885260372,54000,54000
cd6326b39c2477ee5d8a030568a96a95e539fd19,1452.63,56.91,5.818232843,54000,55000
cd6326b39c2477ee5d8a030568a96a95e539fd19,1457.97,57.10,5.836653011,54000,54000
cd6326b39c2477ee5d8a030568a96a95e539fd19,1457.85,57.14,5.841389345,54000,54000
cd6326b39c2477ee5d8a030568a96a95e539fd19,1467.25,57.46,5.873547227,54000,54000
cd6326b39c2477ee5d8a030568a96a95e539fd19,1448.88,56.90,5.810794940,54000,53000
cd6326b39c2477ee5d8a030568a96a95e539fd19,1475.77,57.95,5.912763673,54000,54000
cd6326b39c2477ee5d8a030568a96a95e539fd19,1456.09,56.91,5.820362037,54000,55000
cd6326b39c2477ee5d8a030568a96a95e539fd19,1469.20,57.83,5.884153983,54000,54000
cd6326b39c2477ee5d8a030568a96a95e539fd19,1460.29,57.27,5.855717452,55000,54000
cd6326b39c2477ee5d8a030568a96a95e539fd19,1465.85,57.38,5.878055463,54000,54000
3ea9c83e918ae0684f7457afc7383aa1bfb09071,1460.09,57.38,5.864600774,54000,56000
3ea9c83e918ae0684f7457afc7383aa1bfb09071,1471.86,57.65,5.892695653,54000,55000
3ea9c83e918ae0684f7457afc7383aa1bfb09071,1467.27,57.59,5.884210219,54000,54000
3ea9c83e918ae0684f7457afc7383aa1bfb09071,1449.77,57.00,5.803274422,54000,55000
3ea9c83e918ae0684f7457afc7383aa1bfb09071,1451.49,57.15,5.811441478,54000,54000
3ea9c83e918ae0684f7457afc7383aa1bfb09071,1459.00,57.32,5.842626236,54000,54000
3ea9c83e918ae0684f7457afc7383aa1bfb09071,1476.12,58.00,5.927756069,54000,54000
3ea9c83e918ae0684f7457afc7383aa1bfb09071,1457.14,57.30,5.838912183,54000,55000
3ea9c83e918ae0684f7457afc7383aa1bfb09071,1469.52,57.79,5.905311896,54000,54000
3ea9c83e918ae0684f7457afc7383aa1bfb09071,1458.19,57.02,5.845478257,55000,54000
3ea9c83e918ae0684f7457afc7383aa1bfb09071,1464.99,57.36,5.881158332,54000,54000
3ea9c83e918ae0684f7457afc7383aa1bfb09071,1442.96,56.66,5.798769122,54000,54000
3ea9c83e918ae0684f7457afc7383aa1bfb09071,1459.96,57.03,5.853201609,54000,53000
3ea9c83e918ae0684f7457afc7383aa1bfb09071,1461.77,57.19,5.849629796,54000,54000
3ea9c83e918ae0684f7457afc7383aa1bfb09071,1468.53,57.61,5.884484449,54000,54000
3ea9c83e918ae0684f7457afc7383aa1bfb09071,1459.92,57.33,5.838819645,55000,54000
3ea9c83e918ae0684f7457afc7383aa1bfb09071,1468.50,57.27,5.883479825,54000,54000
3ea9c83e918ae0684f7457afc7383aa1bfb09071,1452.92,56.71,5.822201170,54000,54000
3ea9c83e918ae0684f7457afc7383aa1bfb09071,1486.19,58.58,5.957696610,54000,54000
3ea9c83e918ae0684f7457afc7383aa1bfb09071,1448.78,56.78,5.805495990,54000,54000
3ea9c83e918ae0684f7457afc7383aa1bfb09071,1446.24,56.60,5.801224527,54000,55000
3ea9c83e918ae0684f7457afc7383aa1bfb09071,1467.29,57.43,5.879481474,55000,54000
3ea9c83e918ae0684f7457afc7383aa1bfb09071,1471.11,57.57,5.902335794,55000,54000
3ea9c83e918ae0684f7457afc7383aa1bfb09071,1461.62,57.27,5.854363614,54000,54000
3ea9c83e918ae0684f7457afc7383aa1bfb09071,1469.98,57.48,5.884185330,54000,55000
3ea9c83e918ae0684f7457afc7383aa1bfb09071,1477.01,58.07,5.931331955,54000,54000
3ea9c83e918ae0684f7457afc7383aa1bfb09071,1433.21,56.08,5.748886433,54000,54000
3ea9c83e918ae0684f7457afc7383aa1bfb09071,1447.84,56.66,5.825975363,54000,54000
3ea9c83e918ae0684f7457afc7383aa1bfb09071,1480.59,57.68,5.928819985,54000,54000
3ea9c83e918ae0684f7457afc7383aa1bfb09071,1445.97,56.65,5.792766952,54000,54000
6688d3b99b6bac78c3ccc01b9be87e4b78360206,1448.60,56.92,5.811448626,54000,54000
6688d3b99b6bac78c3ccc01b9be87e4b78360206,1458.99,57.40,5.858812271,54000,54000
6688d3b99b6bac78c3ccc01b9be87e4b78360206,1469.21,57.73,5.894239902,54000,54000
6688d3b99b6bac78c3ccc01b9be87e4b78360206,1450.54,56.95,5.816661431,55000,54000
6688d3b99b6bac78c3ccc01b9be87e4b78360206,1448.77,56.80,5.812388466,54000,54000
6688d3b99b6bac78c3ccc01b9be87e4b78360206,1449.84,56.97,5.808567235,55000,55000
6688d3b99b6bac78c3ccc01b9be87e4b78360206,1456.57,57.22,5.832447604,54000,54000
6688d3b99b6bac78c3ccc01b9be87e4b78360206,1436.61,56.51,5.760296440,54000,54000
6688d3b99b6bac78c3ccc01b9be87e4b78360206,1454.87,57.02,5.831361036,54000,54000
6688d3b99b6bac78c3ccc01b9be87e4b78360206,1452.65,56.89,5.830917399,54000,55000
6688d3b99b6bac78c3ccc01b9be87e4b78360206,1461.40,57.38,5.853541076,54000,54000
6688d3b99b6bac78c3ccc01b9be87e4b78360206,1430.86,55.95,5.747496358,54000,54000
6688d3b99b6bac78c3ccc01b9be87e4b78360206,1449.80,56.78,5.816930290,55000,54000
6688d3b99b6bac78c3ccc01b9be87e4b78360206,1472.58,57.57,5.901508505,54000,54000
6688d3b99b6bac78c3ccc01b9be87e4b78360206,1456.48,56.94,5.843352511,54000,53000
6688d3b99b6bac78c3ccc01b9be87e4b78360206,1441.08,56.51,5.774430702,54000,54000
6688d3b99b6bac78c3ccc01b9be87e4b78360206,1458.01,57.15,5.833366697,55000,54000
6688d3b99b6bac78c3ccc01b9be87e4b78360206,1458.54,56.90,5.853381540,54000,54000
6688d3b99b6bac78c3ccc01b9be87e4b78360206,1450.70,56.68,5.823545142,54000,54000
6688d3b99b6bac78c3ccc01b9be87e4b78360206,1458.29,57.19,5.859605736,54000,54000
6688d3b99b6bac78c3ccc01b9be87e4b78360206,1460.24,56.78,5.868050921,54000,54000
6688d3b99b6bac78c3ccc01b9be87e4b78360206,1483.51,57.95,5.955279996,54000,54000
6688d3b99b6bac78c3ccc01b9be87e4b78360206,1444.08,56.65,5.789719276,54000,54000
6688d3b99b6bac78c3ccc01b9be87e4b78360206,1454.25,56.78,5.831544357,54000,54000
6688d3b99b6bac78c3ccc01b9be87e4b78360206,1444.73,56.73,5.795489290,54000,54000
6688d3b99b6bac78c3ccc01b9be87e4b78360206,1452.65,56.82,5.812679292,54000,54000
6688d3b99b6bac78c3ccc01b9be87e4b78360206,1451.31,57.06,5.817356624,54000,54000
6688d3b99b6bac78c3ccc01b9be87e4b78360206,1448.97,56.53,5.814938191,54000,54000
6688d3b99b6bac78c3ccc01b9be87e4b78360206,1450.46,56.82,5.803735329,54000,54000
6688d3b99b6bac78c3ccc01b9be87e4b78360206,1467.52,57.56,5.882010456,54000,54000
44233ded92deaa9d35a0118c9cf568732ccbdd44,1468.54,57.46,5.895456927,55000,56000
44233ded92deaa9d35a0118c9cf568732ccbdd44,1445.57,56.95,5.794415649,55000,56000
44233ded92deaa9d35a0118c9cf568732ccbdd44,1444.48,56.92,5.792001937,54000,54000
44233ded92deaa9d35a0118c9cf568732ccbdd44,1444.02,56.79,5.794791074,54000,54000
44233ded92deaa9d35a0118c9cf568732ccbdd44,1444.12,56.99,5.787576873,55000,54000
44233ded92deaa9d35a0118c9cf568732ccbdd44,1463.45,57.36,5.865154786,54000,54000
44233ded92deaa9d35a0118c9cf568732ccbdd44,1458.92,57.21,5.840181417,54000,54000
44233ded92deaa9d35a0118c9cf568732ccbdd44,1474.72,58.07,5.887087686,54000,54000
44233ded92deaa9d35a0118c9cf568732ccbdd44,1469.96,57.87,5.887080538,54000,54000
44233ded92deaa9d35a0118c9cf568732ccbdd44,1478.63,58.33,5.907817425,54000,54000
44233ded92deaa9d35a0118c9cf568732ccbdd44,1475.16,57.83,5.905182465,54000,54000
44233ded92deaa9d35a0118c9cf568732ccbdd44,1444.76,56.42,5.796888203,55000,54000
44233ded92deaa9d35a0118c9cf568732ccbdd44,1457.71,57.27,5.841278932,54000,54000
44233ded92deaa9d35a0118c9cf568732ccbdd44,1457.17,57.44,5.850871209,54000,54000
44233ded92deaa9d35a0118c9cf568732ccbdd44,1462.44,57.23,5.853219368,54000,54000
44233ded92deaa9d35a0118c9cf568732ccbdd44,1441.74,56.40,5.778498108,54000,55000
44233ded92deaa9d35a0118c9cf568732ccbdd44,1467.09,57.54,5.884538103,54000,54000
44233ded92deaa9d35a0118c9cf568732ccbdd44,1459.37,57.28,5.852058102,54000,54000
44233ded92deaa9d35a0118c9cf568732ccbdd44,1457.83,57.27,5.849720205,54000,54000
44233ded92deaa9d35a0118c9cf568732ccbdd44,1453.72,56.90,5.822235228,54000,55000
44233ded92deaa9d35a0118c9cf568732ccbdd44,1470.54,57.45,5.897127951,55000,54000
44233ded92deaa9d35a0118c9cf568732ccbdd44,1453.85,57.16,5.824154847,55000,54000
44233ded92deaa9d35a0118c9cf568732ccbdd44,1447.52,56.78,5.805941584,54000,55000
44233ded92deaa9d35a0118c9cf568732ccbdd44,1454.80,57.13,5.830958861,54000,54000
44233ded92deaa9d35a0118c9cf568732ccbdd44,1455.23,57.01,5.822886943,54000,54000
44233ded92deaa9d35a0118c9cf568732ccbdd44,1439.97,56.39,5.762374951,54000,54000
44233ded92deaa9d35a0118c9cf568732ccbdd44,1474.26,57.63,5.905124416,54000,54000
44233ded92deaa9d35a0118c9cf568732ccbdd44,1473.26,57.94,5.892817724,55000,54000
44233ded92deaa9d35a0118c9cf568732ccbdd44,1457.93,57.05,5.841056211,54000,54000
44233ded92deaa9d35a0118c9cf568732ccbdd44,1455.67,57.03,5.832738141,54000,54000
1059dc8dea7ed71565a69a1e788934a5071bd2a3,1462.72,57.24,5.868306184,56000,55000
1059dc8dea7ed71565a69a1e788934a5071bd2a3,1445.66,56.87,5.801238996,56000,55000
1059dc8dea7ed71565a69a1e788934a5071bd2a3,1459.34,57.28,5.845478710,54000,54000
1059dc8dea7ed71565a69a1e788934a5071bd2a3,1462.98,57.32,5.858075155,54000,54000
1059dc8dea7ed71565a69a1e788934a5071bd2a3,1450.24,57.19,5.813593778,54000,54000
1059dc8dea7ed71565a69a1e788934a5071bd2a3,1450.43,57.17,5.808419073,54000,54000
1059dc8dea7ed71565a69a1e788934a5071bd2a3,1457.79,57.29,5.836167758,55000,54000
1059dc8dea7ed71565a69a1e788934a5071bd2a3,1445.65,57.08,5.794971457,54000,54000
1059dc8dea7ed71565a69a1e788934a5071bd2a3,1458.90,57.22,5.842539715,54000,54000
1059dc8dea7ed71565a69a1e788934a5071bd2a3,1452.86,57.05,5.824726736,54000,54000
1059dc8dea7ed71565a69a1e788934a5071bd2a3,1465.13,57.59,5.872467171,54000,54000
1059dc8dea7ed71565a69a1e788934a5071bd2a3,1459.43,57.20,5.845254064,54000,54000
1059dc8dea7ed71565a69a1e788934a5071bd2a3,1455.38,57.27,5.830511404,54000,54000
1059dc8dea7ed71565a69a1e788934a5071bd2a3,1479.57,57.94,5.948733760,55000,55000
1059dc8dea7ed71565a69a1e788934a5071bd2a3,1442.18,56.76,5.786163891,54000,54000
1059dc8dea7ed71565a69a1e788934a5071bd2a3,1472.25,57.96,5.899239140,54000,54000
1059dc8dea7ed71565a69a1e788934a5071bd2a3,1459.02,57.23,5.848432596,54000,54000
1059dc8dea7ed71565a69a1e788934a5071bd2a3,1453.86,57.13,5.835935541,54000,54000
1059dc8dea7ed71565a69a1e788934a5071bd2a3,1457.38,56.98,5.846155730,54000,54000
1059dc8dea7ed71565a69a1e788934a5071bd2a3,1449.33,56.41,5.798303951,54000,54000
1059dc8dea7ed71565a69a1e788934a5071bd2a3,1466.13,57.18,5.875403196,54000,54000
1059dc8dea7ed71565a69a1e788934a5071bd2a3,1449.74,56.80,5.800383553,55000,54000
1059dc8dea7ed71565a69a1e788934a5071bd2a3,1452.36,56.97,5.817783897,54000,54000
1059dc8dea7ed71565a69a1e788934a5071bd2a3,1493.16,58.52,5.972055221,54000,54000
1059dc8dea7ed71565a69a1e788934a5071bd2a3,1456.65,57.08,5.834729983,54000,54000
1059dc8dea7ed71565a69a1e788934a5071bd2a3,1472.93,57.89,5.908965706,54000,55000
1059dc8dea7ed71565a69a1e788934a5071bd2a3,1470.35,57.61,5.893387224,54000,54000
1059dc8dea7ed71565a69a1e788934a5071bd2a3,1447.55,56.92,5.802457649,54000,54000
1059dc8dea7ed71565a69a1e788934a5071bd2a3,1453.82,57.03,5.818974917,54000,55000
1059dc8dea7ed71565a69a1e788934a5071bd2a3,1454.74,56.92,5.825546916,55000,55000
b46d90a1eb5269ebfabae58c9229db455685fe80,1474.36,58.05,5.911406168,55000,55000
b46d90a1eb5269ebfabae58c9229db455685fe80,1465.35,57.86,5.866693546,54000,55000
b46d90a1eb5269ebfabae58c9229db455685fe80,1469.80,57.68,5.883136530,54000,54000
b46d90a1eb5269ebfabae58c9229db455685fe80,1488.17,58.61,5.962804301,54000,54000
b46d90a1eb5269ebfabae58c9229db455685fe80,1468.36,57.70,5.879477760,54000,54000
b46d90a1eb5269ebfabae58c9229db455685fe80,1492.06,58.50,5.973667510,55000,55000
b46d90a1eb5269ebfabae58c9229db455685fe80,1481.02,58.38,5.938810918,54000,54000
b46d90a1eb5269ebfabae58c9229db455685fe80,1461.22,57.56,5.856877575,54000,54000
b46d90a1eb5269ebfabae58c9229db455685fe80,1488.50,58.71,5.976372045,54000,54000
b46d90a1eb5269ebfabae58c9229db455685fe80,1471.71,57.97,5.891689010,55000,54000
b46d90a1eb5269ebfabae58c9229db455685fe80,1482.62,58.26,5.925907719,54000,54000
b46d90a1eb5269ebfabae58c9229db455685fe80,1481.80,58.27,5.927709944,54000,54000
b46d90a1eb5269ebfabae58c9229db455685fe80,1472.34,57.69,5.896571358,54000,54000
b46d90a1eb5269ebfabae58c9229db455685fe80,1464.45,57.48,5.865302354,54000,55000
b46d90a1eb5269ebfabae58c9229db455685fe80,1453.21,57.13,5.827619128,54000,54000
b46d90a1eb5269ebfabae58c9229db455685fe80,1458.12,57.25,5.829460440,54000,53000
b46d90a1eb5269ebfabae58c9229db455685fe80,1480.03,57.93,5.927575628,54000,54000
b46d90a1eb5269ebfabae58c9229db455685fe80,1473.50,57.86,5.905723840,54000,54000
b46d90a1eb5269ebfabae58c9229db455685fe80,1488.11,58.55,5.953238247,55000,54000
b46d90a1eb5269ebfabae58c9229db455685fe80,1468.03,57.36,5.877946177,55000,54000
b46d90a1eb5269ebfabae58c9229db455685fe80,1473.42,57.70,5.898036723,54000,54000
b46d90a1eb5269ebfabae58c9229db455685fe80,1478.68,58.06,5.927190276,54000,54000
b46d90a1eb5269ebfabae58c9229db455685fe80,1467.56,57.54,5.871006925,54000,55000
b46d90a1eb5269ebfabae58c9229db455685fe80,1466.98,57.47,5.875208684,54000,54000
b46d90a1eb5269ebfabae58c9229db455685fe80,1458.76,57.36,5.832716949,53000,54000
b46d90a1eb5269ebfabae58c9229db455685fe80,1455.52,57.24,5.827983338,54000,54000
b46d90a1eb5269ebfabae58c9229db455685fe80,1467.54,57.67,5.877631885,54000,54000
b46d90a1eb5269ebfabae58c9229db455685fe80,1472.44,57.59,5.887030878,55000,54000
b46d90a1eb5269ebfabae58c9229db455685fe80,1467.23,57.79,5.869323372,54000,54000
b46d90a1eb5269ebfabae58c9229db455685fe80,1458.91,57.11,5.843232861,54000,54000
ccea5c486b0f6fe1cb43cf7df36d7a94c2496c56,1473.70,57.87,5.898937031,55000,55000
ccea5c486b0f6fe1cb43cf7df36d7a94c2496c56,1479.37,58.32,5.924054030,56000,54000
ccea5c486b0f6fe1cb43cf7df36d7a94c2496c56,1456.73,57.39,5.824793437,54000,54000
ccea5c486b0f6fe1cb43cf7df36d7a94c2496c56,1479.59,58.25,5.915571353,54000,55000
ccea5c486b0f6fe1cb43cf7df36d7a94c2496c56,1469.60,57.75,5.879221468,55000,54000
ccea5c486b0f6fe1cb43cf7df36d7a94c2496c56,1477.05,57.85,5.912038071,54000,54000
ccea5c486b0f6fe1cb43cf7df36d7a94c2496c56,1465.54,57.65,5.866829749,53000,54000
ccea5c486b0f6fe1cb43cf7df36d7a94c2496c56,1489.47,58.61,5.956304460,55000,54000
ccea5c486b0f6fe1cb43cf7df36d7a94c2496c56,1483.50,58.40,5.941997885,54000,54000
ccea5c486b0f6fe1cb43cf7df36d7a94c2496c56,1473.02,57.99,5.897033128,54000,54000
ccea5c486b0f6fe1cb43cf7df36d7a94c2496c56,1477.60,58.28,5.923560955,54000,54000
ccea5c486b0f6fe1cb43cf7df36d7a94c2496c56,1480.39,58.36,5.927608950,54000,54000
ccea5c486b0f6fe1cb43cf7df36d7a94c2496c56,1470.58,57.60,5.892103752,54000,54000
ccea5c486b0f6fe1cb43cf7df36d7a94c2496c56,1477.13,58.06,5.912192606,54000,54000
ccea5c486b0f6fe1cb43cf7df36d7a94c2496c56,1485.80,58.00,5.950083023,55000,54000
ccea5c486b0f6fe1cb43cf7df36d7a94c2496c56,1477.38,57.97,5.925824335,54000,54000
ccea5c486b0f6fe1cb43cf7df36d7a94c2496c56,1470.95,58.05,5.880892814,54000,54000
ccea5c486b0f6fe1cb43cf7df36d7a94c2496c56,1489.04,58.59,5.962861408,54000,54000
ccea5c486b0f6fe1cb43cf7df36d7a94c2496c56,1475.20,57.89,5.911439650,54000,54000
ccea5c486b0f6fe1cb43cf7df36d7a94c2496c56,1469.17,57.40,5.877061790,54000,54000
ccea5c486b0f6fe1cb43cf7df36d7a94c2496c56,1476.31,57.78,5.900710720,54000,54000
ccea5c486b0f6fe1cb43cf7df36d7a94c2496c56,1474.27,57.69,5.892597854,53000,54000
ccea5c486b0f6fe1cb43cf7df36d7a94c2496c56,1467.47,57.58,5.865451734,54000,54000
ccea5c486b0f6fe1cb43cf7df36d7a94c2496c56,1462.78,57.42,5.845245226,54000,54000
ccea5c486b0f6fe1cb43cf7df36d7a94c2496c56,1472.13,57.63,5.893254760,55000,54000
ccea5c486b0f6fe1cb43cf7df36d7a94c2496c56,1473.80,57.81,5.891260966,54000,55000
ccea5c486b0f6fe1cb43cf7df36d7a94c2496c56,1460.40,57.32,5.844366600,54000,54000
ccea5c486b0f6fe1cb43cf7df36d7a94c2496c56,1495.10,58.77,5.980170037,54000,54000
ccea5c486b0f6fe1cb43cf7df36d7a94c2496c56,1462.53,57.48,5.851443516,54000,54000
ccea5c486b0f6fe1cb43cf7df36d7a94c2496c56,1489.46,58.28,5.966400972,55000,55000
37845b13ccfe3508068318906a6d8df31641a363,1479.11,58.21,5.926858488,55000,56000
37845b13ccfe3508068318906a6d8df31641a363,1462.53,57.68,5.858024577,55000,56000
37845b13ccfe3508068318906a6d8df31641a363,1477.47,58.36,5.901383741,54000,54000
37845b13ccfe3508068318906a6d8df31641a363,1472.55,58.05,5.894103698,54000,54000
37845b13ccfe3508068318906a6d8df31641a363,1457.14,57.14,5.829108313,54000,54000
37845b13ccfe3508068318906a6d8df31641a363,1471.02,57.93,5.895210551,54000,54000
37845b13ccfe3508068318906a6d8df31641a363,1482.58,58.52,5.923196607,54000,54000
37845b13ccfe3508068318906a6d8df31641a363,1472.60,58.00,5.880070061,54000,54000
37845b13ccfe3508068318906a6d8df31641a363,1471.96,57.93,5.902295369,54000,54000
37845b13ccfe3508068318906a6d8df31641a363,1487.02,58.65,5.956105099,53000,54000
37845b13ccfe3508068318906a6d8df31641a363,1494.41,58.88,5.987331628,54000,54000
37845b13ccfe3508068318906a6d8df31641a363,1481.09,58.29,5.928667902,54000,54000
37845b13ccfe3508068318906a6d8df31641a363,1477.91,58.22,5.917654837,54000,54000
37845b13ccfe3508068318906a6d8df31641a363,1464.65,57.56,5.870437313,54000,54000
37845b13ccfe3508068318906a6d8df31641a363,1494.50,58.86,5.984291504,54000,54000
37845b13ccfe3508068318906a6d8df31641a363,1490.53,58.60,5.973398251,54000,54000
37845b13ccfe3508068318906a6d8df31641a363,1464.61,57.46,5.860870608,54000,54000
37845b13ccfe3508068318906a6d8df31641a363,1467.69,57.53,5.871455821,54000,54000
37845b13ccfe3508068318906a6d8df31641a363,1454.66,56.83,5.820554536,54000,54000
37845b13ccfe3508068318906a6d8df31641a363,1458.58,56.92,5.843888086,54000,54000
37845b13ccfe3508068318906a6d8df31641a363,1452.17,57.17,5.817463893,54000,54000
37845b13ccfe3508068318906a6d8df31641a363,1480.29,58.24,5.922447789,55000,54000
37845b13ccfe3508068318906a6d8df31641a363,1484.30,58.13,5.945233203,54000,54000
37845b13ccfe3508068318906a6d8df31641a363,1460.22,57.30,5.844708241,54000,54000
37845b13ccfe3508068318906a6d8df31641a363,1464.54,57.37,5.854698636,54000,54000
37845b13ccfe3508068318906a6d8df31641a363,1464.96,57.43,5.864227020,55000,54000
37845b13ccfe3508068318906a6d8df31641a363,1461.70,57.31,5.845430909,54000,55000
37845b13ccfe3508068318906a6d8df31641a363,1471.78,57.88,5.890461962,54000,54000
37845b13ccfe3508068318906a6d8df31641a363,1456.01,57.09,5.866659609,54000,54000
37845b13ccfe3508068318906a6d8df31641a363,1480.39,57.80,5.913183262,55000,54000
f087501e178b2ff7d0c60326bd8e069c1237260d,1496.75,59.11,5.997310921,56000,56000
f087501e178b2ff7d0c60326bd8e069c1237260d,1486.39,58.62,5.944603140,54000,54000
f087501e178b2ff7d0c60326bd8e069c1237260d,1466.46,57.91,5.867541071,54000,54000
f087501e178b2ff7d0c60326bd8e069c1237260d,1474.59,57.94,5.893558098,54000,54000
f087501e178b2ff7d0c60326bd8e069c1237260d,1489.16,58.76,5.955350871,54000,54000
f087501e178b2ff7d0c60326bd8e069c1237260d,1469.63,57.80,5.874401232,54000,54000
f087501e178b2ff7d0c60326bd8e069c1237260d,1463.80,57.52,5.842637665,54000,54000
f087501e178b2ff7d0c60326bd8e069c1237260d,1467.77,57.82,5.866874001,54000,54000
f087501e178b2ff7d0c60326bd8e069c1237260d,1477.38,58.21,5.903067510,54000,54000
f087501e178b2ff7d0c60326bd8e069c1237260d,1474.60,58.19,5.899067363,54000,54000
f087501e178b2ff7d0c60326bd8e069c1237260d,1486.39,58.38,5.945862005,55000,54000
f087501e178b2ff7d0c60326bd8e069c1237260d,1464.12,57.50,5.859452066,54000,54000
f087501e178b2ff7d0c60326bd8e069c1237260d,1486.13,58.58,5.949566321,54000,54000
f087501e178b2ff7d0c60326bd8e069c1237260d,1476.08,57.88,5.896627151,55000,54000
f087501e178b2ff7d0c60326bd8e069c1237260d,1481.06,58.21,5.927195726,54000,54000
f087501e178b2ff7d0c60326bd8e069c1237260d,1475.72,58.02,5.893537073,54000,54000
f087501e178b2ff7d0c60326bd8e069c1237260d,1467.65,57.52,5.870412352,54000,54000
f087501e178b2ff7d0c60326bd8e069c1237260d,1484.91,58.38,5.946170293,54000,54000
f087501e178b2ff7d0c60326bd8e069c1237260d,1487.77,58.55,5.949174961,56000,54000
f087501e178b2ff7d0c60326bd8e069c1237260d,1501.15,58.81,6.020328994,54000,54000
f087501e178b2ff7d0c60326bd8e069c1237260d,1492.30,58.58,5.969139420,54000,54000
f087501e178b2ff7d0c60326bd8e069c1237260d,1482.69,58.26,5.919300202,54000,54000
f087501e178b2ff7d0c60326bd8e069c1237260d,1476.16,57.76,5.905596071,54000,54000
f087501e178b2ff7d0c60326bd8e069c1237260d,1479.38,57.83,5.913896240,54000,55000
f087501e178b2ff7d0c60326bd8e069c1237260d,1483.06,58.05,5.924098763,54000,54000
f087501e178b2ff7d0c60326bd8e069c1237260d,1475.07,57.86,5.885262620,54000,54000
f087501e178b2ff7d0c60326bd8e069c1237260d,1469.08,57.75,5.867534323,55000,54000
f087501e178b2ff7d0c60326bd8e069c1237260d,1477.30,58.08,5.917550249,54000,54000
f087501e178b2ff7d0c60326bd8e069c1237260d,1477.47,58.31,5.903123549,54000,54000
f087501e178b2ff7d0c60326bd8e069c1237260d,1506.68,59.13,6.035809117,54000,54000
5a339aaeebae4084a4907243ae10bf19c64d5317,1473.86,58.15,5.897237084,54000,54000
5a339aaeebae4084a4907243ae10bf19c64d5317,1474.48,58.05,5.911884039,54000,54000
5a339aaeebae4084a4907243ae10bf19c64d5317,1470.69,57.70,5.890657161,54000,54000
5a339aaeebae4084a4907243ae10bf19c64d5317,1488.30,58.66,5.956425111,54000,54000
5a339aaeebae4084a4907243ae10bf19c64d5317,1482.39,58.46,5.944717944,54000,54000
5a339aaeebae4084a4907243ae10bf19c64d5317,1475.14,57.94,5.905254668,54000,54000
5a339aaeebae4084a4907243ae10bf19c64d5317,1476.69,57.84,5.924280732,54000,54000
5a339aaeebae4084a4907243ae10bf19c64d5317,1484.87,58.29,5.948032696,54000,54000
5a339aaeebae4084a4907243ae10bf19c64d5317,1488.97,58.59,5.961937148,54000,54000
5a339aaeebae4084a4907243ae10bf19c64d5317,1483.33,58.58,5.928923053,54000,55000
5a339aaeebae4084a4907243ae10bf19c64d5317,1473.47,58.08,5.895581842,54000,54000
5a339aaeebae4084a4907243ae10bf19c64d5317,1479.65,58.29,5.916698827,54000,54000
5a339aaeebae4084a4907243ae10bf19c64d5317,1479.11,58.06,5.930278030,55000,54000
5a339aaeebae4084a4907243ae10bf19c64d5317,1472.32,57.67,5.897527231,54000,54000
5a339aaeebae4084a4907243ae10bf19c64d5317,1472.76,57.78,5.896895935,54000,54000
5a339aaeebae4084a4907243ae10bf19c64d5317,1483.47,58.49,5.941030499,55000,54000
5a339aaeebae4084a4907243ae10bf19c64d5317,1462.10,57.36,5.864205691,54000,54000
5a339aaeebae4084a4907243ae10bf19c64d5317,1472.70,58.10,5.887959031,54000,54000
5a339aaeebae4084a4907243ae10bf19c64d5317,1479.96,58.10,5.921321926,54000,54000
5a339aaeebae4084a4907243ae10bf19c64d5317,1472.25,57.94,5.885607717,54000,54000
5a339aaeebae4084a4907243ae10bf19c64d5317,1466.98,57.76,5.876068261,54000,54000
5a339aaeebae4084a4907243ae10bf19c64d5317,1503.22,58.91,6.011852080,54000,54000
5a339aaeebae4084a4907243ae10bf19c64d5317,1494.79,58.67,5.988657601,54000,54000
5a339aaeebae4084a4907243ae10bf19c64d5317,1462.09,57.25,5.839794116,54000,54000
5a339aaeebae4084a4907243ae10bf19c64d5317,1486.54,58.67,5.959191783,54000,54000
5a339aaeebae4084a4907243ae10bf19c64d5317,1486.09,58.67,5.948477327,55000,54000
5a339aaeebae4084a4907243ae10bf19c64d5317,1479.75,57.96,5.922707504,54000,54000
5a339aaeebae4084a4907243ae10bf19c64d5317,1480.14,58.03,5.927418377,54000,54000
5a339aaeebae4084a4907243ae10bf19c64d5317,1472.93,57.86,5.906494264,54000,54000
5a339aaeebae4084a4907243ae10bf19c64d5317,1473.96,57.93,5.899701552,54000,54000
a885f084ebb9be660f83cce9aa85ff734ee2023e,1549.55,60.97,6.186220731,54000,54000
a885f084ebb9be660f83cce9aa85ff734ee2023e,1562.67,61.80,6.234736483,54000,54000
a885f084ebb9be660f83cce9aa85ff734ee2023e,1549.80,61.23,6.199494805,56000,54000
a885f084ebb9be660f83cce9aa85ff734ee2023e,1579.27,62.73,6.308199459,54000,54000
a885f084ebb9be660f83cce9aa85ff734ee2023e,1552.59,61.37,6.203426932,54000,54000
a885f084ebb9be660f83cce9aa85ff734ee2023e,1557.71,61.53,6.217509876,54000,54000
a885f084ebb9be660f83cce9aa85ff734ee2023e,1556.52,61.17,6.213300321,54000,54000
a885f084ebb9be660f83cce9aa85ff734ee2023e,1555.81,61.60,6.221985866,54000,54000
a885f084ebb9be660f83cce9aa85ff734ee2023e,1566.20,61.68,6.271915223,54000,54000
a885f084ebb9be660f83cce9aa85ff734ee2023e,1556.53,61.40,6.239430583,54000,54000
a885f084ebb9be660f83cce9aa85ff734ee2023e,1574.92,62.18,6.287529335,54000,54000
a885f084ebb9be660f83cce9aa85ff734ee2023e,1538.59,60.76,6.139524013,54000,54000
a885f084ebb9be660f83cce9aa85ff734ee2023e,1547.75,61.37,6.188470890,55000,55000
a885f084ebb9be660f83cce9aa85ff734ee2023e,1539.24,60.72,6.156911377,54000,54000
a885f084ebb9be660f83cce9aa85ff734ee2023e,1556.05,61.51,6.228376532,54000,54000
a885f084ebb9be660f83cce9aa85ff734ee2023e,1551.14,61.20,6.204348374,54000,54000
a885f084ebb9be660f83cce9aa85ff734ee2023e,1555.00,61.47,6.207726911,54000,54000
a885f084ebb9be660f83cce9aa85ff734ee2023e,1545.81,61.03,6.176200225,54000,54000
a885f084ebb9be660f83cce9aa85ff734ee2023e,1577.51,62.46,6.297753370,54000,54000
a885f084ebb9be660f83cce9aa85ff734ee2023e,1534.00,60.66,6.127646060,54000,54000
a885f084ebb9be660f83cce9aa85ff734ee2023e,1540.31,60.63,6.156557520,53000,54000
a885f084ebb9be660f83cce9aa85ff734ee2023e,1563.89,61.57,6.229668655,54000,54000
a885f084ebb9be660f83cce9aa85ff734ee2023e,1562.64,61.30,6.247080300,54000,54000
a885f084ebb9be660f83cce9aa85ff734ee2023e,1557.04,61.09,6.216816567,54000,54000
a885f084ebb9be660f83cce9aa85ff734ee2023e,1548.24,61.07,6.182506313,54000,54000
a885f084ebb9be660f83cce9aa85ff734ee2023e,1569.96,61.59,6.270462146,54000,54000
a885f084ebb9be660f83cce9aa85ff734ee2023e,1545.51,60.95,6.180044894,54000,54000
a885f084ebb9be660f83cce9aa85ff734ee2023e,1557.39,61.45,6.209391969,55000,54000
a885f084ebb9be660f83cce9aa85ff734ee2023e,1577.00,62.21,6.293282173,54000,54000
a885f084ebb9be660f83cce9aa85ff734ee2023e,1544.69,60.88,6.165111155,54000,54000
adb9650f17520f1de630abc1758e25997263276d,1539.64,61.02,6.156504597,54000,55000
adb9650f17520f1de630abc1758e25997263276d,1551.90,61.64,6.200355052,53000,55000
adb9650f17520f1de630abc1758e25997263276d,1528.46,60.40,6.109992729,54000,54000
adb9650f17520f1de630abc1758e25997263276d,1524.63,60.34,6.081190711,54000,54000
adb9650f17520f1de630abc1758e25997263276d,1529.33,60.48,6.114820170,54000,54000
adb9650f17520f1de630abc1758e25997263276d,1543.37,61.05,6.172261533,54000,54000
adb9650f17520f1de630abc1758e25997263276d,1581.18,62.72,6.299903576,54000,54000
adb9650f17520f1de630abc1758e25997263276d,1527.53,60.33,6.110344400,54000,54000
adb9650f17520f1de630abc1758e25997263276d,1547.20,61.16,6.178397106,54000,54000
adb9650f17520f1de630abc1758e25997263276d,1552.12,61.39,6.204312543,54000,54000
adb9650f17520f1de630abc1758e25997263276d,1542.12,60.87,6.150646053,54000,55000
adb9650f17520f1de630abc1758e25997263276d,1544.77,61.17,6.162107767,54000,55000
adb9650f17520f1de630abc1758e25997263276d,1547.22,61.36,6.178960944,54000,54000
adb9650f17520f1de630abc1758e25997263276d,1539.73,60.64,6.146970126,55000,54000
adb9650f17520f1de630abc1758e25997263276d,1520.59,59.93,6.077099925,54000,54000
adb9650f17520f1de630abc1758e25997263276d,1538.84,60.65,6.140206854,54000,54000
adb9650f17520f1de630abc1758e25997263276d,1515.94,59.66,6.056936040,54000,54000
adb9650f17520f1de630abc1758e25997263276d,1531.24,60.54,6.104985147,54000,55000
adb9650f17520f1de630abc1758e25997263276d,1544.36,60.74,6.157486347,55000,54000
adb9650f17520f1de630abc1758e25997263276d,1506.86,59.47,6.023830871,54000,54000
adb9650f17520f1de630abc1758e25997263276d,1528.40,60.12,6.104947413,54000,54000
adb9650f17520f1de630abc1758e25997263276d,1546.86,61.15,6.176783199,54000,54000
adb9650f17520f1de630abc1758e25997263276d,1532.14,60.53,6.114682626,54000,54000
adb9650f17520f1de630abc1758e25997263276d,1540.77,60.66,6.148197751,54000,54000
adb9650f17520f1de630abc1758e25997263276d,1533.03,60.13,6.111780485,54000,54000
adb9650f17520f1de630abc1758e25997263276d,1558.00,61.32,6.207012187,54000,54000
adb9650f17520f1de630abc1758e25997263276d,1549.63,60.77,6.182847281,54000,54000
adb9650f17520f1de630abc1758e25997263276d,1542.81,61.02,6.156421955,54000,54000
adb9650f17520f1de630abc1758e25997263276d,1527.68,60.33,6.086203224,54000,54000
adb9650f17520f1de630abc1758e25997263276d,1538.26,60.69,6.139422562,54000,54000
e8d62f313be55637354b3e0ad69ae807c4d67fb6,1533.12,60.59,6.117049214,54000,54000
e8d62f313be55637354b3e0ad69ae807c4d67fb6,1530.08,60.34,6.107511352,54000,54000
e8d62f313be55637354b3e0ad69ae807c4d67fb6,1545.95,60.89,6.184819040,55000,54000
e8d62f313be55637354b3e0ad69ae807c4d67fb6,1553.91,61.20,6.194949807,55000,53000
e8d62f313be55637354b3e0ad69ae807c4d67fb6,1549.26,61.09,6.174622078,54000,54000
e8d62f313be55637354b3e0ad69ae807c4d67fb6,1553.36,61.47,6.199121863,54000,54000
e8d62f313be55637354b3e0ad69ae807c4d67fb6,1548.04,61.14,6.177632585,54000,55000
e8d62f313be55637354b3e0ad69ae807c4d67fb6,1523.31,60.13,6.085833465,54000,54000
e8d62f313be55637354b3e0ad69ae807c4d67fb6,1539.50,60.68,6.145182335,54000,54000
e8d62f313be55637354b3e0ad69ae807c4d67fb6,1549.70,61.16,6.166677324,54000,55000
e8d62f313be55637354b3e0ad69ae807c4d67fb6,1529.29,60.08,6.095375677,54000,54000
e8d62f313be55637354b3e0ad69ae807c4d67fb6,1549.34,61.38,6.183020458,54000,54000
e8d62f313be55637354b3e0ad69ae807c4d67fb6,1545.28,60.94,6.171014170,54000,54000
e8d62f313be55637354b3e0ad69ae807c4d67fb6,1534.35,60.30,6.130072037,54000,54000
e8d62f313be55637354b3e0ad69ae807c4d67fb6,1533.77,60.45,6.118267102,55000,55000
e8d62f313be55637354b3e0ad69ae807c4d67fb6,1536.68,60.13,6.133462584,54000,54000
e8d62f313be55637354b3e0ad69ae807c4d67fb6,1555.52,61.38,6.208436251,54000,54000
e8d62f313be55637354b3e0ad69ae807c4d67fb6,1539.77,60.81,6.145532870,54000,54000
e8d62f313be55637354b3e0ad69ae807c4d67fb6,1544.72,61.22,6.162934529,54000,54000
e8d62f313be55637354b3e0ad69ae807c4d67fb6,1555.01,61.42,6.204466379,55000,54000
e8d62f313be55637354b3e0ad69ae807c4d67fb6,1538.64,60.40,6.150927330,54000,54000
e8d62f313be55637354b3e0ad69ae807c4d67fb6,1543.95,60.86,6.188103092,54000,54000
e8d62f313be55637354b3e0ad69ae807c4d67fb6,1528.85,59.96,6.099117215,54000,54000
e8d62f313be55637354b3e0ad69ae807c4d67fb6,1535.23,60.30,6.119963875,54000,54000
e8d62f313be55637354b3e0ad69ae807c4d67fb6,1535.22,60.21,6.113409805,55000,54000
e8d62f313be55637354b3e0ad69ae807c4d67fb6,1555.38,61.37,6.209728382,54000,54000
e8d62f313be55637354b3e0ad69ae807c4d67fb6,1537.49,60.64,6.148558576,55000,54000
e8d62f313be55637354b3e0ad69ae807c4d67fb6,1536.75,60.55,6.129241874,54000,54000
e8d62f313be55637354b3e0ad69ae807c4d67fb6,1542.53,60.69,6.154292587,54000,54000
e8d62f313be55637354b3e0ad69ae807c4d67fb6,1545.64,60.94,6.166836424,54000,55000
53be6ff83e942046cf6511e652f71831d0343a83,1540.22,61.03,6.151021665,54000,54000
53be6ff83e942046cf6511e652f71831d0343a83,1553.02,61.34,6.208961574,55000,54000
53be6ff83e942046cf6511e652f71831d0343a83,1527.63,60.26,6.107339224,54000,54000
53be6ff83e942046cf6511e652f71831d0343a83,1555.65,61.45,6.214873854,54000,54000
53be6ff83e942046cf6511e652f71831d0343a83,1519.31,59.91,6.070352312,55000,54000
53be6ff83e942046cf6511e652f71831d0343a83,1529.05,60.39,6.105465530,54000,54000
53be6ff83e942046cf6511e652f71831d0343a83,1532.26,60.77,6.122343083,54000,54000
53be6ff83e942046cf6511e652f71831d0343a83,1543.84,60.89,6.154901588,54000,54000
53be6ff83e942046cf6511e652f71831d0343a83,1547.49,61.24,6.165471833,54000,54000
53be6ff83e942046cf6511e652f71831d0343a83,1524.33,60.42,6.096253737,54000,54000
53be6ff83e942046cf6511e652f71831d0343a83,1531.57,60.30,6.109383502,54000,54000
53be6ff83e942046cf6511e652f71831d0343a83,1526.66,60.26,6.093501666,54000,54000
53be6ff83e942046cf6511e652f71831d0343a83,1543.62,60.87,6.164019297,55000,54000
53be6ff83e942046cf6511e652f71831d0343a83,1533.08,60.58,6.122472338,55000,55000
53be6ff83e942046cf6511e652f71831d0343a83,1538.07,60.50,6.136825217,53000,54000
53be6ff83e942046cf6511e652f71831d0343a83,1537.48,60.57,6.128469072,54000,54000
53be6ff83e942046cf6511e652f71831d0343a83,1542.89,61.07,6.160215730,54000,54000
53be6ff83e942046cf6511e652f71831d0343a83,1542.83,61.12,6.152868275,54000,54000
53be6ff83e942046cf6511e652f71831d0343a83,1543.43,60.72,6.163997395,54000,55000
53be6ff83e942046cf6511e652f71831d0343a83,1536.96,60.32,6.142038528,54000,54000
53be6ff83e942046cf6511e652f71831d0343a83,1551.78,61.16,6.208590135,54000,54000
53be6ff83e942046cf6511e652f71831d0343a83,1534.59,60.68,6.136637697,54000,54000
53be6ff83e942046cf6511e652f71831d0343a83,1560.32,61.75,6.224857577,54000,55000
53be6ff83e942046cf6511e652f71831d0343a83,1542.01,60.97,6.164801229,54000,54000
53be6ff83e942046cf6511e652f71831d0343a83,1532.85,60.51,6.115853816,54000,54000
53be6ff83e942046cf6511e652f71831d0343a83,1535.30,60.44,6.131846292,54000,55000
53be6ff83e942046cf6511e652f71831d0343a83,1541.02,60.80,6.167414771,54000,54000
53be6ff83e942046cf6511e652f71831d0343a83,1547.17,60.98,6.191655042,54000,54000
53be6ff83e942046cf6511e652f71831d0343a83,1536.83,60.44,6.136289210,54000,54000
53be6ff83e942046cf6511e652f71831d0343a83,1528.89,60.44,6.099776082,54000,54000
41e45ca5950ecc8f250775a4432948b5910eba45,1543.48,61.30,6.167419073,56000,55000
41e45ca5950ecc8f250775a4432948b5910eba45,1540.42,60.95,6.150902430,54000,54000
41e45ca5950ecc8f250775a4432948b5910eba45,1554.11,61.64,6.193754370,54000,54000
41e45ca5950ecc8f250775a4432948b5910eba45,1558.54,61.70,6.223501076,54000,54000
41e45ca5950ecc8f250775a4432948b5910eba45,1561.21,61.96,6.224223855,54000,55000
41e45ca5950ecc8f250775a4432948b5910eba45,1534.06,60.58,6.131602254,54000,54000
41e45ca5950ecc8f250775a4432948b5910eba45,1562.62,61.89,6.260984028,54000,54000
41e45ca5950ecc8f250775a4432948b5910eba45,1541.16,60.88,6.143791985,54000,54000
41e45ca5950ecc8f250775a4432948b5910eba45,1545.03,61.33,6.153709420,54000,54000
41e45ca5950ecc8f250775a4432948b5910eba45,1546.38,61.07,6.180750831,54000,55000
41e45ca5950ecc8f250775a4432948b5910eba45,1539.33,60.88,6.143405925,55000,55000
41e45ca5950ecc8f250775a4432948b5910eba45,1549.02,61.46,6.176298532,54000,55000
41e45ca5950ecc8f250775a4432948b5910eba45,1543.53,61.12,6.168223130,54000,54000
41e45ca5950ecc8f250775a4432948b5910eba45,1531.32,60.59,6.110112761,54000,55000
41e45ca5950ecc8f250775a4432948b5910eba45,1509.63,59.82,6.029291690,54000,54000
41e45ca5950ecc8f250775a4432948b5910eba45,1540.26,60.77,6.150196413,54000,54000
41e45ca5950ecc8f250775a4432948b5910eba45,1538.03,60.70,6.137018384,54000,54000
41e45ca5950ecc8f250775a4432948b5910eba45,1533.80,60.63,6.117042547,54000,54000
41e45ca5950ecc8f250775a4432948b5910eba45,1528.37,60.12,6.108159573,54000,54000
41e45ca5950ecc8f250775a4432948b5910eba45,1561.12,61.67,6.225617755,54000,54000
41e45ca5950ecc8f250775a4432948b5910eba45,1540.58,60.65,6.143838871,54000,54000
41e45ca5950ecc8f250775a4432948b5910eba45,1571.55,62.26,6.267123190,54000,54000
41e45ca5950ecc8f250775a4432948b5910eba45,1551.96,61.19,6.190475124,54000,54000
41e45ca5950ecc8f250775a4432948b5910eba45,1540.35,60.74,6.159133278,54000,54000
41e45ca5950ecc8f250775a4432948b5910eba45,1538.93,60.60,6.137496891,55000,54000
41e45ca5950ecc8f250775a4432948b5910eba45,1530.55,60.20,6.114542924,53000,54000
41e45ca5950ecc8f250775a4432948b5910eba45,1545.56,61.04,6.170739180,54000,55000
41e45ca5950ecc8f250775a4432948b5910eba45,1550.17,61.08,6.183629450,53000,54000
41e45ca5950ecc8f250775a4432948b5910eba45,1553.61,61.35,6.186842456,55000,54000
41e45ca5950ecc8f250775a4432948b5910eba45,1553.13,61.31,6.188610842,54000,54000
7eea23784947d624dacd57776d450c3215b4583f,1524.97,60.09,6.093381817,56000,55000
7eea23784947d624dacd57776d450c3215b4583f,1532.40,60.60,6.101428880,55000,56000
7eea23784947d624dacd57776d450c3215b4583f,1552.62,61.31,6.204152991,54000,54000
7eea23784947d624dacd57776d450c3215b4583f,1533.00,60.46,6.108923224,54000,54000
7eea23784947d624dacd57776d450c3215b4583f,1525.15,59.97,6.090763943,54000,55000
7eea23784947d624dacd57776d450c3215b4583f,1534.39,60.42,6.118507071,54000,54000
7eea23784947d624dacd57776d450c3215b4583f,1550.08,60.99,6.182850621,55000,54000
7eea23784947d624dacd57776d450c3215b4583f,1547.28,61.16,6.175215018,54000,54000
7eea23784947d624dacd57776d450c3215b4583f,1552.81,60.96,6.203817679,54000,54000
7eea23784947d624dacd57776d450c3215b4583f,1528.05,60.23,6.109157900,55000,54000
7eea23784947d624dacd57776d450c3215b4583f,1546.69,61.13,6.172635709,54000,54000
7eea23784947d624dacd57776d450c3215b4583f,1554.08,61.01,6.218956975,54000,54000
7eea23784947d624dacd57776d450c3215b4583f,1540.93,60.90,6.153395352,54000,54000
7eea23784947d624dacd57776d450c3215b4583f,1539.07,60.72,6.147806752,54000,54000
7eea23784947d624dacd57776d450c3215b4583f,1530.15,60.12,6.101155286,54000,54000
7eea23784947d624dacd57776d450c3215b4583f,1535.76,60.45,6.125973650,54000,54000
7eea23784947d624dacd57776d450c3215b4583f,1552.88,61.21,6.191651573,54000,54000
7eea23784947d624dacd57776d450c3215b4583f,1532.81,60.33,6.118786265,54000,54000
7eea23784947d624dacd57776d450c3215b4583f,1541.30,60.44,6.160500254,54000,54000
7eea23784947d624dacd57776d450c3215b4583f,1519.70,59.93,6.059257210,54000,54000
7eea23784947d624dacd57776d450c3215b4583f,1533.33,60.37,6.119043267,54000,54000
7eea23784947d624dacd57776d450c3215b4583f,1540.44,60.71,6.154565436,54000,54000
7eea23784947d624dacd57776d450c3215b4583f,1541.25,60.51,6.153044868,54000,54000
7eea23784947d624dacd57776d450c3215b4583f,1561.70,61.49,6.235656801,54000,54000
7eea23784947d624dacd57776d450c3215b4583f,1538.30,60.72,6.142117821,54000,54000
7eea23784947d624dacd57776d450c3215b4583f,1550.57,61.27,6.193225923,54000,54000
7eea23784947d624dacd57776d450c3215b4583f,1537.15,60.34,6.129375174,54000,55000
7eea23784947d624dacd57776d450c3215b4583f,1576.90,61.88,6.301740655,54000,54000
7eea23784947d624dacd57776d450c3215b4583f,1554.11,61.11,6.211973862,54000,54000
7eea23784947d624dacd57776d450c3215b4583f,1541.69,60.65,6.151900862,55000,53000
fdc70cbab33a8c5345d1a497a9ce203e8440aba6,1584.58,62.78,6.329250404,54000,54000
fdc70cbab33a8c5345d1a497a9ce203e8440aba6,1549.00,61.07,6.187755330,54000,54000
fdc70cbab33a8c5345d1a497a9ce203e8440aba6,1541.58,60.97,6.156867543,54000,54000
fdc70cbab33a8c5345d1a497a9ce203e8440aba6,1541.25,60.86,6.149286654,54000,54000
fdc70cbab33a8c5345d1a497a9ce203e8440aba6,1570.99,62.29,6.263131014,54000,54000
fdc70cbab33a8c5345d1a497a9ce203e8440aba6,1532.56,60.48,6.119694433,55000,55000
fdc70cbab33a8c5345d1a497a9ce203e8440aba6,1552.06,61.18,6.192839877,55000,54000
fdc70cbab33a8c5345d1a497a9ce203e8440aba6,1543.24,60.90,6.156819418,55000,54000
fdc70cbab33a8c5345d1a497a9ce203e8440aba6,1531.85,60.36,6.113428855,54000,54000
fdc70cbab33a8c5345d1a497a9ce203e8440aba6,1542.87,61.12,6.150255210,55000,55000
fdc70cbab33a8c5345d1a497a9ce203e8440aba6,1543.29,61.06,6.167682997,54000,54000
fdc70cbab33a8c5345d1a497a9ce203e8440aba6,1528.91,60.37,6.099513471,54000,53000
fdc70cbab33a8c5345d1a497a9ce203e8440aba6,1540.78,60.86,6.145931442,54000,54000
fdc70cbab33a8c5345d1a497a9ce203e8440aba6,1556.77,61.58,6.217340925,54000,54000
fdc70cbab33a8c5345d1a497a9ce203e8440aba6,1538.71,60.66,6.167491479,54000,54000
fdc70cbab33a8c5345d1a497a9ce203e8440aba6,1546.24,60.91,6.168308135,55000,55000
fdc70cbab33a8c5345d1a497a9ce203e8440aba6,1545.65,60.91,6.170237469,54000,54000
fdc70cbab33a8c5345d1a497a9ce203e8440aba6,1534.88,60.38,6.132794054,54000,54000
fdc70cbab33a8c5345d1a497a9ce203e8440aba6,1549.89,61.09,6.181869631,54000,54000
fdc70cbab33a8c5345d1a497a9ce203e8440aba6,1555.09,61.01,6.189938228,55000,54000
fdc70cbab33a8c5345d1a497a9ce203e8440aba6,1546.77,61.09,6.161895072,54000,54000
fdc70cbab33a8c5345d1a497a9ce203e8440aba6,1541.84,60.64,6.151941656,54000,54000
fdc70cbab33a8c5345d1a497a9ce203e8440aba6,1550.65,61.25,6.193390740,54000,54000
fdc70cbab33a8c5345d1a497a9ce203e8440aba6,1550.02,60.85,6.169809411,54000,55000
fdc70cbab33a8c5345d1a497a9ce203e8440aba6,1551.25,61.19,6.194810588,54000,55000
fdc70cbab33a8c5345d1a497a9ce203e8440aba6,1535.78,60.67,6.129757240,54000,54000
fdc70cbab33a8c5345d1a497a9ce203e8440aba6,1546.59,60.58,6.172038285,54000,54000
fdc70cbab33a8c5345d1a497a9ce203e8440aba6,1560.52,61.37,6.223235214,55000,54000
fdc70cbab33a8c5345d1a497a9ce203e8440aba6,1546.61,60.86,6.169343244,54000,55000
fdc70cbab33a8c5345d1a497a9ce203e8440aba6,1549.45,61.09,6.183463194,54000,54000
f8a21d6b7549424a444867157cf5aa569bd53faf,1547.88,61.10,6.184209546,55000,54000
f8a21d6b7549424a444867157cf5aa569bd53faf,1541.24,60.96,6.151451487,56000,55000
f8a21d6b7549424a444867157cf5aa569bd53faf,1553.71,61.29,6.204162149,56000,54000
f8a21d6b7549424a444867157cf5aa569bd53faf,1556.57,61.45,6.213319528,54000,55000
f8a21d6b7549424a444867157cf5aa569bd53faf,1533.48,60.61,6.118814820,54000,54000
f8a21d6b7549424a444867157cf5aa569bd53faf,1546.72,60.91,6.174629989,54000,54000
f8a21d6b7549424a444867157cf5aa569bd53faf,1546.29,60.82,6.176609538,54000,54000
f8a21d6b7549424a444867157cf5aa569bd53faf,1558.33,61.19,6.229642493,54000,54000
f8a21d6b7549424a444867157cf5aa569bd53faf,1540.73,60.93,6.150035881,54000,54000
f8a21d6b7549424a444867157cf5aa569bd53faf,1529.07,60.39,6.120880231,54000,54000
f8a21d6b7549424a444867157cf5aa569bd53faf,1550.79,60.98,6.195932102,54000,54000
f8a21d6b7549424a444867157cf5aa569bd53faf,1541.58,60.90,6.149820303,54000,54000
f8a21d6b7549424a444867157cf5aa569bd53faf,1548.35,60.91,6.180955102,54000,54000
f8a21d6b7549424a444867157cf5aa569bd53faf,1539.83,60.72,6.149229162,54000,54000
f8a21d6b7549424a444867157cf5aa569bd53faf,1543.63,60.93,6.166460147,54000,54000
f8a21d6b7549424a444867157cf5aa569bd53faf,1553.98,61.26,6.212917615,55000,54000
f8a21d6b7549424a444867157cf5aa569bd53faf,1530.99,60.26,6.111635256,54000,54000
f8a21d6b7549424a444867157cf5aa569bd53faf,1551.84,60.77,6.200486106,54000,54000
f8a21d6b7549424a444867157cf5aa569bd53faf,1549.19,60.81,6.187610453,54000,54000
f8a21d6b7549424a444867157cf5aa569bd53faf,1570.97,62.03,6.278035151,55000,54000
f8a21d6b7549424a444867157cf5aa569bd53faf,1545.33,60.86,6.161437797,54000,54000
f8a21d6b7549424a444867157cf5aa569bd53faf,1549.66,61.00,6.189918074,54000,54000
f8a21d6b7549424a444867157cf5aa569bd53faf,1536.18,60.50,6.133430829,54000,54000
f8a21d6b7549424a444867157cf5aa569bd53faf,1547.63,60.80,6.166429863,54000,55000
f8a21d6b7549424a444867157cf5aa569bd53faf,1555.95,61.43,6.205210248,54000,54000
f8a21d6b7549424a444867157cf5aa569bd53faf,1569.07,62.14,6.259903412,54000,54000
f8a21d6b7549424a444867157cf5aa569bd53faf,1535.40,60.48,6.126668916,54000,54000
f8a21d6b7549424a444867157cf5aa569bd53faf,1543.48,60.64,6.159478097,54000,54000
f8a21d6b7549424a444867157cf5aa569bd53faf,1550.40,61.05,6.194033199,54000,55000
f8a21d6b7549424a444867157cf5aa569bd53faf,1538.70,60.71,6.148743965,54000,55000
a40a918f208350e233527254e9053b30a8d80eda,1541.92,61.13,6.147502682,54000,54000
a40a918f208350e233527254e9053b30a8d80eda,1548.63,61.28,6.190274800,54000,54000
a40a918f208350e233527254e9053b30a8d80eda,1546.97,61.14,6.177005500,54000,54000
a40a918f208350e233527254e9053b30a8d80eda,1548.86,61.51,6.183418054,54000,54000
a40a918f208350e233527254e9053b30a8d80eda,1530.71,60.31,6.108378909,54000,54000
a40a918f208350e233527254e9053b30a8d80eda,1536.73,60.53,6.140479134,54000,54000
a40a918f208350e233527254e9053b30a8d80eda,1555.60,61.21,6.205870085,54000,54000
a40a918f208350e233527254e9053b30a8d80eda,1536.16,60.73,6.125995684,54000,55000
a40a918f208350e233527254e9053b30a8d80eda,1557.69,61.69,6.217904372,54000,54000
a40a918f208350e233527254e9053b30a8d80eda,1537.99,60.68,6.136551929,54000,54000
a40a918f208350e233527254e9053b30a8d80eda,1556.58,61.67,6.201976257,54000,54000
a40a918f208350e233527254e9053b30a8d80eda,1540.41,60.86,6.155106943,54000,54000
a40a918f208350e233527254e9053b30a8d80eda,1521.44,60.04,6.081988502,54000,54000
a40a918f208350e233527254e9053b30a8d80eda,1537.27,60.59,6.128365580,54000,54000
a40a918f208350e233527254e9053b30a8d80eda,1545.66,61.10,6.169595788,55000,54000
a40a918f208350e233527254e9053b30a8d80eda,1546.14,60.61,6.166403451,54000,54000
a40a918f208350e233527254e9053b30a8d80eda,1537.98,60.82,6.139566961,54000,54000
a40a918f208350e233527254e9053b30a8d80eda,1545.04,60.84,6.164056757,55000,55000
a40a918f208350e233527254e9053b30a8d80eda,1545.73,61.16,6.165130266,55000,55000
a40a918f208350e233527254e9053b30a8d80eda,1552.29,61.15,6.194686137,55000,54000
a40a918f208350e233527254e9053b30a8d80eda,1535.73,60.45,6.134472935,54000,54000
a40a918f208350e233527254e9053b30a8d80eda,1539.31,60.48,6.143482817,55000,54000
a40a918f208350e233527254e9053b30a8d80eda,1546.08,60.78,6.174173163,54000,54000
a40a918f208350e233527254e9053b30a8d80eda,1524.17,59.99,6.080484552,54000,54000
a40a918f208350e233527254e9053b30a8d80eda,1551.16,61.06,6.207287019,54000,54000
a40a918f208350e233527254e9053b30a8d80eda,1530.26,60.23,6.102198481,54000,55000
a40a918f208350e233527254e9053b30a8d80eda,1556.36,61.25,6.205096558,54000,55000
a40a918f208350e233527254e9053b30a8d80eda,1528.69,60.11,6.099843753,54000,54000
a40a918f208350e233527254e9053b30a8d80eda,1536.76,60.45,6.131938829,54000,54000
a40a918f208350e233527254e9053b30a8d80eda,1539.63,60.64,6.139808513,54000,54000
7e7434b0ee4acd59d8f57a55bebc692c62f06190,1558.29,61.50,6.225809864,56000,55000
7e7434b0ee4acd59d8f57a55bebc692c62f06190,1528.47,60.24,6.107879209,54000,55000
7e7434b0ee4acd59d8f57a55bebc692c62f06190,1518.86,59.68,6.081191230,54000,54000
7e7434b0ee4acd59d8f57a55bebc692c62f06190,1519.80,60.13,6.070837863,54000,54000
7e7434b0ee4acd59d8f57a55bebc692c62f06190,1555.40,61.27,6.222166109,54000,54000
7e7434b0ee4acd59d8f57a55bebc692c62f06190,1529.81,60.22,6.112145380,54000,54000
7e7434b0ee4acd59d8f57a55bebc692c62f06190,1542.41,60.71,6.151092152,54000,55000
7e7434b0ee4acd59d8f57a55bebc692c62f06190,1541.28,60.72,6.158881898,54000,54000
7e7434b0ee4acd59d8f57a55bebc692c62f06190,1551.86,61.20,6.213515483,54000,54000
7e7434b0ee4acd59d8f57a55bebc692c62f06190,1528.21,60.18,6.107715639,55000,54000
7e7434b0ee4acd59d8f57a55bebc692c62f06190,1543.70,60.66,6.156724661,54000,55000
7e7434b0ee4acd59d8f57a55bebc692c62f06190,1527.73,60.09,6.105771988,54000,54000
7e7434b0ee4acd59d8f57a55bebc692c62f06190,1520.87,59.66,6.085267828,55000,54000
7e7434b0ee4acd59d8f57a55bebc692c62f06190,1538.71,60.51,6.136894036,54000,54000
7e7434b0ee4acd59d8f57a55bebc692c62f06190,1540.57,60.87,6.152384915,54000,54000
7e7434b0ee4acd59d8f57a55bebc692c62f06190,1529.22,60.33,6.119670603,54000,54000
7e7434b0ee4acd59d8f57a55bebc692c62f06190,1536.84,60.47,6.136865083,54000,54000
7e7434b0ee4acd59d8f57a55bebc692c62f06190,1553.26,61.01,6.216643640,54000,54000
7e7434b0ee4acd59d8f57a55bebc692c62f06190,1523.54,59.67,6.083663249,54000,54000
7e7434b0ee4acd59d8f57a55bebc692c62f06190,1556.41,61.50,6.232058079,54000,54000
7e7434b0ee4acd59d8f57a55bebc692c62f06190,1539.33,60.56,6.158722259,54000,54000
7e7434b0ee4acd59d8f57a55bebc692c62f06190,1533.80,60.23,6.133901169,54000,54000
7e7434b0ee4acd59d8f57a55bebc692c62f06190,1542.30,60.67,6.153777656,55000,54000
7e7434b0ee4acd59d8f57a55bebc692c62f06190,1550.60,60.66,6.186355687,54000,54000
7e7434b0ee4acd59d8f57a55bebc692c62f06190,1549.50,61.00,6.179793227,54000,54000
7e7434b0ee4acd59d8f57a55bebc692c62f06190,1523.74,59.72,6.078747758,54000,54000
7e7434b0ee4acd59d8f57a55bebc692c62f06190,1544.73,60.79,6.165912645,54000,55000
7e7434b0ee4acd59d8f57a55bebc692c62f06190,1547.09,60.95,6.185210987,54000,54000
7e7434b0ee4acd59d8f57a55bebc692c62f06190,1532.84,60.21,6.123946750,54000,55000
7e7434b0ee4acd59d8f57a55bebc692c62f06190,1553.82,61.06,6.209902581,54000,54000
7d4b14e3520b98caeae5c07e075cf1737ed01044,1533.51,60.85,6.124235047,55000,54000
7d4b14e3520b98caeae5c07e075cf1737ed01044,1555.85,61.61,6.217679394,54000,54000
7d4b14e3520b98caeae5c07e075cf1737ed01044,1566.86,61.69,6.258243897,54000,54000
7d4b14e3520b98caeae5c07e075cf1737ed01044,1528.51,60.31,6.113878848,54000,54000
7d4b14e3520b98caeae5c07e075cf1737ed01044,1533.27,60.81,6.122222338,54000,54000
7d4b14e3520b98caeae5c07e075cf1737ed01044,1561.26,61.78,6.246216183,54000,54000
7d4b14e3520b98caeae5c07e075cf1737ed01044,1538.73,60.94,6.137770208,54000,54000
7d4b14e3520b98caeae5c07e075cf1737ed01044,1542.92,61.01,6.163655197,54000,54000
7d4b14e3520b98caeae5c07e075cf1737ed01044,1534.59,60.81,6.127316937,54000,54000
7d4b14e3520b98caeae5c07e075cf1737ed01044,1566.79,62.13,6.270741088,54000,54000
7d4b14e3520b98caeae5c07e075cf1737ed01044,1556.90,61.65,6.223357592,54000,55000
7d4b14e3520b98caeae5c07e075cf1737ed01044,1531.69,60.42,6.128070077,54000,54000
7d4b14e3520b98caeae5c07e075cf1737ed01044,1576.65,62.55,6.300423043,55000,54000
7d4b14e3520b98caeae5c07e075cf1737ed01044,1537.05,60.43,6.136375782,54000,54000
7d4b14e3520b98caeae5c07e075cf1737ed01044,1553.08,61.31,6.208188810,55000,54000
7d4b14e3520b98caeae5c07e075cf1737ed01044,1542.82,61.01,6.165672107,54000,54000
7d4b14e3520b98caeae5c07e075cf1737ed01044,1534.11,60.32,6.122417531,54000,54000
7d4b14e3520b98caeae5c07e075cf1737ed01044,1545.32,61.11,6.177946726,54000,54000
7d4b14e3520b98caeae5c07e075cf1737ed01044,1527.71,60.18,6.106124817,54000,54000
7d4b14e3520b98caeae5c07e075cf1737ed01044,1539.46,60.67,6.149001686,54000,54000
7d4b14e3520b98caeae5c07e075cf1737ed01044,1547.20,61.08,6.180742879,54000,54000
7d4b14e3520b98caeae5c07e075cf1737ed01044,1540.25,60.73,6.169758181,54000,54000
7d4b14e3520b98caeae5c07e075cf1737ed01044,1545.34,61.03,6.173885595,55000,54000
7d4b14e3520b98caeae5c07e075cf1737ed01044,1552.59,61.12,6.207444730,54000,55000
7d4b14e3520b98caeae5c07e075cf1737ed01044,1546.09,60.94,6.181013687,54000,55000
7d4b14e3520b98caeae5c07e075cf1737ed01044,1534.55,60.34,6.138751008,54000,54000
7d4b14e3520b98caeae5c07e075cf1737ed01044,1579.14,62.47,6.312699674,54000,54000
7d4b14e3520b98caeae5c07e075cf1737ed01044,1548.59,61.00,6.170970728,54000,54000
7d4b14e3520b98caeae5c07e075cf1737ed01044,1536.51,60.91,6.132855442,54000,54000
7d4b14e3520b98caeae5c07e075cf1737ed01044,1538.87,60.65,6.152897919,54000,55000
e7b319806360293e5e66532bb0ec8874ed1a85a1,1555.50,61.82,6.221401954,55000,56000
e7b319806360293e5e66532bb0ec8874ed1a85a1,1540.65,60.89,6.152427706,56000,56000
e7b319806360293e5e66532bb0ec8874ed1a85a1,1569.21,62.03,6.285322408,54000,54000
e7b319806360293e5e66532bb0ec8874ed1a85a1,1538.56,60.99,6.129801695,54000,54000
e7b319806360293e5e66532bb0ec8874ed1a85a1,1595.54,63.41,6.361753258,54000,54000
e7b319806360293e5e66532bb0ec8874ed1a85a1,1534.73,60.58,6.131038123,54000,54000
e7b319806360293e5e66532bb0ec8874ed1a85a1,1588.43,62.73,6.335061158,54000,54000
e7b319806360293e5e66532bb0ec8874ed1a85a1,1561.52,61.63,6.228883938,55000,54000
e7b319806360293e5e66532bb0ec8874ed1a85a1,1544.74,61.09,6.150768731,54000,54000
e7b319806360293e5e66532bb0ec8874ed1a85a1,1558.69,61.49,6.227288636,54000,54000
e7b319806360293e5e66532bb0ec8874ed1a85a1,1561.84,61.71,6.227882599,54000,54000
e7b319806360293e5e66532bb0ec8874ed1a85a1,1566.52,62.03,6.252501078,54000,55000
e7b319806360293e5e66532bb0ec8874ed1a85a1,1549.66,61.19,6.177066631,54000,54000
e7b319806360293e5e66532bb0ec8874ed1a85a1,1551.89,61.36,6.217262682,54000,55000
e7b319806360293e5e66532bb0ec8874ed1a85a1,1525.13,60.22,6.086882638,54000,54000
e7b319806360293e5e66532bb0ec8874ed1a85a1,1525.01,60.11,6.094895180,54000,54000
e7b319806360293e5e66532bb0ec8874ed1a85a1,1535.38,60.44,6.136351601,54000,54000
e7b319806360293e5e66532bb0ec8874ed1a85a1,1562.83,61.95,6.240918230,54000,54000
e7b319806360293e5e66532bb0ec8874ed1a85a1,1549.10,60.92,6.189544926,55000,54000
e7b319806360293e5e66532bb0ec8874ed1a85a1,1549.00,61.09,6.189866239,54000,54000
e7b319806360293e5e66532bb0ec8874ed1a85a1,1564.69,61.96,6.246301230,55000,54000
e7b319806360293e5e66532bb0ec8874ed1a85a1,1548.46,61.03,6.171411210,55000,55000
e7b319806360293e5e66532bb0ec8874ed1a85a1,1533.30,60.63,6.124754938,54000,55000
e7b319806360293e5e66532bb0ec8874ed1a85a1,1547.09,60.70,6.181590317,54000,54000
e7b319806360293e5e66532bb0ec8874ed1a85a1,1558.99,61.50,6.222407836,54000,54000
e7b319806360293e5e66532bb0ec8874ed1a85a1,1556.10,61.16,6.224759093,55000,54000
e7b319806360293e5e66532bb0ec8874ed1a85a1,1557.97,61.66,6.217908125,54000,55000
e7b319806360293e5e66532bb0ec8874ed1a85a1,1551.07,61.13,6.191584601,54000,54000
e7b319806360293e5e66532bb0ec8874ed1a85a1,1537.46,60.52,6.145392059,54000,54000
e7b319806360293e5e66532bb0ec8874ed1a85a1,1573.66,61.77,6.278206086,55000,54000
a17b94219fe013d95d09d45d265a9f3eedcf92a8,1575.15,62.34,6.306198743,55000,56000
a17b94219fe013d95d09d45d265a9f3eedcf92a8,1545.67,60.86,6.172622468,56000,55000
a17b94219fe013d95d09d45d265a9f3eedcf92a8,1561.12,61.59,6.227528775,54000,54000
a17b94219fe013d95d09d45d265a9f3eedcf92a8,1558.39,61.69,6.225228569,54000,54000
a17b94219fe013d95d09d45d265a9f3eedcf92a8,1548.87,61.32,6.185554835,54000,54000
a17b94219fe013d95d09d45d265a9f3eedcf92a8,1562.70,61.62,6.247803153,54000,54000
a17b94219fe013d95d09d45d265a9f3eedcf92a8,1536.87,60.55,6.142225125,54000,54000
a17b94219fe013d95d09d45d265a9f3eedcf92a8,1561.13,61.88,6.223846028,54000,54000
a17b94219fe013d95d09d45d265a9f3eedcf92a8,1559.08,61.36,6.225500048,54000,54000
a17b94219fe013d95d09d45d265a9f3eedcf92a8,1553.82,61.54,6.216098966,54000,54000
a17b94219fe013d95d09d45d265a9f3eedcf92a8,1560.53,61.53,6.242935593,54000,54000
a17b94219fe013d95d09d45d265a9f3eedcf92a8,1549.08,60.91,6.185078158,54000,54000
a17b94219fe013d95d09d45d265a9f3eedcf92a8,1538.69,60.55,6.140665933,54000,54000
a17b94219fe013d95d09d45d265a9f3eedcf92a8,1557.31,61.34,6.204426084,54000,54000
a17b94219fe013d95d09d45d265a9f3eedcf92a8,1577.79,62.27,6.306186520,54000,54000
a17b94219fe013d95d09d45d265a9f3eedcf92a8,1540.49,60.81,6.163525771,54000,54000
a17b94219fe013d95d09d45d265a9f3eedcf92a8,1543.52,61.06,6.179968857,54000,54000
a17b94219fe013d95d09d45d265a9f3eedcf92a8,1556.06,61.27,6.217185934,54000,54000
a17b94219fe013d95d09d45d265a9f3eedcf92a8,1540.44,60.55,6.145531805,54000,55000
a17b94219fe013d95d09d45d265a9f3eedcf92a8,1564.58,61.71,6.256974257,54000,54000
a17b94219fe013d95d09d45d265a9f3eedcf92a8,1547.14,61.24,6.187127151,54000,54000
a17b94219fe013d95d09d45d265a9f3eedcf92a8,1565.44,61.59,6.251287004,55000,55000
a17b94219fe013d95d09d45d265a9f3eedcf92a8,1537.87,60.36,6.142770800,54000,54000
a17b94219fe013d95d09d45d265a9f3eedcf92a8,1570.72,61.88,6.285493284,54000,54000
a17b94219fe013d95d09d45d265a9f3eedcf92a8,1538.25,59.94,6.148455748,54000,54000
a17b94219fe013d95d09d45d265a9f3eedcf92a8,1547.22,60.83,6.169130302,54000,54000
a17b94219fe013d95d09d45d265a9f3eedcf92a8,1539.76,60.47,6.142917692,55000,54000
a17b94219fe013d95d09d45d265a9f3eedcf92a8,1566.29,61.61,6.255088748,54000,54000
a17b94219fe013d95d09d45d265a9f3eedcf92a8,1552.67,60.84,6.216032072,56000,55000
a17b94219fe013d95d09d45d265a9f3eedcf92a8,1539.33,60.45,6.143267679,54000,54000
a0ce6f065a3e3abd1b832367639f09ea31248420,1580.46,62.65,6.328355375,55000,57000
a0ce6f065a3e3abd1b832367639f09ea31248420,1577.70,62.25,6.300454742,56000,56000
a0ce6f065a3e3abd1b832367639f09ea31248420,1542.01,60.69,6.161070939,55000,56000
a0ce6f065a3e3abd1b832367639f09ea31248420,1575.42,62.12,6.288958796,54000,54000
a0ce6f065a3e3abd1b832367639f09ea31248420,1549.95,61.26,6.180583747,54000,54000
a0ce6f065a3e3abd1b832367639f09ea31248420,1541.24,61.15,6.150755864,54000,54000
a0ce6f065a3e3abd1b832367639f09ea31248420,1570.91,61.94,6.273979407,54000,54000
a0ce6f065a3e3abd1b832367639f09ea31248420,1568.01,62.27,6.248880097,54000,54000
a0ce6f065a3e3abd1b832367639f09ea31248420,1548.21,61.31,6.164763739,54000,54000
a0ce6f065a3e3abd1b832367639f09ea31248420,1565.38,62.05,6.232846229,55000,54000
a0ce6f065a3e3abd1b832367639f09ea31248420,1568.15,62.11,6.265510434,54000,54000
a0ce6f065a3e3abd1b832367639f09ea31248420,1544.80,61.24,6.162990867,54000,54000
a0ce6f065a3e3abd1b832367639f09ea31248420,1559.79,61.83,6.223739567,54000,55000
a0ce6f065a3e3abd1b832367639f09ea31248420,1552.04,61.45,6.177279923,54000,54000
a0ce6f065a3e3abd1b832367639f09ea31248420,1562.25,61.67,6.231191766,54000,54000
a0ce6f065a3e3abd1b832367639f09ea31248420,1565.48,61.86,6.239384030,54000,54000
a0ce6f065a3e3abd1b832367639f09ea31248420,1542.35,60.91,6.158257195,54000,54000
a0ce6f065a3e3abd1b832367639f09ea31248420,1550.44,61.19,6.180135155,54000,54000
a0ce6f065a3e3abd1b832367639f09ea31248420,1573.68,62.46,6.284262657,54000,54000
a0ce6f065a3e3abd1b832367639f09ea31248420,1550.33,60.94,6.176544823,54000,54000
a0ce6f065a3e3abd1b832367639f09ea31248420,1567.66,62.01,6.251253136,55000,54000
a0ce6f065a3e3abd1b832367639f09ea31248420,1557.37,61.52,6.202475660,54000,55000
a0ce6f065a3e3abd1b832367639f09ea31248420,1549.81,61.27,6.177408420,54000,55000
a0ce6f065a3e3abd1b832367639f09ea31248420,1570.02,61.90,6.251199813,55000,54000
a0ce6f065a3e3abd1b832367639f09ea31248420,1559.79,61.61,6.220990582,54000,54000
a0ce6f065a3e3abd1b832367639f09ea31248420,1559.32,61.74,6.212252494,54000,54000
a0ce6f065a3e3abd1b832367639f09ea31248420,1540.67,60.77,6.156250374,54000,54000
a0ce6f065a3e3abd1b832367639f09ea31248420,1535.01,60.61,6.120586736,54000,54000
a0ce6f065a3e3abd1b832367639f09ea31248420,1550.89,61.04,6.189301761,55000,54000
a0ce6f065a3e3abd1b832367639f09ea31248420,1559.38,61.23,6.210159604,54000,55000
6451625786eb5d39f67be2d1c62644ce7f34ffa3,1563.31,61.86,6.241089854,55000,54000
6451625786eb5d39f67be2d1c62644ce7f34ffa3,1548.68,61.42,6.184200369,54000,54000
6451625786eb5d39f67be2d1c62644ce7f34ffa3,1534.48,60.65,6.141890784,54000,54000
6451625786eb5d39f67be2d1c62644ce7f34ffa3,1560.36,61.78,6.230705987,54000,54000
6451625786eb5d39f67be2d1c62644ce7f34ffa3,1539.87,60.94,6.147658368,54000,54000
6451625786eb5d39f67be2d1c62644ce7f34ffa3,1521.55,59.99,6.081554755,55000,54000
6451625786eb5d39f67be2d1c62644ce7f34ffa3,1549.74,61.48,6.169877557,54000,54000
6451625786eb5d39f67be2d1c62644ce7f34ffa3,1535.27,60.63,6.132529346,54000,54000
6451625786eb5d39f67be2d1c62644ce7f34ffa3,1558.50,61.69,6.215003847,54000,54000
6451625786eb5d39f67be2d1c62644ce7f34ffa3,1558.18,61.67,6.211400693,54000,54000
6451625786eb5d39f67be2d1c62644ce7f34ffa3,1567.54,62.06,6.250920317,54000,53000
6451625786eb5d39f67be2d1c62644ce7f34ffa3,1532.43,60.48,6.108683698,54000,54000
6451625786eb5d39f67be2d1c62644ce7f34ffa3,1547.68,61.10,6.178293658,54000,54000
6451625786eb5d39f67be2d1c62644ce7f34ffa3,1542.31,61.11,6.158682014,54000,54000
6451625786eb5d39f67be2d1c62644ce7f34ffa3,1546.22,60.94,6.177287068,55000,54000
6451625786eb5d39f67be2d1c62644ce7f34ffa3,1563.74,61.90,6.253890008,53000,54000
6451625786eb5d39f67be2d1c62644ce7f34ffa3,1553.21,61.16,6.198901595,54000,55000
6451625786eb5d39f67be2d1c62644ce7f34ffa3,1574.37,62.27,6.289276766,54000,54000
6451625786eb5d39f67be2d1c62644ce7f34ffa3,1576.43,62.20,6.292735173,54000,54000
6451625786eb5d39f67be2d1c62644ce7f34ffa3,1564.56,61.89,6.256256010,54000,54000
6451625786eb5d39f67be2d1c62644ce7f34ffa3,1534.09,60.52,6.126255164,54000,54000
6451625786eb5d39f67be2d1c62644ce7f34ffa3,1534.61,60.57,6.126934565,55000,54000
6451625786eb5d39f67be2d1c62644ce7f34ffa3,1548.68,61.01,6.200286072,55000,54000
6451625786eb5d39f67be2d1c62644ce7f34ffa3,1549.14,60.95,6.175972477,55000,54000
6451625786eb5d39f67be2d1c62644ce7f34ffa3,1547.13,60.97,6.170729456,54000,54000
6451625786eb5d39f67be2d1c62644ce7f34ffa3,1529.93,60.37,6.106954273,54000,54000
6451625786eb5d39f67be2d1c62644ce7f34ffa3,1553.93,61.30,6.205916315,54000,54000
6451625786eb5d39f67be2d1c62644ce7f34ffa3,1542.43,60.93,6.159055159,54000,54000
6451625786eb5d39f67be2d1c62644ce7f34ffa3,1534.97,60.12,6.125126633,54000,54000
6451625786eb5d39f67be2d1c62644ce7f34ffa3,1533.96,60.38,6.125463582,55000,54000
c7cb4b1ef1abeaa8a9923481993ca4aa0b11cde1,1545.70,61.16,6.180373658,56000,56000
c7cb4b1ef1abeaa8a9923481993ca4aa0b11cde1,1543.78,61.13,6.167692976,56000,56000
c7cb4b1ef1abeaa8a9923481993ca4aa0b11cde1,1542.01,60.80,6.160784006,54000,55000
c7cb4b1ef1abeaa8a9923481993ca4aa0b11cde1,1549.12,61.05,6.189174794,54000,54000
c7cb4b1ef1abeaa8a9923481993ca4aa0b11cde1,1550.11,61.15,6.190622995,54000,54000
c7cb4b1ef1abeaa8a9923481993ca4aa0b11cde1,1526.72,60.12,6.095274298,54000,54000
c7cb4b1ef1abeaa8a9923481993ca4aa0b11cde1,1550.92,61.07,6.187848802,54000,54000
c7cb4b1ef1abeaa8a9923481993ca4aa0b11cde1,1544.05,60.92,6.168888972,55000,54000
c7cb4b1ef1abeaa8a9923481993ca4aa0b11cde1,1555.61,61.48,6.213997661,54000,54000
c7cb4b1ef1abeaa8a9923481993ca4aa0b11cde1,1548.97,61.31,6.199645470,54000,54000
c7cb4b1ef1abeaa8a9923481993ca4aa0b11cde1,1533.73,60.60,6.123916611,54000,54000
c7cb4b1ef1abeaa8a9923481993ca4aa0b11cde1,1573.15,62.08,6.287465691,54000,54000
c7cb4b1ef1abeaa8a9923481993ca4aa0b11cde1,1538.76,60.59,6.150158624,55000,54000
c7cb4b1ef1abeaa8a9923481993ca4aa0b11cde1,1570.36,62.01,6.279234639,54000,55000
c7cb4b1ef1abeaa8a9923481993ca4aa0b11cde1,1543.26,60.70,6.177437561,54000,54000
c7cb4b1ef1abeaa8a9923481993ca4aa0b11cde1,1546.58,60.91,6.176302994,54000,54000
c7cb4b1ef1abeaa8a9923481993ca4aa0b11cde1,1533.29,60.30,6.114309258,54000,54000
c7cb4b1ef1abeaa8a9923481993ca4aa0b11cde1,1529.04,60.24,6.111489114,54000,54000
c7cb4b1ef1abeaa8a9923481993ca4aa0b11cde1,1546.01,61.15,6.190036988,54000,54000
c7cb4b1ef1abeaa8a9923481993ca4aa0b11cde1,1567.15,62.00,6.253749479,54000,54000
c7cb4b1ef1abeaa8a9923481993ca4aa0b11cde1,1544.79,60.52,6.176067545,54000,54000
c7cb4b1ef1abeaa8a9923481993ca4aa0b11cde1,1563.80,61.29,6.246908762,54000,55000
c7cb4b1ef1abeaa8a9923481993ca4aa0b11cde1,1565.46,61.61,6.262499653,54000,54000
c7cb4b1ef1abeaa8a9923481993ca4aa0b11cde1,1564.41,61.48,6.256893167,53000,54000
c7cb4b1ef1abeaa8a9923481993ca4aa0b11cde1,1548.84,60.97,6.204359100,54000,54000
c7cb4b1ef1abeaa8a9923481993ca4aa0b11cde1,1571.11,61.92,6.272440733,54000,54000
c7cb4b1ef1abeaa8a9923481993ca4aa0b11cde1,1536.65,60.44,6.144394406,54000,54000
c7cb4b1ef1abeaa8a9923481993ca4aa0b11cde1,1545.55,61.00,6.165163686,55000,55000
c7cb4b1ef1abeaa8a9923481993ca4aa0b11cde1,1547.77,60.83,6.181084788,54000,54000
c7cb4b1ef1abeaa8a9923481993ca4aa0b11cde1,1534.41,60.32,6.118169869,54000,54000
2eb4a413f399f6b79eb34cd51a959d9acdfa1148,1555.80,61.44,6.213377599,56000,55000
2eb4a413f399f6b79eb34cd51a959d9acdfa1148,1545.13,61.14,6.169344689,54000,54000
2eb4a413f399f6b79eb34cd51a959d9acdfa1148,1549.07,60.84,6.191085666,54000,54000
2eb4a413f399f6b79eb34cd51a959d9acdfa1148,1550.11,60.97,6.188053651,54000,55000
2eb4a413f399f6b79eb34cd51a959d9acdfa1148,1540.66,60.69,6.144081266,54000,54000
2eb4a413f399f6b79eb34cd51a959d9acdfa1148,1568.10,62.15,6.265898573,54000,54000
2eb4a413f399f6b79eb34cd51a959d9acdfa1148,1555.22,61.42,6.224705398,53000,54000
2eb4a413f399f6b79eb34cd51a959d9acdfa1148,1541.25,60.90,6.152115178,54000,54000
2eb4a413f399f6b79eb34cd51a959d9acdfa1148,1535.00,60.62,6.136826695,54000,54000
2eb4a413f399f6b79eb34cd51a959d9acdfa1148,1553.76,61.42,6.207087161,54000,54000
2eb4a413f399f6b79eb34cd51a959d9acdfa1148,1531.46,60.44,6.116126965,54000,54000
2eb4a413f399f6b79eb34cd51a959d9acdfa1148,1542.42,61.06,6.163758470,54000,55000
2eb4a413f399f6b79eb34cd51a959d9acdfa1148,1551.99,61.50,6.187882854,54000,54000
2eb4a413f399f6b79eb34cd51a959d9acdfa1148,1556.13,61.31,6.219679692,54000,54000
2eb4a413f399f6b79eb34cd51a959d9acdfa1148,1545.77,60.81,6.170777807,54000,54000
2eb4a413f399f6b79eb34cd51a959d9acdfa1148,1550.03,61.14,6.183582945,55000,54000
2eb4a413f399f6b79eb34cd51a959d9acdfa1148,1548.77,60.94,6.173817458,54000,55000
2eb4a413f399f6b79eb34cd51a959d9acdfa1148,1544.82,60.76,6.167568954,54000,54000
2eb4a413f399f6b79eb34cd51a959d9acdfa1148,1555.15,61.36,6.206790288,55000,55000
2eb4a413f399f6b79eb34cd51a959d9acdfa1148,1548.10,61.05,6.168062912,54000,54000
2eb4a413f399f6b79eb34cd51a959d9acdfa1148,1546.91,61.10,6.174722490,54000,55000
2eb4a413f399f6b79eb34cd51a959d9acdfa1148,1558.54,61.36,6.217596916,55000,55000
2eb4a413f399f6b79eb34cd51a959d9acdfa1148,1544.50,60.99,6.178013274,55000,54000
2eb4a413f399f6b79eb34cd51a959d9acdfa1148,1576.86,62.15,6.291248891,54000,54000
2eb4a413f399f6b79eb34cd51a959d9acdfa1148,1564.39,61.70,6.251992411,54000,54000
2eb4a413f399f6b79eb34cd51a959d9acdfa1148,1558.06,61.46,6.215466376,54000,54000
2eb4a413f399f6b79eb34cd51a959d9acdfa1148,1573.88,61.95,6.271802239,55000,55000
2eb4a413f399f6b79eb34cd51a959d9acdfa1148,1539.00,60.44,6.142706129,54000,54000
2eb4a413f399f6b79eb34cd51a959d9acdfa1148,1577.12,62.14,6.310568643,54000,54000
2eb4a413f399f6b79eb34cd51a959d9acdfa1148,1552.25,60.95,6.185305303,54000,55000
a31c868a871677c50bbe100c83c4f31c94bcda8f,1545.46,61.03,6.168247248,55000,56000
a31c868a871677c50bbe100c83c4f31c94bcda8f,1564.90,62.01,6.239917153,54000,54000
a31c868a871677c50bbe100c83c4f31c94bcda8f,1529.47,60.51,6.105213772,54000,54000
a31c868a871677c50bbe100c83c4f31c94bcda8f,1592.75,62.99,6.349327669,55000,54000
a31c868a871677c50bbe100c83c4f31c94bcda8f,1588.34,62.77,6.349412930,54000,54000
a31c868a871677c50bbe100c83c4f31c94bcda8f,1542.34,61.13,6.160088898,54000,54000
a31c868a871677c50bbe100c83c4f31c94bcda8f,1558.75,61.76,6.217798020,54000,54000
a31c868a871677c50bbe100c83c4f31c94bcda8f,1565.76,62.12,6.238457508,54000,54000
a31c868a871677c50bbe100c83c4f31c94bcda8f,1568.13,62.19,6.260642814,54000,54000
a31c868a871677c50bbe100c83c4f31c94bcda8f,1569.02,61.97,6.255733999,54000,54000
a31c868a871677c50bbe100c83c4f31c94bcda8f,1552.55,61.28,6.195719418,54000,55000
a31c868a871677c50bbe100c83c4f31c94bcda8f,1555.35,61.30,6.211720090,54000,55000
a31c868a871677c50bbe100c83c4f31c94bcda8f,1556.43,61.64,6.204671232,56000,54000
a31c868a871677c50bbe100c83c4f31c94bcda8f,1564.92,61.50,6.251950959,54000,54000
a31c868a871677c50bbe100c83c4f31c94bcda8f,1559.70,61.56,6.230068242,54000,53000
a31c868a871677c50bbe100c83c4f31c94bcda8f,1541.99,60.96,6.159976269,54000,54000
a31c868a871677c50bbe100c83c4f31c94bcda8f,1581.65,62.21,6.327697192,54000,54000
a31c868a871677c50bbe100c83c4f31c94bcda8f,1566.29,61.77,6.252656107,54000,54000
a31c868a871677c50bbe100c83c4f31c94bcda8f,1535.94,60.51,6.127200782,54000,54000
a31c868a871677c50bbe100c83c4f31c94bcda8f,1556.00,61.24,6.205448962,54000,54000
a31c868a871677c50bbe100c83c4f31c94bcda8f,1559.24,61.58,6.227843974,54000,54000
a31c868a871677c50bbe100c83c4f31c94bcda8f,1554.10,61.34,6.200865198,54000,54000
a31c868a871677c50bbe100c83c4f31c94bcda8f,1566.89,61.65,6.277508886,54000,54000
a31c868a871677c50bbe100c83c4f31c94bcda8f,1576.24,62.01,6.286639991,55000,54000
a31c868a871677c50bbe100c83c4f31c94bcda8f,1535.14,60.30,6.125693589,54000,54000
a31c868a871677c50bbe100c83c4f31c94bcda8f,1555.14,61.26,6.199497288,54000,54000
a31c868a871677c50bbe100c83c4f31c94bcda8f,1552.46,61.23,6.198334901,54000,55000
a31c868a871677c50bbe100c83c4f31c94bcda8f,1585.61,62.71,6.327955641,55000,54000
a31c868a871677c50bbe100c83c4f31c94bcda8f,1547.95,61.02,6.173181272,54000,54000
a31c868a871677c50bbe100c83c4f31c94bcda8f,1557.61,61.46,6.225344407,54000,54000
21696e5fe73093fd8a5bd42e0c40f0a5a6ce27bf,1550.86,61.14,6.198022528,55000,55000
21696e5fe73093fd8a5bd42e0c40f0a5a6ce27bf,1559.09,61.55,6.231700938,56000,56000
21696e5fe73093fd8a5bd42e0c40f0a5a6ce27bf,1539.17,60.62,6.147931305,56000,55000
21696e5fe73093fd8a5bd42e0c40f0a5a6ce27bf,1582.65,62.64,6.319032115,55000,53000
21696e5fe73093fd8a5bd42e0c40f0a5a6ce27bf,1553.57,61.25,6.196037043,54000,54000
21696e5fe73093fd8a5bd42e0c40f0a5a6ce27bf,1549.04,60.96,6.188125254,54000,54000
21696e5fe73093fd8a5bd42e0c40f0a5a6ce27bf,1582.76,62.72,6.335370594,54000,54000
21696e5fe73093fd8a5bd42e0c40f0a5a6ce27bf,1556.25,61.27,6.210626215,54000,54000
21696e5fe73093fd8a5bd42e0c40f0a5a6ce27bf,1556.42,61.65,6.204129445,55000,54000
21696e5fe73093fd8a5bd42e0c40f0a5a6ce27bf,1537.71,60.69,6.143520447,54000,54000
21696e5fe73093fd8a5bd42e0c40f0a5a6ce27bf,1552.52,61.21,6.196879524,54000,54000
21696e5fe73093fd8a5bd42e0c40f0a5a6ce27bf,1543.39,61.02,6.153472054,54000,54000
21696e5fe73093fd8a5bd42e0c40f0a5a6ce27bf,1543.74,60.79,6.171971891,54000,54000
21696e5fe73093fd8a5bd42e0c40f0a5a6ce27bf,1553.93,61.33,6.202739110,54000,54000
21696e5fe73093fd8a5bd42e0c40f0a5a6ce27bf,1557.58,61.25,6.219941101,54000,54000
21696e5fe73093fd8a5bd42e0c40f0a5a6ce27bf,1550.10,61.03,6.187171725,54000,54000
21696e5fe73093fd8a5bd42e0c40f0a5a6ce27bf,1552.68,61.03,6.199262691,54000,54000
21696e5fe73093fd8a5bd42e0c40f0a5a6ce27bf,1555.29,61.12,6.209948076,54000,54000
21696e5fe73093fd8a5bd42e0c40f0a5a6ce27bf,1541.96,60.38,6.165076373,54000,54000
21696e5fe73093fd8a5bd42e0c40f0a5a6ce27bf,1566.71,61.81,6.260986740,54000,54000
21696e5fe73093fd8a5bd42e0c40f0a5a6ce27bf,1536.19,60.55,6.141185760,54000,54000
21696e5fe73093fd8a5bd42e0c40f0a5a6ce27bf,1579.40,62.39,6.293513602,54000,54000
21696e5fe73093fd8a5bd42e0c40f0a5a6ce27bf,1571.60,62.11,6.279386518,54000,54000
21696e5fe73093fd8a5bd42e0c40f0a5a6ce27bf,1540.22,60.55,6.140949981,54000,54000
21696e5fe73093fd8a5bd42e0c40f0a5a6ce27bf,1561.66,61.51,6.237531490,54000,54000
21696e5fe73093fd8a5bd42e0c40f0a5a6ce27bf,1546.19,60.82,6.175738683,54000,54000
21696e5fe73093fd8a5bd42e0c40f0a5a6ce27bf,1525.88,59.92,6.099605564,54000,54000
21696e5fe73093fd8a5bd42e0c40f0a5a6ce27bf,1555.80,61.11,6.210144027,54000,54000
21696e5fe73093fd8a5bd42e0c40f0a5a6ce27bf,1563.88,61.51,6.240072428,54000,54000
21696e5fe73093fd8a5bd42e0c40f0a5a6ce27bf,1545.10,60.85,6.167237782,54000,55000
b8ad84648f7a947fb4f9a15507c4ce0be062c54a,1563.94,61.83,6.283076526,55000,56000
b8ad84648f7a947fb4f9a15507c4ce0be062c54a,1581.21,62.65,6.311339604,54000,54000
b8ad84648f7a947fb4f9a15507c4ce0be062c54a,1568.32,61.80,6.249838553,54000,54000
b8ad84648f7a947fb4f9a15507c4ce0be062c54a,1568.58,61.92,6.251784405,55000,54000
b8ad84648f7a947fb4f9a15507c4ce0be062c54a,1545.15,61.05,6.167358922,54000,54000
b8ad84648f7a947fb4f9a15507c4ce0be062c54a,1582.77,62.63,6.315458911,55000,54000
b8ad84648f7a947fb4f9a15507c4ce0be062c54a,1559.89,61.71,6.223232246,54000,54000
b8ad84648f7a947fb4f9a15507c4ce0be062c54a,1560.08,61.73,6.242944473,54000,54000
b8ad84648f7a947fb4f9a15507c4ce0be062c54a,1538.57,60.84,6.143838281,54000,54000
b8ad84648f7a947fb4f9a15507c4ce0be062c54a,1563.99,61.70,6.244045258,54000,54000
b8ad84648f7a947fb4f9a15507c4ce0be062c54a,1555.34,61.23,6.200631188,54000,55000
b8ad84648f7a947fb4f9a15507c4ce0be062c54a,1578.70,62.04,6.288119288,54000,54000
b8ad84648f7a947fb4f9a15507c4ce0be062c54a,1567.60,61.94,6.259382757,54000,54000
b8ad84648f7a947fb4f9a15507c4ce0be062c54a,1553.39,61.34,6.198488444,54000,54000
b8ad84648f7a947fb4f9a15507c4ce0be062c54a,1536.06,60.32,6.132916168,54000,54000
b8ad84648f7a947fb4f9a15507c4ce0be062c54a,1583.12,62.63,6.316895526,55000,55000
b8ad84648f7a947fb4f9a15507c4ce0be062c54a,1563.50,61.82,6.240344899,54000,54000
b8ad84648f7a947fb4f9a15507c4ce0be062c54a,1535.52,60.20,6.124450952,54000,54000
b8ad84648f7a947fb4f9a15507c4ce0be062c54a,1546.94,60.84,6.173458187,55000,54000
b8ad84648f7a947fb4f9a15507c4ce0be062c54a,1558.75,61.21,6.234525392,54000,54000
b8ad84648f7a947fb4f9a15507c4ce0be062c54a,1549.15,61.48,6.191220385,54000,54000
b8ad84648f7a947fb4f9a15507c4ce0be062c54a,1562.72,61.63,6.234880245,54000,54000
b8ad84648f7a947fb4f9a15507c4ce0be062c54a,1554.99,61.15,6.202735750,54000,54000
b8ad84648f7a947fb4f9a15507c4ce0be062c54a,1554.39,61.33,6.210705843,54000,54000
b8ad84648f7a947fb4f9a15507c4ce0be062c54a,1575.81,62.14,6.278009186,54000,54000
b8ad84648f7a947fb4f9a15507c4ce0be062c54a,1566.96,61.84,6.256428594,54000,54000
b8ad84648f7a947fb4f9a15507c4ce0be062c54a,1544.48,60.58,6.166586951,54000,54000
b8ad84648f7a947fb4f9a15507c4ce0be062c54a,1550.97,60.88,6.175407973,54000,54000
b8ad84648f7a947fb4f9a15507c4ce0be062c54a,1566.30,61.53,6.251806495,54000,54000
b8ad84648f7a947fb4f9a15507c4ce0be062c54a,1546.45,60.64,6.168144924,54000,54000
90b6bac2d698b51dc8465508e3b56377c703c622,1544.28,61.15,6.219974040,56000,55000
90b6bac2d698b51dc8465508e3b56377c703c622,1560.68,61.63,6.242182650,56000,56000
90b6bac2d698b51dc8465508e3b56377c703c622,1539.81,60.83,6.142863027,55000,56000
90b6bac2d698b51dc8465508e3b56377c703c622,1580.12,62.47,6.325403412,54000,55000
90b6bac2d698b51dc8465508e3b56377c703c622,1548.72,61.04,6.187180942,54000,54000
90b6bac2d698b51dc8465508e3b56377c703c622,1538.17,60.52,6.155812142,54000,54000
90b6bac2d698b51dc8465508e3b56377c703c622,1532.15,60.17,6.125287307,54000,53000
90b6bac2d698b51dc8465508e3b56377c703c622,1537.47,60.70,6.145446852,54000,54000
90b6bac2d698b51dc8465508e3b56377c703c622,1552.96,61.26,6.202161090,54000,54000
90b6bac2d698b51dc8465508e3b56377c703c622,1543.62,60.93,6.156860839,54000,54000
90b6bac2d698b51dc8465508e3b56377c703c622,1547.29,60.87,6.188526211,54000,54000
90b6bac2d698b51dc8465508e3b56377c703c622,1543.48,60.88,6.163473423,54000,53000
90b6bac2d698b51dc8465508e3b56377c703c622,1553.61,61.03,6.206211793,54000,54000
90b6bac2d698b51dc8465508e3b56377c703c622,1532.45,60.20,6.117309831,54000,54000
90b6bac2d698b51dc8465508e3b56377c703c622,1539.69,60.54,6.148749544,54000,54000
90b6bac2d698b51dc8465508e3b56377c703c622,1537.86,60.53,6.167955920,54000,54000
90b6bac2d698b51dc8465508e3b56377c703c622,1542.91,60.58,6.163154709,54000,54000
90b6bac2d698b51dc8465508e3b56377c703c622,1553.37,61.00,6.206221065,54000,54000
90b6bac2d698b51dc8465508e3b56377c703c622,1569.93,61.68,6.273229557,55000,54000
90b6bac2d698b51dc8465508e3b56377c703c622,1546.27,60.66,6.176323966,54000,54000
90b6bac2d698b51dc8465508e3b56377c703c622,1548.06,60.49,6.178441157,54000,55000
90b6bac2d698b51dc8465508e3b56377c703c622,1531.24,60.32,6.116120159,54000,54000
90b6bac2d698b51dc8465508e3b56377c703c622,1560.83,61.57,6.223674345,54000,54000
90b6bac2d698b51dc8465508e3b56377c703c622,1538.23,60.49,6.145303373,54000,54000
90b6bac2d698b51dc8465508e3b56377c703c622,1541.81,60.52,6.155715220,54000,54000
90b6bac2d698b51dc8465508e3b56377c703c622,1551.30,61.40,6.193582066,54000,54000
90b6bac2d698b51dc8465508e3b56377c703c622,1525.20,60.10,6.082547041,54000,54000
90b6bac2d698b51dc8465508e3b56377c703c622,1558.44,61.20,6.226383973,54000,54000
90b6bac2d698b51dc8465508e3b56377c703c622,1565.55,61.83,6.249340745,54000,54000
90b6bac2d698b51dc8465508e3b56377c703c622,1557.90,61.27,6.227474214,54000,54000
762ba741dc550cea2b64869483bc9ec53c16fb06,1554.34,61.25,6.207506986,55000,56000
762ba741dc550cea2b64869483bc9ec53c16fb06,1569.31,61.93,6.260838097,54000,54000
762ba741dc550cea2b64869483bc9ec53c16fb06,1540.42,60.79,6.164804944,54000,54000
762ba741dc550cea2b64869483bc9ec53c16fb06,1549.12,61.06,6.188011424,54000,54000
762ba741dc550cea2b64869483bc9ec53c16fb06,1579.32,62.43,6.317908082,54000,54000
762ba741dc550cea2b64869483bc9ec53c16fb06,1552.82,61.35,6.193088662,55000,55000
762ba741dc550cea2b64869483bc9ec53c16fb06,1550.00,60.93,6.194186172,54000,54000
762ba741dc550cea2b64869483bc9ec53c16fb06,1540.12,60.63,6.145388375,54000,54000
762ba741dc550cea2b64869483bc9ec53c16fb06,1560.07,61.55,6.230412282,54000,54000
762ba741dc550cea2b64869483bc9ec53c16fb06,1555.59,61.69,6.209269360,54000,54000
762ba741dc550cea2b64869483bc9ec53c16fb06,1546.13,60.73,6.161347954,54000,54000
762ba741dc550cea2b64869483bc9ec53c16fb06,1543.61,60.84,6.171369286,53000,54000
762ba741dc550cea2b64869483bc9ec53c16fb06,1552.12,61.37,6.189884493,54000,54000
762ba741dc550cea2b64869483bc9ec53c16fb06,1570.60,61.96,6.274432222,54000,54000
762ba741dc550cea2b64869483bc9ec53c16fb06,1557.08,61.23,6.215019521,54000,54000
762ba741dc550cea2b64869483bc9ec53c16fb06,1571.02,61.91,6.271614152,55000,55000
762ba741dc550cea2b64869483bc9ec53c16fb06,1550.45,60.97,6.194265823,54000,54000
762ba741dc550cea2b64869483bc9ec53c16fb06,1558.74,61.26,6.238229707,54000,54000
762ba741dc550cea2b64869483bc9ec53c16fb06,1585.21,62.38,6.330234826,54000,54000
762ba741dc550cea2b64869483bc9ec53c16fb06,1567.40,62.03,6.252852337,54000,54000
762ba741dc550cea2b64869483bc9ec53c16fb06,1564.53,61.62,6.260667738,54000,54000
762ba741dc550cea2b64869483bc9ec53c16fb06,1562.59,61.46,6.237201837,54000,54000
762ba741dc550cea2b64869483bc9ec53c16fb06,1553.30,61.23,6.189060408,54000,54000
762ba741dc550cea2b64869483bc9ec53c16fb06,1548.41,61.06,6.170768613,54000,54000
762ba741dc550cea2b64869483bc9ec53c16fb06,1568.42,61.76,6.256293280,54000,54000
762ba741dc550cea2b64869483bc9ec53c16fb06,1555.22,61.21,6.202456596,54000,54000
762ba741dc550cea2b64869483bc9ec53c16fb06,1545.51,60.93,6.169487208,54000,54000
762ba741dc550cea2b64869483bc9ec53c16fb06,1549.84,61.07,6.191323235,54000,54000
762ba741dc550cea2b64869483bc9ec53c16fb06,1556.73,61.30,6.218264953,55000,55000
762ba741dc550cea2b64869483bc9ec53c16fb06,1572.47,61.99,6.265370564,54000,55000
5dce2374aae6a1af981764a07fb138bbd3eb179d,1565.29,61.74,6.246435738,55000,54000
5dce2374aae6a1af981764a07fb138bbd3eb179d,1556.46,61.37,6.219056964,54000,54000
5dce2374aae6a1af981764a07fb138bbd3eb179d,1535.34,60.34,6.142964084,54000,54000
5dce2374aae6a1af981764a07fb138bbd3eb179d,1550.89,61.21,6.199532491,54000,54000
5dce2374aae6a1af981764a07fb138bbd3eb179d,1552.04,61.14,6.180182525,54000,54000
5dce2374aae6a1af981764a07fb138bbd3eb179d,1556.15,61.40,6.208135603,54000,54000
5dce2374aae6a1af981764a07fb138bbd3eb179d,1578.54,62.59,6.298328366,54000,54000
5dce2374aae6a1af981764a07fb138bbd3eb179d,1560.83,61.69,6.227605983,54000,54000
5dce2374aae6a1af981764a07fb138bbd3eb179d,1547.97,60.96,6.175214622,54000,54000
5dce2374aae6a1af981764a07fb138bbd3eb179d,1558.18,61.78,6.213397962,54000,54000
5dce2374aae6a1af981764a07fb138bbd3eb179d,1558.80,61.66,6.217897849,54000,53000
5dce2374aae6a1af981764a07fb138bbd3eb179d,1564.77,61.88,6.236574837,54000,54000
5dce2374aae6a1af981764a07fb138bbd3eb179d,1570.02,61.74,6.277600898,54000,55000
5dce2374aae6a1af981764a07fb138bbd3eb179d,1546.51,60.83,6.178080392,54000,54000
5dce2374aae6a1af981764a07fb138bbd3eb179d,1558.20,61.48,6.217257818,55000,54000
5dce2374aae6a1af981764a07fb138bbd3eb179d,1553.01,61.10,6.202499446,54000,54000
5dce2374aae6a1af981764a07fb138bbd3eb179d,1545.45,61.26,6.178741548,54000,53000
5dce2374aae6a1af981764a07fb138bbd3eb179d,1562.47,61.22,6.234660678,54000,54000
5dce2374aae6a1af981764a07fb138bbd3eb179d,1547.94,61.26,6.172722751,54000,54000
5dce2374aae6a1af981764a07fb138bbd3eb179d,1568.43,62.02,6.256471928,56000,54000
5dce2374aae6a1af981764a07fb138bbd3eb179d,1555.72,61.04,6.202946640,54000,54000
5dce2374aae6a1af981764a07fb138bbd3eb179d,1558.73,61.23,6.232259685,54000,54000
5dce2374aae6a1af981764a07fb138bbd3eb179d,1543.60,60.56,6.171864522,54000,55000
5dce2374aae6a1af981764a07fb138bbd3eb179d,1538.35,60.61,6.132787230,54000,54000
5dce2374aae6a1af981764a07fb138bbd3eb179d,1570.05,61.78,6.264530231,54000,53000
5dce2374aae6a1af981764a07fb138bbd3eb179d,1576.28,61.91,6.304800243,54000,54000
5dce2374aae6a1af981764a07fb138bbd3eb179d,1543.68,60.88,6.153947912,54000,54000
5dce2374aae6a1af981764a07fb138bbd3eb179d,1550.79,61.13,6.189080904,54000,55000
5dce2374aae6a1af981764a07fb138bbd3eb179d,1585.34,62.53,6.335838445,54000,55000
5dce2374aae6a1af981764a07fb138bbd3eb179d,1541.62,60.76,6.145662011,55000,54000
20c189a240e1f863d07a5cf91453cc1c2fdf4823,1540.66,61.42,6.197412630,57000,56000
20c189a240e1f863d07a5cf91453cc1c2fdf4823,1552.77,61.38,6.192370127,55000,56000
20c189a240e1f863d07a5cf91453cc1c2fdf4823,1541.81,61.08,6.162403436,54000,54000
20c189a240e1f863d07a5cf91453cc1c2fdf4823,1531.82,60.67,6.120156435,54000,54000
20c189a240e1f863d07a5cf91453cc1c2fdf4823,1563.21,61.91,6.233319293,54000,54000
20c189a240e1f863d07a5cf91453cc1c2fdf4823,1546.25,61.03,6.175158135,55000,55000
20c189a240e1f863d07a5cf91453cc1c2fdf4823,1539.34,60.88,6.151514905,54000,54000
20c189a240e1f863d07a5cf91453cc1c2fdf4823,1527.98,60.31,6.100848526,54000,54000
20c189a240e1f863d07a5cf91453cc1c2fdf4823,1549.15,61.27,6.169260589,54000,54000
20c189a240e1f863d07a5cf91453cc1c2fdf4823,1573.03,62.31,6.276340229,54000,54000
20c189a240e1f863d07a5cf91453cc1c2fdf4823,1543.16,60.68,6.163433538,54000,54000
20c189a240e1f863d07a5cf91453cc1c2fdf4823,1549.21,61.34,6.178348204,54000,54000
20c189a240e1f863d07a5cf91453cc1c2fdf4823,1539.22,60.73,6.142368721,54000,54000
20c189a240e1f863d07a5cf91453cc1c2fdf4823,1548.25,61.27,6.176683968,54000,54000
20c189a240e1f863d07a5cf91453cc1c2fdf4823,1552.57,61.28,6.189464444,54000,54000
20c189a240e1f863d07a5cf91453cc1c2fdf4823,1556.70,61.42,6.221891115,54000,55000
20c189a240e1f863d07a5cf91453cc1c2fdf4823,1545.48,61.16,6.162423676,55000,54000
20c189a240e1f863d07a5cf91453cc1c2fdf4823,1564.38,61.62,6.241102641,55000,55000
20c189a240e1f863d07a5cf91453cc1c2fdf4823,1537.01,60.59,6.146686816,54000,53000
20c189a240e1f863d07a5cf91453cc1c2fdf4823,1569.45,62.06,6.280412721,54000,54000
20c189a240e1f863d07a5cf91453cc1c2fdf4823,1579.03,62.54,6.316339362,54000,54000
20c189a240e1f863d07a5cf91453cc1c2fdf4823,1546.97,61.39,6.174462704,54000,54000
20c189a240e1f863d07a5cf91453cc1c2fdf4823,1553.91,61.30,6.194664096,55000,55000
20c189a240e1f863d07a5cf91453cc1c2fdf4823,1544.60,60.81,6.158935760,54000,55000
20c189a240e1f863d07a5cf91453cc1c2fdf4823,1557.53,61.47,6.227492463,54000,54000
20c189a240e1f863d07a5cf91453cc1c2fdf4823,1549.27,61.04,6.180521612,55000,55000
20c189a240e1f863d07a5cf91453cc1c2fdf4823,1544.71,60.77,6.172840659,55000,54000
20c189a240e1f863d07a5cf91453cc1c2fdf4823,1556.10,61.40,6.202213804,54000,54000
20c189a240e1f863d07a5cf91453cc1c2fdf4823,1549.54,61.04,6.187264273,54000,54000
20c189a240e1f863d07a5cf91453cc1c2fdf4823,1573.30,62.09,6.287888497,53000,53000
68c38853d7568f18ce53363e0b88f91378c00df6,1572.77,62.30,6.281110884,54000,54000
68c38853d7568f18ce53363e0b88f91378c00df6,1565.02,61.67,6.240562646,54000,54000
68c38853d7568f18ce53363e0b88f91378c00df6,1545.45,61.20,6.173288332,54000,54000
68c38853d7568f18ce53363e0b88f91378c00df6,1548.99,61.00,6.180999548,54000,54000
68c38853d7568f18ce53363e0b88f91378c00df6,1557.01,61.50,6.222772059,54000,54000
68c38853d7568f18ce53363e0b88f91378c00df6,1548.15,61.27,6.186596613,54000,54000
68c38853d7568f18ce53363e0b88f91378c00df6,1544.42,60.93,6.161139897,54000,54000
68c38853d7568f18ce53363e0b88f91378c00df6,1546.94,61.06,6.176780966,55000,54000
68c38853d7568f18ce53363e0b88f91378c00df6,1576.36,62.52,6.291398630,54000,54000
68c38853d7568f18ce53363e0b88f91378c00df6,1535.23,60.53,6.133122940,54000,54000
68c38853d7568f18ce53363e0b88f91378c00df6,1550.83,61.20,6.193655056,55000,54000
68c38853d7568f18ce53363e0b88f91378c00df6,1570.44,62.05,6.272922838,54000,54000
68c38853d7568f18ce53363e0b88f91378c00df6,1540.78,60.63,6.139803755,54000,54000
68c38853d7568f18ce53363e0b88f91378c00df6,1546.20,61.10,6.170944880,54000,54000
68c38853d7568f18ce53363e0b88f91378c00df6,1563.00,61.70,6.238118333,54000,54000
68c38853d7568f18ce53363e0b88f91378c00df6,1538.94,60.75,6.147846368,54000,54000
68c38853d7568f18ce53363e0b88f91378c00df6,1560.13,61.31,6.230212421,54000,54000
68c38853d7568f18ce53363e0b88f91378c00df6,1551.47,61.33,6.194852113,54000,54000
68c38853d7568f18ce53363e0b88f91378c00df6,1561.84,61.48,6.236933795,54000,54000
68c38853d7568f18ce53363e0b88f91378c00df6,1571.39,62.09,6.271784695,54000,54000
68c38853d7568f18ce53363e0b88f91378c00df6,1535.94,60.10,6.131769944,54000,54000
68c38853d7568f18ce53363e0b88f91378c00df6,1550.86,60.73,6.188932574,54000,54000
68c38853d7568f18ce53363e0b88f91378c00df6,1570.67,61.71,6.273587125,54000,54000
68c38853d7568f18ce53363e0b88f91378c00df6,1558.06,61.30,6.226355827,54000,54000
68c38853d7568f18ce53363e0b88f91378c00df6,1532.91,60.38,6.123372528,55000,55000
68c38853d7568f18ce53363e0b88f91378c00df6,1580.94,62.35,6.323504623,54000,54000
68c38853d7568f18ce53363e0b88f91378c00df6,1561.29,61.51,6.228896853,56000,54000
68c38853d7568f18ce53363e0b88f91378c00df6,1548.17,61.19,6.177026316,54000,54000
68c38853d7568f18ce53363e0b88f91378c00df6,1544.70,60.68,6.163281797,54000,55000
68c38853d7568f18ce53363e0b88f91378c00df6,1535.09,60.37,6.126509715,54000,54000
0138ac401ae8da2b12fdcbe580b6f73feedd6a6b,1543.06,60.98,6.159408174,54000,54000
0138ac401ae8da2b12fdcbe580b6f73feedd6a6b,1548.30,61.04,6.170716584,54000,54000
0138ac401ae8da2b12fdcbe580b6f73feedd6a6b,1525.42,60.40,6.080123346,55000,54000
0138ac401ae8da2b12fdcbe580b6f73feedd6a6b,1529.73,60.42,6.099243118,54000,54000
0138ac401ae8da2b12fdcbe580b6f73feedd6a6b,1528.77,60.19,6.094482850,54000,54000
0138ac401ae8da2b12fdcbe580b6f73feedd6a6b,1538.55,60.74,6.160099170,54000,54000
0138ac401ae8da2b12fdcbe580b6f73feedd6a6b,1529.07,60.34,6.111795016,54000,54000
0138ac401ae8da2b12fdcbe580b6f73feedd6a6b,1536.46,60.66,6.128621007,54000,54000
0138ac401ae8da2b12fdcbe580b6f73feedd6a6b,1557.45,61.29,6.212206719,54000,54000
0138ac401ae8da2b12fdcbe580b6f73feedd6a6b,1526.66,60.02,6.096973453,54000,54000
0138ac401ae8da2b12fdcbe580b6f73feedd6a6b,1544.16,60.94,6.155975959,56000,55000
0138ac401ae8da2b12fdcbe580b6f73feedd6a6b,1560.84,61.66,6.225627682,54000,55000
0138ac401ae8da2b12fdcbe580b6f73feedd6a6b,1519.90,59.96,6.068939749,54000,54000
0138ac401ae8da2b12fdcbe580b6f73feedd6a6b,1567.63,62.00,6.258392485,54000,54000
0138ac401ae8da2b12fdcbe580b6f73feedd6a6b,1521.45,59.96,6.073920508,54000,54000
0138ac401ae8da2b12fdcbe580b6f73feedd6a6b,1528.22,60.19,6.110243871,53000,54000
0138ac401ae8da2b12fdcbe580b6f73feedd6a6b,1555.75,61.39,6.225538016,54000,54000
0138ac401ae8da2b12fdcbe580b6f73feedd6a6b,1542.30,60.63,6.155431780,53000,54000
0138ac401ae8da2b12fdcbe580b6f73feedd6a6b,1533.72,60.38,6.125161303,54000,54000
0138ac401ae8da2b12fdcbe580b6f73feedd6a6b,1573.36,61.98,6.267093631,54000,54000
0138ac401ae8da2b12fdcbe580b6f73feedd6a6b,1546.11,61.15,6.169638661,54000,54000
0138ac401ae8da2b12fdcbe580b6f73feedd6a6b,1534.10,60.47,6.122138049,54000,54000
0138ac401ae8da2b12fdcbe580b6f73feedd6a6b,1539.69,60.67,6.132666082,54000,54000
0138ac401ae8da2b12fdcbe580b6f73feedd6a6b,1553.44,61.56,6.198474779,54000,54000
0138ac401ae8da2b12fdcbe580b6f73feedd6a6b,1529.80,60.26,6.098784675,54000,54000
0138ac401ae8da2b12fdcbe580b6f73feedd6a6b,1554.62,61.39,6.203665489,54000,54000
0138ac401ae8da2b12fdcbe580b6f73feedd6a6b,1525.54,60.04,6.076346680,54000,54000
0138ac401ae8da2b12fdcbe580b6f73feedd6a6b,1540.23,60.75,6.141459220,55000,54000
0138ac401ae8da2b12fdcbe580b6f73feedd6a6b,1547.26,61.14,6.180102299,54000,54000
0138ac401ae8da2b12fdcbe580b6f73feedd6a6b,1544.88,61.05,6.170759733,55000,54000
1d5324e08f236b97fbedbbc09a79924c0f55b6cb,1546.03,60.89,6.179221024,55000,56000
1d5324e08f236b97fbedbbc09a79924c0f55b6cb,1553.79,61.33,6.198867523,54000,54000
1d5324e08f236b97fbedbbc09a79924c0f55b6cb,1562.56,62.02,6.225456961,54000,54000
1d5324e08f236b97fbedbbc09a79924c0f55b6cb,1534.72,60.66,6.119803741,54000,53000
1d5324e08f236b97fbedbbc09a79924c0f55b6cb,1564.55,61.87,6.252430703,54000,54000
1d5324e08f236b97fbedbbc09a79924c0f55b6cb,1574.20,62.17,6.287530330,54000,55000
1d5324e08f236b97fbedbbc09a79924c0f55b6cb,1538.06,60.59,6.133261028,54000,55000
1d5324e08f236b97fbedbbc09a79924c0f55b6cb,1548.38,61.29,6.183527894,54000,54000
1d5324e08f236b97fbedbbc09a79924c0f55b6cb,1538.23,60.95,6.130046326,54000,55000
1d5324e08f236b97fbedbbc09a79924c0f55b6cb,1542.72,61.02,6.147703116,54000,53000
1d5324e08f236b97fbedbbc09a79924c0f55b6cb,1565.01,61.96,6.238836709,54000,54000
1d5324e08f236b97fbedbbc09a79924c0f55b6cb,1545.86,60.89,6.171342155,54000,54000
1d5324e08f236b97fbedbbc09a79924c0f55b6cb,1539.44,60.87,6.143366103,54000,55000
1d5324e08f236b97fbedbbc09a79924c0f55b6cb,1541.76,60.70,6.152029346,54000,54000
1d5324e08f236b97fbedbbc09a79924c0f55b6cb,1530.38,60.22,6.097953589,54000,54000
1d5324e08f236b97fbedbbc09a79924c0f55b6cb,1534.69,60.68,6.120376692,54000,55000
1d5324e08f236b97fbedbbc09a79924c0f55b6cb,1556.40,61.76,6.201874443,54000,54000
1d5324e08f236b97fbedbbc09a79924c0f55b6cb,1536.69,60.35,6.133781420,54000,55000
1d5324e08f236b97fbedbbc09a79924c0f55b6cb,1526.12,60.20,6.088485442,54000,54000
1d5324e08f236b97fbedbbc09a79924c0f55b6cb,1522.31,60.15,6.083087925,54000,54000
1d5324e08f236b97fbedbbc09a79924c0f55b6cb,1550.40,61.10,6.179085774,54000,54000
1d5324e08f236b97fbedbbc09a79924c0f55b6cb,1552.03,61.25,6.182363439,54000,55000
1d5324e08f236b97fbedbbc09a79924c0f55b6cb,1570.11,62.05,6.256117932,54000,54000
1d5324e08f236b97fbedbbc09a79924c0f55b6cb,1525.19,59.98,6.093391272,55000,54000
1d5324e08f236b97fbedbbc09a79924c0f55b6cb,1524.92,60.23,6.099170046,54000,54000
1d5324e08f236b97fbedbbc09a79924c0f55b6cb,1575.02,62.12,6.284126076,54000,55000
1d5324e08f236b97fbedbbc09a79924c0f55b6cb,1544.56,60.96,6.157668024,53000,54000
1d5324e08f236b97fbedbbc09a79924c0f55b6cb,1534.78,60.50,6.119166549,54000,55000
1d5324e08f236b97fbedbbc09a79924c0f55b6cb,1578.79,62.44,6.289228071,54000,55000
1d5324e08f236b97fbedbbc09a79924c0f55b6cb,1542.74,60.99,6.153612182,54000,54000
3e80ca34a9a562ddbbb717e989d1c89b3f39171d,1563.63,61.95,6.235012353,55000,56000
3e80ca34a9a562ddbbb717e989d1c89b3f39171d,1541.07,60.69,6.147983387,55000,55000
3e80ca34a9a562ddbbb717e989d1c89b3f39171d,1542.23,60.93,6.159057950,54000,54000
3e80ca34a9a562ddbbb717e989d1c89b3f39171d,1554.96,61.58,6.204834662,53000,54000
3e80ca34a9a562ddbbb717e989d1c89b3f39171d,1579.88,62.64,6.311967023,54000,54000
3e80ca34a9a562ddbbb717e989d1c89b3f39171d,1571.38,62.44,6.267789617,54000,54000
3e80ca34a9a562ddbbb717e989d1c89b3f39171d,1550.48,61.16,6.173914007,55000,54000
3e80ca34a9a562ddbbb717e989d1c89b3f39171d,1543.98,60.87,6.173671171,55000,55000
3e80ca34a9a562ddbbb717e989d1c89b3f39171d,1552.02,61.41,6.197034010,54000,54000
3e80ca34a9a562ddbbb717e989d1c89b3f39171d,1558.72,61.57,6.214517895,54000,54000
3e80ca34a9a562ddbbb717e989d1c89b3f39171d,1546.79,61.04,6.176742406,54000,54000
3e80ca34a9a562ddbbb717e989d1c89b3f39171d,1566.67,62.01,6.258391198,54000,54000
3e80ca34a9a562ddbbb717e989d1c89b3f39171d,1556.86,61.36,6.215351745,54000,55000
3e80ca34a9a562ddbbb717e989d1c89b3f39171d,1565.33,61.71,6.248593807,54000,54000
3e80ca34a9a562ddbbb717e989d1c89b3f39171d,1537.54,60.45,6.133361995,54000,53000
3e80ca34a9a562ddbbb717e989d1c89b3f39171d,1542.41,60.88,6.157939825,54000,54000
3e80ca34a9a562ddbbb717e989d1c89b3f39171d,1540.72,60.65,6.141910726,54000,54000
3e80ca34a9a562ddbbb717e989d1c89b3f39171d,1538.86,60.51,6.127762487,54000,54000
3e80ca34a9a562ddbbb717e989d1c89b3f39171d,1542.43,60.48,6.153565003,54000,54000
3e80ca34a9a562ddbbb717e989d1c89b3f39171d,1538.77,60.52,6.137013054,54000,54000
3e80ca34a9a562ddbbb717e989d1c89b3f39171d,1549.96,61.15,6.173687577,54000,54000
3e80ca34a9a562ddbbb717e989d1c89b3f39171d,1562.58,61.72,6.224424559,54000,54000
3e80ca34a9a562ddbbb717e989d1c89b3f39171d,1528.90,60.03,6.096167706,53000,53000
3e80ca34a9a562ddbbb717e989d1c89b3f39171d,1555.95,61.41,6.212813348,55000,54000
3e80ca34a9a562ddbbb717e989d1c89b3f39171d,1545.93,60.89,6.161446183,54000,54000
3e80ca34a9a562ddbbb717e989d1c89b3f39171d,1560.72,61.70,6.226171308,54000,54000
3e80ca34a9a562ddbbb717e989d1c89b3f39171d,1549.45,61.07,6.169058584,55000,54000
3e80ca34a9a562ddbbb717e989d1c89b3f39171d,1542.50,60.80,6.155785144,54000,54000
3e80ca34a9a562ddbbb717e989d1c89b3f39171d,1544.03,60.95,6.158334533,55000,54000
3e80ca34a9a562ddbbb717e989d1c89b3f39171d,1532.68,60.43,6.115306624,54000,54000
6eadc178b68c20a1a074d2f0e8486c70eee8ecd1,1533.63,60.28,6.124742519,55000,55000
6eadc178b68c20a1a074d2f0e8486c70eee8ecd1,1552.71,61.32,6.189771535,56000,55000
6eadc178b68c20a1a074d2f0e8486c70eee8ecd1,1549.34,61.33,6.176628642,55000,56000
6eadc178b68c20a1a074d2f0e8486c70eee8ecd1,1549.59,61.20,6.191212146,54000,54000
6eadc178b68c20a1a074d2f0e8486c70eee8ecd1,1555.88,61.16,6.217956102,54000,54000
6eadc178b68c20a1a074d2f0e8486c70eee8ecd1,1542.65,61.04,6.161095756,54000,53000
6eadc178b68c20a1a074d2f0e8486c70eee8ecd1,1535.08,60.47,6.138717273,54000,54000
6eadc178b68c20a1a074d2f0e8486c70eee8ecd1,1542.35,60.92,6.146531136,54000,55000
6eadc178b68c20a1a074d2f0e8486c70eee8ecd1,1551.66,61.39,6.193257008,55000,54000
6eadc178b68c20a1a074d2f0e8486c70eee8ecd1,1557.96,61.46,6.229139666,54000,54000
6eadc178b68c20a1a074d2f0e8486c70eee8ecd1,1541.13,60.67,6.153929305,54000,54000
6eadc178b68c20a1a074d2f0e8486c70eee8ecd1,1531.06,60.32,6.110241217,54000,54000
6eadc178b68c20a1a074d2f0e8486c70eee8ecd1,1545.15,61.06,6.157756275,54000,54000
6eadc178b68c20a1a074d2f0e8486c70eee8ecd1,1561.81,61.81,6.236088273,54000,54000
6eadc178b68c20a1a074d2f0e8486c70eee8ecd1,1550.92,61.14,6.190349562,54000,55000
6eadc178b68c20a1a074d2f0e8486c70eee8ecd1,1532.37,60.50,6.119264745,54000,54000
6eadc178b68c20a1a074d2f0e8486c70eee8ecd1,1522.45,59.97,6.081175185,54000,54000
6eadc178b68c20a1a074d2f0e8486c70eee8ecd1,1560.02,61.92,6.225692821,54000,54000
6eadc178b68c20a1a074d2f0e8486c70eee8ecd1,1547.96,61.15,6.182379832,54000,54000
6eadc178b68c20a1a074d2f0e8486c70eee8ecd1,1525.14,59.83,6.079088353,54000,55000
6eadc178b68c20a1a074d2f0e8486c70eee8ecd1,1562.91,61.55,6.238905120,54000,54000
6eadc178b68c20a1a074d2f0e8486c70eee8ecd1,1567.70,61.95,6.259529123,54000,54000
6eadc178b68c20a1a074d2f0e8486c70eee8ecd1,1527.75,60.16,6.100163112,54000,54000
6eadc178b68c20a1a074d2f0e8486c70eee8ecd1,1524.91,59.85,6.091078456,54000,53000
6eadc178b68c20a1a074d2f0e8486c70eee8ecd1,1539.65,60.72,6.156330106,54000,54000
6eadc178b68c20a1a074d2f0e8486c70eee8ecd1,1568.39,61.94,6.256180769,54000,54000
6eadc178b68c20a1a074d2f0e8486c70eee8ecd1,1544.08,60.80,6.156774411,54000,54000
6eadc178b68c20a1a074d2f0e8486c70eee8ecd1,1542.44,60.77,6.150019888,54000,54000
6eadc178b68c20a1a074d2f0e8486c70eee8ecd1,1528.90,60.26,6.108764198,54000,54000
6eadc178b68c20a1a074d2f0e8486c70eee8ecd1,1529.56,60.23,6.110042727,55000,54000
11d25fd70769de912a45bc6ae796da0cdad607e1,1543.94,60.56,6.157678061,56000,56000
11d25fd70769de912a45bc6ae796da0cdad607e1,1527.37,59.97,6.098959520,54000,55000
11d25fd70769de912a45bc6ae796da0cdad607e1,1537.29,60.38,6.116232296,54000,55000
11d25fd70769de912a45bc6ae796da0cdad607e1,1556.46,61.21,6.211730588,54000,55000
11d25fd70769de912a45bc6ae796da0cdad607e1,1534.21,60.46,6.131968229,54000,54000
11d25fd70769de912a45bc6ae796da0cdad607e1,1545.28,60.69,6.169573607,54000,54000
11d25fd70769de912a45bc6ae796da0cdad607e1,1529.88,60.31,6.093381152,54000,54000
11d25fd70769de912a45bc6ae796da0cdad607e1,1558.40,61.10,6.221181813,54000,54000
11d25fd70769de912a45bc6ae796da0cdad607e1,1531.00,60.19,6.099867724,54000,54000
11d25fd70769de912a45bc6ae796da0cdad607e1,1535.05,60.56,6.133436695,54000,54000
11d25fd70769de912a45bc6ae796da0cdad607e1,1516.20,59.46,6.050010413,54000,54000
11d25fd70769de912a45bc6ae796da0cdad607e1,1551.78,60.95,6.181037913,54000,54000
11d25fd70769de912a45bc6ae796da0cdad607e1,1560.08,61.29,6.214102356,54000,54000
11d25fd70769de912a45bc6ae796da0cdad607e1,1542.61,60.61,6.148989293,54000,54000
11d25fd70769de912a45bc6ae796da0cdad607e1,1544.52,60.82,6.158046111,54000,54000
11d25fd70769de912a45bc6ae796da0cdad607e1,1517.21,59.56,6.060987992,54000,54000
11d25fd70769de912a45bc6ae796da0cdad607e1,1542.06,60.63,6.159558166,54000,54000
11d25fd70769de912a45bc6ae796da0cdad607e1,1528.26,59.87,6.093443864,54000,54000
11d25fd70769de912a45bc6ae796da0cdad607e1,1556.46,61.10,6.197986502,54000,54000
11d25fd70769de912a45bc6ae796da0cdad607e1,1540.12,60.59,6.140158224,54000,54000
11d25fd70769de912a45bc6ae796da0cdad607e1,1563.96,61.62,6.232420070,54000,55000
11d25fd70769de912a45bc6ae796da0cdad607e1,1525.95,60.11,6.079421124,54000,55000
11d25fd70769de912a45bc6ae796da0cdad607e1,1555.30,61.48,6.196374933,54000,55000
11d25fd70769de912a45bc6ae796da0cdad607e1,1541.84,60.91,6.146285136,54000,55000
11d25fd70769de912a45bc6ae796da0cdad607e1,1551.10,61.13,6.171345703,54000,54000
11d25fd70769de912a45bc6ae796da0cdad607e1,1546.90,60.97,6.176411771,55000,55000
11d25fd70769de912a45bc6ae796da0cdad607e1,1535.78,60.43,6.131813022,54000,54000
11d25fd70769de912a45bc6ae796da0cdad607e1,1523.71,59.97,6.073432301,54000,55000
11d25fd70769de912a45bc6ae796da0cdad607e1,1551.92,60.94,6.185075123,55000,54000
11d25fd70769de912a45bc6ae796da0cdad607e1,1547.17,61.00,6.169845408,54000,54000
f0f11f7aa18ca1a081e89dfc6ed30302cc7af8f3,1524.67,60.59,6.125804038,57000,56000
f0f11f7aa18ca1a081e89dfc6ed30302cc7af8f3,1538.71,60.83,6.142360326,56000,56000
f0f11f7aa18ca1a081e89dfc6ed30302cc7af8f3,1528.48,60.22,6.097812492,54000,54000
f0f11f7aa18ca1a081e89dfc6ed30302cc7af8f3,1517.26,59.71,6.057732624,54000,54000
f0f11f7aa18ca1a081e89dfc6ed30302cc7af8f3,1552.43,61.03,6.187949441,54000,54000
f0f11f7aa18ca1a081e89dfc6ed30302cc7af8f3,1563.72,61.41,6.237636060,54000,54000
f0f11f7aa18ca1a081e89dfc6ed30302cc7af8f3,1533.34,60.49,6.118426112,54000,54000
f0f11f7aa18ca1a081e89dfc6ed30302cc7af8f3,1561.43,61.79,6.224942795,54000,54000
f0f11f7aa18ca1a081e89dfc6ed30302cc7af8f3,1547.73,60.90,6.160837545,54000,54000
f0f11f7aa18ca1a081e89dfc6ed30302cc7af8f3,1534.64,60.40,6.118335580,54000,54000
f0f11f7aa18ca1a081e89dfc6ed30302cc7af8f3,1557.15,61.62,6.204843033,55000,54000
f0f11f7aa18ca1a081e89dfc6ed30302cc7af8f3,1569.54,61.90,6.252933737,55000,54000
f0f11f7aa18ca1a081e89dfc6ed30302cc7af8f3,1561.59,61.27,6.221783711,54000,54000
f0f11f7aa18ca1a081e89dfc6ed30302cc7af8f3,1549.68,61.15,6.170842790,54000,54000
f0f11f7aa18ca1a081e89dfc6ed30302cc7af8f3,1550.21,61.02,6.172538672,54000,54000
f0f11f7aa18ca1a081e89dfc6ed30302cc7af8f3,1538.87,60.59,6.135837269,54000,55000
f0f11f7aa18ca1a081e89dfc6ed30302cc7af8f3,1552.54,61.24,6.181063931,54000,54000
f0f11f7aa18ca1a081e89dfc6ed30302cc7af8f3,1535.66,60.67,6.130111915,54000,54000
f0f11f7aa18ca1a081e89dfc6ed30302cc7af8f3,1538.48,60.69,6.139454294,54000,54000
f0f11f7aa18ca1a081e89dfc6ed30302cc7af8f3,1531.64,60.69,6.114368030,54000,54000
f0f11f7aa18ca1a081e89dfc6ed30302cc7af8f3,1560.37,61.55,6.241417671,54000,55000
f0f11f7aa18ca1a081e89dfc6ed30302cc7af8f3,1535.45,60.57,6.126552029,54000,55000
f0f11f7aa18ca1a081e89dfc6ed30302cc7af8f3,1562.00,61.91,6.229689560,54000,54000
f0f11f7aa18ca1a081e89dfc6ed30302cc7af8f3,1557.44,61.45,6.206931883,54000,55000
f0f11f7aa18ca1a081e89dfc6ed30302cc7af8f3,1529.44,60.11,6.103275015,55000,54000
f0f11f7aa18ca1a081e89dfc6ed30302cc7af8f3,1535.41,60.32,6.125133340,55000,54000
f0f11f7aa18ca1a081e89dfc6ed30302cc7af8f3,1567.14,61.99,6.256150595,54000,54000
f0f11f7aa18ca1a081e89dfc6ed30302cc7af8f3,1557.78,61.40,6.213719046,54000,54000
f0f11f7aa18ca1a081e89dfc6ed30302cc7af8f3,1541.41,60.78,6.144174294,55000,54000
f0f11f7aa18ca1a081e89dfc6ed30302cc7af8f3,1549.40,61.23,6.181583578,55000,55000
a13289a1c1a3192e78df65a5df7973df3aebae79,1556.73,61.02,6.203233679,55000,55000
a13289a1c1a3192e78df65a5df7973df3aebae79,1542.74,60.99,6.158295164,54000,54000
a13289a1c1a3192e78df65a5df7973df3aebae79,1531.70,60.36,6.116979333,54000,54000
a13289a1c1a3192e78df65a5df7973df3aebae79,1524.62,59.78,6.073399884,54000,54000
a13289a1c1a3192e78df65a5df7973df3aebae79,1540.94,60.47,6.138134348,54000,54000
a13289a1c1a3192e78df65a5df7973df3aebae79,1536.94,60.47,6.125114804,54000,54000
a13289a1c1a3192e78df65a5df7973df3aebae79,1557.18,61.36,6.195956901,54000,54000
a13289a1c1a3192e78df65a5df7973df3aebae79,1554.51,61.25,6.189606448,54000,54000
a13289a1c1a3192e78df65a5df7973df3aebae79,1529.21,60.19,6.091587148,55000,54000
a13289a1c1a3192e78df65a5df7973df3aebae79,1549.32,61.08,6.178348455,54000,54000
a13289a1c1a3192e78df65a5df7973df3aebae79,1521.97,59.90,6.068338866,54000,54000
a13289a1c1a3192e78df65a5df7973df3aebae79,1534.36,60.13,6.117503720,54000,54000
a13289a1c1a3192e78df65a5df7973df3aebae79,1546.41,60.56,6.164373459,55000,54000
a13289a1c1a3192e78df65a5df7973df3aebae79,1550.71,60.84,6.179044740,54000,54000
a13289a1c1a3192e78df65a5df7973df3aebae79,1530.72,60.04,6.102709841,54000,54000
a13289a1c1a3192e78df65a5df7973df3aebae79,1541.15,60.53,6.139260908,54000,54000
a13289a1c1a3192e78df65a5df7973df3aebae79,1557.64,61.03,6.217121095,54000,54000
a13289a1c1a3192e78df65a5df7973df3aebae79,1551.85,61.22,6.174888417,55000,55000
a13289a1c1a3192e78df65a5df7973df3aebae79,1517.76,59.67,6.050956640,54000,54000
a13289a1c1a3192e78df65a5df7973df3aebae79,1549.63,60.86,6.172388346,54000,54000
a13289a1c1a3192e78df65a5df7973df3aebae79,1571.86,62.07,6.280645701,54000,54000
a13289a1c1a3192e78df65a5df7973df3aebae79,1543.89,60.84,6.150179715,54000,54000
a13289a1c1a3192e78df65a5df7973df3aebae79,1520.48,59.70,6.055167817,54000,54000
a13289a1c1a3192e78df65a5df7973df3aebae79,1534.65,60.64,6.117753324,55000,55000
a13289a1c1a3192e78df65a5df7973df3aebae79,1530.98,60.50,6.106402669,54000,54000
a13289a1c1a3192e78df65a5df7973df3aebae79,1558.21,61.23,6.225321548,56000,56000
a13289a1c1a3192e78df65a5df7973df3aebae79,1534.31,60.61,6.126940249,55000,55000
a13289a1c1a3192e78df65a5df7973df3aebae79,1544.65,60.94,6.160487141,55000,54000
a13289a1c1a3192e78df65a5df7973df3aebae79,1558.12,61.31,6.216145570,54000,54000
a13289a1c1a3192e78df65a5df7973df3aebae79,1555.07,61.22,6.200369680,54000,54000
190af45cefbc175b2712d5b004b1d25d6199905b,1589.16,62.87,6.324660697,54000,54000
190af45cefbc175b2712d5b004b1d25d6199905b,1571.27,61.86,6.259131562,54000,54000
190af45cefbc175b2712d5b004b1d25d6199905b,1569.30,61.76,6.242812438,54000,54000
190af45cefbc175b2712d5b004b1d25d6199905b,1598.27,62.83,6.373656705,54000,54000
190af45cefbc175b2712d5b004b1d25d6199905b,1602.93,63.15,6.375643802,54000,54000
190af45cefbc175b2712d5b004b1d25d6199905b,1582.43,62.56,6.308869657,55000,55000
190af45cefbc175b2712d5b004b1d25d6199905b,1583.40,62.41,6.303493422,54000,55000
190af45cefbc175b2712d5b004b1d25d6199905b,1578.89,62.09,6.289762880,54000,54000
190af45cefbc175b2712d5b004b1d25d6199905b,1585.27,62.54,6.316125057,55000,55000
190af45cefbc175b2712d5b004b1d25d6199905b,1587.40,62.50,6.330565777,55000,54000
190af45cefbc175b2712d5b004b1d25d6199905b,1589.17,62.61,6.335267091,54000,54000
190af45cefbc175b2712d5b004b1d25d6199905b,1592.74,63.07,6.359794420,54000,54000
190af45cefbc175b2712d5b004b1d25d6199905b,1595.49,62.81,6.368167058,55000,54000
190af45cefbc175b2712d5b004b1d25d6199905b,1571.59,61.75,6.262727156,54000,54000
190af45cefbc175b2712d5b004b1d25d6199905b,1576.38,62.10,6.279232884,54000,54000
190af45cefbc175b2712d5b004b1d25d6199905b,1566.88,61.57,6.234809322,54000,54000
190af45cefbc175b2712d5b004b1d25d6199905b,1597.80,63.12,6.358905486,55000,55000
190af45cefbc175b2712d5b004b1d25d6199905b,1581.12,62.63,6.298097867,54000,54000
190af45cefbc175b2712d5b004b1d25d6199905b,1592.36,62.73,6.338803983,55000,54000
190af45cefbc175b2712d5b004b1d25d6199905b,1591.14,63.06,6.343834316,54000,54000
190af45cefbc175b2712d5b004b1d25d6199905b,1590.56,62.70,6.342180474,55000,54000
190af45cefbc175b2712d5b004b1d25d6199905b,1602.84,63.52,6.384780870,55000,54000
190af45cefbc175b2712d5b004b1d25d6199905b,1593.54,63.05,6.351325486,54000,54000
190af45cefbc175b2712d5b004b1d25d6199905b,1592.65,62.86,6.340190026,54000,55000
190af45cefbc175b2712d5b004b1d25d6199905b,1576.90,62.31,6.291535927,54000,56000
190af45cefbc175b2712d5b004b1d25d6199905b,1605.78,63.52,6.414505410,54000,56000
190af45cefbc175b2712d5b004b1d25d6199905b,1575.91,62.05,6.284211400,54000,54000
190af45cefbc175b2712d5b004b1d25d6199905b,1594.39,62.93,6.363509141,56000,54000
190af45cefbc175b2712d5b004b1d25d6199905b,1575.25,62.04,6.268690795,55000,54000
190af45cefbc175b2712d5b004b1d25d6199905b,1612.04,63.72,6.423909604,54000,54000
f9726db01e92d591f9d20f2a9696fc4e86594d3c,1589.40,62.67,6.329950686,54000,55000
f9726db01e92d591f9d20f2a9696fc4e86594d3c,1571.92,61.84,6.265207781,54000,55000
f9726db01e92d591f9d20f2a9696fc4e86594d3c,1573.84,62.18,6.279985176,55000,55000
f9726db01e92d591f9d20f2a9696fc4e86594d3c,1595.35,62.68,6.353522730,54000,54000
f9726db01e92d591f9d20f2a9696fc4e86594d3c,1595.76,62.89,6.360262300,54000,55000
f9726db01e92d591f9d20f2a9696fc4e86594d3c,1566.51,61.72,6.239608189,54000,54000
f9726db01e92d591f9d20f2a9696fc4e86594d3c,1585.97,62.60,6.318829777,54000,54000
f9726db01e92d591f9d20f2a9696fc4e86594d3c,1579.85,62.23,6.285475747,54000,54000
f9726db01e92d591f9d20f2a9696fc4e86594d3c,1575.27,62.15,6.269877957,54000,54000
f9726db01e92d591f9d20f2a9696fc4e86594d3c,1564.38,61.77,6.228570741,54000,54000
f9726db01e92d591f9d20f2a9696fc4e86594d3c,1565.27,61.41,6.242865466,54000,54000
f9726db01e92d591f9d20f2a9696fc4e86594d3c,1570.57,62.05,6.256582612,54000,54000
f9726db01e92d591f9d20f2a9696fc4e86594d3c,1553.85,61.20,6.198366658,54000,54000
f9726db01e92d591f9d20f2a9696fc4e86594d3c,1578.50,62.07,6.277246405,54000,55000
f9726db01e92d591f9d20f2a9696fc4e86594d3c,1566.50,61.69,6.236340770,54000,54000
f9726db01e92d591f9d20f2a9696fc4e86594d3c,1588.12,62.55,6.317489634,54000,55000
f9726db01e92d591f9d20f2a9696fc4e86594d3c,1567.72,61.77,6.238100460,55000,54000
f9726db01e92d591f9d20f2a9696fc4e86594d3c,1598.85,62.96,6.374368371,54000,54000
f9726db01e92d591f9d20f2a9696fc4e86594d3c,1576.46,62.31,6.271555400,54000,54000
f9726db01e92d591f9d20f2a9696fc4e86594d3c,1602.82,63.26,6.372728109,54000,54000
f9726db01e92d591f9d20f2a9696fc4e86594d3c,1591.95,62.91,6.333178314,54000,54000
f9726db01e92d591f9d20f2a9696fc4e86594d3c,1582.60,62.38,6.297851790,54000,54000
f9726db01e92d591f9d20f2a9696fc4e86594d3c,1617.30,63.68,6.449210608,54000,54000
f9726db01e92d591f9d20f2a9696fc4e86594d3c,1590.62,62.57,6.343420392,54000,54000
f9726db01e92d591f9d20f2a9696fc4e86594d3c,1584.78,62.40,6.342390621,54000,54000
f9726db01e92d591f9d20f2a9696fc4e86594d3c,1571.48,62.02,6.255897104,54000,55000
f9726db01e92d591f9d20f2a9696fc4e86594d3c,1593.71,63.11,6.338147317,55000,55000
f9726db01e92d591f9d20f2a9696fc4e86594d3c,1582.85,62.25,6.303308418,54000,54000
f9726db01e92d591f9d20f2a9696fc4e86594d3c,1584.49,62.45,6.316559227,55000,54000
f9726db01e92d591f9d20f2a9696fc4e86594d3c,1593.23,63.11,6.356355226,54000,54000
adcea6e43673279f5bc2005e960aa460e14474b9,1582.23,62.53,6.348464424,56000,56000
adcea6e43673279f5bc2005e960aa460e14474b9,1589.71,62.25,6.339815270,54000,54000
adcea6e43673279f5bc2005e960aa460e14474b9,1566.05,61.66,6.229927674,54000,54000
adcea6e43673279f5bc2005e960aa460e14474b9,1597.13,62.76,6.355144992,54000,54000
adcea6e43673279f5bc2005e960aa460e14474b9,1603.85,62.97,6.395492453,54000,53000
adcea6e43673279f5bc2005e960aa460e14474b9,1588.51,62.23,6.333479780,54000,54000
adcea6e43673279f5bc2005e960aa460e14474b9,1568.17,61.81,6.254099492,54000,54000
adcea6e43673279f5bc2005e960aa460e14474b9,1565.25,61.48,6.248392812,54000,54000
adcea6e43673279f5bc2005e960aa460e14474b9,1574.84,61.97,6.266306545,55000,54000
adcea6e43673279f5bc2005e960aa460e14474b9,1583.51,62.27,6.314711878,55000,55000
adcea6e43673279f5bc2005e960aa460e14474b9,1583.31,62.08,6.314914266,54000,54000
adcea6e43673279f5bc2005e960aa460e14474b9,1574.90,61.93,6.281598655,55000,55000
adcea6e43673279f5bc2005e960aa460e14474b9,1572.45,61.61,6.268443483,54000,54000
adcea6e43673279f5bc2005e960aa460e14474b9,1573.32,61.66,6.268057755,54000,54000
adcea6e43673279f5bc2005e960aa460e14474b9,1577.62,61.78,6.281146363,53000,54000
adcea6e43673279f5bc2005e960aa460e14474b9,1580.31,61.87,6.286772253,54000,54000
adcea6e43673279f5bc2005e960aa460e14474b9,1585.25,62.06,6.322497679,54000,54000
adcea6e43673279f5bc2005e960aa460e14474b9,1597.82,62.97,6.373612034,54000,54000
adcea6e43673279f5bc2005e960aa460e14474b9,1566.13,61.69,6.235888045,54000,54000
adcea6e43673279f5bc2005e960aa460e14474b9,1592.38,62.53,6.360696881,54000,54000
adcea6e43673279f5bc2005e960aa460e14474b9,1593.88,62.83,6.342874033,54000,54000
adcea6e43673279f5bc2005e960aa460e14474b9,1620.12,63.80,6.447681161,54000,55000
adcea6e43673279f5bc2005e960aa460e14474b9,1591.04,62.64,6.338895129,54000,55000
adcea6e43673279f5bc2005e960aa460e14474b9,1578.06,62.11,6.285706654,54000,55000
adcea6e43673279f5bc2005e960aa460e14474b9,1583.87,62.52,6.303075503,54000,55000
adcea6e43673279f5bc2005e960aa460e14474b9,1593.52,62.72,6.349794767,54000,55000
adcea6e43673279f5bc2005e960aa460e14474b9,1579.57,62.41,6.290346406,54000,54000
adcea6e43673279f5bc2005e960aa460e14474b9,1578.71,62.17,6.289636861,54000,55000
adcea6e43673279f5bc2005e960aa460e14474b9,1592.81,62.88,6.355706349,56000,55000
adcea6e43673279f5bc2005e960aa460e14474b9,1589.49,62.64,6.333696364,55000,54000
1c1e2ba168579de28eacab05cee4ecf1675fb305,1583.61,62.88,6.386930984,57000,56000
1c1e2ba168579de28eacab05cee4ecf1675fb305,1583.08,62.44,6.323396263,55000,54000
1c1e2ba168579de28eacab05cee4ecf1675fb305,1576.51,61.94,6.289803850,54000,54000
1c1e2ba168579de28eacab05cee4ecf1675fb305,1590.94,62.59,6.328858998,54000,54000
1c1e2ba168579de28eacab05cee4ecf1675fb305,1581.92,62.47,6.301431717,54000,54000
1c1e2ba168579de28eacab05cee4ecf1675fb305,1590.39,62.33,6.340317240,55000,54000
1c1e2ba168579de28eacab05cee4ecf1675fb305,1590.07,62.51,6.322685913,54000,54000
1c1e2ba168579de28eacab05cee4ecf1675fb305,1571.64,61.94,6.258950069,54000,54000
1c1e2ba168579de28eacab05cee4ecf1675fb305,1595.85,62.80,6.338416517,54000,54000
1c1e2ba168579de28eacab05cee4ecf1675fb305,1588.41,62.30,6.335356588,55000,54000
1c1e2ba168579de28eacab05cee4ecf1675fb305,1603.12,62.94,6.397362337,54000,54000
1c1e2ba168579de28eacab05cee4ecf1675fb305,1579.24,62.12,6.284372521,55000,53000
1c1e2ba168579de28eacab05cee4ecf1675fb305,1592.84,62.43,6.348060603,54000,54000
1c1e2ba168579de28eacab05cee4ecf1675fb305,1580.59,62.39,6.298160075,54000,55000
1c1e2ba168579de28eacab05cee4ecf1675fb305,1614.49,63.52,6.424845866,54000,54000
1c1e2ba168579de28eacab05cee4ecf1675fb305,1584.81,62.61,6.319061351,54000,54000
1c1e2ba168579de28eacab05cee4ecf1675fb305,1583.67,62.48,6.302040217,54000,54000
1c1e2ba168579de28eacab05cee4ecf1675fb305,1596.56,62.97,6.361592092,55000,55000
1c1e2ba168579de28eacab05cee4ecf1675fb305,1593.87,62.63,6.356566862,55000,55000
1c1e2ba168579de28eacab05cee4ecf1675fb305,1604.52,63.24,6.384397824,55000,54000
1c1e2ba168579de28eacab05cee4ecf1675fb305,1593.64,62.62,6.347299261,55000,54000
1c1e2ba168579de28eacab05cee4ecf1675fb305,1598.61,63.13,6.372892257,54000,54000
1c1e2ba168579de28eacab05cee4ecf1675fb305,1592.79,62.80,6.366656971,55000,55000
1c1e2ba168579de28eacab05cee4ecf1675fb305,1577.35,62.16,6.279541387,55000,54000
1c1e2ba168579de28eacab05cee4ecf1675fb305,1584.10,62.52,6.305918782,54000,55000
1c1e2ba168579de28eacab05cee4ecf1675fb305,1622.54,64.25,6.478539126,54000,54000
1c1e2ba168579de28eacab05cee4ecf1675fb305,1590.25,62.59,6.337911734,54000,54000
1c1e2ba168579de28eacab05cee4ecf1675fb305,1593.29,62.93,6.361989934,55000,54000
1c1e2ba168579de28eacab05cee4ecf1675fb305,1593.35,62.84,6.336580654,54000,54000
1c1e2ba168579de28eacab05cee4ecf1675fb305,1587.27,62.50,6.320942361,54000,54000
563d4d02f718af8238a1970a5b630ae1aaa62cb0,1601.23,62.89,6.376185323,54000,54000
563d4d02f718af8238a1970a5b630ae1aaa62cb0,1601.94,63.23,6.377464411,54000,54000
563d4d02f718af8238a1970a5b630ae1aaa62cb0,1613.47,63.26,6.433587796,54000,54000
563d4d02f718af8238a1970a5b630ae1aaa62cb0,1583.43,62.40,6.309824222,55000,54000
563d4d02f718af8238a1970a5b630ae1aaa62cb0,1602.84,63.19,6.376989226,54000,54000
563d4d02f718af8238a1970a5b630ae1aaa62cb0,1586.89,62.48,6.327019841,54000,54000
563d4d02f718af8238a1970a5b630ae1aaa62cb0,1588.34,62.44,6.326354634,54000,54000
563d4d02f718af8238a1970a5b630ae1aaa62cb0,1612.04,63.36,6.420344751,54000,54000
563d4d02f718af8238a1970a5b630ae1aaa62cb0,1568.47,61.60,6.245872518,54000,54000
563d4d02f718af8238a1970a5b630ae1aaa62cb0,1572.77,61.92,6.262488017,54000,54000
563d4d02f718af8238a1970a5b630ae1aaa62cb0,1578.90,62.06,6.280761347,54000,54000
563d4d02f718af8238a1970a5b630ae1aaa62cb0,1574.79,62.24,6.268283967,54000,54000
563d4d02f718af8238a1970a5b630ae1aaa62cb0,1588.94,62.76,6.312894010,55000,54000
563d4d02f718af8238a1970a5b630ae1aaa62cb0,1588.77,62.60,6.319076587,54000,54000
563d4d02f718af8238a1970a5b630ae1aaa62cb0,1577.17,62.11,6.285639327,55000,54000
563d4d02f718af8238a1970a5b630ae1aaa62cb0,1601.43,62.96,6.379276694,54000,54000
563d4d02f718af8238a1970a5b630ae1aaa62cb0,1597.44,63.11,6.352685111,54000,54000
563d4d02f718af8238a1970a5b630ae1aaa62cb0,1599.74,63.14,6.374840661,54000,54000
563d4d02f718af8238a1970a5b630ae1aaa62cb0,1578.20,62.59,6.280244859,54000,54000
563d4d02f718af8238a1970a5b630ae1aaa62cb0,1597.41,63.31,6.357336873,54000,54000
563d4d02f718af8238a1970a5b630ae1aaa62cb0,1604.88,63.42,6.385892906,55000,55000
563d4d02f718af8238a1970a5b630ae1aaa62cb0,1597.56,63.25,6.358642304,54000,55000
563d4d02f718af8238a1970a5b630ae1aaa62cb0,1576.95,62.29,6.260695024,54000,54000
563d4d02f718af8238a1970a5b630ae1aaa62cb0,1575.86,62.34,6.277972441,54000,54000
563d4d02f718af8238a1970a5b630ae1aaa62cb0,1607.88,63.41,6.405225158,55000,56000
563d4d02f718af8238a1970a5b630ae1aaa62cb0,1598.57,63.23,6.361613464,54000,55000
563d4d02f718af8238a1970a5b630ae1aaa62cb0,1582.64,62.29,6.305951812,54000,55000
563d4d02f718af8238a1970a5b630ae1aaa62cb0,1582.49,62.47,6.302389731,54000,54000
563d4d02f718af8238a1970a5b630ae1aaa62cb0,1593.70,62.99,6.345028285,55000,54000
563d4d02f718af8238a1970a5b630ae1aaa62cb0,1600.51,63.02,6.369967206,54000,55000
fe7fd33b74b923f25c768e166367b98d7bb516e9,1568.04,62.29,6.299126509,55000,56000
fe7fd33b74b923f25c768e166367b98d7bb516e9,1595.61,62.96,6.354448225,56000,56000
fe7fd33b74b923f25c768e166367b98d7bb516e9,1578.43,61.95,6.296059184,54000,54000
fe7fd33b74b923f25c768e166367b98d7bb516e9,1609.05,63.44,6.395567894,54000,54000
fe7fd33b74b923f25c768e166367b98d7bb516e9,1596.76,62.38,6.366967673,54000,54000
fe7fd33b74b923f25c768e166367b98d7bb516e9,1591.27,62.65,6.330391735,54000,54000
fe7fd33b74b923f25c768e166367b98d7bb516e9,1580.06,61.77,6.312430440,54000,54000
fe7fd33b74b923f25c768e166367b98d7bb516e9,1582.41,62.11,6.320099988,55000,54000
fe7fd33b74b923f25c768e166367b98d7bb516e9,1583.46,61.90,6.292211930,54000,54000
fe7fd33b74b923f25c768e166367b98d7bb516e9,1602.13,62.99,6.380417173,54000,54000
fe7fd33b74b923f25c768e166367b98d7bb516e9,1599.33,62.74,6.363548059,54000,54000
fe7fd33b74b923f25c768e166367b98d7bb516e9,1591.57,62.79,6.323313518,55000,54000
fe7fd33b74b923f25c768e166367b98d7bb516e9,1601.23,62.94,6.365159717,54000,55000
fe7fd33b74b923f25c768e166367b98d7bb516e9,1600.98,62.76,6.374724799,54000,54000
fe7fd33b74b923f25c768e166367b98d7bb516e9,1583.42,61.84,6.314471155,54000,54000
fe7fd33b74b923f25c768e166367b98d7bb516e9,1589.99,62.62,6.331734794,54000,54000
fe7fd33b74b923f25c768e166367b98d7bb516e9,1588.76,62.60,6.330882302,54000,55000
fe7fd33b74b923f25c768e166367b98d7bb516e9,1607.10,63.59,6.400819066,54000,54000
fe7fd33b74b923f25c768e166367b98d7bb516e9,1606.24,63.20,6.402240825,55000,54000
fe7fd33b74b923f25c768e166367b98d7bb516e9,1597.89,62.58,6.360236075,54000,54000
fe7fd33b74b923f25c768e166367b98d7bb516e9,1586.26,62.39,6.307542023,54000,55000
fe7fd33b74b923f25c768e166367b98d7bb516e9,1601.33,62.92,6.370767741,54000,54000
fe7fd33b74b923f25c768e166367b98d7bb516e9,1599.08,63.23,6.360228164,55000,54000
fe7fd33b74b923f25c768e166367b98d7bb516e9,1599.38,62.94,6.376810858,54000,54000
fe7fd33b74b923f25c768e166367b98d7bb516e9,1592.29,62.74,6.341806660,56000,56000
fe7fd33b74b923f25c768e166367b98d7bb516e9,1602.76,62.87,6.391791000,55000,54000
fe7fd33b74b923f25c768e166367b98d7bb516e9,1581.14,62.26,6.300294771,54000,55000
fe7fd33b74b923f25c768e166367b98d7bb516e9,1594.11,62.66,6.353075768,55000,54000
fe7fd33b74b923f25c768e166367b98d7bb516e9,1578.67,62.36,6.292272199,54000,54000
fe7fd33b74b923f25c768e166367b98d7bb516e9,1580.02,62.40,6.285749005,54000,54000
924fc3ff6f8793a57172e71abb5f8c433fb1b2ef,1600.41,62.97,6.383937419,55000,55000
924fc3ff6f8793a57172e71abb5f8c433fb1b2ef,1600.77,63.05,6.357172769,54000,54000
924fc3ff6f8793a57172e71abb5f8c433fb1b2ef,1584.45,62.74,6.304387701,54000,54000
924fc3ff6f8793a57172e71abb5f8c433fb1b2ef,1604.40,63.19,6.390879799,54000,54000
924fc3ff6f8793a57172e71abb5f8c433fb1b2ef,1598.43,63.26,6.343422135,54000,54000
924fc3ff6f8793a57172e71abb5f8c433fb1b2ef,1610.34,63.23,6.416122123,55000,54000
924fc3ff6f8793a57172e71abb5f8c433fb1b2ef,1599.40,62.75,6.370314181,54000,54000
924fc3ff6f8793a57172e71abb5f8c433fb1b2ef,1609.75,63.54,6.428637148,54000,54000
924fc3ff6f8793a57172e71abb5f8c433fb1b2ef,1613.05,63.63,6.410779629,54000,54000
924fc3ff6f8793a57172e71abb5f8c433fb1b2ef,1597.99,63.00,6.376066279,54000,54000
924fc3ff6f8793a57172e71abb5f8c433fb1b2ef,1580.42,62.16,6.298778059,54000,54000
924fc3ff6f8793a57172e71abb5f8c433fb1b2ef,1591.89,62.35,6.333356747,54000,54000
924fc3ff6f8793a57172e71abb5f8c433fb1b2ef,1619.84,63.58,6.451529661,55000,54000
924fc3ff6f8793a57172e71abb5f8c433fb1b2ef,1625.90,63.97,6.484985532,54000,54000
924fc3ff6f8793a57172e71abb5f8c433fb1b2ef,1610.26,63.43,6.423292567,54000,54000
924fc3ff6f8793a57172e71abb5f8c433fb1b2ef,1587.40,62.83,6.336113720,54000,54000
924fc3ff6f8793a57172e71abb5f8c433fb1b2ef,1586.30,62.65,6.315040016,54000,55000
924fc3ff6f8793a57172e71abb5f8c433fb1b2ef,1601.29,63.08,6.372269282,55000,55000
924fc3ff6f8793a57172e71abb5f8c433fb1b2ef,1593.37,62.80,6.337199713,55000,55000
924fc3ff6f8793a57172e71abb5f8c433fb1b2ef,1603.88,63.15,6.374445760,55000,55000
924fc3ff6f8793a57172e71abb5f8c433fb1b2ef,1590.68,62.81,6.336647674,54000,54000
924fc3ff6f8793a57172e71abb5f8c433fb1b2ef,1574.21,62.10,6.269525799,54000,54000
924fc3ff6f8793a57172e71abb5f8c433fb1b2ef,1620.51,63.85,6.448749152,55000,56000
924fc3ff6f8793a57172e71abb5f8c433fb1b2ef,1587.01,62.45,6.329083717,55000,56000
924fc3ff6f8793a57172e71abb5f8c433fb1b2ef,1608.21,63.48,6.412775334,54000,54000
924fc3ff6f8793a57172e71abb5f8c433fb1b2ef,1588.28,62.80,6.326369583,54000,54000
924fc3ff6f8793a57172e71abb5f8c433fb1b2ef,1589.56,62.59,6.322220183,55000,54000
924fc3ff6f8793a57172e71abb5f8c433fb1b2ef,1590.09,62.80,6.338667326,54000,54000
924fc3ff6f8793a57172e71abb5f8c433fb1b2ef,1583.40,62.19,6.314270362,54000,54000
924fc3ff6f8793a57172e71abb5f8c433fb1b2ef,1616.23,63.79,6.431583889,54000,54000
090c7d803f9c5b19312d70ac5f3b4d0a591caa49,1600.03,62.88,6.366145894,54000,55000
090c7d803f9c5b19312d70ac5f3b4d0a591caa49,1585.69,62.76,6.318417524,54000,54000
090c7d803f9c5b19312d70ac5f3b4d0a591caa49,1608.18,63.41,6.403007638,54000,55000
090c7d803f9c5b19312d70ac5f3b4d0a591caa49,1593.93,62.77,6.337234385,54000,54000
090c7d803f9c5b19312d70ac5f3b4d0a591caa49,1597.79,62.91,6.366846658,54000,54000
090c7d803f9c5b19312d70ac5f3b4d0a591caa49,1611.91,63.58,6.424417542,54000,54000
090c7d803f9c5b19312d70ac5f3b4d0a591caa49,1584.43,62.41,6.299797368,55000,54000
090c7d803f9c5b19312d70ac5f3b4d0a591caa49,1571.93,61.94,6.260731888,54000,55000
090c7d803f9c5b19312d70ac5f3b4d0a591caa49,1600.76,63.06,6.355953280,54000,54000
090c7d803f9c5b19312d70ac5f3b4d0a591caa49,1612.60,63.31,6.411463614,54000,55000
090c7d803f9c5b19312d70ac5f3b4d0a591caa49,1603.80,63.06,6.386810448,54000,54000
090c7d803f9c5b19312d70ac5f3b4d0a591caa49,1621.26,63.88,6.447089898,55000,56000
090c7d803f9c5b19312d70ac5f3b4d0a591caa49,1592.87,62.68,6.338625700,54000,54000
090c7d803f9c5b19312d70ac5f3b4d0a591caa49,1575.60,61.93,6.281414263,54000,54000
090c7d803f9c5b19312d70ac5f3b4d0a591caa49,1606.89,63.36,6.394881875,55000,54000
090c7d803f9c5b19312d70ac5f3b4d0a591caa49,1601.60,63.15,6.386054459,54000,54000
090c7d803f9c5b19312d70ac5f3b4d0a591caa49,1600.23,62.83,6.372363151,54000,54000
090c7d803f9c5b19312d70ac5f3b4d0a591caa49,1630.57,64.24,6.492763731,54000,54000
090c7d803f9c5b19312d70ac5f3b4d0a591caa49,1589.15,62.83,6.332743447,54000,54000
090c7d803f9c5b19312d70ac5f3b4d0a591caa49,1596.00,63.07,6.348376447,54000,54000
090c7d803f9c5b19312d70ac5f3b4d0a591caa49,1607.46,63.39,6.387575961,54000,54000
090c7d803f9c5b19312d70ac5f3b4d0a591caa49,1600.76,62.98,6.364152100,54000,55000
090c7d803f9c5b19312d70ac5f3b4d0a591caa49,1605.21,63.32,6.400954195,54000,54000
090c7d803f9c5b19312d70ac5f3b4d0a591caa49,1582.57,62.42,6.313347668,54000,54000
090c7d803f9c5b19312d70ac5f3b4d0a591caa49,1588.23,62.77,6.319564627,54000,54000
090c7d803f9c5b19312d70ac5f3b4d0a591caa49,1618.30,64.05,6.449115789,54000,54000
090c7d803f9c5b19312d70ac5f3b4d0a591caa49,1586.70,62.79,6.307703014,55000,54000
090c7d803f9c5b19312d70ac5f3b4d0a591caa49,1607.73,63.38,6.404398512,54000,54000
090c7d803f9c5b19312d70ac5f3b4d0a591caa49,1611.55,63.79,6.424786416,54000,54000
090c7d803f9c5b19312d70ac5f3b4d0a591caa49,1613.00,63.80,6.426423155,55000,54000
d70285b49748f4fc018a71a49e837360c79a6d63,1582.56,62.46,6.315250269,54000,54000
d70285b49748f4fc018a71a49e837360c79a6d63,1600.49,63.03,6.391180508,54000,54000
d70285b49748f4fc018a71a49e837360c79a6d63,1582.35,62.19,6.300205020,54000,54000
d70285b49748f4fc018a71a49e837360c79a6d63,1591.61,62.48,6.343529401,54000,54000
d70285b49748f4fc018a71a49e837360c79a6d63,1593.85,62.91,6.366605570,54000,54000
d70285b49748f4fc018a71a49e837360c79a6d63,1602.80,62.85,6.392249681,54000,55000
d70285b49748f4fc018a71a49e837360c79a6d63,1598.14,63.09,6.352048442,55000,54000
d70285b49748f4fc018a71a49e837360c79a6d63,1594.84,62.68,6.353957387,54000,54000
d70285b49748f4fc018a71a49e837360c79a6d63,1583.73,62.32,6.311452773,54000,54000
d70285b49748f4fc018a71a49e837360c79a6d63,1611.12,63.66,6.418050381,54000,54000
d70285b49748f4fc018a71a49e837360c79a6d63,1622.72,64.03,6.454577139,55000,56000
d70285b49748f4fc018a71a49e837360c79a6d63,1624.42,63.92,6.481350731,54000,54000
d70285b49748f4fc018a71a49e837360c79a6d63,1610.02,63.20,6.406541123,54000,55000
d70285b49748f4fc018a71a49e837360c79a6d63,1589.82,62.36,6.335946707,54000,54000
d70285b49748f4fc018a71a49e837360c79a6d63,1635.47,64.83,6.509823110,54000,54000
d70285b49748f4fc018a71a49e837360c79a6d63,1604.05,63.19,6.377211582,54000,54000
d70285b49748f4fc018a71a49e837360c79a6d63,1595.15,62.91,6.341599253,54000,54000
d70285b49748f4fc018a71a49e837360c79a6d63,1584.99,62.51,6.310587258,55000,54000
d70285b49748f4fc018a71a49e837360c79a6d63,1597.37,63.01,6.379283594,54000,54000
d70285b49748f4fc018a71a49e837360c79a6d63,1621.84,64.02,6.460502881,54000,53000
d70285b49748f4fc018a71a49e837360c79a6d63,1614.00,63.87,6.422381116,54000,54000
d70285b49748f4fc018a71a49e837360c79a6d63,1610.27,63.60,6.416320290,54000,54000
d70285b49748f4fc018a71a49e837360c79a6d63,1591.53,63.00,6.340082002,55000,55000
d70285b49748f4fc018a71a49e837360c79a6d63,1609.94,63.45,6.404234042,54000,55000
d70285b49748f4fc018a71a49e837360c79a6d63,1608.20,63.22,6.400681623,54000,54000
d70285b49748f4fc018a71a49e837360c79a6d63,1612.38,63.54,6.416649131,54000,55000
d70285b49748f4fc018a71a49e837360c79a6d63,1584.01,62.58,6.324555256,54000,54000
d70285b49748f4fc018a71a49e837360c79a6d63,1586.42,62.62,6.316311032,55000,55000
d70285b49748f4fc018a71a49e837360c79a6d63,1604.80,63.51,6.390496424,54000,55000
d70285b49748f4fc018a71a49e837360c79a6d63,1603.05,63.37,6.390358038,54000,54000
3e3ce93324af169fa3208602e5a58db174aec431,1597.74,62.85,6.368811837,57000,57000
3e3ce93324af169fa3208602e5a58db174aec431,1599.65,63.07,6.375716046,56000,54000
3e3ce93324af169fa3208602e5a58db174aec431,1583.92,62.49,6.307229565,54000,54000
3e3ce93324af169fa3208602e5a58db174aec431,1579.39,62.18,6.288687494,54000,54000
3e3ce93324af169fa3208602e5a58db174aec431,1606.91,63.25,6.398307661,55000,55000
3e3ce93324af169fa3208602e5a58db174aec431,1581.57,62.09,6.296510070,54000,54000
3e3ce93324af169fa3208602e5a58db174aec431,1624.88,63.99,6.477771755,54000,54000
3e3ce93324af169fa3208602e5a58db174aec431,1592.46,62.74,6.347234668,54000,54000
3e3ce93324af169fa3208602e5a58db174aec431,1611.39,63.56,6.430392711,54000,54000
3e3ce93324af169fa3208602e5a58db174aec431,1586.15,62.45,6.317551668,54000,54000
3e3ce93324af169fa3208602e5a58db174aec431,1606.97,63.24,6.410231431,55000,55000
3e3ce93324af169fa3208602e5a58db174aec431,1574.95,61.76,6.281259968,55000,54000
3e3ce93324af169fa3208602e5a58db174aec431,1598.33,63.24,6.365127992,54000,54000
3e3ce93324af169fa3208602e5a58db174aec431,1579.82,62.20,6.286397085,54000,55000
3e3ce93324af169fa3208602e5a58db174aec431,1604.95,63.26,6.381386661,54000,54000
3e3ce93324af169fa3208602e5a58db174aec431,1616.31,63.83,6.442937364,55000,55000
3e3ce93324af169fa3208602e5a58db174aec431,1622.97,64.14,6.451034632,54000,54000
3e3ce93324af169fa3208602e5a58db174aec431,1607.95,63.46,6.405004064,54000,54000
3e3ce93324af169fa3208602e5a58db174aec431,1602.83,62.90,6.381511487,54000,54000
3e3ce93324af169fa3208602e5a58db174aec431,1608.11,63.49,6.390876479,54000,54000
3e3ce93324af169fa3208602e5a58db174aec431,1604.38,63.13,6.382584500,54000,54000
3e3ce93324af169fa3208602e5a58db174aec431,1567.64,61.59,6.248967712,55000,54000
3e3ce93324af169fa3208602e5a58db174aec431,1596.49,63.01,6.356385745,54000,53000
3e3ce93324af169fa3208602e5a58db174aec431,1622.62,64.37,6.463586094,54000,54000
3e3ce93324af169fa3208602e5a58db174aec431,1611.84,63.57,6.412366209,55000,55000
3e3ce93324af169fa3208602e5a58db174aec431,1576.33,61.98,6.277979941,54000,53000
3e3ce93324af169fa3208602e5a58db174aec431,1590.50,62.77,6.336383086,54000,54000
3e3ce93324af169fa3208602e5a58db174aec431,1586.06,62.56,6.324514938,54000,55000
3e3ce93324af169fa3208602e5a58db174aec431,1591.98,62.69,6.357372692,54000,55000
3e3ce93324af169fa3208602e5a58db174aec431,1600.84,63.09,6.374889455,55000,54000
d6144c2570323625f0600cac9621ef4800073cda,1579.61,62.02,6.307203137,56000,55000
d6144c2570323625f0600cac9621ef4800073cda,1606.18,63.11,6.409451061,55000,54000
d6144c2570323625f0600cac9621ef4800073cda,1595.39,62.47,6.348690842,54000,55000
d6144c2570323625f0600cac9621ef4800073cda,1584.90,62.20,6.307264885,54000,54000
d6144c2570323625f0600cac9621ef4800073cda,1614.96,63.15,6.430778625,54000,54000
d6144c2570323625f0600cac9621ef4800073cda,1586.41,62.42,6.319386221,54000,54000
d6144c2570323625f0600cac9621ef4800073cda,1587.70,62.55,6.319820982,54000,55000
d6144c2570323625f0600cac9621ef4800073cda,1627.26,64.07,6.478872249,55000,54000
d6144c2570323625f0600cac9621ef4800073cda,1573.93,62.05,6.268017187,54000,54000
d6144c2570323625f0600cac9621ef4800073cda,1608.94,63.11,6.398111831,54000,54000
d6144c2570323625f0600cac9621ef4800073cda,1589.07,62.34,6.341511850,54000,53000
d6144c2570323625f0600cac9621ef4800073cda,1611.51,63.38,6.420256378,54000,54000
d6144c2570323625f0600cac9621ef4800073cda,1591.89,62.55,6.350012529,54000,54000
d6144c2570323625f0600cac9621ef4800073cda,1608.69,63.43,6.413830680,54000,54000
d6144c2570323625f0600cac9621ef4800073cda,1607.11,62.86,6.393202743,54000,54000
d6144c2570323625f0600cac9621ef4800073cda,1627.27,63.92,6.464315005,54000,54000
d6144c2570323625f0600cac9621ef4800073cda,1621.76,63.92,6.460597417,53000,55000
d6144c2570323625f0600cac9621ef4800073cda,1587.20,62.40,6.325810770,54000,54000
d6144c2570323625f0600cac9621ef4800073cda,1608.93,63.59,6.387159066,54000,54000
d6144c2570323625f0600cac9621ef4800073cda,1605.66,63.46,6.406133809,54000,54000
d6144c2570323625f0600cac9621ef4800073cda,1590.65,62.77,6.338414511,54000,54000
d6144c2570323625f0600cac9621ef4800073cda,1587.26,62.59,6.328345956,54000,54000
d6144c2570323625f0600cac9621ef4800073cda,1619.67,63.87,6.436514233,54000,54000
d6144c2570323625f0600cac9621ef4800073cda,1588.12,62.70,6.314680890,55000,55000
d6144c2570323625f0600cac9621ef4800073cda,1592.38,62.54,6.340903614,55000,56000
d6144c2570323625f0600cac9621ef4800073cda,1617.15,63.52,6.456569075,54000,55000
d6144c2570323625f0600cac9621ef4800073cda,1604.17,63.39,6.383064708,55000,55000
d6144c2570323625f0600cac9621ef4800073cda,1596.91,62.91,6.348422069,55000,55000
d6144c2570323625f0600cac9621ef4800073cda,1587.09,62.61,6.321909843,54000,54000
d6144c2570323625f0600cac9621ef4800073cda,1594.88,62.80,6.348746151,54000,54000
8f1499cbdb6e1518a552ef61fa381523015eb672,1602.24,63.06,6.397161421,55000,56000
8f1499cbdb6e1518a552ef61fa381523015eb672,1590.70,62.50,6.345317845,55000,55000
8f1499cbdb6e1518a552ef61fa381523015eb672,1589.75,62.42,6.330306032,54000,54000
8f1499cbdb6e1518a552ef61fa381523015eb672,1593.95,62.87,6.353309937,54000,54000
8f1499cbdb6e1518a552ef61fa381523015eb672,1602.95,63.17,6.396840843,55000,54000
8f1499cbdb6e1518a552ef61fa381523015eb672,1587.02,62.19,6.319616920,54000,54000
8f1499cbdb6e1518a552ef61fa381523015eb672,1595.44,62.52,6.385587572,54000,54000
8f1499cbdb6e1518a552ef61fa381523015eb672,1601.26,63.05,6.379023281,54000,54000
8f1499cbdb6e1518a552ef61fa381523015eb672,1609.97,63.21,6.421889691,54000,54000
8f1499cbdb6e1518a552ef61fa381523015eb672,1580.89,62.19,6.303680247,55000,54000
8f1499cbdb6e1518a552ef61fa381523015eb672,1612.77,62.85,6.433146764,55000,54000
8f1499cbdb6e1518a552ef61fa381523015eb672,1615.91,63.41,6.434153658,54000,54000
8f1499cbdb6e1518a552ef61fa381523015eb672,1618.68,63.89,6.435991075,54000,54000
8f1499cbdb6e1518a552ef61fa381523015eb672,1626.26,63.99,6.487594269,54000,54000
8f1499cbdb6e1518a552ef61fa381523015eb672,1583.33,62.17,6.306593589,54000,54000
8f1499cbdb6e1518a552ef61fa381523015eb672,1610.23,63.38,6.437668226,55000,54000
8f1499cbdb6e1518a552ef61fa381523015eb672,1584.48,62.88,6.325360857,54000,54000
8f1499cbdb6e1518a552ef61fa381523015eb672,1583.39,62.38,6.307902399,54000,54000
8f1499cbdb6e1518a552ef61fa381523015eb672,1584.57,62.17,6.313959775,54000,54000
8f1499cbdb6e1518a552ef61fa381523015eb672,1593.34,62.92,6.359591210,54000,54000
8f1499cbdb6e1518a552ef61fa381523015eb672,1596.85,62.92,6.375504055,54000,54000
8f1499cbdb6e1518a552ef61fa381523015eb672,1605.53,63.21,6.386607955,55000,54000
8f1499cbdb6e1518a552ef61fa381523015eb672,1594.79,62.66,6.352688843,55000,54000
8f1499cbdb6e1518a552ef61fa381523015eb672,1593.29,63.10,6.335093070,54000,55000
8f1499cbdb6e1518a552ef61fa381523015eb672,1592.52,62.85,6.342486732,55000,54000
8f1499cbdb6e1518a552ef61fa381523015eb672,1602.31,63.06,6.388352688,55000,54000
8f1499cbdb6e1518a552ef61fa381523015eb672,1577.57,62.26,6.296056980,55000,54000
8f1499cbdb6e1518a552ef61fa381523015eb672,1617.45,63.80,6.450801103,54000,55000
8f1499cbdb6e1518a552ef61fa381523015eb672,1591.72,62.62,6.334703984,54000,54000
8f1499cbdb6e1518a552ef61fa381523015eb672,1596.10,62.63,6.361059605,54000,54000
2cb64c57fca2a9ab45a5ac2c10a3bae84d9e0878,1631.80,64.17,6.523960665,55000,55000
2cb64c57fca2a9ab45a5ac2c10a3bae84d9e0878,1607.01,63.25,6.399713538,55000,54000
2cb64c57fca2a9ab45a5ac2c10a3bae84d9e0878,1616.29,63.14,6.442526610,54000,54000
2cb64c57fca2a9ab45a5ac2c10a3bae84d9e0878,1601.31,63.10,6.386860951,54000,54000
2cb64c57fca2a9ab45a5ac2c10a3bae84d9e0878,1600.81,63.08,6.382546477,54000,54000
2cb64c57fca2a9ab45a5ac2c10a3bae84d9e0878,1617.73,63.71,6.432106620,54000,54000
2cb64c57fca2a9ab45a5ac2c10a3bae84d9e0878,1582.47,62.10,6.311421766,56000,55000
2cb64c57fca2a9ab45a5ac2c10a3bae84d9e0878,1646.58,64.80,6.558949102,54000,54000
2cb64c57fca2a9ab45a5ac2c10a3bae84d9e0878,1616.72,63.77,6.444543857,53000,54000
2cb64c57fca2a9ab45a5ac2c10a3bae84d9e0878,1629.90,64.16,6.484390165,54000,54000
2cb64c57fca2a9ab45a5ac2c10a3bae84d9e0878,1608.19,63.13,6.416102976,55000,54000
2cb64c57fca2a9ab45a5ac2c10a3bae84d9e0878,1615.20,63.33,6.430726949,54000,54000
2cb64c57fca2a9ab45a5ac2c10a3bae84d9e0878,1601.05,62.82,6.368464361,54000,54000
2cb64c57fca2a9ab45a5ac2c10a3bae84d9e0878,1621.90,63.91,6.452733321,54000,55000
2cb64c57fca2a9ab45a5ac2c10a3bae84d9e0878,1607.65,63.22,6.397371442,55000,54000
2cb64c57fca2a9ab45a5ac2c10a3bae84d9e0878,1609.53,63.57,6.414959929,54000,55000
2cb64c57fca2a9ab45a5ac2c10a3bae84d9e0878,1603.58,63.49,6.397033323,54000,54000
2cb64c57fca2a9ab45a5ac2c10a3bae84d9e0878,1612.66,63.71,6.428534281,54000,53000
2cb64c57fca2a9ab45a5ac2c10a3bae84d9e0878,1612.40,63.93,6.426237314,54000,55000
2cb64c57fca2a9ab45a5ac2c10a3bae84d9e0878,1605.03,63.23,6.385664231,54000,54000
2cb64c57fca2a9ab45a5ac2c10a3bae84d9e0878,1610.94,63.45,6.409462535,55000,54000
2cb64c57fca2a9ab45a5ac2c10a3bae84d9e0878,1603.32,63.21,6.401478216,54000,54000
2cb64c57fca2a9ab45a5ac2c10a3bae84d9e0878,1603.74,63.56,6.395824683,54000,54000
2cb64c57fca2a9ab45a5ac2c10a3bae84d9e0878,1608.51,63.36,6.405880256,54000,54000
2cb64c57fca2a9ab45a5ac2c10a3bae84d9e0878,1598.89,62.92,6.363835009,55000,54000
2cb64c57fca2a9ab45a5ac2c10a3bae84d9e0878,1601.20,63.12,6.380212554,54000,55000
2cb64c57fca2a9ab45a5ac2c10a3bae84d9e0878,1607.59,63.20,6.406194628,55000,55000
2cb64c57fca2a9ab45a5ac2c10a3bae84d9e0878,1606.26,63.09,6.412402045,55000,54000
2cb64c57fca2a9ab45a5ac2c10a3bae84d9e0878,1592.04,62.52,6.347683109,55000,54000
2cb64c57fca2a9ab45a5ac2c10a3bae84d9e0878,1603.08,63.16,6.380106175,54000,54000
78b2e6e65b800c974871221a6f755922860db952,1613.22,63.72,6.421717175,55000,55000
78b2e6e65b800c974871221a6f755922860db952,1600.77,63.04,6.375197129,56000,55000
78b2e6e65b800c974871221a6f755922860db952,1614.96,63.53,6.426705877,54000,54000
78b2e6e65b800c974871221a6f755922860db952,1609.45,63.43,6.394006386,54000,54000
78b2e6e65b800c974871221a6f755922860db952,1616.53,63.45,6.431417817,54000,55000
78b2e6e65b800c974871221a6f755922860db952,1597.99,62.76,6.361911001,54000,54000
78b2e6e65b800c974871221a6f755922860db952,1620.09,64.02,6.457203278,54000,54000
78b2e6e65b800c974871221a6f755922860db952,1620.96,63.81,6.445783891,54000,54000
78b2e6e65b800c974871221a6f755922860db952,1609.30,63.36,6.391943785,54000,54000
78b2e6e65b800c974871221a6f755922860db952,1618.47,63.64,6.439360127,54000,54000
78b2e6e65b800c974871221a6f755922860db952,1603.25,63.37,6.381646744,54000,54000
78b2e6e65b800c974871221a6f755922860db952,1635.02,64.53,6.504940242,54000,54000
78b2e6e65b800c974871221a6f755922860db952,1608.18,63.20,6.405074630,54000,54000
78b2e6e65b800c974871221a6f755922860db952,1610.97,63.26,6.409045306,54000,53000
78b2e6e65b800c974871221a6f755922860db952,1651.93,64.90,6.596981991,54000,54000
78b2e6e65b800c974871221a6f755922860db952,1621.03,63.96,6.449942595,54000,55000
78b2e6e65b800c974871221a6f755922860db952,1610.26,63.46,6.401512124,54000,55000
78b2e6e65b800c974871221a6f755922860db952,1615.30,63.50,6.428698628,54000,55000
78b2e6e65b800c974871221a6f755922860db952,1615.59,63.59,6.440854654,54000,54000
78b2e6e65b800c974871221a6f755922860db952,1624.85,64.12,6.451782790,54000,54000
78b2e6e65b800c974871221a6f755922860db952,1640.98,64.87,6.530988143,54000,54000
78b2e6e65b800c974871221a6f755922860db952,1627.90,64.50,6.475799906,54000,54000
78b2e6e65b800c974871221a6f755922860db952,1619.68,64.05,6.444441078,54000,54000
78b2e6e65b800c974871221a6f755922860db952,1635.66,64.58,6.510196246,54000,54000
78b2e6e65b800c974871221a6f755922860db952,1611.08,63.60,6.410344397,55000,54000
78b2e6e65b800c974871221a6f755922860db952,1592.98,62.87,6.340343479,54000,55000
78b2e6e65b800c974871221a6f755922860db952,1617.63,63.84,6.442397135,54000,54000
78b2e6e65b800c974871221a6f755922860db952,1618.13,64.19,6.437935998,54000,55000
78b2e6e65b800c974871221a6f755922860db952,1590.00,62.84,6.335562436,54000,54000
78b2e6e65b800c974871221a6f755922860db952,1603.85,63.07,6.388176512,54000,55000
4c9b1683cb7490653a4b953120d6457a7b60db1c,1598.41,62.91,6.365708788,55000,54000
4c9b1683cb7490653a4b953120d6457a7b60db1c,1600.04,63.00,6.374366922,54000,54000
4c9b1683cb7490653a4b953120d6457a7b60db1c,1594.56,62.83,6.352062534,54000,54000
4c9b1683cb7490653a4b953120d6457a7b60db1c,1601.57,63.24,6.378964660,54000,54000
4c9b1683cb7490653a4b953120d6457a7b60db1c,1608.72,63.46,6.408842103,54000,55000
4c9b1683cb7490653a4b953120d6457a7b60db1c,1603.71,63.31,6.395809758,54000,54000
4c9b1683cb7490653a4b953120d6457a7b60db1c,1595.84,62.65,6.361078336,55000,54000
4c9b1683cb7490653a4b953120d6457a7b60db1c,1582.31,62.11,6.299656562,53000,54000
4c9b1683cb7490653a4b953120d6457a7b60db1c,1593.49,62.73,6.340359631,54000,54000
4c9b1683cb7490653a4b953120d6457a7b60db1c,1591.97,62.61,6.344433429,54000,54000
4c9b1683cb7490653a4b953120d6457a7b60db1c,1585.88,62.17,6.320784634,54000,54000
4c9b1683cb7490653a4b953120d6457a7b60db1c,1602.83,63.07,6.374684595,55000,54000
4c9b1683cb7490653a4b953120d6457a7b60db1c,1605.56,62.91,6.390476123,54000,54000
4c9b1683cb7490653a4b953120d6457a7b60db1c,1599.13,63.06,6.368956160,54000,54000
4c9b1683cb7490653a4b953120d6457a7b60db1c,1609.81,63.63,6.415114837,54000,54000
4c9b1683cb7490653a4b953120d6457a7b60db1c,1581.97,62.37,6.308784496,54000,55000
4c9b1683cb7490653a4b953120d6457a7b60db1c,1590.43,62.64,6.341003802,54000,54000
4c9b1683cb7490653a4b953120d6457a7b60db1c,1620.08,64.03,6.463988740,54000,55000
4c9b1683cb7490653a4b953120d6457a7b60db1c,1610.84,63.49,6.414997840,54000,54000
4c9b1683cb7490653a4b953120d6457a7b60db1c,1626.20,64.29,6.485662096,55000,55000
4c9b1683cb7490653a4b953120d6457a7b60db1c,1624.61,64.39,6.466179568,55000,54000
4c9b1683cb7490653a4b953120d6457a7b60db1c,1610.61,63.60,6.419984870,54000,54000
4c9b1683cb7490653a4b953120d6457a7b60db1c,1617.35,63.85,6.460822864,54000,55000
4c9b1683cb7490653a4b953120d6457a7b60db1c,1597.01,63.13,6.371769205,54000,54000
4c9b1683cb7490653a4b953120d6457a7b60db1c,1599.75,63.26,6.359879322,55000,54000
4c9b1683cb7490653a4b953120d6457a7b60db1c,1619.45,63.91,6.440610262,54000,54000
4c9b1683cb7490653a4b953120d6457a7b60db1c,1612.77,63.94,6.451323148,55000,54000
4c9b1683cb7490653a4b953120d6457a7b60db1c,1600.63,63.37,6.374600384,54000,54000
4c9b1683cb7490653a4b953120d6457a7b60db1c,1600.40,63.15,6.378555784,54000,54000
4c9b1683cb7490653a4b953120d6457a7b60db1c,1624.57,64.26,6.475304345,54000,54000
a4b47328284e293fc0001b08ad081e39c5a15c7a,1605.22,63.09,6.392017775,54000,54000
a4b47328284e293fc0001b08ad081e39c5a15c7a,1590.60,62.77,6.336521995,54000,54000
a4b47328284e293fc0001b08ad081e39c5a15c7a,1603.87,63.03,6.384547773,54000,54000
a4b47328284e293fc0001b08ad081e39c5a15c7a,1607.11,63.23,6.403133118,55000,54000
a4b47328284e293fc0001b08ad081e39c5a15c7a,1592.70,62.85,6.341039457,54000,54000
a4b47328284e293fc0001b08ad081e39c5a15c7a,1612.89,63.41,6.418912543,55000,55000
a4b47328284e293fc0001b08ad081e39c5a15c7a,1614.82,63.76,6.445682223,54000,53000
a4b47328284e293fc0001b08ad081e39c5a15c7a,1585.01,62.43,6.322894113,54000,54000
a4b47328284e293fc0001b08ad081e39c5a15c7a,1606.77,63.25,6.391254623,54000,54000
a4b47328284e293fc0001b08ad081e39c5a15c7a,1602.46,62.91,6.390717515,54000,54000
a4b47328284e293fc0001b08ad081e39c5a15c7a,1598.99,63.08,6.369287919,54000,54000
a4b47328284e293fc0001b08ad081e39c5a15c7a,1604.34,63.13,6.391234039,54000,54000
a4b47328284e293fc0001b08ad081e39c5a15c7a,1587.39,62.12,6.323284611,55000,55000
a4b47328284e293fc0001b08ad081e39c5a15c7a,1596.83,62.85,6.360530581,54000,55000
a4b47328284e293fc0001b08ad081e39c5a15c7a,1607.61,62.94,6.404166732,55000,55000
a4b47328284e293fc0001b08ad081e39c5a15c7a,1633.89,64.45,6.505352319,54000,54000
a4b47328284e293fc0001b08ad081e39c5a15c7a,1610.28,63.35,6.416380867,54000,55000
a4b47328284e293fc0001b08ad081e39c5a15c7a,1619.52,63.66,6.444369899,54000,54000
a4b47328284e293fc0001b08ad081e39c5a15c7a,1600.80,63.39,6.366401092,54000,54000
a4b47328284e293fc0001b08ad081e39c5a15c7a,1590.24,62.82,6.329244605,55000,54000
a4b47328284e293fc0001b08ad081e39c5a15c7a,1611.54,63.46,6.423381795,54000,54000
a4b47328284e293fc0001b08ad081e39c5a15c7a,1614.07,63.76,6.444553731,54000,54000
a4b47328284e293fc0001b08ad081e39c5a15c7a,1614.96,63.87,6.434109252,54000,54000
a4b47328284e293fc0001b08ad081e39c5a15c7a,1613.27,63.99,6.415968101,55000,54000
a4b47328284e293fc0001b08ad081e39c5a15c7a,1628.23,64.39,6.488572149,55000,55000
a4b47328284e293fc0001b08ad081e39c5a15c7a,1596.18,63.01,6.358826410,55000,54000
a4b47328284e293fc0001b08ad081e39c5a15c7a,1608.25,63.27,6.409539966,54000,55000
a4b47328284e293fc0001b08ad081e39c5a15c7a,1590.11,63.01,6.335372202,54000,54000
a4b47328284e293fc0001b08ad081e39c5a15c7a,1602.03,63.19,6.382530476,56000,54000
a4b47328284e293fc0001b08ad081e39c5a15c7a,1623.58,64.29,6.456821625,55000,55000
d0ac6a9c717798b0d75b01c979eeec758c8911d6,1602.46,63.15,6.372771676,54000,54000
d0ac6a9c717798b0d75b01c979eeec758c8911d6,1609.81,63.21,6.406651233,54000,54000
d0ac6a9c717798b0d75b01c979eeec758c8911d6,1622.92,63.79,6.460987258,54000,54000
d0ac6a9c717798b0d75b01c979eeec758c8911d6,1598.33,63.13,6.377213224,55000,54000
d0ac6a9c717798b0d75b01c979eeec758c8911d6,1608.57,63.27,6.390786680,55000,54000
d0ac6a9c717798b0d75b01c979eeec758c8911d6,1617.15,63.74,6.425095389,54000,54000
d0ac6a9c717798b0d75b01c979eeec758c8911d6,1614.78,63.21,6.427117824,55000,54000
d0ac6a9c717798b0d75b01c979eeec758c8911d6,1629.73,63.93,6.480336794,54000,54000
d0ac6a9c717798b0d75b01c979eeec758c8911d6,1607.65,63.58,6.398526403,54000,55000
d0ac6a9c717798b0d75b01c979eeec758c8911d6,1622.10,63.79,6.447662724,54000,54000
d0ac6a9c717798b0d75b01c979eeec758c8911d6,1600.09,63.23,6.370442111,54000,54000
d0ac6a9c717798b0d75b01c979eeec758c8911d6,1619.69,64.26,6.436164020,54000,54000
d0ac6a9c717798b0d75b01c979eeec758c8911d6,1598.69,63.46,6.364540499,54000,54000
d0ac6a9c717798b0d75b01c979eeec758c8911d6,1599.78,63.00,6.385125666,54000,54000
d0ac6a9c717798b0d75b01c979eeec758c8911d6,1637.23,64.61,6.511848810,54000,55000
d0ac6a9c717798b0d75b01c979eeec758c8911d6,1620.16,63.84,6.440685540,55000,54000
d0ac6a9c717798b0d75b01c979eeec758c8911d6,1604.40,63.38,6.378209906,54000,55000
d0ac6a9c717798b0d75b01c979eeec758c8911d6,1626.60,64.44,6.479223111,54000,54000
d0ac6a9c717798b0d75b01c979eeec758c8911d6,1604.35,63.26,6.378210870,55000,55000
d0ac6a9c717798b0d75b01c979eeec758c8911d6,1601.17,63.23,6.381119010,55000,55000
d0ac6a9c717798b0d75b01c979eeec758c8911d6,1606.46,63.37,6.411374260,54000,54000
d0ac6a9c717798b0d75b01c979eeec758c8911d6,1616.48,64.09,6.417587467,54000,54000
d0ac6a9c717798b0d75b01c979eeec758c8911d6,1614.58,63.74,6.424558043,53000,54000
d0ac6a9c717798b0d75b01c979eeec758c8911d6,1626.58,64.01,6.476862824,54000,55000
d0ac6a9c717798b0d75b01c979eeec758c8911d6,1630.13,64.38,6.485750412,55000,55000
d0ac6a9c717798b0d75b01c979eeec758c8911d6,1606.54,63.43,6.381420789,54000,56000
d0ac6a9c717798b0d75b01c979eeec758c8911d6,1603.77,63.10,6.395025505,54000,54000
d0ac6a9c717798b0d75b01c979eeec758c8911d6,1608.67,63.68,6.405839814,54000,54000
d0ac6a9c717798b0d75b01c979eeec758c8911d6,1603.75,63.55,6.388143101,54000,55000
d0ac6a9c717798b0d75b01c979eeec758c8911d6,1615.99,63.95,6.436802067,54000,54000
5adb994a73919c4ee0749020c80f0f0280aa48f8,1601.03,63.68,6.433563166,56000,56000
5adb994a73919c4ee0749020c80f0f0280aa48f8,1611.16,63.44,6.418830232,54000,54000
5adb994a73919c4ee0749020c80f0f0280aa48f8,1617.29,63.70,6.438281270,54000,54000
5adb994a73919c4ee0749020c80f0f0280aa48f8,1612.89,63.54,6.432978312,54000,54000
5adb994a73919c4ee0749020c80f0f0280aa48f8,1616.16,63.59,6.437108724,54000,54000
5adb994a73919c4ee0749020c80f0f0280aa48f8,1612.93,63.62,6.439501592,54000,54000
5adb994a73919c4ee0749020c80f0f0280aa48f8,1630.34,64.05,6.492796683,54000,55000
5adb994a73919c4ee0749020c80f0f0280aa48f8,1623.69,63.93,6.456565420,54000,54000
5adb994a73919c4ee0749020c80f0f0280aa48f8,1596.51,62.73,6.357307557,54000,54000
5adb994a73919c4ee0749020c80f0f0280aa48f8,1587.10,62.44,6.317341730,55000,54000
5adb994a73919c4ee0749020c80f0f0280aa48f8,1606.74,63.19,6.402862320,54000,54000
5adb994a73919c4ee0749020c80f0f0280aa48f8,1613.77,63.60,6.429521830,54000,54000
5adb994a73919c4ee0749020c80f0f0280aa48f8,1597.86,62.60,6.361451134,54000,55000
5adb994a73919c4ee0749020c80f0f0280aa48f8,1633.60,64.10,6.502165904,55000,55000
5adb994a73919c4ee0749020c80f0f0280aa48f8,1601.85,63.00,6.377459801,54000,54000
5adb994a73919c4ee0749020c80f0f0280aa48f8,1587.35,62.41,6.315803096,54000,55000
5adb994a73919c4ee0749020c80f0f0280aa48f8,1643.70,64.94,6.533758178,54000,54000
5adb994a73919c4ee0749020c80f0f0280aa48f8,1597.59,62.96,6.365039684,54000,54000
5adb994a73919c4ee0749020c80f0f0280aa48f8,1601.26,62.85,6.369902765,54000,54000
5adb994a73919c4ee0749020c80f0f0280aa48f8,1592.16,63.00,6.347880965,54000,54000
5adb994a73919c4ee0749020c80f0f0280aa48f8,1595.59,62.69,6.356858285,54000,54000
5adb994a73919c4ee0749020c80f0f0280aa48f8,1614.95,63.68,6.441268103,54000,54000
5adb994a73919c4ee0749020c80f0f0280aa48f8,1608.32,63.57,6.398444530,54000,54000
5adb994a73919c4ee0749020c80f0f0280aa48f8,1615.32,63.69,6.423231401,55000,54000
5adb994a73919c4ee0749020c80f0f0280aa48f8,1596.43,63.03,6.350387382,55000,55000
5adb994a73919c4ee0749020c80f0f0280aa48f8,1579.84,62.35,6.306394903,55000,55000
5adb994a73919c4ee0749020c80f0f0280aa48f8,1588.72,62.62,6.339482578,54000,54000
5adb994a73919c4ee0749020c80f0f0280aa48f8,1585.55,62.48,6.319819369,54000,55000
5adb994a73919c4ee0749020c80f0f0280aa48f8,1576.77,62.29,6.288541001,54000,54000
5adb994a73919c4ee0749020c80f0f0280aa48f8,1589.33,62.58,6.331659508,55000,54000
3fffaa84f83bf6880c1350a7482e91bcd88ac4d3,1597.03,62.63,6.369249825,56000,55000
3fffaa84f83bf6880c1350a7482e91bcd88ac4d3,1625.84,64.19,6.468138522,54000,55000
3fffaa84f83bf6880c1350a7482e91bcd88ac4d3,1598.40,62.69,6.372516802,54000,54000
3fffaa84f83bf6880c1350a7482e91bcd88ac4d3,1607.13,63.04,6.411180523,54000,54000
3fffaa84f83bf6880c1350a7482e91bcd88ac4d3,1592.72,62.63,6.348793293,54000,54000
3fffaa84f83bf6880c1350a7482e91bcd88ac4d3,1632.79,64.21,6.486636608,54000,54000
3fffaa84f83bf6880c1350a7482e91bcd88ac4d3,1619.41,63.82,6.438968515,55000,54000
3fffaa84f83bf6880c1350a7482e91bcd88ac4d3,1611.21,63.32,6.402311949,55000,54000
3fffaa84f83bf6880c1350a7482e91bcd88ac4d3,1621.59,63.98,6.459822935,54000,54000
3fffaa84f83bf6880c1350a7482e91bcd88ac4d3,1618.91,63.60,6.437433662,54000,54000
3fffaa84f83bf6880c1350a7482e91bcd88ac4d3,1635.68,64.10,6.498070675,54000,54000
3fffaa84f83bf6880c1350a7482e91bcd88ac4d3,1602.26,62.80,6.376563661,55000,54000
3fffaa84f83bf6880c1350a7482e91bcd88ac4d3,1597.52,62.63,6.360201756,54000,54000
3fffaa84f83bf6880c1350a7482e91bcd88ac4d3,1593.06,62.87,6.343847651,54000,54000
3fffaa84f83bf6880c1350a7482e91bcd88ac4d3,1635.17,64.43,6.503579900,54000,54000
3fffaa84f83bf6880c1350a7482e91bcd88ac4d3,1605.35,63.08,6.405049905,55000,54000
3fffaa84f83bf6880c1350a7482e91bcd88ac4d3,1599.51,62.79,6.370497763,54000,55000
3fffaa84f83bf6880c1350a7482e91bcd88ac4d3,1620.50,63.98,6.461602960,54000,54000
3fffaa84f83bf6880c1350a7482e91bcd88ac4d3,1603.84,63.20,6.383598252,54000,54000
3fffaa84f83bf6880c1350a7482e91bcd88ac4d3,1625.27,64.02,6.468031290,54000,54000
3fffaa84f83bf6880c1350a7482e91bcd88ac4d3,1622.18,63.99,6.451104657,55000,56000
3fffaa84f83bf6880c1350a7482e91bcd88ac4d3,1617.21,63.58,6.441194629,54000,54000
3fffaa84f83bf6880c1350a7482e91bcd88ac4d3,1614.14,63.67,6.429776268,55000,55000
3fffaa84f83bf6880c1350a7482e91bcd88ac4d3,1602.98,63.13,6.381631325,55000,54000
3fffaa84f83bf6880c1350a7482e91bcd88ac4d3,1627.23,64.27,6.477914899,54000,54000
3fffaa84f83bf6880c1350a7482e91bcd88ac4d3,1606.45,63.41,6.385974873,55000,55000
3fffaa84f83bf6880c1350a7482e91bcd88ac4d3,1606.71,63.39,6.393691802,54000,55000
3fffaa84f83bf6880c1350a7482e91bcd88ac4d3,1610.83,63.38,6.407526771,55000,55000
3fffaa84f83bf6880c1350a7482e91bcd88ac4d3,1620.20,63.89,6.461594262,55000,55000
3fffaa84f83bf6880c1350a7482e91bcd88ac4d3,1620.15,63.81,6.441866702,55000,54000
77e310755bf6cdd737a57941106d6e5113406244,1619.46,63.53,6.455129456,54000,54000
77e310755bf6cdd737a57941106d6e5113406244,1617.55,63.81,6.427059329,54000,54000
77e310755bf6cdd737a57941106d6e5113406244,1592.59,62.75,6.342794212,55000,54000
77e310755bf6cdd737a57941106d6e5113406244,1646.26,64.86,6.549007649,54000,54000
77e310755bf6cdd737a57941106d6e5113406244,1601.76,63.20,6.367468537,54000,54000
77e310755bf6cdd737a57941106d6e5113406244,1621.31,63.96,6.456229270,54000,54000
77e310755bf6cdd737a57941106d6e5113406244,1607.68,63.46,6.395835983,54000,54000
77e310755bf6cdd737a57941106d6e5113406244,1611.28,63.61,6.409785811,54000,54000
77e310755bf6cdd737a57941106d6e5113406244,1619.04,63.84,6.436842487,54000,54000
77e310755bf6cdd737a57941106d6e5113406244,1618.86,63.74,6.442793225,55000,54000
77e310755bf6cdd737a57941106d6e5113406244,1601.97,63.19,6.376294549,54000,54000
77e310755bf6cdd737a57941106d6e5113406244,1626.97,64.17,6.468855826,54000,54000
77e310755bf6cdd737a57941106d6e5113406244,1609.73,63.15,6.392810615,55000,54000
77e310755bf6cdd737a57941106d6e5113406244,1633.65,64.40,6.512651437,54000,54000
77e310755bf6cdd737a57941106d6e5113406244,1635.86,64.35,6.505209904,54000,54000
77e310755bf6cdd737a57941106d6e5113406244,1617.66,63.68,6.437117038,54000,55000
77e310755bf6cdd737a57941106d6e5113406244,1626.17,64.12,6.484617394,54000,55000
77e310755bf6cdd737a57941106d6e5113406244,1609.00,63.37,6.406352001,54000,55000
77e310755bf6cdd737a57941106d6e5113406244,1593.31,62.67,6.338644443,54000,54000
77e310755bf6cdd737a57941106d6e5113406244,1621.23,63.99,6.447574898,54000,54000
77e310755bf6cdd737a57941106d6e5113406244,1625.35,63.91,6.469054273,54000,54000
77e310755bf6cdd737a57941106d6e5113406244,1617.52,64.07,6.447778094,53000,54000
77e310755bf6cdd737a57941106d6e5113406244,1611.46,63.95,6.418382137,54000,54000
77e310755bf6cdd737a57941106d6e5113406244,1625.28,64.33,6.469630325,54000,55000
77e310755bf6cdd737a57941106d6e5113406244,1600.71,63.42,6.365435303,54000,54000
77e310755bf6cdd737a57941106d6e5113406244,1599.49,63.12,6.366303470,55000,54000
77e310755bf6cdd737a57941106d6e5113406244,1617.38,63.64,6.441203087,55000,55000
77e310755bf6cdd737a57941106d6e5113406244,1599.39,63.44,6.360705543,55000,54000
77e310755bf6cdd737a57941106d6e5113406244,1614.32,63.56,6.433473867,54000,54000
77e310755bf6cdd737a57941106d6e5113406244,1627.93,64.17,6.471855015,54000,54000
0a340d82b33dc396eedce4a8daf4faed65fabf67,1621.29,63.83,6.459111829,56000,55000
0a340d82b33dc396eedce4a8daf4faed65fabf67,1610.64,63.29,6.397192050,55000,55000
0a340d82b33dc396eedce4a8daf4faed65fabf67,1645.69,64.87,6.551503287,54000,54000
0a340d82b33dc396eedce4a8daf4faed65fabf67,1622.22,63.85,6.450485939,54000,54000
0a340d82b33dc396eedce4a8daf4faed65fabf67,1615.31,63.55,6.431390461,54000,54000
0a340d82b33dc396eedce4a8daf4faed65fabf67,1610.88,63.58,6.413956046,55000,54000
0a340d82b33dc396eedce4a8daf4faed65fabf67,1603.97,63.06,6.386046338,54000,54000
0a340d82b33dc396eedce4a8daf4faed65fabf67,1604.67,63.20,6.389291605,55000,54000
0a340d82b33dc396eedce4a8daf4faed65fabf67,1595.68,62.91,6.364013499,54000,54000
0a340d82b33dc396eedce4a8daf4faed65fabf67,1595.14,62.69,6.366824902,54000,54000
0a340d82b33dc396eedce4a8daf4faed65fabf67,1637.85,64.84,6.534043738,54000,54000
0a340d82b33dc396eedce4a8daf4faed65fabf67,1635.50,64.52,6.504462431,54000,54000
0a340d82b33dc396eedce4a8daf4faed65fabf67,1617.45,63.53,6.433991615,54000,54000
0a340d82b33dc396eedce4a8daf4faed65fabf67,1616.94,63.72,6.432973696,54000,55000
0a340d82b33dc396eedce4a8daf4faed65fabf67,1614.55,63.48,6.426714903,54000,54000
0a340d82b33dc396eedce4a8daf4faed65fabf67,1604.08,63.19,6.388640104,54000,54000
0a340d82b33dc396eedce4a8daf4faed65fabf67,1620.64,63.96,6.438696148,55000,54000
0a340d82b33dc396eedce4a8daf4faed65fabf67,1596.47,62.87,6.362600114,55000,54000
0a340d82b33dc396eedce4a8daf4faed65fabf67,1606.35,63.21,6.391380268,54000,55000
0a340d82b33dc396eedce4a8daf4faed65fabf67,1597.07,62.80,6.351520367,54000,54000
0a340d82b33dc396eedce4a8daf4faed65fabf67,1589.85,62.80,6.340815804,54000,54000
0a340d82b33dc396eedce4a8daf4faed65fabf67,1622.22,64.15,6.456696582,55000,54000
0a340d82b33dc396eedce4a8daf4faed65fabf67,1611.60,63.69,6.456694476,54000,54000
0a340d82b33dc396eedce4a8daf4faed65fabf67,1612.70,63.60,6.415872554,54000,55000
0a340d82b33dc396eedce4a8daf4faed65fabf67,1617.99,63.59,6.438697246,56000,54000
0a340d82b33dc396eedce4a8daf4faed65fabf67,1628.58,64.34,6.484116822,54000,54000
0a340d82b33dc396eedce4a8daf4faed65fabf67,1620.58,63.94,6.455283256,55000,54000
0a340d82b33dc396eedce4a8daf4faed65fabf67,1610.99,63.65,6.406263176,55000,55000
0a340d82b33dc396eedce4a8daf4faed65fabf67,1627.84,64.46,6.466847669,55000,54000
0a340d82b33dc396eedce4a8daf4faed65fabf67,1620.21,64.12,6.450551415,54000,54000
137f42f0453796b43eda5521595decd0efa9796e,1619.74,63.65,6.459064736,56000,56000
137f42f0453796b43eda5521595decd0efa9796e,1637.77,64.62,6.531919167,56000,55000
137f42f0453796b43eda5521595decd0efa9796e,1627.74,64.16,6.481488026,54000,55000
137f42f0453796b43eda5521595decd0efa9796e,1615.43,63.37,6.426861447,54000,55000
137f42f0453796b43eda5521595decd0efa9796e,1604.90,62.73,6.395233905,55000,55000
137f42f0453796b43eda5521595decd0efa9796e,1595.73,62.57,6.361324188,54000,54000
137f42f0453796b43eda5521595decd0efa9796e,1623.81,63.66,6.468461594,54000,54000
137f42f0453796b43eda5521595decd0efa9796e,1608.21,62.98,6.409325275,54000,54000
137f42f0453796b43eda5521595decd0efa9796e,1608.59,63.50,6.408164631,54000,54000
137f42f0453796b43eda5521595decd0efa9796e,1601.27,62.92,6.377996604,54000,54000
137f42f0453796b43eda5521595decd0efa9796e,1597.23,62.82,6.364766339,54000,54000
137f42f0453796b43eda5521595decd0efa9796e,1596.40,62.69,6.372547423,54000,54000
137f42f0453796b43eda5521595decd0efa9796e,1609.60,63.22,6.407118961,54000,54000
137f42f0453796b43eda5521595decd0efa9796e,1608.18,63.11,6.426482788,54000,55000
137f42f0453796b43eda5521595decd0efa9796e,1623.82,63.97,6.463239109,54000,54000
137f42f0453796b43eda5521595decd0efa9796e,1612.99,63.05,6.430036580,54000,54000
137f42f0453796b43eda5521595decd0efa9796e,1603.15,63.02,6.391915580,54000,54000
137f42f0453796b43eda5521595decd0efa9796e,1604.78,62.92,6.393537628,54000,54000
137f42f0453796b43eda5521595decd0efa9796e,1609.36,63.60,6.390325412,54000,55000
137f42f0453796b43eda5521595decd0efa9796e,1601.04,63.09,6.374825386,54000,54000
137f42f0453796b43eda5521595decd0efa9796e,1623.44,63.79,6.464222108,55000,54000
137f42f0453796b43eda5521595decd0efa9796e,1618.91,63.64,6.445543716,54000,54000
137f42f0453796b43eda5521595decd0efa9796e,1602.72,62.91,6.385404395,55000,55000
137f42f0453796b43eda5521595decd0efa9796e,1595.93,62.73,6.344896273,54000,54000
137f42f0453796b43eda5521595decd0efa9796e,1616.10,63.83,6.437905214,55000,55000
137f42f0453796b43eda5521595decd0efa9796e,1576.54,62.00,6.301866555,55000,55000
137f42f0453796b43eda5521595decd0efa9796e,1619.74,63.87,6.449318505,54000,54000
137f42f0453796b43eda5521595decd0efa9796e,1601.73,63.00,6.380607062,54000,54000
137f42f0453796b43eda5521595decd0efa9796e,1607.30,63.48,6.403557398,55000,56000
137f42f0453796b43eda5521595decd0efa9796e,1607.77,63.25,6.416422156,54000,55000
06b1c03573945c0411a74082805cdc4a643cd2f8,1606.50,63.25,6.394117501,54000,54000
06b1c03573945c0411a74082805cdc4a643cd2f8,1593.90,62.86,6.353536533,56000,54000
06b1c03573945c0411a74082805cdc4a643cd2f8,1612.88,63.59,6.421781609,54000,54000
06b1c03573945c0411a74082805cdc4a643cd2f8,1615.03,63.62,6.429547856,54000,54000
06b1c03573945c0411a74082805cdc4a643cd2f8,1626.76,64.31,6.474578635,54000,54000
06b1c03573945c0411a74082805cdc4a643cd2f8,1610.79,63.35,6.412196488,54000,54000
06b1c03573945c0411a74082805cdc4a643cd2f8,1599.10,62.79,6.362438306,54000,54000
06b1c03573945c0411a74082805cdc4a643cd2f8,1644.76,64.83,6.539268214,54000,54000
06b1c03573945c0411a74082805cdc4a643cd2f8,1627.56,64.35,6.470527816,54000,54000
06b1c03573945c0411a74082805cdc4a643cd2f8,1603.52,62.93,6.394954296,54000,54000
06b1c03573945c0411a74082805cdc4a643cd2f8,1621.10,63.74,6.443581964,54000,54000
06b1c03573945c0411a74082805cdc4a643cd2f8,1621.40,63.95,6.453904933,54000,55000
06b1c03573945c0411a74082805cdc4a643cd2f8,1597.03,62.97,6.361653942,55000,55000
06b1c03573945c0411a74082805cdc4a643cd2f8,1638.83,64.38,6.520838680,54000,54000
06b1c03573945c0411a74082805cdc4a643cd2f8,1629.93,64.31,6.486996850,54000,54000
06b1c03573945c0411a74082805cdc4a643cd2f8,1607.22,63.21,6.394821061,54000,54000
06b1c03573945c0411a74082805cdc4a643cd2f8,1610.75,63.29,6.420959762,54000,54000
06b1c03573945c0411a74082805cdc4a643cd2f8,1619.51,63.82,6.453655646,54000,54000
06b1c03573945c0411a74082805cdc4a643cd2f8,1623.73,64.02,6.456284048,54000,54000
06b1c03573945c0411a74082805cdc4a643cd2f8,1605.09,63.40,6.383788653,54000,55000
06b1c03573945c0411a74082805cdc4a643cd2f8,1619.96,63.67,6.453383906,54000,54000
06b1c03573945c0411a74082805cdc4a643cd2f8,1640.29,64.95,6.519130702,55000,55000
06b1c03573945c0411a74082805cdc4a643cd2f8,1621.25,64.00,6.442737354,53000,54000
06b1c03573945c0411a74082805cdc4a643cd2f8,1629.24,64.51,6.488757821,54000,54000
06b1c03573945c0411a74082805cdc4a643cd2f8,1619.45,64.17,6.426962535,55000,54000
06b1c03573945c0411a74082805cdc4a643cd2f8,1618.41,63.93,6.444635908,56000,54000
06b1c03573945c0411a74082805cdc4a643cd2f8,1604.59,63.62,6.405073025,55000,54000
06b1c03573945c0411a74082805cdc4a643cd2f8,1636.19,64.87,6.510769317,54000,54000
06b1c03573945c0411a74082805cdc4a643cd2f8,1620.26,64.18,6.448014556,54000,55000
06b1c03573945c0411a74082805cdc4a643cd2f8,1621.79,64.11,6.465884929,54000,54000
4cd64e70d48f5ef587ded1f6eb663a6c3a4fc90c,1611.90,63.37,6.417881420,54000,55000
4cd64e70d48f5ef587ded1f6eb663a6c3a4fc90c,1585.48,62.34,6.303934416,54000,54000
4cd64e70d48f5ef587ded1f6eb663a6c3a4fc90c,1612.33,63.44,6.424842323,54000,54000
4cd64e70d48f5ef587ded1f6eb663a6c3a4fc90c,1617.95,63.85,6.444856156,54000,55000
4cd64e70d48f5ef587ded1f6eb663a6c3a4fc90c,1624.78,64.02,6.463347725,54000,55000
4cd64e70d48f5ef587ded1f6eb663a6c3a4fc90c,1622.05,63.94,6.450664352,53000,55000
4cd64e70d48f5ef587ded1f6eb663a6c3a4fc90c,1610.83,63.19,6.407177016,54000,54000
4cd64e70d48f5ef587ded1f6eb663a6c3a4fc90c,1595.17,62.41,6.351434593,54000,54000
4cd64e70d48f5ef587ded1f6eb663a6c3a4fc90c,1597.36,62.78,6.358819442,54000,54000
4cd64e70d48f5ef587ded1f6eb663a6c3a4fc90c,1607.57,63.26,6.398542095,54000,54000
4cd64e70d48f5ef587ded1f6eb663a6c3a4fc90c,1589.43,62.48,6.312647840,54000,54000
4cd64e70d48f5ef587ded1f6eb663a6c3a4fc90c,1605.70,63.31,6.384216129,55000,54000
4cd64e70d48f5ef587ded1f6eb663a6c3a4fc90c,1603.49,63.15,6.368656789,53000,54000
4cd64e70d48f5ef587ded1f6eb663a6c3a4fc90c,1609.80,63.38,6.400701190,54000,54000
4cd64e70d48f5ef587ded1f6eb663a6c3a4fc90c,1609.53,63.50,6.404365372,54000,54000
4cd64e70d48f5ef587ded1f6eb663a6c3a4fc90c,1628.07,64.34,6.487557228,54000,54000
4cd64e70d48f5ef587ded1f6eb663a6c3a4fc90c,1609.20,63.20,6.408865497,55000,54000
4cd64e70d48f5ef587ded1f6eb663a6c3a4fc90c,1606.81,63.50,6.391525871,54000,54000
4cd64e70d48f5ef587ded1f6eb663a6c3a4fc90c,1604.94,63.11,6.391166226,54000,54000
4cd64e70d48f5ef587ded1f6eb663a6c3a4fc90c,1622.77,64.09,6.457188725,55000,54000
4cd64e70d48f5ef587ded1f6eb663a6c3a4fc90c,1605.96,63.21,6.394814209,54000,54000
4cd64e70d48f5ef587ded1f6eb663a6c3a4fc90c,1613.16,63.45,6.420444885,54000,54000
4cd64e70d48f5ef587ded1f6eb663a6c3a4fc90c,1626.34,63.93,6.475947813,55000,54000
4cd64e70d48f5ef587ded1f6eb663a6c3a4fc90c,1592.66,62.50,6.347579293,54000,54000
4cd64e70d48f5ef587ded1f6eb663a6c3a4fc90c,1596.88,62.95,6.367623393,55000,54000
4cd64e70d48f5ef587ded1f6eb663a6c3a4fc90c,1605.13,63.06,6.401781406,54000,55000
4cd64e70d48f5ef587ded1f6eb663a6c3a4fc90c,1598.64,63.13,6.358850193,55000,54000
4cd64e70d48f5ef587ded1f6eb663a6c3a4fc90c,1604.46,63.28,6.394134523,54000,55000
4cd64e70d48f5ef587ded1f6eb663a6c3a4fc90c,1596.50,62.94,6.357736728,54000,55000
4cd64e70d48f5ef587ded1f6eb663a6c3a4fc90c,1621.24,63.99,6.455086957,54000,54000
00c5da3543cd814d5f2a93e8e169a2cafa89ad7c,1600.22,63.36,6.378571901,55000,56000
00c5da3543cd814d5f2a93e8e169a2cafa89ad7c,1625.65,64.42,6.462394772,54000,54000
00c5da3543cd814d5f2a93e8e169a2cafa89ad7c,1592.68,62.82,6.342732439,53000,54000
00c5da3543cd814d5f2a93e8e169a2cafa89ad7c,1622.14,63.58,6.463594139,54000,54000
00c5da3543cd814d5f2a93e8e169a2cafa89ad7c,1631.12,64.62,6.497190718,55000,54000
00c5da3543cd814d5f2a93e8e169a2cafa89ad7c,1616.71,63.89,6.428177697,54000,54000
00c5da3543cd814d5f2a93e8e169a2cafa89ad7c,1601.63,63.18,6.404055497,54000,54000
00c5da3543cd814d5f2a93e8e169a2cafa89ad7c,1629.25,64.44,6.482734365,55000,54000
00c5da3543cd814d5f2a93e8e169a2cafa89ad7c,1615.29,63.61,6.434068901,54000,54000
00c5da3543cd814d5f2a93e8e169a2cafa89ad7c,1630.08,64.37,6.503038223,54000,54000
00c5da3543cd814d5f2a93e8e169a2cafa89ad7c,1635.24,64.52,6.502269679,55000,55000
00c5da3543cd814d5f2a93e8e169a2cafa89ad7c,1608.46,63.08,6.414676759,54000,54000
00c5da3543cd814d5f2a93e8e169a2cafa89ad7c,1620.10,63.81,6.454376402,54000,54000
00c5da3543cd814d5f2a93e8e169a2cafa89ad7c,1626.46,64.29,6.456609019,54000,55000
00c5da3543cd814d5f2a93e8e169a2cafa89ad7c,1607.26,63.34,6.386791101,54000,54000
00c5da3543cd814d5f2a93e8e169a2cafa89ad7c,1623.11,63.87,6.468866063,54000,54000
00c5da3543cd814d5f2a93e8e169a2cafa89ad7c,1607.31,63.28,6.407687297,54000,54000
00c5da3543cd814d5f2a93e8e169a2cafa89ad7c,1616.82,63.64,6.451640121,54000,54000
00c5da3543cd814d5f2a93e8e169a2cafa89ad7c,1600.99,63.45,6.380003854,54000,54000
00c5da3543cd814d5f2a93e8e169a2cafa89ad7c,1606.64,63.04,6.392736762,54000,54000
00c5da3543cd814d5f2a93e8e169a2cafa89ad7c,1616.09,63.62,6.426337937,55000,54000
00c5da3543cd814d5f2a93e8e169a2cafa89ad7c,1631.41,64.37,6.489274310,54000,54000
00c5da3543cd814d5f2a93e8e169a2cafa89ad7c,1618.64,63.80,6.442230180,54000,54000
00c5da3543cd814d5f2a93e8e169a2cafa89ad7c,1597.65,62.84,6.350138401,55000,55000
00c5da3543cd814d5f2a93e8e169a2cafa89ad7c,1616.50,64.01,6.442538323,55000,54000
00c5da3543cd814d5f2a93e8e169a2cafa89ad7c,1626.23,64.39,6.473509865,54000,54000
00c5da3543cd814d5f2a93e8e169a2cafa89ad7c,1626.96,64.59,6.471971597,55000,55000
00c5da3543cd814d5f2a93e8e169a2cafa89ad7c,1595.36,62.86,6.375062111,54000,54000
00c5da3543cd814d5f2a93e8e169a2cafa89ad7c,1604.31,63.74,6.390236643,54000,54000
00c5da3543cd814d5f2a93e8e169a2cafa89ad7c,1616.58,63.82,6.427462496,55000,54000
e487ed5d0dae9544d476a28ca0bcc7b35c7fe5ef,1603.07,63.35,6.413845295,55000,56000
e487ed5d0dae9544d476a28ca0bcc7b35c7fe5ef,1614.40,63.55,6.424068135,55000,54000
e487ed5d0dae9544d476a28ca0bcc7b35c7fe5ef,1610.83,63.16,6.416942400,54000,54000
e487ed5d0dae9544d476a28ca0bcc7b35c7fe5ef,1614.29,63.68,6.443188287,54000,54000
e487ed5d0dae9544d476a28ca0bcc7b35c7fe5ef,1605.82,63.37,6.395157070,54000,54000
e487ed5d0dae9544d476a28ca0bcc7b35c7fe5ef,1605.36,63.04,6.393276022,54000,54000
e487ed5d0dae9544d476a28ca0bcc7b35c7fe5ef,1599.95,62.84,6.374308449,54000,54000
e487ed5d0dae9544d476a28ca0bcc7b35c7fe5ef,1592.90,62.85,6.349061179,54000,54000
e487ed5d0dae9544d476a28ca0bcc7b35c7fe5ef,1607.72,63.09,6.397657552,54000,55000
e487ed5d0dae9544d476a28ca0bcc7b35c7fe5ef,1622.93,63.76,6.484294071,55000,54000
e487ed5d0dae9544d476a28ca0bcc7b35c7fe5ef,1600.27,62.82,6.376923637,54000,54000
e487ed5d0dae9544d476a28ca0bcc7b35c7fe5ef,1605.02,62.59,6.392596402,54000,55000
e487ed5d0dae9544d476a28ca0bcc7b35c7fe5ef,1618.57,63.69,6.451866735,54000,54000
e487ed5d0dae9544d476a28ca0bcc7b35c7fe5ef,1632.66,64.36,6.506974349,54000,55000
e487ed5d0dae9544d476a28ca0bcc7b35c7fe5ef,1615.97,63.44,6.427076452,54000,54000
e487ed5d0dae9544d476a28ca0bcc7b35c7fe5ef,1597.08,62.76,6.352606237,54000,55000
e487ed5d0dae9544d476a28ca0bcc7b35c7fe5ef,1622.17,63.81,6.463010405,54000,55000
e487ed5d0dae9544d476a28ca0bcc7b35c7fe5ef,1614.26,63.69,6.418974201,54000,54000
e487ed5d0dae9544d476a28ca0bcc7b35c7fe5ef,1624.56,64.05,6.465727768,54000,55000
e487ed5d0dae9544d476a28ca0bcc7b35c7fe5ef,1618.67,63.56,6.451781241,54000,55000
e487ed5d0dae9544d476a28ca0bcc7b35c7fe5ef,1593.91,62.83,6.341355822,54000,54000
e487ed5d0dae9544d476a28ca0bcc7b35c7fe5ef,1607.22,63.51,6.392412330,54000,54000
e487ed5d0dae9544d476a28ca0bcc7b35c7fe5ef,1587.91,62.45,6.342264320,55000,54000
e487ed5d0dae9544d476a28ca0bcc7b35c7fe5ef,1632.64,64.56,6.499067945,55000,55000
e487ed5d0dae9544d476a28ca0bcc7b35c7fe5ef,1617.23,63.85,6.437631414,56000,55000
e487ed5d0dae9544d476a28ca0bcc7b35c7fe5ef,1609.41,63.35,6.428545217,54000,54000
e487ed5d0dae9544d476a28ca0bcc7b35c7fe5ef,1624.08,64.35,6.462739414,56000,55000
e487ed5d0dae9544d476a28ca0bcc7b35c7fe5ef,1624.53,63.96,6.472319636,54000,54000
e487ed5d0dae9544d476a28ca0bcc7b35c7fe5ef,1581.09,62.19,6.300878117,54000,54000
e487ed5d0dae9544d476a28ca0bcc7b35c7fe5ef,1610.23,63.52,6.421503911,54000,55000
af04dbaea75ebabd1a701c7e5df848e3c6468737,1619.32,63.64,6.460485695,56000,56000
af04dbaea75ebabd1a701c7e5df848e3c6468737,1636.59,64.30,6.514787369,54000,54000
af04dbaea75ebabd1a701c7e5df848e3c6468737,1611.53,63.42,6.412811033,54000,54000
af04dbaea75ebabd1a701c7e5df848e3c6468737,1616.39,63.45,6.434023272,54000,54000
af04dbaea75ebabd1a701c7e5df848e3c6468737,1632.98,64.02,6.508283409,54000,54000
af04dbaea75ebabd1a701c7e5df848e3c6468737,1617.57,63.25,6.439182026,54000,54000
af04dbaea75ebabd1a701c7e5df848e3c6468737,1598.54,62.80,6.361679534,54000,54000
af04dbaea75ebabd1a701c7e5df848e3c6468737,1613.12,63.38,6.435625592,54000,54000
af04dbaea75ebabd1a701c7e5df848e3c6468737,1608.16,63.09,6.404222491,54000,54000
af04dbaea75ebabd1a701c7e5df848e3c6468737,1624.69,63.68,6.475931034,54000,54000
af04dbaea75ebabd1a701c7e5df848e3c6468737,1612.34,63.25,6.433559524,54000,54000
af04dbaea75ebabd1a701c7e5df848e3c6468737,1630.87,64.02,6.503724191,54000,54000
af04dbaea75ebabd1a701c7e5df848e3c6468737,1627.27,64.08,6.483685610,54000,54000
af04dbaea75ebabd1a701c7e5df848e3c6468737,1635.01,64.26,6.513979473,54000,55000
af04dbaea75ebabd1a701c7e5df848e3c6468737,1612.59,63.46,6.412304994,54000,54000
af04dbaea75ebabd1a701c7e5df848e3c6468737,1620.40,63.71,6.458595846,54000,54000
af04dbaea75ebabd1a701c7e5df848e3c6468737,1625.45,63.97,6.458798832,55000,54000
af04dbaea75ebabd1a701c7e5df848e3c6468737,1626.97,64.34,6.481874323,55000,54000
af04dbaea75ebabd1a701c7e5df848e3c6468737,1612.40,63.65,6.422836886,54000,54000
af04dbaea75ebabd1a701c7e5df848e3c6468737,1613.01,63.70,6.435738121,54000,53000
af04dbaea75ebabd1a701c7e5df848e3c6468737,1601.40,63.15,6.386415084,54000,55000
af04dbaea75ebabd1a701c7e5df848e3c6468737,1643.07,64.49,6.549064977,55000,55000
af04dbaea75ebabd1a701c7e5df848e3c6468737,1631.06,63.82,6.503578766,54000,55000
af04dbaea75ebabd1a701c7e5df848e3c6468737,1603.49,63.11,6.391669753,54000,54000
af04dbaea75ebabd1a701c7e5df848e3c6468737,1626.04,64.19,6.470356766,54000,55000
af04dbaea75ebabd1a701c7e5df848e3c6468737,1621.12,63.88,6.467045579,55000,54000
af04dbaea75ebabd1a701c7e5df848e3c6468737,1619.21,63.49,6.446662607,54000,54000
af04dbaea75ebabd1a701c7e5df848e3c6468737,1600.93,62.86,6.376589117,55000,54000
af04dbaea75ebabd1a701c7e5df848e3c6468737,1632.54,64.71,6.491288149,54000,54000
af04dbaea75ebabd1a701c7e5df848e3c6468737,1608.90,63.15,6.411902943,54000,55000
413bf1b018b14a791c5e1683db2c27353948961f,1607.40,63.12,6.394831351,54000,55000
413bf1b018b14a791c5e1683db2c27353948961f,1622.21,63.87,6.465851242,54000,55000
413bf1b018b14a791c5e1683db2c27353948961f,1603.45,63.14,6.401862527,54000,54000
413bf1b018b14a791c5e1683db2c27353948961f,1616.02,63.78,6.429672697,54000,54000
413bf1b018b14a791c5e1683db2c27353948961f,1618.90,63.92,6.452644008,54000,54000
413bf1b018b14a791c5e1683db2c27353948961f,1611.02,63.15,6.411514764,55000,54000
413bf1b018b14a791c5e1683db2c27353948961f,1613.14,63.55,6.427591171,54000,54000
413bf1b018b14a791c5e1683db2c27353948961f,1630.75,64.15,6.489048289,54000,54000
413bf1b018b14a791c5e1683db2c27353948961f,1613.79,63.47,6.432169396,55000,54000
413bf1b018b14a791c5e1683db2c27353948961f,1603.00,63.13,6.380553500,54000,54000
413bf1b018b14a791c5e1683db2c27353948961f,1610.10,63.57,6.403534734,54000,54000
413bf1b018b14a791c5e1683db2c27353948961f,1634.65,64.47,6.504902363,55000,54000
413bf1b018b14a791c5e1683db2c27353948961f,1618.34,63.80,6.439026746,55000,54000
413bf1b018b14a791c5e1683db2c27353948961f,1604.31,63.42,6.385877347,55000,54000
413bf1b018b14a791c5e1683db2c27353948961f,1619.00,63.69,6.452464226,54000,54000
413bf1b018b14a791c5e1683db2c27353948961f,1612.60,63.40,6.426032494,54000,54000
413bf1b018b14a791c5e1683db2c27353948961f,1639.08,64.67,6.529322011,55000,54000
413bf1b018b14a791c5e1683db2c27353948961f,1608.26,63.55,6.404950177,54000,54000
413bf1b018b14a791c5e1683db2c27353948961f,1599.06,63.13,6.377837215,54000,54000
413bf1b018b14a791c5e1683db2c27353948961f,1611.43,63.82,6.403173327,54000,54000
413bf1b018b14a791c5e1683db2c27353948961f,1638.97,64.88,6.517515343,54000,55000
413bf1b018b14a791c5e1683db2c27353948961f,1617.94,63.88,6.448617747,54000,54000
413bf1b018b14a791c5e1683db2c27353948961f,1609.12,63.60,6.410392340,55000,55000
413bf1b018b14a791c5e1683db2c27353948961f,1622.36,63.99,6.468778373,55000,55000
413bf1b018b14a791c5e1683db2c27353948961f,1627.09,64.31,6.486045381,55000,54000
413bf1b018b14a791c5e1683db2c27353948961f,1622.94,64.24,6.467937977,55000,55000
413bf1b018b14a791c5e1683db2c27353948961f,1630.17,64.16,6.504560143,54000,54000
413bf1b018b14a791c5e1683db2c27353948961f,1617.50,63.88,6.441887180,54000,55000
413bf1b018b14a791c5e1683db2c27353948961f,1629.61,64.43,6.491771837,55000,54000
413bf1b018b14a791c5e1683db2c27353948961f,1632.76,64.54,6.497582732,54000,54000
16aa9d67f3da02c2dd649627b023625160d1a89a,1638.96,64.50,6.523806178,55000,56000
16aa9d67f3da02c2dd649627b023625160d1a89a,1650.52,65.28,6.579821655,56000,56000
16aa9d67f3da02c2dd649627b023625160d1a89a,1627.29,63.95,6.481606945,55000,54000
16aa9d67f3da02c2dd649627b023625160d1a89a,1597.28,62.99,6.362337625,54000,55000
16aa9d67f3da02c2dd649627b023625160d1a89a,1626.06,64.08,6.471056855,54000,54000
16aa9d67f3da02c2dd649627b023625160d1a89a,1631.39,64.41,6.488094689,54000,54000
16aa9d67f3da02c2dd649627b023625160d1a89a,1632.87,64.50,6.505746689,55000,54000
16aa9d67f3da02c2dd649627b023625160d1a89a,1598.88,63.05,6.369427677,54000,54000
16aa9d67f3da02c2dd649627b023625160d1a89a,1606.00,63.15,6.384471589,54000,54000
16aa9d67f3da02c2dd649627b023625160d1a89a,1644.33,64.84,6.542141624,54000,54000
16aa9d67f3da02c2dd649627b023625160d1a89a,1628.65,64.16,6.469829384,54000,54000
16aa9d67f3da02c2dd649627b023625160d1a89a,1586.81,62.69,6.335866767,54000,54000
16aa9d67f3da02c2dd649627b023625160d1a89a,1609.68,63.48,6.405035844,54000,54000
16aa9d67f3da02c2dd649627b023625160d1a89a,1638.07,64.55,6.510211118,54000,54000
16aa9d67f3da02c2dd649627b023625160d1a89a,1623.98,64.06,6.461315747,55000,54000
16aa9d67f3da02c2dd649627b023625160d1a89a,1629.21,64.19,6.476764189,54000,54000
16aa9d67f3da02c2dd649627b023625160d1a89a,1628.39,64.43,6.473256078,55000,54000
16aa9d67f3da02c2dd649627b023625160d1a89a,1621.99,63.91,6.462668228,55000,54000
16aa9d67f3da02c2dd649627b023625160d1a89a,1608.56,63.56,6.402653830,54000,54000
16aa9d67f3da02c2dd649627b023625160d1a89a,1636.40,64.75,6.521450322,54000,54000
16aa9d67f3da02c2dd649627b023625160d1a89a,1646.38,65.03,6.550066412,55000,54000
16aa9d67f3da02c2dd649627b023625160d1a89a,1625.20,64.04,6.466969539,54000,54000
16aa9d67f3da02c2dd649627b023625160d1a89a,1662.89,65.96,6.609054465,55000,55000
16aa9d67f3da02c2dd649627b023625160d1a89a,1626.57,64.43,6.468897897,55000,54000
16aa9d67f3da02c2dd649627b023625160d1a89a,1619.94,64.29,6.436393574,55000,54000
16aa9d67f3da02c2dd649627b023625160d1a89a,1610.97,63.64,6.401433061,55000,55000
16aa9d67f3da02c2dd649627b023625160d1a89a,1626.88,64.24,6.472864381,56000,56000
16aa9d67f3da02c2dd649627b023625160d1a89a,1616.02,64.11,6.421907179,55000,54000
16aa9d67f3da02c2dd649627b023625160d1a89a,1626.36,64.40,6.467006298,54000,54000
16aa9d67f3da02c2dd649627b023625160d1a89a,1623.80,63.99,6.459954327,54000,54000
0abbb34706e9f3cf1650599eecacaf4779f36506,1577.89,61.90,6.289987783,55000,55000
0abbb34706e9f3cf1650599eecacaf4779f36506,1582.11,62.02,6.318369282,54000,54000
0abbb34706e9f3cf1650599eecacaf4779f36506,1605.24,62.86,6.406335707,54000,55000
0abbb34706e9f3cf1650599eecacaf4779f36506,1621.02,63.98,6.447455584,54000,55000
0abbb34706e9f3cf1650599eecacaf4779f36506,1598.21,62.76,6.387265891,54000,54000
0abbb34706e9f3cf1650599eecacaf4779f36506,1604.62,63.12,6.388779619,54000,55000
0abbb34706e9f3cf1650599eecacaf4779f36506,1634.13,63.89,6.512285391,54000,54000
0abbb34706e9f3cf1650599eecacaf4779f36506,1600.99,62.82,6.382554999,54000,55000
0abbb34706e9f3cf1650599eecacaf4779f36506,1618.41,63.44,6.472397009,54000,54000
0abbb34706e9f3cf1650599eecacaf4779f36506,1616.05,63.30,6.444711813,53000,54000
0abbb34706e9f3cf1650599eecacaf4779f36506,1597.60,62.66,6.361029020,54000,54000
0abbb34706e9f3cf1650599eecacaf4779f36506,1625.85,63.83,6.487814125,55000,55000
0abbb34706e9f3cf1650599eecacaf4779f36506,1613.92,63.41,6.412709530,54000,55000
0abbb34706e9f3cf1650599eecacaf4779f36506,1614.18,63.36,6.424018421,55000,54000
0abbb34706e9f3cf1650599eecacaf4779f36506,1598.11,62.92,6.364312009,54000,54000
0abbb34706e9f3cf1650599eecacaf4779f36506,1607.38,62.96,6.410088201,55000,54000
0abbb34706e9f3cf1650599eecacaf4779f36506,1623.50,63.48,6.473415557,54000,53000
0abbb34706e9f3cf1650599eecacaf4779f36506,1588.46,62.38,6.328939967,54000,54000
0abbb34706e9f3cf1650599eecacaf4779f36506,1609.12,63.54,6.413025556,54000,55000
0abbb34706e9f3cf1650599eecacaf4779f36506,1600.16,63.04,6.380824606,54000,54000
0abbb34706e9f3cf1650599eecacaf4779f36506,1597.63,63.00,6.364072908,54000,55000
0abbb34706e9f3cf1650599eecacaf4779f36506,1612.62,63.41,6.411935602,55000,55000
0abbb34706e9f3cf1650599eecacaf4779f36506,1585.30,62.43,6.316260680,55000,55000
0abbb34706e9f3cf1650599eecacaf4779f36506,1611.69,63.38,6.414570171,55000,54000
0abbb34706e9f3cf1650599eecacaf4779f36506,1606.46,63.10,6.410371984,54000,54000
0abbb34706e9f3cf1650599eecacaf4779f36506,1597.19,62.79,6.369028571,54000,54000
0abbb34706e9f3cf1650599eecacaf4779f36506,1617.29,63.57,6.446206268,54000,54000
0abbb34706e9f3cf1650599eecacaf4779f36506,1613.93,63.75,6.434110804,54000,55000
0abbb34706e9f3cf1650599eecacaf4779f36506,1575.26,62.11,6.295437362,54000,55000
0abbb34706e9f3cf1650599eecacaf4779f36506,1631.37,64.15,6.504412081,54000,55000
880fd60d9c7c9b9d5a5b77c7b93b5f4d73d01a67,1597.97,63.27,6.392026759,55000,55000
880fd60d9c7c9b9d5a5b77c7b93b5f4d73d01a67,1591.52,62.70,6.337287935,54000,54000
880fd60d9c7c9b9d5a5b77c7b93b5f4d73d01a67,1607.08,63.12,6.401573075,54000,54000
880fd60d9c7c9b9d5a5b77c7b93b5f4d73d01a67,1590.35,62.33,6.335363920,55000,54000
880fd60d9c7c9b9d5a5b77c7b93b5f4d73d01a67,1623.96,64.38,6.467897132,55000,54000
880fd60d9c7c9b9d5a5b77c7b93b5f4d73d01a67,1612.24,63.44,6.420504608,55000,55000
880fd60d9c7c9b9d5a5b77c7b93b5f4d73d01a67,1616.96,63.45,6.438182801,53000,54000
880fd60d9c7c9b9d5a5b77c7b93b5f4d73d01a67,1621.40,63.77,6.462060236,54000,55000
880fd60d9c7c9b9d5a5b77c7b93b5f4d73d01a67,1614.10,63.75,6.417935006,54000,54000
880fd60d9c7c9b9d5a5b77c7b93b5f4d73d01a67,1621.89,63.89,6.454855926,54000,54000
880fd60d9c7c9b9d5a5b77c7b93b5f4d73d01a67,1614.46,63.60,6.428574634,55000,54000
880fd60d9c7c9b9d5a5b77c7b93b5f4d73d01a67,1614.12,63.38,6.422361911,54000,54000
880fd60d9c7c9b9d5a5b77c7b93b5f4d73d01a67,1616.09,64.07,6.416211803,55000,54000
880fd60d9c7c9b9d5a5b77c7b93b5f4d73d01a67,1605.83,63.08,6.387492892,54000,54000
880fd60d9c7c9b9d5a5b77c7b93b5f4d73d01a67,1596.49,63.05,6.356697596,54000,55000
880fd60d9c7c9b9d5a5b77c7b93b5f4d73d01a67,1622.40,64.06,6.453814882,54000,54000
880fd60d9c7c9b9d5a5b77c7b93b5f4d73d01a67,1625.92,64.17,6.473251175,55000,54000
880fd60d9c7c9b9d5a5b77c7b93b5f4d73d01a67,1602.07,62.92,6.366922451,54000,54000
880fd60d9c7c9b9d5a5b77c7b93b5f4d73d01a67,1609.44,63.59,6.393522600,54000,54000
880fd60d9c7c9b9d5a5b77c7b93b5f4d73d01a67,1594.69,62.70,6.338241268,54000,54000
880fd60d9c7c9b9d5a5b77c7b93b5f4d73d01a67,1629.82,64.36,6.490533066,54000,54000
880fd60d9c7c9b9d5a5b77c7b93b5f4d73d01a67,1627.01,64.28,6.477186069,54000,54000
880fd60d9c7c9b9d5a5b77c7b93b5f4d73d01a67,1614.79,63.73,6.437720483,54000,54000
880fd60d9c7c9b9d5a5b77c7b93b5f4d73d01a67,1619.92,63.97,6.455265731,54000,54000
880fd60d9c7c9b9d5a5b77c7b93b5f4d73d01a67,1625.39,64.10,6.468943917,54000,54000
880fd60d9c7c9b9d5a5b77c7b93b5f4d73d01a67,1589.79,62.70,6.331447116,54000,55000
880fd60d9c7c9b9d5a5b77c7b93b5f4d73d01a67,1599.11,63.05,6.359423202,54000,54000
880fd60d9c7c9b9d5a5b77c7b93b5f4d73d01a67,1599.51,63.29,6.380837608,55000,55000
880fd60d9c7c9b9d5a5b77c7b93b5f4d73d01a67,1603.26,63.26,6.386708712,55000,55000
880fd60d9c7c9b9d5a5b77c7b93b5f4d73d01a67,1613.10,63.75,6.424770074,54000,55000
e2b1d8bc16e430c1823d37034d9eca6d2f65d6d7,1614.94,63.92,6.436395186,56000,56000
e2b1d8bc16e430c1823d37034d9eca6d2f65d6d7,1602.53,63.26,6.391026369,55000,55000
e2b1d8bc16e430c1823d37034d9eca6d2f65d6d7,1611.91,63.59,6.417892461,55000,56000
e2b1d8bc16e430c1823d37034d9eca6d2f65d6d7,1636.19,64.93,6.522007229,54000,55000
e2b1d8bc16e430c1823d37034d9eca6d2f65d6d7,1610.45,63.63,6.422941118,54000,54000
e2b1d8bc16e430c1823d37034d9eca6d2f65d6d7,1606.42,63.51,6.392194988,54000,54000
e2b1d8bc16e430c1823d37034d9eca6d2f65d6d7,1623.44,64.36,6.463863074,54000,54000
e2b1d8bc16e430c1823d37034d9eca6d2f65d6d7,1619.55,63.39,6.453929001,54000,54000
e2b1d8bc16e430c1823d37034d9eca6d2f65d6d7,1603.67,63.38,6.376262676,54000,54000
e2b1d8bc16e430c1823d37034d9eca6d2f65d6d7,1614.70,63.64,6.429178392,54000,54000
e2b1d8bc16e430c1823d37034d9eca6d2f65d6d7,1626.68,63.99,6.469396922,54000,54000
e2b1d8bc16e430c1823d37034d9eca6d2f65d6d7,1625.71,64.16,6.468917608,54000,55000
e2b1d8bc16e430c1823d37034d9eca6d2f65d6d7,1619.95,63.92,6.454087234,54000,54000
e2b1d8bc16e430c1823d37034d9eca6d2f65d6d7,1633.93,64.64,6.493998161,55000,55000
e2b1d8bc16e430c1823d37034d9eca6d2f65d6d7,1606.40,63.16,6.386873440,54000,54000
e2b1d8bc16e430c1823d37034d9eca6d2f65d6d7,1615.16,63.58,6.415999443,54000,54000
e2b1d8bc16e430c1823d37034d9eca6d2f65d6d7,1613.10,63.73,6.419246934,54000,54000
e2b1d8bc16e430c1823d37034d9eca6d2f65d6d7,1619.98,64.03,6.458893258,54000,54000
e2b1d8bc16e430c1823d37034d9eca6d2f65d6d7,1626.21,63.93,6.458899709,54000,54000
e2b1d8bc16e430c1823d37034d9eca6d2f65d6d7,1623.45,64.06,6.468340293,54000,54000
e2b1d8bc16e430c1823d37034d9eca6d2f65d6d7,1648.93,65.15,6.562119155,54000,55000
e2b1d8bc16e430c1823d37034d9eca6d2f65d6d7,1627.08,64.06,6.489702358,54000,54000
e2b1d8bc16e430c1823d37034d9eca6d2f65d6d7,1627.31,63.95,6.478172281,54000,54000
e2b1d8bc16e430c1823d37034d9eca6d2f65d6d7,1616.40,64.01,6.434375459,55000,54000
e2b1d8bc16e430c1823d37034d9eca6d2f65d6d7,1602.43,63.30,6.373967494,55000,55000
e2b1d8bc16e430c1823d37034d9eca6d2f65d6d7,1631.77,64.41,6.506272304,54000,56000
e2b1d8bc16e430c1823d37034d9eca6d2f65d6d7,1634.60,65.02,6.502174511,54000,54000
e2b1d8bc16e430c1823d37034d9eca6d2f65d6d7,1625.18,64.45,6.481010077,54000,54000
e2b1d8bc16e430c1823d37034d9eca6d2f65d6d7,1623.70,64.31,6.465467348,55000,55000
e2b1d8bc16e430c1823d37034d9eca6d2f65d6d7,1617.79,64.06,6.460002039,54000,54000
a48218e7a5fae7a02eed0b6b1de03dee80ae2d2b,1615.27,64.17,6.454652359,56000,55000
a48218e7a5fae7a02eed0b6b1de03dee80ae2d2b,1649.91,65.19,6.565445135,56000,56000
a48218e7a5fae7a02eed0b6b1de03dee80ae2d2b,1634.91,64.78,6.509809754,54000,54000
a48218e7a5fae7a02eed0b6b1de03dee80ae2d2b,1664.13,65.58,6.612004217,54000,54000
a48218e7a5fae7a02eed0b6b1de03dee80ae2d2b,1654.27,65.31,6.583736423,54000,54000
a48218e7a5fae7a02eed0b6b1de03dee80ae2d2b,1633.25,64.52,6.477622959,54000,54000
a48218e7a5fae7a02eed0b6b1de03dee80ae2d2b,1645.55,64.94,6.533496882,54000,54000
a48218e7a5fae7a02eed0b6b1de03dee80ae2d2b,1628.07,64.38,6.471916760,53000,54000
a48218e7a5fae7a02eed0b6b1de03dee80ae2d2b,1612.51,63.63,6.411438819,54000,54000
a48218e7a5fae7a02eed0b6b1de03dee80ae2d2b,1641.32,65.00,6.519412710,54000,54000
a48218e7a5fae7a02eed0b6b1de03dee80ae2d2b,1625.54,64.07,6.477805769,55000,54000
a48218e7a5fae7a02eed0b6b1de03dee80ae2d2b,1638.39,64.29,6.512733084,54000,54000
a48218e7a5fae7a02eed0b6b1de03dee80ae2d2b,1644.81,64.72,6.524570654,54000,54000
a48218e7a5fae7a02eed0b6b1de03dee80ae2d2b,1648.42,64.96,6.546286071,55000,55000
a48218e7a5fae7a02eed0b6b1de03dee80ae2d2b,1635.57,64.61,6.494529595,54000,54000
a48218e7a5fae7a02eed0b6b1de03dee80ae2d2b,1650.80,65.36,6.561942077,54000,54000
a48218e7a5fae7a02eed0b6b1de03dee80ae2d2b,1637.38,64.58,6.494847714,55000,54000
a48218e7a5fae7a02eed0b6b1de03dee80ae2d2b,1647.52,64.99,6.540157811,55000,54000
a48218e7a5fae7a02eed0b6b1de03dee80ae2d2b,1619.60,64.18,6.440462293,54000,54000
a48218e7a5fae7a02eed0b6b1de03dee80ae2d2b,1632.53,64.67,6.498047837,54000,54000
a48218e7a5fae7a02eed0b6b1de03dee80ae2d2b,1617.21,64.24,6.433873894,55000,54000
a48218e7a5fae7a02eed0b6b1de03dee80ae2d2b,1665.72,65.95,6.623328417,55000,54000
a48218e7a5fae7a02eed0b6b1de03dee80ae2d2b,1656.87,65.67,6.591286813,55000,54000
a48218e7a5fae7a02eed0b6b1de03dee80ae2d2b,1631.05,64.52,6.484618382,54000,54000
a48218e7a5fae7a02eed0b6b1de03dee80ae2d2b,1633.43,64.55,6.481723247,54000,55000
a48218e7a5fae7a02eed0b6b1de03dee80ae2d2b,1627.61,64.32,6.472957383,55000,55000
a48218e7a5fae7a02eed0b6b1de03dee80ae2d2b,1618.57,63.86,6.433016769,55000,54000
a48218e7a5fae7a02eed0b6b1de03dee80ae2d2b,1648.42,65.19,6.552410127,55000,54000
a48218e7a5fae7a02eed0b6b1de03dee80ae2d2b,1634.84,64.50,6.499378254,54000,54000
a48218e7a5fae7a02eed0b6b1de03dee80ae2d2b,1652.76,65.60,6.572863682,54000,54000
500d1cb979ea3c45b67dd059e06629f2dc21ea7c,1629.90,63.99,6.490372933,54000,54000
500d1cb979ea3c45b67dd059e06629f2dc21ea7c,1610.91,63.40,6.412593170,54000,54000
500d1cb979ea3c45b67dd059e06629f2dc21ea7c,1630.26,63.86,6.478089511,54000,54000
500d1cb979ea3c45b67dd059e06629f2dc21ea7c,1623.72,63.61,6.484792848,54000,54000
500d1cb979ea3c45b67dd059e06629f2dc21ea7c,1622.36,63.79,6.456716795,54000,56000
500d1cb979ea3c45b67dd059e06629f2dc21ea7c,1630.32,64.09,6.504864066,54000,54000
500d1cb979ea3c45b67dd059e06629f2dc21ea7c,1628.97,64.04,6.482195053,54000,54000
500d1cb979ea3c45b67dd059e06629f2dc21ea7c,1626.74,64.04,6.465482745,54000,54000
500d1cb979ea3c45b67dd059e06629f2dc21ea7c,1639.81,64.48,6.509338205,54000,54000
500d1cb979ea3c45b67dd059e06629f2dc21ea7c,1615.97,63.56,6.430663748,54000,54000
500d1cb979ea3c45b67dd059e06629f2dc21ea7c,1638.24,64.19,6.511556093,55000,54000
500d1cb979ea3c45b67dd059e06629f2dc21ea7c,1629.49,64.12,6.476838669,54000,54000
500d1cb979ea3c45b67dd059e06629f2dc21ea7c,1631.61,64.19,6.480068086,54000,54000
500d1cb979ea3c45b67dd059e06629f2dc21ea7c,1626.25,63.99,6.464094182,54000,54000
500d1cb979ea3c45b67dd059e06629f2dc21ea7c,1627.75,64.05,6.464275843,54000,54000
500d1cb979ea3c45b67dd059e06629f2dc21ea7c,1638.79,64.62,6.517275144,54000,54000
500d1cb979ea3c45b67dd059e06629f2dc21ea7c,1628.48,63.98,6.478160076,54000,54000
500d1cb979ea3c45b67dd059e06629f2dc21ea7c,1627.63,64.39,6.463462831,54000,54000
500d1cb979ea3c45b67dd059e06629f2dc21ea7c,1636.32,64.62,6.498526153,54000,55000
500d1cb979ea3c45b67dd059e06629f2dc21ea7c,1623.55,64.08,6.459062817,55000,54000
500d1cb979ea3c45b67dd059e06629f2dc21ea7c,1611.03,63.77,6.413515478,55000,54000
500d1cb979ea3c45b67dd059e06629f2dc21ea7c,1658.05,65.43,6.585743912,55000,54000
500d1cb979ea3c45b67dd059e06629f2dc21ea7c,1658.20,65.40,6.608406217,55000,55000
500d1cb979ea3c45b67dd059e06629f2dc21ea7c,1623.94,64.02,6.462341542,54000,54000
500d1cb979ea3c45b67dd059e06629f2dc21ea7c,1636.19,64.66,6.514044777,54000,54000
500d1cb979ea3c45b67dd059e06629f2dc21ea7c,1645.16,65.11,6.550796522,54000,54000
500d1cb979ea3c45b67dd059e06629f2dc21ea7c,1638.28,64.54,6.523815212,54000,54000
500d1cb979ea3c45b67dd059e06629f2dc21ea7c,1649.54,65.24,6.563284930,55000,55000
500d1cb979ea3c45b67dd059e06629f2dc21ea7c,1641.78,64.91,6.525440263,54000,55000
500d1cb979ea3c45b67dd059e06629f2dc21ea7c,1629.61,64.30,6.477925553,54000,54000
8dabfde4800a0a1c790936976297b539ea6c4946,1601.72,63.10,6.389346542,56000,56000
8dabfde4800a0a1c790936976297b539ea6c4946,1620.51,63.98,6.449688154,55000,55000
8dabfde4800a0a1c790936976297b539ea6c4946,1647.58,64.89,6.555915581,54000,54000
8dabfde4800a0a1c790936976297b539ea6c4946,1615.35,63.57,6.440149567,55000,55000
8dabfde4800a0a1c790936976297b539ea6c4946,1631.48,64.36,6.503980653,54000,54000
8dabfde4800a0a1c790936976297b539ea6c4946,1621.52,63.83,6.469841223,54000,54000
8dabfde4800a0a1c790936976297b539ea6c4946,1622.23,63.93,6.451141509,54000,54000
8dabfde4800a0a1c790936976297b539ea6c4946,1623.31,63.70,6.467085254,54000,54000
8dabfde4800a0a1c790936976297b539ea6c4946,1616.02,63.25,6.436876659,54000,54000
8dabfde4800a0a1c790936976297b539ea6c4946,1648.24,64.84,6.579795539,54000,54000
8dabfde4800a0a1c790936976297b539ea6c4946,1619.03,63.99,6.447196424,54000,54000
8dabfde4800a0a1c790936976297b539ea6c4946,1626.15,63.75,6.469327186,55000,55000
8dabfde4800a0a1c790936976297b539ea6c4946,1624.26,64.13,6.476702451,54000,54000
8dabfde4800a0a1c790936976297b539ea6c4946,1607.69,63.21,6.401263186,54000,54000
8dabfde4800a0a1c790936976297b539ea6c4946,1644.43,64.63,6.546777036,55000,54000
8dabfde4800a0a1c790936976297b539ea6c4946,1622.16,64.01,6.445836127,54000,54000
8dabfde4800a0a1c790936976297b539ea6c4946,1631.08,64.27,6.497901600,54000,54000
8dabfde4800a0a1c790936976297b539ea6c4946,1628.24,64.10,6.485824923,54000,54000
8dabfde4800a0a1c790936976297b539ea6c4946,1630.37,64.11,6.494552945,54000,54000
8dabfde4800a0a1c790936976297b539ea6c4946,1630.48,64.19,6.487258902,54000,54000
8dabfde4800a0a1c790936976297b539ea6c4946,1634.76,64.49,6.500304892,55000,54000
8dabfde4800a0a1c790936976297b539ea6c4946,1631.69,64.37,6.496574446,54000,54000
8dabfde4800a0a1c790936976297b539ea6c4946,1614.20,63.86,6.425506063,54000,54000
8dabfde4800a0a1c790936976297b539ea6c4946,1633.69,64.81,6.500539776,55000,55000
8dabfde4800a0a1c790936976297b539ea6c4946,1624.03,64.07,6.460779171,54000,54000
8dabfde4800a0a1c790936976297b539ea6c4946,1639.37,65.03,6.517954196,54000,55000
8dabfde4800a0a1c790936976297b539ea6c4946,1644.15,64.98,6.540326896,55000,54000
8dabfde4800a0a1c790936976297b539ea6c4946,1639.17,64.94,6.524044779,54000,54000
8dabfde4800a0a1c790936976297b539ea6c4946,1629.88,64.25,6.486316878,54000,54000
8dabfde4800a0a1c790936976297b539ea6c4946,1627.93,64.30,6.491754966,54000,54000
e9a50051a181e80022e775c5ef43222296a22f60,1618.13,63.76,6.442150501,55000,55000
e9a50051a181e80022e775c5ef43222296a22f60,1615.96,63.78,6.421734821,55000,54000
e9a50051a181e80022e775c5ef43222296a22f60,1614.61,63.43,6.440322473,54000,54000
e9a50051a181e80022e775c5ef43222296a22f60,1644.91,64.78,6.552523257,54000,54000
e9a50051a181e80022e775c5ef43222296a22f60,1621.25,63.94,6.455060499,54000,54000
e9a50051a181e80022e775c5ef43222296a22f60,1605.64,63.05,6.403841107,54000,54000
e9a50051a181e80022e775c5ef43222296a22f60,1624.80,63.88,6.465950804,54000,54000
e9a50051a181e80022e775c5ef43222296a22f60,1650.15,64.98,6.570064526,54000,54000
e9a50051a181e80022e775c5ef43222296a22f60,1664.91,65.82,6.632127979,54000,54000
e9a50051a181e80022e775c5ef43222296a22f60,1611.25,63.66,6.420013325,54000,54000
e9a50051a181e80022e775c5ef43222296a22f60,1632.56,64.44,6.511788469,54000,55000
e9a50051a181e80022e775c5ef43222296a22f60,1633.22,64.33,6.511923973,55000,54000
e9a50051a181e80022e775c5ef43222296a22f60,1643.84,64.65,6.550192532,54000,54000
e9a50051a181e80022e775c5ef43222296a22f60,1625.98,64.26,6.463408131,55000,54000
e9a50051a181e80022e775c5ef43222296a22f60,1646.10,65.07,6.543608937,54000,54000
e9a50051a181e80022e775c5ef43222296a22f60,1637.14,64.53,6.519481498,54000,54000
e9a50051a181e80022e775c5ef43222296a22f60,1646.38,64.89,6.548623562,54000,54000
e9a50051a181e80022e775c5ef43222296a22f60,1625.67,64.50,6.473957588,54000,55000
e9a50051a181e80022e775c5ef43222296a22f60,1618.17,63.81,6.439938402,54000,54000
e9a50051a181e80022e775c5ef43222296a22f60,1648.49,64.93,6.561006417,54000,55000
e9a50051a181e80022e775c5ef43222296a22f60,1634.86,64.51,6.509915174,54000,54000
e9a50051a181e80022e775c5ef43222296a22f60,1641.39,64.80,6.522448088,54000,54000
e9a50051a181e80022e775c5ef43222296a22f60,1644.90,64.68,6.541198569,55000,55000
e9a50051a181e80022e775c5ef43222296a22f60,1635.69,64.59,6.507716189,55000,55000
e9a50051a181e80022e775c5ef43222296a22f60,1625.51,63.94,6.459076367,55000,55000
e9a50051a181e80022e775c5ef43222296a22f60,1605.30,63.47,6.390194495,54000,55000
e9a50051a181e80022e775c5ef43222296a22f60,1618.10,63.81,6.449983928,54000,54000
e9a50051a181e80022e775c5ef43222296a22f60,1642.59,64.98,6.541612956,54000,54000
e9a50051a181e80022e775c5ef43222296a22f60,1635.70,64.65,6.517314978,55000,54000
e9a50051a181e80022e775c5ef43222296a22f60,1634.65,64.29,6.507216950,54000,54000
85c60c479eae1852ee56eb43a09a8d44484f798b,1610.48,63.36,6.415249200,55000,54000
85c60c479eae1852ee56eb43a09a8d44484f798b,1632.21,64.52,6.503439751,54000,54000
85c60c479eae1852ee56eb43a09a8d44484f798b,1645.10,64.58,6.555337158,55000,55000
85c60c479eae1852ee56eb43a09a8d44484f798b,1609.75,63.41,6.406931968,54000,54000
85c60c479eae1852ee56eb43a09a8d44484f798b,1614.82,63.64,6.427545759,54000,53000
85c60c479eae1852ee56eb43a09a8d44484f798b,1647.82,64.88,6.556571988,54000,54000
85c60c479eae1852ee56eb43a09a8d44484f798b,1608.16,63.33,6.405295727,54000,54000
85c60c479eae1852ee56eb43a09a8d44484f798b,1624.92,63.69,6.478437053,53000,54000
85c60c479eae1852ee56eb43a09a8d44484f798b,1632.72,64.39,6.500831309,54000,54000
85c60c479eae1852ee56eb43a09a8d44484f798b,1609.93,63.19,6.414994162,54000,54000
85c60c479eae1852ee56eb43a09a8d44484f798b,1607.83,63.21,6.412977135,54000,54000
85c60c479eae1852ee56eb43a09a8d44484f798b,1627.59,64.19,6.484193800,54000,54000
85c60c479eae1852ee56eb43a09a8d44484f798b,1622.87,64.29,6.449910787,54000,54000
85c60c479eae1852ee56eb43a09a8d44484f798b,1625.34,64.03,6.466459614,54000,54000
85c60c479eae1852ee56eb43a09a8d44484f798b,1630.29,64.53,6.506385529,54000,56000
85c60c479eae1852ee56eb43a09a8d44484f798b,1630.26,64.37,6.481986230,55000,54000
85c60c479eae1852ee56eb43a09a8d44484f798b,1634.61,64.49,6.509598072,54000,54000
85c60c479eae1852ee56eb43a09a8d44484f798b,1624.91,64.11,6.467755225,54000,54000
85c60c479eae1852ee56eb43a09a8d44484f798b,1639.60,64.91,6.554086734,54000,54000
85c60c479eae1852ee56eb43a09a8d44484f798b,1625.02,64.36,6.466024692,54000,54000
85c60c479eae1852ee56eb43a09a8d44484f798b,1635.81,64.71,6.509561917,55000,55000
85c60c479eae1852ee56eb43a09a8d44484f798b,1621.24,64.00,6.455812600,54000,54000
85c60c479eae1852ee56eb43a09a8d44484f798b,1626.47,64.23,6.487914533,54000,54000
85c60c479eae1852ee56eb43a09a8d44484f798b,1631.20,64.38,6.484437717,55000,54000
85c60c479eae1852ee56eb43a09a8d44484f798b,1634.74,64.57,6.517728857,56000,55000
85c60c479eae1852ee56eb43a09a8d44484f798b,1603.51,63.21,6.388741930,55000,54000
85c60c479eae1852ee56eb43a09a8d44484f798b,1644.44,64.93,6.547760985,54000,55000
85c60c479eae1852ee56eb43a09a8d44484f798b,1613.93,63.79,6.434795954,54000,54000
85c60c479eae1852ee56eb43a09a8d44484f798b,1644.20,64.82,6.557572998,54000,55000
85c60c479eae1852ee56eb43a09a8d44484f798b,1600.64,63.07,6.388264028,54000,54000
d64d207a67b59d2fc2b9a65e362cc2ddacd1881e,1627.82,64.19,6.487924614,56000,56000
d64d207a67b59d2fc2b9a65e362cc2ddacd1881e,1612.37,63.78,6.452371780,54000,54000
d64d207a67b59d2fc2b9a65e362cc2ddacd1881e,1599.52,62.92,6.362102439,54000,54000
d64d207a67b59d2fc2b9a65e362cc2ddacd1881e,1637.83,64.13,6.516057702,54000,54000
d64d207a67b59d2fc2b9a65e362cc2ddacd1881e,1663.07,65.61,6.611907333,54000,54000
d64d207a67b59d2fc2b9a65e362cc2ddacd1881e,1626.82,63.95,6.456777613,54000,54000
d64d207a67b59d2fc2b9a65e362cc2ddacd1881e,1622.27,63.92,6.446987507,54000,55000
d64d207a67b59d2fc2b9a65e362cc2ddacd1881e,1613.25,63.33,6.419383169,53000,54000
d64d207a67b59d2fc2b9a65e362cc2ddacd1881e,1618.66,63.77,6.426351696,54000,55000
d64d207a67b59d2fc2b9a65e362cc2ddacd1881e,1632.56,64.19,6.488215711,55000,54000
d64d207a67b59d2fc2b9a65e362cc2ddacd1881e,1634.20,64.33,6.493147719,54000,54000
d64d207a67b59d2fc2b9a65e362cc2ddacd1881e,1617.97,63.93,6.427953636,54000,54000
d64d207a67b59d2fc2b9a65e362cc2ddacd1881e,1618.42,63.96,6.437581760,54000,55000
d64d207a67b59d2fc2b9a65e362cc2ddacd1881e,1622.20,64.33,6.461080699,54000,54000
d64d207a67b59d2fc2b9a65e362cc2ddacd1881e,1637.86,64.82,6.516056898,54000,54000
d64d207a67b59d2fc2b9a65e362cc2ddacd1881e,1621.21,63.81,6.447261719,54000,54000
d64d207a67b59d2fc2b9a65e362cc2ddacd1881e,1662.19,65.91,6.619941614,54000,55000
d64d207a67b59d2fc2b9a65e362cc2ddacd1881e,1635.18,64.42,6.496735221,56000,55000
d64d207a67b59d2fc2b9a65e362cc2ddacd1881e,1620.64,63.82,6.444141230,54000,54000
d64d207a67b59d2fc2b9a65e362cc2ddacd1881e,1634.18,64.45,6.514120471,54000,54000
d64d207a67b59d2fc2b9a65e362cc2ddacd1881e,1630.71,64.22,6.495103002,55000,55000
d64d207a67b59d2fc2b9a65e362cc2ddacd1881e,1622.00,64.14,6.457024067,54000,54000
d64d207a67b59d2fc2b9a65e362cc2ddacd1881e,1611.32,63.42,6.423035603,55000,55000
d64d207a67b59d2fc2b9a65e362cc2ddacd1881e,1631.77,64.48,6.500303306,54000,54000
d64d207a67b59d2fc2b9a65e362cc2ddacd1881e,1632.76,64.77,6.487479412,55000,55000
d64d207a67b59d2fc2b9a65e362cc2ddacd1881e,1629.53,64.31,6.484523221,54000,55000
d64d207a67b59d2fc2b9a65e362cc2ddacd1881e,1636.91,64.52,6.516523244,55000,54000
d64d207a67b59d2fc2b9a65e362cc2ddacd1881e,1636.27,64.68,6.508801979,54000,54000
d64d207a67b59d2fc2b9a65e362cc2ddacd1881e,1640.30,64.94,6.527991499,54000,55000
d64d207a67b59d2fc2b9a65e362cc2ddacd1881e,1621.63,63.93,6.454566552,54000,55000
4782302a89bb2b7511bd0878fa923f404c3c3b99,1638.41,64.72,6.543253931,55000,56000
4782302a89bb2b7511bd0878fa923f404c3c3b99,1638.46,64.47,6.533017374,55000,56000
4782302a89bb2b7511bd0878fa923f404c3c3b99,1604.83,63.31,6.394948547,55000,56000
4782302a89bb2b7511bd0878fa923f404c3c3b99,1623.40,63.70,6.464972377,54000,54000
4782302a89bb2b7511bd0878fa923f404c3c3b99,1646.69,64.88,6.565994928,55000,55000
4782302a89bb2b7511bd0878fa923f404c3c3b99,1611.11,63.55,6.418209903,54000,54000
4782302a89bb2b7511bd0878fa923f404c3c3b99,1640.67,64.73,6.533589076,54000,54000
4782302a89bb2b7511bd0878fa923f404c3c3b99,1629.95,64.25,6.500975071,54000,54000
4782302a89bb2b7511bd0878fa923f404c3c3b99,1647.07,65.08,6.561039903,54000,54000
4782302a89bb2b7511bd0878fa923f404c3c3b99,1671.17,65.53,6.673869489,55000,54000
4782302a89bb2b7511bd0878fa923f404c3c3b99,1646.19,65.00,6.550456667,54000,54000
4782302a89bb2b7511bd0878fa923f404c3c3b99,1636.71,64.53,6.516864776,54000,55000
4782302a89bb2b7511bd0878fa923f404c3c3b99,1638.26,64.60,6.532025361,55000,54000
4782302a89bb2b7511bd0878fa923f404c3c3b99,1622.31,63.95,6.460113821,54000,54000
4782302a89bb2b7511bd0878fa923f404c3c3b99,1631.52,64.14,6.498812424,54000,54000
4782302a89bb2b7511bd0878fa923f404c3c3b99,1597.25,63.15,6.347673664,55000,54000
4782302a89bb2b7511bd0878fa923f404c3c3b99,1617.42,63.86,6.439669599,54000,54000
4782302a89bb2b7511bd0878fa923f404c3c3b99,1629.92,64.24,6.482104789,54000,54000
4782302a89bb2b7511bd0878fa923f404c3c3b99,1615.05,63.91,6.433192007,54000,54000
4782302a89bb2b7511bd0878fa923f404c3c3b99,1628.72,64.34,6.486893374,54000,54000
4782302a89bb2b7511bd0878fa923f404c3c3b99,1647.91,65.21,6.554301238,54000,54000
4782302a89bb2b7511bd0878fa923f404c3c3b99,1624.39,63.91,6.455979252,54000,54000
4782302a89bb2b7511bd0878fa923f404c3c3b99,1616.18,63.92,6.434143028,54000,54000
4782302a89bb2b7511bd0878fa923f404c3c3b99,1665.80,66.10,6.630425894,55000,55000
4782302a89bb2b7511bd0878fa923f404c3c3b99,1623.71,63.99,6.468935701,55000,54000
4782302a89bb2b7511bd0878fa923f404c3c3b99,1619.59,63.97,6.451220758,55000,56000
4782302a89bb2b7511bd0878fa923f404c3c3b99,1649.90,65.32,6.575065229,54000,55000
4782302a89bb2b7511bd0878fa923f404c3c3b99,1627.36,64.23,6.493814569,54000,55000
4782302a89bb2b7511bd0878fa923f404c3c3b99,1658.48,65.47,6.603165060,55000,54000
4782302a89bb2b7511bd0878fa923f404c3c3b99,1616.18,63.81,6.437990676,55000,54000
1a93abca1912dbdabdccb86a70a6c82abb672c3a,1634.22,64.28,6.526572289,54000,54000
1a93abca1912dbdabdccb86a70a6c82abb672c3a,1617.47,63.68,6.443400657,54000,54000
1a93abca1912dbdabdccb86a70a6c82abb672c3a,1602.42,63.08,6.381754909,55000,55000
1a93abca1912dbdabdccb86a70a6c82abb672c3a,1633.67,64.22,6.506708538,54000,54000
1a93abca1912dbdabdccb86a70a6c82abb672c3a,1628.27,64.02,6.478818570,54000,54000
1a93abca1912dbdabdccb86a70a6c82abb672c3a,1604.21,63.00,6.404146019,54000,54000
1a93abca1912dbdabdccb86a70a6c82abb672c3a,1612.30,63.17,6.414009367,54000,54000
1a93abca1912dbdabdccb86a70a6c82abb672c3a,1628.06,64.17,6.492816236,54000,54000
1a93abca1912dbdabdccb86a70a6c82abb672c3a,1636.73,64.75,6.509656981,54000,54000
1a93abca1912dbdabdccb86a70a6c82abb672c3a,1625.97,64.29,6.471183371,54000,54000
1a93abca1912dbdabdccb86a70a6c82abb672c3a,1625.17,63.97,6.465314981,53000,55000
1a93abca1912dbdabdccb86a70a6c82abb672c3a,1630.48,64.08,6.499867438,54000,54000
1a93abca1912dbdabdccb86a70a6c82abb672c3a,1638.58,64.51,6.525413377,54000,54000
1a93abca1912dbdabdccb86a70a6c82abb672c3a,1611.32,63.38,6.411043887,55000,54000
1a93abca1912dbdabdccb86a70a6c82abb672c3a,1615.96,63.63,6.434562487,54000,54000
1a93abca1912dbdabdccb86a70a6c82abb672c3a,1626.13,63.97,6.477793231,54000,54000
1a93abca1912dbdabdccb86a70a6c82abb672c3a,1641.30,64.85,6.525040672,55000,54000
1a93abca1912dbdabdccb86a70a6c82abb672c3a,1632.02,64.52,6.490068906,55000,54000
1a93abca1912dbdabdccb86a70a6c82abb672c3a,1642.30,64.84,6.543115501,54000,54000
1a93abca1912dbdabdccb86a70a6c82abb672c3a,1613.18,63.67,6.421130451,54000,55000
1a93abca1912dbdabdccb86a70a6c82abb672c3a,1627.84,64.27,6.481024314,54000,54000
1a93abca1912dbdabdccb86a70a6c82abb672c3a,1620.82,63.90,6.453159118,54000,54000
1a93abca1912dbdabdccb86a70a6c82abb672c3a,1626.23,63.99,6.473919978,54000,54000
1a93abca1912dbdabdccb86a70a6c82abb672c3a,1640.29,64.97,6.535032955,55000,54000
1a93abca1912dbdabdccb86a70a6c82abb672c3a,1637.79,64.63,6.522527415,55000,54000
1a93abca1912dbdabdccb86a70a6c82abb672c3a,1621.33,64.04,6.458908423,55000,54000
1a93abca1912dbdabdccb86a70a6c82abb672c3a,1621.51,63.69,6.455295421,54000,54000
1a93abca1912dbdabdccb86a70a6c82abb672c3a,1628.13,64.65,6.481992040,54000,55000
1a93abca1912dbdabdccb86a70a6c82abb672c3a,1622.98,63.96,6.462416861,54000,54000
1a93abca1912dbdabdccb86a70a6c82abb672c3a,1605.64,63.41,6.387058826,54000,54000
7622713cbee75d2640fc5ec34355101069fc8c87,1655.05,64.96,6.580030552,55000,54000
7622713cbee75d2640fc5ec34355101069fc8c87,1632.97,63.93,6.506406247,54000,54000
7622713cbee75d2640fc5ec34355101069fc8c87,1651.53,65.16,6.579159021,54000,55000
7622713cbee75d2640fc5ec34355101069fc8c87,1639.64,64.79,6.527201800,54000,54000
7622713cbee75d2640fc5ec34355101069fc8c87,1633.17,64.42,6.498835386,54000,55000
7622713cbee75d2640fc5ec34355101069fc8c87,1648.37,65.01,6.544956856,54000,54000
7622713cbee75d2640fc5ec34355101069fc8c87,1627.60,64.13,6.481397883,54000,54000
7622713cbee75d2640fc5ec34355101069fc8c87,1632.76,64.27,6.507322319,54000,54000
7622713cbee75d2640fc5ec34355101069fc8c87,1658.55,65.65,6.611097002,54000,53000
7622713cbee75d2640fc5ec34355101069fc8c87,1640.86,64.73,6.518226331,55000,54000
7622713cbee75d2640fc5ec34355101069fc8c87,1628.62,64.17,6.472504069,54000,54000
7622713cbee75d2640fc5ec34355101069fc8c87,1632.29,64.25,6.498985876,55000,54000
7622713cbee75d2640fc5ec34355101069fc8c87,1611.78,63.40,6.407463413,54000,55000
7622713cbee75d2640fc5ec34355101069fc8c87,1642.66,64.65,6.526505912,54000,54000
7622713cbee75d2640fc5ec34355101069fc8c87,1624.16,63.88,6.463564311,54000,54000
7622713cbee75d2640fc5ec34355101069fc8c87,1637.26,64.28,6.511950510,54000,54000
7622713cbee75d2640fc5ec34355101069fc8c87,1630.76,64.32,6.478001870,55000,54000
7622713cbee75d2640fc5ec34355101069fc8c87,1618.66,63.57,6.455627595,53000,54000
7622713cbee75d2640fc5ec34355101069fc8c87,1643.18,64.80,6.539736778,54000,54000
7622713cbee75d2640fc5ec34355101069fc8c87,1649.26,65.26,6.547114321,55000,54000
7622713cbee75d2640fc5ec34355101069fc8c87,1617.36,63.84,6.427425849,54000,54000
7622713cbee75d2640fc5ec34355101069fc8c87,1656.75,65.49,6.587885883,54000,54000
7622713cbee75d2640fc5ec34355101069fc8c87,1625.35,64.16,6.471834011,54000,54000
7622713cbee75d2640fc5ec34355101069fc8c87,1648.03,65.10,6.537191635,54000,55000
7622713cbee75d2640fc5ec34355101069fc8c87,1614.80,63.75,6.422272088,55000,55000
7622713cbee75d2640fc5ec34355101069fc8c87,1638.65,64.64,6.525371275,55000,55000
7622713cbee75d2640fc5ec34355101069fc8c87,1619.70,64.09,6.452726094,54000,54000
7622713cbee75d2640fc5ec34355101069fc8c87,1627.64,64.27,6.475837767,54000,55000
7622713cbee75d2640fc5ec34355101069fc8c87,1625.05,64.35,6.461371944,54000,54000
7622713cbee75d2640fc5ec34355101069fc8c87,1634.05,64.17,6.511844196,54000,55000
58009d6fa2050ef9b097f6c263cf0bc6ccac5a80,1633.95,64.53,6.504250142,54000,55000
58009d6fa2050ef9b097f6c263cf0bc6ccac5a80,1650.93,64.84,6.581236215,55000,54000
58009d6fa2050ef9b097f6c263cf0bc6ccac5a80,1641.59,65.05,6.528277218,54000,55000
58009d6fa2050ef9b097f6c263cf0bc6ccac5a80,1625.99,64.19,6.477049315,54000,54000
58009d6fa2050ef9b097f6c263cf0bc6ccac5a80,1663.20,65.65,6.621838816,54000,54000
58009d6fa2050ef9b097f6c263cf0bc6ccac5a80,1648.03,64.88,6.562620205,54000,54000
58009d6fa2050ef9b097f6c263cf0bc6ccac5a80,1645.15,64.80,6.553903394,54000,53000
58009d6fa2050ef9b097f6c263cf0bc6ccac5a80,1607.58,63.44,6.408862284,54000,54000
58009d6fa2050ef9b097f6c263cf0bc6ccac5a80,1620.93,63.93,6.447884055,54000,54000
58009d6fa2050ef9b097f6c263cf0bc6ccac5a80,1643.64,64.79,6.536125630,54000,55000
58009d6fa2050ef9b097f6c263cf0bc6ccac5a80,1643.98,64.84,6.538614593,55000,54000
58009d6fa2050ef9b097f6c263cf0bc6ccac5a80,1626.04,64.06,6.467601754,54000,54000
58009d6fa2050ef9b097f6c263cf0bc6ccac5a80,1649.72,64.98,6.563789018,54000,55000
58009d6fa2050ef9b097f6c263cf0bc6ccac5a80,1614.98,63.51,6.426009075,55000,54000
58009d6fa2050ef9b097f6c263cf0bc6ccac5a80,1632.17,64.01,6.493432879,54000,54000
58009d6fa2050ef9b097f6c263cf0bc6ccac5a80,1614.49,63.50,6.419429322,54000,54000
58009d6fa2050ef9b097f6c263cf0bc6ccac5a80,1647.41,65.19,6.547620018,54000,54000
58009d6fa2050ef9b097f6c263cf0bc6ccac5a80,1647.15,64.93,6.559212362,54000,54000
58009d6fa2050ef9b097f6c263cf0bc6ccac5a80,1622.67,63.99,6.473798209,54000,55000
58009d6fa2050ef9b097f6c263cf0bc6ccac5a80,1634.71,64.43,6.508401067,54000,54000
58009d6fa2050ef9b097f6c263cf0bc6ccac5a80,1625.06,64.49,6.471651882,55000,54000
58009d6fa2050ef9b097f6c263cf0bc6ccac5a80,1637.66,64.97,6.510273449,54000,54000
58009d6fa2050ef9b097f6c263cf0bc6ccac5a80,1624.49,64.00,6.458319276,54000,54000
58009d6fa2050ef9b097f6c263cf0bc6ccac5a80,1652.06,65.15,6.591916935,54000,54000
58009d6fa2050ef9b097f6c263cf0bc6ccac5a80,1615.84,63.71,6.439771161,55000,54000
58009d6fa2050ef9b097f6c263cf0bc6ccac5a80,1638.94,64.98,6.524532138,55000,55000
58009d6fa2050ef9b097f6c263cf0bc6ccac5a80,1631.89,64.38,6.498002695,55000,55000
58009d6fa2050ef9b097f6c263cf0bc6ccac5a80,1625.67,64.31,6.476767250,55000,54000
58009d6fa2050ef9b097f6c263cf0bc6ccac5a80,1661.11,65.79,6.614605736,54000,54000
58009d6fa2050ef9b097f6c263cf0bc6ccac5a80,1632.69,64.29,6.503698262,54000,54000
8d6237e004a8661655a9bc5b914a59d1ca87307e,1636.11,64.61,6.519983403,54000,54000
8d6237e004a8661655a9bc5b914a59d1ca87307e,1667.66,65.57,6.665583086,54000,54000
8d6237e004a8661655a9bc5b914a59d1ca87307e,1641.70,64.59,6.536388352,54000,54000
8d6237e004a8661655a9bc5b914a59d1ca87307e,1612.36,63.18,6.423818119,54000,54000
8d6237e004a8661655a9bc5b914a59d1ca87307e,1637.75,64.28,6.519804478,54000,54000
8d6237e004a8661655a9bc5b914a59d1ca87307e,1637.20,64.26,6.519287204,54000,54000
8d6237e004a8661655a9bc5b914a59d1ca87307e,1618.76,63.87,6.442206145,54000,54000
8d6237e004a8661655a9bc5b914a59d1ca87307e,1622.86,63.75,6.466530742,54000,55000
8d6237e004a8661655a9bc5b914a59d1ca87307e,1643.00,64.58,6.543795222,54000,54000
8d6237e004a8661655a9bc5b914a59d1ca87307e,1639.84,64.76,6.529685852,54000,54000
8d6237e004a8661655a9bc5b914a59d1ca87307e,1635.58,64.76,6.498212738,54000,54000
8d6237e004a8661655a9bc5b914a59d1ca87307e,1636.18,64.48,6.505324134,54000,54000
8d6237e004a8661655a9bc5b914a59d1ca87307e,1649.26,64.79,6.567657157,54000,54000
8d6237e004a8661655a9bc5b914a59d1ca87307e,1630.72,64.07,6.500861886,54000,55000
8d6237e004a8661655a9bc5b914a59d1ca87307e,1630.03,63.96,6.477546661,54000,54000
8d6237e004a8661655a9bc5b914a59d1ca87307e,1638.98,64.36,6.516453959,54000,54000
8d6237e004a8661655a9bc5b914a59d1ca87307e,1631.54,63.99,6.498350276,55000,55000
8d6237e004a8661655a9bc5b914a59d1ca87307e,1631.44,64.16,6.484286228,54000,54000
8d6237e004a8661655a9bc5b914a59d1ca87307e,1628.24,64.08,6.491799934,54000,54000
8d6237e004a8661655a9bc5b914a59d1ca87307e,1621.48,63.91,6.460463129,54000,54000
8d6237e004a8661655a9bc5b914a59d1ca87307e,1629.37,64.44,6.481871116,55000,54000
8d6237e004a8661655a9bc5b914a59d1ca87307e,1650.66,65.00,6.565585346,55000,54000
8d6237e004a8661655a9bc5b914a59d1ca87307e,1620.25,63.77,6.444940646,55000,54000
8d6237e004a8661655a9bc5b914a59d1ca87307e,1641.05,64.65,6.550615100,55000,54000
8d6237e004a8661655a9bc5b914a59d1ca87307e,1673.21,66.12,6.652108117,54000,54000
8d6237e004a8661655a9bc5b914a59d1ca87307e,1610.49,63.14,6.417665255,54000,54000
8d6237e004a8661655a9bc5b914a59d1ca87307e,1646.50,64.95,6.555785832,54000,54000
8d6237e004a8661655a9bc5b914a59d1ca87307e,1640.51,64.63,6.540481732,54000,55000
8d6237e004a8661655a9bc5b914a59d1ca87307e,1634.86,64.51,6.511526087,54000,55000
8d6237e004a8661655a9bc5b914a59d1ca87307e,1635.80,64.42,6.523963945,54000,55000
b6866d8d9aeaff22a7f28f289ab644e9681d46cd,1610.67,63.55,6.417169395,54000,54000
b6866d8d9aeaff22a7f28f289ab644e9681d46cd,1628.78,64.24,6.478380344,54000,54000
b6866d8d9aeaff22a7f28f289ab644e9681d46cd,1618.55,63.60,6.450293360,54000,54000
b6866d8d9aeaff22a7f28f289ab644e9681d46cd,1612.70,63.59,6.423411434,54000,55000
b6866d8d9aeaff22a7f28f289ab644e9681d46cd,1625.01,63.86,6.469245371,53000,53000
b6866d8d9aeaff22a7f28f289ab644e9681d46cd,1611.04,63.30,6.411219310,54000,54000
b6866d8d9aeaff22a7f28f289ab644e9681d46cd,1656.72,65.30,6.591420367,54000,54000
b6866d8d9aeaff22a7f28f289ab644e9681d46cd,1625.89,63.94,6.466459431,54000,54000
b6866d8d9aeaff22a7f28f289ab644e9681d46cd,1632.84,64.52,6.494996095,54000,54000
b6866d8d9aeaff22a7f28f289ab644e9681d46cd,1636.62,64.45,6.502983817,54000,54000
b6866d8d9aeaff22a7f28f289ab644e9681d46cd,1623.38,63.98,6.448507325,54000,54000
b6866d8d9aeaff22a7f28f289ab644e9681d46cd,1623.69,63.84,6.459614970,54000,54000
b6866d8d9aeaff22a7f28f289ab644e9681d46cd,1647.85,64.89,6.555407081,55000,55000
b6866d8d9aeaff22a7f28f289ab644e9681d46cd,1629.62,64.27,6.493301355,54000,54000
b6866d8d9aeaff22a7f28f289ab644e9681d46cd,1640.59,64.64,6.516685894,54000,54000
b6866d8d9aeaff22a7f28f289ab644e9681d46cd,1641.60,64.47,6.529009048,54000,54000
b6866d8d9aeaff22a7f28f289ab644e9681d46cd,1635.25,64.44,6.509981640,54000,54000
b6866d8d9aeaff22a7f28f289ab644e9681d46cd,1629.90,64.20,6.474969794,54000,54000
b6866d8d9aeaff22a7f28f289ab644e9681d46cd,1614.43,63.63,6.416594804,54000,54000
b6866d8d9aeaff22a7f28f289ab644e9681d46cd,1623.10,64.19,6.465141538,54000,55000
b6866d8d9aeaff22a7f28f289ab644e9681d46cd,1648.98,65.34,6.562685559,54000,55000
b6866d8d9aeaff22a7f28f289ab644e9681d46cd,1632.51,64.45,6.487492943,54000,55000
b6866d8d9aeaff22a7f28f289ab644e9681d46cd,1641.28,64.92,6.533748035,55000,54000
b6866d8d9aeaff22a7f28f289ab644e9681d46cd,1616.92,64.02,6.421120902,55000,55000
b6866d8d9aeaff22a7f28f289ab644e9681d46cd,1651.27,65.26,6.565428137,54000,54000
b6866d8d9aeaff22a7f28f289ab644e9681d46cd,1616.50,63.56,6.434799664,54000,54000
b6866d8d9aeaff22a7f28f289ab644e9681d46cd,1641.79,64.90,6.540395676,55000,55000
b6866d8d9aeaff22a7f28f289ab644e9681d46cd,1615.13,63.48,6.427261067,56000,55000
b6866d8d9aeaff22a7f28f289ab644e9681d46cd,1621.95,64.18,6.461279243,54000,54000
b6866d8d9aeaff22a7f28f289ab644e9681d46cd,1638.94,64.65,6.539624417,54000,54000
ee1afe348613305d8ff4f406e31e2ab6b795bfe4,1630.70,64.16,6.496686768,56000,55000
ee1afe348613305d8ff4f406e31e2ab6b795bfe4,1629.13,64.29,6.484728963,54000,54000
ee1afe348613305d8ff4f406e31e2ab6b795bfe4,1623.32,63.75,6.459067655,54000,54000
ee1afe348613305d8ff4f406e31e2ab6b795bfe4,1631.88,64.41,6.492414236,54000,54000
ee1afe348613305d8ff4f406e31e2ab6b795bfe4,1619.50,63.72,6.442061332,54000,54000
ee1afe348613305d8ff4f406e31e2ab6b795bfe4,1616.85,63.36,6.438322777,54000,54000
ee1afe348613305d8ff4f406e31e2ab6b795bfe4,1636.23,64.52,6.523208007,54000,54000
ee1afe348613305d8ff4f406e31e2ab6b795bfe4,1633.76,64.35,6.505192417,55000,54000
ee1afe348613305d8ff4f406e31e2ab6b795bfe4,1634.72,64.30,6.511446156,54000,54000
ee1afe348613305d8ff4f406e31e2ab6b795bfe4,1639.00,64.50,6.532553655,55000,54000
ee1afe348613305d8ff4f406e31e2ab6b795bfe4,1640.03,64.12,6.535279479,54000,54000
ee1afe348613305d8ff4f406e31e2ab6b795bfe4,1635.04,64.35,6.496301545,54000,55000
ee1afe348613305d8ff4f406e31e2ab6b795bfe4,1627.16,63.93,6.480475292,54000,54000
ee1afe348613305d8ff4f406e31e2ab6b795bfe4,1608.46,63.32,6.402614721,54000,54000
ee1afe348613305d8ff4f406e31e2ab6b795bfe4,1641.78,64.65,6.533227091,54000,54000
ee1afe348613305d8ff4f406e31e2ab6b795bfe4,1648.91,65.04,6.564830737,54000,54000
ee1afe348613305d8ff4f406e31e2ab6b795bfe4,1616.28,63.67,6.473752843,54000,54000
ee1afe348613305d8ff4f406e31e2ab6b795bfe4,1637.29,64.77,6.520177978,54000,53000
ee1afe348613305d8ff4f406e31e2ab6b795bfe4,1647.73,64.83,6.566113427,54000,54000
ee1afe348613305d8ff4f406e31e2ab6b795bfe4,1606.57,63.29,6.396061512,54000,54000
ee1afe348613305d8ff4f406e31e2ab6b795bfe4,1629.75,64.86,6.489835802,54000,54000
ee1afe348613305d8ff4f406e31e2ab6b795bfe4,1665.21,65.86,6.619722479,55000,54000
ee1afe348613305d8ff4f406e31e2ab6b795bfe4,1640.46,64.72,6.520057664,54000,54000
ee1afe348613305d8ff4f406e31e2ab6b795bfe4,1653.12,65.29,6.589177093,54000,55000
ee1afe348613305d8ff4f406e31e2ab6b795bfe4,1622.92,63.97,6.471247035,54000,54000
ee1afe348613305d8ff4f406e31e2ab6b795bfe4,1634.80,64.38,6.492180262,55000,55000
ee1afe348613305d8ff4f406e31e2ab6b795bfe4,1639.83,64.69,6.529392791,54000,54000
ee1afe348613305d8ff4f406e31e2ab6b795bfe4,1630.86,64.61,6.505131753,54000,54000
ee1afe348613305d8ff4f406e31e2ab6b795bfe4,1616.32,63.59,6.441659745,56000,54000
ee1afe348613305d8ff4f406e31e2ab6b795bfe4,1631.30,64.50,6.504610429,54000,54000
71a91e0d7bfd5768985dbae28c1ff5bd9a093ba2,1637.59,64.63,6.521320042,55000,56000
71a91e0d7bfd5768985dbae28c1ff5bd9a093ba2,1619.61,64.00,6.481713695,56000,54000
71a91e0d7bfd5768985dbae28c1ff5bd9a093ba2,1621.39,64.04,6.455921407,54000,54000
71a91e0d7bfd5768985dbae28c1ff5bd9a093ba2,1637.07,64.55,6.544919314,54000,56000
71a91e0d7bfd5768985dbae28c1ff5bd9a093ba2,1620.95,63.94,6.452134192,54000,54000
71a91e0d7bfd5768985dbae28c1ff5bd9a093ba2,1625.22,63.99,6.462777495,53000,54000
71a91e0d7bfd5768985dbae28c1ff5bd9a093ba2,1623.12,64.00,6.467651479,54000,54000
71a91e0d7bfd5768985dbae28c1ff5bd9a093ba2,1646.80,64.97,6.549271721,55000,54000
71a91e0d7bfd5768985dbae28c1ff5bd9a093ba2,1611.77,63.68,6.422286370,54000,55000
71a91e0d7bfd5768985dbae28c1ff5bd9a093ba2,1645.06,64.86,6.559324646,54000,54000
71a91e0d7bfd5768985dbae28c1ff5bd9a093ba2,1632.86,64.13,6.491850539,54000,54000
71a91e0d7bfd5768985dbae28c1ff5bd9a093ba2,1632.67,64.17,6.490986392,54000,54000
71a91e0d7bfd5768985dbae28c1ff5bd9a093ba2,1643.12,64.32,6.532123036,54000,54000
71a91e0d7bfd5768985dbae28c1ff5bd9a093ba2,1616.76,63.76,6.437216302,54000,55000
71a91e0d7bfd5768985dbae28c1ff5bd9a093ba2,1653.45,65.02,6.580866432,55000,55000
71a91e0d7bfd5768985dbae28c1ff5bd9a093ba2,1621.22,63.92,6.453760130,54000,54000
71a91e0d7bfd5768985dbae28c1ff5bd9a093ba2,1630.82,64.13,6.487016539,54000,55000
71a91e0d7bfd5768985dbae28c1ff5bd9a093ba2,1650.60,65.12,6.563324858,55000,55000
71a91e0d7bfd5768985dbae28c1ff5bd9a093ba2,1603.56,63.12,6.374658287,54000,54000
71a91e0d7bfd5768985dbae28c1ff5bd9a093ba2,1623.74,63.88,6.461082140,54000,55000
71a91e0d7bfd5768985dbae28c1ff5bd9a093ba2,1629.54,64.19,6.501302789,54000,54000
71a91e0d7bfd5768985dbae28c1ff5bd9a093ba2,1639.32,64.89,6.524522533,54000,55000
71a91e0d7bfd5768985dbae28c1ff5bd9a093ba2,1623.65,64.13,6.461200378,54000,54000
71a91e0d7bfd5768985dbae28c1ff5bd9a093ba2,1632.82,64.53,6.503357447,54000,54000
71a91e0d7bfd5768985dbae28c1ff5bd9a093ba2,1625.25,64.00,6.468879080,54000,54000
71a91e0d7bfd5768985dbae28c1ff5bd9a093ba2,1647.20,65.08,6.564419978,55000,56000
71a91e0d7bfd5768985dbae28c1ff5bd9a093ba2,1623.83,64.22,6.467237717,54000,54000
71a91e0d7bfd5768985dbae28c1ff5bd9a093ba2,1624.70,64.34,6.472692188,54000,55000
71a91e0d7bfd5768985dbae28c1ff5bd9a093ba2,1634.64,64.38,6.510828896,54000,54000
71a91e0d7bfd5768985dbae28c1ff5bd9a093ba2,1654.96,65.63,6.584884589,54000,54000
91160707bb4224f024fab4bba4abb8788dd5a8a4,1648.09,65.19,6.569556361,56000,54000
91160707bb4224f024fab4bba4abb8788dd5a8a4,1635.22,64.20,6.509891124,54000,54000
91160707bb4224f024fab4bba4abb8788dd5a8a4,1639.14,64.79,6.531059063,54000,54000
91160707bb4224f024fab4bba4abb8788dd5a8a4,1640.18,64.70,6.536351838,54000,54000
91160707bb4224f024fab4bba4abb8788dd5a8a4,1650.30,65.07,6.574452821,54000,55000
91160707bb4224f024fab4bba4abb8788dd5a8a4,1599.30,62.93,6.371644103,54000,54000
91160707bb4224f024fab4bba4abb8788dd5a8a4,1643.62,64.51,6.536670464,55000,54000
91160707bb4224f024fab4bba4abb8788dd5a8a4,1632.22,64.27,6.498815854,54000,54000
91160707bb4224f024fab4bba4abb8788dd5a8a4,1639.15,64.46,6.521142603,54000,54000
91160707bb4224f024fab4bba4abb8788dd5a8a4,1630.56,64.04,6.494909221,54000,54000
91160707bb4224f024fab4bba4abb8788dd5a8a4,1651.59,64.79,6.572080381,54000,54000
91160707bb4224f024fab4bba4abb8788dd5a8a4,1626.88,63.91,6.484397117,54000,54000
91160707bb4224f024fab4bba4abb8788dd5a8a4,1633.96,64.35,6.500862279,54000,54000
91160707bb4224f024fab4bba4abb8788dd5a8a4,1619.98,63.89,6.444786421,54000,54000
91160707bb4224f024fab4bba4abb8788dd5a8a4,1638.92,64.50,6.537628787,55000,54000
91160707bb4224f024fab4bba4abb8788dd5a8a4,1651.30,65.31,6.576701502,54000,54000
91160707bb4224f024fab4bba4abb8788dd5a8a4,1612.68,63.50,6.420509434,54000,54000
91160707bb4224f024fab4bba4abb8788dd5a8a4,1634.31,64.24,6.502101166,54000,54000
91160707bb4224f024fab4bba4abb8788dd5a8a4,1646.25,65.16,6.543530127,54000,54000
91160707bb4224f024fab4bba4abb8788dd5a8a4,1639.28,64.67,6.510447351,54000,54000
91160707bb4224f024fab4bba4abb8788dd5a8a4,1639.47,64.92,6.527456478,54000,55000
91160707bb4224f024fab4bba4abb8788dd5a8a4,1635.55,64.51,6.497307364,54000,54000
91160707bb4224f024fab4bba4abb8788dd5a8a4,1641.15,64.73,6.523538746,54000,55000
91160707bb4224f024fab4bba4abb8788dd5a8a4,1627.80,64.12,6.494402012,54000,54000
91160707bb4224f024fab4bba4abb8788dd5a8a4,1632.48,64.24,6.493899259,55000,54000
91160707bb4224f024fab4bba4abb8788dd5a8a4,1627.42,64.05,6.469719323,54000,55000
91160707bb4224f024fab4bba4abb8788dd5a8a4,1626.75,63.97,6.478931252,55000,55000
91160707bb4224f024fab4bba4abb8788dd5a8a4,1631.01,64.37,6.488110215,54000,55000
91160707bb4224f024fab4bba4abb8788dd5a8a4,1673.26,66.06,6.670639733,55000,55000
91160707bb4224f024fab4bba4abb8788dd5a8a4,1620.51,63.96,6.451263219,55000,54000
25c446b757986f0ed4641d9ee8afab6f99af579a,1647.82,64.87,6.556095087,55000,54000
25c446b757986f0ed4641d9ee8afab6f99af579a,1620.99,63.60,6.454338674,54000,54000
25c446b757986f0ed4641d9ee8afab6f99af579a,1629.85,63.97,6.496390958,55000,54000
25c446b757986f0ed4641d9ee8afab6f99af579a,1602.70,63.18,6.394016723,54000,54000
25c446b757986f0ed4641d9ee8afab6f99af579a,1634.39,64.52,6.498723512,54000,54000
25c446b757986f0ed4641d9ee8afab6f99af579a,1647.27,64.72,6.557105509,54000,54000
25c446b757986f0ed4641d9ee8afab6f99af579a,1652.51,65.05,6.566412194,54000,54000
25c446b757986f0ed4641d9ee8afab6f99af579a,1646.94,64.63,6.556391848,54000,55000
25c446b757986f0ed4641d9ee8afab6f99af579a,1649.40,64.82,6.558602572,54000,54000
25c446b757986f0ed4641d9ee8afab6f99af579a,1639.35,64.55,6.530694258,54000,55000
25c446b757986f0ed4641d9ee8afab6f99af579a,1627.04,63.83,6.475046416,54000,55000
25c446b757986f0ed4641d9ee8afab6f99af579a,1626.04,63.83,6.467704904,54000,55000
25c446b757986f0ed4641d9ee8afab6f99af579a,1633.83,64.20,6.501728996,54000,54000
25c446b757986f0ed4641d9ee8afab6f99af579a,1632.99,64.08,6.516569117,54000,54000
25c446b757986f0ed4641d9ee8afab6f99af579a,1646.72,64.75,6.541582463,54000,54000
25c446b757986f0ed4641d9ee8afab6f99af579a,1613.80,63.60,6.420590632,54000,54000
25c446b757986f0ed4641d9ee8afab6f99af579a,1622.51,63.73,6.463984777,55000,54000
25c446b757986f0ed4641d9ee8afab6f99af579a,1674.55,66.04,6.660256014,54000,54000
25c446b757986f0ed4641d9ee8afab6f99af579a,1650.75,65.02,6.579163682,54000,54000
25c446b757986f0ed4641d9ee8afab6f99af579a,1654.52,65.02,6.594178544,55000,54000
25c446b757986f0ed4641d9ee8afab6f99af579a,1625.06,64.28,6.469789267,54000,54000
25c446b757986f0ed4641d9ee8afab6f99af579a,1631.64,64.25,6.486858811,54000,54000
25c446b757986f0ed4641d9ee8afab6f99af579a,1623.75,63.91,6.449606713,54000,53000
25c446b757986f0ed4641d9ee8afab6f99af579a,1628.64,64.14,6.483908891,55000,54000
25c446b757986f0ed4641d9ee8afab6f99af579a,1627.18,64.11,6.478659352,54000,55000
25c446b757986f0ed4641d9ee8afab6f99af579a,1636.45,64.59,6.510268387,56000,55000
25c446b757986f0ed4641d9ee8afab6f99af579a,1649.84,65.02,6.566436881,54000,54000
25c446b757986f0ed4641d9ee8afab6f99af579a,1637.70,64.34,6.510079473,54000,55000
25c446b757986f0ed4641d9ee8afab6f99af579a,1644.02,65.11,6.551442242,54000,54000
25c446b757986f0ed4641d9ee8afab6f99af579a,1633.08,64.51,6.486180856,54000,54000
37e399422ce626aa09a6220f0f79d0c45d482a92,1583.62,62.31,6.302219681,54000,54000
37e399422ce626aa09a6220f0f79d0c45d482a92,1593.16,62.50,6.347423473,54000,54000
37e399422ce626aa09a6220f0f79d0c45d482a92,1579.25,61.84,6.294154132,55000,54000
37e399422ce626aa09a6220f0f79d0c45d482a92,1583.20,62.29,6.316657623,54000,54000
37e399422ce626aa09a6220f0f79d0c45d482a92,1584.02,62.41,6.317075252,55000,54000
37e399422ce626aa09a6220f0f79d0c45d482a92,1592.67,62.77,6.345671797,54000,54000
37e399422ce626aa09a6220f0f79d0c45d482a92,1612.26,63.87,6.414284750,54000,54000
37e399422ce626aa09a6220f0f79d0c45d482a92,1590.49,62.64,6.337848106,54000,54000
37e399422ce626aa09a6220f0f79d0c45d482a92,1598.86,63.01,6.383557350,54000,54000
37e399422ce626aa09a6220f0f79d0c45d482a92,1582.00,62.45,6.302135533,54000,54000
37e399422ce626aa09a6220f0f79d0c45d482a92,1596.86,62.83,6.353979235,54000,54000
37e399422ce626aa09a6220f0f79d0c45d482a92,1589.27,62.48,6.323243470,54000,54000
37e399422ce626aa09a6220f0f79d0c45d482a92,1592.94,62.72,6.353712190,55000,54000
37e399422ce626aa09a6220f0f79d0c45d482a92,1588.47,62.64,6.321333485,54000,54000
37e399422ce626aa09a6220f0f79d0c45d482a92,1586.14,62.82,6.318914811,54000,54000
37e399422ce626aa09a6220f0f79d0c45d482a92,1587.84,62.65,6.338767045,54000,54000
37e399422ce626aa09a6220f0f79d0c45d482a92,1584.04,62.62,6.322006114,54000,54000
37e399422ce626aa09a6220f0f79d0c45d482a92,1588.74,62.77,6.339379079,54000,55000
37e399422ce626aa09a6220f0f79d0c45d482a92,1608.62,63.22,6.409141206,55000,54000
37e399422ce626aa09a6220f0f79d0c45d482a92,1599.28,63.13,6.374445447,54000,54000
37e399422ce626aa09a6220f0f79d0c45d482a92,1582.10,62.27,6.307818385,55000,54000
37e399422ce626aa09a6220f0f79d0c45d482a92,1611.50,63.41,6.430731050,54000,54000
37e399422ce626aa09a6220f0f79d0c45d482a92,1599.85,63.21,6.376404603,55000,55000
37e399422ce626aa09a6220f0f79d0c45d482a92,1589.74,62.83,6.342787585,54000,55000
37e399422ce626aa09a6220f0f79d0c45d482a92,1573.61,62.16,6.270466739,54000,54000
37e399422ce626aa09a6220f0f79d0c45d482a92,1596.23,63.22,6.382629906,54000,55000
37e399422ce626aa09a6220f0f79d0c45d482a92,1578.25,62.54,6.295304663,55000,55000
37e399422ce626aa09a6220f0f79d0c45d482a92,1606.38,63.65,6.399988036,54000,54000
37e399422ce626aa09a6220f0f79d0c45d482a92,1609.88,63.35,6.412426082,54000,54000
37e399422ce626aa09a6220f0f79d0c45d482a92,1592.06,62.51,6.350607706,54000,54000
a7a7fed881a41ceff2f1f9c464f88df0680daf9d,1591.04,62.63,6.343802076,55000,56000
a7a7fed881a41ceff2f1f9c464f88df0680daf9d,1597.67,62.88,6.364696851,54000,54000
a7a7fed881a41ceff2f1f9c464f88df0680daf9d,1595.09,62.87,6.366968831,54000,54000
a7a7fed881a41ceff2f1f9c464f88df0680daf9d,1586.94,62.20,6.319982289,54000,54000
a7a7fed881a41ceff2f1f9c464f88df0680daf9d,1583.86,62.43,6.319734962,54000,55000
a7a7fed881a41ceff2f1f9c464f88df0680daf9d,1584.07,62.18,6.316855675,54000,54000
a7a7fed881a41ceff2f1f9c464f88df0680daf9d,1596.94,62.94,6.371495343,55000,54000
a7a7fed881a41ceff2f1f9c464f88df0680daf9d,1593.51,62.58,6.345259354,54000,54000
a7a7fed881a41ceff2f1f9c464f88df0680daf9d,1617.14,63.81,6.472651513,54000,54000
a7a7fed881a41ceff2f1f9c464f88df0680daf9d,1577.86,61.93,6.303366261,54000,54000
a7a7fed881a41ceff2f1f9c464f88df0680daf9d,1590.86,62.59,6.336407397,54000,54000
a7a7fed881a41ceff2f1f9c464f88df0680daf9d,1605.83,63.09,6.386881401,54000,55000
a7a7fed881a41ceff2f1f9c464f88df0680daf9d,1588.63,62.10,6.335352377,54000,54000
a7a7fed881a41ceff2f1f9c464f88df0680daf9d,1617.03,63.50,6.429646766,55000,54000
a7a7fed881a41ceff2f1f9c464f88df0680daf9d,1587.32,62.34,6.326627419,54000,55000
a7a7fed881a41ceff2f1f9c464f88df0680daf9d,1591.23,62.54,6.327464997,54000,54000
a7a7fed881a41ceff2f1f9c464f88df0680daf9d,1584.19,62.41,6.316168724,54000,54000
a7a7fed881a41ceff2f1f9c464f88df0680daf9d,1593.06,62.63,6.350594529,54000,54000
a7a7fed881a41ceff2f1f9c464f88df0680daf9d,1588.79,62.24,6.336866218,54000,54000
a7a7fed881a41ceff2f1f9c464f88df0680daf9d,1633.65,64.66,6.511510800,55000,55000
a7a7fed881a41ceff2f1f9c464f88df0680daf9d,1590.24,62.27,6.334252446,54000,54000
a7a7fed881a41ceff2f1f9c464f88df0680daf9d,1609.20,63.22,6.410941888,55000,55000
a7a7fed881a41ceff2f1f9c464f88df0680daf9d,1623.66,63.71,6.471768303,55000,54000
a7a7fed881a41ceff2f1f9c464f88df0680daf9d,1594.28,62.99,6.361293515,54000,54000
a7a7fed881a41ceff2f1f9c464f88df0680daf9d,1606.87,63.24,6.392442299,55000,55000
a7a7fed881a41ceff2f1f9c464f88df0680daf9d,1609.45,63.47,6.414335471,55000,54000
a7a7fed881a41ceff2f1f9c464f88df0680daf9d,1585.68,62.18,6.329108542,54000,54000
a7a7fed881a41ceff2f1f9c464f88df0680daf9d,1593.31,62.88,6.364017417,55000,54000
a7a7fed881a41ceff2f1f9c464f88df0680daf9d,1598.52,63.22,6.358370732,54000,55000
a7a7fed881a41ceff2f1f9c464f88df0680daf9d,1582.24,62.36,6.300451729,54000,54000
51dee75bc94474b0e6d4785278ff6bab07b2c1dc,1581.95,62.22,6.317655785,54000,54000
51dee75bc94474b0e6d4785278ff6bab07b2c1dc,1588.65,62.48,6.340904963,54000,54000
51dee75bc94474b0e6d4785278ff6bab07b2c1dc,1591.99,62.52,6.349703846,54000,54000
51dee75bc94474b0e6d4785278ff6bab07b2c1dc,1605.11,62.90,6.391083771,54000,54000
51dee75bc94474b0e6d4785278ff6bab07b2c1dc,1589.50,62.30,6.332728322,54000,54000
51dee75bc94474b0e6d4785278ff6bab07b2c1dc,1603.16,63.24,6.386686433,54000,54000
51dee75bc94474b0e6d4785278ff6bab07b2c1dc,1600.05,62.98,6.383477119,54000,54000
51dee75bc94474b0e6d4785278ff6bab07b2c1dc,1610.92,63.82,6.425516191,54000,54000
51dee75bc94474b0e6d4785278ff6bab07b2c1dc,1603.43,63.20,6.387051581,54000,54000
51dee75bc94474b0e6d4785278ff6bab07b2c1dc,1584.89,62.22,6.315744857,54000,54000
51dee75bc94474b0e6d4785278ff6bab07b2c1dc,1603.48,63.10,6.384283248,54000,55000
51dee75bc94474b0e6d4785278ff6bab07b2c1dc,1607.58,62.86,6.412023693,54000,54000
51dee75bc94474b0e6d4785278ff6bab07b2c1dc,1595.91,62.56,6.366353435,54000,54000
51dee75bc94474b0e6d4785278ff6bab07b2c1dc,1588.41,62.27,6.320931556,55000,55000
51dee75bc94474b0e6d4785278ff6bab07b2c1dc,1579.58,62.34,6.300955821,53000,54000
51dee75bc94474b0e6d4785278ff6bab07b2c1dc,1598.12,62.91,6.375566109,54000,54000
51dee75bc94474b0e6d4785278ff6bab07b2c1dc,1604.46,63.37,6.402475635,54000,54000
51dee75bc94474b0e6d4785278ff6bab07b2c1dc,1587.27,62.36,6.335665269,54000,53000
51dee75bc94474b0e6d4785278ff6bab07b2c1dc,1590.02,62.86,6.345303648,54000,55000
51dee75bc94474b0e6d4785278ff6bab07b2c1dc,1607.43,63.31,6.407591014,54000,54000
51dee75bc94474b0e6d4785278ff6bab07b2c1dc,1599.89,63.17,6.398164427,54000,54000
51dee75bc94474b0e6d4785278ff6bab07b2c1dc,1586.98,62.77,6.322903632,54000,54000
51dee75bc94474b0e6d4785278ff6bab07b2c1dc,1582.39,62.62,6.301528215,54000,54000
51dee75bc94474b0e6d4785278ff6bab07b2c1dc,1582.33,62.46,6.307156370,54000,54000
51dee75bc94474b0e6d4785278ff6bab07b2c1dc,1577.72,62.02,6.298131463,54000,54000
51dee75bc94474b0e6d4785278ff6bab07b2c1dc,1600.18,63.02,6.373841979,54000,53000
51dee75bc94474b0e6d4785278ff6bab07b2c1dc,1589.67,62.55,6.347184235,55000,56000
51dee75bc94474b0e6d4785278ff6bab07b2c1dc,1617.37,63.87,6.455805269,55000,55000
51dee75bc94474b0e6d4785278ff6bab07b2c1dc,1587.84,62.62,6.351901520,55000,55000
51dee75bc94474b0e6d4785278ff6bab07b2c1dc,1599.71,62.95,6.377256607,54000,54000
43283a282933ebe9448c132ea5bf259dd3e98e35,1599.68,62.90,6.369708989,55000,55000
43283a282933ebe9448c132ea5bf259dd3e98e35,1591.30,62.64,6.349730994,54000,54000
43283a282933ebe9448c132ea5bf259dd3e98e35,1588.44,62.39,6.329760601,55000,54000
43283a282933ebe9448c132ea5bf259dd3e98e35,1608.32,63.29,6.405850297,54000,54000
43283a282933ebe9448c132ea5bf259dd3e98e35,1593.83,62.89,6.345077551,54000,55000
43283a282933ebe9448c132ea5bf259dd3e98e35,1583.99,62.06,6.332404251,54000,54000
43283a282933ebe9448c132ea5bf259dd3e98e35,1587.97,62.26,6.330513639,54000,54000
43283a282933ebe9448c132ea5bf259dd3e98e35,1578.58,61.99,6.295608257,55000,56000
43283a282933ebe9448c132ea5bf259dd3e98e35,1597.15,62.57,6.363006333,54000,54000
43283a282933ebe9448c132ea5bf259dd3e98e35,1593.65,62.49,6.353117007,54000,55000
43283a282933ebe9448c132ea5bf259dd3e98e35,1585.04,62.21,6.319020336,54000,55000
43283a282933ebe9448c132ea5bf259dd3e98e35,1598.27,62.80,6.357512141,54000,54000
43283a282933ebe9448c132ea5bf259dd3e98e35,1576.56,61.90,6.285893527,54000,54000
43283a282933ebe9448c132ea5bf259dd3e98e35,1596.11,62.83,6.346948393,54000,54000
43283a282933ebe9448c132ea5bf259dd3e98e35,1598.29,62.87,6.362168752,54000,54000
43283a282933ebe9448c132ea5bf259dd3e98e35,1594.28,62.88,6.347579396,55000,54000
43283a282933ebe9448c132ea5bf259dd3e98e35,1582.53,62.04,6.294041407,54000,54000
43283a282933ebe9448c132ea5bf259dd3e98e35,1588.69,62.49,6.318017470,54000,54000
43283a282933ebe9448c132ea5bf259dd3e98e35,1631.95,64.12,6.490637263,55000,54000
43283a282933ebe9448c132ea5bf259dd3e98e35,1593.81,62.57,6.351904999,55000,54000
43283a282933ebe9448c132ea5bf259dd3e98e35,1601.81,63.13,6.380959925,54000,54000
43283a282933ebe9448c132ea5bf259dd3e98e35,1618.74,63.52,6.450873270,56000,54000
43283a282933ebe9448c132ea5bf259dd3e98e35,1592.51,62.77,6.334786639,54000,54000
43283a282933ebe9448c132ea5bf259dd3e98e35,1582.82,62.11,6.297316217,54000,54000
43283a282933ebe9448c132ea5bf259dd3e98e35,1585.85,62.59,6.329527112,55000,55000
43283a282933ebe9448c132ea5bf259dd3e98e35,1611.84,63.47,6.423338654,54000,54000
43283a282933ebe9448c132ea5bf259dd3e98e35,1584.44,62.17,6.310853862,55000,55000
43283a282933ebe9448c132ea5bf259dd3e98e35,1598.22,62.83,6.370931958,54000,55000
43283a282933ebe9448c132ea5bf259dd3e98e35,1619.93,63.77,6.463227879,55000,55000
43283a282933ebe9448c132ea5bf259dd3e98e35,1627.29,64.39,6.479986268,54000,54000
b4a874596bdbd80ff1f995a3623bf957ef7b0ddf,1587.46,62.49,6.328210396,55000,55000
b4a874596bdbd80ff1f995a3623bf957ef7b0ddf,1592.07,62.70,6.348398103,54000,54000
b4a874596bdbd80ff1f995a3623bf957ef7b0ddf,1590.80,62.53,6.345886705,54000,54000
b4a874596bdbd80ff1f995a3623bf957ef7b0ddf,1605.65,63.33,6.402616792,55000,54000
b4a874596bdbd80ff1f995a3623bf957ef7b0ddf,1599.52,63.01,6.372814483,54000,54000
b4a874596bdbd80ff1f995a3623bf957ef7b0ddf,1587.05,62.24,6.330600178,54000,54000
b4a874596bdbd80ff1f995a3623bf957ef7b0ddf,1594.52,62.72,6.349492067,55000,55000
b4a874596bdbd80ff1f995a3623bf957ef7b0ddf,1585.41,62.45,6.329670562,54000,54000
b4a874596bdbd80ff1f995a3623bf957ef7b0ddf,1598.10,63.20,6.362822814,54000,54000
b4a874596bdbd80ff1f995a3623bf957ef7b0ddf,1606.60,63.16,6.399043943,54000,54000
b4a874596bdbd80ff1f995a3623bf957ef7b0ddf,1593.67,62.23,6.359810208,54000,55000
b4a874596bdbd80ff1f995a3623bf957ef7b0ddf,1614.07,63.89,6.424048332,54000,54000
b4a874596bdbd80ff1f995a3623bf957ef7b0ddf,1608.32,63.25,6.406391823,54000,54000
b4a874596bdbd80ff1f995a3623bf957ef7b0ddf,1601.21,63.21,6.377857028,54000,54000
b4a874596bdbd80ff1f995a3623bf957ef7b0ddf,1580.68,62.40,6.305443104,54000,54000
b4a874596bdbd80ff1f995a3623bf957ef7b0ddf,1577.24,62.00,6.287455075,55000,54000
b4a874596bdbd80ff1f995a3623bf957ef7b0ddf,1588.20,62.42,6.330347958,55000,54000
b4a874596bdbd80ff1f995a3623bf957ef7b0ddf,1603.18,63.58,6.380854023,54000,54000
b4a874596bdbd80ff1f995a3623bf957ef7b0ddf,1594.34,62.74,6.355650378,54000,54000
b4a874596bdbd80ff1f995a3623bf957ef7b0ddf,1601.04,63.18,6.370493548,55000,54000
b4a874596bdbd80ff1f995a3623bf957ef7b0ddf,1615.43,63.76,6.420052987,54000,54000
b4a874596bdbd80ff1f995a3623bf957ef7b0ddf,1585.43,62.05,6.313718652,54000,55000
b4a874596bdbd80ff1f995a3623bf957ef7b0ddf,1601.68,63.12,6.388901607,54000,54000
b4a874596bdbd80ff1f995a3623bf957ef7b0ddf,1588.73,62.39,6.325543970,54000,54000
b4a874596bdbd80ff1f995a3623bf957ef7b0ddf,1601.50,63.19,6.388655939,54000,55000
b4a874596bdbd80ff1f995a3623bf957ef7b0ddf,1602.25,63.15,6.389027063,54000,54000
b4a874596bdbd80ff1f995a3623bf957ef7b0ddf,1605.24,63.43,6.415499183,55000,55000
b4a874596bdbd80ff1f995a3623bf957ef7b0ddf,1589.60,62.67,6.336344240,54000,54000
b4a874596bdbd80ff1f995a3623bf957ef7b0ddf,1591.95,62.60,6.356429101,55000,55000
b4a874596bdbd80ff1f995a3623bf957ef7b0ddf,1603.11,63.39,6.394968756,54000,54000
6c05525ed4ba39cfe34843faff87b3d4d540aa4a,1608.69,63.24,6.410250447,54000,54000
6c05525ed4ba39cfe34843faff87b3d4d540aa4a,1602.40,63.02,6.387698070,53000,54000
6c05525ed4ba39cfe34843faff87b3d4d540aa4a,1606.46,63.12,6.407690197,54000,54000
6c05525ed4ba39cfe34843faff87b3d4d540aa4a,1588.13,62.12,6.333482764,54000,54000
6c05525ed4ba39cfe34843faff87b3d4d540aa4a,1595.81,62.87,6.350776081,54000,54000
6c05525ed4ba39cfe34843faff87b3d4d540aa4a,1591.74,62.37,6.348355098,55000,54000
6c05525ed4ba39cfe34843faff87b3d4d540aa4a,1591.97,62.58,6.335892730,54000,54000
6c05525ed4ba39cfe34843faff87b3d4d540aa4a,1581.31,62.07,6.304192519,54000,54000
6c05525ed4ba39cfe34843faff87b3d4d540aa4a,1608.02,63.23,6.417452298,55000,54000
6c05525ed4ba39cfe34843faff87b3d4d540aa4a,1587.02,62.25,6.328830984,54000,54000
6c05525ed4ba39cfe34843faff87b3d4d540aa4a,1586.22,62.47,6.322159036,54000,54000
6c05525ed4ba39cfe34843faff87b3d4d540aa4a,1618.37,63.63,6.446076770,55000,54000
6c05525ed4ba39cfe34843faff87b3d4d540aa4a,1593.08,62.73,6.346298404,55000,54000
6c05525ed4ba39cfe34843faff87b3d4d540aa4a,1596.50,62.66,6.366027322,54000,54000
6c05525ed4ba39cfe34843faff87b3d4d540aa4a,1594.23,62.88,6.362281561,54000,54000
6c05525ed4ba39cfe34843faff87b3d4d540aa4a,1613.92,63.61,6.432602736,54000,54000
6c05525ed4ba39cfe34843faff87b3d4d540aa4a,1591.35,62.47,6.332971468,55000,55000
6c05525ed4ba39cfe34843faff87b3d4d540aa4a,1600.61,62.87,6.375038651,54000,54000
6c05525ed4ba39cfe34843faff87b3d4d540aa4a,1596.81,63.10,6.355309872,54000,54000
6c05525ed4ba39cfe34843faff87b3d4d540aa4a,1614.65,63.80,6.435427848,54000,55000
6c05525ed4ba39cfe34843faff87b3d4d540aa4a,1593.49,62.78,6.359608754,54000,54000
6c05525ed4ba39cfe34843faff87b3d4d540aa4a,1582.15,62.39,6.305098058,54000,54000
6c05525ed4ba39cfe34843faff87b3d4d540aa4a,1586.81,62.51,6.314131449,54000,54000
6c05525ed4ba39cfe34843faff87b3d4d540aa4a,1592.91,62.52,6.336383333,55000,54000
6c05525ed4ba39cfe34843faff87b3d4d540aa4a,1589.96,62.53,6.342612053,54000,54000
6c05525ed4ba39cfe34843faff87b3d4d540aa4a,1592.61,62.93,6.339422539,54000,54000
6c05525ed4ba39cfe34843faff87b3d4d540aa4a,1588.20,62.45,6.317575208,55000,54000
6c05525ed4ba39cfe34843faff87b3d4d540aa4a,1613.44,63.39,6.431325261,55000,54000
6c05525ed4ba39cfe34843faff87b3d4d540aa4a,1602.15,63.43,6.376325257,55000,54000
6c05525ed4ba39cfe34843faff87b3d4d540aa4a,1588.43,62.98,6.330098185,54000,54000
1c64772d769f5723145d560ab6d0c4ce1fd2cb71,1618.67,63.80,6.466356157,56000,56000
1c64772d769f5723145d560ab6d0c4ce1fd2cb71,1603.77,63.12,6.407089157,55000,55000
1c64772d769f5723145d560ab6d0c4ce1fd2cb71,1596.66,62.93,6.364477514,55000,54000
1c64772d769f5723145d560ab6d0c4ce1fd2cb71,1588.55,62.77,6.327725556,54000,55000
1c64772d769f5723145d560ab6d0c4ce1fd2cb71,1587.21,62.62,6.326210361,54000,54000
1c64772d769f5723145d560ab6d0c4ce1fd2cb71,1605.20,63.27,6.391446924,54000,54000
1c64772d769f5723145d560ab6d0c4ce1fd2cb71,1591.37,62.55,6.348114020,54000,54000
1c64772d769f5723145d560ab6d0c4ce1fd2cb71,1599.09,62.70,6.372991728,54000,54000
1c64772d769f5723145d560ab6d0c4ce1fd2cb71,1598.67,62.86,6.364742585,54000,54000
1c64772d769f5723145d560ab6d0c4ce1fd2cb71,1585.75,62.22,6.317300529,54000,55000
1c64772d769f5723145d560ab6d0c4ce1fd2cb71,1616.38,63.82,6.449225542,53000,55000
1c64772d769f5723145d560ab6d0c4ce1fd2cb71,1593.98,62.56,6.363712033,54000,55000
1c64772d769f5723145d560ab6d0c4ce1fd2cb71,1590.28,62.49,6.337941979,55000,54000
1c64772d769f5723145d560ab6d0c4ce1fd2cb71,1584.69,62.21,6.312003385,54000,54000
1c64772d769f5723145d560ab6d0c4ce1fd2cb71,1587.30,62.40,6.325982591,54000,54000
1c64772d769f5723145d560ab6d0c4ce1fd2cb71,1609.50,63.33,6.416462766,54000,54000
1c64772d769f5723145d560ab6d0c4ce1fd2cb71,1590.46,62.67,6.339830038,54000,54000
1c64772d769f5723145d560ab6d0c4ce1fd2cb71,1601.48,63.11,6.379491859,54000,54000
1c64772d769f5723145d560ab6d0c4ce1fd2cb71,1573.03,62.03,6.274149452,54000,54000
1c64772d769f5723145d560ab6d0c4ce1fd2cb71,1585.23,62.25,6.315182278,54000,54000
1c64772d769f5723145d560ab6d0c4ce1fd2cb71,1596.70,63.06,6.358010885,54000,54000
1c64772d769f5723145d560ab6d0c4ce1fd2cb71,1603.80,63.17,6.391715797,54000,54000
1c64772d769f5723145d560ab6d0c4ce1fd2cb71,1598.44,62.73,6.376362074,54000,54000
1c64772d769f5723145d560ab6d0c4ce1fd2cb71,1606.05,63.17,6.395136834,55000,56000
1c64772d769f5723145d560ab6d0c4ce1fd2cb71,1587.48,62.33,6.320087465,55000,55000
1c64772d769f5723145d560ab6d0c4ce1fd2cb71,1592.97,62.52,6.346544209,55000,54000
1c64772d769f5723145d560ab6d0c4ce1fd2cb71,1595.58,62.79,6.374739483,55000,55000
1c64772d769f5723145d560ab6d0c4ce1fd2cb71,1581.32,62.05,6.307700823,54000,54000
1c64772d769f5723145d560ab6d0c4ce1fd2cb71,1595.80,63.14,6.366674647,55000,54000
1c64772d769f5723145d560ab6d0c4ce1fd2cb71,1615.37,63.43,6.449495086,54000,55000
ba3392726bb2246a2fc75cf2774bc7c1911c21d1,1591.87,62.95,6.380148470,56000,56000
ba3392726bb2246a2fc75cf2774bc7c1911c21d1,1600.79,62.69,6.379801383,54000,54000
ba3392726bb2246a2fc75cf2774bc7c1911c21d1,1596.91,62.84,6.369509036,54000,54000
ba3392726bb2246a2fc75cf2774bc7c1911c21d1,1595.91,62.76,6.357867379,54000,54000
ba3392726bb2246a2fc75cf2774bc7c1911c21d1,1598.03,63.06,6.353898778,54000,54000
ba3392726bb2246a2fc75cf2774bc7c1911c21d1,1582.21,62.12,6.308405810,54000,54000
ba3392726bb2246a2fc75cf2774bc7c1911c21d1,1599.19,62.78,6.370619115,55000,54000
ba3392726bb2246a2fc75cf2774bc7c1911c21d1,1603.75,62.90,6.390608802,54000,54000
ba3392726bb2246a2fc75cf2774bc7c1911c21d1,1616.59,63.48,6.437034541,54000,55000
ba3392726bb2246a2fc75cf2774bc7c1911c21d1,1585.96,62.42,6.321692129,54000,54000
ba3392726bb2246a2fc75cf2774bc7c1911c21d1,1603.41,63.07,6.381917702,54000,54000
ba3392726bb2246a2fc75cf2774bc7c1911c21d1,1597.86,62.46,6.367063835,54000,54000
ba3392726bb2246a2fc75cf2774bc7c1911c21d1,1582.77,62.09,6.307800856,54000,54000
ba3392726bb2246a2fc75cf2774bc7c1911c21d1,1608.29,63.31,6.403641942,54000,54000
ba3392726bb2246a2fc75cf2774bc7c1911c21d1,1588.32,62.55,6.314836501,55000,55000
ba3392726bb2246a2fc75cf2774bc7c1911c21d1,1612.93,63.65,6.419857887,54000,54000
ba3392726bb2246a2fc75cf2774bc7c1911c21d1,1601.76,63.19,6.374641081,54000,54000
ba3392726bb2246a2fc75cf2774bc7c1911c21d1,1609.24,63.52,6.428940142,54000,54000
ba3392726bb2246a2fc75cf2774bc7c1911c21d1,1591.26,62.94,6.346871790,54000,54000
ba3392726bb2246a2fc75cf2774bc7c1911c21d1,1593.19,62.76,6.347031101,54000,54000
ba3392726bb2246a2fc75cf2774bc7c1911c21d1,1591.42,62.30,6.340305499,55000,54000
ba3392726bb2246a2fc75cf2774bc7c1911c21d1,1610.01,63.23,6.413774937,54000,54000
ba3392726bb2246a2fc75cf2774bc7c1911c21d1,1594.02,62.96,6.349787854,55000,54000
ba3392726bb2246a2fc75cf2774bc7c1911c21d1,1607.88,63.25,6.391370246,55000,54000
ba3392726bb2246a2fc75cf2774bc7c1911c21d1,1602.37,63.01,6.377540472,54000,54000
ba3392726bb2246a2fc75cf2774bc7c1911c21d1,1604.47,63.39,6.394906748,55000,54000
ba3392726bb2246a2fc75cf2774bc7c1911c21d1,1594.18,62.93,6.346275034,55000,54000
ba3392726bb2246a2fc75cf2774bc7c1911c21d1,1596.31,62.64,6.357233404,54000,55000
ba3392726bb2246a2fc75cf2774bc7c1911c21d1,1596.09,63.01,6.362302554,55000,54000
ba3392726bb2246a2fc75cf2774bc7c1911c21d1,1590.71,62.61,6.361785901,56000,55000
35ca036d8055172d9fd1ca8d59810c043a0b23ad,1580.44,62.10,6.307866670,56000,54000
35ca036d8055172d9fd1ca8d59810c043a0b23ad,1588.85,62.44,6.344618046,54000,55000
35ca036d8055172d9fd1ca8d59810c043a0b23ad,1628.21,64.12,6.494218211,54000,54000
35ca036d8055172d9fd1ca8d59810c043a0b23ad,1600.64,62.93,6.386207482,54000,54000
35ca036d8055172d9fd1ca8d59810c043a0b23ad,1600.73,62.78,6.403201735,54000,54000
35ca036d8055172d9fd1ca8d59810c043a0b23ad,1603.53,62.94,6.401977954,54000,55000
35ca036d8055172d9fd1ca8d59810c043a0b23ad,1588.06,62.11,6.335851068,54000,54000
35ca036d8055172d9fd1ca8d59810c043a0b23ad,1595.83,62.92,6.351354353,54000,54000
35ca036d8055172d9fd1ca8d59810c043a0b23ad,1603.03,62.75,6.386475399,55000,54000
35ca036d8055172d9fd1ca8d59810c043a0b23ad,1601.92,62.98,6.385799852,54000,54000
35ca036d8055172d9fd1ca8d59810c043a0b23ad,1588.45,62.69,6.340735006,54000,54000
35ca036d8055172d9fd1ca8d59810c043a0b23ad,1590.39,62.53,6.337596883,54000,54000
35ca036d8055172d9fd1ca8d59810c043a0b23ad,1603.93,62.75,6.395707730,55000,54000
35ca036d8055172d9fd1ca8d59810c043a0b23ad,1568.34,61.44,6.262491337,54000,54000
35ca036d8055172d9fd1ca8d59810c043a0b23ad,1603.24,63.00,6.377372425,54000,54000
35ca036d8055172d9fd1ca8d59810c043a0b23ad,1600.74,63.05,6.387011092,55000,54000
35ca036d8055172d9fd1ca8d59810c043a0b23ad,1586.78,62.31,6.323109360,54000,54000
35ca036d8055172d9fd1ca8d59810c043a0b23ad,1573.39,61.46,6.271941749,54000,54000
35ca036d8055172d9fd1ca8d59810c043a0b23ad,1598.94,62.80,6.365660744,54000,54000
35ca036d8055172d9fd1ca8d59810c043a0b23ad,1612.56,63.54,6.424231437,54000,54000
35ca036d8055172d9fd1ca8d59810c043a0b23ad,1591.56,62.60,6.341009672,55000,54000
35ca036d8055172d9fd1ca8d59810c043a0b23ad,1596.26,62.98,6.370199675,56000,54000
35ca036d8055172d9fd1ca8d59810c043a0b23ad,1599.15,63.02,6.371012560,55000,56000
35ca036d8055172d9fd1ca8d59810c043a0b23ad,1586.81,62.41,6.322715291,54000,54000
35ca036d8055172d9fd1ca8d59810c043a0b23ad,1590.16,62.66,6.335861500,54000,55000
35ca036d8055172d9fd1ca8d59810c043a0b23ad,1590.65,62.59,6.344670908,54000,54000
35ca036d8055172d9fd1ca8d59810c043a0b23ad,1610.68,63.85,6.435925346,54000,55000
35ca036d8055172d9fd1ca8d59810c043a0b23ad,1590.84,62.76,6.353635691,54000,54000
35ca036d8055172d9fd1ca8d59810c043a0b23ad,1590.14,62.43,6.342139040,54000,54000
35ca036d8055172d9fd1ca8d59810c043a0b23ad,1621.43,63.77,6.481823981,54000,54000
c0c7b08fb2cbcc7c46c32382796bd5b232d8fb71,1624.10,63.93,6.473782607,56000,56000
c0c7b08fb2cbcc7c46c32382796bd5b232d8fb71,1608.07,63.60,6.400868711,55000,55000
c0c7b08fb2cbcc7c46c32382796bd5b232d8fb71,1602.48,62.70,6.387682781,55000,54000
c0c7b08fb2cbcc7c46c32382796bd5b232d8fb71,1617.58,63.61,6.433095127,54000,54000
c0c7b08fb2cbcc7c46c32382796bd5b232d8fb71,1605.88,63.40,6.390220637,54000,54000
c0c7b08fb2cbcc7c46c32382796bd5b232d8fb71,1597.81,62.74,6.370092857,54000,54000
c0c7b08fb2cbcc7c46c32382796bd5b232d8fb71,1601.62,63.12,6.382906922,54000,54000
c0c7b08fb2cbcc7c46c32382796bd5b232d8fb71,1594.60,63.04,6.354297600,54000,54000
c0c7b08fb2cbcc7c46c32382796bd5b232d8fb71,1611.40,63.36,6.411969897,54000,54000
c0c7b08fb2cbcc7c46c32382796bd5b232d8fb71,1591.68,62.72,6.343418682,55000,54000
c0c7b08fb2cbcc7c46c32382796bd5b232d8fb71,1600.08,62.98,6.363625722,54000,55000
c0c7b08fb2cbcc7c46c32382796bd5b232d8fb71,1597.01,62.47,6.365794371,54000,54000
c0c7b08fb2cbcc7c46c32382796bd5b232d8fb71,1586.63,62.36,6.322298570,55000,54000
c0c7b08fb2cbcc7c46c32382796bd5b232d8fb71,1611.85,63.63,6.402113395,54000,54000
c0c7b08fb2cbcc7c46c32382796bd5b232d8fb71,1626.64,64.14,6.468131259,54000,54000
c0c7b08fb2cbcc7c46c32382796bd5b232d8fb71,1602.90,63.31,6.380584660,53000,54000
c0c7b08fb2cbcc7c46c32382796bd5b232d8fb71,1604.55,63.11,6.386745272,54000,54000
c0c7b08fb2cbcc7c46c32382796bd5b232d8fb71,1605.84,63.45,6.391880338,54000,54000
c0c7b08fb2cbcc7c46c32382796bd5b232d8fb71,1595.92,63.04,6.372729837,54000,54000
c0c7b08fb2cbcc7c46c32382796bd5b232d8fb71,1615.50,63.74,6.409138687,54000,54000
c0c7b08fb2cbcc7c46c32382796bd5b232d8fb71,1620.41,64.17,6.433836043,54000,55000
c0c7b08fb2cbcc7c46c32382796bd5b232d8fb71,1624.90,64.02,6.462180432,55000,55000
c0c7b08fb2cbcc7c46c32382796bd5b232d8fb71,1615.08,63.68,6.427454069,54000,54000
c0c7b08fb2cbcc7c46c32382796bd5b232d8fb71,1609.08,63.51,6.410513783,54000,55000
c0c7b08fb2cbcc7c46c32382796bd5b232d8fb71,1593.65,62.75,6.345982365,54000,55000
c0c7b08fb2cbcc7c46c32382796bd5b232d8fb71,1595.66,62.95,6.352610365,55000,55000
c0c7b08fb2cbcc7c46c32382796bd5b232d8fb71,1601.78,63.35,6.364489247,55000,56000
c0c7b08fb2cbcc7c46c32382796bd5b232d8fb71,1625.72,64.55,6.471807379,54000,54000
c0c7b08fb2cbcc7c46c32382796bd5b232d8fb71,1591.75,62.74,6.340496052,54000,54000
c0c7b08fb2cbcc7c46c32382796bd5b232d8fb71,1609.05,63.27,6.412229999,54000,54000
2f814eafcf7c303aa5b1ff141f52a5265d26defe,1604.35,63.49,6.381476615,54000,54000
2f814eafcf7c303aa5b1ff141f52a5265d26defe,1595.06,62.48,6.353788176,54000,54000
2f814eafcf7c303aa5b1ff141f52a5265d26defe,1596.17,62.91,6.359646310,54000,54000
2f814eafcf7c303aa5b1ff141f52a5265d26defe,1604.56,63.19,6.380048404,54000,54000
2f814eafcf7c303aa5b1ff141f52a5265d26defe,1616.49,63.89,6.450915860,54000,55000
2f814eafcf7c303aa5b1ff141f52a5265d26defe,1625.00,64.03,6.487381805,54000,54000
2f814eafcf7c303aa5b1ff141f52a5265d26defe,1605.35,63.11,6.376597246,54000,54000
2f814eafcf7c303aa5b1ff141f52a5265d26defe,1617.71,63.78,6.447997814,54000,54000
2f814eafcf7c303aa5b1ff141f52a5265d26defe,1595.07,62.85,6.345830606,54000,54000
2f814eafcf7c303aa5b1ff141f52a5265d26defe,1597.82,62.84,6.370660329,54000,55000
2f814eafcf7c303aa5b1ff141f52a5265d26defe,1633.14,64.65,6.507639602,54000,54000
2f814eafcf7c303aa5b1ff141f52a5265d26defe,1591.47,62.53,6.356570784,54000,54000
2f814eafcf7c303aa5b1ff141f52a5265d26defe,1616.22,63.76,6.428168066,54000,54000
2f814eafcf7c303aa5b1ff141f52a5265d26defe,1628.00,64.34,6.484310721,53000,55000
2f814eafcf7c303aa5b1ff141f52a5265d26defe,1767.60,69.47,7.063867541,54000,55000
2f814eafcf7c303aa5b1ff141f52a5265d26defe,1612.06,63.69,6.426479515,54000,55000
2f814eafcf7c303aa5b1ff141f52a5265d26defe,1625.13,64.17,6.477977393,54000,54000
2f814eafcf7c303aa5b1ff141f52a5265d26defe,1619.34,64.11,6.438782710,54000,54000
2f814eafcf7c303aa5b1ff141f52a5265d26defe,1605.88,63.64,6.394802562,54000,54000
2f814eafcf7c303aa5b1ff141f52a5265d26defe,1593.42,62.97,6.353782264,54000,54000
2f814eafcf7c303aa5b1ff141f52a5265d26defe,1608.53,63.54,6.407336302,54000,55000
2f814eafcf7c303aa5b1ff141f52a5265d26defe,1600.46,63.00,6.376919527,54000,54000
2f814eafcf7c303aa5b1ff141f52a5265d26defe,1610.14,63.45,6.405159919,54000,55000
2f814eafcf7c303aa5b1ff141f52a5265d26defe,1606.04,63.52,6.402172329,54000,54000
2f814eafcf7c303aa5b1ff141f52a5265d26defe,1610.42,63.49,6.414947964,54000,55000
2f814eafcf7c303aa5b1ff141f52a5265d26defe,1590.84,62.87,6.340391253,56000,54000
2f814eafcf7c303aa5b1ff141f52a5265d26defe,1603.17,63.35,6.384368156,54000,54000
2f814eafcf7c303aa5b1ff141f52a5265d26defe,1614.65,63.89,6.425585213,54000,54000
2f814eafcf7c303aa5b1ff141f52a5265d26defe,1616.29,63.45,6.441099186,54000,54000
2f814eafcf7c303aa5b1ff141f52a5265d26defe,1604.94,63.40,6.393096074,54000,54000
b3eed2970dc7f779af62087896d86529e7b4b439,1598.92,62.88,6.367755449,54000,54000
b3eed2970dc7f779af62087896d86529e7b4b439,1603.36,62.86,6.405110098,54000,54000
b3eed2970dc7f779af62087896d86529e7b4b439,1598.65,62.61,6.375291611,54000,54000
b3eed2970dc7f779af62087896d86529e7b4b439,1598.09,62.65,6.369460168,55000,54000
b3eed2970dc7f779af62087896d86529e7b4b439,1602.86,62.94,6.379384275,55000,54000
b3eed2970dc7f779af62087896d86529e7b4b439,1582.68,62.37,6.308041703,54000,54000
b3eed2970dc7f779af62087896d86529e7b4b439,1584.53,62.34,6.323935067,54000,55000
b3eed2970dc7f779af62087896d86529e7b4b439,1581.13,62.36,6.293905743,54000,54000
b3eed2970dc7f779af62087896d86529e7b4b439,1589.49,62.53,6.335398787,54000,55000
b3eed2970dc7f779af62087896d86529e7b4b439,1587.57,62.25,6.323487914,54000,54000
b3eed2970dc7f779af62087896d86529e7b4b439,1601.85,62.75,6.384367029,54000,54000
b3eed2970dc7f779af62087896d86529e7b4b439,1595.39,62.89,6.357570134,54000,54000
b3eed2970dc7f779af62087896d86529e7b4b439,1616.08,63.72,6.429729715,54000,54000
b3eed2970dc7f779af62087896d86529e7b4b439,1586.12,62.61,6.319322900,54000,55000
b3eed2970dc7f779af62087896d86529e7b4b439,1599.07,62.86,6.367628818,54000,54000
b3eed2970dc7f779af62087896d86529e7b4b439,1586.36,62.20,6.321712604,54000,54000
b3eed2970dc7f779af62087896d86529e7b4b439,1586.32,62.31,6.326126384,54000,54000
b3eed2970dc7f779af62087896d86529e7b4b439,1589.13,62.62,6.326297264,54000,54000
b3eed2970dc7f779af62087896d86529e7b4b439,1592.54,62.89,6.361523817,54000,54000
b3eed2970dc7f779af62087896d86529e7b4b439,1608.69,63.63,6.411285508,54000,55000
b3eed2970dc7f779af62087896d86529e7b4b439,1595.32,62.83,6.368351408,54000,54000
b3eed2970dc7f779af62087896d86529e7b4b439,1586.93,62.44,6.318301512,55000,55000
b3eed2970dc7f779af62087896d86529e7b4b439,1619.65,63.62,6.493152056,55000,55000
b3eed2970dc7f779af62087896d86529e7b4b439,1596.12,62.88,6.361044691,55000,54000
b3eed2970dc7f779af62087896d86529e7b4b439,1588.84,62.52,6.341921916,55000,55000
b3eed2970dc7f779af62087896d86529e7b4b439,1626.48,64.16,6.485271962,54000,55000
b3eed2970dc7f779af62087896d86529e7b4b439,1581.77,62.17,6.312574964,55000,54000
b3eed2970dc7f779af62087896d86529e7b4b439,1596.40,63.02,6.360446980,54000,55000
b3eed2970dc7f779af62087896d86529e7b4b439,1589.17,62.59,6.334797209,54000,54000
b3eed2970dc7f779af62087896d86529e7b4b439,1597.73,62.95,6.374204821,54000,54000
d716b393837f3205ae4cd4ea3db395d65a39fb79,1591.50,62.51,6.342813374,55000,54000
d716b393837f3205ae4cd4ea3db395d65a39fb79,1601.67,63.28,6.381305083,55000,55000
d716b393837f3205ae4cd4ea3db395d65a39fb79,1605.08,63.12,6.393208298,54000,54000
d716b393837f3205ae4cd4ea3db395d65a39fb79,1608.00,63.12,6.407412229,54000,54000
d716b393837f3205ae4cd4ea3db395d65a39fb79,1603.29,62.79,6.388057303,54000,54000
d716b393837f3205ae4cd4ea3db395d65a39fb79,1606.39,63.25,6.399613272,54000,55000
d716b393837f3205ae4cd4ea3db395d65a39fb79,1578.33,62.03,6.307212783,55000,54000
d716b393837f3205ae4cd4ea3db395d65a39fb79,1595.01,62.44,6.361989584,54000,54000
d716b393837f3205ae4cd4ea3db395d65a39fb79,1610.22,62.97,6.418915149,55000,55000
d716b393837f3205ae4cd4ea3db395d65a39fb79,1602.09,62.68,6.385917119,54000,55000
d716b393837f3205ae4cd4ea3db395d65a39fb79,1599.37,62.63,6.380671300,54000,54000
d716b393837f3205ae4cd4ea3db395d65a39fb79,1608.93,63.16,6.435585311,54000,55000
d716b393837f3205ae4cd4ea3db395d65a39fb79,1592.52,62.57,6.348687356,54000,55000
d716b393837f3205ae4cd4ea3db395d65a39fb79,1596.34,62.70,6.355326136,54000,54000
d716b393837f3205ae4cd4ea3db395d65a39fb79,1610.22,63.07,6.427598904,54000,54000
d716b393837f3205ae4cd4ea3db395d65a39fb79,1605.77,63.13,6.386905480,54000,54000
d716b393837f3205ae4cd4ea3db395d65a39fb79,1598.07,62.27,6.368740888,54000,54000
d716b393837f3205ae4cd4ea3db395d65a39fb79,1606.30,62.93,6.401349662,54000,54000
d716b393837f3205ae4cd4ea3db395d65a39fb79,1619.94,63.36,6.450846950,54000,54000
d716b393837f3205ae4cd4ea3db395d65a39fb79,1583.42,62.17,6.304000449,54000,55000
d716b393837f3205ae4cd4ea3db395d65a39fb79,1581.91,62.30,6.300061212,55000,55000
d716b393837f3205ae4cd4ea3db395d65a39fb79,1591.63,62.43,6.351065660,54000,54000
d716b393837f3205ae4cd4ea3db395d65a39fb79,1617.26,63.90,6.439239691,54000,54000
d716b393837f3205ae4cd4ea3db395d65a39fb79,1601.83,62.99,6.374211905,54000,54000
d716b393837f3205ae4cd4ea3db395d65a39fb79,1586.39,62.36,6.324722417,54000,55000
d716b393837f3205ae4cd4ea3db395d65a39fb79,1605.31,63.23,6.388942677,54000,55000
d716b393837f3205ae4cd4ea3db395d65a39fb79,1584.05,62.31,6.304178003,55000,54000
d716b393837f3205ae4cd4ea3db395d65a39fb79,1622.75,63.94,6.467667527,54000,55000
d716b393837f3205ae4cd4ea3db395d65a39fb79,1588.26,62.46,6.328934571,55000,54000
d716b393837f3205ae4cd4ea3db395d65a39fb79,1603.42,63.26,6.388835702,54000,55000
223cf2bf6d2b4216f9229d80add8467ece1601d0,1582.38,62.05,6.314425832,54000,55000
223cf2bf6d2b4216f9229d80add8467ece1601d0,1588.91,62.24,6.327275058,54000,54000
223cf2bf6d2b4216f9229d80add8467ece1601d0,1588.57,62.22,6.330166786,54000,54000
223cf2bf6d2b4216f9229d80add8467ece1601d0,1594.07,62.61,6.354873993,55000,54000
223cf2bf6d2b4216f9229d80add8467ece1601d0,1593.31,62.16,6.353308160,55000,54000
223cf2bf6d2b4216f9229d80add8467ece1601d0,1588.78,62.41,6.328952789,54000,54000
223cf2bf6d2b4216f9229d80add8467ece1601d0,1597.76,62.55,6.359307986,55000,54000
223cf2bf6d2b4216f9229d80add8467ece1601d0,1592.15,62.44,6.347522897,55000,54000
223cf2bf6d2b4216f9229d80add8467ece1601d0,1595.66,62.22,6.353225168,54000,54000
223cf2bf6d2b4216f9229d80add8467ece1601d0,1601.64,63.22,6.385531058,54000,54000
223cf2bf6d2b4216f9229d80add8467ece1601d0,1600.21,62.89,6.388788208,54000,54000
223cf2bf6d2b4216f9229d80add8467ece1601d0,1618.46,63.47,6.450479592,54000,55000
223cf2bf6d2b4216f9229d80add8467ece1601d0,1617.06,63.64,6.455798942,54000,54000
223cf2bf6d2b4216f9229d80add8467ece1601d0,1578.48,62.03,6.282264250,54000,54000
223cf2bf6d2b4216f9229d80add8467ece1601d0,1601.01,62.86,6.374642541,54000,55000
223cf2bf6d2b4216f9229d80add8467ece1601d0,1583.04,62.53,6.314195587,54000,54000
223cf2bf6d2b4216f9229d80add8467ece1601d0,1622.54,63.62,6.472579154,54000,54000
223cf2bf6d2b4216f9229d80add8467ece1601d0,1593.68,62.68,6.357947669,54000,54000
223cf2bf6d2b4216f9229d80add8467ece1601d0,1630.51,64.17,6.498131416,54000,54000
223cf2bf6d2b4216f9229d80add8467ece1601d0,1630.53,64.29,6.491356867,55000,55000
223cf2bf6d2b4216f9229d80add8467ece1601d0,1598.68,62.66,6.375571717,54000,54000
223cf2bf6d2b4216f9229d80add8467ece1601d0,1609.47,63.20,6.408120965,54000,56000
223cf2bf6d2b4216f9229d80add8467ece1601d0,1589.74,62.91,6.332316035,54000,54000
223cf2bf6d2b4216f9229d80add8467ece1601d0,1603.38,63.19,6.382901281,55000,56000
223cf2bf6d2b4216f9229d80add8467ece1601d0,1606.67,63.37,6.397746037,55000,55000
223cf2bf6d2b4216f9229d80add8467ece1601d0,1607.42,63.40,6.388779990,55000,54000
223cf2bf6d2b4216f9229d80add8467ece1601d0,1581.04,62.20,6.308078243,54000,54000
223cf2bf6d2b4216f9229d80add8467ece1601d0,1609.19,63.64,6.415688184,54000,54000
223cf2bf6d2b4216f9229d80add8467ece1601d0,1595.01,62.63,6.374929404,54000,54000
223cf2bf6d2b4216f9229d80add8467ece1601d0,1589.10,62.44,6.344212633,54000,55000
3d40e1c1a47c6174fdb63546840b7f8399447d07,1592.50,63.08,6.396748731,55000,57000
3d40e1c1a47c6174fdb63546840b7f8399447d07,1599.01,62.84,6.393181687,55000,56000
3d40e1c1a47c6174fdb63546840b7f8399447d07,1600.87,63.11,6.368500078,54000,54000
3d40e1c1a47c6174fdb63546840b7f8399447d07,1596.82,62.56,6.361095817,54000,54000
3d40e1c1a47c6174fdb63546840b7f8399447d07,1615.84,63.55,6.432576527,54000,54000
3d40e1c1a47c6174fdb63546840b7f8399447d07,1600.73,62.97,6.380105258,54000,55000
3d40e1c1a47c6174fdb63546840b7f8399447d07,1599.73,62.72,6.377805119,55000,54000
3d40e1c1a47c6174fdb63546840b7f8399447d07,1608.92,63.54,6.410089823,54000,54000
3d40e1c1a47c6174fdb63546840b7f8399447d07,1593.91,62.65,6.365328261,54000,54000
3d40e1c1a47c6174fdb63546840b7f8399447d07,1589.72,62.63,6.331969883,54000,54000
3d40e1c1a47c6174fdb63546840b7f8399447d07,1597.03,62.83,6.362128785,54000,55000
3d40e1c1a47c6174fdb63546840b7f8399447d07,1593.83,62.60,6.345208830,54000,54000
3d40e1c1a47c6174fdb63546840b7f8399447d07,1599.41,62.61,6.374718041,55000,54000
3d40e1c1a47c6174fdb63546840b7f8399447d07,1604.87,63.02,6.384233529,54000,54000
3d40e1c1a47c6174fdb63546840b7f8399447d07,1596.32,62.97,6.347363403,55000,54000
3d40e1c1a47c6174fdb63546840b7f8399447d07,1614.76,63.79,6.428274874,54000,54000
3d40e1c1a47c6174fdb63546840b7f8399447d07,1612.17,63.14,6.419742748,54000,54000
3d40e1c1a47c6174fdb63546840b7f8399447d07,1591.38,62.69,6.336191614,55000,54000
3d40e1c1a47c6174fdb63546840b7f8399447d07,1609.87,63.87,6.414630888,54000,54000
3d40e1c1a47c6174fdb63546840b7f8399447d07,1580.93,62.42,6.309204830,54000,54000
3d40e1c1a47c6174fdb63546840b7f8399447d07,1610.33,63.13,6.415377369,55000,54000
3d40e1c1a47c6174fdb63546840b7f8399447d07,1603.42,63.36,6.381880394,54000,54000
3d40e1c1a47c6174fdb63546840b7f8399447d07,1610.01,63.63,6.412601361,54000,55000
3d40e1c1a47c6174fdb63546840b7f8399447d07,1608.12,63.38,6.394140059,55000,54000
3d40e1c1a47c6174fdb63546840b7f8399447d07,1599.60,62.69,6.367963519,54000,54000
3d40e1c1a47c6174fdb63546840b7f8399447d07,1622.28,64.05,6.453022715,54000,54000
3d40e1c1a47c6174fdb63546840b7f8399447d07,1595.18,62.95,6.341868789,55000,54000
3d40e1c1a47c6174fdb63546840b7f8399447d07,1593.51,62.41,6.351955381,54000,55000
3d40e1c1a47c6174fdb63546840b7f8399447d07,1619.37,63.83,6.456093772,55000,55000
3d40e1c1a47c6174fdb63546840b7f8399447d07,1595.81,63.16,6.358678969,54000,56000
e5f1fcdb481933c1a19441261dcf033906147f78,1607.90,63.43,6.463764985,56000,56000
e5f1fcdb481933c1a19441261dcf033906147f78,1594.79,63.20,6.395449803,57000,55000
e5f1fcdb481933c1a19441261dcf033906147f78,1599.07,62.95,6.383564294,56000,55000
e5f1fcdb481933c1a19441261dcf033906147f78,1599.35,62.61,6.378274169,55000,55000
e5f1fcdb481933c1a19441261dcf033906147f78,1600.78,62.87,6.379900176,54000,54000
e5f1fcdb481933c1a19441261dcf033906147f78,1588.89,62.19,6.339331821,54000,54000
e5f1fcdb481933c1a19441261dcf033906147f78,1582.34,61.96,6.304347281,54000,54000
e5f1fcdb481933c1a19441261dcf033906147f78,1604.76,63.23,6.408156937,54000,54000
e5f1fcdb481933c1a19441261dcf033906147f78,1602.67,63.39,6.389971587,54000,54000
e5f1fcdb481933c1a19441261dcf033906147f78,1578.47,61.87,6.296504862,55000,54000
e5f1fcdb481933c1a19441261dcf033906147f78,1617.45,63.36,6.446970594,54000,54000
e5f1fcdb481933c1a19441261dcf033906147f78,1595.67,62.91,6.347907024,54000,54000
e5f1fcdb481933c1a19441261dcf033906147f78,1598.91,62.68,6.361348801,54000,54000
e5f1fcdb481933c1a19441261dcf033906147f78,1623.52,63.89,6.468739857,54000,54000
e5f1fcdb481933c1a19441261dcf033906147f78,1613.91,63.55,6.424366460,54000,54000
e5f1fcdb481933c1a19441261dcf033906147f78,1600.77,62.95,6.374306980,54000,54000
e5f1fcdb481933c1a19441261dcf033906147f78,1598.84,62.69,6.357719315,54000,55000
e5f1fcdb481933c1a19441261dcf033906147f78,1604.44,63.46,6.402443887,54000,54000
e5f1fcdb481933c1a19441261dcf033906147f78,1604.01,62.93,6.387438068,54000,54000
e5f1fcdb481933c1a19441261dcf033906147f78,1602.48,63.01,6.381189036,55000,56000
e5f1fcdb481933c1a19441261dcf033906147f78,1594.15,62.79,6.348787905,54000,54000
e5f1fcdb481933c1a19441261dcf033906147f78,1580.12,62.10,6.313336061,54000,54000
e5f1fcdb481933c1a19441261dcf033906147f78,1596.52,62.91,6.362699428,54000,54000
e5f1fcdb481933c1a19441261dcf033906147f78,1612.45,63.63,6.424726182,54000,54000
e5f1fcdb481933c1a19441261dcf033906147f78,1595.84,62.80,6.354661012,56000,54000
e5f1fcdb481933c1a19441261dcf033906147f78,1591.45,62.66,6.340446818,54000,56000
e5f1fcdb481933c1a19441261dcf033906147f78,1595.21,62.60,6.374412988,54000,54000
e5f1fcdb481933c1a19441261dcf033906147f78,1617.02,63.84,6.459244041,54000,54000
e5f1fcdb481933c1a19441261dcf033906147f78,1613.14,63.25,6.436777632,54000,54000
e5f1fcdb481933c1a19441261dcf033906147f78,1597.98,62.98,6.370385774,54000,54000
c352cb002070b7104872d651cac7f145e7cce543,1599.02,62.88,6.365886451,55000,54000
c352cb002070b7104872d651cac7f145e7cce543,1586.35,62.34,6.325147695,54000,55000
c352cb002070b7104872d651cac7f145e7cce543,1598.24,62.49,6.378667542,55000,54000
c352cb002070b7104872d651cac7f145e7cce543,1599.44,63.12,6.370084686,54000,54000
c352cb002070b7104872d651cac7f145e7cce543,1598.83,62.99,6.361756782,55000,54000
c352cb002070b7104872d651cac7f145e7cce543,1609.14,63.42,6.410972253,54000,54000
c352cb002070b7104872d651cac7f145e7cce543,1593.24,62.41,6.354980947,54000,54000
c352cb002070b7104872d651cac7f145e7cce543,1605.04,63.11,6.399919595,53000,54000
c352cb002070b7104872d651cac7f145e7cce543,1588.09,62.27,6.332228773,54000,54000
c352cb002070b7104872d651cac7f145e7cce543,1592.51,62.68,6.361650745,54000,54000
c352cb002070b7104872d651cac7f145e7cce543,1584.01,62.20,6.311095960,54000,54000
c352cb002070b7104872d651cac7f145e7cce543,1607.87,63.24,6.410535131,54000,54000
c352cb002070b7104872d651cac7f145e7cce543,1588.53,62.51,6.340549989,54000,54000
c352cb002070b7104872d651cac7f145e7cce543,1587.54,62.47,6.310621494,55000,54000
c352cb002070b7104872d651cac7f145e7cce543,1583.53,62.06,6.310824940,54000,54000
c352cb002070b7104872d651cac7f145e7cce543,1599.97,63.14,6.375681411,55000,54000
c352cb002070b7104872d651cac7f145e7cce543,1602.95,62.98,6.399706918,54000,54000
c352cb002070b7104872d651cac7f145e7cce543,1591.80,62.60,6.345993730,54000,54000
c352cb002070b7104872d651cac7f145e7cce543,1613.48,63.73,6.424088737,54000,54000
c352cb002070b7104872d651cac7f145e7cce543,1607.14,63.44,6.411393784,54000,54000
c352cb002070b7104872d651cac7f145e7cce543,1636.19,64.37,6.532306226,54000,55000
c352cb002070b7104872d651cac7f145e7cce543,1614.00,63.89,6.424899382,54000,54000
c352cb002070b7104872d651cac7f145e7cce543,1598.09,63.14,6.377954478,55000,54000
c352cb002070b7104872d651cac7f145e7cce543,1589.32,62.41,6.343338711,54000,55000
c352cb002070b7104872d651cac7f145e7cce543,1607.50,63.32,6.415229139,55000,54000
c352cb002070b7104872d651cac7f145e7cce543,1603.80,63.33,6.385592099,54000,54000
c352cb002070b7104872d651cac7f145e7cce543,1581.64,62.05,6.312174624,55000,54000
c352cb002070b7104872d651cac7f145e7cce543,1585.69,62.38,6.326950540,55000,56000
c352cb002070b7104872d651cac7f145e7cce543,1594.92,62.98,6.350902520,55000,54000
c352cb002070b7104872d651cac7f145e7cce543,1581.52,62.03,6.307151288,54000,54000
4bd7e381d1f9be5160f8ef53a907d2d1e8f8b095,1592.24,62.34,6.360132296,54000,54000
4bd7e381d1f9be5160f8ef53a907d2d1e8f8b095,1614.35,63.36,6.428103591,54000,54000
4bd7e381d1f9be5160f8ef53a907d2d1e8f8b095,1593.98,62.46,6.372151412,54000,54000
4bd7e381d1f9be5160f8ef53a907d2d1e8f8b095,1597.02,62.73,6.366925887,54000,54000
4bd7e381d1f9be5160f8ef53a907d2d1e8f8b095,1600.65,62.80,6.375553251,54000,54000
4bd7e381d1f9be5160f8ef53a907d2d1e8f8b095,1598.46,62.70,6.371822626,54000,54000
4bd7e381d1f9be5160f8ef53a907d2d1e8f8b095,1599.68,62.55,6.369804466,54000,54000
4bd7e381d1f9be5160f8ef53a907d2d1e8f8b095,1620.22,63.49,6.460805211,54000,55000
4bd7e381d1f9be5160f8ef53a907d2d1e8f8b095,1605.77,63.22,6.398697665,54000,54000
4bd7e381d1f9be5160f8ef53a907d2d1e8f8b095,1585.73,62.01,6.324836593,54000,54000
4bd7e381d1f9be5160f8ef53a907d2d1e8f8b095,1598.06,63.04,6.360958097,54000,54000
4bd7e381d1f9be5160f8ef53a907d2d1e8f8b095,1598.72,63.07,6.371249616,54000,54000
4bd7e381d1f9be5160f8ef53a907d2d1e8f8b095,1600.55,62.70,6.380615626,54000,54000
4bd7e381d1f9be5160f8ef53a907d2d1e8f8b095,1596.79,62.51,6.357223005,54000,54000
4bd7e381d1f9be5160f8ef53a907d2d1e8f8b095,1616.50,63.54,6.445821741,54000,55000
4bd7e381d1f9be5160f8ef53a907d2d1e8f8b095,1612.66,63.25,6.419559195,54000,54000
4bd7e381d1f9be5160f8ef53a907d2d1e8f8b095,1603.26,63.30,6.393603169,55000,54000
4bd7e381d1f9be5160f8ef53a907d2d1e8f8b095,1617.61,63.82,6.452292941,54000,54000
4bd7e381d1f9be5160f8ef53a907d2d1e8f8b095,1630.90,64.24,6.498880254,54000,55000
4bd7e381d1f9be5160f8ef53a907d2d1e8f8b095,1605.44,63.36,6.397640632,55000,54000
4bd7e381d1f9be5160f8ef53a907d2d1e8f8b095,1587.51,62.28,6.327654396,56000,55000
4bd7e381d1f9be5160f8ef53a907d2d1e8f8b095,1587.56,62.31,6.333305473,54000,54000
4bd7e381d1f9be5160f8ef53a907d2d1e8f8b095,1600.66,63.06,6.386587329,54000,54000
4bd7e381d1f9be5160f8ef53a907d2d1e8f8b095,1625.33,64.03,6.485850137,55000,54000
4bd7e381d1f9be5160f8ef53a907d2d1e8f8b095,1616.17,63.68,6.430634548,54000,54000
4bd7e381d1f9be5160f8ef53a907d2d1e8f8b095,1602.74,62.80,6.390255720,54000,54000
4bd7e381d1f9be5160f8ef53a907d2d1e8f8b095,1612.16,63.68,6.434380231,56000,55000
4bd7e381d1f9be5160f8ef53a907d2d1e8f8b095,1609.30,63.38,6.419800631,54000,55000
4bd7e381d1f9be5160f8ef53a907d2d1e8f8b095,1617.15,63.64,6.439065581,54000,54000
4bd7e381d1f9be5160f8ef53a907d2d1e8f8b095,1594.05,62.73,6.349651548,55000,54000
c3973e16d7fcd3606fd3b73fa2b4a7d35d047aa7,1622.24,64.18,6.462606726,56000,56000
c3973e16d7fcd3606fd3b73fa2b4a7d35d047aa7,1595.67,62.77,6.379778471,54000,54000
c3973e16d7fcd3606fd3b73fa2b4a7d35d047aa7,1590.97,62.86,6.335489525,55000,54000
c3973e16d7fcd3606fd3b73fa2b4a7d35d047aa7,1593.51,62.61,6.354891620,54000,55000
c3973e16d7fcd3606fd3b73fa2b4a7d35d047aa7,1601.77,63.13,6.378158088,54000,54000
c3973e16d7fcd3606fd3b73fa2b4a7d35d047aa7,1604.25,63.26,6.389350424,54000,54000
c3973e16d7fcd3606fd3b73fa2b4a7d35d047aa7,1606.63,63.45,6.389505342,55000,55000
c3973e16d7fcd3606fd3b73fa2b4a7d35d047aa7,1588.12,62.54,6.340190514,54000,55000
c3973e16d7fcd3606fd3b73fa2b4a7d35d047aa7,1606.97,63.54,6.403652012,54000,54000
c3973e16d7fcd3606fd3b73fa2b4a7d35d047aa7,1609.74,63.24,6.407113711,54000,54000
c3973e16d7fcd3606fd3b73fa2b4a7d35d047aa7,1591.28,62.63,6.342601878,55000,54000
c3973e16d7fcd3606fd3b73fa2b4a7d35d047aa7,1606.07,63.33,6.390815868,54000,54000
c3973e16d7fcd3606fd3b73fa2b4a7d35d047aa7,1614.14,63.60,6.430643362,54000,54000
c3973e16d7fcd3606fd3b73fa2b4a7d35d047aa7,1595.26,63.14,6.366047890,54000,54000
c3973e16d7fcd3606fd3b73fa2b4a7d35d047aa7,1599.69,63.14,6.374152778,54000,54000
c3973e16d7fcd3606fd3b73fa2b4a7d35d047aa7,1614.16,63.42,6.445975159,54000,54000
c3973e16d7fcd3606fd3b73fa2b4a7d35d047aa7,1596.86,62.83,6.364988019,55000,54000
c3973e16d7fcd3606fd3b73fa2b4a7d35d047aa7,1617.25,64.11,6.450232704,54000,54000
c3973e16d7fcd3606fd3b73fa2b4a7d35d047aa7,1595.15,62.81,6.363692825,54000,55000
c3973e16d7fcd3606fd3b73fa2b4a7d35d047aa7,1589.10,62.93,6.334033053,54000,54000
c3973e16d7fcd3606fd3b73fa2b4a7d35d047aa7,1597.14,63.02,6.364646188,54000,54000
c3973e16d7fcd3606fd3b73fa2b4a7d35d047aa7,1610.27,63.36,6.418244125,54000,54000
c3973e16d7fcd3606fd3b73fa2b4a7d35d047aa7,1611.00,63.44,6.420268059,55000,55000
c3973e16d7fcd3606fd3b73fa2b4a7d35d047aa7,1598.29,62.89,6.368796976,55000,55000
c3973e16d7fcd3606fd3b73fa2b4a7d35d047aa7,1598.56,63.21,6.366311147,55000,55000
c3973e16d7fcd3606fd3b73fa2b4a7d35d047aa7,1592.70,62.80,6.343256670,54000,55000
c3973e16d7fcd3606fd3b73fa2b4a7d35d047aa7,1614.21,63.97,6.427508191,54000,54000
c3973e16d7fcd3606fd3b73fa2b4a7d35d047aa7,1596.36,62.86,6.359325498,55000,54000
c3973e16d7fcd3606fd3b73fa2b4a7d35d047aa7,1605.60,63.67,6.393791638,54000,54000
c3973e16d7fcd3606fd3b73fa2b4a7d35d047aa7,1590.51,62.85,6.338339028,54000,54000
0250a6c1f351d73a200e9b3d98d11eecf143496b,1635.13,64.59,6.517817130,54000,54000
0250a6c1f351d73a200e9b3d98d11eecf143496b,1631.93,64.14,6.491563108,54000,54000
0250a6c1f351d73a200e9b3d98d11eecf143496b,1642.57,64.73,6.536113672,54000,54000
0250a6c1f351d73a200e9b3d98d11eecf143496b,1626.81,64.11,6.475295210,54000,54000
0250a6c1f351d73a200e9b3d98d11eecf143496b,1638.56,64.75,6.512028247,54000,54000
0250a6c1f351d73a200e9b3d98d11eecf143496b,1641.99,64.89,6.537323926,54000,54000
0250a6c1f351d73a200e9b3d98d11eecf143496b,1666.33,66.26,6.638493315,54000,55000
0250a6c1f351d73a200e9b3d98d11eecf143496b,1641.26,64.64,6.540427262,55000,54000
0250a6c1f351d73a200e9b3d98d11eecf143496b,1630.46,64.55,6.506947774,54000,54000
0250a6c1f351d73a200e9b3d98d11eecf143496b,1624.66,63.94,6.475747393,54000,54000
0250a6c1f351d73a200e9b3d98d11eecf143496b,1609.10,63.33,6.405988332,54000,54000
0250a6c1f351d73a200e9b3d98d11eecf143496b,1605.35,63.08,6.389704486,55000,54000
0250a6c1f351d73a200e9b3d98d11eecf143496b,1625.53,63.90,6.486778554,54000,55000
0250a6c1f351d73a200e9b3d98d11eecf143496b,1645.49,64.87,6.549529080,55000,54000
0250a6c1f351d73a200e9b3d98d11eecf143496b,1640.96,64.78,6.537260619,54000,54000
0250a6c1f351d73a200e9b3d98d11eecf143496b,1628.30,64.10,6.487189635,54000,54000
0250a6c1f351d73a200e9b3d98d11eecf143496b,1638.09,65.04,6.515650959,54000,55000
0250a6c1f351d73a200e9b3d98d11eecf143496b,1620.15,63.62,6.454284251,54000,54000
0250a6c1f351d73a200e9b3d98d11eecf143496b,1606.39,63.07,6.393394761,54000,54000
0250a6c1f351d73a200e9b3d98d11eecf143496b,1633.48,64.49,6.514220132,54000,54000
0250a6c1f351d73a200e9b3d98d11eecf143496b,1612.22,63.51,6.421268531,54000,54000
0250a6c1f351d73a200e9b3d98d11eecf143496b,1624.47,63.93,6.457361475,54000,54000
0250a6c1f351d73a200e9b3d98d11eecf143496b,1632.93,64.91,6.495564748,54000,54000
0250a6c1f351d73a200e9b3d98d11eecf143496b,1634.53,64.47,6.494040502,56000,55000
0250a6c1f351d73a200e9b3d98d11eecf143496b,1631.35,64.46,6.487477281,54000,54000
0250a6c1f351d73a200e9b3d98d11eecf143496b,1635.69,64.66,6.510840872,54000,54000
0250a6c1f351d73a200e9b3d98d11eecf143496b,1636.14,64.55,6.508472861,54000,54000
0250a6c1f351d73a200e9b3d98d11eecf143496b,1622.98,63.92,6.457780317,54000,55000
0250a6c1f351d73a200e9b3d98d11eecf143496b,1640.12,64.92,6.537767790,54000,55000
0250a6c1f351d73a200e9b3d98d11eecf143496b,1640.07,64.70,6.525725108,54000,54000
61d03bba0c92439d87c9eee52698c7c7824eb096,1612.18,63.71,6.422840494,55000,56000
61d03bba0c92439d87c9eee52698c7c7824eb096,1616.14,63.48,6.442599941,56000,56000
61d03bba0c92439d87c9eee52698c7c7824eb096,1635.49,64.39,6.514754186,54000,54000
61d03bba0c92439d87c9eee52698c7c7824eb096,1609.70,63.19,6.417230541,54000,54000
61d03bba0c92439d87c9eee52698c7c7824eb096,1632.27,64.32,6.502994813,55000,54000
61d03bba0c92439d87c9eee52698c7c7824eb096,1612.98,63.68,6.424051710,54000,54000
61d03bba0c92439d87c9eee52698c7c7824eb096,1611.57,62.96,6.411458372,55000,54000
61d03bba0c92439d87c9eee52698c7c7824eb096,1604.37,63.06,6.393384010,54000,54000
61d03bba0c92439d87c9eee52698c7c7824eb096,1632.26,64.00,6.492415549,54000,54000
61d03bba0c92439d87c9eee52698c7c7824eb096,1651.67,65.09,6.573778105,54000,54000
61d03bba0c92439d87c9eee52698c7c7824eb096,1626.86,64.03,6.468480949,54000,54000
61d03bba0c92439d87c9eee52698c7c7824eb096,1629.91,64.40,6.486679425,54000,54000
61d03bba0c92439d87c9eee52698c7c7824eb096,1632.91,64.64,6.493144498,54000,55000
61d03bba0c92439d87c9eee52698c7c7824eb096,1621.90,64.13,6.445787947,54000,54000
61d03bba0c92439d87c9eee52698c7c7824eb096,1612.70,63.42,6.424107642,55000,54000
61d03bba0c92439d87c9eee52698c7c7824eb096,1598.03,63.03,6.379092564,54000,54000
61d03bba0c92439d87c9eee52698c7c7824eb096,1633.29,64.60,6.485861580,54000,54000
61d03bba0c92439d87c9eee52698c7c7824eb096,1606.58,63.08,6.417594380,54000,54000
61d03bba0c92439d87c9eee52698c7c7824eb096,1619.89,64.01,6.448300071,54000,55000
61d03bba0c92439d87c9eee52698c7c7824eb096,1622.92,64.15,6.474767836,56000,55000
61d03bba0c92439d87c9eee52698c7c7824eb096,1616.15,63.83,6.443825823,54000,54000
61d03bba0c92439d87c9eee52698c7c7824eb096,1618.68,64.04,6.438423800,55000,55000
61d03bba0c92439d87c9eee52698c7c7824eb096,1624.11,64.14,6.462762672,55000,54000
61d03bba0c92439d87c9eee52698c7c7824eb096,1606.25,63.47,6.408308748,55000,55000
61d03bba0c92439d87c9eee52698c7c7824eb096,1636.12,64.66,6.519652795,54000,54000
61d03bba0c92439d87c9eee52698c7c7824eb096,1616.25,63.86,6.436939662,54000,54000
61d03bba0c92439d87c9eee52698c7c7824eb096,1602.76,63.14,6.386605163,54000,54000
61d03bba0c92439d87c9eee52698c7c7824eb096,1625.50,64.22,6.483714166,54000,54000
61d03bba0c92439d87c9eee52698c7c7824eb096,1612.46,63.54,6.417622940,54000,54000
61d03bba0c92439d87c9eee52698c7c7824eb096,1646.40,65.04,6.562337045,54000,54000
68eed73c021c49e08c88793264dfa3b044491623,1614.94,63.74,6.444921167,56000,56000
68eed73c021c49e08c88793264dfa3b044491623,1643.85,64.84,6.534875057,56000,55000
68eed73c021c49e08c88793264dfa3b044491623,1610.01,63.29,6.417397754,54000,54000
68eed73c021c49e08c88793264dfa3b044491623,1619.89,63.79,6.450414409,54000,54000
68eed73c021c49e08c88793264dfa3b044491623,1620.24,63.73,6.455574042,54000,54000
68eed73c021c49e08c88793264dfa3b044491623,1625.53,64.16,6.473726412,54000,54000
68eed73c021c49e08c88793264dfa3b044491623,1599.47,62.95,6.373941687,54000,55000
68eed73c021c49e08c88793264dfa3b044491623,1626.12,63.98,6.474844291,54000,54000
68eed73c021c49e08c88793264dfa3b044491623,1603.49,63.24,6.388456008,54000,54000
68eed73c021c49e08c88793264dfa3b044491623,1616.93,63.37,6.444947670,54000,54000
68eed73c021c49e08c88793264dfa3b044491623,1646.24,64.99,6.555598594,54000,54000
68eed73c021c49e08c88793264dfa3b044491623,1639.48,64.59,6.522853008,54000,54000
68eed73c021c49e08c88793264dfa3b044491623,1619.53,63.87,6.460175720,54000,55000
68eed73c021c49e08c88793264dfa3b044491623,1644.17,64.53,6.553877671,54000,54000
68eed73c021c49e08c88793264dfa3b044491623,1627.23,64.05,6.479331764,54000,54000
68eed73c021c49e08c88793264dfa3b044491623,1625.59,63.98,6.473958474,55000,54000
68eed73c021c49e08c88793264dfa3b044491623,1601.04,63.31,6.371805820,54000,54000
68eed73c021c49e08c88793264dfa3b044491623,1619.76,63.92,6.445833727,54000,54000
68eed73c021c49e08c88793264dfa3b044491623,1620.59,64.09,6.459111956,55000,54000
68eed73c021c49e08c88793264dfa3b044491623,1620.20,63.72,6.453698470,54000,54000
68eed73c021c49e08c88793264dfa3b044491623,1621.65,63.96,6.463245641,55000,54000
68eed73c021c49e08c88793264dfa3b044491623,1612.69,63.39,6.419716473,53000,54000
68eed73c021c49e08c88793264dfa3b044491623,1613.23,63.52,6.427694993,54000,54000
68eed73c021c49e08c88793264dfa3b044491623,1620.86,63.82,6.439189405,54000,54000
68eed73c021c49e08c88793264dfa3b044491623,1638.94,64.59,6.528249296,54000,53000
68eed73c021c49e08c88793264dfa3b044491623,1621.87,64.03,6.445364604,54000,55000
68eed73c021c49e08c88793264dfa3b044491623,1604.81,63.19,6.404224224,54000,55000
68eed73c021c49e08c88793264dfa3b044491623,1630.36,64.63,6.488698570,54000,55000
68eed73c021c49e08c88793264dfa3b044491623,1621.03,64.13,6.456843429,54000,54000
68eed73c021c49e08c88793264dfa3b044491623,1616.66,63.78,6.440058548,54000,54000
57fdc78192bf30484e28e8ea7bb86c09bcad08b8,1612.36,63.73,6.460953868,56000,56000
57fdc78192bf30484e28e8ea7bb86c09bcad08b8,1606.33,63.35,6.395931760,54000,54000
57fdc78192bf30484e28e8ea7bb86c09bcad08b8,1617.79,63.45,6.448841474,54000,54000
57fdc78192bf30484e28e8ea7bb86c09bcad08b8,1625.88,63.92,6.469346981,54000,54000
57fdc78192bf30484e28e8ea7bb86c09bcad08b8,1645.04,64.76,6.556488959,54000,54000
57fdc78192bf30484e28e8ea7bb86c09bcad08b8,1626.38,63.83,6.482420134,54000,55000
57fdc78192bf30484e28e8ea7bb86c09bcad08b8,1645.33,64.51,6.551556486,54000,54000
57fdc78192bf30484e28e8ea7bb86c09bcad08b8,1619.25,63.87,6.442876344,54000,54000
57fdc78192bf30484e28e8ea7bb86c09bcad08b8,1617.01,63.84,6.441411698,55000,54000
57fdc78192bf30484e28e8ea7bb86c09bcad08b8,1618.58,63.54,6.454128273,55000,54000
57fdc78192bf30484e28e8ea7bb86c09bcad08b8,1628.05,64.20,6.485242141,55000,54000
57fdc78192bf30484e28e8ea7bb86c09bcad08b8,1629.66,64.03,6.482845691,55000,54000
57fdc78192bf30484e28e8ea7bb86c09bcad08b8,1643.88,64.68,6.542315458,54000,54000
57fdc78192bf30484e28e8ea7bb86c09bcad08b8,1643.11,64.74,6.529525069,54000,54000
57fdc78192bf30484e28e8ea7bb86c09bcad08b8,1620.88,63.96,6.450840494,54000,55000
57fdc78192bf30484e28e8ea7bb86c09bcad08b8,1623.70,64.00,6.452407746,54000,54000
57fdc78192bf30484e28e8ea7bb86c09bcad08b8,1609.67,63.26,6.407212966,54000,55000
57fdc78192bf30484e28e8ea7bb86c09bcad08b8,1619.88,63.65,6.448155828,54000,54000
57fdc78192bf30484e28e8ea7bb86c09bcad08b8,1606.60,62.87,6.388515701,54000,54000
57fdc78192bf30484e28e8ea7bb86c09bcad08b8,1623.11,63.91,6.456130293,54000,55000
57fdc78192bf30484e28e8ea7bb86c09bcad08b8,1615.09,63.58,6.432304562,54000,54000
57fdc78192bf30484e28e8ea7bb86c09bcad08b8,1640.96,64.74,6.531240058,54000,55000
57fdc78192bf30484e28e8ea7bb86c09bcad08b8,1628.60,64.19,6.473077542,54000,54000
57fdc78192bf30484e28e8ea7bb86c09bcad08b8,1621.93,64.08,6.447851649,54000,54000
57fdc78192bf30484e28e8ea7bb86c09bcad08b8,1611.86,63.33,6.403927936,54000,54000
57fdc78192bf30484e28e8ea7bb86c09bcad08b8,1641.74,65.05,6.526184073,54000,55000
57fdc78192bf30484e28e8ea7bb86c09bcad08b8,1610.59,63.46,6.401790486,54000,54000
57fdc78192bf30484e28e8ea7bb86c09bcad08b8,1603.54,63.12,6.390402094,55000,54000
57fdc78192bf30484e28e8ea7bb86c09bcad08b8,1630.28,64.45,6.485778788,55000,54000
57fdc78192bf30484e28e8ea7bb86c09bcad08b8,1635.93,64.58,6.519293730,55000,54000
c029f1e4a959f60dfe432c6a2a806f214a8b35d4,1625.86,64.02,6.469627066,54000,54000
c029f1e4a959f60dfe432c6a2a806f214a8b35d4,1631.99,64.47,6.487633108,54000,54000
c029f1e4a959f60dfe432c6a2a806f214a8b35d4,1632.18,64.38,6.493474999,54000,54000
c029f1e4a959f60dfe432c6a2a806f214a8b35d4,1618.35,63.56,6.451743817,54000,54000
c029f1e4a959f60dfe432c6a2a806f214a8b35d4,1616.47,63.81,6.437374069,54000,54000
c029f1e4a959f60dfe432c6a2a806f214a8b35d4,1642.96,64.83,6.536002963,54000,54000
c029f1e4a959f60dfe432c6a2a806f214a8b35d4,1625.86,63.85,6.471374691,54000,54000
c029f1e4a959f60dfe432c6a2a806f214a8b35d4,1619.18,63.94,6.455520249,54000,54000
c029f1e4a959f60dfe432c6a2a806f214a8b35d4,1629.31,64.28,6.477099581,54000,54000
c029f1e4a959f60dfe432c6a2a806f214a8b35d4,1651.45,64.86,6.560105468,54000,54000
c029f1e4a959f60dfe432c6a2a806f214a8b35d4,1639.04,64.72,6.523635122,54000,54000
c029f1e4a959f60dfe432c6a2a806f214a8b35d4,1643.98,64.91,6.546364365,55000,54000
c029f1e4a959f60dfe432c6a2a806f214a8b35d4,1652.82,65.28,6.578515602,54000,54000
c029f1e4a959f60dfe432c6a2a806f214a8b35d4,1651.47,65.31,6.553361445,54000,54000
c029f1e4a959f60dfe432c6a2a806f214a8b35d4,1655.43,65.62,6.563236875,54000,55000
c029f1e4a959f60dfe432c6a2a806f214a8b35d4,1627.01,64.14,6.472697370,54000,54000
c029f1e4a959f60dfe432c6a2a806f214a8b35d4,1633.79,64.62,6.511013328,54000,55000
c029f1e4a959f60dfe432c6a2a806f214a8b35d4,1618.29,64.31,6.440525774,54000,54000
c029f1e4a959f60dfe432c6a2a806f214a8b35d4,1651.99,65.13,6.566534139,54000,55000
c029f1e4a959f60dfe432c6a2a806f214a8b35d4,1630.27,64.28,6.488773572,53000,53000
c029f1e4a959f60dfe432c6a2a806f214a8b35d4,1629.66,64.30,6.501835185,54000,53000
c029f1e4a959f60dfe432c6a2a806f214a8b35d4,1639.28,64.74,6.528864202,54000,54000
c029f1e4a959f60dfe432c6a2a806f214a8b35d4,1627.72,64.21,6.467975563,55000,55000
c029f1e4a959f60dfe432c6a2a806f214a8b35d4,1615.24,63.82,6.425889152,55000,55000
c029f1e4a959f60dfe432c6a2a806f214a8b35d4,1634.26,64.65,6.502649951,54000,54000
c029f1e4a959f60dfe432c6a2a806f214a8b35d4,1610.34,63.49,6.419114911,54000,54000
c029f1e4a959f60dfe432c6a2a806f214a8b35d4,1646.90,65.07,6.550333473,54000,55000
c029f1e4a959f60dfe432c6a2a806f214a8b35d4,1610.50,63.58,6.413227086,54000,54000
c029f1e4a959f60dfe432c6a2a806f214a8b35d4,1629.94,64.54,6.471994870,54000,54000
c029f1e4a959f60dfe432c6a2a806f214a8b35d4,1646.76,64.85,6.557278845,54000,54000
fe8cf9bcad9b9aab8adb042fab439b757f551809,1615.50,63.79,6.474230456,55000,55000
fe8cf9bcad9b9aab8adb042fab439b757f551809,1597.74,62.65,6.373387993,56000,55000
fe8cf9bcad9b9aab8adb042fab439b757f551809,1622.18,63.34,6.470596557,54000,54000
fe8cf9bcad9b9aab8adb042fab439b757f551809,1601.93,62.99,6.383470536,54000,54000
fe8cf9bcad9b9aab8adb042fab439b757f551809,1613.48,63.38,6.424553315,54000,54000
fe8cf9bcad9b9aab8adb042fab439b757f551809,1627.48,63.84,6.469161631,54000,54000
fe8cf9bcad9b9aab8adb042fab439b757f551809,1626.38,63.87,6.497046530,54000,54000
fe8cf9bcad9b9aab8adb042fab439b757f551809,1642.86,64.68,6.532273969,55000,54000
fe8cf9bcad9b9aab8adb042fab439b757f551809,1607.92,63.02,6.406671530,54000,54000
fe8cf9bcad9b9aab8adb042fab439b757f551809,1632.94,64.19,6.496778227,54000,55000
fe8cf9bcad9b9aab8adb042fab439b757f551809,1617.37,63.53,6.454841675,55000,54000
fe8cf9bcad9b9aab8adb042fab439b757f551809,1618.75,63.33,6.466500995,54000,54000
fe8cf9bcad9b9aab8adb042fab439b757f551809,1647.21,65.05,6.561894678,54000,55000
fe8cf9bcad9b9aab8adb042fab439b757f551809,1631.58,63.76,6.505243918,55000,54000
fe8cf9bcad9b9aab8adb042fab439b757f551809,1633.40,64.21,6.502606056,54000,54000
fe8cf9bcad9b9aab8adb042fab439b757f551809,1620.61,63.57,6.448003125,54000,54000
fe8cf9bcad9b9aab8adb042fab439b757f551809,1633.40,64.60,6.511278269,54000,54000
fe8cf9bcad9b9aab8adb042fab439b757f551809,1645.99,64.92,6.553916233,54000,54000
fe8cf9bcad9b9aab8adb042fab439b757f551809,1622.68,63.99,6.457989752,54000,54000
fe8cf9bcad9b9aab8adb042fab439b757f551809,1610.73,63.42,6.424517931,54000,55000
fe8cf9bcad9b9aab8adb042fab439b757f551809,1648.17,64.89,6.569368085,54000,54000
fe8cf9bcad9b9aab8adb042fab439b757f551809,1625.33,63.94,6.471860829,54000,54000
fe8cf9bcad9b9aab8adb042fab439b757f551809,1614.82,63.33,6.452318744,54000,54000
fe8cf9bcad9b9aab8adb042fab439b757f551809,1608.24,63.44,6.417233875,54000,54000
fe8cf9bcad9b9aab8adb042fab439b757f551809,1656.32,65.27,6.603247965,54000,54000
fe8cf9bcad9b9aab8adb042fab439b757f551809,1613.53,63.41,6.431616258,56000,54000
fe8cf9bcad9b9aab8adb042fab439b757f551809,1633.98,64.28,6.520086446,54000,55000
fe8cf9bcad9b9aab8adb042fab439b757f551809,1617.29,63.98,6.435475260,55000,54000
fe8cf9bcad9b9aab8adb042fab439b757f551809,1641.49,64.67,6.559028359,54000,54000
fe8cf9bcad9b9aab8adb042fab439b757f551809,1636.78,64.49,6.508410378,56000,54000
b590dfa14981eb31dd6148d4e03cd3eb515cefb7,1621.88,63.91,6.467086207,56000,56000
b590dfa14981eb31dd6148d4e03cd3eb515cefb7,1626.07,64.02,6.487861520,55000,55000
b590dfa14981eb31dd6148d4e03cd3eb515cefb7,1612.91,63.30,6.423971440,55000,54000
b590dfa14981eb31dd6148d4e03cd3eb515cefb7,1614.31,63.42,6.426153465,54000,55000
b590dfa14981eb31dd6148d4e03cd3eb515cefb7,1628.01,63.82,6.479207308,54000,54000
b590dfa14981eb31dd6148d4e03cd3eb515cefb7,1633.11,64.26,6.506117650,54000,54000
b590dfa14981eb31dd6148d4e03cd3eb515cefb7,1610.81,63.52,6.416663479,54000,54000
b590dfa14981eb31dd6148d4e03cd3eb515cefb7,1617.19,63.66,6.439989207,54000,54000
b590dfa14981eb31dd6148d4e03cd3eb515cefb7,1619.58,63.41,6.456309097,54000,54000
b590dfa14981eb31dd6148d4e03cd3eb515cefb7,1627.06,63.79,6.474953073,54000,54000
b590dfa14981eb31dd6148d4e03cd3eb515cefb7,1644.70,65.03,6.563518525,54000,54000
b590dfa14981eb31dd6148d4e03cd3eb515cefb7,1634.24,64.17,6.506621395,54000,55000
b590dfa14981eb31dd6148d4e03cd3eb515cefb7,1621.47,63.72,6.447914981,54000,55000
b590dfa14981eb31dd6148d4e03cd3eb515cefb7,1611.16,63.18,6.417672333,54000,54000
b590dfa14981eb31dd6148d4e03cd3eb515cefb7,1639.98,64.82,6.523099077,54000,54000
b590dfa14981eb31dd6148d4e03cd3eb515cefb7,1619.38,63.58,6.441161001,55000,54000
b590dfa14981eb31dd6148d4e03cd3eb515cefb7,1634.70,64.23,6.502106287,54000,54000
b590dfa14981eb31dd6148d4e03cd3eb515cefb7,1632.54,63.85,6.505720668,54000,54000
b590dfa14981eb31dd6148d4e03cd3eb515cefb7,1642.69,64.54,6.551454242,54000,54000
b590dfa14981eb31dd6148d4e03cd3eb515cefb7,1618.26,63.70,6.439898217,54000,54000
b590dfa14981eb31dd6148d4e03cd3eb515cefb7,1624.78,64.17,6.461943703,54000,54000
b590dfa14981eb31dd6148d4e03cd3eb515cefb7,1631.65,64.13,6.495283027,54000,54000
b590dfa14981eb31dd6148d4e03cd3eb515cefb7,1606.58,63.31,6.394099310,55000,54000
b590dfa14981eb31dd6148d4e03cd3eb515cefb7,1632.95,64.00,6.504154056,54000,55000
b590dfa14981eb31dd6148d4e03cd3eb515cefb7,1611.79,63.26,6.418772297,54000,54000
b590dfa14981eb31dd6148d4e03cd3eb515cefb7,1660.01,65.47,6.618907271,54000,54000
b590dfa14981eb31dd6148d4e03cd3eb515cefb7,1631.63,64.31,6.498394527,55000,54000
b590dfa14981eb31dd6148d4e03cd3eb515cefb7,1623.67,64.25,6.466839111,55000,55000
b590dfa14981eb31dd6148d4e03cd3eb515cefb7,1615.62,63.80,6.441273879,55000,55000
b590dfa14981eb31dd6148d4e03cd3eb515cefb7,1635.47,64.41,6.517870466,54000,54000
a38da1662b26a479483a43fe0dc9e05b466bd607,1628.27,64.00,6.479079890,54000,54000
a38da1662b26a479483a43fe0dc9e05b466bd607,1634.68,64.33,6.499279147,54000,54000
a38da1662b26a479483a43fe0dc9e05b466bd607,1616.46,63.72,6.435310348,54000,54000
a38da1662b26a479483a43fe0dc9e05b466bd607,1618.38,63.63,6.436205683,54000,54000
a38da1662b26a479483a43fe0dc9e05b466bd607,1626.37,64.08,6.468400548,54000,55000
a38da1662b26a479483a43fe0dc9e05b466bd607,1654.17,65.22,6.588203106,54000,54000
a38da1662b26a479483a43fe0dc9e05b466bd607,1612.91,63.33,6.427517875,54000,54000
a38da1662b26a479483a43fe0dc9e05b466bd607,1618.59,63.59,6.440091567,54000,54000
a38da1662b26a479483a43fe0dc9e05b466bd607,1627.70,64.20,6.473839225,54000,55000
a38da1662b26a479483a43fe0dc9e05b466bd607,1622.33,63.69,6.444699566,54000,55000
a38da1662b26a479483a43fe0dc9e05b466bd607,1624.36,63.50,6.466403763,54000,54000
a38da1662b26a479483a43fe0dc9e05b466bd607,1615.32,63.29,6.428006546,54000,54000
a38da1662b26a479483a43fe0dc9e05b466bd607,1613.03,63.39,6.415986732,54000,54000
a38da1662b26a479483a43fe0dc9e05b466bd607,1622.28,63.66,6.461339469,55000,54000
a38da1662b26a479483a43fe0dc9e05b466bd607,1613.62,63.45,6.424625773,55000,54000
a38da1662b26a479483a43fe0dc9e05b466bd607,1622.84,63.80,6.458214180,55000,55000
a38da1662b26a479483a43fe0dc9e05b466bd607,1635.23,64.34,6.502688709,55000,55000
a38da1662b26a479483a43fe0dc9e05b466bd607,1621.29,63.78,6.456855197,54000,54000
a38da1662b26a479483a43fe0dc9e05b466bd607,1614.02,63.84,6.433791503,54000,54000
a38da1662b26a479483a43fe0dc9e05b466bd607,1631.10,64.16,6.487631006,55000,55000
a38da1662b26a479483a43fe0dc9e05b466bd607,1629.69,64.15,6.500056861,54000,55000
a38da1662b26a479483a43fe0dc9e05b466bd607,1623.68,64.12,6.460729451,54000,54000
a38da1662b26a479483a43fe0dc9e05b466bd607,1618.74,63.65,6.438649554,54000,54000
a38da1662b26a479483a43fe0dc9e05b466bd607,1633.31,64.29,6.499645941,54000,54000
a38da1662b26a479483a43fe0dc9e05b466bd607,1604.71,63.38,6.388257681,54000,54000
a38da1662b26a479483a43fe0dc9e05b466bd607,1650.55,65.28,6.588533254,54000,55000
a38da1662b26a479483a43fe0dc9e05b466bd607,1610.62,63.63,6.410173465,54000,54000
a38da1662b26a479483a43fe0dc9e05b466bd607,1634.85,64.57,6.514729919,55000,54000
a38da1662b26a479483a43fe0dc9e05b466bd607,1650.26,65.29,6.579289273,55000,55000
a38da1662b26a479483a43fe0dc9e05b466bd607,1632.38,64.37,6.496630604,54000,54000
7da58ad1f656c82883ec7a160ffbabbf055f63b3,1625.39,64.04,6.478542569,55000,56000
7da58ad1f656c82883ec7a160ffbabbf055f63b3,1645.75,65.15,6.555687689,54000,56000
7da58ad1f656c82883ec7a160ffbabbf055f63b3,1623.97,63.89,6.468479879,54000,54000
7da58ad1f656c82883ec7a160ffbabbf055f63b3,1634.54,64.57,6.505176472,55000,54000
7da58ad1f656c82883ec7a160ffbabbf055f63b3,1626.39,63.84,6.466492176,54000,54000
7da58ad1f656c82883ec7a160ffbabbf055f63b3,1639.29,64.42,6.522953341,54000,54000
7da58ad1f656c82883ec7a160ffbabbf055f63b3,1612.53,63.23,6.420583215,54000,54000
7da58ad1f656c82883ec7a160ffbabbf055f63b3,1646.88,64.93,6.549817431,54000,54000
7da58ad1f656c82883ec7a160ffbabbf055f63b3,1627.13,63.93,6.480910090,54000,54000
7da58ad1f656c82883ec7a160ffbabbf055f63b3,1653.76,64.95,6.597192862,53000,54000
7da58ad1f656c82883ec7a160ffbabbf055f63b3,1636.84,64.42,6.517986402,54000,54000
7da58ad1f656c82883ec7a160ffbabbf055f63b3,1651.80,65.10,6.562354661,54000,54000
7da58ad1f656c82883ec7a160ffbabbf055f63b3,1639.72,64.82,6.534694537,54000,54000
7da58ad1f656c82883ec7a160ffbabbf055f63b3,1630.69,64.30,6.513943817,54000,54000
7da58ad1f656c82883ec7a160ffbabbf055f63b3,1663.21,65.59,6.608578647,54000,54000
7da58ad1f656c82883ec7a160ffbabbf055f63b3,1637.96,64.47,6.508738747,54000,54000
7da58ad1f656c82883ec7a160ffbabbf055f63b3,1639.56,64.45,6.515126326,54000,54000
7da58ad1f656c82883ec7a160ffbabbf055f63b3,1618.12,63.77,6.441677182,54000,55000
7da58ad1f656c82883ec7a160ffbabbf055f63b3,1630.21,64.41,6.489121046,54000,54000
7da58ad1f656c82883ec7a160ffbabbf055f63b3,1632.75,64.57,6.493042194,54000,55000
7da58ad1f656c82883ec7a160ffbabbf055f63b3,1633.16,63.99,6.504381006,55000,55000
7da58ad1f656c82883ec7a160ffbabbf055f63b3,1633.67,64.51,6.495690487,54000,54000
7da58ad1f656c82883ec7a160ffbabbf055f63b3,1625.38,63.99,6.471597033,54000,54000
7da58ad1f656c82883ec7a160ffbabbf055f63b3,1633.17,64.70,6.498500292,54000,54000
7da58ad1f656c82883ec7a160ffbabbf055f63b3,1620.60,64.06,6.444606352,54000,54000
7da58ad1f656c82883ec7a160ffbabbf055f63b3,1645.10,65.02,6.533232631,56000,55000
7da58ad1f656c82883ec7a160ffbabbf055f63b3,1622.14,63.87,6.452410041,54000,54000
7da58ad1f656c82883ec7a160ffbabbf055f63b3,1640.24,64.77,6.529476155,54000,55000
7da58ad1f656c82883ec7a160ffbabbf055f63b3,1611.18,63.61,6.418643718,54000,54000
7da58ad1f656c82883ec7a160ffbabbf055f63b3,1624.21,64.32,6.471965746,55000,55000
3b2fe9d7d1bef79facc3073c34b96b226c2afa5e,1644.75,64.86,6.535393901,54000,55000
3b2fe9d7d1bef79facc3073c34b96b226c2afa5e,1611.30,63.57,6.419171088,54000,55000
3b2fe9d7d1bef79facc3073c34b96b226c2afa5e,1621.18,63.93,6.454599949,54000,54000
3b2fe9d7d1bef79facc3073c34b96b226c2afa5e,1640.13,64.47,6.536504298,54000,54000
3b2fe9d7d1bef79facc3073c34b96b226c2afa5e,1630.63,64.35,6.488373983,54000,54000
3b2fe9d7d1bef79facc3073c34b96b226c2afa5e,1606.35,63.21,6.397863491,54000,55000
3b2fe9d7d1bef79facc3073c34b96b226c2afa5e,1629.54,63.82,6.491083227,55000,54000
3b2fe9d7d1bef79facc3073c34b96b226c2afa5e,1614.57,63.52,6.432398955,54000,54000
3b2fe9d7d1bef79facc3073c34b96b226c2afa5e,1627.68,64.18,6.471677144,54000,54000
3b2fe9d7d1bef79facc3073c34b96b226c2afa5e,1623.73,63.76,6.470150946,55000,54000
3b2fe9d7d1bef79facc3073c34b96b226c2afa5e,1636.10,64.47,6.505442259,54000,54000
3b2fe9d7d1bef79facc3073c34b96b226c2afa5e,1659.56,65.42,6.609465779,54000,54000
3b2fe9d7d1bef79facc3073c34b96b226c2afa5e,1614.96,63.42,6.419681190,55000,55000
3b2fe9d7d1bef79facc3073c34b96b226c2afa5e,1608.85,63.05,6.398643421,54000,54000
3b2fe9d7d1bef79facc3073c34b96b226c2afa5e,1620.29,63.45,6.429973496,54000,54000
3b2fe9d7d1bef79facc3073c34b96b226c2afa5e,1663.91,66.04,6.615708306,54000,54000
3b2fe9d7d1bef79facc3073c34b96b226c2afa5e,1619.40,63.71,6.444224397,54000,54000
3b2fe9d7d1bef79facc3073c34b96b226c2afa5e,1626.65,64.31,6.483704620,54000,54000
3b2fe9d7d1bef79facc3073c34b96b226c2afa5e,1618.48,64.05,6.436063707,54000,54000
3b2fe9d7d1bef79facc3073c34b96b226c2afa5e,1636.80,64.63,6.508952120,54000,54000
3b2fe9d7d1bef79facc3073c34b96b226c2afa5e,1638.86,64.77,6.513887217,54000,55000
3b2fe9d7d1bef79facc3073c34b96b226c2afa5e,1628.43,64.32,6.480737698,54000,54000
3b2fe9d7d1bef79facc3073c34b96b226c2afa5e,1608.91,63.57,6.411178082,54000,55000
3b2fe9d7d1bef79facc3073c34b96b226c2afa5e,1613.70,63.52,6.425403541,54000,54000
3b2fe9d7d1bef79facc3073c34b96b226c2afa5e,1636.59,64.55,6.507051757,54000,54000
3b2fe9d7d1bef79facc3073c34b96b226c2afa5e,1626.60,64.16,6.468714815,54000,54000
3b2fe9d7d1bef79facc3073c34b96b226c2afa5e,1621.22,63.94,6.454464369,56000,55000
3b2fe9d7d1bef79facc3073c34b96b226c2afa5e,1632.26,64.59,6.493594128,56000,56000
3b2fe9d7d1bef79facc3073c34b96b226c2afa5e,1633.89,64.80,6.507037852,55000,55000
3b2fe9d7d1bef79facc3073c34b96b226c2afa5e,1613.20,63.67,6.427074160,54000,54000
0d58c5978ebdc50c4cd72d9a39dba9ecbafbad11,1636.18,64.21,6.528982326,54000,55000
0d58c5978ebdc50c4cd72d9a39dba9ecbafbad11,1636.93,64.64,6.520257314,55000,54000
0d58c5978ebdc50c4cd72d9a39dba9ecbafbad11,1618.97,63.64,6.440220949,54000,54000
0d58c5978ebdc50c4cd72d9a39dba9ecbafbad11,1617.73,63.73,6.435740491,54000,54000
0d58c5978ebdc50c4cd72d9a39dba9ecbafbad11,1627.65,64.12,6.482384332,54000,54000
0d58c5978ebdc50c4cd72d9a39dba9ecbafbad11,1616.94,63.33,6.440960945,54000,54000
0d58c5978ebdc50c4cd72d9a39dba9ecbafbad11,1631.13,64.34,6.484645409,54000,54000
0d58c5978ebdc50c4cd72d9a39dba9ecbafbad11,1626.94,64.38,6.469994081,54000,54000
0d58c5978ebdc50c4cd72d9a39dba9ecbafbad11,1628.65,64.05,6.498312738,54000,54000
0d58c5978ebdc50c4cd72d9a39dba9ecbafbad11,1633.00,64.62,6.503580678,54000,54000
0d58c5978ebdc50c4cd72d9a39dba9ecbafbad11,1625.97,63.91,6.476406143,54000,54000
0d58c5978ebdc50c4cd72d9a39dba9ecbafbad11,1637.50,64.47,6.508720019,54000,54000
0d58c5978ebdc50c4cd72d9a39dba9ecbafbad11,1640.27,64.27,6.551385277,54000,55000
0d58c5978ebdc50c4cd72d9a39dba9ecbafbad11,1634.62,64.17,6.503164704,54000,54000
0d58c5978ebdc50c4cd72d9a39dba9ecbafbad11,1638.37,64.43,6.522956604,55000,54000
0d58c5978ebdc50c4cd72d9a39dba9ecbafbad11,1618.46,63.84,6.451014360,54000,54000
0d58c5978ebdc50c4cd72d9a39dba9ecbafbad11,1638.87,64.42,6.527887171,54000,54000
0d58c5978ebdc50c4cd72d9a39dba9ecbafbad11,1618.95,63.86,6.440226457,55000,54000
0d58c5978ebdc50c4cd72d9a39dba9ecbafbad11,1640.91,64.80,6.542108182,54000,54000
0d58c5978ebdc50c4cd72d9a39dba9ecbafbad11,1625.09,64.12,6.484547049,54000,54000
0d58c5978ebdc50c4cd72d9a39dba9ecbafbad11,1624.84,64.11,6.460420810,54000,54000
0d58c5978ebdc50c4cd72d9a39dba9ecbafbad11,1679.83,66.43,6.702141523,54000,54000
0d58c5978ebdc50c4cd72d9a39dba9ecbafbad11,1611.38,63.53,6.415700238,54000,55000
0d58c5978ebdc50c4cd72d9a39dba9ecbafbad11,1638.02,64.33,6.508155319,54000,54000
0d58c5978ebdc50c4cd72d9a39dba9ecbafbad11,1616.37,63.78,6.434498721,55000,55000
0d58c5978ebdc50c4cd72d9a39dba9ecbafbad11,1621.37,63.92,6.462463056,54000,55000
0d58c5978ebdc50c4cd72d9a39dba9ecbafbad11,1643.06,64.74,6.536004436,55000,54000
0d58c5978ebdc50c4cd72d9a39dba9ecbafbad11,1641.54,64.83,6.531858587,54000,54000
0d58c5978ebdc50c4cd72d9a39dba9ecbafbad11,1632.94,64.40,6.503398848,54000,54000
0d58c5978ebdc50c4cd72d9a39dba9ecbafbad11,1656.93,65.25,6.600831209,54000,53000
f1cb24e35449a41df1815be15223606ce6fcd24d,1624.07,64.07,6.483854791,56000,55000
f1cb24e35449a41df1815be15223606ce6fcd24d,1645.50,64.81,6.552850897,54000,55000
f1cb24e35449a41df1815be15223606ce6fcd24d,1626.89,64.08,6.491243860,54000,54000
f1cb24e35449a41df1815be15223606ce6fcd24d,1626.01,64.04,6.467139647,54000,54000
f1cb24e35449a41df1815be15223606ce6fcd24d,1605.57,63.14,6.392909202,53000,54000
f1cb24e35449a41df1815be15223606ce6fcd24d,1612.64,63.37,6.429178647,54000,54000
f1cb24e35449a41df1815be15223606ce6fcd24d,1606.92,63.11,6.395459380,54000,55000
f1cb24e35449a41df1815be15223606ce6fcd24d,1609.36,63.45,6.409432726,54000,54000
f1cb24e35449a41df1815be15223606ce6fcd24d,1634.26,64.38,6.519584575,54000,54000
f1cb24e35449a41df1815be15223606ce6fcd24d,1603.46,62.95,6.381612898,54000,54000
f1cb24e35449a41df1815be15223606ce6fcd24d,1631.52,63.95,6.479928183,54000,54000
f1cb24e35449a41df1815be15223606ce6fcd24d,1619.86,63.76,6.452654177,54000,54000
f1cb24e35449a41df1815be15223606ce6fcd24d,1628.07,64.08,6.496006482,55000,54000
f1cb24e35449a41df1815be15223606ce6fcd24d,1623.87,64.02,6.469248347,54000,54000
f1cb24e35449a41df1815be15223606ce6fcd24d,1627.11,64.03,6.469229053,55000,54000
f1cb24e35449a41df1815be15223606ce6fcd24d,1630.96,64.09,6.479462049,54000,54000
f1cb24e35449a41df1815be15223606ce6fcd24d,1633.91,64.32,6.499938889,54000,54000
f1cb24e35449a41df1815be15223606ce6fcd24d,1609.24,63.28,6.409740794,54000,54000
f1cb24e35449a41df1815be15223606ce6fcd24d,1618.06,63.73,6.452554378,54000,54000
f1cb24e35449a41df1815be15223606ce6fcd24d,1609.50,63.38,6.399488752,54000,54000
f1cb24e35449a41df1815be15223606ce6fcd24d,1616.10,63.68,6.435513723,53000,54000
f1cb24e35449a41df1815be15223606ce6fcd24d,1623.72,63.91,6.458174132,55000,54000
f1cb24e35449a41df1815be15223606ce6fcd24d,1611.73,63.77,6.419311245,54000,54000
f1cb24e35449a41df1815be15223606ce6fcd24d,1631.87,64.39,6.498168504,55000,54000
f1cb24e35449a41df1815be15223606ce6fcd24d,1611.61,63.62,6.418698478,54000,54000
f1cb24e35449a41df1815be15223606ce6fcd24d,1640.16,64.70,6.524938037,54000,54000
f1cb24e35449a41df1815be15223606ce6fcd24d,1630.23,64.45,6.502332895,55000,55000
f1cb24e35449a41df1815be15223606ce6fcd24d,1617.82,63.95,6.444986435,54000,55000
f1cb24e35449a41df1815be15223606ce6fcd24d,1620.92,63.89,6.460990503,55000,55000
f1cb24e35449a41df1815be15223606ce6fcd24d,1647.27,65.02,6.555741987,55000,54000
c80f3ecaf660422ef0f3c7eda724f86beddbd09b,1636.29,64.39,6.510597036,55000,55000
c80f3ecaf660422ef0f3c7eda724f86beddbd09b,1629.35,64.49,6.494193467,55000,56000
c80f3ecaf660422ef0f3c7eda724f86beddbd09b,1614.63,63.46,6.426697419,54000,54000
c80f3ecaf660422ef0f3c7eda724f86beddbd09b,1642.21,64.76,6.546909944,54000,54000
c80f3ecaf660422ef0f3c7eda724f86beddbd09b,1655.64,65.09,6.589099489,53000,54000
c80f3ecaf660422ef0f3c7eda724f86beddbd09b,1622.09,63.77,6.466453894,54000,54000
c80f3ecaf660422ef0f3c7eda724f86beddbd09b,1626.21,64.09,6.474440904,54000,54000
c80f3ecaf660422ef0f3c7eda724f86beddbd09b,1655.55,65.04,6.615803669,54000,54000
c80f3ecaf660422ef0f3c7eda724f86beddbd09b,1654.04,65.12,6.586445020,54000,54000
c80f3ecaf660422ef0f3c7eda724f86beddbd09b,1635.86,64.18,6.525098890,54000,54000
c80f3ecaf660422ef0f3c7eda724f86beddbd09b,1639.32,64.71,6.527839641,54000,55000
c80f3ecaf660422ef0f3c7eda724f86beddbd09b,1641.20,64.45,6.536071611,54000,54000
c80f3ecaf660422ef0f3c7eda724f86beddbd09b,1617.30,63.70,6.444361735,55000,55000
c80f3ecaf660422ef0f3c7eda724f86beddbd09b,1637.21,64.62,6.538403349,54000,54000
c80f3ecaf660422ef0f3c7eda724f86beddbd09b,1637.99,64.66,6.518213074,55000,54000
c80f3ecaf660422ef0f3c7eda724f86beddbd09b,1625.27,64.10,6.470404609,54000,54000
c80f3ecaf660422ef0f3c7eda724f86beddbd09b,1627.78,64.08,6.482089563,54000,54000
c80f3ecaf660422ef0f3c7eda724f86beddbd09b,1642.27,64.73,6.541367696,54000,54000
c80f3ecaf660422ef0f3c7eda724f86beddbd09b,1610.96,63.49,6.413218725,54000,54000
c80f3ecaf660422ef0f3c7eda724f86beddbd09b,1652.62,65.33,6.582216375,55000,54000
c80f3ecaf660422ef0f3c7eda724f86beddbd09b,1638.16,64.40,6.516706065,54000,54000
c80f3ecaf660422ef0f3c7eda724f86beddbd09b,1645.64,64.84,6.549452362,54000,54000
c80f3ecaf660422ef0f3c7eda724f86beddbd09b,1630.07,64.44,6.495725869,55000,54000
c80f3ecaf660422ef0f3c7eda724f86beddbd09b,1649.15,65.24,6.560239001,54000,54000
c80f3ecaf660422ef0f3c7eda724f86beddbd09b,1624.32,64.13,6.465885231,54000,55000
c80f3ecaf660422ef0f3c7eda724f86beddbd09b,1643.91,64.98,6.541293455,55000,54000
c80f3ecaf660422ef0f3c7eda724f86beddbd09b,1637.17,64.79,6.512522744,55000,54000
c80f3ecaf660422ef0f3c7eda724f86beddbd09b,1611.13,63.37,6.420698963,55000,55000
c80f3ecaf660422ef0f3c7eda724f86beddbd09b,1633.40,64.39,6.500081055,54000,55000
c80f3ecaf660422ef0f3c7eda724f86beddbd09b,1630.06,63.81,6.486930730,55000,55000
53cd9ff9f6030d908c158be646f62a99137b09e1,1620.94,64.02,6.444721950,54000,55000
53cd9ff9f6030d908c158be646f62a99137b09e1,1636.68,64.44,6.536555840,54000,54000
53cd9ff9f6030d908c158be646f62a99137b09e1,1652.49,64.89,6.578179114,54000,54000
53cd9ff9f6030d908c158be646f62a99137b09e1,1649.64,64.79,6.572544720,54000,54000
53cd9ff9f6030d908c158be646f62a99137b09e1,1648.72,65.09,6.561956368,54000,54000
53cd9ff9f6030d908c158be646f62a99137b09e1,1644.05,64.73,6.536190438,54000,54000
53cd9ff9f6030d908c158be646f62a99137b09e1,1626.45,63.95,6.470545086,54000,54000
53cd9ff9f6030d908c158be646f62a99137b09e1,1640.98,64.92,6.523336155,55000,54000
53cd9ff9f6030d908c158be646f62a99137b09e1,1637.28,64.18,6.527511907,54000,54000
53cd9ff9f6030d908c158be646f62a99137b09e1,1632.46,64.02,6.507512201,54000,54000
53cd9ff9f6030d908c158be646f62a99137b09e1,1637.53,64.37,6.512001402,54000,54000
53cd9ff9f6030d908c158be646f62a99137b09e1,1627.17,63.89,6.462481730,54000,54000
53cd9ff9f6030d908c158be646f62a99137b09e1,1631.52,64.25,6.499779757,54000,54000
53cd9ff9f6030d908c158be646f62a99137b09e1,1640.34,64.47,6.533577204,54000,54000
53cd9ff9f6030d908c158be646f62a99137b09e1,1628.04,64.14,6.485034997,55000,55000
53cd9ff9f6030d908c158be646f62a99137b09e1,1628.12,64.24,6.473732475,54000,54000
53cd9ff9f6030d908c158be646f62a99137b09e1,1636.84,64.51,6.506599724,54000,55000
53cd9ff9f6030d908c158be646f62a99137b09e1,1649.07,65.10,6.564036847,55000,55000
53cd9ff9f6030d908c158be646f62a99137b09e1,1612.63,63.66,6.425052147,54000,54000
53cd9ff9f6030d908c158be646f62a99137b09e1,1626.53,63.97,6.465512951,54000,55000
53cd9ff9f6030d908c158be646f62a99137b09e1,1623.41,64.12,6.442637109,54000,54000
53cd9ff9f6030d908c158be646f62a99137b09e1,1640.20,64.69,6.524661709,54000,54000
53cd9ff9f6030d908c158be646f62a99137b09e1,1638.58,64.84,6.499132104,56000,55000
53cd9ff9f6030d908c158be646f62a99137b09e1,1632.39,64.54,6.498906324,54000,55000
53cd9ff9f6030d908c158be646f62a99137b09e1,1653.18,65.42,6.574659985,55000,55000
53cd9ff9f6030d908c158be646f62a99137b09e1,1650.89,65.04,6.576296731,55000,55000
53cd9ff9f6030d908c158be646f62a99137b09e1,1632.04,64.51,6.496786051,54000,54000
53cd9ff9f6030d908c158be646f62a99137b09e1,1613.81,63.68,6.424815964,54000,54000
53cd9ff9f6030d908c158be646f62a99137b09e1,1638.61,64.52,6.519265040,54000,54000
53cd9ff9f6030d908c158be646f62a99137b09e1,1652.44,64.89,6.589769818,54000,54000
c8a99877104a7cb7d1acc663e618487e49a14d34,1626.14,64.16,6.463927192,55000,54000
c8a99877104a7cb7d1acc663e618487e49a14d34,1650.86,64.99,6.580213915,54000,54000
c8a99877104a7cb7d1acc663e618487e49a14d34,1636.28,64.56,6.505114798,53000,54000
c8a99877104a7cb7d1acc663e618487e49a14d34,1647.26,64.98,6.554947978,55000,55000
c8a99877104a7cb7d1acc663e618487e49a14d34,1636.11,64.31,6.510378463,54000,54000
c8a99877104a7cb7d1acc663e618487e49a14d34,1636.70,64.56,6.520470353,54000,54000
c8a99877104a7cb7d1acc663e618487e49a14d34,1606.63,63.06,6.416008722,54000,55000
c8a99877104a7cb7d1acc663e618487e49a14d34,1633.67,64.51,6.504296183,55000,55000
c8a99877104a7cb7d1acc663e618487e49a14d34,1632.53,64.44,6.498878448,54000,55000
c8a99877104a7cb7d1acc663e618487e49a14d34,1642.04,64.67,6.529541313,54000,54000
c8a99877104a7cb7d1acc663e618487e49a14d34,1626.24,64.03,6.467725406,55000,54000
c8a99877104a7cb7d1acc663e618487e49a14d34,1619.22,63.89,6.453036193,54000,55000
c8a99877104a7cb7d1acc663e618487e49a14d34,1636.73,64.20,6.523980280,54000,54000
c8a99877104a7cb7d1acc663e618487e49a14d34,1611.95,63.43,6.416372884,54000,54000
c8a99877104a7cb7d1acc663e618487e49a14d34,1638.05,64.36,6.514816566,54000,54000
c8a99877104a7cb7d1acc663e618487e49a14d34,1666.75,65.78,6.643342328,54000,54000
c8a99877104a7cb7d1acc663e618487e49a14d34,1629.28,64.27,6.484718615,54000,54000
c8a99877104a7cb7d1acc663e618487e49a14d34,1661.16,65.36,6.611936114,55000,54000
c8a99877104a7cb7d1acc663e618487e49a14d34,1640.87,64.51,6.536856514,54000,55000
c8a99877104a7cb7d1acc663e618487e49a14d34,1627.06,64.45,6.476259944,54000,54000
c8a99877104a7cb7d1acc663e618487e49a14d34,1625.90,64.19,6.475727316,54000,54000
c8a99877104a7cb7d1acc663e618487e49a14d34,1626.40,64.10,6.478437911,54000,54000
c8a99877104a7cb7d1acc663e618487e49a14d34,1627.18,64.32,6.467801401,55000,54000
c8a99877104a7cb7d1acc663e618487e49a14d34,1634.78,64.65,6.507013590,54000,54000
c8a99877104a7cb7d1acc663e618487e49a14d34,1640.08,64.65,6.538305910,54000,55000
c8a99877104a7cb7d1acc663e618487e49a14d34,1641.90,65.17,6.524922394,55000,54000
c8a99877104a7cb7d1acc663e618487e49a14d34,1634.21,64.62,6.513815509,54000,54000
c8a99877104a7cb7d1acc663e618487e49a14d34,1639.41,64.58,6.526266240,54000,55000
c8a99877104a7cb7d1acc663e618487e49a14d34,1629.79,64.40,6.485154612,54000,55000
c8a99877104a7cb7d1acc663e618487e49a14d34,1643.49,64.96,6.533560178,55000,54000
89eddcfa07dab6e0c82abe26889edf22948e01b6,1620.78,64.37,6.505076366,56000,55000
89eddcfa07dab6e0c82abe26889edf22948e01b6,1635.54,64.64,6.513545921,55000,55000
89eddcfa07dab6e0c82abe26889edf22948e01b6,1630.44,64.41,6.498171657,54000,54000
89eddcfa07dab6e0c82abe26889edf22948e01b6,1643.39,64.83,6.535204524,54000,54000
89eddcfa07dab6e0c82abe26889edf22948e01b6,1650.27,64.97,6.573614739,55000,54000
89eddcfa07dab6e0c82abe26889edf22948e01b6,1646.46,65.11,6.550794009,54000,54000
89eddcfa07dab6e0c82abe26889edf22948e01b6,1639.76,64.73,6.531711249,55000,55000
89eddcfa07dab6e0c82abe26889edf22948e01b6,1639.65,64.57,6.530515518,54000,54000
89eddcfa07dab6e0c82abe26889edf22948e01b6,1646.42,65.18,6.538853212,54000,54000
89eddcfa07dab6e0c82abe26889edf22948e01b6,1642.12,64.67,6.528339917,54000,54000
89eddcfa07dab6e0c82abe26889edf22948e01b6,1663.47,65.73,6.609799523,54000,54000
89eddcfa07dab6e0c82abe26889edf22948e01b6,1637.55,64.52,6.521350063,54000,54000
89eddcfa07dab6e0c82abe26889edf22948e01b6,1645.51,65.01,6.550090775,54000,53000
89eddcfa07dab6e0c82abe26889edf22948e01b6,1661.63,65.82,6.598925527,54000,54000
89eddcfa07dab6e0c82abe26889edf22948e01b6,1670.56,65.77,6.643649610,54000,54000
89eddcfa07dab6e0c82abe26889edf22948e01b6,1670.60,66.02,6.630028402,55000,54000
89eddcfa07dab6e0c82abe26889edf22948e01b6,1659.92,65.73,6.594062666,54000,54000
89eddcfa07dab6e0c82abe26889edf22948e01b6,1635.37,64.55,6.508898374,54000,54000
89eddcfa07dab6e0c82abe26889edf22948e01b6,1638.31,64.75,6.509696152,55000,54000
89eddcfa07dab6e0c82abe26889edf22948e01b6,1628.45,64.53,6.474606007,54000,54000
89eddcfa07dab6e0c82abe26889edf22948e01b6,1631.82,64.44,6.483589794,54000,55000
89eddcfa07dab6e0c82abe26889edf22948e01b6,1670.87,66.14,6.637861341,55000,54000
89eddcfa07dab6e0c82abe26889edf22948e01b6,1637.92,64.70,6.518355266,54000,54000
89eddcfa07dab6e0c82abe26889edf22948e01b6,1642.75,64.89,6.521359771,54000,54000
89eddcfa07dab6e0c82abe26889edf22948e01b6,1635.18,64.45,6.511177838,55000,55000
89eddcfa07dab6e0c82abe26889edf22948e01b6,1671.17,66.22,6.638787521,54000,55000
89eddcfa07dab6e0c82abe26889edf22948e01b6,1656.75,65.52,6.584452778,55000,55000
89eddcfa07dab6e0c82abe26889edf22948e01b6,1633.38,64.70,6.510042341,56000,55000
89eddcfa07dab6e0c82abe26889edf22948e01b6,1639.45,64.88,6.527779987,54000,54000
89eddcfa07dab6e0c82abe26889edf22948e01b6,1624.48,63.98,6.467270569,54000,54000
3ae1880c7f7e2e362811f2f70c26a04514b7e22e,1623.82,63.62,6.457943515,54000,54000
3ae1880c7f7e2e362811f2f70c26a04514b7e22e,1651.52,64.94,6.582944359,54000,54000
3ae1880c7f7e2e362811f2f70c26a04514b7e22e,1614.39,63.76,6.415523236,54000,54000
3ae1880c7f7e2e362811f2f70c26a04514b7e22e,1659.37,65.21,6.600065258,54000,54000
3ae1880c7f7e2e362811f2f70c26a04514b7e22e,1624.96,63.81,6.471124024,55000,54000
3ae1880c7f7e2e362811f2f70c26a04514b7e22e,1618.25,63.48,6.450078210,54000,54000
3ae1880c7f7e2e362811f2f70c26a04514b7e22e,1630.62,64.17,6.495382254,54000,54000
3ae1880c7f7e2e362811f2f70c26a04514b7e22e,1634.60,64.21,6.508648301,55000,54000
3ae1880c7f7e2e362811f2f70c26a04514b7e22e,1638.04,64.69,6.525366652,54000,55000
3ae1880c7f7e2e362811f2f70c26a04514b7e22e,1641.85,64.94,6.544187268,54000,54000
3ae1880c7f7e2e362811f2f70c26a04514b7e22e,1626.39,64.09,6.473605094,54000,55000
3ae1880c7f7e2e362811f2f70c26a04514b7e22e,1668.51,66.04,6.634933097,54000,54000
3ae1880c7f7e2e362811f2f70c26a04514b7e22e,1644.74,64.91,6.571952353,55000,54000
3ae1880c7f7e2e362811f2f70c26a04514b7e22e,1639.01,64.68,6.521242167,54000,54000
3ae1880c7f7e2e362811f2f70c26a04514b7e22e,1637.11,64.35,6.517927220,54000,54000
3ae1880c7f7e2e362811f2f70c26a04514b7e22e,1628.21,64.11,6.484196388,54000,54000
3ae1880c7f7e2e362811f2f70c26a04514b7e22e,1621.73,63.87,6.466687173,54000,54000
3ae1880c7f7e2e362811f2f70c26a04514b7e22e,1631.53,64.51,6.492669674,54000,54000
3ae1880c7f7e2e362811f2f70c26a04514b7e22e,1640.44,64.56,6.535821143,55000,54000
3ae1880c7f7e2e362811f2f70c26a04514b7e22e,1627.62,64.13,6.475262315,54000,54000
3ae1880c7f7e2e362811f2f70c26a04514b7e22e,1642.27,64.91,6.536509186,54000,54000
3ae1880c7f7e2e362811f2f70c26a04514b7e22e,1625.38,64.11,6.479314974,54000,54000
3ae1880c7f7e2e362811f2f70c26a04514b7e22e,1638.23,64.36,6.519824763,55000,55000
3ae1880c7f7e2e362811f2f70c26a04514b7e22e,1644.73,65.00,6.530550158,55000,55000
3ae1880c7f7e2e362811f2f70c26a04514b7e22e,1631.90,64.45,6.485994532,55000,55000
3ae1880c7f7e2e362811f2f70c26a04514b7e22e,1636.12,64.45,6.512296228,54000,54000
3ae1880c7f7e2e362811f2f70c26a04514b7e22e,1621.84,63.98,6.463991511,55000,55000
3ae1880c7f7e2e362811f2f70c26a04514b7e22e,1627.01,64.21,6.496504174,56000,55000
3ae1880c7f7e2e362811f2f70c26a04514b7e22e,1621.32,64.04,6.461759720,54000,54000
3ae1880c7f7e2e362811f2f70c26a04514b7e22e,1643.27,65.04,6.542027497,55000,54000
23262b9e79da43a30d7990e14b36db18a5119fde,1643.12,64.66,6.545079508,56000,56000
23262b9e79da43a30d7990e14b36db18a5119fde,1619.94,63.72,6.461741206,54000,54000
23262b9e79da43a30d7990e14b36db18a5119fde,1635.25,64.54,6.508443563,54000,54000
23262b9e79da43a30d7990e14b36db18a5119fde,1614.83,63.42,6.436736839,54000,54000
23262b9e79da43a30d7990e14b36db18a5119fde,1621.83,63.72,6.460335938,54000,54000
23262b9e79da43a30d7990e14b36db18a5119fde,1611.44,63.35,6.420479499,54000,54000
23262b9e79da43a30d7990e14b36db18a5119fde,1620.63,63.48,6.456053874,54000,54000
23262b9e79da43a30d7990e14b36db18a5119fde,1631.02,64.02,6.492580188,54000,54000
23262b9e79da43a30d7990e14b36db18a5119fde,1634.43,64.12,6.508006810,54000,55000
23262b9e79da43a30d7990e14b36db18a5119fde,1620.54,63.50,6.461623739,54000,54000
23262b9e79da43a30d7990e14b36db18a5119fde,1634.28,64.20,6.498500397,54000,54000
23262b9e79da43a30d7990e14b36db18a5119fde,1645.75,64.61,6.547466490,54000,54000
23262b9e79da43a30d7990e14b36db18a5119fde,1630.67,64.11,6.478168005,55000,54000
23262b9e79da43a30d7990e14b36db18a5119fde,1642.64,64.87,6.540500274,54000,54000
23262b9e79da43a30d7990e14b36db18a5119fde,1624.61,63.93,6.465984788,54000,54000
23262b9e79da43a30d7990e14b36db18a5119fde,1613.47,63.37,6.430231282,54000,55000
23262b9e79da43a30d7990e14b36db18a5119fde,1626.79,64.16,6.481240894,54000,54000
23262b9e79da43a30d7990e14b36db18a5119fde,1627.60,64.06,6.471981999,54000,55000
23262b9e79da43a30d7990e14b36db18a5119fde,1643.96,64.95,6.546612350,55000,54000
23262b9e79da43a30d7990e14b36db18a5119fde,1630.13,64.22,6.483876107,55000,54000
23262b9e79da43a30d7990e14b36db18a5119fde,1628.79,64.28,6.485578682,54000,54000
23262b9e79da43a30d7990e14b36db18a5119fde,1657.93,65.44,6.589440690,55000,54000
23262b9e79da43a30d7990e14b36db18a5119fde,1646.97,65.54,6.548107693,54000,54000
23262b9e79da43a30d7990e14b36db18a5119fde,1648.14,65.33,6.561868464,54000,55000
23262b9e79da43a30d7990e14b36db18a5119fde,1646.22,64.93,6.561271233,55000,54000
23262b9e79da43a30d7990e14b36db18a5119fde,1673.77,66.47,6.672928497,55000,54000
23262b9e79da43a30d7990e14b36db18a5119fde,1613.35,63.78,6.429264005,54000,54000
23262b9e79da43a30d7990e14b36db18a5119fde,1624.54,64.23,6.476198537,54000,54000
23262b9e79da43a30d7990e14b36db18a5119fde,1637.70,64.57,6.523467868,55000,55000
23262b9e79da43a30d7990e14b36db18a5119fde,1622.29,63.91,6.465398563,55000,54000
81b3b7e19397de25a60f6b849dd6337dac189df4,1634.21,64.52,6.537452674,55000,55000
81b3b7e19397de25a60f6b849dd6337dac189df4,1619.34,63.52,6.456714156,56000,56000
81b3b7e19397de25a60f6b849dd6337dac189df4,1644.56,64.92,6.551957475,56000,55000
81b3b7e19397de25a60f6b849dd6337dac189df4,1627.47,64.11,6.484109813,54000,56000
81b3b7e19397de25a60f6b849dd6337dac189df4,1641.10,64.73,6.530191476,54000,54000
81b3b7e19397de25a60f6b849dd6337dac189df4,1619.39,63.51,6.447680329,54000,55000
81b3b7e19397de25a60f6b849dd6337dac189df4,1630.40,64.27,6.492549040,54000,54000
81b3b7e19397de25a60f6b849dd6337dac189df4,1643.39,64.60,6.538316220,54000,54000
81b3b7e19397de25a60f6b849dd6337dac189df4,1643.54,64.77,6.533042767,54000,54000
81b3b7e19397de25a60f6b849dd6337dac189df4,1651.96,65.01,6.579115156,54000,55000
81b3b7e19397de25a60f6b849dd6337dac189df4,1621.53,63.73,6.454659973,54000,55000
81b3b7e19397de25a60f6b849dd6337dac189df4,1641.80,64.77,6.527157059,55000,55000
81b3b7e19397de25a60f6b849dd6337dac189df4,1632.80,64.06,6.478242965,54000,54000
81b3b7e19397de25a60f6b849dd6337dac189df4,1642.23,64.56,6.535708890,54000,54000
81b3b7e19397de25a60f6b849dd6337dac189df4,1637.78,64.27,6.513247039,54000,55000
81b3b7e19397de25a60f6b849dd6337dac189df4,1615.08,63.35,6.426176114,54000,54000
81b3b7e19397de25a60f6b849dd6337dac189df4,1624.51,63.52,6.458627634,54000,54000
81b3b7e19397de25a60f6b849dd6337dac189df4,1620.85,63.63,6.457022013,54000,54000
81b3b7e19397de25a60f6b849dd6337dac189df4,1641.28,64.46,6.535074181,54000,54000
81b3b7e19397de25a60f6b849dd6337dac189df4,1635.30,64.34,6.503940818,54000,54000
81b3b7e19397de25a60f6b849dd6337dac189df4,1634.17,64.18,6.511732827,54000,54000
81b3b7e19397de25a60f6b849dd6337dac189df4,1627.87,64.12,6.484847163,54000,55000
81b3b7e19397de25a60f6b849dd6337dac189df4,1648.35,64.94,6.565376851,54000,55000
81b3b7e19397de25a60f6b849dd6337dac189df4,1642.18,65.15,6.526063354,56000,55000
81b3b7e19397de25a60f6b849dd6337dac189df4,1641.48,64.94,6.535146111,54000,55000
81b3b7e19397de25a60f6b849dd6337dac189df4,1646.54,64.97,6.558903621,54000,55000
81b3b7e19397de25a60f6b849dd6337dac189df4,1613.06,63.52,6.431278360,56000,54000
81b3b7e19397de25a60f6b849dd6337dac189df4,1626.36,63.99,6.480993857,56000,55000
81b3b7e19397de25a60f6b849dd6337dac189df4,1641.14,64.79,6.531366094,54000,55000
81b3b7e19397de25a60f6b849dd6337dac189df4,1642.21,64.89,6.544663623,54000,54000
9abeaacc1e74584ad05192ef1ea52bae93793dbc,1656.67,65.39,6.587989572,54000,54000
9abeaacc1e74584ad05192ef1ea52bae93793dbc,1638.79,64.93,6.524006777,54000,54000
9abeaacc1e74584ad05192ef1ea52bae93793dbc,1634.56,64.47,6.503778071,54000,54000
9abeaacc1e74584ad05192ef1ea52bae93793dbc,1649.15,64.97,6.559366805,54000,54000
9abeaacc1e74584ad05192ef1ea52bae93793dbc,1642.36,64.62,6.524085660,54000,54000
9abeaacc1e74584ad05192ef1ea52bae93793dbc,1640.03,64.42,6.526680633,54000,54000
9abeaacc1e74584ad05192ef1ea52bae93793dbc,1652.75,65.06,6.577262488,55000,54000
9abeaacc1e74584ad05192ef1ea52bae93793dbc,1652.61,65.41,6.569380511,54000,54000
9abeaacc1e74584ad05192ef1ea52bae93793dbc,1629.35,64.21,6.484329846,54000,55000
9abeaacc1e74584ad05192ef1ea52bae93793dbc,1640.89,64.60,6.526791553,54000,55000
9abeaacc1e74584ad05192ef1ea52bae93793dbc,1634.83,64.32,6.498008652,54000,54000
9abeaacc1e74584ad05192ef1ea52bae93793dbc,1642.14,64.42,6.529709763,54000,53000
9abeaacc1e74584ad05192ef1ea52bae93793dbc,1639.38,64.75,6.527811722,55000,55000
9abeaacc1e74584ad05192ef1ea52bae93793dbc,1646.68,65.06,6.545442346,56000,55000
9abeaacc1e74584ad05192ef1ea52bae93793dbc,1620.05,63.64,6.452392838,54000,55000
9abeaacc1e74584ad05192ef1ea52bae93793dbc,1671.99,66.23,6.660296167,54000,54000
9abeaacc1e74584ad05192ef1ea52bae93793dbc,1626.77,64.15,6.473569055,54000,54000
9abeaacc1e74584ad05192ef1ea52bae93793dbc,1642.35,64.65,6.526097148,55000,54000
9abeaacc1e74584ad05192ef1ea52bae93793dbc,1634.46,64.37,6.501169380,54000,55000
9abeaacc1e74584ad05192ef1ea52bae93793dbc,1660.14,65.56,6.597126122,55000,55000
9abeaacc1e74584ad05192ef1ea52bae93793dbc,1660.45,65.58,6.614998777,54000,54000
9abeaacc1e74584ad05192ef1ea52bae93793dbc,1628.70,64.37,6.474046753,56000,55000
9abeaacc1e74584ad05192ef1ea52bae93793dbc,1643.09,65.12,6.537821794,55000,54000
9abeaacc1e74584ad05192ef1ea52bae93793dbc,1634.01,64.68,6.511057054,55000,54000
9abeaacc1e74584ad05192ef1ea52bae93793dbc,1627.07,64.75,6.462953869,55000,54000
9abeaacc1e74584ad05192ef1ea52bae93793dbc,1644.43,64.99,6.560688543,54000,54000
9abeaacc1e74584ad05192ef1ea52bae93793dbc,1650.57,65.43,6.569516754,54000,54000
9abeaacc1e74584ad05192ef1ea52bae93793dbc,1645.06,64.93,6.554847136,55000,54000
9abeaacc1e74584ad05192ef1ea52bae93793dbc,1617.89,63.83,6.445388413,54000,54000
9abeaacc1e74584ad05192ef1ea52bae93793dbc,1643.44,64.78,6.563978389,54000,55000
af8b93548b9d425b248dba38d0493a4b69dedd7f,1656.01,65.31,6.610436172,55000,56000
af8b93548b9d425b248dba38d0493a4b69dedd7f,1635.44,64.25,6.500205206,54000,55000
af8b93548b9d425b248dba38d0493a4b69dedd7f,1639.21,64.78,6.527689125,54000,54000
af8b93548b9d425b248dba38d0493a4b69dedd7f,1651.86,65.10,6.580192592,54000,54000
af8b93548b9d425b248dba38d0493a4b69dedd7f,1638.98,64.57,6.524774075,54000,54000
af8b93548b9d425b248dba38d0493a4b69dedd7f,1635.70,64.59,6.497154011,54000,54000
af8b93548b9d425b248dba38d0493a4b69dedd7f,1621.70,63.88,6.444834066,54000,54000
af8b93548b9d425b248dba38d0493a4b69dedd7f,1618.58,63.56,6.438890576,54000,54000
af8b93548b9d425b248dba38d0493a4b69dedd7f,1648.67,64.85,6.561843297,54000,54000
af8b93548b9d425b248dba38d0493a4b69dedd7f,1644.66,64.80,6.542612773,54000,54000
af8b93548b9d425b248dba38d0493a4b69dedd7f,1624.04,64.09,6.466064488,54000,54000
af8b93548b9d425b248dba38d0493a4b69dedd7f,1642.26,64.72,6.533830099,54000,54000
af8b93548b9d425b248dba38d0493a4b69dedd7f,1662.44,65.48,6.623520078,54000,55000
af8b93548b9d425b248dba38d0493a4b69dedd7f,1631.09,64.23,6.485979981,54000,54000
af8b93548b9d425b248dba38d0493a4b69dedd7f,1651.07,65.11,6.569647481,54000,54000
af8b93548b9d425b248dba38d0493a4b69dedd7f,1614.86,63.65,6.435853120,54000,55000
af8b93548b9d425b248dba38d0493a4b69dedd7f,1639.98,64.83,6.522974153,54000,54000
af8b93548b9d425b248dba38d0493a4b69dedd7f,1636.24,64.71,6.514756095,54000,54000
af8b93548b9d425b248dba38d0493a4b69dedd7f,1659.20,65.62,6.589332356,55000,54000
af8b93548b9d425b248dba38d0493a4b69dedd7f,1653.77,65.36,6.575526738,55000,54000
af8b93548b9d425b248dba38d0493a4b69dedd7f,1640.24,64.64,6.511837860,54000,55000
af8b93548b9d425b248dba38d0493a4b69dedd7f,1650.42,65.19,6.573125815,54000,54000
af8b93548b9d425b248dba38d0493a4b69dedd7f,1633.78,64.30,6.499379314,54000,54000
af8b93548b9d425b248dba38d0493a4b69dedd7f,1624.13,64.44,6.461032360,56000,55000
af8b93548b9d425b248dba38d0493a4b69dedd7f,1642.34,65.15,6.542727798,54000,54000
af8b93548b9d425b248dba38d0493a4b69dedd7f,1629.68,64.26,6.484654688,54000,54000
af8b93548b9d425b248dba38d0493a4b69dedd7f,1647.64,65.02,6.560794195,55000,54000
af8b93548b9d425b248dba38d0493a4b69dedd7f,1621.58,64.19,6.446552295,55000,54000
af8b93548b9d425b248dba38d0493a4b69dedd7f,1673.63,66.36,6.655686916,54000,54000
af8b93548b9d425b248dba38d0493a4b69dedd7f,1629.05,64.34,6.479713397,54000,54000
93d23dc02c2ce6359988e5473a21eadc9db681b6,1640.24,64.79,6.530960105,56000,55000
93d23dc02c2ce6359988e5473a21eadc9db681b6,1661.10,65.46,6.604565228,54000,54000
93d23dc02c2ce6359988e5473a21eadc9db681b6,1639.58,64.48,6.526417256,54000,55000
93d23dc02c2ce6359988e5473a21eadc9db681b6,1649.05,64.89,6.560503883,54000,55000
93d23dc02c2ce6359988e5473a21eadc9db681b6,1649.95,65.17,6.576245103,55000,54000
93d23dc02c2ce6359988e5473a21eadc9db681b6,1624.78,63.94,6.467024063,54000,54000
93d23dc02c2ce6359988e5473a21eadc9db681b6,1634.19,64.41,6.503911081,54000,54000
93d23dc02c2ce6359988e5473a21eadc9db681b6,1636.12,64.33,6.519634506,55000,54000
93d23dc02c2ce6359988e5473a21eadc9db681b6,1618.67,63.49,6.437217477,54000,54000
93d23dc02c2ce6359988e5473a21eadc9db681b6,1641.73,64.76,6.535067213,54000,54000
93d23dc02c2ce6359988e5473a21eadc9db681b6,1657.36,65.24,6.598083589,54000,54000
93d23dc02c2ce6359988e5473a21eadc9db681b6,1631.21,64.11,6.488553547,54000,54000
93d23dc02c2ce6359988e5473a21eadc9db681b6,1624.85,63.92,6.461096163,54000,54000
93d23dc02c2ce6359988e5473a21eadc9db681b6,1612.49,63.59,6.417218613,54000,54000
93d23dc02c2ce6359988e5473a21eadc9db681b6,1611.98,63.44,6.414041600,54000,55000
93d23dc02c2ce6359988e5473a21eadc9db681b6,1610.93,63.72,6.410859373,54000,55000
93d23dc02c2ce6359988e5473a21eadc9db681b6,1649.48,64.93,6.556694566,54000,54000
93d23dc02c2ce6359988e5473a21eadc9db681b6,1612.51,63.57,6.414480574,54000,54000
93d23dc02c2ce6359988e5473a21eadc9db681b6,1627.33,64.00,6.468395385,54000,54000
93d23dc02c2ce6359988e5473a21eadc9db681b6,1644.04,64.85,6.553681826,54000,55000
93d23dc02c2ce6359988e5473a21eadc9db681b6,1643.08,64.76,6.536029602,54000,54000
93d23dc02c2ce6359988e5473a21eadc9db681b6,1633.19,64.56,6.507842886,55000,54000
93d23dc02c2ce6359988e5473a21eadc9db681b6,1626.03,64.27,6.481587154,54000,54000
93d23dc02c2ce6359988e5473a21eadc9db681b6,1641.20,64.83,6.530340526,55000,54000
93d23dc02c2ce6359988e5473a21eadc9db681b6,1615.71,63.88,6.432486830,55000,54000
93d23dc02c2ce6359988e5473a21eadc9db681b6,1622.24,64.05,6.455961779,55000,54000
93d23dc02c2ce6359988e5473a21eadc9db681b6,1626.29,64.22,6.482866958,54000,55000
93d23dc02c2ce6359988e5473a21eadc9db681b6,1604.22,63.11,6.388952099,54000,54000
93d23dc02c2ce6359988e5473a21eadc9db681b6,1619.73,63.69,6.442898864,54000,54000
93d23dc02c2ce6359988e5473a21eadc9db681b6,1632.13,64.38,6.501326549,54000,54000
018c34577e0d92bf70e5107d65a483730ebe0fcc,1621.11,64.10,6.455044496,54000,54000
018c34577e0d92bf70e5107d65a483730ebe0fcc,1624.55,63.72,6.473506365,54000,54000
018c34577e0d92bf70e5107d65a483730ebe0fcc,1624.40,63.96,6.458892339,54000,54000
018c34577e0d92bf70e5107d65a483730ebe0fcc,1621.46,63.81,6.449119463,54000,55000
018c34577e0d92bf70e5107d65a483730ebe0fcc,1640.95,64.37,6.542113648,54000,54000
018c34577e0d92bf70e5107d65a483730ebe0fcc,1630.63,63.97,6.512380160,55000,54000
018c34577e0d92bf70e5107d65a483730ebe0fcc,1656.99,65.50,6.597890160,54000,54000
018c34577e0d92bf70e5107d65a483730ebe0fcc,1621.10,63.84,6.461068216,54000,54000
018c34577e0d92bf70e5107d65a483730ebe0fcc,1632.21,64.31,6.507342162,54000,54000
018c34577e0d92bf70e5107d65a483730ebe0fcc,1644.21,64.86,6.549601353,54000,54000
018c34577e0d92bf70e5107d65a483730ebe0fcc,1626.37,63.83,6.467946720,54000,54000
018c34577e0d92bf70e5107d65a483730ebe0fcc,1649.68,64.88,6.568377968,54000,54000
018c34577e0d92bf70e5107d65a483730ebe0fcc,1635.05,64.43,6.505933146,54000,54000
018c34577e0d92bf70e5107d65a483730ebe0fcc,1621.52,63.76,6.456679852,55000,54000
018c34577e0d92bf70e5107d65a483730ebe0fcc,1610.34,63.11,6.418794465,54000,54000
018c34577e0d92bf70e5107d65a483730ebe0fcc,1615.41,63.43,6.438013918,54000,54000
018c34577e0d92bf70e5107d65a483730ebe0fcc,1627.17,64.16,6.468626002,54000,54000
018c34577e0d92bf70e5107d65a483730ebe0fcc,1640.25,64.47,6.523122990,54000,54000
018c34577e0d92bf70e5107d65a483730ebe0fcc,1614.90,63.66,6.427491438,54000,54000
018c34577e0d92bf70e5107d65a483730ebe0fcc,1640.78,64.65,6.536889504,55000,54000
018c34577e0d92bf70e5107d65a483730ebe0fcc,1638.53,64.85,6.524782678,54000,54000
018c34577e0d92bf70e5107d65a483730ebe0fcc,1622.47,64.02,6.454846186,54000,54000
018c34577e0d92bf70e5107d65a483730ebe0fcc,1632.35,64.30,6.508359704,54000,54000
018c34577e0d92bf70e5107d65a483730ebe0fcc,1620.66,63.90,6.467105728,54000,54000
018c34577e0d92bf70e5107d65a483730ebe0fcc,1618.94,63.69,6.443860834,54000,54000
018c34577e0d92bf70e5107d65a483730ebe0fcc,1626.61,64.25,6.471832283,54000,54000
018c34577e0d92bf70e5107d65a483730ebe0fcc,1642.12,64.99,6.525724690,55000,55000
018c34577e0d92bf70e5107d65a483730ebe0fcc,1621.87,63.65,6.462035344,55000,55000
018c34577e0d92bf70e5107d65a483730ebe0fcc,1620.09,63.92,6.459971436,56000,54000
018c34577e0d92bf70e5107d65a483730ebe0fcc,1629.43,64.52,6.492006133,54000,54000
f909956b4921f6f95f613dac2b39f411387a740d,1626.77,64.24,6.493110322,56000,55000
f909956b4921f6f95f613dac2b39f411387a740d,1627.10,64.06,6.502715774,55000,56000
f909956b4921f6f95f613dac2b39f411387a740d,1623.01,63.87,6.464293788,54000,54000
f909956b4921f6f95f613dac2b39f411387a740d,1644.32,64.95,6.551342529,55000,54000
f909956b4921f6f95f613dac2b39f411387a740d,1649.99,64.98,6.566156791,55000,54000
f909956b4921f6f95f613dac2b39f411387a740d,1609.23,63.39,6.414384546,54000,55000
f909956b4921f6f95f613dac2b39f411387a740d,1650.23,65.17,6.570826547,55000,54000
f909956b4921f6f95f613dac2b39f411387a740d,1637.02,64.62,6.525903681,54000,55000
f909956b4921f6f95f613dac2b39f411387a740d,1642.57,64.66,6.547983494,54000,54000
f909956b4921f6f95f613dac2b39f411387a740d,1651.28,65.00,6.581015366,54000,54000
f909956b4921f6f95f613dac2b39f411387a740d,1639.34,64.77,6.532595827,54000,54000
f909956b4921f6f95f613dac2b39f411387a740d,1634.98,64.15,6.501767014,54000,54000
f909956b4921f6f95f613dac2b39f411387a740d,1642.79,64.65,6.536888294,54000,54000
f909956b4921f6f95f613dac2b39f411387a740d,1618.34,63.22,6.444609291,54000,55000
f909956b4921f6f95f613dac2b39f411387a740d,1670.49,65.93,6.663581871,54000,54000
f909956b4921f6f95f613dac2b39f411387a740d,1640.94,64.78,6.527698202,55000,54000
f909956b4921f6f95f613dac2b39f411387a740d,1619.06,63.79,6.456103660,54000,54000
f909956b4921f6f95f613dac2b39f411387a740d,1620.28,63.96,6.452349269,54000,54000
f909956b4921f6f95f613dac2b39f411387a740d,1659.77,65.57,6.598242995,54000,54000
f909956b4921f6f95f613dac2b39f411387a740d,1645.42,64.63,6.557307559,54000,54000
f909956b4921f6f95f613dac2b39f411387a740d,1629.66,64.36,6.482766863,54000,54000
f909956b4921f6f95f613dac2b39f411387a740d,1666.93,65.79,6.635519546,54000,54000
f909956b4921f6f95f613dac2b39f411387a740d,1653.96,65.42,6.584240415,54000,55000
f909956b4921f6f95f613dac2b39f411387a740d,1623.81,63.72,6.465356381,54000,54000
f909956b4921f6f95f613dac2b39f411387a740d,1619.72,63.82,6.457196972,54000,54000
f909956b4921f6f95f613dac2b39f411387a740d,1637.73,64.83,6.512104535,55000,54000
f909956b4921f6f95f613dac2b39f411387a740d,1627.66,64.07,6.475670737,54000,54000
f909956b4921f6f95f613dac2b39f411387a740d,1643.28,64.63,6.550278575,54000,55000
f909956b4921f6f95f613dac2b39f411387a740d,1651.06,65.18,6.580834851,54000,54000
f909956b4921f6f95f613dac2b39f411387a740d,1629.29,64.27,6.491755346,55000,54000
86d657fc3107fa62be5890178586188be6e1dd01,1635.11,64.61,6.515997881,55000,56000
86d657fc3107fa62be5890178586188be6e1dd01,1631.33,64.16,6.510070144,56000,55000
86d657fc3107fa62be5890178586188be6e1dd01,1632.36,64.30,6.506885164,54000,55000
86d657fc3107fa62be5890178586188be6e1dd01,1630.25,63.96,6.490386099,54000,54000
86d657fc3107fa62be5890178586188be6e1dd01,1610.77,63.39,6.409547319,54000,54000
86d657fc3107fa62be5890178586188be6e1dd01,1649.29,64.67,6.553657044,54000,54000
86d657fc3107fa62be5890178586188be6e1dd01,1627.62,63.85,6.480366303,54000,53000
86d657fc3107fa62be5890178586188be6e1dd01,1643.84,64.77,6.531706152,53000,55000
86d657fc3107fa62be5890178586188be6e1dd01,1660.81,65.58,6.629718303,54000,54000
86d657fc3107fa62be5890178586188be6e1dd01,1635.62,64.48,6.510752645,54000,54000
86d657fc3107fa62be5890178586188be6e1dd01,1644.47,64.74,6.548287420,54000,54000
86d657fc3107fa62be5890178586188be6e1dd01,1619.97,63.49,6.448197453,54000,54000
86d657fc3107fa62be5890178586188be6e1dd01,1657.39,65.35,6.606695450,54000,54000
86d657fc3107fa62be5890178586188be6e1dd01,1643.67,65.16,6.545132884,54000,54000
86d657fc3107fa62be5890178586188be6e1dd01,1625.07,63.54,6.477235462,54000,54000
86d657fc3107fa62be5890178586188be6e1dd01,1637.05,63.98,6.529501209,54000,54000
86d657fc3107fa62be5890178586188be6e1dd01,1638.13,64.60,6.515697018,54000,54000
86d657fc3107fa62be5890178586188be6e1dd01,1627.10,64.14,6.471550595,54000,55000
86d657fc3107fa62be5890178586188be6e1dd01,1629.80,63.98,6.484025803,54000,54000
86d657fc3107fa62be5890178586188be6e1dd01,1614.93,63.54,6.433166014,54000,55000
86d657fc3107fa62be5890178586188be6e1dd01,1625.88,64.07,6.469282422,54000,54000
86d657fc3107fa62be5890178586188be6e1dd01,1613.70,63.61,6.421268203,54000,54000
86d657fc3107fa62be5890178586188be6e1dd01,1635.86,64.63,6.501190422,55000,54000
86d657fc3107fa62be5890178586188be6e1dd01,1643.23,65.01,6.542848785,54000,54000
86d657fc3107fa62be5890178586188be6e1dd01,1613.04,63.42,6.429040523,54000,54000
86d657fc3107fa62be5890178586188be6e1dd01,1625.77,64.36,6.468706937,55000,55000
86d657fc3107fa62be5890178586188be6e1dd01,1624.80,64.04,6.456670044,55000,54000
86d657fc3107fa62be5890178586188be6e1dd01,1644.97,65.20,6.546341675,54000,54000
86d657fc3107fa62be5890178586188be6e1dd01,1633.59,64.53,6.504959546,54000,55000
86d657fc3107fa62be5890178586188be6e1dd01,1653.55,65.38,6.571453979,54000,54000
d002348fd66395413d846f324fcd879e4db2a488,1631.11,64.31,6.494620378,56000,56000
d002348fd66395413d846f324fcd879e4db2a488,1640.72,64.61,6.527404528,54000,54000
d002348fd66395413d846f324fcd879e4db2a488,1636.52,64.57,6.513663593,53000,54000
d002348fd66395413d846f324fcd879e4db2a488,1635.56,64.57,6.520632217,55000,54000
d002348fd66395413d846f324fcd879e4db2a488,1658.16,65.42,6.600206967,54000,54000
d002348fd66395413d846f324fcd879e4db2a488,1632.59,64.39,6.485812409,54000,54000
d002348fd66395413d846f324fcd879e4db2a488,1628.76,64.27,6.473619462,54000,54000
d002348fd66395413d846f324fcd879e4db2a488,1621.57,64.03,6.455954707,54000,54000
d002348fd66395413d846f324fcd879e4db2a488,1648.53,64.97,6.565260213,54000,54000
d002348fd66395413d846f324fcd879e4db2a488,1636.16,64.43,6.510566810,54000,54000
d002348fd66395413d846f324fcd879e4db2a488,1608.83,63.42,6.414361202,54000,54000
d002348fd66395413d846f324fcd879e4db2a488,1614.93,63.60,6.437170997,54000,54000
d002348fd66395413d846f324fcd879e4db2a488,1617.91,63.75,6.432633892,54000,54000
d002348fd66395413d846f324fcd879e4db2a488,1653.19,64.96,6.592673700,54000,54000
d002348fd66395413d846f324fcd879e4db2a488,1632.45,64.30,6.486665574,54000,54000
d002348fd66395413d846f324fcd879e4db2a488,1647.79,64.65,6.552841992,54000,54000
d002348fd66395413d846f324fcd879e4db2a488,1649.49,65.00,6.558376345,54000,54000
d002348fd66395413d846f324fcd879e4db2a488,1613.07,63.48,6.413619251,55000,55000
d002348fd66395413d846f324fcd879e4db2a488,1647.95,64.95,6.560078992,54000,54000
d002348fd66395413d846f324fcd879e4db2a488,1646.92,64.87,6.542984495,54000,55000
d002348fd66395413d846f324fcd879e4db2a488,1627.23,64.22,6.475158107,54000,54000
d002348fd66395413d846f324fcd879e4db2a488,1657.13,65.56,6.600518871,54000,54000
d002348fd66395413d846f324fcd879e4db2a488,1655.96,65.39,6.580038571,54000,54000
d002348fd66395413d846f324fcd879e4db2a488,1643.52,64.72,6.548683354,54000,55000
d002348fd66395413d846f324fcd879e4db2a488,1642.80,64.93,6.532509894,55000,55000
d002348fd66395413d846f324fcd879e4db2a488,1609.31,63.55,6.405600792,54000,54000
d002348fd66395413d846f324fcd879e4db2a488,1630.39,64.28,6.490134412,54000,55000
d002348fd66395413d846f324fcd879e4db2a488,1650.15,64.99,6.557046340,54000,54000
d002348fd66395413d846f324fcd879e4db2a488,1654.08,65.62,6.589478361,55000,54000
d002348fd66395413d846f324fcd879e4db2a488,1641.72,64.64,6.537240803,54000,55000
620ab41ec5506c170bc51e5d002428451f1819f7,1644.06,64.78,6.557096341,54000,54000
620ab41ec5506c170bc51e5d002428451f1819f7,1644.28,64.93,6.537432167,54000,54000
620ab41ec5506c170bc51e5d002428451f1819f7,1652.14,65.13,6.570120035,54000,54000
620ab41ec5506c170bc51e5d002428451f1819f7,1643.05,64.68,6.548067302,54000,54000
620ab41ec5506c170bc51e5d002428451f1819f7,1636.19,64.37,6.512245197,54000,54000
620ab41ec5506c170bc51e5d002428451f1819f7,1617.14,63.60,6.430290652,54000,54000
620ab41ec5506c170bc51e5d002428451f1819f7,1630.72,64.20,6.503395909,54000,54000
620ab41ec5506c170bc51e5d002428451f1819f7,1638.09,64.45,6.531022890,54000,54000
620ab41ec5506c170bc51e5d002428451f1819f7,1608.72,62.99,6.419519446,54000,54000
620ab41ec5506c170bc51e5d002428451f1819f7,1647.34,64.88,6.543881152,54000,54000
620ab41ec5506c170bc51e5d002428451f1819f7,1651.55,64.61,6.565136880,54000,54000
620ab41ec5506c170bc51e5d002428451f1819f7,1628.51,64.12,6.478350039,54000,54000
620ab41ec5506c170bc51e5d002428451f1819f7,1656.18,65.31,6.589837920,54000,54000
620ab41ec5506c170bc51e5d002428451f1819f7,1618.52,63.88,6.430743731,54000,54000
620ab41ec5506c170bc51e5d002428451f1819f7,1634.16,64.30,6.498085605,54000,55000
620ab41ec5506c170bc51e5d002428451f1819f7,1626.36,64.17,6.489699675,54000,54000
620ab41ec5506c170bc51e5d002428451f1819f7,1607.31,63.25,6.396858610,55000,54000
620ab41ec5506c170bc51e5d002428451f1819f7,1650.29,65.34,6.561605753,54000,54000
620ab41ec5506c170bc51e5d002428451f1819f7,1619.31,63.73,6.447123506,54000,54000
620ab41ec5506c170bc51e5d002428451f1819f7,1639.59,64.57,6.542406512,54000,54000
620ab41ec5506c170bc51e5d002428451f1819f7,1630.25,64.20,6.500743032,54000,54000
620ab41ec5506c170bc51e5d002428451f1819f7,1626.47,63.87,6.483874642,54000,54000
620ab41ec5506c170bc51e5d002428451f1819f7,1613.80,63.39,6.434034935,54000,54000
620ab41ec5506c170bc51e5d002428451f1819f7,1656.70,65.52,6.590128073,54000,55000
620ab41ec5506c170bc51e5d002428451f1819f7,1633.32,64.37,6.503813347,55000,54000
620ab41ec5506c170bc51e5d002428451f1819f7,1635.41,64.60,6.515668254,54000,54000
620ab41ec5506c170bc51e5d002428451f1819f7,1622.17,63.87,6.455313856,54000,56000
620ab41ec5506c170bc51e5d002428451f1819f7,1648.13,64.82,6.572314915,55000,55000
620ab41ec5506c170bc51e5d002428451f1819f7,1609.34,63.22,6.415543794,54000,54000
620ab41ec5506c170bc51e5d002428451f1819f7,1633.21,64.16,6.505243925,54000,54000
97846506cf4a3382f7c74e3f42034c7099a0203a,1647.92,65.10,6.561034929,56000,56000
97846506cf4a3382f7c74e3f42034c7099a0203a,1644.18,64.71,6.549852648,56000,55000
97846506cf4a3382f7c74e3f42034c7099a0203a,1627.19,64.04,6.484291239,55000,55000
97846506cf4a3382f7c74e3f42034c7099a0203a,1638.44,64.50,6.526101129,54000,54000
97846506cf4a3382f7c74e3f42034c7099a0203a,1648.82,64.89,6.562289937,54000,54000
97846506cf4a3382f7c74e3f42034c7099a0203a,1638.95,64.67,6.526519598,54000,54000
97846506cf4a3382f7c74e3f42034c7099a0203a,1625.34,63.65,6.475449662,54000,54000
97846506cf4a3382f7c74e3f42034c7099a0203a,1620.93,63.79,6.440455585,54000,54000
97846506cf4a3382f7c74e3f42034c7099a0203a,1644.62,64.69,6.563478960,54000,54000
97846506cf4a3382f7c74e3f42034c7099a0203a,1641.79,64.85,6.535889424,54000,54000
97846506cf4a3382f7c74e3f42034c7099a0203a,1639.25,64.44,6.519295020,54000,54000
97846506cf4a3382f7c74e3f42034c7099a0203a,1621.44,64.05,6.455563133,54000,54000
97846506cf4a3382f7c74e3f42034c7099a0203a,1620.72,63.73,6.447936392,54000,54000
97846506cf4a3382f7c74e3f42034c7099a0203a,1631.16,64.15,6.484269796,54000,55000
97846506cf4a3382f7c74e3f42034c7099a0203a,1621.47,63.68,6.471138630,54000,54000
97846506cf4a3382f7c74e3f42034c7099a0203a,1643.39,64.70,6.543072587,54000,54000
97846506cf4a3382f7c74e3f42034c7099a0203a,1648.43,64.92,6.560553847,54000,53000
97846506cf4a3382f7c74e3f42034c7099a0203a,1643.42,64.62,6.534176202,54000,54000
97846506cf4a3382f7c74e3f42034c7099a0203a,1634.46,64.21,6.500848969,54000,55000
97846506cf4a3382f7c74e3f42034c7099a0203a,1622.68,64.04,6.456966273,54000,54000
97846506cf4a3382f7c74e3f42034c7099a0203a,1647.65,65.02,6.560865315,54000,54000
97846506cf4a3382f7c74e3f42034c7099a0203a,1631.26,64.04,6.497348128,54000,54000
97846506cf4a3382f7c74e3f42034c7099a0203a,1609.24,63.67,6.416359671,54000,54000
97846506cf4a3382f7c74e3f42034c7099a0203a,1649.58,65.39,6.566474975,55000,54000
97846506cf4a3382f7c74e3f42034c7099a0203a,1628.01,64.31,6.480556989,55000,54000
97846506cf4a3382f7c74e3f42034c7099a0203a,1640.64,64.72,6.534171151,55000,54000
97846506cf4a3382f7c74e3f42034c7099a0203a,1641.39,64.56,6.533619065,54000,54000
97846506cf4a3382f7c74e3f42034c7099a0203a,1660.28,65.74,6.616210539,54000,55000
97846506cf4a3382f7c74e3f42034c7099a0203a,1632.12,64.40,6.500498360,54000,54000
97846506cf4a3382f7c74e3f42034c7099a0203a,1653.15,65.24,6.575417955,54000,54000
d7d3193ba5699603f62236f530cfb7eb78a10204,1673.78,66.17,6.666046751,54000,54000
d7d3193ba5699603f62236f530cfb7eb78a10204,1636.61,64.20,6.525205644,53000,54000
d7d3193ba5699603f62236f530cfb7eb78a10204,1652.43,65.11,6.581347671,54000,54000
d7d3193ba5699603f62236f530cfb7eb78a10204,1641.87,64.59,6.531829821,54000,54000
d7d3193ba5699603f62236f530cfb7eb78a10204,1639.05,64.48,6.521132405,54000,54000
d7d3193ba5699603f62236f530cfb7eb78a10204,1643.66,64.82,6.552626965,54000,54000
d7d3193ba5699603f62236f530cfb7eb78a10204,1624.90,63.97,6.465822912,54000,54000
d7d3193ba5699603f62236f530cfb7eb78a10204,1636.95,64.60,6.517964166,54000,54000
d7d3193ba5699603f62236f530cfb7eb78a10204,1626.30,64.21,6.473744728,54000,54000
d7d3193ba5699603f62236f530cfb7eb78a10204,1652.41,65.04,6.584844924,55000,55000
d7d3193ba5699603f62236f530cfb7eb78a10204,1623.91,63.77,6.459330898,54000,54000
d7d3193ba5699603f62236f530cfb7eb78a10204,1647.50,64.83,6.562354270,55000,54000
d7d3193ba5699603f62236f530cfb7eb78a10204,1648.93,64.81,6.561938976,54000,55000
d7d3193ba5699603f62236f530cfb7eb78a10204,1674.65,66.14,6.669516066,54000,54000
d7d3193ba5699603f62236f530cfb7eb78a10204,1652.32,65.20,6.578371097,54000,54000
d7d3193ba5699603f62236f530cfb7eb78a10204,1638.47,64.95,6.532486469,54000,54000
d7d3193ba5699603f62236f530cfb7eb78a10204,1631.41,63.96,6.495675853,54000,54000
d7d3193ba5699603f62236f530cfb7eb78a10204,1648.62,65.09,6.561572526,54000,54000
d7d3193ba5699603f62236f530cfb7eb78a10204,1639.74,64.68,6.521414059,55000,54000
d7d3193ba5699603f62236f530cfb7eb78a10204,1636.75,64.97,6.518229062,54000,54000
d7d3193ba5699603f62236f530cfb7eb78a10204,1644.98,65.02,6.548859555,54000,54000
d7d3193ba5699603f62236f530cfb7eb78a10204,1637.83,64.60,6.507962977,54000,54000
d7d3193ba5699603f62236f530cfb7eb78a10204,1631.12,64.24,6.483982036,54000,54000
d7d3193ba5699603f62236f530cfb7eb78a10204,1641.53,64.86,6.532413147,54000,56000
d7d3193ba5699603f62236f530cfb7eb78a10204,1628.86,64.06,6.489311906,55000,55000
d7d3193ba5699603f62236f530cfb7eb78a10204,1666.80,66.01,6.624953789,54000,54000
d7d3193ba5699603f62236f530cfb7eb78a10204,1615.40,63.97,6.441592763,54000,54000
d7d3193ba5699603f62236f530cfb7eb78a10204,1660.13,65.84,6.606278040,54000,54000
d7d3193ba5699603f62236f530cfb7eb78a10204,1629.63,64.36,6.483636474,55000,54000
d7d3193ba5699603f62236f530cfb7eb78a10204,1643.48,64.96,6.533238939,54000,54000
3e246cdcb1de48b948dbfb1bcedce82479d75484,1676.95,66.03,6.671295041,54000,55000
3e246cdcb1de48b948dbfb1bcedce82479d75484,1646.77,65.08,6.556300441,54000,54000
3e246cdcb1de48b948dbfb1bcedce82479d75484,1666.93,65.63,6.629746369,55000,54000
3e246cdcb1de48b948dbfb1bcedce82479d75484,1666.82,65.78,6.618822362,54000,54000
3e246cdcb1de48b948dbfb1bcedce82479d75484,1662.71,65.63,6.608283866,55000,54000
3e246cdcb1de48b948dbfb1bcedce82479d75484,1651.97,65.62,6.567232301,54000,55000
3e246cdcb1de48b948dbfb1bcedce82479d75484,1669.71,65.50,6.649396889,54000,54000
3e246cdcb1de48b948dbfb1bcedce82479d75484,1658.56,65.53,6.591690529,54000,54000
3e246cdcb1de48b948dbfb1bcedce82479d75484,1678.89,66.48,6.685532849,54000,54000
3e246cdcb1de48b948dbfb1bcedce82479d75484,1679.70,66.32,6.668166297,55000,54000
3e246cdcb1de48b948dbfb1bcedce82479d75484,1655.60,65.29,6.569617630,54000,54000
3e246cdcb1de48b948dbfb1bcedce82479d75484,1658.67,65.34,6.588828738,54000,54000
3e246cdcb1de48b948dbfb1bcedce82479d75484,1669.05,65.93,6.632210626,54000,54000
3e246cdcb1de48b948dbfb1bcedce82479d75484,1654.48,65.36,6.576431216,55000,54000
3e246cdcb1de48b948dbfb1bcedce82479d75484,1650.68,65.36,6.551869717,54000,54000
3e246cdcb1de48b948dbfb1bcedce82479d75484,1663.18,65.75,6.594646984,54000,54000
3e246cdcb1de48b948dbfb1bcedce82479d75484,1652.34,65.08,6.559267893,54000,55000
3e246cdcb1de48b948dbfb1bcedce82479d75484,1647.64,65.01,6.534827444,54000,54000
3e246cdcb1de48b948dbfb1bcedce82479d75484,1652.57,65.49,6.555822298,54000,54000
3e246cdcb1de48b948dbfb1bcedce82479d75484,1675.10,66.39,6.651766215,54000,54000
3e246cdcb1de48b948dbfb1bcedce82479d75484,1667.92,65.76,6.629111181,54000,54000
3e246cdcb1de48b948dbfb1bcedce82479d75484,1654.62,65.31,6.570951224,54000,54000
3e246cdcb1de48b948dbfb1bcedce82479d75484,1665.58,66.06,6.619502335,54000,54000
3e246cdcb1de48b948dbfb1bcedce82479d75484,1650.65,65.47,6.549661113,55000,55000
3e246cdcb1de48b948dbfb1bcedce82479d75484,1648.88,65.36,6.548885265,54000,54000
3e246cdcb1de48b948dbfb1bcedce82479d75484,1668.07,65.95,6.649786068,54000,54000
3e246cdcb1de48b948dbfb1bcedce82479d75484,1659.97,65.91,6.582272111,54000,55000
3e246cdcb1de48b948dbfb1bcedce82479d75484,1669.67,66.40,6.627422253,54000,54000
3e246cdcb1de48b948dbfb1bcedce82479d75484,1667.08,66.32,6.617246547,55000,54000
3e246cdcb1de48b948dbfb1bcedce82479d75484,1659.86,65.64,6.593317952,54000,55000
b86cecfc10b5a2874be2e9bfde2ceaf78dd857a9,1662.05,66.34,6.639486520,56000,56000
b86cecfc10b5a2874be2e9bfde2ceaf78dd857a9,1644.71,65.19,6.563620416,56000,56000
b86cecfc10b5a2874be2e9bfde2ceaf78dd857a9,1659.11,65.50,6.590877339,55000,55000
b86cecfc10b5a2874be2e9bfde2ceaf78dd857a9,1651.44,65.50,6.568083937,55000,54000
b86cecfc10b5a2874be2e9bfde2ceaf78dd857a9,1647.68,65.66,6.534616539,54000,55000
b86cecfc10b5a2874be2e9bfde2ceaf78dd857a9,1642.25,65.22,6.520082441,55000,54000
b86cecfc10b5a2874be2e9bfde2ceaf78dd857a9,1659.31,65.77,6.612181208,54000,56000
b86cecfc10b5a2874be2e9bfde2ceaf78dd857a9,1647.70,65.36,6.549434977,54000,54000
b86cecfc10b5a2874be2e9bfde2ceaf78dd857a9,1716.49,67.68,6.834444576,54000,54000
b86cecfc10b5a2874be2e9bfde2ceaf78dd857a9,1643.25,65.14,6.523298342,55000,54000
b86cecfc10b5a2874be2e9bfde2ceaf78dd857a9,1656.92,65.62,6.581084208,54000,54000
b86cecfc10b5a2874be2e9bfde2ceaf78dd857a9,1654.05,65.20,6.577445079,54000,54000
b86cecfc10b5a2874be2e9bfde2ceaf78dd857a9,1658.23,65.91,6.575392912,55000,55000
b86cecfc10b5a2874be2e9bfde2ceaf78dd857a9,1660.16,65.80,6.594912409,55000,55000
b86cecfc10b5a2874be2e9bfde2ceaf78dd857a9,1651.13,65.40,6.568871176,54000,54000
b86cecfc10b5a2874be2e9bfde2ceaf78dd857a9,1680.18,66.51,6.672213808,54000,54000
b86cecfc10b5a2874be2e9bfde2ceaf78dd857a9,1644.09,64.86,6.539366375,54000,54000
b86cecfc10b5a2874be2e9bfde2ceaf78dd857a9,1653.02,65.40,6.576893804,55000,53000
b86cecfc10b5a2874be2e9bfde2ceaf78dd857a9,1654.68,65.39,6.588749110,55000,54000
b86cecfc10b5a2874be2e9bfde2ceaf78dd857a9,1651.97,65.34,6.556410940,55000,54000
b86cecfc10b5a2874be2e9bfde2ceaf78dd857a9,1647.69,64.77,6.548030247,55000,55000
b86cecfc10b5a2874be2e9bfde2ceaf78dd857a9,1694.55,67.20,6.744863828,55000,54000
b86cecfc10b5a2874be2e9bfde2ceaf78dd857a9,1657.78,65.58,6.589009703,54000,54000
b86cecfc10b5a2874be2e9bfde2ceaf78dd857a9,1681.93,66.37,6.699647572,55000,54000
b86cecfc10b5a2874be2e9bfde2ceaf78dd857a9,1645.04,65.11,6.531307192,54000,54000
b86cecfc10b5a2874be2e9bfde2ceaf78dd857a9,1682.61,66.65,6.686435231,55000,54000
b86cecfc10b5a2874be2e9bfde2ceaf78dd857a9,1653.52,65.76,6.575840928,54000,54000
b86cecfc10b5a2874be2e9bfde2ceaf78dd857a9,1645.27,65.16,6.545211103,54000,54000
b86cecfc10b5a2874be2e9bfde2ceaf78dd857a9,1670.07,66.20,6.642201895,54000,54000
b86cecfc10b5a2874be2e9bfde2ceaf78dd857a9,1653.57,65.46,6.587623597,54000,54000
1c70788d63236a7b94abec0f2537e8c680e38583,1674.01,66.33,6.677625295,55000,55000
1c70788d63236a7b94abec0f2537e8c680e38583,1652.75,65.54,6.556286537,55000,55000
1c70788d63236a7b94abec0f2537e8c680e38583,1632.47,64.48,6.499135999,55000,55000
1c70788d63236a7b94abec0f2537e8c680e38583,1638.18,64.62,6.523071242,54000,55000
1c70788d63236a7b94abec0f2537e8c680e38583,1639.12,64.90,6.525621781,55000,55000
1c70788d63236a7b94abec0f2537e8c680e38583,1663.63,65.89,6.614315002,54000,54000
1c70788d63236a7b94abec0f2537e8c680e38583,1654.60,65.56,6.583371350,54000,54000
1c70788d63236a7b94abec0f2537e8c680e38583,1642.70,64.83,6.524274200,55000,54000
1c70788d63236a7b94abec0f2537e8c680e38583,1629.74,64.44,6.487983010,54000,55000
1c70788d63236a7b94abec0f2537e8c680e38583,1649.93,65.36,6.559044950,54000,55000
1c70788d63236a7b94abec0f2537e8c680e38583,1669.26,65.90,6.640026583,55000,55000
1c70788d63236a7b94abec0f2537e8c680e38583,1642.82,65.03,6.537753649,55000,54000
1c70788d63236a7b94abec0f2537e8c680e38583,1646.60,64.83,6.550730807,55000,55000
1c70788d63236a7b94abec0f2537e8c680e38583,1663.74,66.27,6.617986742,54000,54000
1c70788d63236a7b94abec0f2537e8c680e38583,1648.99,65.05,6.551946533,54000,54000
1c70788d63236a7b94abec0f2537e8c680e38583,1630.19,64.15,6.486283560,53000,54000
1c70788d63236a7b94abec0f2537e8c680e38583,1666.63,65.88,6.638038286,55000,54000
1c70788d63236a7b94abec0f2537e8c680e38583,1642.70,64.75,6.527977274,54000,55000
1c70788d63236a7b94abec0f2537e8c680e38583,1656.43,65.63,6.589128090,54000,55000
1c70788d63236a7b94abec0f2537e8c680e38583,1658.19,65.76,6.592122859,55000,54000
1c70788d63236a7b94abec0f2537e8c680e38583,1658.81,65.92,6.582621404,54000,54000
1c70788d63236a7b94abec0f2537e8c680e38583,1628.88,64.36,6.487830182,55000,55000
1c70788d63236a7b94abec0f2537e8c680e38583,1639.16,64.92,6.516710284,54000,54000
1c70788d63236a7b94abec0f2537e8c680e38583,1630.54,64.28,6.480838528,54000,54000
1c70788d63236a7b94abec0f2537e8c680e38583,1668.83,66.17,6.647433903,54000,54000
1c70788d63236a7b94abec0f2537e8c680e38583,1643.17,64.78,6.532797114,54000,55000
1c70788d63236a7b94abec0f2537e8c680e38583,1669.31,65.83,6.645199230,54000,54000
1c70788d63236a7b94abec0f2537e8c680e38583,1632.96,64.30,6.511277035,54000,54000
1c70788d63236a7b94abec0f2537e8c680e38583,1671.58,66.17,6.651540123,54000,54000
1c70788d63236a7b94abec0f2537e8c680e38583,1665.65,65.84,6.637331184,54000,54000
91fe5f3964f12f8d3b316ec5cfdc37dbe62fd00e,1626.34,64.75,6.520937227,56000,56000
91fe5f3964f12f8d3b316ec5cfdc37dbe62fd00e,1639.01,64.95,6.524254203,56000,55000
91fe5f3964f12f8d3b316ec5cfdc37dbe62fd00e,1645.92,64.86,6.543397797,54000,55000
91fe5f3964f12f8d3b316ec5cfdc37dbe62fd00e,1658.87,65.60,6.618979443,55000,54000
91fe5f3964f12f8d3b316ec5cfdc37dbe62fd00e,1649.19,65.63,6.552319270,55000,54000
91fe5f3964f12f8d3b316ec5cfdc37dbe62fd00e,1633.53,64.23,6.505817931,54000,54000
91fe5f3964f12f8d3b316ec5cfdc37dbe62fd00e,1670.38,66.15,6.635454964,54000,54000
91fe5f3964f12f8d3b316ec5cfdc37dbe62fd00e,1635.28,64.73,6.513026542,54000,54000
91fe5f3964f12f8d3b316ec5cfdc37dbe62fd00e,1676.34,66.60,6.675004280,54000,55000
91fe5f3964f12f8d3b316ec5cfdc37dbe62fd00e,1647.27,65.18,6.551178863,55000,55000
91fe5f3964f12f8d3b316ec5cfdc37dbe62fd00e,1668.79,65.89,6.638884468,54000,54000
91fe5f3964f12f8d3b316ec5cfdc37dbe62fd00e,1639.75,64.88,6.527567565,55000,55000
91fe5f3964f12f8d3b316ec5cfdc37dbe62fd00e,1643.86,64.83,6.549833709,54000,55000
91fe5f3964f12f8d3b316ec5cfdc37dbe62fd00e,1642.26,64.62,6.537317321,55000,54000
91fe5f3964f12f8d3b316ec5cfdc37dbe62fd00e,1620.56,63.76,6.457631530,54000,54000
91fe5f3964f12f8d3b316ec5cfdc37dbe62fd00e,1655.46,65.26,6.593007107,54000,54000
91fe5f3964f12f8d3b316ec5cfdc37dbe62fd00e,1651.25,64.93,6.572100303,54000,55000
91fe5f3964f12f8d3b316ec5cfdc37dbe62fd00e,1647.73,64.88,6.561434382,54000,54000
91fe5f3964f12f8d3b316ec5cfdc37dbe62fd00e,1646.76,64.77,6.559052854,55000,54000
91fe5f3964f12f8d3b316ec5cfdc37dbe62fd00e,1628.76,63.83,6.487644764,54000,54000
91fe5f3964f12f8d3b316ec5cfdc37dbe62fd00e,1658.42,65.31,6.610010886,54000,54000
91fe5f3964f12f8d3b316ec5cfdc37dbe62fd00e,1656.06,65.51,6.580921235,55000,54000
91fe5f3964f12f8d3b316ec5cfdc37dbe62fd00e,1632.88,64.30,6.514066438,54000,54000
91fe5f3964f12f8d3b316ec5cfdc37dbe62fd00e,1642.43,65.15,6.549358192,54000,54000
91fe5f3964f12f8d3b316ec5cfdc37dbe62fd00e,1615.86,63.41,6.440260177,55000,54000
91fe5f3964f12f8d3b316ec5cfdc37dbe62fd00e,1662.18,65.54,6.622998020,55000,54000
91fe5f3964f12f8d3b316ec5cfdc37dbe62fd00e,1666.12,65.94,6.627697824,55000,54000
91fe5f3964f12f8d3b316ec5cfdc37dbe62fd00e,1626.89,64.32,6.485465063,54000,54000
91fe5f3964f12f8d3b316ec5cfdc37dbe62fd00e,1665.52,65.89,6.628056337,54000,54000
91fe5f3964f12f8d3b316ec5cfdc37dbe62fd00e,1650.54,65.19,6.560337011,54000,54000
521b90a772b02a04e6efa1b39cd1be4aca20fd46,1663.90,65.70,6.618473490,55000,54000
521b90a772b02a04e6efa1b39cd1be4aca20fd46,1641.56,64.87,6.526199714,55000,55000
521b90a772b02a04e6efa1b39cd1be4aca20fd46,1660.41,65.43,6.601735053,55000,54000
521b90a772b02a04e6efa1b39cd1be4aca20fd46,1630.02,64.34,6.485247302,54000,54000
521b90a772b02a04e6efa1b39cd1be4aca20fd46,1657.99,65.27,6.594108676,54000,55000
521b90a772b02a04e6efa1b39cd1be4aca20fd46,1617.28,63.69,6.445587313,54000,54000
521b90a772b02a04e6efa1b39cd1be4aca20fd46,1636.75,64.51,6.509631937,54000,54000
521b90a772b02a04e6efa1b39cd1be4aca20fd46,1659.12,65.67,6.611084331,54000,54000
521b90a772b02a04e6efa1b39cd1be4aca20fd46,1636.53,64.38,6.528671789,54000,55000
521b90a772b02a04e6efa1b39cd1be4aca20fd46,1660.63,65.48,6.630298005,54000,55000
521b90a772b02a04e6efa1b39cd1be4aca20fd46,1651.85,65.50,6.579134088,55000,54000
521b90a772b02a04e6efa1b39cd1be4aca20fd46,1627.25,64.06,6.491132856,55000,54000
521b90a772b02a04e6efa1b39cd1be4aca20fd46,1651.31,65.31,6.587652321,55000,55000
521b90a772b02a04e6efa1b39cd1be4aca20fd46,1648.76,65.08,6.558714181,55000,54000
521b90a772b02a04e6efa1b39cd1be4aca20fd46,1634.18,64.48,6.489269071,54000,54000
521b90a772b02a04e6efa1b39cd1be4aca20fd46,1649.45,65.11,6.568637905,55000,55000
521b90a772b02a04e6efa1b39cd1be4aca20fd46,1650.94,65.10,6.572903285,54000,54000
521b90a772b02a04e6efa1b39cd1be4aca20fd46,1632.15,63.88,6.505053989,55000,55000
521b90a772b02a04e6efa1b39cd1be4aca20fd46,1663.42,65.36,6.621176589,54000,55000
521b90a772b02a04e6efa1b39cd1be4aca20fd46,1667.99,65.98,6.636489387,55000,54000
521b90a772b02a04e6efa1b39cd1be4aca20fd46,1651.34,64.98,6.575179123,53000,54000
521b90a772b02a04e6efa1b39cd1be4aca20fd46,1608.18,63.45,6.423141406,54000,53000
521b90a772b02a04e6efa1b39cd1be4aca20fd46,1648.57,64.65,6.568989194,54000,55000
521b90a772b02a04e6efa1b39cd1be4aca20fd46,1646.47,65.07,6.550583055,54000,54000
521b90a772b02a04e6efa1b39cd1be4aca20fd46,1637.41,64.90,6.511414198,53000,54000
521b90a772b02a04e6efa1b39cd1be4aca20fd46,1632.61,64.52,6.493195322,54000,54000
521b90a772b02a04e6efa1b39cd1be4aca20fd46,1645.22,64.92,6.541322251,54000,54000
521b90a772b02a04e6efa1b39cd1be4aca20fd46,1622.28,63.83,6.451458452,54000,55000
521b90a772b02a04e6efa1b39cd1be4aca20fd46,1648.23,65.04,6.566301474,54000,54000
521b90a772b02a04e6efa1b39cd1be4aca20fd46,1626.31,64.32,6.487165965,54000,54000
eaf7a66abd8fe83f1aead448e304dbf53aeefcc2,1638.86,64.89,6.526166023,56000,55000
eaf7a66abd8fe83f1aead448e304dbf53aeefcc2,1646.63,65.25,6.540945227,54000,54000
eaf7a66abd8fe83f1aead448e304dbf53aeefcc2,1656.00,65.05,6.599791889,54000,55000
eaf7a66abd8fe83f1aead448e304dbf53aeefcc2,1630.64,64.57,6.503920864,54000,54000
eaf7a66abd8fe83f1aead448e304dbf53aeefcc2,1641.93,64.37,6.551204511,54000,54000
eaf7a66abd8fe83f1aead448e304dbf53aeefcc2,1670.35,66.08,6.637193431,54000,54000
eaf7a66abd8fe83f1aead448e304dbf53aeefcc2,1640.97,64.43,6.544368988,54000,55000
eaf7a66abd8fe83f1aead448e304dbf53aeefcc2,1642.50,64.91,6.533605271,54000,54000
eaf7a66abd8fe83f1aead448e304dbf53aeefcc2,1642.48,64.90,6.543159002,54000,55000
eaf7a66abd8fe83f1aead448e304dbf53aeefcc2,1661.07,65.73,6.634860491,55000,54000
eaf7a66abd8fe83f1aead448e304dbf53aeefcc2,1658.30,65.17,6.597895088,54000,55000
eaf7a66abd8fe83f1aead448e304dbf53aeefcc2,1653.77,65.31,6.592080789,54000,55000
eaf7a66abd8fe83f1aead448e304dbf53aeefcc2,1653.24,65.15,6.595587137,55000,54000
eaf7a66abd8fe83f1aead448e304dbf53aeefcc2,1645.25,64.32,6.555315376,55000,54000
eaf7a66abd8fe83f1aead448e304dbf53aeefcc2,1638.88,64.29,6.529557878,55000,54000
eaf7a66abd8fe83f1aead448e304dbf53aeefcc2,1672.02,65.98,6.671004320,54000,54000
eaf7a66abd8fe83f1aead448e304dbf53aeefcc2,1629.76,64.34,6.481384215,54000,54000
eaf7a66abd8fe83f1aead448e304dbf53aeefcc2,1635.73,64.49,6.533688708,54000,54000
eaf7a66abd8fe83f1aead448e304dbf53aeefcc2,1643.46,64.59,6.534013495,54000,54000
eaf7a66abd8fe83f1aead448e304dbf53aeefcc2,1651.34,64.92,6.574054904,55000,54000
eaf7a66abd8fe83f1aead448e304dbf53aeefcc2,1642.58,64.61,6.535057003,54000,54000
eaf7a66abd8fe83f1aead448e304dbf53aeefcc2,1652.93,65.31,6.573950344,54000,54000
eaf7a66abd8fe83f1aead448e304dbf53aeefcc2,1685.18,66.30,6.711877620,54000,55000
eaf7a66abd8fe83f1aead448e304dbf53aeefcc2,1645.44,64.98,6.545465274,54000,54000
eaf7a66abd8fe83f1aead448e304dbf53aeefcc2,1645.19,64.83,6.537005439,55000,54000
eaf7a66abd8fe83f1aead448e304dbf53aeefcc2,1642.54,64.80,6.547520413,54000,54000
eaf7a66abd8fe83f1aead448e304dbf53aeefcc2,1642.47,64.83,6.525418683,54000,54000
eaf7a66abd8fe83f1aead448e304dbf53aeefcc2,1642.94,64.47,6.553660004,54000,54000
eaf7a66abd8fe83f1aead448e304dbf53aeefcc2,1647.19,64.70,6.570152161,54000,54000
eaf7a66abd8fe83f1aead448e304dbf53aeefcc2,1679.23,66.26,6.692505103,55000,54000
5e3c821533dac57904e1f6c41979949407992337,1631.54,64.52,6.489788546,55000,55000
5e3c821533dac57904e1f6c41979949407992337,1654.09,65.19,6.568079611,54000,55000
5e3c821533dac57904e1f6c41979949407992337,1664.10,65.78,6.618296872,55000,54000
5e3c821533dac57904e1f6c41979949407992337,1645.97,64.87,6.543420988,55000,54000
5e3c821533dac57904e1f6c41979949407992337,1664.15,65.27,6.623924622,55000,55000
5e3c821533dac57904e1f6c41979949407992337,1675.45,66.42,6.660150459,55000,54000
5e3c821533dac57904e1f6c41979949407992337,1640.42,64.75,6.531811997,54000,54000
5e3c821533dac57904e1f6c41979949407992337,1649.03,65.19,6.563257968,55000,55000
5e3c821533dac57904e1f6c41979949407992337,1658.12,65.40,6.606861268,55000,55000
5e3c821533dac57904e1f6c41979949407992337,1645.55,65.10,6.542208764,54000,54000
5e3c821533dac57904e1f6c41979949407992337,1656.89,65.32,6.592987613,54000,55000
5e3c821533dac57904e1f6c41979949407992337,1640.09,64.21,6.551759616,55000,54000
5e3c821533dac57904e1f6c41979949407992337,1651.09,64.80,6.556684643,55000,54000
5e3c821533dac57904e1f6c41979949407992337,1684.60,66.58,6.678058050,54000,55000
5e3c821533dac57904e1f6c41979949407992337,1657.92,65.68,6.587217308,54000,54000
5e3c821533dac57904e1f6c41979949407992337,1670.55,65.86,6.631321587,54000,54000
5e3c821533dac57904e1f6c41979949407992337,1642.36,64.77,6.532226430,54000,54000
5e3c821533dac57904e1f6c41979949407992337,1652.96,65.19,6.561059143,55000,55000
5e3c821533dac57904e1f6c41979949407992337,1669.92,66.09,6.649395107,54000,55000
5e3c821533dac57904e1f6c41979949407992337,1624.81,63.94,6.474020756,55000,54000
5e3c821533dac57904e1f6c41979949407992337,1642.43,64.77,6.531135756,54000,55000
5e3c821533dac57904e1f6c41979949407992337,1637.65,64.37,6.520728438,54000,54000
5e3c821533dac57904e1f6c41979949407992337,1641.97,64.80,6.516556858,54000,54000
5e3c821533dac57904e1f6c41979949407992337,1637.57,64.74,6.514779885,54000,54000
5e3c821533dac57904e1f6c41979949407992337,1650.26,65.04,6.570770628,54000,54000
5e3c821533dac57904e1f6c41979949407992337,1629.79,64.18,6.483707436,54000,54000
5e3c821533dac57904e1f6c41979949407992337,1634.19,64.59,6.508037400,54000,54000
5e3c821533dac57904e1f6c41979949407992337,1621.82,63.74,6.487135490,54000,55000
5e3c821533dac57904e1f6c41979949407992337,1652.37,65.20,6.586428286,54000,54000
5e3c821533dac57904e1f6c41979949407992337,1663.64,66.03,6.607814585,54000,54000
f887aa1b16ead18fdfb2644ad69b40858b7c5d8f,1669.54,66.04,6.643950965,55000,54000
f887aa1b16ead18fdfb2644ad69b40858b7c5d8f,1643.84,64.95,6.528623952,54000,55000
f887aa1b16ead18fdfb2644ad69b40858b7c5d8f,1648.02,65.00,6.564246889,55000,55000
f887aa1b16ead18fdfb2644ad69b40858b7c5d8f,1657.61,65.49,6.598441841,54000,54000
f887aa1b16ead18fdfb2644ad69b40858b7c5d8f,1651.49,64.83,6.572348646,54000,55000
f887aa1b16ead18fdfb2644ad69b40858b7c5d8f,1649.46,65.15,6.568984586,54000,55000
f887aa1b16ead18fdfb2644ad69b40858b7c5d8f,1654.39,65.55,6.576034063,54000,55000
f887aa1b16ead18fdfb2644ad69b40858b7c5d8f,1649.78,65.23,6.570243931,54000,54000
f887aa1b16ead18fdfb2644ad69b40858b7c5d8f,1670.68,66.10,6.630980650,54000,54000
f887aa1b16ead18fdfb2644ad69b40858b7c5d8f,1644.31,65.15,6.539209239,54000,54000
f887aa1b16ead18fdfb2644ad69b40858b7c5d8f,1657.27,65.44,6.580494214,54000,54000
f887aa1b16ead18fdfb2644ad69b40858b7c5d8f,1648.81,64.93,6.565243854,54000,54000
f887aa1b16ead18fdfb2644ad69b40858b7c5d8f,1658.52,65.39,6.603381216,54000,54000
f887aa1b16ead18fdfb2644ad69b40858b7c5d8f,1640.45,64.77,6.518220353,54000,54000
f887aa1b16ead18fdfb2644ad69b40858b7c5d8f,1627.38,64.10,6.483335061,54000,55000
f887aa1b16ead18fdfb2644ad69b40858b7c5d8f,1660.73,65.72,6.598608532,54000,55000
f887aa1b16ead18fdfb2644ad69b40858b7c5d8f,1649.11,65.06,6.556744236,54000,54000
f887aa1b16ead18fdfb2644ad69b40858b7c5d8f,1631.15,64.30,6.494856912,55000,54000
f887aa1b16ead18fdfb2644ad69b40858b7c5d8f,1636.39,64.40,6.521075838,55000,55000
f887aa1b16ead18fdfb2644ad69b40858b7c5d8f,1662.22,65.55,6.626419173,55000,54000
f887aa1b16ead18fdfb2644ad69b40858b7c5d8f,1658.00,65.72,6.586835705,55000,54000
f887aa1b16ead18fdfb2644ad69b40858b7c5d8f,1677.59,66.55,6.671852978,54000,55000
f887aa1b16ead18fdfb2644ad69b40858b7c5d8f,1681.97,66.51,6.715585144,54000,54000
f887aa1b16ead18fdfb2644ad69b40858b7c5d8f,1649.95,65.01,6.567576839,54000,54000
f887aa1b16ead18fdfb2644ad69b40858b7c5d8f,1633.72,64.30,6.521531940,54000,53000
f887aa1b16ead18fdfb2644ad69b40858b7c5d8f,1646.34,64.74,6.548718021,54000,55000
f887aa1b16ead18fdfb2644ad69b40858b7c5d8f,1682.53,66.50,6.694893326,54000,54000
f887aa1b16ead18fdfb2644ad69b40858b7c5d8f,1635.48,64.30,6.511834862,54000,54000
f887aa1b16ead18fdfb2644ad69b40858b7c5d8f,1644.18,64.77,6.533972152,54000,54000
f887aa1b16ead18fdfb2644ad69b40858b7c5d8f,1653.02,65.30,6.589369948,54000,54000
8d07387ff27e9fb2c09812439f1a3e64e64ff05b,1647.75,65.21,6.551829024,56000,56000
8d07387ff27e9fb2c09812439f1a3e64e64ff05b,1652.10,65.60,6.570636169,56000,56000
8d07387ff27e9fb2c09812439f1a3e64e64ff05b,1650.63,65.07,6.559781722,55000,55000
8d07387ff27e9fb2c09812439f1a3e64e64ff05b,1650.68,64.87,6.568669696,54000,54000
8d07387ff27e9fb2c09812439f1a3e64e64ff05b,1651.38,64.99,6.582364183,54000,55000
8d07387ff27e9fb2c09812439f1a3e64e64ff05b,1637.73,64.48,6.512740657,55000,54000
8d07387ff27e9fb2c09812439f1a3e64e64ff05b,1648.13,65.08,6.562231141,54000,54000
8d07387ff27e9fb2c09812439f1a3e64e64ff05b,1650.49,65.10,6.568414995,55000,54000
8d07387ff27e9fb2c09812439f1a3e64e64ff05b,1650.75,65.28,6.564599531,54000,54000
8d07387ff27e9fb2c09812439f1a3e64e64ff05b,1643.60,65.02,6.547609370,55000,55000
8d07387ff27e9fb2c09812439f1a3e64e64ff05b,1652.51,65.60,6.570608829,54000,54000
8d07387ff27e9fb2c09812439f1a3e64e64ff05b,1658.13,65.40,6.605384155,54000,54000
8d07387ff27e9fb2c09812439f1a3e64e64ff05b,1668.37,65.97,6.628992679,54000,54000
8d07387ff27e9fb2c09812439f1a3e64e64ff05b,1657.08,65.37,6.592198095,54000,54000
8d07387ff27e9fb2c09812439f1a3e64e64ff05b,1646.91,65.08,6.548402415,54000,55000
8d07387ff27e9fb2c09812439f1a3e64e64ff05b,1665.86,65.95,6.624370343,55000,55000
8d07387ff27e9fb2c09812439f1a3e64e64ff05b,1679.51,66.40,6.702073983,54000,54000
8d07387ff27e9fb2c09812439f1a3e64e64ff05b,1656.22,65.65,6.588225417,54000,54000
8d07387ff27e9fb2c09812439f1a3e64e64ff05b,1669.85,65.92,6.653435525,54000,54000
8d07387ff27e9fb2c09812439f1a3e64e64ff05b,1669.06,66.01,6.631000077,54000,54000
8d07387ff27e9fb2c09812439f1a3e64e64ff05b,1640.94,64.76,6.530592904,54000,54000
8d07387ff27e9fb2c09812439f1a3e64e64ff05b,1680.07,66.39,6.686321669,54000,54000
8d07387ff27e9fb2c09812439f1a3e64e64ff05b,1656.86,65.42,6.606701378,54000,54000
8d07387ff27e9fb2c09812439f1a3e64e64ff05b,1652.54,65.49,6.616221984,54000,54000
8d07387ff27e9fb2c09812439f1a3e64e64ff05b,1648.99,65.31,6.568179135,54000,54000
8d07387ff27e9fb2c09812439f1a3e64e64ff05b,1641.53,65.06,6.542206369,54000,54000
8d07387ff27e9fb2c09812439f1a3e64e64ff05b,1670.34,66.16,6.664872299,54000,55000
8d07387ff27e9fb2c09812439f1a3e64e64ff05b,1638.44,64.75,6.515003375,54000,54000
8d07387ff27e9fb2c09812439f1a3e64e64ff05b,1669.50,65.81,6.657164293,53000,54000
8d07387ff27e9fb2c09812439f1a3e64e64ff05b,1665.84,65.63,6.630410135,54000,54000
7077b3b1b20a4cdd33fecf596a14144dfe641308,1645.04,64.92,6.552898196,55000,56000
7077b3b1b20a4cdd33fecf596a14144dfe641308,1638.55,64.81,6.535131336,55000,56000
7077b3b1b20a4cdd33fecf596a14144dfe641308,1661.76,65.92,6.615127398,54000,54000
7077b3b1b20a4cdd33fecf596a14144dfe641308,1655.63,65.29,6.590460453,54000,54000
7077b3b1b20a4cdd33fecf596a14144dfe641308,1656.37,65.42,6.587708508,55000,54000
7077b3b1b20a4cdd33fecf596a14144dfe641308,1654.60,65.13,6.582521534,55000,54000
7077b3b1b20a4cdd33fecf596a14144dfe641308,1651.67,65.29,6.572122161,55000,54000
7077b3b1b20a4cdd33fecf596a14144dfe641308,1647.12,64.73,6.554265092,54000,55000
7077b3b1b20a4cdd33fecf596a14144dfe641308,1641.39,64.82,6.540030598,54000,54000
7077b3b1b20a4cdd33fecf596a14144dfe641308,1636.87,64.60,6.514782259,54000,55000
7077b3b1b20a4cdd33fecf596a14144dfe641308,1640.30,64.30,6.535541878,54000,55000
7077b3b1b20a4cdd33fecf596a14144dfe641308,1639.15,64.40,6.525963737,55000,55000
7077b3b1b20a4cdd33fecf596a14144dfe641308,1663.72,65.66,6.630625459,54000,55000
7077b3b1b20a4cdd33fecf596a14144dfe641308,1641.88,64.64,6.548363229,54000,54000
7077b3b1b20a4cdd33fecf596a14144dfe641308,1657.59,65.32,6.610022506,54000,54000
7077b3b1b20a4cdd33fecf596a14144dfe641308,1636.81,64.52,6.512372501,54000,54000
7077b3b1b20a4cdd33fecf596a14144dfe641308,1651.90,65.05,6.601191333,54000,54000
7077b3b1b20a4cdd33fecf596a14144dfe641308,1645.57,64.72,6.552259176,54000,54000
7077b3b1b20a4cdd33fecf596a14144dfe641308,1671.25,65.99,6.679907880,55000,55000
7077b3b1b20a4cdd33fecf596a14144dfe641308,1645.72,64.67,6.549268475,54000,54000
7077b3b1b20a4cdd33fecf596a14144dfe641308,1637.01,64.33,6.522765655,54000,54000
7077b3b1b20a4cdd33fecf596a14144dfe641308,1634.30,64.32,6.511404881,54000,54000
7077b3b1b20a4cdd33fecf596a14144dfe641308,1682.85,66.27,6.694590000,55000,55000
7077b3b1b20a4cdd33fecf596a14144dfe641308,1660.16,65.57,6.613364213,54000,54000
7077b3b1b20a4cdd33fecf596a14144dfe641308,1650.63,65.24,6.573058943,54000,54000
7077b3b1b20a4cdd33fecf596a14144dfe641308,1681.82,66.46,6.687194278,53000,54000
7077b3b1b20a4cdd33fecf596a14144dfe641308,1652.20,65.03,6.575713295,54000,54000
7077b3b1b20a4cdd33fecf596a14144dfe641308,1634.51,64.48,6.500353852,54000,55000
7077b3b1b20a4cdd33fecf596a14144dfe641308,1645.96,64.78,6.550776691,55000,54000
7077b3b1b20a4cdd33fecf596a14144dfe641308,1665.48,65.58,6.638286342,54000,54000
d69473187071fb357f7d522e66cb70c05c80685b,1638.34,64.86,6.522461246,55000,56000
d69473187071fb357f7d522e66cb70c05c80685b,1678.91,66.25,6.681928969,55000,54000
d69473187071fb357f7d522e66cb70c05c80685b,1646.22,65.08,6.564196456,54000,54000
d69473187071fb357f7d522e66cb70c05c80685b,1674.06,65.91,6.665323556,54000,54000
d69473187071fb357f7d522e66cb70c05c80685b,1646.87,64.95,6.571830137,54000,54000
d69473187071fb357f7d522e66cb70c05c80685b,1662.83,65.45,6.618373704,56000,55000
d69473187071fb357f7d522e66cb70c05c80685b,1632.80,64.54,6.513675098,54000,54000
d69473187071fb357f7d522e66cb70c05c80685b,1652.96,65.17,6.576021601,54000,54000
d69473187071fb357f7d522e66cb70c05c80685b,1641.45,64.54,6.549472162,54000,54000
d69473187071fb357f7d522e66cb70c05c80685b,1682.94,66.39,6.698465403,54000,54000
d69473187071fb357f7d522e66cb70c05c80685b,1639.54,64.77,6.532488979,54000,55000
d69473187071fb357f7d522e66cb70c05c80685b,1665.89,65.94,6.636832255,54000,55000
d69473187071fb357f7d522e66cb70c05c80685b,1678.63,66.30,6.683772248,54000,54000
d69473187071fb357f7d522e66cb70c05c80685b,1654.98,65.16,6.571363258,54000,55000
d69473187071fb357f7d522e66cb70c05c80685b,1675.49,66.17,6.675024689,55000,54000
d69473187071fb357f7d522e66cb70c05c80685b,1649.70,64.98,6.547333575,55000,54000
d69473187071fb357f7d522e66cb70c05c80685b,1636.15,64.19,6.520146561,54000,54000
d69473187071fb357f7d522e66cb70c05c80685b,1678.67,66.37,6.705869533,55000,54000
d69473187071fb357f7d522e66cb70c05c80685b,1637.25,64.50,6.522997180,55000,54000
d69473187071fb357f7d522e66cb70c05c80685b,1646.06,65.12,6.542334377,54000,54000
d69473187071fb357f7d522e66cb70c05c80685b,1658.16,65.31,6.617737636,54000,54000
d69473187071fb357f7d522e66cb70c05c80685b,1650.76,65.08,6.550796790,54000,54000
d69473187071fb357f7d522e66cb70c05c80685b,1670.28,65.91,6.646725093,54000,54000
d69473187071fb357f7d522e66cb70c05c80685b,1669.19,65.59,6.651607045,54000,54000
d69473187071fb357f7d522e66cb70c05c80685b,1650.61,64.97,6.574615873,55000,55000
d69473187071fb357f7d522e66cb70c05c80685b,1631.07,64.35,6.498100453,54000,54000
d69473187071fb357f7d522e66cb70c05c80685b,1637.51,64.58,6.531663125,56000,54000
d69473187071fb357f7d522e66cb70c05c80685b,1678.52,66.37,6.683480772,54000,54000
d69473187071fb357f7d522e66cb70c05c80685b,1633.89,64.49,6.494169078,54000,54000
d69473187071fb357f7d522e66cb70c05c80685b,1643.39,64.80,6.553020116,54000,54000
3277bd3cdfc416fced7a30a6cea5c0ed26be4d9a,1681.24,66.68,6.686101998,54000,54000
3277bd3cdfc416fced7a30a6cea5c0ed26be4d9a,1653.26,65.22,6.572101160,54000,54000
3277bd3cdfc416fced7a30a6cea5c0ed26be4d9a,1670.75,66.10,6.632547845,55000,54000
3277bd3cdfc416fced7a30a6cea5c0ed26be4d9a,1654.59,65.59,6.577814598,55000,54000
3277bd3cdfc416fced7a30a6cea5c0ed26be4d9a,1673.73,66.17,6.655112049,54000,54000
3277bd3cdfc416fced7a30a6cea5c0ed26be4d9a,1679.01,66.14,6.675827143,54000,55000
3277bd3cdfc416fced7a30a6cea5c0ed26be4d9a,1675.01,66.51,6.649679347,54000,55000
3277bd3cdfc416fced7a30a6cea5c0ed26be4d9a,1647.15,65.18,6.552026414,54000,55000
3277bd3cdfc416fced7a30a6cea5c0ed26be4d9a,1665.32,65.80,6.617333066,54000,55000
3277bd3cdfc416fced7a30a6cea5c0ed26be4d9a,1652.58,65.21,6.570158045,54000,55000
3277bd3cdfc416fced7a30a6cea5c0ed26be4d9a,1656.39,65.52,6.601579463,55000,54000
3277bd3cdfc416fced7a30a6cea5c0ed26be4d9a,1689.19,66.84,6.700041539,54000,55000
3277bd3cdfc416fced7a30a6cea5c0ed26be4d9a,1665.51,65.48,6.636714424,54000,54000
3277bd3cdfc416fced7a30a6cea5c0ed26be4d9a,1651.00,65.32,6.569796382,54000,54000
3277bd3cdfc416fced7a30a6cea5c0ed26be4d9a,1669.38,65.88,6.617143181,54000,55000
3277bd3cdfc416fced7a30a6cea5c0ed26be4d9a,1681.82,66.36,6.699437113,54000,54000
3277bd3cdfc416fced7a30a6cea5c0ed26be4d9a,1679.59,66.42,6.690184553,55000,54000
3277bd3cdfc416fced7a30a6cea5c0ed26be4d9a,1674.21,66.08,6.646610166,55000,54000
3277bd3cdfc416fced7a30a6cea5c0ed26be4d9a,1643.40,65.21,6.531708328,54000,54000
3277bd3cdfc416fced7a30a6cea5c0ed26be4d9a,1657.19,65.62,6.581100155,55000,55000
3277bd3cdfc416fced7a30a6cea5c0ed26be4d9a,1687.15,66.76,6.720981404,54000,54000
3277bd3cdfc416fced7a30a6cea5c0ed26be4d9a,1690.55,66.95,6.727948969,54000,54000
3277bd3cdfc416fced7a30a6cea5c0ed26be4d9a,1651.93,65.23,6.567603478,54000,54000
3277bd3cdfc416fced7a30a6cea5c0ed26be4d9a,1688.83,66.74,6.715236419,54000,54000
3277bd3cdfc416fced7a30a6cea5c0ed26be4d9a,1647.09,65.13,6.553650224,54000,54000
3277bd3cdfc416fced7a30a6cea5c0ed26be4d9a,1686.75,66.84,6.705526655,54000,54000
3277bd3cdfc416fced7a30a6cea5c0ed26be4d9a,1661.40,65.94,6.602878263,54000,54000
3277bd3cdfc416fced7a30a6cea5c0ed26be4d9a,1663.68,65.87,6.611718302,54000,54000
3277bd3cdfc416fced7a30a6cea5c0ed26be4d9a,1676.77,66.22,6.665726157,54000,54000
3277bd3cdfc416fced7a30a6cea5c0ed26be4d9a,1655.49,65.55,6.576547165,54000,54000
50363851973d1c7d7446fcc0b79f7ace70faa58c,1660.79,65.83,6.604466590,56000,55000
50363851973d1c7d7446fcc0b79f7ace70faa58c,1652.21,65.44,6.568093237,54000,55000
50363851973d1c7d7446fcc0b79f7ace70faa58c,1645.18,64.96,6.546377222,54000,55000
50363851973d1c7d7446fcc0b79f7ace70faa58c,1648.29,65.34,6.549472127,54000,54000
50363851973d1c7d7446fcc0b79f7ace70faa58c,1677.04,66.30,6.668754061,54000,54000
50363851973d1c7d7446fcc0b79f7ace70faa58c,1670.89,65.96,6.664020066,54000,54000
50363851973d1c7d7446fcc0b79f7ace70faa58c,1644.36,64.83,6.532460845,55000,54000
50363851973d1c7d7446fcc0b79f7ace70faa58c,1655.47,65.17,6.597700085,54000,54000
50363851973d1c7d7446fcc0b79f7ace70faa58c,1625.83,63.98,6.480914284,54000,54000
50363851973d1c7d7446fcc0b79f7ace70faa58c,1653.87,65.14,6.588620606,54000,54000
50363851973d1c7d7446fcc0b79f7ace70faa58c,1684.00,66.32,6.698623201,54000,54000
50363851973d1c7d7446fcc0b79f7ace70faa58c,1647.70,64.91,6.559296197,54000,54000
50363851973d1c7d7446fcc0b79f7ace70faa58c,1661.06,65.55,6.611661306,54000,54000
50363851973d1c7d7446fcc0b79f7ace70faa58c,1655.27,65.45,6.600941571,54000,55000
50363851973d1c7d7446fcc0b79f7ace70faa58c,1655.59,65.09,6.594289939,54000,54000
50363851973d1c7d7446fcc0b79f7ace70faa58c,1662.30,65.67,6.609348642,54000,55000
50363851973d1c7d7446fcc0b79f7ace70faa58c,1655.28,65.46,6.591395718,54000,55000
50363851973d1c7d7446fcc0b79f7ace70faa58c,1669.00,65.76,6.643579259,55000,54000
50363851973d1c7d7446fcc0b79f7ace70faa58c,1694.07,66.69,6.737372829,54000,54000
50363851973d1c7d7446fcc0b79f7ace70faa58c,1669.86,65.58,6.646374593,55000,54000
50363851973d1c7d7446fcc0b79f7ace70faa58c,1658.54,65.53,6.604759156,54000,54000
50363851973d1c7d7446fcc0b79f7ace70faa58c,1663.17,65.94,6.614448927,54000,54000
50363851973d1c7d7446fcc0b79f7ace70faa58c,1641.60,64.63,6.528264148,54000,55000
50363851973d1c7d7446fcc0b79f7ace70faa58c,1674.79,66.09,6.714092204,54000,54000
50363851973d1c7d7446fcc0b79f7ace70faa58c,1649.61,65.05,6.570419614,54000,54000
50363851973d1c7d7446fcc0b79f7ace70faa58c,1672.53,66.11,6.669627781,54000,54000
50363851973d1c7d7446fcc0b79f7ace70faa58c,1673.11,66.23,6.657121377,54000,54000
50363851973d1c7d7446fcc0b79f7ace70faa58c,1640.98,64.86,6.544670606,55000,54000
50363851973d1c7d7446fcc0b79f7ace70faa58c,1667.31,66.03,6.629980298,54000,55000
50363851973d1c7d7446fcc0b79f7ace70faa58c,1639.16,64.83,6.530510607,54000,55000
0bcf48bd57a6c463c5fee9aa8f76cfa1d4b42267,1676.67,66.26,6.680288237,55000,55000
0bcf48bd57a6c463c5fee9aa8f76cfa1d4b42267,1671.00,66.45,6.653249837,55000,56000
0bcf48bd57a6c463c5fee9aa8f76cfa1d4b42267,1663.46,65.86,6.612557075,55000,56000
0bcf48bd57a6c463c5fee9aa8f76cfa1d4b42267,1670.98,66.14,6.643094634,56000,56000
0bcf48bd57a6c463c5fee9aa8f76cfa1d4b42267,1678.01,66.74,6.671225533,55000,55000
0bcf48bd57a6c463c5fee9aa8f76cfa1d4b42267,1672.01,66.31,6.649901069,55000,54000
0bcf48bd57a6c463c5fee9aa8f76cfa1d4b42267,1657.69,65.52,6.600360763,54000,55000
0bcf48bd57a6c463c5fee9aa8f76cfa1d4b42267,1646.35,65.01,6.553716416,54000,54000
0bcf48bd57a6c463c5fee9aa8f76cfa1d4b42267,1663.48,66.10,6.602454362,54000,54000
0bcf48bd57a6c463c5fee9aa8f76cfa1d4b42267,1672.94,65.87,6.654733664,54000,54000
0bcf48bd57a6c463c5fee9aa8f76cfa1d4b42267,1659.29,65.32,6.602428599,54000,54000
0bcf48bd57a6c463c5fee9aa8f76cfa1d4b42267,1660.14,65.79,6.587316557,54000,54000
0bcf48bd57a6c463c5fee9aa8f76cfa1d4b42267,1645.98,65.23,6.559949389,55000,54000
0bcf48bd57a6c463c5fee9aa8f76cfa1d4b42267,1652.89,65.24,6.561772692,55000,55000
0bcf48bd57a6c463c5fee9aa8f76cfa1d4b42267,1671.55,66.02,6.650388162,55000,54000
0bcf48bd57a6c463c5fee9aa8f76cfa1d4b42267,1641.40,65.02,6.554490042,54000,54000
0bcf48bd57a6c463c5fee9aa8f76cfa1d4b42267,1670.27,66.21,6.661096826,54000,54000
0bcf48bd57a6c463c5fee9aa8f76cfa1d4b42267,1634.09,64.65,6.500619228,54000,55000
0bcf48bd57a6c463c5fee9aa8f76cfa1d4b42267,1687.02,66.67,6.696737596,54000,55000
0bcf48bd57a6c463c5fee9aa8f76cfa1d4b42267,1670.50,66.44,6.620913466,54000,54000
0bcf48bd57a6c463c5fee9aa8f76cfa1d4b42267,1688.29,67.34,6.698939658,54000,53000
0bcf48bd57a6c463c5fee9aa8f76cfa1d4b42267,1646.67,64.85,6.567608920,54000,54000
0bcf48bd57a6c463c5fee9aa8f76cfa1d4b42267,1676.25,66.58,6.657002573,54000,54000
0bcf48bd57a6c463c5fee9aa8f76cfa1d4b42267,1663.50,66.06,6.610625384,55000,54000
0bcf48bd57a6c463c5fee9aa8f76cfa1d4b42267,1642.25,64.75,6.538291077,54000,54000
0bcf48bd57a6c463c5fee9aa8f76cfa1d4b42267,1651.41,65.37,6.580448083,54000,54000
0bcf48bd57a6c463c5fee9aa8f76cfa1d4b42267,1656.74,65.54,6.595756624,54000,54000
0bcf48bd57a6c463c5fee9aa8f76cfa1d4b42267,1664.95,65.75,6.622937812,54000,54000
0bcf48bd57a6c463c5fee9aa8f76cfa1d4b42267,1671.15,66.01,6.648759000,54000,54000
0bcf48bd57a6c463c5fee9aa8f76cfa1d4b42267,1654.45,65.59,6.584136729,54000,54000
a828de1fa2145d033f20051f4c2a7328b461ba74,1663.00,66.01,6.622641192,56000,56000
a828de1fa2145d033f20051f4c2a7328b461ba74,1688.11,66.78,6.721094580,55000,55000
a828de1fa2145d033f20051f4c2a7328b461ba74,1660.85,65.37,6.612125930,54000,54000
a828de1fa2145d033f20051f4c2a7328b461ba74,1657.14,65.32,6.615418842,55000,55000
a828de1fa2145d033f20051f4c2a7328b461ba74,1642.31,64.73,6.534383487,54000,55000
a828de1fa2145d033f20051f4c2a7328b461ba74,1636.50,64.49,6.522359904,54000,54000
a828de1fa2145d033f20051f4c2a7328b461ba74,1647.49,64.67,6.544130637,55000,55000
a828de1fa2145d033f20051f4c2a7328b461ba74,1668.49,65.46,6.647870306,54000,54000
a828de1fa2145d033f20051f4c2a7328b461ba74,1643.48,64.82,6.556075171,54000,54000
a828de1fa2145d033f20051f4c2a7328b461ba74,1650.35,65.21,6.560924947,55000,54000
a828de1fa2145d033f20051f4c2a7328b461ba74,1652.73,65.25,6.575688445,55000,55000
a828de1fa2145d033f20051f4c2a7328b461ba74,1670.48,65.93,6.647160009,54000,54000
a828de1fa2145d033f20051f4c2a7328b461ba74,1654.52,65.25,6.583065293,54000,54000
a828de1fa2145d033f20051f4c2a7328b461ba74,1658.75,65.71,6.600324802,54000,54000
a828de1fa2145d033f20051f4c2a7328b461ba74,1650.72,65.10,6.567243484,54000,55000
a828de1fa2145d033f20051f4c2a7328b461ba74,1660.70,65.57,6.613477948,54000,55000
a828de1fa2145d033f20051f4c2a7328b461ba74,1675.63,66.29,6.667941759,54000,54000
a828de1fa2145d033f20051f4c2a7328b461ba74,1639.75,64.35,6.535080975,54000,54000
a828de1fa2145d033f20051f4c2a7328b461ba74,1660.90,65.53,6.606360269,54000,54000
a828de1fa2145d033f20051f4c2a7328b461ba74,1661.98,65.63,6.608027538,54000,54000
a828de1fa2145d033f20051f4c2a7328b461ba74,1656.99,65.74,6.592250520,53000,54000
a828de1fa2145d033f20051f4c2a7328b461ba74,1665.12,65.75,6.614202068,54000,54000
a828de1fa2145d033f20051f4c2a7328b461ba74,1657.74,65.31,6.594866605,54000,54000
a828de1fa2145d033f20051f4c2a7328b461ba74,1668.74,65.85,6.644008070,54000,54000
a828de1fa2145d033f20051f4c2a7328b461ba74,1652.79,65.20,6.581576980,54000,54000
a828de1fa2145d033f20051f4c2a7328b461ba74,1642.68,64.99,6.539715033,54000,54000
a828de1fa2145d033f20051f4c2a7328b461ba74,1690.97,66.67,6.722278218,54000,54000
a828de1fa2145d033f20051f4c2a7328b461ba74,1642.67,65.00,6.543135521,54000,54000
a828de1fa2145d033f20051f4c2a7328b461ba74,1631.99,64.21,6.495608217,54000,54000
a828de1fa2145d033f20051f4c2a7328b461ba74,1640.75,64.82,6.530910284,54000,54000
1834c0f337c95672361f56901e9d60dbb6fc00bb,1641.03,64.74,6.534479880,56000,55000
1834c0f337c95672361f56901e9d60dbb6fc00bb,1682.74,66.15,6.707958377,54000,54000
1834c0f337c95672361f56901e9d60dbb6fc00bb,1655.52,65.36,6.585524159,54000,54000
1834c0f337c95672361f56901e9d60dbb6fc00bb,1655.83,65.35,6.577986443,54000,56000
1834c0f337c95672361f56901e9d60dbb6fc00bb,1657.75,65.44,6.595183340,55000,54000
1834c0f337c95672361f56901e9d60dbb6fc00bb,1690.97,66.55,6.753495210,54000,54000
1834c0f337c95672361f56901e9d60dbb6fc00bb,1663.92,65.47,6.620520823,54000,55000
1834c0f337c95672361f56901e9d60dbb6fc00bb,1639.05,64.42,6.522310823,55000,54000
1834c0f337c95672361f56901e9d60dbb6fc00bb,1677.43,66.43,6.677707954,55000,54000
1834c0f337c95672361f56901e9d60dbb6fc00bb,1650.03,65.03,6.554165692,54000,54000
1834c0f337c95672361f56901e9d60dbb6fc00bb,1652.96,65.39,6.566572867,55000,54000
1834c0f337c95672361f56901e9d60dbb6fc00bb,1642.71,64.48,6.535441668,55000,54000
1834c0f337c95672361f56901e9d60dbb6fc00bb,1649.61,65.28,6.574006087,54000,55000
1834c0f337c95672361f56901e9d60dbb6fc00bb,1668.94,65.96,6.637780132,54000,55000
1834c0f337c95672361f56901e9d60dbb6fc00bb,1641.05,64.31,6.534338851,55000,54000
1834c0f337c95672361f56901e9d60dbb6fc00bb,1652.89,64.92,6.598628205,55000,54000
1834c0f337c95672361f56901e9d60dbb6fc00bb,1660.63,65.30,6.609799474,55000,54000
1834c0f337c95672361f56901e9d60dbb6fc00bb,1675.08,65.85,6.659817623,54000,55000
1834c0f337c95672361f56901e9d60dbb6fc00bb,1642.04,64.76,6.546433726,54000,54000
1834c0f337c95672361f56901e9d60dbb6fc00bb,1649.40,64.81,6.559542096,54000,54000
1834c0f337c95672361f56901e9d60dbb6fc00bb,1645.85,64.72,6.539055225,55000,54000
1834c0f337c95672361f56901e9d60dbb6fc00bb,1675.89,66.19,6.665665798,55000,53000
1834c0f337c95672361f56901e9d60dbb6fc00bb,1650.51,65.10,6.575554194,55000,55000
1834c0f337c95672361f56901e9d60dbb6fc00bb,1645.66,64.83,6.544484985,55000,55000
1834c0f337c95672361f56901e9d60dbb6fc00bb,1657.66,65.64,6.568418377,54000,54000
1834c0f337c95672361f56901e9d60dbb6fc00bb,1657.31,65.43,6.591997540,54000,55000
1834c0f337c95672361f56901e9d60dbb6fc00bb,1676.74,66.32,6.673761035,54000,54000
1834c0f337c95672361f56901e9d60dbb6fc00bb,1636.86,64.69,6.519388187,54000,54000
1834c0f337c95672361f56901e9d60dbb6fc00bb,1650.93,65.35,6.563797392,54000,54000
1834c0f337c95672361f56901e9d60dbb6fc00bb,1643.61,64.80,6.544526927,54000,54000
86e5898a7ee7efa5647cf32d4b8eb784dd41a330,1618.71,64.40,6.498488817,57000,56000
86e5898a7ee7efa5647cf32d4b8eb784dd41a330,1654.51,65.14,6.599260473,56000,56000
86e5898a7ee7efa5647cf32d4b8eb784dd41a330,1633.18,64.76,6.512704054,56000,56000
86e5898a7ee7efa5647cf32d4b8eb784dd41a330,1666.67,66.16,6.629865787,55000,54000
86e5898a7ee7efa5647cf32d4b8eb784dd41a330,1665.98,65.75,6.642420199,55000,54000
86e5898a7ee7efa5647cf32d4b8eb784dd41a330,1648.56,65.23,6.554541097,54000,55000
86e5898a7ee7efa5647cf32d4b8eb784dd41a330,1658.42,65.52,6.617861790,54000,54000
86e5898a7ee7efa5647cf32d4b8eb784dd41a330,1638.00,64.56,6.529158929,54000,54000
86e5898a7ee7efa5647cf32d4b8eb784dd41a330,1666.01,65.69,6.640859782,54000,54000
86e5898a7ee7efa5647cf32d4b8eb784dd41a330,1651.88,65.02,6.579202945,54000,54000
86e5898a7ee7efa5647cf32d4b8eb784dd41a330,1692.64,67.04,6.737452033,56000,55000
86e5898a7ee7efa5647cf32d4b8eb784dd41a330,1678.97,66.03,6.684892812,54000,54000
86e5898a7ee7efa5647cf32d4b8eb784dd41a330,1665.80,66.03,6.633376855,55000,54000
86e5898a7ee7efa5647cf32d4b8eb784dd41a330,1665.69,65.69,6.636614209,54000,54000
86e5898a7ee7efa5647cf32d4b8eb784dd41a330,1664.10,65.94,6.612717773,54000,54000
86e5898a7ee7efa5647cf32d4b8eb784dd41a330,1645.23,64.67,6.553248635,54000,54000
86e5898a7ee7efa5647cf32d4b8eb784dd41a330,1631.27,64.19,6.496970098,54000,54000
86e5898a7ee7efa5647cf32d4b8eb784dd41a330,1655.55,65.23,6.590480652,54000,54000
86e5898a7ee7efa5647cf32d4b8eb784dd41a330,1652.20,65.38,6.584715938,54000,54000
86e5898a7ee7efa5647cf32d4b8eb784dd41a330,1643.25,64.81,6.539415113,55000,54000
86e5898a7ee7efa5647cf32d4b8eb784dd41a330,1648.20,64.91,6.572404546,56000,54000
86e5898a7ee7efa5647cf32d4b8eb784dd41a330,1639.15,64.50,6.524120785,54000,54000
86e5898a7ee7efa5647cf32d4b8eb784dd41a330,1637.27,64.83,6.534359984,54000,54000
86e5898a7ee7efa5647cf32d4b8eb784dd41a330,1658.22,65.39,6.591527251,54000,55000
86e5898a7ee7efa5647cf32d4b8eb784dd41a330,1628.35,64.01,6.497551390,53000,54000
86e5898a7ee7efa5647cf32d4b8eb784dd41a330,1640.37,64.89,6.521414894,54000,53000
86e5898a7ee7efa5647cf32d4b8eb784dd41a330,1645.73,64.87,6.540530620,54000,54000
86e5898a7ee7efa5647cf32d4b8eb784dd41a330,1650.85,65.32,6.566362863,54000,54000
86e5898a7ee7efa5647cf32d4b8eb784dd41a330,1645.94,64.95,6.562113577,54000,54000
86e5898a7ee7efa5647cf32d4b8eb784dd41a330,1655.21,65.39,6.583686840,54000,54000
1401205b34a1bce3285f1f10dc2c49208f2dd87c,1685.35,66.52,6.695773286,55000,54000
1401205b34a1bce3285f1f10dc2c49208f2dd87c,1695.41,67.34,6.736485443,54000,54000
1401205b34a1bce3285f1f10dc2c49208f2dd87c,1685.86,66.96,6.688505971,54000,54000
1401205b34a1bce3285f1f10dc2c49208f2dd87c,1659.33,65.14,6.604008945,55000,55000
1401205b34a1bce3285f1f10dc2c49208f2dd87c,1700.49,67.26,6.753031657,54000,55000
1401205b34a1bce3285f1f10dc2c49208f2dd87c,1676.88,66.41,6.665835433,54000,55000
1401205b34a1bce3285f1f10dc2c49208f2dd87c,1648.95,65.32,6.548985296,54000,54000
1401205b34a1bce3285f1f10dc2c49208f2dd87c,1675.06,66.24,6.654133841,54000,55000
1401205b34a1bce3285f1f10dc2c49208f2dd87c,1659.76,65.37,6.607708222,54000,54000
1401205b34a1bce3285f1f10dc2c49208f2dd87c,1672.19,66.23,6.634933930,54000,54000
1401205b34a1bce3285f1f10dc2c49208f2dd87c,1666.03,66.24,6.606618259,54000,54000
1401205b34a1bce3285f1f10dc2c49208f2dd87c,1668.77,66.16,6.625892819,54000,54000
1401205b34a1bce3285f1f10dc2c49208f2dd87c,1672.21,65.82,6.650446556,55000,55000
1401205b34a1bce3285f1f10dc2c49208f2dd87c,1659.36,65.79,6.601157225,54000,54000
1401205b34a1bce3285f1f10dc2c49208f2dd87c,1690.01,66.78,6.713385002,54000,54000
1401205b34a1bce3285f1f10dc2c49208f2dd87c,1664.66,65.87,6.620543707,54000,54000
1401205b34a1bce3285f1f10dc2c49208f2dd87c,1661.67,65.73,6.599157239,55000,54000
1401205b34a1bce3285f1f10dc2c49208f2dd87c,1679.02,66.48,6.674604676,54000,54000
1401205b34a1bce3285f1f10dc2c49208f2dd87c,1665.99,65.66,6.618120874,54000,54000
1401205b34a1bce3285f1f10dc2c49208f2dd87c,1684.74,66.43,6.686930076,54000,54000
1401205b34a1bce3285f1f10dc2c49208f2dd87c,1671.52,66.39,6.638194794,54000,54000
1401205b34a1bce3285f1f10dc2c49208f2dd87c,1688.16,66.95,6.713216767,54000,54000
1401205b34a1bce3285f1f10dc2c49208f2dd87c,1678.69,66.34,6.675697260,54000,54000
1401205b34a1bce3285f1f10dc2c49208f2dd87c,1664.58,66.15,6.621296098,54000,54000
1401205b34a1bce3285f1f10dc2c49208f2dd87c,1666.65,65.76,6.613990332,54000,54000
1401205b34a1bce3285f1f10dc2c49208f2dd87c,1675.34,66.49,6.646051602,54000,54000
1401205b34a1bce3285f1f10dc2c49208f2dd87c,1665.45,65.86,6.613643854,54000,54000
1401205b34a1bce3285f1f10dc2c49208f2dd87c,1688.35,66.86,6.715668086,54000,54000
1401205b34a1bce3285f1f10dc2c49208f2dd87c,1661.12,65.60,6.619775751,54000,54000
1401205b34a1bce3285f1f10dc2c49208f2dd87c,1671.43,66.52,6.640246046,54000,54000
f9a99fc0f5743e1f8027d1a48ee49072aad21e69,1648.22,64.81,6.553204139,55000,54000
f9a99fc0f5743e1f8027d1a48ee49072aad21e69,1666.92,65.97,6.620721887,54000,55000
f9a99fc0f5743e1f8027d1a48ee49072aad21e69,1644.76,65.04,6.540891228,54000,54000
f9a99fc0f5743e1f8027d1a48ee49072aad21e69,1653.85,65.26,6.572818216,54000,55000
f9a99fc0f5743e1f8027d1a48ee49072aad21e69,1645.96,65.02,6.558124672,55000,54000
f9a99fc0f5743e1f8027d1a48ee49072aad21e69,1663.29,65.50,6.624104126,55000,55000
f9a99fc0f5743e1f8027d1a48ee49072aad21e69,1648.49,64.68,6.560825332,55000,55000
f9a99fc0f5743e1f8027d1a48ee49072aad21e69,1636.48,64.58,6.516647213,55000,55000
f9a99fc0f5743e1f8027d1a48ee49072aad21e69,1633.83,64.10,6.505692085,54000,55000
f9a99fc0f5743e1f8027d1a48ee49072aad21e69,1641.38,64.80,6.549592072,54000,56000
f9a99fc0f5743e1f8027d1a48ee49072aad21e69,1631.90,64.27,6.503060480,54000,55000
f9a99fc0f5743e1f8027d1a48ee49072aad21e69,1674.71,66.24,6.649676087,55000,54000
f9a99fc0f5743e1f8027d1a48ee49072aad21e69,1663.10,65.42,6.611699670,54000,55000
f9a99fc0f5743e1f8027d1a48ee49072aad21e69,1676.06,66.12,6.672953116,54000,54000
f9a99fc0f5743e1f8027d1a48ee49072aad21e69,1647.62,64.77,6.555504137,54000,55000
f9a99fc0f5743e1f8027d1a48ee49072aad21e69,1652.18,65.35,6.570415422,54000,55000
f9a99fc0f5743e1f8027d1a48ee49072aad21e69,1642.01,64.82,6.542860457,54000,55000
f9a99fc0f5743e1f8027d1a48ee49072aad21e69,1672.88,66.59,6.637834696,54000,54000
f9a99fc0f5743e1f8027d1a48ee49072aad21e69,1646.17,65.25,6.544252307,55000,54000
f9a99fc0f5743e1f8027d1a48ee49072aad21e69,1648.53,65.01,6.568906745,54000,54000
f9a99fc0f5743e1f8027d1a48ee49072aad21e69,1709.10,67.66,6.805156347,54000,54000
f9a99fc0f5743e1f8027d1a48ee49072aad21e69,1647.41,64.92,6.561265823,54000,54000
f9a99fc0f5743e1f8027d1a48ee49072aad21e69,1639.06,64.74,6.576519113,54000,53000
f9a99fc0f5743e1f8027d1a48ee49072aad21e69,1672.22,66.19,6.652460975,54000,54000
f9a99fc0f5743e1f8027d1a48ee49072aad21e69,1634.03,64.29,6.504957786,55000,54000
f9a99fc0f5743e1f8027d1a48ee49072aad21e69,1625.16,64.05,6.490613859,54000,54000
f9a99fc0f5743e1f8027d1a48ee49072aad21e69,1676.16,66.31,6.667332642,54000,54000
f9a99fc0f5743e1f8027d1a48ee49072aad21e69,1636.34,64.23,6.523866537,54000,54000
f9a99fc0f5743e1f8027d1a48ee49072aad21e69,1664.57,65.60,6.622974840,54000,54000
f9a99fc0f5743e1f8027d1a48ee49072aad21e69,1654.76,65.29,6.600890955,54000,54000
ac631e8a761b5ce0c015ffd1c136352e1e7640bb,1683.47,67.32,6.734362605,57000,57000
ac631e8a761b5ce0c015ffd1c136352e1e7640bb,1658.83,66.03,6.609353235,55000,55000
ac631e8a761b5ce0c015ffd1c136352e1e7640bb,1646.97,65.22,6.548707885,54000,55000
ac631e8a761b5ce0c015ffd1c136352e1e7640bb,1647.15,65.12,6.544844339,54000,54000
ac631e8a761b5ce0c015ffd1c136352e1e7640bb,1679.86,66.63,6.687176244,54000,54000
ac631e8a761b5ce0c015ffd1c136352e1e7640bb,1648.42,65.13,6.576081950,55000,54000
ac631e8a761b5ce0c015ffd1c136352e1e7640bb,1647.58,64.94,6.553222573,55000,55000
ac631e8a761b5ce0c015ffd1c136352e1e7640bb,1698.77,67.16,6.760564846,54000,54000
ac631e8a761b5ce0c015ffd1c136352e1e7640bb,1649.58,64.97,6.564570461,54000,54000
ac631e8a761b5ce0c015ffd1c136352e1e7640bb,1654.20,65.25,6.593986866,54000,54000
ac631e8a761b5ce0c015ffd1c136352e1e7640bb,1677.00,66.40,6.674103505,54000,55000
ac631e8a761b5ce0c015ffd1c136352e1e7640bb,1671.39,65.99,6.647041594,55000,54000
ac631e8a761b5ce0c015ffd1c136352e1e7640bb,1694.96,66.85,6.741299232,55000,54000
ac631e8a761b5ce0c015ffd1c136352e1e7640bb,1657.28,65.29,6.597346860,55000,55000
ac631e8a761b5ce0c015ffd1c136352e1e7640bb,1641.94,64.52,6.528202534,54000,54000
ac631e8a761b5ce0c015ffd1c136352e1e7640bb,1650.36,65.19,6.565384966,55000,55000
ac631e8a761b5ce0c015ffd1c136352e1e7640bb,1652.35,65.20,6.597456256,55000,54000
ac631e8a761b5ce0c015ffd1c136352e1e7640bb,1664.75,65.72,6.613284505,54000,56000
ac631e8a761b5ce0c015ffd1c136352e1e7640bb,1649.05,64.63,6.562593325,54000,55000
ac631e8a761b5ce0c015ffd1c136352e1e7640bb,1645.21,64.80,6.539082956,56000,55000
ac631e8a761b5ce0c015ffd1c136352e1e7640bb,1691.65,67.09,6.712619946,54000,54000
ac631e8a761b5ce0c015ffd1c136352e1e7640bb,1671.95,65.75,6.662589450,54000,54000
ac631e8a761b5ce0c015ffd1c136352e1e7640bb,1653.01,65.26,6.585927317,55000,55000
ac631e8a761b5ce0c015ffd1c136352e1e7640bb,1642.41,64.70,6.537261138,54000,55000
ac631e8a761b5ce0c015ffd1c136352e1e7640bb,1649.01,65.33,6.564838572,54000,54000
ac631e8a761b5ce0c015ffd1c136352e1e7640bb,1659.46,65.78,6.601821630,54000,54000
ac631e8a761b5ce0c015ffd1c136352e1e7640bb,1665.39,65.62,6.635078539,53000,54000
ac631e8a761b5ce0c015ffd1c136352e1e7640bb,1667.49,65.69,6.628040250,54000,53000
ac631e8a761b5ce0c015ffd1c136352e1e7640bb,1655.95,65.55,6.581156343,54000,55000
ac631e8a761b5ce0c015ffd1c136352e1e7640bb,1686.85,67.24,6.714693116,54000,54000
2bc1fac618de8fcba59edc28a3a83add622633dd,1658.14,65.76,6.607940586,55000,54000
2bc1fac618de8fcba59edc28a3a83add622633dd,1667.40,65.78,6.646733291,55000,54000
2bc1fac618de8fcba59edc28a3a83add622633dd,1648.78,65.27,6.563544271,55000,54000
2bc1fac618de8fcba59edc28a3a83add622633dd,1664.93,65.63,6.649762977,55000,54000
2bc1fac618de8fcba59edc28a3a83add622633dd,1648.16,64.87,6.554524715,54000,54000
2bc1fac618de8fcba59edc28a3a83add622633dd,1701.53,67.33,6.766389075,54000,54000
2bc1fac618de8fcba59edc28a3a83add622633dd,1653.23,65.24,6.595010282,54000,54000
2bc1fac618de8fcba59edc28a3a83add622633dd,1636.24,64.45,6.517083277,55000,54000
2bc1fac618de8fcba59edc28a3a83add622633dd,1660.57,65.43,6.607889707,54000,55000
2bc1fac618de8fcba59edc28a3a83add622633dd,1640.26,64.62,6.542795187,53000,54000
2bc1fac618de8fcba59edc28a3a83add622633dd,1666.21,65.98,6.619445904,55000,54000
2bc1fac618de8fcba59edc28a3a83add622633dd,1637.92,64.44,6.521621707,54000,55000
2bc1fac618de8fcba59edc28a3a83add622633dd,1652.11,65.27,6.582157946,55000,54000
2bc1fac618de8fcba59edc28a3a83add622633dd,1627.68,64.17,6.492627893,54000,54000
2bc1fac618de8fcba59edc28a3a83add622633dd,1634.14,64.52,6.509588192,54000,54000
2bc1fac618de8fcba59edc28a3a83add622633dd,1664.62,65.46,6.621917591,54000,55000
2bc1fac618de8fcba59edc28a3a83add622633dd,1660.29,65.30,6.596862736,54000,55000
2bc1fac618de8fcba59edc28a3a83add622633dd,1677.26,65.98,6.677751843,54000,54000
2bc1fac618de8fcba59edc28a3a83add622633dd,1674.61,66.28,6.661831168,54000,54000
2bc1fac618de8fcba59edc28a3a83add622633dd,1643.43,64.79,6.555312717,54000,54000
2bc1fac618de8fcba59edc28a3a83add622633dd,1662.95,65.95,6.616821172,54000,54000
2bc1fac618de8fcba59edc28a3a83add622633dd,1654.16,65.60,6.594552176,55000,54000
2bc1fac618de8fcba59edc28a3a83add622633dd,1664.10,65.52,6.619914424,55000,54000
2bc1fac618de8fcba59edc28a3a83add622633dd,1662.55,65.52,6.619182841,55000,54000
2bc1fac618de8fcba59edc28a3a83add622633dd,1654.41,65.43,6.589082988,54000,54000
2bc1fac618de8fcba59edc28a3a83add622633dd,1656.49,65.20,6.594961569,54000,54000
2bc1fac618de8fcba59edc28a3a83add622633dd,1647.95,65.32,6.561734311,54000,54000
2bc1fac618de8fcba59edc28a3a83add622633dd,1661.53,65.32,6.612095200,54000,55000
2bc1fac618de8fcba59edc28a3a83add622633dd,1644.53,65.13,6.546729674,54000,54000
2bc1fac618de8fcba59edc28a3a83add622633dd,1652.85,65.41,6.578473262,54000,54000
9a0d4afd23642c78acc27e20ec7986b8395bc91a,1661.53,65.37,6.624639775,54000,54000
9a0d4afd23642c78acc27e20ec7986b8395bc91a,1651.20,65.35,6.582623705,55000,54000
9a0d4afd23642c78acc27e20ec7986b8395bc91a,1633.71,64.28,6.515753788,54000,54000
9a0d4afd23642c78acc27e20ec7986b8395bc91a,1648.62,65.02,6.562806081,54000,54000
9a0d4afd23642c78acc27e20ec7986b8395bc91a,1651.01,65.10,6.576300610,54000,54000
9a0d4afd23642c78acc27e20ec7986b8395bc91a,1646.63,64.65,6.574494833,55000,55000
9a0d4afd23642c78acc27e20ec7986b8395bc91a,1666.24,65.65,6.637629638,54000,55000
9a0d4afd23642c78acc27e20ec7986b8395bc91a,1666.63,65.83,6.637138664,55000,54000
9a0d4afd23642c78acc27e20ec7986b8395bc91a,1652.98,65.23,6.577620958,54000,55000
9a0d4afd23642c78acc27e20ec7986b8395bc91a,1682.92,66.36,6.683772335,54000,55000
9a0d4afd23642c78acc27e20ec7986b8395bc91a,1676.34,65.91,6.675605742,54000,55000
9a0d4afd23642c78acc27e20ec7986b8395bc91a,1646.32,64.95,6.546064641,54000,55000
9a0d4afd23642c78acc27e20ec7986b8395bc91a,1681.90,66.07,6.686587706,54000,54000
9a0d4afd23642c78acc27e20ec7986b8395bc91a,1652.90,65.13,6.591016722,54000,54000
9a0d4afd23642c78acc27e20ec7986b8395bc91a,1622.42,63.96,6.462116008,55000,54000
9a0d4afd23642c78acc27e20ec7986b8395bc91a,1643.03,64.62,6.541171383,54000,54000
9a0d4afd23642c78acc27e20ec7986b8395bc91a,1670.05,65.75,6.628760239,55000,55000
9a0d4afd23642c78acc27e20ec7986b8395bc91a,1663.97,65.62,6.614677700,55000,54000
9a0d4afd23642c78acc27e20ec7986b8395bc91a,1645.96,65.19,6.556903335,54000,54000
9a0d4afd23642c78acc27e20ec7986b8395bc91a,1652.20,65.28,6.578639589,54000,54000
9a0d4afd23642c78acc27e20ec7986b8395bc91a,1652.67,65.13,6.574433049,54000,54000
9a0d4afd23642c78acc27e20ec7986b8395bc91a,1673.55,66.08,6.658711452,54000,54000
9a0d4afd23642c78acc27e20ec7986b8395bc91a,1640.35,64.70,6.531254351,54000,54000
9a0d4afd23642c78acc27e20ec7986b8395bc91a,1661.35,65.42,6.619918254,54000,55000
9a0d4afd23642c78acc27e20ec7986b8395bc91a,1655.09,65.32,6.573232791,55000,54000
9a0d4afd23642c78acc27e20ec7986b8395bc91a,1673.40,66.10,6.648338143,54000,54000
9a0d4afd23642c78acc27e20ec7986b8395bc91a,1676.47,66.26,6.683697597,54000,54000
9a0d4afd23642c78acc27e20ec7986b8395bc91a,1671.34,66.25,6.664822670,54000,54000
9a0d4afd23642c78acc27e20ec7986b8395bc91a,1645.66,65.32,6.556833625,54000,54000
9a0d4afd23642c78acc27e20ec7986b8395bc91a,1647.35,64.89,6.563695820,54000,53000
e6ee80f446e629021763df43f762238bffdb94a3,1658.33,65.38,6.588986337,54000,55000
e6ee80f446e629021763df43f762238bffdb94a3,1643.17,64.97,6.536125343,54000,54000
e6ee80f446e629021763df43f762238bffdb94a3,1689.92,66.80,6.729563407,54000,55000
e6ee80f446e629021763df43f762238bffdb94a3,1663.72,65.62,6.619822317,54000,55000
e6ee80f446e629021763df43f762238bffdb94a3,1677.00,66.35,6.675246033,55000,54000
e6ee80f446e629021763df43f762238bffdb94a3,1658.00,65.40,6.597931312,54000,54000
e6ee80f446e629021763df43f762238bffdb94a3,1658.00,65.37,6.610608897,55000,56000
e6ee80f446e629021763df43f762238bffdb94a3,1654.78,65.27,6.580996335,55000,54000
e6ee80f446e629021763df43f762238bffdb94a3,1633.37,64.58,6.503354712,55000,55000
e6ee80f446e629021763df43f762238bffdb94a3,1656.40,65.35,6.610342791,54000,55000
e6ee80f446e629021763df43f762238bffdb94a3,1653.61,65.33,6.586773914,54000,55000
e6ee80f446e629021763df43f762238bffdb94a3,1655.67,65.40,6.591128549,55000,54000
e6ee80f446e629021763df43f762238bffdb94a3,1665.04,65.42,6.620052642,54000,54000
e6ee80f446e629021763df43f762238bffdb94a3,1687.53,66.82,6.718856477,54000,54000
e6ee80f446e629021763df43f762238bffdb94a3,1694.04,66.87,6.741584407,54000,54000
e6ee80f446e629021763df43f762238bffdb94a3,1655.47,65.62,6.599581039,54000,54000
e6ee80f446e629021763df43f762238bffdb94a3,1695.05,67.13,6.728425395,54000,54000
e6ee80f446e629021763df43f762238bffdb94a3,1666.59,65.48,6.637700264,55000,54000
e6ee80f446e629021763df43f762238bffdb94a3,1655.65,65.16,6.590727397,54000,54000
e6ee80f446e629021763df43f762238bffdb94a3,1661.47,65.53,6.611653854,54000,54000
e6ee80f446e629021763df43f762238bffdb94a3,1664.91,65.70,6.641215924,54000,54000
e6ee80f446e629021763df43f762238bffdb94a3,1661.13,65.45,6.606216470,54000,54000
e6ee80f446e629021763df43f762238bffdb94a3,1654.06,65.21,6.577448195,54000,54000
e6ee80f446e629021763df43f762238bffdb94a3,1647.95,65.00,6.560220343,54000,55000
e6ee80f446e629021763df43f762238bffdb94a3,1673.02,66.11,6.659556877,54000,55000
e6ee80f446e629021763df43f762238bffdb94a3,1658.07,65.30,6.590922699,54000,54000
e6ee80f446e629021763df43f762238bffdb94a3,1660.28,65.54,6.606407549,54000,54000
e6ee80f446e629021763df43f762238bffdb94a3,1651.47,65.10,6.568771595,54000,54000
e6ee80f446e629021763df43f762238bffdb94a3,1673.49,66.50,6.662976206,54000,54000
e6ee80f446e629021763df43f762238bffdb94a3,1662.49,65.69,6.608179631,54000,54000
178c73e4064a462e324c35147a71d2cfaf590ccf,1678.62,66.69,6.672731833,57000,55000
178c73e4064a462e324c35147a71d2cfaf590ccf,1670.38,66.19,6.647034491,55000,54000
178c73e4064a462e324c35147a71d2cfaf590ccf,1709.59,68.09,6.793846182,54000,55000
178c73e4064a462e324c35147a71d2cfaf590ccf,1661.65,65.60,6.621332935,54000,54000
178c73e4064a462e324c35147a71d2cfaf590ccf,1656.52,65.70,6.577120070,54000,54000
178c73e4064a462e324c35147a71d2cfaf590ccf,1680.14,66.59,6.698330288,54000,54000
178c73e4064a462e324c35147a71d2cfaf590ccf,1646.05,65.03,6.543743296,54000,55000
178c73e4064a462e324c35147a71d2cfaf590ccf,1691.70,66.77,6.749328877,54000,54000
178c73e4064a462e324c35147a71d2cfaf590ccf,1641.72,64.57,6.535062576,55000,55000
178c73e4064a462e324c35147a71d2cfaf590ccf,1665.18,65.85,6.636559117,54000,54000
178c73e4064a462e324c35147a71d2cfaf590ccf,1667.86,65.60,6.632160729,55000,54000
178c73e4064a462e324c35147a71d2cfaf590ccf,1658.14,65.79,6.595678384,54000,54000
178c73e4064a462e324c35147a71d2cfaf590ccf,1681.73,66.60,6.706691790,54000,53000
178c73e4064a462e324c35147a71d2cfaf590ccf,1682.09,66.49,6.696784803,54000,54000
178c73e4064a462e324c35147a71d2cfaf590ccf,1664.24,65.85,6.618540735,55000,54000
178c73e4064a462e324c35147a71d2cfaf590ccf,1660.46,65.72,6.625886366,54000,54000
178c73e4064a462e324c35147a71d2cfaf590ccf,1678.11,66.25,6.667623466,54000,54000
178c73e4064a462e324c35147a71d2cfaf590ccf,1684.59,66.54,6.686659365,55000,54000
178c73e4064a462e324c35147a71d2cfaf590ccf,1689.97,67.19,6.721946636,54000,54000
178c73e4064a462e324c35147a71d2cfaf590ccf,1670.78,65.84,6.643929556,54000,54000
178c73e4064a462e324c35147a71d2cfaf590ccf,1643.62,65.08,6.547904335,54000,54000
178c73e4064a462e324c35147a71d2cfaf590ccf,1662.82,65.78,6.614018298,54000,54000
178c73e4064a462e324c35147a71d2cfaf590ccf,1646.69,65.14,6.541618330,54000,54000
178c73e4064a462e324c35147a71d2cfaf590ccf,1671.44,66.42,6.631616217,54000,55000
178c73e4064a462e324c35147a71d2cfaf590ccf,1686.46,66.88,6.696678533,54000,54000
178c73e4064a462e324c35147a71d2cfaf590ccf,1669.16,66.25,6.639827659,54000,54000
178c73e4064a462e324c35147a71d2cfaf590ccf,1683.43,66.67,6.681321909,54000,54000
178c73e4064a462e324c35147a71d2cfaf590ccf,1682.57,66.65,6.687005483,54000,54000
178c73e4064a462e324c35147a71d2cfaf590ccf,1683.46,66.51,6.705735588,54000,54000
178c73e4064a462e324c35147a71d2cfaf590ccf,1672.05,66.22,6.657640801,55000,54000
ad5211c15cb360584debb757cdb1bf52092f08ec,1664.15,65.78,6.606241917,54000,54000
ad5211c15cb360584debb757cdb1bf52092f08ec,1663.76,65.81,6.617166765,54000,54000
ad5211c15cb360584debb757cdb1bf52092f08ec,1661.18,65.84,6.605354028,54000,54000
ad5211c15cb360584debb757cdb1bf52092f08ec,1659.37,65.57,6.611981431,54000,55000
ad5211c15cb360584debb757cdb1bf52092f08ec,1689.43,67.02,6.728891692,54000,54000
ad5211c15cb360584debb757cdb1bf52092f08ec,1652.62,65.39,6.577601224,54000,55000
ad5211c15cb360584debb757cdb1bf52092f08ec,1684.06,66.37,6.697962871,54000,55000
ad5211c15cb360584debb757cdb1bf52092f08ec,1665.70,65.71,6.616669777,54000,54000
ad5211c15cb360584debb757cdb1bf52092f08ec,1649.00,65.22,6.553344126,54000,54000
ad5211c15cb360584debb757cdb1bf52092f08ec,1642.37,64.85,6.538813414,54000,54000
ad5211c15cb360584debb757cdb1bf52092f08ec,1666.59,66.13,6.623737019,54000,54000
ad5211c15cb360584debb757cdb1bf52092f08ec,1656.82,65.66,6.593268529,54000,55000
ad5211c15cb360584debb757cdb1bf52092f08ec,1673.59,66.30,6.662649571,55000,54000
ad5211c15cb360584debb757cdb1bf52092f08ec,1654.58,65.09,6.581546221,53000,54000
ad5211c15cb360584debb757cdb1bf52092f08ec,1674.37,66.47,6.654622123,54000,54000
ad5211c15cb360584debb757cdb1bf52092f08ec,1694.81,67.07,6.755589666,54000,54000
ad5211c15cb360584debb757cdb1bf52092f08ec,1676.24,65.79,6.677327994,55000,54000
ad5211c15cb360584debb757cdb1bf52092f08ec,1690.72,66.70,6.720664675,54000,54000
ad5211c15cb360584debb757cdb1bf52092f08ec,1665.92,65.59,6.634943215,54000,54000
ad5211c15cb360584debb757cdb1bf52092f08ec,1653.96,65.07,6.591265988,54000,54000
ad5211c15cb360584debb757cdb1bf52092f08ec,1664.53,65.41,6.620848712,55000,54000
ad5211c15cb360584debb757cdb1bf52092f08ec,1650.04,65.18,6.566378557,54000,54000
ad5211c15cb360584debb757cdb1bf52092f08ec,1666.63,66.02,6.612000961,54000,54000
ad5211c15cb360584debb757cdb1bf52092f08ec,1675.17,66.56,6.656801237,54000,54000
ad5211c15cb360584debb757cdb1bf52092f08ec,1664.83,65.82,6.626032353,54000,54000
ad5211c15cb360584debb757cdb1bf52092f08ec,1670.98,66.01,6.642152325,55000,54000
ad5211c15cb360584debb757cdb1bf52092f08ec,1666.14,66.03,6.614824487,54000,54000
ad5211c15cb360584debb757cdb1bf52092f08ec,1659.70,65.78,6.592445499,54000,54000
ad5211c15cb360584debb757cdb1bf52092f08ec,1663.26,65.90,6.607320104,54000,54000
ad5211c15cb360584debb757cdb1bf52092f08ec,1698.31,67.16,6.758014994,54000,54000
9ff4a3e91a045b6d950f0bfcd2606a69123ae186,1658.18,65.56,6.608839468,55000,56000
9ff4a3e91a045b6d950f0bfcd2606a69123ae186,1678.82,66.41,6.689252103,54000,54000
9ff4a3e91a045b6d950f0bfcd2606a69123ae186,1647.96,64.85,6.561303640,55000,54000
9ff4a3e91a045b6d950f0bfcd2606a69123ae186,1637.90,64.44,6.517542696,54000,54000
9ff4a3e91a045b6d950f0bfcd2606a69123ae186,1686.15,66.53,6.709649240,55000,54000
9ff4a3e91a045b6d950f0bfcd2606a69123ae186,1663.41,65.87,6.607152506,54000,54000
9ff4a3e91a045b6d950f0bfcd2606a69123ae186,1649.94,64.87,6.550153712,54000,55000
9ff4a3e91a045b6d950f0bfcd2606a69123ae186,1661.98,65.67,6.608091453,54000,54000
9ff4a3e91a045b6d950f0bfcd2606a69123ae186,1687.81,66.81,6.704184015,54000,54000
9ff4a3e91a045b6d950f0bfcd2606a69123ae186,1681.70,66.41,6.692559181,56000,55000
9ff4a3e91a045b6d950f0bfcd2606a69123ae186,1666.04,65.58,6.621412819,54000,54000
9ff4a3e91a045b6d950f0bfcd2606a69123ae186,1641.82,64.71,6.534320422,54000,54000
9ff4a3e91a045b6d950f0bfcd2606a69123ae186,1662.00,65.68,6.600447045,54000,54000
9ff4a3e91a045b6d950f0bfcd2606a69123ae186,1642.97,64.76,6.532275623,54000,54000
9ff4a3e91a045b6d950f0bfcd2606a69123ae186,1669.05,65.85,6.646105801,54000,55000
9ff4a3e91a045b6d950f0bfcd2606a69123ae186,1661.29,65.42,6.610697784,54000,54000
9ff4a3e91a045b6d950f0bfcd2606a69123ae186,1648.80,65.09,6.561917557,54000,55000
9ff4a3e91a045b6d950f0bfcd2606a69123ae186,1647.69,65.09,6.546776997,54000,54000
9ff4a3e91a045b6d950f0bfcd2606a69123ae186,1673.94,65.94,6.656864116,54000,55000
9ff4a3e91a045b6d950f0bfcd2606a69123ae186,1659.08,65.56,6.593453552,54000,54000
9ff4a3e91a045b6d950f0bfcd2606a69123ae186,1638.69,64.84,6.526807619,54000,54000
9ff4a3e91a045b6d950f0bfcd2606a69123ae186,1655.03,65.30,6.581930472,55000,54000
9ff4a3e91a045b6d950f0bfcd2606a69123ae186,1657.88,65.50,6.615690182,54000,54000
9ff4a3e91a045b6d950f0bfcd2606a69123ae186,1643.53,64.90,6.532929546,53000,53000
9ff4a3e91a045b6d950f0bfcd2606a69123ae186,1684.76,66.44,6.701324098,54000,54000
9ff4a3e91a045b6d950f0bfcd2606a69123ae186,1669.66,65.88,6.648578216,54000,54000
9ff4a3e91a045b6d950f0bfcd2606a69123ae186,1662.29,65.81,6.610504426,55000,54000
9ff4a3e91a045b6d950f0bfcd2606a69123ae186,1650.39,65.48,6.558657717,53000,54000
9ff4a3e91a045b6d950f0bfcd2606a69123ae186,1648.83,64.91,6.555744121,54000,54000
9ff4a3e91a045b6d950f0bfcd2606a69123ae186,1645.13,65.03,6.539988801,54000,54000
fdd3469d311a307c1014b2873a0f6a54b178e20d,1677.66,66.75,6.664871798,55000,56000
fdd3469d311a307c1014b2873a0f6a54b178e20d,1692.12,67.05,6.730173202,55000,54000
fdd3469d311a307c1014b2873a0f6a54b178e20d,1654.47,65.91,6.574918968,54000,53000
fdd3469d311a307c1014b2873a0f6a54b178e20d,1665.97,66.09,6.609668010,55000,55000
fdd3469d311a307c1014b2873a0f6a54b178e20d,1659.08,65.34,6.601078493,55000,54000
fdd3469d311a307c1014b2873a0f6a54b178e20d,1686.70,66.84,6.703166300,55000,55000
fdd3469d311a307c1014b2873a0f6a54b178e20d,1667.44,66.02,6.620889853,55000,55000
fdd3469d311a307c1014b2873a0f6a54b178e20d,1683.10,66.59,6.702694751,54000,54000
fdd3469d311a307c1014b2873a0f6a54b178e20d,1667.60,65.90,6.638057524,54000,55000
fdd3469d311a307c1014b2873a0f6a54b178e20d,1653.79,65.62,6.573629363,55000,55000
fdd3469d311a307c1014b2873a0f6a54b178e20d,1661.75,65.53,6.657166769,55000,55000
fdd3469d311a307c1014b2873a0f6a54b178e20d,1666.28,65.83,6.635748203,55000,54000
fdd3469d311a307c1014b2873a0f6a54b178e20d,1671.67,65.77,6.641703508,55000,54000
fdd3469d311a307c1014b2873a0f6a54b178e20d,1670.74,66.22,6.656318456,54000,55000
fdd3469d311a307c1014b2873a0f6a54b178e20d,1658.36,65.11,6.598843830,55000,54000
fdd3469d311a307c1014b2873a0f6a54b178e20d,1679.83,66.61,6.672379700,54000,54000
fdd3469d311a307c1014b2873a0f6a54b178e20d,1695.56,66.95,6.735031863,55000,54000
fdd3469d311a307c1014b2873a0f6a54b178e20d,1673.24,66.13,6.640450550,54000,54000
fdd3469d311a307c1014b2873a0f6a54b178e20d,1665.92,66.00,6.629602025,55000,55000
fdd3469d311a307c1014b2873a0f6a54b178e20d,1654.07,65.75,6.577900146,55000,54000
fdd3469d311a307c1014b2873a0f6a54b178e20d,1674.29,66.34,6.670483280,55000,54000
fdd3469d311a307c1014b2873a0f6a54b178e20d,1660.95,65.84,6.600229653,54000,55000
fdd3469d311a307c1014b2873a0f6a54b178e20d,1660.63,65.76,6.595475467,54000,55000
fdd3469d311a307c1014b2873a0f6a54b178e20d,1663.81,65.94,6.617239077,54000,54000
fdd3469d311a307c1014b2873a0f6a54b178e20d,1664.15,65.71,6.607391719,54000,54000
fdd3469d311a307c1014b2873a0f6a54b178e20d,1658.89,65.39,6.603036030,55000,54000
fdd3469d311a307c1014b2873a0f6a54b178e20d,1665.91,65.71,6.620414518,54000,54000
fdd3469d311a307c1014b2873a0f6a54b178e20d,1663.63,65.70,6.611453827,54000,54000
fdd3469d311a307c1014b2873a0f6a54b178e20d,1666.74,66.05,6.624622299,54000,54000
fdd3469d311a307c1014b2873a0f6a54b178e20d,1686.27,66.91,6.718006550,55000,54000
f02831e29c0f7dd49df556c7a17f882ae23a1572,1673.43,66.44,6.651178576,56000,56000
f02831e29c0f7dd49df556c7a17f882ae23a1572,1668.48,65.92,6.652813689,54000,54000
f02831e29c0f7dd49df556c7a17f882ae23a1572,1659.98,65.47,6.600694471,54000,54000
f02831e29c0f7dd49df556c7a17f882ae23a1572,1664.79,65.72,6.615463362,55000,55000
f02831e29c0f7dd49df556c7a17f882ae23a1572,1686.14,67.02,6.703479686,54000,54000
f02831e29c0f7dd49df556c7a17f882ae23a1572,1664.29,65.43,6.641274363,54000,54000
f02831e29c0f7dd49df556c7a17f882ae23a1572,1654.61,65.44,6.586360934,54000,55000
f02831e29c0f7dd49df556c7a17f882ae23a1572,1652.08,64.98,6.568707461,54000,55000
f02831e29c0f7dd49df556c7a17f882ae23a1572,1682.11,66.54,6.682324574,55000,54000
f02831e29c0f7dd49df556c7a17f882ae23a1572,1663.61,65.89,6.616263718,54000,54000
f02831e29c0f7dd49df556c7a17f882ae23a1572,1695.71,66.96,6.767513954,54000,54000
f02831e29c0f7dd49df556c7a17f882ae23a1572,1650.11,65.04,6.552303898,54000,54000
f02831e29c0f7dd49df556c7a17f882ae23a1572,1664.01,65.77,6.627269832,54000,55000
f02831e29c0f7dd49df556c7a17f882ae23a1572,1649.75,65.30,6.567857453,54000,55000
f02831e29c0f7dd49df556c7a17f882ae23a1572,1662.47,65.92,6.603799509,54000,54000
f02831e29c0f7dd49df556c7a17f882ae23a1572,1667.70,65.72,6.630489734,54000,54000
f02831e29c0f7dd49df556c7a17f882ae23a1572,1650.71,65.19,6.552144348,55000,54000
f02831e29c0f7dd49df556c7a17f882ae23a1572,1671.82,65.99,6.658490654,54000,54000
f02831e29c0f7dd49df556c7a17f882ae23a1572,1707.42,67.41,6.789641391,55000,54000
f02831e29c0f7dd49df556c7a17f882ae23a1572,1659.79,65.51,6.590313646,54000,54000
f02831e29c0f7dd49df556c7a17f882ae23a1572,1676.58,66.39,6.660137213,54000,54000
f02831e29c0f7dd49df556c7a17f882ae23a1572,1651.59,65.23,6.583571315,56000,55000
f02831e29c0f7dd49df556c7a17f882ae23a1572,1681.33,66.63,6.703366204,56000,55000
f02831e29c0f7dd49df556c7a17f882ae23a1572,1653.99,65.11,6.577616854,54000,54000
f02831e29c0f7dd49df556c7a17f882ae23a1572,1672.16,65.93,6.649627763,54000,54000
f02831e29c0f7dd49df556c7a17f882ae23a1572,1663.11,65.81,6.611352622,54000,54000
f02831e29c0f7dd49df556c7a17f882ae23a1572,1669.95,66.15,6.642592046,54000,54000
f02831e29c0f7dd49df556c7a17f882ae23a1572,1664.62,65.89,6.627140515,53000,54000
f02831e29c0f7dd49df556c7a17f882ae23a1572,1651.74,65.04,6.583263938,54000,54000
f02831e29c0f7dd49df556c7a17f882ae23a1572,1674.98,66.17,6.672695342,54000,54000
2408c6e4e2d0f2fbce07fa8d8eaf83eeb95c83db,1649.27,65.60,6.569127189,55000,55000
2408c6e4e2d0f2fbce07fa8d8eaf83eeb95c83db,1681.18,66.51,6.679850057,54000,55000
2408c6e4e2d0f2fbce07fa8d8eaf83eeb95c83db,1707.10,67.68,6.779240790,54000,54000
2408c6e4e2d0f2fbce07fa8d8eaf83eeb95c83db,1658.42,65.53,6.596338252,54000,54000
2408c6e4e2d0f2fbce07fa8d8eaf83eeb95c83db,1659.07,65.29,6.598463072,55000,54000
2408c6e4e2d0f2fbce07fa8d8eaf83eeb95c83db,1664.55,65.48,6.625051219,54000,55000
2408c6e4e2d0f2fbce07fa8d8eaf83eeb95c83db,1665.84,65.78,6.636090963,55000,55000
2408c6e4e2d0f2fbce07fa8d8eaf83eeb95c83db,1645.20,64.77,6.542743727,54000,54000
2408c6e4e2d0f2fbce07fa8d8eaf83eeb95c83db,1662.90,65.61,6.618367735,55000,55000
2408c6e4e2d0f2fbce07fa8d8eaf83eeb95c83db,1652.01,65.33,6.565930497,55000,54000
2408c6e4e2d0f2fbce07fa8d8eaf83eeb95c83db,1673.20,65.99,6.652472547,55000,55000
2408c6e4e2d0f2fbce07fa8d8eaf83eeb95c83db,1660.23,65.75,6.587237062,54000,54000
2408c6e4e2d0f2fbce07fa8d8eaf83eeb95c83db,1685.74,66.97,6.716337373,55000,54000
2408c6e4e2d0f2fbce07fa8d8eaf83eeb95c83db,1652.36,65.23,6.579105009,54000,54000
2408c6e4e2d0f2fbce07fa8d8eaf83eeb95c83db,1661.11,65.40,6.622107206,55000,54000
2408c6e4e2d0f2fbce07fa8d8eaf83eeb95c83db,1685.34,66.57,6.702751423,54000,55000
2408c6e4e2d0f2fbce07fa8d8eaf83eeb95c83db,1686.37,66.77,6.717041917,54000,54000
2408c6e4e2d0f2fbce07fa8d8eaf83eeb95c83db,1648.74,65.30,6.560598626,54000,54000
2408c6e4e2d0f2fbce07fa8d8eaf83eeb95c83db,1657.87,65.47,6.590738142,54000,55000
2408c6e4e2d0f2fbce07fa8d8eaf83eeb95c83db,1666.90,66.15,6.620181421,54000,54000
2408c6e4e2d0f2fbce07fa8d8eaf83eeb95c83db,1659.85,65.70,6.617248063,54000,55000
2408c6e4e2d0f2fbce07fa8d8eaf83eeb95c83db,1665.25,66.11,6.606122293,55000,54000
2408c6e4e2d0f2fbce07fa8d8eaf83eeb95c83db,1664.45,66.04,6.609455162,54000,54000
2408c6e4e2d0f2fbce07fa8d8eaf83eeb95c83db,1681.34,66.31,6.684807298,54000,54000
2408c6e4e2d0f2fbce07fa8d8eaf83eeb95c83db,1651.61,65.11,6.580761366,54000,54000
2408c6e4e2d0f2fbce07fa8d8eaf83eeb95c83db,1645.28,65.08,6.541113986,54000,54000
2408c6e4e2d0f2fbce07fa8d8eaf83eeb95c83db,1668.06,65.80,6.636619988,54000,54000
2408c6e4e2d0f2fbce07fa8d8eaf83eeb95c83db,1672.93,66.22,6.648680684,54000,54000
2408c6e4e2d0f2fbce07fa8d8eaf83eeb95c83db,1653.08,65.18,6.587863667,54000,54000
2408c6e4e2d0f2fbce07fa8d8eaf83eeb95c83db,1660.26,65.57,6.616833187,54000,54000
7494827c099fda0e859e2a6e1aa8dd390cf4ff3f,1679.42,66.04,6.672634163,54000,55000
7494827c099fda0e859e2a6e1aa8dd390cf4ff3f,1644.37,65.06,6.534644107,54000,54000
7494827c099fda0e859e2a6e1aa8dd390cf4ff3f,1657.45,65.38,6.582506507,55000,55000
7494827c099fda0e859e2a6e1aa8dd390cf4ff3f,1650.51,65.13,6.562317218,54000,55000
7494827c099fda0e859e2a6e1aa8dd390cf4ff3f,1665.24,66.06,6.626014299,55000,54000
7494827c099fda0e859e2a6e1aa8dd390cf4ff3f,1673.03,66.15,6.648912446,54000,54000
7494827c099fda0e859e2a6e1aa8dd390cf4ff3f,1659.34,65.36,6.599896091,55000,54000
7494827c099fda0e859e2a6e1aa8dd390cf4ff3f,1688.87,67.31,6.723054569,55000,54000
7494827c099fda0e859e2a6e1aa8dd390cf4ff3f,1684.52,66.95,6.704859737,54000,55000
7494827c099fda0e859e2a6e1aa8dd390cf4ff3f,1645.95,64.76,6.555127726,55000,54000
7494827c099fda0e859e2a6e1aa8dd390cf4ff3f,1664.62,65.58,6.623608683,54000,54000
7494827c099fda0e859e2a6e1aa8dd390cf4ff3f,1685.97,66.40,6.700177062,55000,55000
7494827c099fda0e859e2a6e1aa8dd390cf4ff3f,1666.13,65.63,6.617931959,54000,54000
7494827c099fda0e859e2a6e1aa8dd390cf4ff3f,1689.24,66.74,6.706240406,54000,54000
7494827c099fda0e859e2a6e1aa8dd390cf4ff3f,1657.67,64.94,6.599609907,54000,54000
7494827c099fda0e859e2a6e1aa8dd390cf4ff3f,1658.61,65.23,6.596698619,55000,54000
7494827c099fda0e859e2a6e1aa8dd390cf4ff3f,1674.34,66.18,6.663248212,54000,54000
7494827c099fda0e859e2a6e1aa8dd390cf4ff3f,1659.06,65.52,6.593394032,55000,54000
7494827c099fda0e859e2a6e1aa8dd390cf4ff3f,1640.81,64.42,6.544360122,54000,55000
7494827c099fda0e859e2a6e1aa8dd390cf4ff3f,1664.41,65.49,6.639482053,54000,54000
7494827c099fda0e859e2a6e1aa8dd390cf4ff3f,1651.62,64.98,6.571105226,55000,54000
7494827c099fda0e859e2a6e1aa8dd390cf4ff3f,1650.44,65.28,6.570620789,55000,54000
7494827c099fda0e859e2a6e1aa8dd390cf4ff3f,1680.86,66.58,6.680219789,54000,54000
7494827c099fda0e859e2a6e1aa8dd390cf4ff3f,1681.30,66.36,6.681854976,54000,54000
7494827c099fda0e859e2a6e1aa8dd390cf4ff3f,1646.11,64.70,6.549481703,54000,54000
7494827c099fda0e859e2a6e1aa8dd390cf4ff3f,1657.62,65.40,6.607275705,54000,54000
7494827c099fda0e859e2a6e1aa8dd390cf4ff3f,1644.04,64.92,6.545108735,54000,54000
7494827c099fda0e859e2a6e1aa8dd390cf4ff3f,1676.71,66.33,6.680428382,54000,54000
7494827c099fda0e859e2a6e1aa8dd390cf4ff3f,1652.48,65.27,6.579988345,54000,54000
7494827c099fda0e859e2a6e1aa8dd390cf4ff3f,1642.55,64.33,6.546555427,54000,54000
a8bc053eef738529a4cbb77f618b53cb84cfea8e,1648.98,65.06,6.559116489,56000,55000
a8bc053eef738529a4cbb77f618b53cb84cfea8e,1652.14,65.04,6.565804178,55000,54000
a8bc053eef738529a4cbb77f618b53cb84cfea8e,1658.57,65.76,6.604318506,54000,55000
a8bc053eef738529a4cbb77f618b53cb84cfea8e,1646.87,65.00,6.558289686,54000,54000
a8bc053eef738529a4cbb77f618b53cb84cfea8e,1677.05,66.30,6.681926379,54000,55000
a8bc053eef738529a4cbb77f618b53cb84cfea8e,1660.98,65.62,6.620287755,54000,55000
a8bc053eef738529a4cbb77f618b53cb84cfea8e,1646.33,64.92,6.566334437,54000,55000
a8bc053eef738529a4cbb77f618b53cb84cfea8e,1679.36,66.02,6.701363821,55000,54000
a8bc053eef738529a4cbb77f618b53cb84cfea8e,1666.65,65.76,6.629882715,56000,55000
a8bc053eef738529a4cbb77f618b53cb84cfea8e,1653.54,65.13,6.589417491,55000,54000
a8bc053eef738529a4cbb77f618b53cb84cfea8e,1661.89,65.74,6.616058022,54000,54000
a8bc053eef738529a4cbb77f618b53cb84cfea8e,1663.74,65.54,6.631416762,54000,54000
a8bc053eef738529a4cbb77f618b53cb84cfea8e,1658.78,65.27,6.605373192,54000,54000
a8bc053eef738529a4cbb77f618b53cb84cfea8e,1654.82,64.97,6.579502014,54000,54000
a8bc053eef738529a4cbb77f618b53cb84cfea8e,1653.36,65.15,6.570394306,54000,54000
a8bc053eef738529a4cbb77f618b53cb84cfea8e,1684.03,66.56,6.699105968,55000,54000
a8bc053eef738529a4cbb77f618b53cb84cfea8e,1680.82,66.31,6.688446231,55000,54000
a8bc053eef738529a4cbb77f618b53cb84cfea8e,1663.70,65.73,6.621614517,54000,54000
a8bc053eef738529a4cbb77f618b53cb84cfea8e,1639.55,64.68,6.527426210,54000,55000
a8bc053eef738529a4cbb77f618b53cb84cfea8e,1655.39,65.39,6.590575945,54000,54000
a8bc053eef738529a4cbb77f618b53cb84cfea8e,1652.61,65.31,6.577196283,55000,55000
a8bc053eef738529a4cbb77f618b53cb84cfea8e,1672.50,66.26,6.651682434,55000,55000
a8bc053eef738529a4cbb77f618b53cb84cfea8e,1645.15,65.23,6.536881813,55000,54000
a8bc053eef738529a4cbb77f618b53cb84cfea8e,1647.24,64.85,6.562190398,54000,53000
a8bc053eef738529a4cbb77f618b53cb84cfea8e,1656.98,65.36,6.589971112,54000,54000
a8bc053eef738529a4cbb77f618b53cb84cfea8e,1655.62,65.32,6.600973988,54000,54000
a8bc053eef738529a4cbb77f618b53cb84cfea8e,1655.39,65.29,6.583208275,54000,54000
a8bc053eef738529a4cbb77f618b53cb84cfea8e,1639.67,64.55,6.534296477,54000,54000
a8bc053eef738529a4cbb77f618b53cb84cfea8e,1663.25,65.45,6.613278989,54000,54000
a8bc053eef738529a4cbb77f618b53cb84cfea8e,1657.41,65.50,6.580558465,54000,54000
09a4e40df31af3d44220982802016d711ca31749,1654.35,65.61,6.567781181,54000,54000
09a4e40df31af3d44220982802016d711ca31749,1664.37,66.22,6.614976708,54000,54000
09a4e40df31af3d44220982802016d711ca31749,1679.27,66.48,6.657652401,55000,54000
09a4e40df31af3d44220982802016d711ca31749,1670.44,66.06,6.624991930,54000,55000
09a4e40df31af3d44220982802016d711ca31749,1682.70,66.65,6.680010892,54000,55000
09a4e40df31af3d44220982802016d711ca31749,1652.20,65.41,6.584341229,55000,55000
09a4e40df31af3d44220982802016d711ca31749,1678.59,66.59,6.670711077,55000,54000
09a4e40df31af3d44220982802016d711ca31749,1669.07,66.06,6.631904684,55000,55000
09a4e40df31af3d44220982802016d711ca31749,1683.59,66.65,6.688752605,54000,54000
09a4e40df31af3d44220982802016d711ca31749,1690.63,66.91,6.712917958,55000,54000
09a4e40df31af3d44220982802016d711ca31749,1655.25,65.38,6.594482119,54000,54000
09a4e40df31af3d44220982802016d711ca31749,1666.28,66.15,6.621188029,54000,55000
09a4e40df31af3d44220982802016d711ca31749,1690.24,66.98,6.727186056,54000,54000
09a4e40df31af3d44220982802016d711ca31749,1673.60,66.66,6.644679343,54000,54000
09a4e40df31af3d44220982802016d711ca31749,1654.24,65.82,6.571857869,54000,54000
09a4e40df31af3d44220982802016d711ca31749,1664.06,66.05,6.622974590,55000,54000
09a4e40df31af3d44220982802016d711ca31749,1674.20,66.23,6.644936829,54000,54000
09a4e40df31af3d44220982802016d711ca31749,1663.16,65.63,6.603687712,54000,54000
09a4e40df31af3d44220982802016d711ca31749,1676.46,66.10,6.666055193,56000,54000
09a4e40df31af3d44220982802016d711ca31749,1682.28,66.16,6.674547421,54000,54000
09a4e40df31af3d44220982802016d711ca31749,1679.85,66.60,6.659648222,54000,54000
09a4e40df31af3d44220982802016d711ca31749,1663.29,65.85,6.595076365,54000,54000
09a4e40df31af3d44220982802016d711ca31749,1679.17,66.42,6.681402427,54000,55000
09a4e40df31af3d44220982802016d711ca31749,1686.92,66.92,6.697199549,55000,54000
09a4e40df31af3d44220982802016d711ca31749,1702.34,67.95,6.750834336,54000,55000
09a4e40df31af3d44220982802016d711ca31749,1672.35,66.41,6.631152589,54000,54000
09a4e40df31af3d44220982802016d711ca31749,1672.40,66.11,6.634332663,54000,54000
09a4e40df31af3d44220982802016d711ca31749,1699.91,67.76,6.744530650,54000,54000
09a4e40df31af3d44220982802016d711ca31749,1675.63,66.16,6.660016542,54000,54000
09a4e40df31af3d44220982802016d711ca31749,1668.80,66.00,6.638736922,54000,54000
ddb2c79305bacf54136c120fb6a7fac637a34ccd,1668.35,65.63,6.651435846,55000,55000
ddb2c79305bacf54136c120fb6a7fac637a34ccd,1648.37,65.20,6.566017575,55000,56000
ddb2c79305bacf54136c120fb6a7fac637a34ccd,1648.86,65.16,6.553294677,54000,55000
ddb2c79305bacf54136c120fb6a7fac637a34ccd,1688.02,66.76,6.709523041,56000,54000
ddb2c79305bacf54136c120fb6a7fac637a34ccd,1672.35,65.82,6.650106033,54000,54000
ddb2c79305bacf54136c120fb6a7fac637a34ccd,1676.61,66.12,6.675647851,54000,54000
ddb2c79305bacf54136c120fb6a7fac637a34ccd,1660.54,65.65,6.602155321,54000,54000
ddb2c79305bacf54136c120fb6a7fac637a34ccd,1666.27,65.75,6.640398508,54000,54000
ddb2c79305bacf54136c120fb6a7fac637a34ccd,1686.80,66.56,6.735678942,55000,55000
ddb2c79305bacf54136c120fb6a7fac637a34ccd,1656.96,65.23,6.596369352,55000,54000
ddb2c79305bacf54136c120fb6a7fac637a34ccd,1662.83,65.73,6.622538877,54000,54000
ddb2c79305bacf54136c120fb6a7fac637a34ccd,1655.33,65.28,6.582915072,54000,54000
ddb2c79305bacf54136c120fb6a7fac637a34ccd,1707.78,67.29,6.796717375,54000,54000
ddb2c79305bacf54136c120fb6a7fac637a34ccd,1652.34,65.07,6.563999239,55000,55000
ddb2c79305bacf54136c120fb6a7fac637a34ccd,1667.96,65.85,6.630317018,54000,55000
ddb2c79305bacf54136c120fb6a7fac637a34ccd,1668.67,65.70,6.645745555,55000,54000
ddb2c79305bacf54136c120fb6a7fac637a34ccd,1651.76,65.10,6.571258885,55000,54000
ddb2c79305bacf54136c120fb6a7fac637a34ccd,1663.93,66.09,6.599630637,56000,54000
ddb2c79305bacf54136c120fb6a7fac637a34ccd,1641.64,64.85,6.528467187,55000,54000
ddb2c79305bacf54136c120fb6a7fac637a34ccd,1651.24,65.13,6.572509912,54000,55000
ddb2c79305bacf54136c120fb6a7fac637a34ccd,1678.72,66.46,6.667341754,54000,54000
ddb2c79305bacf54136c120fb6a7fac637a34ccd,1665.77,65.93,6.615645158,54000,54000
ddb2c79305bacf54136c120fb6a7fac637a34ccd,1692.80,67.06,6.739912518,54000,54000
ddb2c79305bacf54136c120fb6a7fac637a34ccd,1664.37,65.63,6.629995073,54000,54000
ddb2c79305bacf54136c120fb6a7fac637a34ccd,1679.50,66.36,6.688580444,53000,54000
ddb2c79305bacf54136c120fb6a7fac637a34ccd,1681.50,66.28,6.687576919,54000,54000
ddb2c79305bacf54136c120fb6a7fac637a34ccd,1687.26,66.76,6.739606717,55000,54000
ddb2c79305bacf54136c120fb6a7fac637a34ccd,1675.68,66.16,6.661817857,54000,54000
ddb2c79305bacf54136c120fb6a7fac637a34ccd,1674.48,66.02,6.659361882,54000,54000
ddb2c79305bacf54136c120fb6a7fac637a34ccd,1664.05,65.75,6.632590448,54000,54000
ae035b8c205689da2c8fa581c11f7dacd7485577,1654.42,65.09,6.592464731,55000,54000
ae035b8c205689da2c8fa581c11f7dacd7485577,1686.42,66.41,6.704647957,54000,54000
ae035b8c205689da2c8fa581c11f7dacd7485577,1652.75,64.91,6.568513778,54000,55000
ae035b8c205689da2c8fa581c11f7dacd7485577,1652.04,65.07,6.579488685,55000,54000
ae035b8c205689da2c8fa581c11f7dacd7485577,1638.03,64.46,6.532015166,54000,54000
ae035b8c205689da2c8fa581c11f7dacd7485577,1672.40,66.09,6.656479790,54000,54000
ae035b8c205689da2c8fa581c11f7dacd7485577,1665.63,65.79,6.624444903,55000,54000
ae035b8c205689da2c8fa581c11f7dacd7485577,1696.20,66.98,6.760213498,54000,55000
ae035b8c205689da2c8fa581c11f7dacd7485577,1664.90,65.36,6.629637628,55000,55000
ae035b8c205689da2c8fa581c11f7dacd7485577,1668.68,65.90,6.645119766,56000,56000
ae035b8c205689da2c8fa581c11f7dacd7485577,1655.15,65.53,6.584421268,55000,55000
ae035b8c205689da2c8fa581c11f7dacd7485577,1661.89,65.43,6.608446865,55000,54000
ae035b8c205689da2c8fa581c11f7dacd7485577,1663.86,65.82,6.630245203,54000,54000
ae035b8c205689da2c8fa581c11f7dacd7485577,1651.51,65.12,6.574639993,54000,54000
ae035b8c205689da2c8fa581c11f7dacd7485577,1655.19,65.09,6.589953562,54000,55000
ae035b8c205689da2c8fa581c11f7dacd7485577,1668.06,65.56,6.632101162,55000,55000
ae035b8c205689da2c8fa581c11f7dacd7485577,1643.48,64.77,6.543152255,54000,54000
ae035b8c205689da2c8fa581c11f7dacd7485577,1668.70,65.78,6.632053695,55000,55000
ae035b8c205689da2c8fa581c11f7dacd7485577,1654.60,65.06,6.585183551,54000,55000
ae035b8c205689da2c8fa581c11f7dacd7485577,1661.04,65.73,6.612110077,55000,54000
ae035b8c205689da2c8fa581c11f7dacd7485577,1669.43,65.95,6.661295014,55000,55000
ae035b8c205689da2c8fa581c11f7dacd7485577,1669.05,65.57,6.646277987,55000,55000
ae035b8c205689da2c8fa581c11f7dacd7485577,1658.77,65.46,6.605642703,54000,54000
ae035b8c205689da2c8fa581c11f7dacd7485577,1658.82,65.42,6.597386941,54000,54000
ae035b8c205689da2c8fa581c11f7dacd7485577,1693.75,66.91,6.744858772,55000,55000
ae035b8c205689da2c8fa581c11f7dacd7485577,1663.52,65.78,6.614597596,54000,55000
ae035b8c205689da2c8fa581c11f7dacd7485577,1665.59,65.75,6.629682751,55000,53000
ae035b8c205689da2c8fa581c11f7dacd7485577,1647.18,64.92,6.554453311,54000,54000
ae035b8c205689da2c8fa581c11f7dacd7485577,1673.02,66.24,6.644986015,54000,54000
ae035b8c205689da2c8fa581c11f7dacd7485577,1637.00,64.59,6.519090161,54000,54000
8a4a03b5fe0242fd9334f443a54c9590a08ce969,1668.53,66.16,6.645640798,55000,55000
8a4a03b5fe0242fd9334f443a54c9590a08ce969,1675.59,66.51,6.655236565,54000,54000
8a4a03b5fe0242fd9334f443a54c9590a08ce969,1706.82,67.44,6.779973568,55000,55000
8a4a03b5fe0242fd9334f443a54c9590a08ce969,1710.98,67.68,6.813788511,55000,54000
8a4a03b5fe0242fd9334f443a54c9590a08ce969,1666.45,66.12,6.621077959,55000,55000
8a4a03b5fe0242fd9334f443a54c9590a08ce969,1685.31,66.95,6.696421558,55000,55000
8a4a03b5fe0242fd9334f443a54c9590a08ce969,1679.69,66.50,6.666884906,54000,55000
8a4a03b5fe0242fd9334f443a54c9590a08ce969,1672.49,66.37,6.624297638,55000,54000
8a4a03b5fe0242fd9334f443a54c9590a08ce969,1705.92,67.81,6.775243249,54000,54000
8a4a03b5fe0242fd9334f443a54c9590a08ce969,1667.52,66.06,6.628147137,54000,54000
8a4a03b5fe0242fd9334f443a54c9590a08ce969,1701.79,67.65,6.770532038,54000,54000
8a4a03b5fe0242fd9334f443a54c9590a08ce969,1696.65,66.88,6.733385379,54000,54000
8a4a03b5fe0242fd9334f443a54c9590a08ce969,1678.59,66.49,6.655120646,53000,54000
8a4a03b5fe0242fd9334f443a54c9590a08ce969,1689.31,66.80,6.732584275,54000,54000
8a4a03b5fe0242fd9334f443a54c9590a08ce969,1658.02,65.90,6.595689045,54000,54000
8a4a03b5fe0242fd9334f443a54c9590a08ce969,1672.18,66.44,6.646463226,55000,54000
8a4a03b5fe0242fd9334f443a54c9590a08ce969,1666.32,65.57,6.618874633,54000,54000
8a4a03b5fe0242fd9334f443a54c9590a08ce969,1658.95,65.44,6.598566939,54000,54000
8a4a03b5fe0242fd9334f443a54c9590a08ce969,1670.16,66.47,6.618395256,54000,55000
8a4a03b5fe0242fd9334f443a54c9590a08ce969,1694.00,67.20,6.726790913,54000,54000
8a4a03b5fe0242fd9334f443a54c9590a08ce969,1674.96,66.31,6.666193206,54000,54000
8a4a03b5fe0242fd9334f443a54c9590a08ce969,1670.42,66.15,6.635589337,55000,55000
8a4a03b5fe0242fd9334f443a54c9590a08ce969,1683.13,66.52,6.677314953,55000,55000
8a4a03b5fe0242fd9334f443a54c9590a08ce969,1677.07,66.34,6.664133543,54000,54000
8a4a03b5fe0242fd9334f443a54c9590a08ce969,1674.61,66.50,6.645900782,55000,54000
8a4a03b5fe0242fd9334f443a54c9590a08ce969,1684.11,66.67,6.701067918,54000,54000
8a4a03b5fe0242fd9334f443a54c9590a08ce969,1664.35,65.82,6.619891313,54000,54000
8a4a03b5fe0242fd9334f443a54c9590a08ce969,1665.74,66.07,6.613493655,54000,54000
8a4a03b5fe0242fd9334f443a54c9590a08ce969,1653.93,65.50,6.583313371,54000,54000
8a4a03b5fe0242fd9334f443a54c9590a08ce969,1679.83,66.43,6.680828688,54000,54000
d37a43562478d4750e0d8a2b5f09f1f1629a50b5,1651.41,65.03,6.579000007,55000,56000
d37a43562478d4750e0d8a2b5f09f1f1629a50b5,1652.13,65.31,6.572662780,54000,55000
d37a43562478d4750e0d8a2b5f09f1f1629a50b5,1656.59,66.01,6.579641078,54000,54000
d37a43562478d4750e0d8a2b5f09f1f1629a50b5,1633.74,64.41,6.509974648,54000,54000
d37a43562478d4750e0d8a2b5f09f1f1629a50b5,1672.67,66.09,6.644665041,55000,55000
d37a43562478d4750e0d8a2b5f09f1f1629a50b5,1682.12,66.45,6.700555181,55000,54000
d37a43562478d4750e0d8a2b5f09f1f1629a50b5,1661.77,65.44,6.616009505,54000,54000
d37a43562478d4750e0d8a2b5f09f1f1629a50b5,1653.09,65.11,6.570463088,55000,54000
d37a43562478d4750e0d8a2b5f09f1f1629a50b5,1665.60,65.79,6.643257661,54000,55000
d37a43562478d4750e0d8a2b5f09f1f1629a50b5,1675.87,65.87,6.672745803,55000,56000
d37a43562478d4750e0d8a2b5f09f1f1629a50b5,1653.25,65.15,6.571516802,54000,54000
d37a43562478d4750e0d8a2b5f09f1f1629a50b5,1642.52,64.77,6.534889845,54000,55000
d37a43562478d4750e0d8a2b5f09f1f1629a50b5,1669.84,65.94,6.638564705,54000,54000
d37a43562478d4750e0d8a2b5f09f1f1629a50b5,1683.22,66.76,6.685455828,55000,55000
d37a43562478d4750e0d8a2b5f09f1f1629a50b5,1661.82,66.04,6.607161100,55000,54000
d37a43562478d4750e0d8a2b5f09f1f1629a50b5,1681.84,66.43,6.692706819,54000,54000
d37a43562478d4750e0d8a2b5f09f1f1629a50b5,1665.83,66.08,6.624623521,54000,54000
d37a43562478d4750e0d8a2b5f09f1f1629a50b5,1669.29,65.63,6.655702159,55000,54000
d37a43562478d4750e0d8a2b5f09f1f1629a50b5,1650.42,64.96,6.570203181,55000,54000
d37a43562478d4750e0d8a2b5f09f1f1629a50b5,1658.65,65.23,6.610664821,54000,54000
d37a43562478d4750e0d8a2b5f09f1f1629a50b5,1655.97,65.54,6.602556457,54000,54000
d37a43562478d4750e0d8a2b5f09f1f1629a50b5,1654.22,65.54,6.586460995,55000,55000
d37a43562478d4750e0d8a2b5f09f1f1629a50b5,1651.94,64.81,6.573084677,54000,55000
d37a43562478d4750e0d8a2b5f09f1f1629a50b5,1647.74,64.79,6.554628949,55000,55000
d37a43562478d4750e0d8a2b5f09f1f1629a50b5,1689.59,66.94,6.717797342,54000,55000
d37a43562478d4750e0d8a2b5f09f1f1629a50b5,1672.20,66.13,6.660778339,54000,54000
d37a43562478d4750e0d8a2b5f09f1f1629a50b5,1667.68,65.88,6.617080516,54000,54000
d37a43562478d4750e0d8a2b5f09f1f1629a50b5,1650.77,65.03,6.573068731,54000,54000
d37a43562478d4750e0d8a2b5f09f1f1629a50b5,1668.79,65.74,6.630327946,54000,54000
d37a43562478d4750e0d8a2b5f09f1f1629a50b5,1663.86,65.53,6.610433527,54000,54000
80b9cca33c213664269bf748efd90296d39d971b,1653.06,65.40,6.574305839,56000,56000
80b9cca33c213664269bf748efd90296d39d971b,1656.32,65.57,6.590223418,54000,54000
80b9cca33c213664269bf748efd90296d39d971b,1668.38,65.78,6.634874254,55000,55000
80b9cca33c213664269bf748efd90296d39d971b,1661.87,65.69,6.615181954,54000,55000
80b9cca33c213664269bf748efd90296d39d971b,1645.98,64.93,6.549224273,55000,55000
80b9cca33c213664269bf748efd90296d39d971b,1650.52,65.50,6.576615847,55000,55000
80b9cca33c213664269bf748efd90296d39d971b,1668.16,65.88,6.624028704,54000,54000
80b9cca33c213664269bf748efd90296d39d971b,1661.52,65.70,6.621416484,54000,55000
80b9cca33c213664269bf748efd90296d39d971b,1661.09,65.65,6.613729226,54000,54000
80b9cca33c213664269bf748efd90296d39d971b,1643.23,64.80,6.539967707,55000,54000
80b9cca33c213664269bf748efd90296d39d971b,1635.50,64.34,6.508202939,55000,54000
80b9cca33c213664269bf748efd90296d39d971b,1661.94,65.59,6.624212032,54000,54000
80b9cca33c213664269bf748efd90296d39d971b,1650.96,65.33,6.588893780,54000,54000
80b9cca33c213664269bf748efd90296d39d971b,1692.18,66.94,6.716026109,54000,55000
80b9cca33c213664269bf748efd90296d39d971b,1667.46,65.61,6.633166142,55000,54000
80b9cca33c213664269bf748efd90296d39d971b,1629.98,64.22,6.493352012,54000,54000
80b9cca33c213664269bf748efd90296d39d971b,1668.67,65.83,6.643347103,54000,55000
80b9cca33c213664269bf748efd90296d39d971b,1651.06,65.00,6.571222454,54000,54000
80b9cca33c213664269bf748efd90296d39d971b,1659.21,65.43,6.603727084,54000,54000
80b9cca33c213664269bf748efd90296d39d971b,1667.69,65.83,6.633424451,54000,54000
80b9cca33c213664269bf748efd90296d39d971b,1647.25,65.18,6.553279646,54000,54000
80b9cca33c213664269bf748efd90296d39d971b,1678.63,66.08,6.657730725,54000,54000
80b9cca33c213664269bf748efd90296d39d971b,1672.41,66.10,6.644674018,54000,54000
80b9cca33c213664269bf748efd90296d39d971b,1665.46,65.67,6.628957005,54000,55000
80b9cca33c213664269bf748efd90296d39d971b,1655.66,65.38,6.596448403,54000,53000
80b9cca33c213664269bf748efd90296d39d971b,1664.64,65.66,6.624903757,54000,54000
80b9cca33c213664269bf748efd90296d39d971b,1653.93,65.23,6.574159166,54000,54000
80b9cca33c213664269bf748efd90296d39d971b,1666.16,65.95,6.624176017,54000,54000
80b9cca33c213664269bf748efd90296d39d971b,1638.55,64.59,6.519370375,54000,54000
80b9cca33c213664269bf748efd90296d39d971b,1663.07,65.68,6.626079536,54000,55000
89add04bf77331af1de4de2281c156645622a231,1681.79,66.95,6.669067719,55000,54000
89add04bf77331af1de4de2281c156645622a231,1664.34,65.55,6.624354510,54000,54000
89add04bf77331af1de4de2281c156645622a231,1641.95,64.82,6.538408431,55000,54000
89add04bf77331af1de4de2281c156645622a231,1667.37,65.72,6.637382168,54000,54000
89add04bf77331af1de4de2281c156645622a231,1667.81,65.55,6.630348328,55000,54000
89add04bf77331af1de4de2281c156645622a231,1681.64,66.64,6.693042297,54000,54000
89add04bf77331af1de4de2281c156645622a231,1688.38,66.65,6.715322066,55000,55000
89add04bf77331af1de4de2281c156645622a231,1667.35,66.10,6.626824999,54000,54000
89add04bf77331af1de4de2281c156645622a231,1668.70,66.17,6.631764306,54000,54000
89add04bf77331af1de4de2281c156645622a231,1665.99,65.64,6.631796580,55000,54000
89add04bf77331af1de4de2281c156645622a231,1681.05,66.44,6.688880757,54000,54000
89add04bf77331af1de4de2281c156645622a231,1664.54,65.63,6.618323431,54000,54000
89add04bf77331af1de4de2281c156645622a231,1657.64,65.76,6.605819518,54000,54000
89add04bf77331af1de4de2281c156645622a231,1681.40,66.82,6.673919974,54000,55000
89add04bf77331af1de4de2281c156645622a231,1653.58,64.83,6.578044490,55000,54000
89add04bf77331af1de4de2281c156645622a231,1682.26,66.61,6.690280560,54000,54000
89add04bf77331af1de4de2281c156645622a231,1684.07,66.88,6.688917973,55000,55000
89add04bf77331af1de4de2281c156645622a231,1676.65,66.28,6.658950717,54000,55000
89add04bf77331af1de4de2281c156645622a231,1655.88,65.59,6.594017364,54000,54000
89add04bf77331af1de4de2281c156645622a231,1687.20,66.50,6.719039356,54000,55000
89add04bf77331af1de4de2281c156645622a231,1653.20,65.67,6.577919544,54000,54000
89add04bf77331af1de4de2281c156645622a231,1661.53,65.60,6.596828897,54000,55000
89add04bf77331af1de4de2281c156645622a231,1655.95,65.64,6.592320435,54000,56000
89add04bf77331af1de4de2281c156645622a231,1668.66,65.85,6.628232168,55000,55000
89add04bf77331af1de4de2281c156645622a231,1659.63,65.43,6.610212312,54000,54000
89add04bf77331af1de4de2281c156645622a231,1665.66,65.51,6.632759878,54000,54000
89add04bf77331af1de4de2281c156645622a231,1669.26,65.68,6.634178601,55000,54000
89add04bf77331af1de4de2281c156645622a231,1677.04,66.41,6.667283611,54000,54000
89add04bf77331af1de4de2281c156645622a231,1647.96,65.45,6.559387008,54000,54000
89add04bf77331af1de4de2281c156645622a231,1696.84,66.58,6.761484125,54000,54000
ca4b9bb3a3e59483e592ce6d65ec048fb6772cb6,1646.65,65.38,6.565995850,56000,56000
ca4b9bb3a3e59483e592ce6d65ec048fb6772cb6,1645.88,65.22,6.541832569,56000,56000
ca4b9bb3a3e59483e592ce6d65ec048fb6772cb6,1643.82,64.93,6.540529616,54000,55000
ca4b9bb3a3e59483e592ce6d65ec048fb6772cb6,1676.02,65.99,6.677523233,54000,55000
ca4b9bb3a3e59483e592ce6d65ec048fb6772cb6,1674.07,65.83,6.666829609,55000,55000
ca4b9bb3a3e59483e592ce6d65ec048fb6772cb6,1658.50,65.39,6.615385876,54000,54000
ca4b9bb3a3e59483e592ce6d65ec048fb6772cb6,1640.76,64.78,6.524861075,55000,54000
ca4b9bb3a3e59483e592ce6d65ec048fb6772cb6,1637.16,64.66,6.520147440,54000,54000
ca4b9bb3a3e59483e592ce6d65ec048fb6772cb6,1645.96,64.88,6.545027616,54000,54000
ca4b9bb3a3e59483e592ce6d65ec048fb6772cb6,1651.40,65.22,6.567265125,54000,54000
ca4b9bb3a3e59483e592ce6d65ec048fb6772cb6,1669.69,66.11,6.631485098,55000,54000
ca4b9bb3a3e59483e592ce6d65ec048fb6772cb6,1650.16,65.47,6.568241875,54000,55000
ca4b9bb3a3e59483e592ce6d65ec048fb6772cb6,1660.48,65.45,6.605242140,54000,54000
ca4b9bb3a3e59483e592ce6d65ec048fb6772cb6,1660.39,65.49,6.605313100,54000,54000
ca4b9bb3a3e59483e592ce6d65ec048fb6772cb6,1666.43,65.81,6.635504735,55000,54000
ca4b9bb3a3e59483e592ce6d65ec048fb6772cb6,1656.86,65.61,6.588065299,54000,54000
ca4b9bb3a3e59483e592ce6d65ec048fb6772cb6,1680.10,66.41,6.698404185,54000,54000
ca4b9bb3a3e59483e592ce6d65ec048fb6772cb6,1662.06,65.59,6.598083129,54000,55000
ca4b9bb3a3e59483e592ce6d65ec048fb6772cb6,1645.04,64.76,6.550338841,54000,54000
ca4b9bb3a3e59483e592ce6d65ec048fb6772cb6,1682.68,66.65,6.692566266,55000,55000
ca4b9bb3a3e59483e592ce6d65ec048fb6772cb6,1662.89,66.08,6.618214268,55000,55000
ca4b9bb3a3e59483e592ce6d65ec048fb6772cb6,1663.31,65.77,6.611119927,54000,54000
ca4b9bb3a3e59483e592ce6d65ec048fb6772cb6,1664.72,65.83,6.624404265,54000,54000
ca4b9bb3a3e59483e592ce6d65ec048fb6772cb6,1678.06,66.19,6.689449475,54000,53000
ca4b9bb3a3e59483e592ce6d65ec048fb6772cb6,1677.01,66.30,6.666624896,54000,54000
ca4b9bb3a3e59483e592ce6d65ec048fb6772cb6,1645.68,65.07,6.556871098,54000,54000
ca4b9bb3a3e59483e592ce6d65ec048fb6772cb6,1668.97,65.97,6.636981473,54000,55000
ca4b9bb3a3e59483e592ce6d65ec048fb6772cb6,1662.43,65.70,6.607197626,54000,54000
ca4b9bb3a3e59483e592ce6d65ec048fb6772cb6,1637.96,64.45,6.522464417,53000,54000
ca4b9bb3a3e59483e592ce6d65ec048fb6772cb6,1659.17,65.39,6.613281266,54000,54000
227a37483f8743a246649c34e8d7d57e30e23699,1652.27,65.50,6.572184958,56000,55000
227a37483f8743a246649c34e8d7d57e30e23699,1640.41,64.87,6.525106460,54000,54000
227a37483f8743a246649c34e8d7d57e30e23699,1645.57,64.85,6.542988395,55000,55000
227a37483f8743a246649c34e8d7d57e30e23699,1653.58,65.00,6.575765933,54000,54000
227a37483f8743a246649c34e8d7d57e30e23699,1626.28,64.03,6.480872091,54000,54000
227a37483f8743a246649c34e8d7d57e30e23699,1648.22,64.91,6.555451634,55000,56000
227a37483f8743a246649c34e8d7d57e30e23699,1657.05,65.20,6.596009341,54000,54000
227a37483f8743a246649c34e8d7d57e30e23699,1640.70,64.59,6.525401439,55000,55000
227a37483f8743a246649c34e8d7d57e30e23699,1675.90,66.07,6.670706515,54000,54000
227a37483f8743a246649c34e8d7d57e30e23699,1675.33,66.25,6.647660537,55000,54000
227a37483f8743a246649c34e8d7d57e30e23699,1627.80,64.05,6.489185436,54000,54000
227a37483f8743a246649c34e8d7d57e30e23699,1641.76,64.66,6.520615789,54000,55000
227a37483f8743a246649c34e8d7d57e30e23699,1650.67,64.93,6.573871077,55000,54000
227a37483f8743a246649c34e8d7d57e30e23699,1680.52,66.01,6.693813702,56000,54000
227a37483f8743a246649c34e8d7d57e30e23699,1639.95,64.65,6.536199345,54000,55000
227a37483f8743a246649c34e8d7d57e30e23699,1659.52,65.61,6.616559472,54000,54000
227a37483f8743a246649c34e8d7d57e30e23699,1658.21,65.27,6.595353581,54000,54000
227a37483f8743a246649c34e8d7d57e30e23699,1640.16,64.47,6.523661268,55000,54000
227a37483f8743a246649c34e8d7d57e30e23699,1631.81,64.48,6.504852478,54000,54000
227a37483f8743a246649c34e8d7d57e30e23699,1685.29,66.56,6.711179774,54000,54000
227a37483f8743a246649c34e8d7d57e30e23699,1633.63,64.39,6.506985981,54000,54000
227a37483f8743a246649c34e8d7d57e30e23699,1668.71,65.81,6.646871244,54000,54000
227a37483f8743a246649c34e8d7d57e30e23699,1652.83,65.17,6.571654047,54000,54000
227a37483f8743a246649c34e8d7d57e30e23699,1667.98,65.71,6.644852550,54000,54000
227a37483f8743a246649c34e8d7d57e30e23699,1674.63,65.96,6.677964203,54000,54000
227a37483f8743a246649c34e8d7d57e30e23699,1658.84,65.51,6.607556997,54000,54000
227a37483f8743a246649c34e8d7d57e30e23699,1667.02,65.92,6.634492654,54000,53000
227a37483f8743a246649c34e8d7d57e30e23699,1639.48,64.69,6.536898999,55000,54000
227a37483f8743a246649c34e8d7d57e30e23699,1662.50,65.54,6.614855713,53000,54000
227a37483f8743a246649c34e8d7d57e30e23699,1667.25,65.96,6.644846446,54000,55000
68d5b7e06cd4a7c14f99647af2573244ee7529f7,1672.09,66.08,6.647037921,54000,54000
68d5b7e06cd4a7c14f99647af2573244ee7529f7,1658.61,65.63,6.599056843,55000,55000
68d5b7e06cd4a7c14f99647af2573244ee7529f7,1661.28,65.62,6.609228165,54000,54000
68d5b7e06cd4a7c14f99647af2573244ee7529f7,1654.75,65.26,6.584296502,54000,54000
68d5b7e06cd4a7c14f99647af2573244ee7529f7,1661.68,65.39,6.615513686,54000,54000
68d5b7e06cd4a7c14f99647af2573244ee7529f7,1672.03,65.99,6.651384521,54000,54000
68d5b7e06cd4a7c14f99647af2573244ee7529f7,1656.28,65.23,6.591609474,54000,54000
68d5b7e06cd4a7c14f99647af2573244ee7529f7,1670.39,65.87,6.651722974,55000,54000
68d5b7e06cd4a7c14f99647af2573244ee7529f7,1645.68,65.06,6.550143921,54000,55000
68d5b7e06cd4a7c14f99647af2573244ee7529f7,1677.78,66.10,6.672526169,55000,55000
68d5b7e06cd4a7c14f99647af2573244ee7529f7,1669.67,65.68,6.650062451,55000,54000
68d5b7e06cd4a7c14f99647af2573244ee7529f7,1685.00,66.30,6.716326760,54000,54000
68d5b7e06cd4a7c14f99647af2573244ee7529f7,1695.67,67.09,6.737210601,55000,54000
68d5b7e06cd4a7c14f99647af2573244ee7529f7,1668.55,65.65,6.634021471,55000,54000
68d5b7e06cd4a7c14f99647af2573244ee7529f7,1681.02,66.33,6.691131468,54000,54000
68d5b7e06cd4a7c14f99647af2573244ee7529f7,1700.02,67.08,6.784093375,54000,54000
68d5b7e06cd4a7c14f99647af2573244ee7529f7,1647.58,64.70,6.556238282,54000,54000
68d5b7e06cd4a7c14f99647af2573244ee7529f7,1656.97,65.43,6.598472366,54000,55000
68d5b7e06cd4a7c14f99647af2573244ee7529f7,1665.87,65.86,6.621031868,53000,54000
68d5b7e06cd4a7c14f99647af2573244ee7529f7,1664.30,66.05,6.624399476,54000,54000
68d5b7e06cd4a7c14f99647af2573244ee7529f7,1673.14,66.10,6.637612202,54000,53000
68d5b7e06cd4a7c14f99647af2573244ee7529f7,1660.96,65.07,6.618978280,54000,54000
68d5b7e06cd4a7c14f99647af2573244ee7529f7,1661.80,65.63,6.615561525,54000,55000
68d5b7e06cd4a7c14f99647af2573244ee7529f7,1680.35,66.48,6.674261030,54000,54000
68d5b7e06cd4a7c14f99647af2573244ee7529f7,1651.76,65.10,6.567993719,54000,54000
68d5b7e06cd4a7c14f99647af2573244ee7529f7,1636.66,64.46,6.524082901,54000,54000
68d5b7e06cd4a7c14f99647af2573244ee7529f7,1662.68,65.10,6.624939492,54000,54000
68d5b7e06cd4a7c14f99647af2573244ee7529f7,1674.76,66.31,6.670120315,54000,54000
68d5b7e06cd4a7c14f99647af2573244ee7529f7,1664.02,65.64,6.627473138,54000,54000
68d5b7e06cd4a7c14f99647af2573244ee7529f7,1657.68,65.64,6.602100455,54000,53000
c9ee67545b64f8cb93f1f07bddb1b5d49e874e0b,1625.81,64.85,6.526275127,56000,57000
c9ee67545b64f8cb93f1f07bddb1b5d49e874e0b,1661.16,65.94,6.595339155,55000,55000
c9ee67545b64f8cb93f1f07bddb1b5d49e874e0b,1699.03,67.30,6.746999194,54000,54000
c9ee67545b64f8cb93f1f07bddb1b5d49e874e0b,1655.35,65.21,6.583582085,54000,54000
c9ee67545b64f8cb93f1f07bddb1b5d49e874e0b,1667.50,65.77,6.632583462,54000,54000
c9ee67545b64f8cb93f1f07bddb1b5d49e874e0b,1677.70,66.14,6.677067162,55000,55000
c9ee67545b64f8cb93f1f07bddb1b5d49e874e0b,1671.02,66.02,6.650847664,55000,54000
c9ee67545b64f8cb93f1f07bddb1b5d49e874e0b,1644.36,64.69,6.538765499,55000,55000
c9ee67545b64f8cb93f1f07bddb1b5d49e874e0b,1637.99,64.72,6.531844301,54000,55000
c9ee67545b64f8cb93f1f07bddb1b5d49e874e0b,1651.22,65.15,6.575842395,55000,54000
c9ee67545b64f8cb93f1f07bddb1b5d49e874e0b,1654.47,65.35,6.588668547,54000,54000
c9ee67545b64f8cb93f1f07bddb1b5d49e874e0b,1660.94,65.45,6.615894778,55000,54000
c9ee67545b64f8cb93f1f07bddb1b5d49e874e0b,1680.08,66.25,6.683312772,55000,55000
c9ee67545b64f8cb93f1f07bddb1b5d49e874e0b,1663.01,65.55,6.603344435,54000,54000
c9ee67545b64f8cb93f1f07bddb1b5d49e874e0b,1679.34,66.46,6.684425037,54000,54000
c9ee67545b64f8cb93f1f07bddb1b5d49e874e0b,1669.01,65.87,6.637949102,54000,56000
c9ee67545b64f8cb93f1f07bddb1b5d49e874e0b,1657.30,65.51,6.590109258,55000,54000
c9ee67545b64f8cb93f1f07bddb1b5d49e874e0b,1662.67,65.66,6.613257461,55000,54000
c9ee67545b64f8cb93f1f07bddb1b5d49e874e0b,1675.66,66.32,6.660503244,54000,55000
c9ee67545b64f8cb93f1f07bddb1b5d49e874e0b,1649.52,64.88,6.569008100,54000,54000
c9ee67545b64f8cb93f1f07bddb1b5d49e874e0b,1666.16,65.89,6.642262442,55000,56000
c9ee67545b64f8cb93f1f07bddb1b5d49e874e0b,1687.32,66.75,6.690114986,54000,54000
c9ee67545b64f8cb93f1f07bddb1b5d49e874e0b,1671.76,65.63,6.646812758,54000,54000
c9ee67545b64f8cb93f1f07bddb1b5d49e874e0b,1664.29,65.79,6.621269163,54000,54000
c9ee67545b64f8cb93f1f07bddb1b5d49e874e0b,1641.57,64.37,6.532914071,54000,54000
c9ee67545b64f8cb93f1f07bddb1b5d49e874e0b,1653.59,65.03,6.576255379,54000,54000
c9ee67545b64f8cb93f1f07bddb1b5d49e874e0b,1666.72,66.08,6.639247996,54000,54000
c9ee67545b64f8cb93f1f07bddb1b5d49e874e0b,1670.85,66.02,6.649614435,53000,54000
c9ee67545b64f8cb93f1f07bddb1b5d49e874e0b,1659.95,65.31,6.613665615,54000,54000
c9ee67545b64f8cb93f1f07bddb1b5d49e874e0b,1652.58,65.25,6.579115881,54000,54000
6ac9d85afd5891b01fdd3177338c53bc9223f325,1650.57,65.34,6.569622034,56000,55000
6ac9d85afd5891b01fdd3177338c53bc9223f325,1669.78,65.95,6.637085977,54000,54000
6ac9d85afd5891b01fdd3177338c53bc9223f325,1677.31,66.41,6.665046890,54000,54000
6ac9d85afd5891b01fdd3177338c53bc9223f325,1661.43,65.79,6.600827883,54000,54000
6ac9d85afd5891b01fdd3177338c53bc9223f325,1647.97,65.07,6.554811535,54000,55000
6ac9d85afd5891b01fdd3177338c53bc9223f325,1662.92,65.63,6.615216741,55000,55000
6ac9d85afd5891b01fdd3177338c53bc9223f325,1678.81,66.35,6.682305471,54000,55000
6ac9d85afd5891b01fdd3177338c53bc9223f325,1659.53,65.69,6.601914237,54000,54000
6ac9d85afd5891b01fdd3177338c53bc9223f325,1647.51,65.07,6.563796966,55000,55000
6ac9d85afd5891b01fdd3177338c53bc9223f325,1644.58,64.93,6.540446812,55000,55000
6ac9d85afd5891b01fdd3177338c53bc9223f325,1677.09,66.07,6.677570673,55000,54000
6ac9d85afd5891b01fdd3177338c53bc9223f325,1674.58,65.97,6.657636752,54000,54000
6ac9d85afd5891b01fdd3177338c53bc9223f325,1648.55,64.94,6.556534511,54000,54000
6ac9d85afd5891b01fdd3177338c53bc9223f325,1668.15,65.79,6.642096990,54000,54000
6ac9d85afd5891b01fdd3177338c53bc9223f325,1642.69,64.60,6.538560880,55000,54000
6ac9d85afd5891b01fdd3177338c53bc9223f325,1683.90,66.40,6.691940152,54000,54000
6ac9d85afd5891b01fdd3177338c53bc9223f325,1682.17,66.34,6.721799670,55000,54000
6ac9d85afd5891b01fdd3177338c53bc9223f325,1664.43,65.57,6.608583121,55000,54000
6ac9d85afd5891b01fdd3177338c53bc9223f325,1646.35,65.12,6.563354684,54000,54000
6ac9d85afd5891b01fdd3177338c53bc9223f325,1657.82,65.69,6.597608859,54000,53000
6ac9d85afd5891b01fdd3177338c53bc9223f325,1663.67,65.64,6.621157535,54000,54000
6ac9d85afd5891b01fdd3177338c53bc9223f325,1650.84,65.32,6.565544133,54000,55000
6ac9d85afd5891b01fdd3177338c53bc9223f325,1654.87,65.35,6.575119617,54000,54000
6ac9d85afd5891b01fdd3177338c53bc9223f325,1656.65,65.27,6.577965381,54000,54000
6ac9d85afd5891b01fdd3177338c53bc9223f325,1677.24,66.39,6.676229015,54000,54000
6ac9d85afd5891b01fdd3177338c53bc9223f325,1662.70,65.50,6.611506863,54000,54000
6ac9d85afd5891b01fdd3177338c53bc9223f325,1649.89,65.44,6.557821208,54000,54000
6ac9d85afd5891b01fdd3177338c53bc9223f325,1683.40,66.67,6.695052208,54000,54000
6ac9d85afd5891b01fdd3177338c53bc9223f325,1671.82,65.94,6.659215389,54000,54000
6ac9d85afd5891b01fdd3177338c53bc9223f325,1642.14,64.79,6.533519787,54000,54000
89ae3c04846efe8e05e367b6cbddd3637205175c,1658.03,65.75,6.603972941,55000,56000
89ae3c04846efe8e05e367b6cbddd3637205175c,1682.81,66.70,6.680489420,54000,54000
89ae3c04846efe8e05e367b6cbddd3637205175c,1684.51,66.43,6.699090987,55000,55000
89ae3c04846efe8e05e367b6cbddd3637205175c,1677.55,66.51,6.676352547,55000,54000
89ae3c04846efe8e05e367b6cbddd3637205175c,1653.91,65.37,6.577698338,55000,55000
89ae3c04846efe8e05e367b6cbddd3637205175c,1665.03,65.98,6.627387377,54000,54000
89ae3c04846efe8e05e367b6cbddd3637205175c,1678.77,66.27,6.678085833,55000,54000
89ae3c04846efe8e05e367b6cbddd3637205175c,1687.06,66.37,6.700430222,54000,54000
89ae3c04846efe8e05e367b6cbddd3637205175c,1656.94,65.26,6.600500836,54000,55000
89ae3c04846efe8e05e367b6cbddd3637205175c,1648.22,65.04,6.555769982,54000,55000
89ae3c04846efe8e05e367b6cbddd3637205175c,1664.70,65.52,6.620106930,54000,55000
89ae3c04846efe8e05e367b6cbddd3637205175c,1665.94,65.83,6.632732354,54000,56000
89ae3c04846efe8e05e367b6cbddd3637205175c,1655.42,64.93,6.574442995,54000,55000
89ae3c04846efe8e05e367b6cbddd3637205175c,1659.64,65.41,6.600368593,54000,54000
89ae3c04846efe8e05e367b6cbddd3637205175c,1668.19,65.84,6.632079076,54000,55000
89ae3c04846efe8e05e367b6cbddd3637205175c,1692.38,66.93,6.714927495,54000,55000
89ae3c04846efe8e05e367b6cbddd3637205175c,1670.42,65.72,6.636165465,54000,54000
89ae3c04846efe8e05e367b6cbddd3637205175c,1662.99,65.54,6.609125752,54000,54000
89ae3c04846efe8e05e367b6cbddd3637205175c,1649.45,64.99,6.567061811,54000,54000
89ae3c04846efe8e05e367b6cbddd3637205175c,1661.50,65.55,6.610373620,55000,55000
89ae3c04846efe8e05e367b6cbddd3637205175c,1654.89,65.40,6.581037622,55000,54000
89ae3c04846efe8e05e367b6cbddd3637205175c,1653.03,65.19,6.563928142,54000,54000
89ae3c04846efe8e05e367b6cbddd3637205175c,1671.92,66.38,6.643314885,54000,54000
89ae3c04846efe8e05e367b6cbddd3637205175c,1662.26,65.73,6.622827529,54000,55000
89ae3c04846efe8e05e367b6cbddd3637205175c,1677.39,66.38,6.676105429,54000,54000
89ae3c04846efe8e05e367b6cbddd3637205175c,1652.82,65.36,6.567043099,54000,54000
89ae3c04846efe8e05e367b6cbddd3637205175c,1661.80,65.49,6.604328461,54000,54000
89ae3c04846efe8e05e367b6cbddd3637205175c,1693.70,66.77,6.746524124,54000,54000
89ae3c04846efe8e05e367b6cbddd3637205175c,1664.31,65.82,6.636202605,54000,54000
89ae3c04846efe8e05e367b6cbddd3637205175c,1656.52,65.41,6.585259113,54000,54000
71ee78c31d0b3bc7b2340df84acdd63666076ef8,1690.51,66.99,6.730751308,55000,54000
71ee78c31d0b3bc7b2340df84acdd63666076ef8,1665.69,65.77,6.609543096,54000,55000
71ee78c31d0b3bc7b2340df84acdd63666076ef8,1660.30,65.81,6.598919080,54000,55000
71ee78c31d0b3bc7b2340df84acdd63666076ef8,1651.76,65.23,6.562775192,55000,55000
71ee78c31d0b3bc7b2340df84acdd63666076ef8,1658.52,65.03,6.595970545,54000,54000
71ee78c31d0b3bc7b2340df84acdd63666076ef8,1658.63,65.63,6.595775766,54000,55000
71ee78c31d0b3bc7b2340df84acdd63666076ef8,1681.60,66.37,6.699639839,54000,54000
71ee78c31d0b3bc7b2340df84acdd63666076ef8,1668.23,65.78,6.638073950,54000,54000
71ee78c31d0b3bc7b2340df84acdd63666076ef8,1665.96,65.80,6.625397661,54000,54000
71ee78c31d0b3bc7b2340df84acdd63666076ef8,1694.03,67.17,6.746127943,54000,54000
71ee78c31d0b3bc7b2340df84acdd63666076ef8,1640.52,64.81,6.539034208,54000,54000
71ee78c31d0b3bc7b2340df84acdd63666076ef8,1696.42,67.02,6.754610594,55000,54000
71ee78c31d0b3bc7b2340df84acdd63666076ef8,1648.70,65.01,6.573791128,54000,54000
71ee78c31d0b3bc7b2340df84acdd63666076ef8,1657.86,65.56,6.589358721,54000,55000
71ee78c31d0b3bc7b2340df84acdd63666076ef8,1643.86,65.01,6.556339744,55000,55000
71ee78c31d0b3bc7b2340df84acdd63666076ef8,1710.83,67.83,6.794962708,55000,54000
71ee78c31d0b3bc7b2340df84acdd63666076ef8,1660.87,65.56,6.598377382,55000,54000
71ee78c31d0b3bc7b2340df84acdd63666076ef8,1684.77,66.28,6.701252551,54000,54000
71ee78c31d0b3bc7b2340df84acdd63666076ef8,1669.29,65.98,6.627482192,54000,55000
71ee78c31d0b3bc7b2340df84acdd63666076ef8,1671.80,66.37,6.631923924,54000,54000
71ee78c31d0b3bc7b2340df84acdd63666076ef8,1673.98,66.29,6.645411476,55000,54000
71ee78c31d0b3bc7b2340df84acdd63666076ef8,1675.11,66.04,6.654015902,54000,55000
71ee78c31d0b3bc7b2340df84acdd63666076ef8,1663.00,65.95,6.616049880,55000,55000
71ee78c31d0b3bc7b2340df84acdd63666076ef8,1675.30,66.40,6.673223412,54000,54000
71ee78c31d0b3bc7b2340df84acdd63666076ef8,1673.83,66.07,6.645830695,54000,53000
71ee78c31d0b3bc7b2340df84acdd63666076ef8,1649.26,65.11,6.571619834,55000,54000
71ee78c31d0b3bc7b2340df84acdd63666076ef8,1632.67,64.46,6.497068056,54000,54000
71ee78c31d0b3bc7b2340df84acdd63666076ef8,1663.93,65.57,6.632032108,54000,54000
71ee78c31d0b3bc7b2340df84acdd63666076ef8,1669.56,66.14,6.647730981,54000,54000
71ee78c31d0b3bc7b2340df84acdd63666076ef8,1697.91,67.31,6.765189775,55000,54000
98d3dd3494d848bd0fd12343cf9def6f9949d298,1656.05,65.54,6.599062536,55000,55000
98d3dd3494d848bd0fd12343cf9def6f9949d298,1651.82,65.45,6.564646659,54000,55000
98d3dd3494d848bd0fd12343cf9def6f9949d298,1664.42,65.26,6.629668157,54000,54000
98d3dd3494d848bd0fd12343cf9def6f9949d298,1648.95,64.64,6.558387984,54000,54000
98d3dd3494d848bd0fd12343cf9def6f9949d298,1668.59,65.88,6.636482520,55000,54000
98d3dd3494d848bd0fd12343cf9def6f9949d298,1645.92,65.08,6.552415769,54000,54000
98d3dd3494d848bd0fd12343cf9def6f9949d298,1659.93,65.25,6.619163985,54000,55000
98d3dd3494d848bd0fd12343cf9def6f9949d298,1648.03,64.96,6.555839325,55000,54000
98d3dd3494d848bd0fd12343cf9def6f9949d298,1656.23,65.06,6.587132551,55000,55000
98d3dd3494d848bd0fd12343cf9def6f9949d298,1633.76,64.41,6.506615589,55000,55000
98d3dd3494d848bd0fd12343cf9def6f9949d298,1689.83,66.63,6.723664914,55000,55000
98d3dd3494d848bd0fd12343cf9def6f9949d298,1661.96,65.86,6.619532084,54000,54000
98d3dd3494d848bd0fd12343cf9def6f9949d298,1636.85,64.53,6.534678358,54000,54000
98d3dd3494d848bd0fd12343cf9def6f9949d298,1651.64,64.95,6.577703669,55000,54000
98d3dd3494d848bd0fd12343cf9def6f9949d298,1691.41,66.23,6.733901369,55000,54000
98d3dd3494d848bd0fd12343cf9def6f9949d298,1667.02,65.33,6.651311181,54000,54000
98d3dd3494d848bd0fd12343cf9def6f9949d298,1670.09,65.50,6.636008880,54000,54000
98d3dd3494d848bd0fd12343cf9def6f9949d298,1670.01,65.53,6.644412203,54000,55000
98d3dd3494d848bd0fd12343cf9def6f9949d298,1654.02,65.14,6.588192895,54000,55000
98d3dd3494d848bd0fd12343cf9def6f9949d298,1683.88,66.66,6.697687898,55000,55000
98d3dd3494d848bd0fd12343cf9def6f9949d298,1647.20,65.14,6.549996036,54000,54000
98d3dd3494d848bd0fd12343cf9def6f9949d298,1646.98,65.00,6.557769466,54000,54000
98d3dd3494d848bd0fd12343cf9def6f9949d298,1667.18,65.62,6.619742405,55000,55000
98d3dd3494d848bd0fd12343cf9def6f9949d298,1686.53,66.70,6.703128483,55000,54000
98d3dd3494d848bd0fd12343cf9def6f9949d298,1658.97,65.49,6.603768564,55000,55000
98d3dd3494d848bd0fd12343cf9def6f9949d298,1642.15,64.61,6.537229453,54000,54000
98d3dd3494d848bd0fd12343cf9def6f9949d298,1671.12,65.61,6.655698059,54000,54000
98d3dd3494d848bd0fd12343cf9def6f9949d298,1633.05,64.33,6.493103750,54000,55000
98d3dd3494d848bd0fd12343cf9def6f9949d298,1668.55,65.74,6.642456662,54000,54000
98d3dd3494d848bd0fd12343cf9def6f9949d298,1665.19,65.73,6.622644548,54000,54000
4e956448ecbfe28c36fe8ccd1b96f4d220262eb5,1661.40,65.76,6.603650646,54000,55000
4e956448ecbfe28c36fe8ccd1b96f4d220262eb5,1655.91,65.42,6.588516888,54000,55000
4e956448ecbfe28c36fe8ccd1b96f4d220262eb5,1664.18,65.79,6.622807776,54000,54000
4e956448ecbfe28c36fe8ccd1b96f4d220262eb5,1665.69,65.82,6.642520851,54000,54000
4e956448ecbfe28c36fe8ccd1b96f4d220262eb5,1697.32,66.97,6.751004568,54000,54000
4e956448ecbfe28c36fe8ccd1b96f4d220262eb5,1663.27,65.67,6.621116945,54000,54000
4e956448ecbfe28c36fe8ccd1b96f4d220262eb5,1656.65,65.09,6.593556422,54000,54000
4e956448ecbfe28c36fe8ccd1b96f4d220262eb5,1675.60,65.95,6.663577030,54000,55000
4e956448ecbfe28c36fe8ccd1b96f4d220262eb5,1652.96,65.41,6.591971644,54000,55000
4e956448ecbfe28c36fe8ccd1b96f4d220262eb5,1674.07,65.74,6.676080742,55000,54000
4e956448ecbfe28c36fe8ccd1b96f4d220262eb5,1660.16,65.50,6.611868583,54000,55000
4e956448ecbfe28c36fe8ccd1b96f4d220262eb5,1644.61,64.81,6.548592031,54000,55000
4e956448ecbfe28c36fe8ccd1b96f4d220262eb5,1651.52,65.16,6.575623184,55000,54000
4e956448ecbfe28c36fe8ccd1b96f4d220262eb5,1649.51,65.17,6.579362507,54000,54000
4e956448ecbfe28c36fe8ccd1b96f4d220262eb5,1668.93,66.04,6.640460406,54000,54000
4e956448ecbfe28c36fe8ccd1b96f4d220262eb5,1681.33,66.52,6.684126607,55000,54000
4e956448ecbfe28c36fe8ccd1b96f4d220262eb5,1662.15,65.47,6.603919471,54000,54000
4e956448ecbfe28c36fe8ccd1b96f4d220262eb5,1711.06,67.08,6.806944610,54000,55000
4e956448ecbfe28c36fe8ccd1b96f4d220262eb5,1665.51,65.61,6.644978618,55000,54000
4e956448ecbfe28c36fe8ccd1b96f4d220262eb5,1662.10,65.78,6.617589408,54000,55000
4e956448ecbfe28c36fe8ccd1b96f4d220262eb5,1647.58,65.12,6.558229124,54000,54000
4e956448ecbfe28c36fe8ccd1b96f4d220262eb5,1688.57,66.71,6.721467546,55000,55000
4e956448ecbfe28c36fe8ccd1b96f4d220262eb5,1637.47,64.61,6.533541044,54000,54000
4e956448ecbfe28c36fe8ccd1b96f4d220262eb5,1655.63,64.89,6.597803839,53000,54000
4e956448ecbfe28c36fe8ccd1b96f4d220262eb5,1669.31,65.78,6.644268379,54000,54000
4e956448ecbfe28c36fe8ccd1b96f4d220262eb5,1655.73,64.92,6.589069488,54000,55000
4e956448ecbfe28c36fe8ccd1b96f4d220262eb5,1644.72,64.78,6.554189032,54000,54000
4e956448ecbfe28c36fe8ccd1b96f4d220262eb5,1677.16,66.06,6.682383863,54000,54000
4e956448ecbfe28c36fe8ccd1b96f4d220262eb5,1664.00,65.59,6.629319841,54000,54000
4e956448ecbfe28c36fe8ccd1b96f4d220262eb5,1643.22,64.40,6.551613278,54000,54000
072cc2e5b8a8b8b869ac127d9416c66e6dc28eaa,1680.01,66.82,6.683999489,55000,55000
072cc2e5b8a8b8b869ac127d9416c66e6dc28eaa,1667.63,65.69,6.654685676,55000,55000
072cc2e5b8a8b8b869ac127d9416c66e6dc28eaa,1677.35,66.03,6.670691264,54000,55000
072cc2e5b8a8b8b869ac127d9416c66e6dc28eaa,1669.52,66.16,6.632685662,55000,55000
072cc2e5b8a8b8b869ac127d9416c66e6dc28eaa,1663.22,65.63,6.607377691,54000,54000
072cc2e5b8a8b8b869ac127d9416c66e6dc28eaa,1669.61,66.10,6.642250812,54000,54000
072cc2e5b8a8b8b869ac127d9416c66e6dc28eaa,1687.53,67.02,6.700332399,55000,54000
072cc2e5b8a8b8b869ac127d9416c66e6dc28eaa,1653.05,65.24,6.578082810,54000,54000
072cc2e5b8a8b8b869ac127d9416c66e6dc28eaa,1650.66,64.89,6.569192454,54000,55000
072cc2e5b8a8b8b869ac127d9416c66e6dc28eaa,1671.09,65.89,6.664559200,54000,54000
072cc2e5b8a8b8b869ac127d9416c66e6dc28eaa,1657.90,65.36,6.590560531,54000,54000
072cc2e5b8a8b8b869ac127d9416c66e6dc28eaa,1657.55,65.16,6.591220105,54000,55000
072cc2e5b8a8b8b869ac127d9416c66e6dc28eaa,1680.45,66.35,6.688781896,54000,55000
072cc2e5b8a8b8b869ac127d9416c66e6dc28eaa,1683.16,66.32,6.691492662,55000,55000
072cc2e5b8a8b8b869ac127d9416c66e6dc28eaa,1672.23,66.09,6.638963710,55000,55000
072cc2e5b8a8b8b869ac127d9416c66e6dc28eaa,1651.59,64.82,6.566492393,54000,54000
072cc2e5b8a8b8b869ac127d9416c66e6dc28eaa,1662.38,65.66,6.604175757,56000,55000
072cc2e5b8a8b8b869ac127d9416c66e6dc28eaa,1677.24,66.35,6.656549188,54000,54000
072cc2e5b8a8b8b869ac127d9416c66e6dc28eaa,1675.93,65.86,6.653120928,54000,56000
072cc2e5b8a8b8b869ac127d9416c66e6dc28eaa,1672.68,66.01,6.681084144,54000,54000
072cc2e5b8a8b8b869ac127d9416c66e6dc28eaa,1699.17,67.11,6.752447019,54000,54000
072cc2e5b8a8b8b869ac127d9416c66e6dc28eaa,1646.53,64.88,6.554788407,54000,54000
072cc2e5b8a8b8b869ac127d9416c66e6dc28eaa,1667.98,65.64,6.633469217,54000,55000
072cc2e5b8a8b8b869ac127d9416c66e6dc28eaa,1694.83,67.22,6.739074267,55000,54000
072cc2e5b8a8b8b869ac127d9416c66e6dc28eaa,1646.14,64.65,6.560207101,54000,54000
072cc2e5b8a8b8b869ac127d9416c66e6dc28eaa,1672.50,66.08,6.660967243,54000,54000
072cc2e5b8a8b8b869ac127d9416c66e6dc28eaa,1653.74,65.33,6.588191577,55000,54000
072cc2e5b8a8b8b869ac127d9416c66e6dc28eaa,1672.62,65.82,6.659458757,54000,54000
072cc2e5b8a8b8b869ac127d9416c66e6dc28eaa,1660.85,65.66,6.614411916,55000,54000
072cc2e5b8a8b8b869ac127d9416c66e6dc28eaa,1650.47,64.77,6.571285455,54000,54000
88281eb0a809e4701d8bad279c7b50a348f2ac29,1687.91,66.97,6.705145513,55000,54000
88281eb0a809e4701d8bad279c7b50a348f2ac29,1684.32,66.76,6.677713932,54000,55000
88281eb0a809e4701d8bad279c7b50a348f2ac29,1683.48,66.36,6.687298288,54000,54000
88281eb0a809e4701d8bad279c7b50a348f2ac29,1670.54,66.12,6.638486144,55000,54000
88281eb0a809e4701d8bad279c7b50a348f2ac29,1669.09,66.00,6.639790085,55000,54000
88281eb0a809e4701d8bad279c7b50a348f2ac29,1656.67,65.08,6.595907412,54000,53000
88281eb0a809e4701d8bad279c7b50a348f2ac29,1699.66,67.29,6.762654753,54000,54000
88281eb0a809e4701d8bad279c7b50a348f2ac29,1657.28,65.54,6.592055228,54000,54000
88281eb0a809e4701d8bad279c7b50a348f2ac29,1662.78,65.42,6.614929903,55000,55000
88281eb0a809e4701d8bad279c7b50a348f2ac29,1693.50,67.11,6.740784449,54000,55000
88281eb0a809e4701d8bad279c7b50a348f2ac29,1664.84,66.00,6.628456459,54000,54000
88281eb0a809e4701d8bad279c7b50a348f2ac29,1638.84,64.64,6.521201142,54000,54000
88281eb0a809e4701d8bad279c7b50a348f2ac29,1672.44,66.01,6.641211123,55000,55000
88281eb0a809e4701d8bad279c7b50a348f2ac29,1680.31,66.61,6.682796969,55000,54000
88281eb0a809e4701d8bad279c7b50a348f2ac29,1658.21,65.65,6.615599646,55000,54000
88281eb0a809e4701d8bad279c7b50a348f2ac29,1670.99,65.97,6.640542114,55000,54000
88281eb0a809e4701d8bad279c7b50a348f2ac29,1665.03,65.73,6.627936042,54000,54000
88281eb0a809e4701d8bad279c7b50a348f2ac29,1673.50,65.94,6.655803041,54000,55000
88281eb0a809e4701d8bad279c7b50a348f2ac29,1658.98,65.61,6.601348445,55000,55000
88281eb0a809e4701d8bad279c7b50a348f2ac29,1669.90,65.69,6.655159092,54000,54000
88281eb0a809e4701d8bad279c7b50a348f2ac29,1685.92,66.37,6.714052401,55000,55000
88281eb0a809e4701d8bad279c7b50a348f2ac29,1693.52,66.92,6.741129302,54000,54000
88281eb0a809e4701d8bad279c7b50a348f2ac29,1679.56,66.53,6.672003856,54000,54000
88281eb0a809e4701d8bad279c7b50a348f2ac29,1671.72,65.71,6.648618700,53000,54000
88281eb0a809e4701d8bad279c7b50a348f2ac29,1651.56,65.31,6.564541712,55000,54000
88281eb0a809e4701d8bad279c7b50a348f2ac29,1652.80,65.11,6.570757920,54000,54000
88281eb0a809e4701d8bad279c7b50a348f2ac29,1659.03,65.74,6.612673849,54000,54000
88281eb0a809e4701d8bad279c7b50a348f2ac29,1660.33,65.66,6.605409327,54000,54000
88281eb0a809e4701d8bad279c7b50a348f2ac29,1677.53,65.93,6.683074263,54000,54000
88281eb0a809e4701d8bad279c7b50a348f2ac29,1652.91,65.02,6.586428814,54000,54000
7049ba88ab5fce314d33a0da14543d861b31d4f7,1663.11,65.90,6.607639477,55000,54000
7049ba88ab5fce314d33a0da14543d861b31d4f7,1681.14,66.49,6.671974007,54000,55000
7049ba88ab5fce314d33a0da14543d861b31d4f7,1678.81,66.26,6.663726262,54000,55000
7049ba88ab5fce314d33a0da14543d861b31d4f7,1658.47,65.39,6.598865380,54000,55000
7049ba88ab5fce314d33a0da14543d861b31d4f7,1670.40,65.84,6.639852364,55000,54000
7049ba88ab5fce314d33a0da14543d861b31d4f7,1672.56,66.21,6.646795698,55000,55000
7049ba88ab5fce314d33a0da14543d861b31d4f7,1655.20,65.35,6.592483451,55000,55000
7049ba88ab5fce314d33a0da14543d861b31d4f7,1688.15,66.50,6.709771918,54000,55000
7049ba88ab5fce314d33a0da14543d861b31d4f7,1679.41,66.36,6.678425530,54000,55000
7049ba88ab5fce314d33a0da14543d861b31d4f7,1666.87,66.15,6.623698243,54000,54000
7049ba88ab5fce314d33a0da14543d861b31d4f7,1686.45,66.66,6.698592457,54000,54000
7049ba88ab5fce314d33a0da14543d861b31d4f7,1670.46,65.78,6.647742558,54000,54000
7049ba88ab5fce314d33a0da14543d861b31d4f7,1671.69,66.28,6.649334708,55000,54000
7049ba88ab5fce314d33a0da14543d861b31d4f7,1666.83,65.79,6.627251078,54000,54000
7049ba88ab5fce314d33a0da14543d861b31d4f7,1672.03,65.91,6.636690940,54000,55000
7049ba88ab5fce314d33a0da14543d861b31d4f7,1652.88,65.34,6.570168085,54000,54000
7049ba88ab5fce314d33a0da14543d861b31d4f7,1669.44,65.74,6.629233630,54000,54000
7049ba88ab5fce314d33a0da14543d861b31d4f7,1661.95,65.43,6.598239426,54000,55000
7049ba88ab5fce314d33a0da14543d861b31d4f7,1685.11,66.83,6.691705120,54000,54000
7049ba88ab5fce314d33a0da14543d861b31d4f7,1681.21,66.87,6.670588486,54000,55000
7049ba88ab5fce314d33a0da14543d861b31d4f7,1665.44,66.02,6.604933834,54000,54000
7049ba88ab5fce314d33a0da14543d861b31d4f7,1679.79,66.52,6.663676262,54000,54000
7049ba88ab5fce314d33a0da14543d861b31d4f7,1688.08,66.82,6.706072711,54000,55000
7049ba88ab5fce314d33a0da14543d861b31d4f7,1692.87,66.95,6.737080496,55000,55000
7049ba88ab5fce314d33a0da14543d861b31d4f7,1673.64,66.18,6.631760539,54000,54000
7049ba88ab5fce314d33a0da14543d861b31d4f7,1690.39,66.87,6.709240256,55000,54000
7049ba88ab5fce314d33a0da14543d861b31d4f7,1659.44,65.61,6.592535149,54000,54000
7049ba88ab5fce314d33a0da14543d861b31d4f7,1676.09,66.36,6.667603650,54000,54000
7049ba88ab5fce314d33a0da14543d861b31d4f7,1687.09,66.69,6.703169018,54000,54000
7049ba88ab5fce314d33a0da14543d861b31d4f7,1678.48,66.61,6.672793953,54000,54000
b98f3a00a651eacd3d73203acf10cb69b251f56a,1651.13,65.52,6.600391182,56000,57000
b98f3a00a651eacd3d73203acf10cb69b251f56a,1642.11,64.58,6.527376286,56000,54000
b98f3a00a651eacd3d73203acf10cb69b251f56a,1665.92,65.93,6.619828491,55000,55000
b98f3a00a651eacd3d73203acf10cb69b251f56a,1672.44,66.20,6.653614197,55000,54000
b98f3a00a651eacd3d73203acf10cb69b251f56a,1663.80,65.81,6.618989157,54000,54000
b98f3a00a651eacd3d73203acf10cb69b251f56a,1651.85,65.43,6.573459652,54000,54000
b98f3a00a651eacd3d73203acf10cb69b251f56a,1668.11,65.60,6.640738843,54000,54000
b98f3a00a651eacd3d73203acf10cb69b251f56a,1652.72,64.70,6.592302861,54000,54000
b98f3a00a651eacd3d73203acf10cb69b251f56a,1651.91,65.29,6.580998686,55000,55000
b98f3a00a651eacd3d73203acf10cb69b251f56a,1662.56,65.65,6.629851280,54000,54000
b98f3a00a651eacd3d73203acf10cb69b251f56a,1668.65,65.79,6.646828767,54000,55000
b98f3a00a651eacd3d73203acf10cb69b251f56a,1667.05,65.70,6.634852848,54000,54000
b98f3a00a651eacd3d73203acf10cb69b251f56a,1668.59,65.73,6.642986652,55000,55000
b98f3a00a651eacd3d73203acf10cb69b251f56a,1641.65,64.52,6.528856363,54000,54000
b98f3a00a651eacd3d73203acf10cb69b251f56a,1646.37,64.73,6.555136912,54000,55000
b98f3a00a651eacd3d73203acf10cb69b251f56a,1644.56,64.74,6.539179030,54000,54000
b98f3a00a651eacd3d73203acf10cb69b251f56a,1673.48,65.92,6.658477377,54000,54000
b98f3a00a651eacd3d73203acf10cb69b251f56a,1675.82,65.99,6.666457277,54000,54000
b98f3a00a651eacd3d73203acf10cb69b251f56a,1654.58,65.24,6.579976892,55000,54000
b98f3a00a651eacd3d73203acf10cb69b251f56a,1663.63,65.45,6.601873193,54000,55000
b98f3a00a651eacd3d73203acf10cb69b251f56a,1640.30,64.77,6.530855444,54000,54000
b98f3a00a651eacd3d73203acf10cb69b251f56a,1658.03,65.30,6.614505419,54000,54000
b98f3a00a651eacd3d73203acf10cb69b251f56a,1660.58,65.51,6.605016699,54000,54000
b98f3a00a651eacd3d73203acf10cb69b251f56a,1673.84,65.96,6.661597899,54000,54000
b98f3a00a651eacd3d73203acf10cb69b251f56a,1659.83,65.45,6.624058270,53000,53000
b98f3a00a651eacd3d73203acf10cb69b251f56a,1666.72,65.51,6.627444522,54000,54000
b98f3a00a651eacd3d73203acf10cb69b251f56a,1665.54,65.59,6.630096993,54000,54000
b98f3a00a651eacd3d73203acf10cb69b251f56a,1665.79,65.77,6.625048352,54000,54000
b98f3a00a651eacd3d73203acf10cb69b251f56a,1680.95,66.33,6.688991541,54000,54000
b98f3a00a651eacd3d73203acf10cb69b251f56a,1661.59,65.15,6.630453496,54000,54000
ab7bb15901edddd89f30202e96ceeb2a9bfefe4a,1642.87,64.76,6.532299902,54000,55000
ab7bb15901edddd89f30202e96ceeb2a9bfefe4a,1675.62,66.32,6.678203200,55000,55000
ab7bb15901edddd89f30202e96ceeb2a9bfefe4a,1666.67,65.58,6.623705525,54000,54000
ab7bb15901edddd89f30202e96ceeb2a9bfefe4a,1659.75,65.10,6.616702059,54000,55000
ab7bb15901edddd89f30202e96ceeb2a9bfefe4a,1674.61,66.20,6.661316939,54000,54000
ab7bb15901edddd89f30202e96ceeb2a9bfefe4a,1691.84,66.89,6.732789141,55000,55000
ab7bb15901edddd89f30202e96ceeb2a9bfefe4a,1656.25,65.41,6.574925567,54000,55000
ab7bb15901edddd89f30202e96ceeb2a9bfefe4a,1689.32,66.48,6.713197301,55000,54000
ab7bb15901edddd89f30202e96ceeb2a9bfefe4a,1654.92,65.37,6.571946059,55000,54000
ab7bb15901edddd89f30202e96ceeb2a9bfefe4a,1665.77,66.00,6.608465697,55000,55000
ab7bb15901edddd89f30202e96ceeb2a9bfefe4a,1647.00,64.95,6.562463659,55000,54000
ab7bb15901edddd89f30202e96ceeb2a9bfefe4a,1659.16,65.66,6.601736220,54000,54000
ab7bb15901edddd89f30202e96ceeb2a9bfefe4a,1674.54,66.31,6.665973816,54000,54000
ab7bb15901edddd89f30202e96ceeb2a9bfefe4a,1672.17,66.37,6.649337898,54000,55000
ab7bb15901edddd89f30202e96ceeb2a9bfefe4a,1670.40,65.76,6.637436700,54000,54000
ab7bb15901edddd89f30202e96ceeb2a9bfefe4a,1649.65,65.61,6.548784530,53000,55000
ab7bb15901edddd89f30202e96ceeb2a9bfefe4a,1687.50,66.75,6.700667776,54000,54000
ab7bb15901edddd89f30202e96ceeb2a9bfefe4a,1667.80,65.67,6.630719373,54000,54000
ab7bb15901edddd89f30202e96ceeb2a9bfefe4a,1652.18,65.31,6.572212458,54000,54000
ab7bb15901edddd89f30202e96ceeb2a9bfefe4a,1675.21,66.16,6.659963897,54000,55000
ab7bb15901edddd89f30202e96ceeb2a9bfefe4a,1645.71,65.19,6.539771067,54000,54000
ab7bb15901edddd89f30202e96ceeb2a9bfefe4a,1663.34,65.89,6.606985891,55000,55000
ab7bb15901edddd89f30202e96ceeb2a9bfefe4a,1654.76,65.47,6.579094735,54000,54000
ab7bb15901edddd89f30202e96ceeb2a9bfefe4a,1653.76,65.69,6.584141654,55000,55000
ab7bb15901edddd89f30202e96ceeb2a9bfefe4a,1648.43,65.28,6.561126742,54000,54000
ab7bb15901edddd89f30202e96ceeb2a9bfefe4a,1667.86,65.87,6.616290841,54000,54000
ab7bb15901edddd89f30202e96ceeb2a9bfefe4a,1670.36,65.74,6.637735556,54000,54000
ab7bb15901edddd89f30202e96ceeb2a9bfefe4a,1655.53,65.38,6.587677224,54000,54000
ab7bb15901edddd89f30202e96ceeb2a9bfefe4a,1658.83,65.26,6.612814211,54000,54000
ab7bb15901edddd89f30202e96ceeb2a9bfefe4a,1644.63,64.73,6.545666216,54000,54000
527c27154e74f7c55d719ba9f2b8d430054d9f45,1691.94,66.83,6.735318645,55000,55000
527c27154e74f7c55d719ba9f2b8d430054d9f45,1697.77,66.98,6.768376961,55000,54000
527c27154e74f7c55d719ba9f2b8d430054d9f45,1656.86,64.98,6.605749579,54000,55000
527c27154e74f7c55d719ba9f2b8d430054d9f45,1678.74,66.14,6.696340612,54000,54000
527c27154e74f7c55d719ba9f2b8d430054d9f45,1642.35,64.66,6.542081756,55000,54000
527c27154e74f7c55d719ba9f2b8d430054d9f45,1647.68,64.65,6.566269468,54000,54000
527c27154e74f7c55d719ba9f2b8d430054d9f45,1663.08,65.67,6.631634683,55000,54000
527c27154e74f7c55d719ba9f2b8d430054d9f45,1698.01,67.11,6.754847910,54000,55000
527c27154e74f7c55d719ba9f2b8d430054d9f45,1663.43,65.35,6.609101701,54000,55000
527c27154e74f7c55d719ba9f2b8d430054d9f45,1686.21,66.66,6.707158090,54000,54000
527c27154e74f7c55d719ba9f2b8d430054d9f45,1669.11,65.58,6.647316466,54000,55000
527c27154e74f7c55d719ba9f2b8d430054d9f45,1647.96,64.76,6.566735083,53000,55000
527c27154e74f7c55d719ba9f2b8d430054d9f45,1674.44,66.19,6.655893005,54000,56000
527c27154e74f7c55d719ba9f2b8d430054d9f45,1664.05,65.25,6.622392694,55000,55000
527c27154e74f7c55d719ba9f2b8d430054d9f45,1670.03,65.85,6.644068792,54000,54000
527c27154e74f7c55d719ba9f2b8d430054d9f45,1659.42,65.26,6.605289208,55000,54000
527c27154e74f7c55d719ba9f2b8d430054d9f45,1637.83,64.52,6.520247102,55000,55000
527c27154e74f7c55d719ba9f2b8d430054d9f45,1667.72,65.63,6.636641777,54000,55000
527c27154e74f7c55d719ba9f2b8d430054d9f45,1656.88,65.58,6.592564150,54000,55000
527c27154e74f7c55d719ba9f2b8d430054d9f45,1683.30,66.62,6.702003121,54000,55000
527c27154e74f7c55d719ba9f2b8d430054d9f45,1659.73,65.43,6.604102766,55000,55000
527c27154e74f7c55d719ba9f2b8d430054d9f45,1657.54,65.62,6.592859992,54000,54000
527c27154e74f7c55d719ba9f2b8d430054d9f45,1658.97,65.73,6.597940173,53000,54000
527c27154e74f7c55d719ba9f2b8d430054d9f45,1702.52,67.09,6.767865301,55000,54000
527c27154e74f7c55d719ba9f2b8d430054d9f45,1682.00,66.21,6.693842385,55000,54000
527c27154e74f7c55d719ba9f2b8d430054d9f45,1657.45,65.32,6.598595812,54000,54000
527c27154e74f7c55d719ba9f2b8d430054d9f45,1655.18,65.32,6.586172150,54000,54000
527c27154e74f7c55d719ba9f2b8d430054d9f45,1660.79,65.31,6.614544175,54000,54000
527c27154e74f7c55d719ba9f2b8d430054d9f45,1672.84,66.24,6.649015196,54000,54000
527c27154e74f7c55d719ba9f2b8d430054d9f45,1655.37,64.92,6.595322023,54000,54000
a1dbff7275ec8afcc1f4408c45cdffdab35bacde,1662.03,65.70,6.608233380,55000,55000
a1dbff7275ec8afcc1f4408c45cdffdab35bacde,1670.46,65.98,6.657737472,55000,54000
a1dbff7275ec8afcc1f4408c45cdffdab35bacde,1665.40,65.65,6.609941974,54000,54000
a1dbff7275ec8afcc1f4408c45cdffdab35bacde,1655.63,65.39,6.579056375,54000,56000
a1dbff7275ec8afcc1f4408c45cdffdab35bacde,1672.00,66.05,6.645804191,55000,55000
a1dbff7275ec8afcc1f4408c45cdffdab35bacde,1644.65,64.85,6.552854622,54000,54000
a1dbff7275ec8afcc1f4408c45cdffdab35bacde,1657.32,65.21,6.604475381,55000,54000
a1dbff7275ec8afcc1f4408c45cdffdab35bacde,1671.14,65.96,6.655851351,54000,55000
a1dbff7275ec8afcc1f4408c45cdffdab35bacde,1645.68,65.09,6.543984880,54000,55000
a1dbff7275ec8afcc1f4408c45cdffdab35bacde,1656.07,65.15,6.584709096,56000,55000
a1dbff7275ec8afcc1f4408c45cdffdab35bacde,1658.42,65.35,6.598615896,55000,54000
a1dbff7275ec8afcc1f4408c45cdffdab35bacde,1666.47,65.60,6.625487422,54000,54000
a1dbff7275ec8afcc1f4408c45cdffdab35bacde,1675.90,66.17,6.663209922,54000,54000
a1dbff7275ec8afcc1f4408c45cdffdab35bacde,1695.29,67.32,6.746604153,54000,55000
a1dbff7275ec8afcc1f4408c45cdffdab35bacde,1657.41,65.69,6.588891294,54000,55000
a1dbff7275ec8afcc1f4408c45cdffdab35bacde,1688.05,66.85,6.714127908,54000,54000
a1dbff7275ec8afcc1f4408c45cdffdab35bacde,1701.86,67.16,6.756546860,54000,55000
a1dbff7275ec8afcc1f4408c45cdffdab35bacde,1669.18,65.86,6.640542417,54000,54000
a1dbff7275ec8afcc1f4408c45cdffdab35bacde,1673.17,65.64,6.647593719,54000,54000
a1dbff7275ec8afcc1f4408c45cdffdab35bacde,1668.17,65.93,6.613931341,54000,55000
a1dbff7275ec8afcc1f4408c45cdffdab35bacde,1685.21,66.53,6.706715035,55000,55000
a1dbff7275ec8afcc1f4408c45cdffdab35bacde,1672.51,66.05,6.644520635,54000,55000
a1dbff7275ec8afcc1f4408c45cdffdab35bacde,1656.77,65.41,6.590114975,55000,54000
a1dbff7275ec8afcc1f4408c45cdffdab35bacde,1655.66,65.41,6.588722027,54000,54000
a1dbff7275ec8afcc1f4408c45cdffdab35bacde,1644.39,64.90,6.521809732,55000,54000
a1dbff7275ec8afcc1f4408c45cdffdab35bacde,1658.44,65.63,6.592318655,54000,54000
a1dbff7275ec8afcc1f4408c45cdffdab35bacde,1659.94,65.52,6.596973849,54000,55000
a1dbff7275ec8afcc1f4408c45cdffdab35bacde,1683.94,66.55,6.698843197,54000,54000
a1dbff7275ec8afcc1f4408c45cdffdab35bacde,1666.29,65.54,6.629898452,54000,55000
a1dbff7275ec8afcc1f4408c45cdffdab35bacde,1667.58,65.46,6.643741416,55000,54000
21b22eccdd1252272b7d41f9e2c669c209956fb1,1695.59,67.53,6.776795758,56000,57000
21b22eccdd1252272b7d41f9e2c669c209956fb1,1675.89,66.54,6.663000490,56000,56000
21b22eccdd1252272b7d41f9e2c669c209956fb1,1685.27,66.74,6.687445306,55000,54000
21b22eccdd1252272b7d41f9e2c669c209956fb1,1685.64,66.72,6.686274574,54000,54000
21b22eccdd1252272b7d41f9e2c669c209956fb1,1685.52,66.99,6.676464083,54000,56000
21b22eccdd1252272b7d41f9e2c669c209956fb1,1662.14,65.57,6.595037096,55000,56000
21b22eccdd1252272b7d41f9e2c669c209956fb1,1672.74,66.01,6.628349957,54000,56000
21b22eccdd1252272b7d41f9e2c669c209956fb1,1683.68,66.38,6.692015391,56000,55000
21b22eccdd1252272b7d41f9e2c669c209956fb1,1672.20,66.49,6.627811746,55000,54000
21b22eccdd1252272b7d41f9e2c669c209956fb1,1666.83,65.89,6.624348324,55000,56000
21b22eccdd1252272b7d41f9e2c669c209956fb1,1668.44,65.76,6.624839649,54000,54000
21b22eccdd1252272b7d41f9e2c669c209956fb1,1663.08,66.28,6.601386258,55000,55000
21b22eccdd1252272b7d41f9e2c669c209956fb1,1688.54,66.99,6.706653600,54000,56000
21b22eccdd1252272b7d41f9e2c669c209956fb1,1673.34,66.20,6.649350242,54000,54000
21b22eccdd1252272b7d41f9e2c669c209956fb1,1690.38,66.83,6.718484550,54000,54000
21b22eccdd1252272b7d41f9e2c669c209956fb1,1677.00,66.32,6.645698598,54000,54000
21b22eccdd1252272b7d41f9e2c669c209956fb1,1670.36,65.78,6.645845950,54000,56000
21b22eccdd1252272b7d41f9e2c669c209956fb1,1693.54,66.76,6.730474941,54000,56000
21b22eccdd1252272b7d41f9e2c669c209956fb1,1670.43,65.92,6.637310036,55000,55000
21b22eccdd1252272b7d41f9e2c669c209956fb1,1709.95,67.82,6.793926472,54000,54000
21b22eccdd1252272b7d41f9e2c669c209956fb1,1676.43,66.02,6.654618791,55000,54000
21b22eccdd1252272b7d41f9e2c669c209956fb1,1666.01,66.01,6.625939837,54000,54000
21b22eccdd1252272b7d41f9e2c669c209956fb1,1669.83,66.20,6.648654409,54000,55000
21b22eccdd1252272b7d41f9e2c669c209956fb1,1684.88,66.64,6.692486099,55000,55000
21b22eccdd1252272b7d41f9e2c669c209956fb1,1649.39,65.05,6.559465785,54000,54000
21b22eccdd1252272b7d41f9e2c669c209956fb1,1686.67,66.51,6.702465282,54000,53000
21b22eccdd1252272b7d41f9e2c669c209956fb1,1684.46,66.60,6.683375692,54000,55000
21b22eccdd1252272b7d41f9e2c669c209956fb1,1711.57,67.57,6.804913158,54000,54000
21b22eccdd1252272b7d41f9e2c669c209956fb1,1660.72,65.61,6.595804198,55000,54000
21b22eccdd1252272b7d41f9e2c669c209956fb1,1710.50,67.88,6.827773301,54000,54000
3c0926aabcf7dc60fa1bf6a25ff4a5c45faed2fe,1656.90,65.39,6.588346147,55000,55000
3c0926aabcf7dc60fa1bf6a25ff4a5c45faed2fe,1689.77,67.01,6.702607074,55000,54000
3c0926aabcf7dc60fa1bf6a25ff4a5c45faed2fe,1689.30,66.86,6.711307747,54000,54000
3c0926aabcf7dc60fa1bf6a25ff4a5c45faed2fe,1682.97,66.27,6.688615204,55000,55000
3c0926aabcf7dc60fa1bf6a25ff4a5c45faed2fe,1661.73,65.79,6.606216450,54000,54000
3c0926aabcf7dc60fa1bf6a25ff4a5c45faed2fe,1660.58,65.87,6.602321823,55000,54000
3c0926aabcf7dc60fa1bf6a25ff4a5c45faed2fe,1668.73,66.02,6.634218993,54000,54000
3c0926aabcf7dc60fa1bf6a25ff4a5c45faed2fe,1681.19,66.39,6.693042319,54000,54000
3c0926aabcf7dc60fa1bf6a25ff4a5c45faed2fe,1679.38,66.30,6.665480031,54000,54000
3c0926aabcf7dc60fa1bf6a25ff4a5c45faed2fe,1696.11,66.90,6.735808932,55000,54000
3c0926aabcf7dc60fa1bf6a25ff4a5c45faed2fe,1681.34,66.52,6.677679616,55000,54000
3c0926aabcf7dc60fa1bf6a25ff4a5c45faed2fe,1685.06,66.51,6.689844098,55000,56000
3c0926aabcf7dc60fa1bf6a25ff4a5c45faed2fe,1670.36,65.79,6.632136103,54000,54000
3c0926aabcf7dc60fa1bf6a25ff4a5c45faed2fe,1680.39,66.20,6.706486907,55000,54000
3c0926aabcf7dc60fa1bf6a25ff4a5c45faed2fe,1712.05,67.77,6.804072645,54000,54000
3c0926aabcf7dc60fa1bf6a25ff4a5c45faed2fe,1673.32,65.89,6.671750648,54000,55000
3c0926aabcf7dc60fa1bf6a25ff4a5c45faed2fe,1685.42,66.95,6.679399822,54000,55000
3c0926aabcf7dc60fa1bf6a25ff4a5c45faed2fe,1674.32,66.03,6.657783584,55000,55000
3c0926aabcf7dc60fa1bf6a25ff4a5c45faed2fe,1702.29,67.73,6.763148220,54000,54000
3c0926aabcf7dc60fa1bf6a25ff4a5c45faed2fe,1672.26,66.04,6.638691234,54000,54000
3c0926aabcf7dc60fa1bf6a25ff4a5c45faed2fe,1679.92,66.58,6.678283874,54000,54000
3c0926aabcf7dc60fa1bf6a25ff4a5c45faed2fe,1701.09,67.13,6.750289902,55000,54000
3c0926aabcf7dc60fa1bf6a25ff4a5c45faed2fe,1691.90,66.82,6.742006289,54000,54000
3c0926aabcf7dc60fa1bf6a25ff4a5c45faed2fe,1710.55,67.78,6.799226888,54000,54000
3c0926aabcf7dc60fa1bf6a25ff4a5c45faed2fe,1649.53,65.32,6.552784575,54000,53000
3c0926aabcf7dc60fa1bf6a25ff4a5c45faed2fe,1691.17,66.67,6.714084760,54000,54000
3c0926aabcf7dc60fa1bf6a25ff4a5c45faed2fe,1697.46,67.08,6.752352776,54000,54000
3c0926aabcf7dc60fa1bf6a25ff4a5c45faed2fe,1687.69,66.45,6.711334823,53000,54000
3c0926aabcf7dc60fa1bf6a25ff4a5c45faed2fe,1669.82,66.26,6.630385045,54000,54000
3c0926aabcf7dc60fa1bf6a25ff4a5c45faed2fe,1668.20,65.62,6.645926665,54000,55000
081f554cf199ea5d25c8675872e490671347ade3,1673.51,66.25,6.641129862,54000,55000
081f554cf199ea5d25c8675872e490671347ade3,1699.55,67.23,6.767119653,55000,55000
081f554cf199ea5d25c8675872e490671347ade3,1680.80,66.50,6.682732534,55000,54000
081f554cf199ea5d25c8675872e490671347ade3,1675.78,66.02,6.679901941,54000,54000
081f554cf199ea5d25c8675872e490671347ade3,1677.33,66.46,6.667255479,54000,54000
081f554cf199ea5d25c8675872e490671347ade3,1648.46,64.93,6.564619354,55000,54000
081f554cf199ea5d25c8675872e490671347ade3,1687.63,66.81,6.718466311,55000,55000
081f554cf199ea5d25c8675872e490671347ade3,1679.94,66.02,6.678121915,54000,55000
081f554cf199ea5d25c8675872e490671347ade3,1690.43,66.70,6.723563493,54000,54000
081f554cf199ea5d25c8675872e490671347ade3,1693.11,66.57,6.723884576,54000,55000
081f554cf199ea5d25c8675872e490671347ade3,1676.10,65.94,6.661810939,54000,55000
081f554cf199ea5d25c8675872e490671347ade3,1672.04,65.88,6.647114941,54000,54000
081f554cf199ea5d25c8675872e490671347ade3,1683.88,66.37,6.704873885,55000,55000
081f554cf199ea5d25c8675872e490671347ade3,1698.03,67.03,6.757116459,54000,55000
081f554cf199ea5d25c8675872e490671347ade3,1676.35,66.34,6.654244491,54000,54000
081f554cf199ea5d25c8675872e490671347ade3,1660.40,65.27,6.607559209,55000,54000
081f554cf199ea5d25c8675872e490671347ade3,1687.05,66.67,6.717376449,54000,55000
081f554cf199ea5d25c8675872e490671347ade3,1655.67,65.42,6.584938411,54000,54000
081f554cf199ea5d25c8675872e490671347ade3,1703.31,67.10,6.809577358,55000,55000
081f554cf199ea5d25c8675872e490671347ade3,1679.17,66.42,6.659144775,55000,54000
081f554cf199ea5d25c8675872e490671347ade3,1673.25,65.99,6.650930311,54000,54000
081f554cf199ea5d25c8675872e490671347ade3,1643.40,64.93,6.541837918,54000,55000
081f554cf199ea5d25c8675872e490671347ade3,1674.32,65.99,6.655107633,54000,54000
081f554cf199ea5d25c8675872e490671347ade3,1693.38,66.97,6.733432787,54000,54000
081f554cf199ea5d25c8675872e490671347ade3,1666.20,65.71,6.619021609,55000,54000
081f554cf199ea5d25c8675872e490671347ade3,1665.83,65.75,6.607807864,55000,55000
081f554cf199ea5d25c8675872e490671347ade3,1680.20,66.16,6.677351683,54000,54000
081f554cf199ea5d25c8675872e490671347ade3,1669.38,65.91,6.638556887,54000,54000
081f554cf199ea5d25c8675872e490671347ade3,1674.24,66.23,6.661257107,54000,54000
081f554cf199ea5d25c8675872e490671347ade3,1683.31,66.79,6.704917381,54000,55000
054100925578c12d46dc37f8bc3af1e9de748ece,1677.37,66.46,6.649323482,54000,54000
054100925578c12d46dc37f8bc3af1e9de748ece,1694.65,67.25,6.712067590,54000,54000
054100925578c12d46dc37f8bc3af1e9de748ece,1685.09,66.67,6.683785437,55000,55000
054100925578c12d46dc37f8bc3af1e9de748ece,1698.57,67.20,6.744993602,54000,55000
054100925578c12d46dc37f8bc3af1e9de748ece,1666.60,66.15,6.611513996,55000,55000
054100925578c12d46dc37f8bc3af1e9de748ece,1681.71,66.71,6.679553533,54000,55000
054100925578c12d46dc37f8bc3af1e9de748ece,1696.03,67.10,6.741067209,54000,54000
054100925578c12d46dc37f8bc3af1e9de748ece,1693.91,67.18,6.704137216,54000,54000
054100925578c12d46dc37f8bc3af1e9de748ece,1706.93,67.84,6.760479129,55000,54000
054100925578c12d46dc37f8bc3af1e9de748ece,1667.40,65.98,6.616723983,54000,54000
054100925578c12d46dc37f8bc3af1e9de748ece,1704.19,67.20,6.763717162,55000,55000
054100925578c12d46dc37f8bc3af1e9de748ece,1680.66,66.46,6.683670815,54000,55000
054100925578c12d46dc37f8bc3af1e9de748ece,1677.51,66.26,6.657884518,54000,54000
054100925578c12d46dc37f8bc3af1e9de748ece,1698.19,67.28,6.726555289,54000,54000
054100925578c12d46dc37f8bc3af1e9de748ece,1675.18,65.98,6.641850001,54000,54000
054100925578c12d46dc37f8bc3af1e9de748ece,1674.94,66.32,6.640352992,54000,55000
054100925578c12d46dc37f8bc3af1e9de748ece,1685.63,66.74,6.696695963,54000,55000
054100925578c12d46dc37f8bc3af1e9de748ece,1702.71,67.09,6.754413128,55000,55000
054100925578c12d46dc37f8bc3af1e9de748ece,1708.12,67.94,6.777762075,54000,55000
054100925578c12d46dc37f8bc3af1e9de748ece,1678.35,66.62,6.656038338,54000,54000
054100925578c12d46dc37f8bc3af1e9de748ece,1670.30,66.16,6.617948377,54000,54000
054100925578c12d46dc37f8bc3af1e9de748ece,1696.14,67.28,6.729058690,54000,54000
054100925578c12d46dc37f8bc3af1e9de748ece,1727.04,68.92,6.833935138,54000,54000
054100925578c12d46dc37f8bc3af1e9de748ece,1674.18,66.38,6.649772683,54000,54000
054100925578c12d46dc37f8bc3af1e9de748ece,1687.73,66.95,6.707910408,53000,54000
054100925578c12d46dc37f8bc3af1e9de748ece,1693.31,67.13,6.729004875,54000,54000
054100925578c12d46dc37f8bc3af1e9de748ece,1655.96,65.62,6.582083593,54000,54000
054100925578c12d46dc37f8bc3af1e9de748ece,1684.84,67.03,6.692127571,54000,54000
054100925578c12d46dc37f8bc3af1e9de748ece,1688.24,66.88,6.706062934,55000,54000
054100925578c12d46dc37f8bc3af1e9de748ece,1675.66,66.29,6.652556160,54000,54000
f10c9ec0110e26211ffc1b59406de947bc035b6f,1678.50,65.95,6.682148726,54000,54000
f10c9ec0110e26211ffc1b59406de947bc035b6f,1659.42,65.41,6.602176517,55000,54000
f10c9ec0110e26211ffc1b59406de947bc035b6f,1669.14,65.48,6.650974256,54000,54000
f10c9ec0110e26211ffc1b59406de947bc035b6f,1669.02,65.76,6.645717232,55000,54000
f10c9ec0110e26211ffc1b59406de947bc035b6f,1705.99,67.04,6.800065947,54000,55000
f10c9ec0110e26211ffc1b59406de947bc035b6f,1657.06,65.18,6.593416623,55000,55000
f10c9ec0110e26211ffc1b59406de947bc035b6f,1642.94,64.63,6.544894310,55000,54000
f10c9ec0110e26211ffc1b59406de947bc035b6f,1664.63,65.69,6.621530514,55000,56000
f10c9ec0110e26211ffc1b59406de947bc035b6f,1659.52,65.56,6.605429731,55000,55000
f10c9ec0110e26211ffc1b59406de947bc035b6f,1660.23,65.38,6.609056835,54000,56000
f10c9ec0110e26211ffc1b59406de947bc035b6f,1661.38,65.53,6.599429414,55000,54000
f10c9ec0110e26211ffc1b59406de947bc035b6f,1667.30,65.65,6.644165059,55000,54000
f10c9ec0110e26211ffc1b59406de947bc035b6f,1648.55,64.97,6.553929466,54000,54000
f10c9ec0110e26211ffc1b59406de947bc035b6f,1668.93,65.65,6.630082053,55000,55000
f10c9ec0110e26211ffc1b59406de947bc035b6f,1692.85,66.63,6.742951986,54000,54000
f10c9ec0110e26211ffc1b59406de947bc035b6f,1662.92,65.61,6.625531436,54000,54000
f10c9ec0110e26211ffc1b59406de947bc035b6f,1660.97,65.61,6.612327475,54000,54000
f10c9ec0110e26211ffc1b59406de947bc035b6f,1655.66,65.05,6.592357157,55000,54000
f10c9ec0110e26211ffc1b59406de947bc035b6f,1674.92,66.31,6.663389552,54000,54000
f10c9ec0110e26211ffc1b59406de947bc035b6f,1692.10,66.83,6.747900934,54000,54000
f10c9ec0110e26211ffc1b59406de947bc035b6f,1655.68,64.96,6.591430400,54000,54000
f10c9ec0110e26211ffc1b59406de947bc035b6f,1690.07,66.57,6.715032593,54000,54000
f10c9ec0110e26211ffc1b59406de947bc035b6f,1685.64,66.62,6.711688596,54000,54000
f10c9ec0110e26211ffc1b59406de947bc035b6f,1681.61,66.34,6.688793394,54000,54000
f10c9ec0110e26211ffc1b59406de947bc035b6f,1666.73,65.73,6.635950716,54000,54000
f10c9ec0110e26211ffc1b59406de947bc035b6f,1650.55,65.29,6.569508318,54000,55000
f10c9ec0110e26211ffc1b59406de947bc035b6f,1659.21,65.50,6.611116971,54000,54000
f10c9ec0110e26211ffc1b59406de947bc035b6f,1670.96,65.98,6.641187085,54000,55000
f10c9ec0110e26211ffc1b59406de947bc035b6f,1673.41,66.06,6.650879336,54000,54000
f10c9ec0110e26211ffc1b59406de947bc035b6f,1663.23,65.62,6.613169413,54000,54000
50d107d72fead969ca3a311664cd22276db451e7,1679.85,66.39,6.681148839,55000,55000
50d107d72fead969ca3a311664cd22276db451e7,1672.37,65.89,6.648953209,55000,56000
50d107d72fead969ca3a311664cd22276db451e7,1672.81,66.10,6.644806949,55000,54000
50d107d72fead969ca3a311664cd22276db451e7,1679.58,66.46,6.681293340,54000,54000
50d107d72fead969ca3a311664cd22276db451e7,1668.06,66.06,6.641032596,54000,54000
50d107d72fead969ca3a311664cd22276db451e7,1659.84,65.77,6.596498473,55000,55000
50d107d72fead969ca3a311664cd22276db451e7,1680.81,66.51,6.673244066,55000,54000
50d107d72fead969ca3a311664cd22276db451e7,1679.61,66.28,6.675756328,55000,56000
50d107d72fead969ca3a311664cd22276db451e7,1672.38,66.09,6.648690805,55000,55000
50d107d72fead969ca3a311664cd22276db451e7,1675.86,66.29,6.677260543,54000,54000
50d107d72fead969ca3a311664cd22276db451e7,1694.00,66.92,6.735476881,54000,54000
50d107d72fead969ca3a311664cd22276db451e7,1679.09,66.58,6.678064112,55000,54000
50d107d72fead969ca3a311664cd22276db451e7,1700.34,67.16,6.764112515,54000,54000
50d107d72fead969ca3a311664cd22276db451e7,1692.14,66.47,6.718354172,54000,55000
50d107d72fead969ca3a311664cd22276db451e7,1686.17,66.34,6.702348930,55000,54000
50d107d72fead969ca3a311664cd22276db451e7,1678.72,66.23,6.673523140,55000,54000
50d107d72fead969ca3a311664cd22276db451e7,1674.94,66.15,6.668921956,54000,55000
50d107d72fead969ca3a311664cd22276db451e7,1693.12,67.15,6.735947611,54000,54000
50d107d72fead969ca3a311664cd22276db451e7,1669.86,65.92,6.636912717,54000,54000
50d107d72fead969ca3a311664cd22276db451e7,1695.16,67.10,6.728919457,55000,55000
50d107d72fead969ca3a311664cd22276db451e7,1679.06,66.61,6.669735073,55000,54000
50d107d72fead969ca3a311664cd22276db451e7,1688.74,66.65,6.718094654,54000,54000
50d107d72fead969ca3a311664cd22276db451e7,1669.85,65.71,6.634236346,55000,55000
50d107d72fead969ca3a311664cd22276db451e7,1676.87,65.99,6.676397029,54000,53000
50d107d72fead969ca3a311664cd22276db451e7,1664.80,65.67,6.624134881,54000,54000
50d107d72fead969ca3a311664cd22276db451e7,1678.33,66.55,6.659755787,54000,54000
50d107d72fead969ca3a311664cd22276db451e7,1690.74,66.98,6.731383195,54000,53000
50d107d72fead969ca3a311664cd22276db451e7,1669.99,66.05,6.638668219,54000,54000
50d107d72fead969ca3a311664cd22276db451e7,1675.55,66.09,6.659085557,55000,54000
50d107d72fead969ca3a311664cd22276db451e7,1699.18,66.95,6.769724096,54000,53000
d0947553e27b488247c2f26f5397be162a20ff26,1688.42,66.88,6.709839383,55000,55000
d0947553e27b488247c2f26f5397be162a20ff26,1690.23,67.07,6.742305482,56000,55000
d0947553e27b488247c2f26f5397be162a20ff26,1669.66,65.63,6.636478154,56000,55000
d0947553e27b488247c2f26f5397be162a20ff26,1682.81,66.24,6.704414775,54000,54000
d0947553e27b488247c2f26f5397be162a20ff26,1689.87,66.57,6.710807741,54000,55000
d0947553e27b488247c2f26f5397be162a20ff26,1693.13,66.90,6.731405112,54000,55000
d0947553e27b488247c2f26f5397be162a20ff26,1667.70,65.81,6.627854414,55000,55000
d0947553e27b488247c2f26f5397be162a20ff26,1649.92,65.14,6.579572183,55000,54000
d0947553e27b488247c2f26f5397be162a20ff26,1685.57,66.43,6.709384023,54000,55000
d0947553e27b488247c2f26f5397be162a20ff26,1688.62,66.67,6.714674084,54000,54000
d0947553e27b488247c2f26f5397be162a20ff26,1679.92,66.05,6.672518880,54000,54000
d0947553e27b488247c2f26f5397be162a20ff26,1685.49,66.34,6.693987677,54000,55000
d0947553e27b488247c2f26f5397be162a20ff26,1670.65,65.66,6.643713596,54000,54000
d0947553e27b488247c2f26f5397be162a20ff26,1678.81,66.37,6.669576568,54000,54000
d0947553e27b488247c2f26f5397be162a20ff26,1666.90,65.94,6.635346640,54000,54000
d0947553e27b488247c2f26f5397be162a20ff26,1681.50,66.42,6.690501924,54000,54000
d0947553e27b488247c2f26f5397be162a20ff26,1687.35,66.54,6.710407154,54000,54000
d0947553e27b488247c2f26f5397be162a20ff26,1677.30,65.96,6.660062028,55000,55000
d0947553e27b488247c2f26f5397be162a20ff26,1688.28,66.77,6.742579792,53000,55000
d0947553e27b488247c2f26f5397be162a20ff26,1675.31,66.18,6.660092669,55000,55000
d0947553e27b488247c2f26f5397be162a20ff26,1677.19,66.28,6.670790549,54000,54000
d0947553e27b488247c2f26f5397be162a20ff26,1700.91,67.46,6.756995962,54000,54000
d0947553e27b488247c2f26f5397be162a20ff26,1690.21,66.64,6.716736149,54000,54000
d0947553e27b488247c2f26f5397be162a20ff26,1671.34,65.92,6.643337315,54000,54000
d0947553e27b488247c2f26f5397be162a20ff26,1692.60,66.87,6.720689695,54000,54000
d0947553e27b488247c2f26f5397be162a20ff26,1672.33,66.07,6.666160427,54000,55000
d0947553e27b488247c2f26f5397be162a20ff26,1695.11,67.05,6.749494615,54000,54000
d0947553e27b488247c2f26f5397be162a20ff26,1690.83,66.84,6.715876676,55000,54000
d0947553e27b488247c2f26f5397be162a20ff26,1653.40,65.38,6.575456491,55000,55000
d0947553e27b488247c2f26f5397be162a20ff26,1694.23,66.89,6.738395103,54000,54000
2d685cc116d7abbb5f75b6da3f828f0dc319eac2,1684.78,66.69,6.705597121,54000,55000
2d685cc116d7abbb5f75b6da3f828f0dc319eac2,1678.34,66.31,6.674701646,56000,55000
2d685cc116d7abbb5f75b6da3f828f0dc319eac2,1704.51,67.34,6.797688787,55000,54000
2d685cc116d7abbb5f75b6da3f828f0dc319eac2,1677.63,66.47,6.669385899,54000,53000
2d685cc116d7abbb5f75b6da3f828f0dc319eac2,1678.41,66.22,6.662677393,54000,54000
2d685cc116d7abbb5f75b6da3f828f0dc319eac2,1680.78,66.48,6.681565977,54000,55000
2d685cc116d7abbb5f75b6da3f828f0dc319eac2,1669.31,66.04,6.640657933,54000,54000
2d685cc116d7abbb5f75b6da3f828f0dc319eac2,1677.16,66.15,6.664509508,54000,54000
2d685cc116d7abbb5f75b6da3f828f0dc319eac2,1676.63,66.19,6.658189389,54000,54000
2d685cc116d7abbb5f75b6da3f828f0dc319eac2,1669.05,65.66,6.625546698,54000,55000
2d685cc116d7abbb5f75b6da3f828f0dc319eac2,1672.46,65.88,6.651845146,55000,54000
2d685cc116d7abbb5f75b6da3f828f0dc319eac2,1660.35,65.58,6.594329961,54000,55000
2d685cc116d7abbb5f75b6da3f828f0dc319eac2,1709.57,67.54,6.799151197,54000,54000
2d685cc116d7abbb5f75b6da3f828f0dc319eac2,1696.92,67.29,6.751464961,55000,54000
2d685cc116d7abbb5f75b6da3f828f0dc319eac2,1683.67,66.60,6.682420308,54000,54000
2d685cc116d7abbb5f75b6da3f828f0dc319eac2,1674.57,66.06,6.647172605,54000,54000
2d685cc116d7abbb5f75b6da3f828f0dc319eac2,1697.79,67.19,6.760143592,55000,54000
2d685cc116d7abbb5f75b6da3f828f0dc319eac2,1707.60,67.36,6.797203828,54000,54000
2d685cc116d7abbb5f75b6da3f828f0dc319eac2,1720.80,68.40,6.833562284,54000,54000
2d685cc116d7abbb5f75b6da3f828f0dc319eac2,1676.59,65.89,6.663001727,55000,54000
2d685cc116d7abbb5f75b6da3f828f0dc319eac2,1670.98,66.00,6.654054865,55000,54000
2d685cc116d7abbb5f75b6da3f828f0dc319eac2,1673.68,66.44,6.648872705,54000,54000
2d685cc116d7abbb5f75b6da3f828f0dc319eac2,1670.51,66.45,6.645342507,54000,54000
2d685cc116d7abbb5f75b6da3f828f0dc319eac2,1702.03,67.63,6.752230013,54000,54000
2d685cc116d7abbb5f75b6da3f828f0dc319eac2,1682.19,66.47,6.676963728,54000,54000
2d685cc116d7abbb5f75b6da3f828f0dc319eac2,1674.94,66.36,6.668704643,54000,54000
2d685cc116d7abbb5f75b6da3f828f0dc319eac2,1687.09,66.52,6.702855466,54000,55000
2d685cc116d7abbb5f75b6da3f828f0dc319eac2,1660.73,65.63,6.597004371,54000,54000
2d685cc116d7abbb5f75b6da3f828f0dc319eac2,1695.88,67.03,6.751313223,54000,54000
2d685cc116d7abbb5f75b6da3f828f0dc319eac2,1687.44,66.54,6.716039461,54000,54000
ed3f13a22edb9b11073acf69e75245be0e8fedf1,1673.28,66.29,6.637099043,54000,55000
ed3f13a22edb9b11073acf69e75245be0e8fedf1,1697.43,67.30,6.723060537,54000,54000
ed3f13a22edb9b11073acf69e75245be0e8fedf1,1687.77,66.87,6.712061038,55000,55000
ed3f13a22edb9b11073acf69e75245be0e8fedf1,1676.50,66.48,6.660366253,55000,56000
ed3f13a22edb9b11073acf69e75245be0e8fedf1,1693.91,67.37,6.709605831,55000,54000
ed3f13a22edb9b11073acf69e75245be0e8fedf1,1689.24,66.86,6.708675559,55000,55000
ed3f13a22edb9b11073acf69e75245be0e8fedf1,1706.32,68.05,6.765184010,54000,54000
ed3f13a22edb9b11073acf69e75245be0e8fedf1,1708.37,67.61,6.765897028,54000,54000
ed3f13a22edb9b11073acf69e75245be0e8fedf1,1699.03,67.43,6.730877571,55000,54000
ed3f13a22edb9b11073acf69e75245be0e8fedf1,1675.83,66.21,6.644750180,56000,54000
ed3f13a22edb9b11073acf69e75245be0e8fedf1,1697.54,67.42,6.738339830,55000,55000
ed3f13a22edb9b11073acf69e75245be0e8fedf1,1693.61,67.08,6.715050298,54000,54000
ed3f13a22edb9b11073acf69e75245be0e8fedf1,1688.33,66.99,6.707669590,55000,54000
ed3f13a22edb9b11073acf69e75245be0e8fedf1,1710.07,68.02,6.788339441,54000,54000
ed3f13a22edb9b11073acf69e75245be0e8fedf1,1688.26,66.71,6.707848740,54000,54000
ed3f13a22edb9b11073acf69e75245be0e8fedf1,1698.16,67.58,6.722789315,55000,55000
ed3f13a22edb9b11073acf69e75245be0e8fedf1,1691.30,66.91,6.713016858,54000,55000
ed3f13a22edb9b11073acf69e75245be0e8fedf1,1693.41,67.12,6.715033922,54000,55000
ed3f13a22edb9b11073acf69e75245be0e8fedf1,1673.86,66.39,6.650186035,55000,54000
ed3f13a22edb9b11073acf69e75245be0e8fedf1,1683.51,66.39,6.674244778,54000,54000
ed3f13a22edb9b11073acf69e75245be0e8fedf1,1684.13,66.66,6.689562830,54000,55000
ed3f13a22edb9b11073acf69e75245be0e8fedf1,1719.38,68.42,6.826711838,54000,54000
ed3f13a22edb9b11073acf69e75245be0e8fedf1,1685.68,67.25,6.679975205,54000,54000
ed3f13a22edb9b11073acf69e75245be0e8fedf1,1708.90,68.01,6.775277268,54000,54000
ed3f13a22edb9b11073acf69e75245be0e8fedf1,1697.16,67.55,6.727377309,54000,55000
ed3f13a22edb9b11073acf69e75245be0e8fedf1,1679.10,66.42,6.685478520,54000,54000
ed3f13a22edb9b11073acf69e75245be0e8fedf1,1687.26,66.96,6.701876815,54000,54000
ed3f13a22edb9b11073acf69e75245be0e8fedf1,1728.85,68.68,6.853153805,54000,54000
ed3f13a22edb9b11073acf69e75245be0e8fedf1,1711.74,67.86,6.792672502,54000,54000
ed3f13a22edb9b11073acf69e75245be0e8fedf1,1707.74,67.81,6.780072083,54000,54000
18cd3feef30dc403976e3822c49264054d5e8fdf,1683.91,67.01,6.697201343,55000,55000
18cd3feef30dc403976e3822c49264054d5e8fdf,1688.44,67.11,6.717002556,55000,56000
18cd3feef30dc403976e3822c49264054d5e8fdf,1678.17,66.57,6.661095788,54000,54000
18cd3feef30dc403976e3822c49264054d5e8fdf,1674.35,66.22,6.651853428,55000,55000
18cd3feef30dc403976e3822c49264054d5e8fdf,1701.24,67.46,6.753018149,54000,55000
18cd3feef30dc403976e3822c49264054d5e8fdf,1710.54,67.58,6.807347189,54000,54000
18cd3feef30dc403976e3822c49264054d5e8fdf,1691.87,66.80,6.726706267,54000,54000
18cd3feef30dc403976e3822c49264054d5e8fdf,1667.53,66.17,6.618985667,54000,54000
18cd3feef30dc403976e3822c49264054d5e8fdf,1677.74,66.23,6.674952791,55000,55000
18cd3feef30dc403976e3822c49264054d5e8fdf,1664.33,65.78,6.608693279,54000,54000
18cd3feef30dc403976e3822c49264054d5e8fdf,1711.34,68.01,6.808857889,56000,55000
18cd3feef30dc403976e3822c49264054d5e8fdf,1676.87,66.37,6.664882930,54000,54000
18cd3feef30dc403976e3822c49264054d5e8fdf,1679.05,66.76,6.664476149,55000,54000
18cd3feef30dc403976e3822c49264054d5e8fdf,1703.36,67.66,6.760287069,54000,54000
18cd3feef30dc403976e3822c49264054d5e8fdf,1694.13,67.18,6.734074745,55000,54000
18cd3feef30dc403976e3822c49264054d5e8fdf,1684.54,66.65,6.718484941,54000,54000
18cd3feef30dc403976e3822c49264054d5e8fdf,1677.78,66.20,6.661223264,54000,54000
18cd3feef30dc403976e3822c49264054d5e8fdf,1671.69,66.00,6.640926359,55000,54000
18cd3feef30dc403976e3822c49264054d5e8fdf,1692.40,66.92,6.703817240,54000,54000
18cd3feef30dc403976e3822c49264054d5e8fdf,1662.19,65.38,6.616512014,54000,54000
18cd3feef30dc403976e3822c49264054d5e8fdf,1675.50,66.06,6.659328683,54000,54000
18cd3feef30dc403976e3822c49264054d5e8fdf,1715.05,67.48,6.816231328,55000,55000
18cd3feef30dc403976e3822c49264054d5e8fdf,1697.37,66.83,6.753598115,54000,54000
18cd3feef30dc403976e3822c49264054d5e8fdf,1698.06,67.06,6.769184993,54000,54000
18cd3feef30dc403976e3822c49264054d5e8fdf,1723.94,68.32,6.876082106,54000,53000
18cd3feef30dc403976e3822c49264054d5e8fdf,1685.89,66.87,6.699427320,54000,54000
18cd3feef30dc403976e3822c49264054d5e8fdf,1668.02,65.99,6.627058032,54000,54000
18cd3feef30dc403976e3822c49264054d5e8fdf,1686.11,66.92,6.682818795,54000,53000
18cd3feef30dc403976e3822c49264054d5e8fdf,1673.86,66.14,6.651852357,55000,54000
18cd3feef30dc403976e3822c49264054d5e8fdf,1682.65,66.50,6.697833268,55000,54000
39e131ae3a5b0a839c4b920613c1ccb8af0dd40c,1690.49,66.88,6.722388830,54000,55000
39e131ae3a5b0a839c4b920613c1ccb8af0dd40c,1688.37,66.94,6.701384919,55000,54000
39e131ae3a5b0a839c4b920613c1ccb8af0dd40c,1680.45,66.42,6.678556377,55000,55000
39e131ae3a5b0a839c4b920613c1ccb8af0dd40c,1691.60,67.09,6.717333967,54000,55000
39e131ae3a5b0a839c4b920613c1ccb8af0dd40c,1678.21,66.04,6.684027664,54000,54000
39e131ae3a5b0a839c4b920613c1ccb8af0dd40c,1707.36,67.23,6.786396209,55000,54000
39e131ae3a5b0a839c4b920613c1ccb8af0dd40c,1677.86,66.49,6.677123052,55000,55000
39e131ae3a5b0a839c4b920613c1ccb8af0dd40c,1660.56,65.48,6.609187277,55000,54000
39e131ae3a5b0a839c4b920613c1ccb8af0dd40c,1680.46,66.28,6.676014318,55000,55000
39e131ae3a5b0a839c4b920613c1ccb8af0dd40c,1685.12,66.79,6.695276492,54000,54000
39e131ae3a5b0a839c4b920613c1ccb8af0dd40c,1662.53,65.77,6.611719833,55000,54000
39e131ae3a5b0a839c4b920613c1ccb8af0dd40c,1690.85,67.25,6.723401888,55000,54000
39e131ae3a5b0a839c4b920613c1ccb8af0dd40c,1678.27,66.33,6.668988892,54000,54000
39e131ae3a5b0a839c4b920613c1ccb8af0dd40c,1685.78,66.35,6.695845954,54000,55000
39e131ae3a5b0a839c4b920613c1ccb8af0dd40c,1679.32,66.34,6.667663474,54000,55000
39e131ae3a5b0a839c4b920613c1ccb8af0dd40c,1678.04,65.79,6.681249073,54000,54000
39e131ae3a5b0a839c4b920613c1ccb8af0dd40c,1682.24,66.38,6.679514207,54000,54000
39e131ae3a5b0a839c4b920613c1ccb8af0dd40c,1670.91,65.94,6.644617623,54000,54000
39e131ae3a5b0a839c4b920613c1ccb8af0dd40c,1667.49,65.90,6.620432118,55000,54000
39e131ae3a5b0a839c4b920613c1ccb8af0dd40c,1693.25,67.07,6.731648335,54000,56000
39e131ae3a5b0a839c4b920613c1ccb8af0dd40c,1706.49,67.42,6.790490197,54000,54000
39e131ae3a5b0a839c4b920613c1ccb8af0dd40c,1690.68,66.84,6.720952975,54000,54000
39e131ae3a5b0a839c4b920613c1ccb8af0dd40c,1689.09,66.77,6.709757215,54000,54000
39e131ae3a5b0a839c4b920613c1ccb8af0dd40c,1673.26,66.03,6.670419268,55000,54000
39e131ae3a5b0a839c4b920613c1ccb8af0dd40c,1680.84,66.35,6.682018490,53000,54000
39e131ae3a5b0a839c4b920613c1ccb8af0dd40c,1688.62,66.59,6.717173553,54000,54000
39e131ae3a5b0a839c4b920613c1ccb8af0dd40c,1697.43,67.05,6.735529511,54000,54000
39e131ae3a5b0a839c4b920613c1ccb8af0dd40c,1689.74,66.84,6.706825776,55000,54000
39e131ae3a5b0a839c4b920613c1ccb8af0dd40c,1685.15,66.64,6.689525053,54000,54000
39e131ae3a5b0a839c4b920613c1ccb8af0dd40c,1695.33,66.76,6.757331261,54000,54000
a1637d262f42b9e2eeca2ed0d52b9f14ff13039e,1702.00,67.89,6.823563955,57000,56000
a1637d262f42b9e2eeca2ed0d52b9f14ff13039e,1687.41,67.23,6.727574249,57000,56000
a1637d262f42b9e2eeca2ed0d52b9f14ff13039e,1675.05,66.23,6.651843790,55000,55000
a1637d262f42b9e2eeca2ed0d52b9f14ff13039e,1692.96,67.55,6.726029357,55000,54000
a1637d262f42b9e2eeca2ed0d52b9f14ff13039e,1693.29,66.89,6.729600935,54000,54000
a1637d262f42b9e2eeca2ed0d52b9f14ff13039e,1691.25,66.90,6.733124773,54000,54000
a1637d262f42b9e2eeca2ed0d52b9f14ff13039e,1702.96,67.60,6.766011912,54000,55000
a1637d262f42b9e2eeca2ed0d52b9f14ff13039e,1703.91,67.45,6.762669824,54000,54000
a1637d262f42b9e2eeca2ed0d52b9f14ff13039e,1685.87,66.76,6.682047227,55000,54000
a1637d262f42b9e2eeca2ed0d52b9f14ff13039e,1696.34,67.19,6.743606309,54000,54000
a1637d262f42b9e2eeca2ed0d52b9f14ff13039e,1691.39,66.44,6.732800476,54000,55000
a1637d262f42b9e2eeca2ed0d52b9f14ff13039e,1700.59,67.10,6.756450400,54000,54000
a1637d262f42b9e2eeca2ed0d52b9f14ff13039e,1702.72,67.14,6.772092584,54000,54000
a1637d262f42b9e2eeca2ed0d52b9f14ff13039e,1662.57,65.64,6.612354948,54000,55000
a1637d262f42b9e2eeca2ed0d52b9f14ff13039e,1687.66,66.90,6.710840879,54000,54000
a1637d262f42b9e2eeca2ed0d52b9f14ff13039e,1691.80,67.11,6.722261716,54000,54000
a1637d262f42b9e2eeca2ed0d52b9f14ff13039e,1671.19,65.79,6.648279403,55000,54000
a1637d262f42b9e2eeca2ed0d52b9f14ff13039e,1698.10,67.24,6.744709976,55000,55000
a1637d262f42b9e2eeca2ed0d52b9f14ff13039e,1676.72,66.43,6.663497221,55000,54000
a1637d262f42b9e2eeca2ed0d52b9f14ff13039e,1673.54,66.20,6.650262612,55000,54000
a1637d262f42b9e2eeca2ed0d52b9f14ff13039e,1690.67,67.14,6.728518669,54000,54000
a1637d262f42b9e2eeca2ed0d52b9f14ff13039e,1701.41,67.54,6.753840282,54000,54000
a1637d262f42b9e2eeca2ed0d52b9f14ff13039e,1725.44,68.65,6.850000543,54000,54000
a1637d262f42b9e2eeca2ed0d52b9f14ff13039e,1716.24,68.16,6.837239064,54000,54000
a1637d262f42b9e2eeca2ed0d52b9f14ff13039e,1682.14,66.63,6.687482626,54000,54000
a1637d262f42b9e2eeca2ed0d52b9f14ff13039e,1684.02,66.75,6.685661710,54000,54000
a1637d262f42b9e2eeca2ed0d52b9f14ff13039e,1693.05,67.19,6.718682079,54000,54000
a1637d262f42b9e2eeca2ed0d52b9f14ff13039e,1692.99,67.28,6.717693137,55000,55000
a1637d262f42b9e2eeca2ed0d52b9f14ff13039e,1683.95,66.64,6.703971105,54000,55000
a1637d262f42b9e2eeca2ed0d52b9f14ff13039e,1690.44,66.51,6.719875490,54000,54000
b1a4e77665a518c784761557fa81840fd8b209ce,1679.44,66.35,6.659409192,54000,55000
b1a4e77665a518c784761557fa81840fd8b209ce,1698.73,67.15,6.759784291,54000,55000
b1a4e77665a518c784761557fa81840fd8b209ce,1706.36,67.31,6.785904974,54000,54000
b1a4e77665a518c784761557fa81840fd8b209ce,1684.34,66.60,6.692637689,54000,55000
b1a4e77665a518c784761557fa81840fd8b209ce,1686.44,66.47,6.694219072,55000,54000
b1a4e77665a518c784761557fa81840fd8b209ce,1692.80,66.62,6.737205466,54000,54000
b1a4e77665a518c784761557fa81840fd8b209ce,1661.95,65.26,6.624355908,55000,56000
b1a4e77665a518c784761557fa81840fd8b209ce,1687.24,66.40,6.733733106,55000,54000
b1a4e77665a518c784761557fa81840fd8b209ce,1692.58,66.67,6.722798745,54000,55000
b1a4e77665a518c784761557fa81840fd8b209ce,1709.77,67.55,6.798587570,54000,55000
b1a4e77665a518c784761557fa81840fd8b209ce,1684.42,66.71,6.692906118,54000,55000
b1a4e77665a518c784761557fa81840fd8b209ce,1695.46,66.98,6.739681902,55000,55000
b1a4e77665a518c784761557fa81840fd8b209ce,1683.41,66.55,6.682963983,54000,54000
b1a4e77665a518c784761557fa81840fd8b209ce,1687.75,66.91,6.714876897,54000,55000
b1a4e77665a518c784761557fa81840fd8b209ce,1693.69,66.51,6.726624492,55000,55000
b1a4e77665a518c784761557fa81840fd8b209ce,1684.57,66.66,6.696839016,54000,55000
b1a4e77665a518c784761557fa81840fd8b209ce,1683.72,66.63,6.686180115,54000,54000
b1a4e77665a518c784761557fa81840fd8b209ce,1698.63,67.28,6.741814132,55000,55000
b1a4e77665a518c784761557fa81840fd8b209ce,1669.19,65.76,6.652482988,55000,55000
b1a4e77665a518c784761557fa81840fd8b209ce,1685.60,66.36,6.689516363,56000,54000
b1a4e77665a518c784761557fa81840fd8b209ce,1698.90,67.09,6.758610130,54000,54000
b1a4e77665a518c784761557fa81840fd8b209ce,1685.57,66.51,6.708922933,54000,54000
b1a4e77665a518c784761557fa81840fd8b209ce,1683.78,66.43,6.687294764,54000,54000
b1a4e77665a518c784761557fa81840fd8b209ce,1707.37,67.84,6.778808124,54000,54000
b1a4e77665a518c784761557fa81840fd8b209ce,1722.55,68.46,6.836387668,54000,54000
b1a4e77665a518c784761557fa81840fd8b209ce,1674.83,65.78,6.657750321,54000,54000
b1a4e77665a518c784761557fa81840fd8b209ce,1683.14,66.49,6.680417013,53000,54000
b1a4e77665a518c784761557fa81840fd8b209ce,1694.12,67.01,6.731994910,54000,54000
b1a4e77665a518c784761557fa81840fd8b209ce,1694.24,67.04,6.734928295,54000,53000
b1a4e77665a518c784761557fa81840fd8b209ce,1680.43,66.47,6.669097362,54000,54000
848183d563a79866227aa284b64c4fe194530c37,1674.94,66.23,6.662507785,55000,54000
848183d563a79866227aa284b64c4fe194530c37,1698.70,67.31,6.746428620,54000,55000
848183d563a79866227aa284b64c4fe194530c37,1673.54,66.16,6.658691905,54000,54000
848183d563a79866227aa284b64c4fe194530c37,1703.03,67.33,6.767622687,55000,54000
848183d563a79866227aa284b64c4fe194530c37,1685.05,66.44,6.710382569,54000,54000
848183d563a79866227aa284b64c4fe194530c37,1675.58,66.10,6.677898099,54000,55000
848183d563a79866227aa284b64c4fe194530c37,1697.87,67.31,6.764260537,55000,55000
848183d563a79866227aa284b64c4fe194530c37,1700.43,67.35,6.768028335,55000,55000
848183d563a79866227aa284b64c4fe194530c37,1668.75,66.09,6.629031469,55000,54000
848183d563a79866227aa284b64c4fe194530c37,1683.18,66.42,6.688843168,54000,54000
848183d563a79866227aa284b64c4fe194530c37,1699.68,67.11,6.783897713,54000,54000
848183d563a79866227aa284b64c4fe194530c37,1698.00,67.10,6.758963436,54000,54000
848183d563a79866227aa284b64c4fe194530c37,1718.37,67.68,6.847064797,54000,55000
848183d563a79866227aa284b64c4fe194530c37,1678.66,66.36,6.661732694,54000,55000
848183d563a79866227aa284b64c4fe194530c37,1698.00,66.91,6.764091880,54000,55000
848183d563a79866227aa284b64c4fe194530c37,1680.24,66.57,6.669634204,55000,55000
848183d563a79866227aa284b64c4fe194530c37,1680.46,66.43,6.666770693,54000,55000
848183d563a79866227aa284b64c4fe194530c37,1681.88,66.49,6.685048767,55000,54000
848183d563a79866227aa284b64c4fe194530c37,1730.21,68.46,6.877326890,55000,55000
848183d563a79866227aa284b64c4fe194530c37,1687.78,66.58,6.704952717,54000,54000
848183d563a79866227aa284b64c4fe194530c37,1690.20,66.57,6.716328742,54000,54000
848183d563a79866227aa284b64c4fe194530c37,1677.17,66.21,6.657919403,54000,54000
848183d563a79866227aa284b64c4fe194530c37,1691.83,66.98,6.729373712,55000,54000
848183d563a79866227aa284b64c4fe194530c37,1715.35,68.03,6.827078998,54000,53000
848183d563a79866227aa284b64c4fe194530c37,1705.22,67.15,6.781385573,54000,55000
848183d563a79866227aa284b64c4fe194530c37,1684.36,66.35,6.695942413,54000,54000
848183d563a79866227aa284b64c4fe194530c37,1663.68,65.54,6.618236291,54000,54000
848183d563a79866227aa284b64c4fe194530c37,1678.30,66.07,6.669224268,54000,54000
848183d563a79866227aa284b64c4fe194530c37,1673.60,65.98,6.641565873,54000,54000
848183d563a79866227aa284b64c4fe194530c37,1682.39,66.29,6.700453295,54000,54000
898a4a5669dec0de4e060af19070d8c5037ccfd1,1709.57,67.94,6.786946169,55000,55000
898a4a5669dec0de4e060af19070d8c5037ccfd1,1717.76,68.06,6.826391865,54000,55000
898a4a5669dec0de4e060af19070d8c5037ccfd1,1700.51,67.08,6.771196248,55000,55000
898a4a5669dec0de4e060af19070d8c5037ccfd1,1711.53,68.31,6.797063027,54000,56000
898a4a5669dec0de4e060af19070d8c5037ccfd1,1690.97,66.93,6.725088168,54000,55000
898a4a5669dec0de4e060af19070d8c5037ccfd1,1691.76,66.82,6.718464312,54000,54000
898a4a5669dec0de4e060af19070d8c5037ccfd1,1705.44,67.97,6.770907506,55000,55000
898a4a5669dec0de4e060af19070d8c5037ccfd1,1694.02,66.79,6.733534846,55000,54000
898a4a5669dec0de4e060af19070d8c5037ccfd1,1715.19,67.34,6.825347142,55000,55000
898a4a5669dec0de4e060af19070d8c5037ccfd1,1726.12,68.77,6.850189472,54000,54000
898a4a5669dec0de4e060af19070d8c5037ccfd1,1710.24,67.43,6.795938473,55000,55000
898a4a5669dec0de4e060af19070d8c5037ccfd1,1688.99,66.86,6.714559900,54000,55000
898a4a5669dec0de4e060af19070d8c5037ccfd1,1708.09,67.50,6.785836121,54000,54000
898a4a5669dec0de4e060af19070d8c5037ccfd1,1688.71,67.14,6.704922774,54000,54000
898a4a5669dec0de4e060af19070d8c5037ccfd1,1704.92,67.54,6.772539362,54000,54000
898a4a5669dec0de4e060af19070d8c5037ccfd1,1687.75,66.50,6.705035007,54000,56000
898a4a5669dec0de4e060af19070d8c5037ccfd1,1692.47,66.48,6.726157457,54000,54000
898a4a5669dec0de4e060af19070d8c5037ccfd1,1704.00,67.55,6.764729190,54000,54000
898a4a5669dec0de4e060af19070d8c5037ccfd1,1712.62,67.77,6.794594656,54000,54000
898a4a5669dec0de4e060af19070d8c5037ccfd1,1724.79,68.30,6.841227381,55000,54000
898a4a5669dec0de4e060af19070d8c5037ccfd1,1704.47,67.43,6.766661631,54000,55000
898a4a5669dec0de4e060af19070d8c5037ccfd1,1700.46,67.36,6.746535163,55000,54000
898a4a5669dec0de4e060af19070d8c5037ccfd1,1713.84,68.00,6.802038015,54000,54000
898a4a5669dec0de4e060af19070d8c5037ccfd1,1699.31,67.01,6.737524290,54000,54000
898a4a5669dec0de4e060af19070d8c5037ccfd1,1691.17,67.19,6.728697430,54000,54000
898a4a5669dec0de4e060af19070d8c5037ccfd1,1717.14,68.27,6.826742870,54000,53000
898a4a5669dec0de4e060af19070d8c5037ccfd1,1717.47,67.80,6.822420938,54000,54000
898a4a5669dec0de4e060af19070d8c5037ccfd1,1688.78,66.76,6.713127134,54000,54000
898a4a5669dec0de4e060af19070d8c5037ccfd1,1688.71,67.09,6.721915279,54000,54000
898a4a5669dec0de4e060af19070d8c5037ccfd1,1688.21,66.93,6.696249140,54000,54000
1dda9635523b408aead1c5287c2d5e71ac3c27de,1701.50,67.31,6.764984095,54000,54000
1dda9635523b408aead1c5287c2d5e71ac3c27de,1687.20,66.54,6.696877573,55000,55000
1dda9635523b408aead1c5287c2d5e71ac3c27de,1688.36,66.49,6.705024031,54000,55000
1dda9635523b408aead1c5287c2d5e71ac3c27de,1688.87,66.94,6.702134438,54000,55000
1dda9635523b408aead1c5287c2d5e71ac3c27de,1697.67,67.29,6.741198336,54000,56000
1dda9635523b408aead1c5287c2d5e71ac3c27de,1685.43,66.55,6.690195147,54000,54000
1dda9635523b408aead1c5287c2d5e71ac3c27de,1713.27,67.70,6.803219370,54000,54000
1dda9635523b408aead1c5287c2d5e71ac3c27de,1705.30,67.18,6.774203862,54000,54000
1dda9635523b408aead1c5287c2d5e71ac3c27de,1700.83,67.45,6.759872499,55000,55000
1dda9635523b408aead1c5287c2d5e71ac3c27de,1696.44,67.12,6.746392824,54000,55000
1dda9635523b408aead1c5287c2d5e71ac3c27de,1720.80,67.84,6.844656358,54000,55000
1dda9635523b408aead1c5287c2d5e71ac3c27de,1707.46,67.24,6.799617407,54000,54000
1dda9635523b408aead1c5287c2d5e71ac3c27de,1671.87,66.28,6.634128286,55000,54000
1dda9635523b408aead1c5287c2d5e71ac3c27de,1684.00,66.59,6.689608333,55000,54000
1dda9635523b408aead1c5287c2d5e71ac3c27de,1688.08,66.72,6.688585177,54000,54000
1dda9635523b408aead1c5287c2d5e71ac3c27de,1679.05,66.24,6.663358948,55000,54000
1dda9635523b408aead1c5287c2d5e71ac3c27de,1677.05,66.11,6.658240891,54000,54000
1dda9635523b408aead1c5287c2d5e71ac3c27de,1692.78,67.02,6.743771166,55000,54000
1dda9635523b408aead1c5287c2d5e71ac3c27de,1704.02,67.68,6.782559967,54000,54000
1dda9635523b408aead1c5287c2d5e71ac3c27de,1682.26,66.79,6.663948531,55000,55000
1dda9635523b408aead1c5287c2d5e71ac3c27de,1684.55,66.35,6.694808093,54000,54000
1dda9635523b408aead1c5287c2d5e71ac3c27de,1690.99,66.89,6.707207221,55000,54000
1dda9635523b408aead1c5287c2d5e71ac3c27de,1712.23,67.60,6.809305352,54000,55000
1dda9635523b408aead1c5287c2d5e71ac3c27de,1686.37,66.73,6.689568193,54000,54000
1dda9635523b408aead1c5287c2d5e71ac3c27de,1679.59,66.52,6.671384746,54000,54000
1dda9635523b408aead1c5287c2d5e71ac3c27de,1692.64,66.78,6.724596998,54000,54000
1dda9635523b408aead1c5287c2d5e71ac3c27de,1673.76,65.96,6.648278730,54000,54000
1dda9635523b408aead1c5287c2d5e71ac3c27de,1678.82,66.30,6.671515043,54000,53000
1dda9635523b408aead1c5287c2d5e71ac3c27de,1688.48,67.30,6.698311096,54000,54000
1dda9635523b408aead1c5287c2d5e71ac3c27de,1696.60,66.90,6.741247566,54000,54000
13dac9a8375018b890d545197604007c54fca9cc,1705.65,67.47,6.780557238,54000,54000
13dac9a8375018b890d545197604007c54fca9cc,1683.51,66.63,6.682892858,55000,55000
13dac9a8375018b890d545197604007c54fca9cc,1691.92,66.90,6.735755551,55000,55000
13dac9a8375018b890d545197604007c54fca9cc,1685.32,67.00,6.696934267,54000,54000
13dac9a8375018b890d545197604007c54fca9cc,1706.45,67.61,6.778081611,55000,54000
13dac9a8375018b890d545197604007c54fca9cc,1693.64,67.24,6.734423843,54000,55000
13dac9a8375018b890d545197604007c54fca9cc,1697.72,66.97,6.752772169,54000,55000
13dac9a8375018b890d545197604007c54fca9cc,1696.32,66.85,6.747342775,54000,54000
13dac9a8375018b890d545197604007c54fca9cc,1713.72,67.89,6.797448971,55000,54000
13dac9a8375018b890d545197604007c54fca9cc,1727.46,68.68,6.867606319,54000,54000
13dac9a8375018b890d545197604007c54fca9cc,1699.67,67.23,6.738514764,55000,54000
13dac9a8375018b890d545197604007c54fca9cc,1704.62,67.07,6.762182747,54000,55000
13dac9a8375018b890d545197604007c54fca9cc,1693.95,67.27,6.714408813,54000,55000
13dac9a8375018b890d545197604007c54fca9cc,1696.00,66.98,6.743909405,54000,56000
13dac9a8375018b890d545197604007c54fca9cc,1703.93,67.27,6.764944293,54000,54000
13dac9a8375018b890d545197604007c54fca9cc,1685.54,66.73,6.692168899,54000,54000
13dac9a8375018b890d545197604007c54fca9cc,1690.08,66.63,6.730760950,54000,54000
13dac9a8375018b890d545197604007c54fca9cc,1690.89,66.70,6.699352036,55000,55000
13dac9a8375018b890d545197604007c54fca9cc,1676.69,66.25,6.655060521,55000,54000
13dac9a8375018b890d545197604007c54fca9cc,1691.70,66.68,6.719764965,54000,55000
13dac9a8375018b890d545197604007c54fca9cc,1717.51,68.20,6.833371511,55000,54000
13dac9a8375018b890d545197604007c54fca9cc,1669.12,65.81,6.637962141,55000,54000
13dac9a8375018b890d545197604007c54fca9cc,1707.20,67.87,6.769081487,54000,54000
13dac9a8375018b890d545197604007c54fca9cc,1681.98,66.94,6.697179377,54000,54000
13dac9a8375018b890d545197604007c54fca9cc,1687.57,66.94,6.706777006,54000,54000
13dac9a8375018b890d545197604007c54fca9cc,1724.52,68.15,6.848137627,54000,54000
13dac9a8375018b890d545197604007c54fca9cc,1715.09,68.04,6.808575755,54000,54000
13dac9a8375018b890d545197604007c54fca9cc,1707.12,67.46,6.779551626,54000,54000
13dac9a8375018b890d545197604007c54fca9cc,1702.39,67.24,6.768558654,54000,54000
13dac9a8375018b890d545197604007c54fca9cc,1656.60,65.38,6.602498204,54000,54000
39b4760b36ce030ecf55d78d4eddc929ae39d1ab,1683.60,66.58,6.684000515,54000,54000
39b4760b36ce030ecf55d78d4eddc929ae39d1ab,1687.08,66.57,6.705025406,54000,54000
39b4760b36ce030ecf55d78d4eddc929ae39d1ab,1709.42,67.62,6.790760471,55000,55000
39b4760b36ce030ecf55d78d4eddc929ae39d1ab,1691.63,66.57,6.723657963,54000,54000
39b4760b36ce030ecf55d78d4eddc929ae39d1ab,1677.26,66.05,6.674067014,54000,54000
39b4760b36ce030ecf55d78d4eddc929ae39d1ab,1672.52,65.71,6.652308563,55000,54000
39b4760b36ce030ecf55d78d4eddc929ae39d1ab,1684.20,66.55,6.700962654,54000,54000
39b4760b36ce030ecf55d78d4eddc929ae39d1ab,1691.25,66.84,6.710458639,54000,56000
39b4760b36ce030ecf55d78d4eddc929ae39d1ab,1677.63,66.13,6.661669670,54000,54000
39b4760b36ce030ecf55d78d4eddc929ae39d1ab,1707.90,67.28,6.804173363,55000,55000
39b4760b36ce030ecf55d78d4eddc929ae39d1ab,1697.41,66.93,6.757096445,55000,54000
39b4760b36ce030ecf55d78d4eddc929ae39d1ab,1702.14,67.56,6.770866414,54000,54000
39b4760b36ce030ecf55d78d4eddc929ae39d1ab,1679.52,66.18,6.698021718,54000,54000
39b4760b36ce030ecf55d78d4eddc929ae39d1ab,1702.46,67.17,6.760529188,55000,54000
39b4760b36ce030ecf55d78d4eddc929ae39d1ab,1732.14,68.55,6.884223671,54000,54000
39b4760b36ce030ecf55d78d4eddc929ae39d1ab,1678.61,65.89,6.691761852,54000,55000
39b4760b36ce030ecf55d78d4eddc929ae39d1ab,1695.92,66.55,6.743837695,54000,55000
39b4760b36ce030ecf55d78d4eddc929ae39d1ab,1696.55,66.84,6.743718548,54000,54000
39b4760b36ce030ecf55d78d4eddc929ae39d1ab,1690.72,67.00,6.712443078,54000,54000
39b4760b36ce030ecf55d78d4eddc929ae39d1ab,1706.46,67.79,6.788248539,54000,54000
39b4760b36ce030ecf55d78d4eddc929ae39d1ab,1701.79,67.32,6.791765789,55000,54000
39b4760b36ce030ecf55d78d4eddc929ae39d1ab,1711.59,67.79,6.818384262,54000,54000
39b4760b36ce030ecf55d78d4eddc929ae39d1ab,1680.61,66.29,6.667474602,55000,55000
39b4760b36ce030ecf55d78d4eddc929ae39d1ab,1680.27,66.18,6.668255967,54000,54000
39b4760b36ce030ecf55d78d4eddc929ae39d1ab,1671.65,66.11,6.645070781,54000,54000
39b4760b36ce030ecf55d78d4eddc929ae39d1ab,1684.15,66.53,6.701001208,53000,54000
39b4760b36ce030ecf55d78d4eddc929ae39d1ab,1668.58,65.85,6.640700385,54000,54000
39b4760b36ce030ecf55d78d4eddc929ae39d1ab,1700.11,67.14,6.754788474,54000,54000
39b4760b36ce030ecf55d78d4eddc929ae39d1ab,1666.83,65.78,6.633417013,54000,54000
39b4760b36ce030ecf55d78d4eddc929ae39d1ab,1677.64,66.37,6.673457560,54000,54000
f0fcbd790d322f6e8b827977f8b0b627a0a385b7,1693.48,67.77,6.757426842,56000,56000
f0fcbd790d322f6e8b827977f8b0b627a0a385b7,1720.50,68.35,6.829543465,56000,55000
f0fcbd790d322f6e8b827977f8b0b627a0a385b7,1711.42,68.09,6.789659699,54000,55000
f0fcbd790d322f6e8b827977f8b0b627a0a385b7,1698.64,67.54,6.741805469,56000,54000
f0fcbd790d322f6e8b827977f8b0b627a0a385b7,1697.42,67.04,6.749696034,55000,54000
f0fcbd790d322f6e8b827977f8b0b627a0a385b7,1703.83,67.66,6.783882533,54000,54000
f0fcbd790d322f6e8b827977f8b0b627a0a385b7,1681.25,66.24,6.689666857,54000,54000
f0fcbd790d322f6e8b827977f8b0b627a0a385b7,1707.19,67.56,6.779006251,55000,54000
f0fcbd790d322f6e8b827977f8b0b627a0a385b7,1695.77,67.06,6.732205812,55000,54000
f0fcbd790d322f6e8b827977f8b0b627a0a385b7,1705.33,67.76,6.787243223,54000,54000
f0fcbd790d322f6e8b827977f8b0b627a0a385b7,1699.67,67.37,6.770761970,54000,54000
f0fcbd790d322f6e8b827977f8b0b627a0a385b7,1684.50,66.59,6.705134983,54000,54000
f0fcbd790d322f6e8b827977f8b0b627a0a385b7,1702.81,67.39,6.752763777,54000,55000
f0fcbd790d322f6e8b827977f8b0b627a0a385b7,1707.12,67.69,6.783503458,54000,54000
f0fcbd790d322f6e8b827977f8b0b627a0a385b7,1691.84,67.38,6.717900143,54000,54000
f0fcbd790d322f6e8b827977f8b0b627a0a385b7,1692.75,67.13,6.734267810,54000,54000
f0fcbd790d322f6e8b827977f8b0b627a0a385b7,1729.60,69.03,6.828088496,54000,54000
f0fcbd790d322f6e8b827977f8b0b627a0a385b7,1697.18,67.37,6.731628545,54000,54000
f0fcbd790d322f6e8b827977f8b0b627a0a385b7,1702.03,67.64,6.753005777,54000,54000
f0fcbd790d322f6e8b827977f8b0b627a0a385b7,1725.17,68.35,6.854016865,54000,54000
f0fcbd790d322f6e8b827977f8b0b627a0a385b7,1679.30,66.35,6.671432737,54000,54000
f0fcbd790d322f6e8b827977f8b0b627a0a385b7,1691.41,67.36,6.714058242,53000,54000
f0fcbd790d322f6e8b827977f8b0b627a0a385b7,1694.61,67.24,6.728123224,54000,54000
f0fcbd790d322f6e8b827977f8b0b627a0a385b7,1703.15,67.57,6.763772175,54000,54000
f0fcbd790d322f6e8b827977f8b0b627a0a385b7,1720.18,68.46,6.818978006,54000,53000
f0fcbd790d322f6e8b827977f8b0b627a0a385b7,1691.97,67.37,6.711560519,54000,55000
f0fcbd790d322f6e8b827977f8b0b627a0a385b7,1690.62,67.36,6.699146984,54000,54000
f0fcbd790d322f6e8b827977f8b0b627a0a385b7,1708.09,67.59,6.783653795,54000,54000
f0fcbd790d322f6e8b827977f8b0b627a0a385b7,1714.98,68.09,6.810748054,54000,54000
f0fcbd790d322f6e8b827977f8b0b627a0a385b7,1704.17,67.57,6.775304221,54000,54000
32d65a379e6178fb4bf265877a60a35dfb4adaf3,1681.60,66.59,6.692023812,56000,55000
32d65a379e6178fb4bf265877a60a35dfb4adaf3,1678.68,66.27,6.663624305,54000,55000
32d65a379e6178fb4bf265877a60a35dfb4adaf3,1719.29,68.24,6.829746303,54000,54000
32d65a379e6178fb4bf265877a60a35dfb4adaf3,1676.69,66.26,6.667663399,54000,54000
32d65a379e6178fb4bf265877a60a35dfb4adaf3,1702.91,67.23,6.764762225,54000,55000
32d65a379e6178fb4bf265877a60a35dfb4adaf3,1702.61,67.24,6.768674009,54000,54000
32d65a379e6178fb4bf265877a60a35dfb4adaf3,1694.60,67.13,6.720939467,54000,56000
32d65a379e6178fb4bf265877a60a35dfb4adaf3,1688.91,67.10,6.697182294,54000,54000
32d65a379e6178fb4bf265877a60a35dfb4adaf3,1712.87,67.74,6.816186708,54000,54000
32d65a379e6178fb4bf265877a60a35dfb4adaf3,1672.20,65.78,6.635932343,54000,54000
32d65a379e6178fb4bf265877a60a35dfb4adaf3,1699.98,67.61,6.754750363,55000,54000
32d65a379e6178fb4bf265877a60a35dfb4adaf3,1680.53,66.17,6.680297233,54000,54000
32d65a379e6178fb4bf265877a60a35dfb4adaf3,1696.75,66.51,6.752937656,54000,54000
32d65a379e6178fb4bf265877a60a35dfb4adaf3,1688.48,66.43,6.720150369,54000,54000
32d65a379e6178fb4bf265877a60a35dfb4adaf3,1689.76,66.54,6.736886356,54000,54000
32d65a379e6178fb4bf265877a60a35dfb4adaf3,1701.65,67.08,6.794027229,54000,54000
32d65a379e6178fb4bf265877a60a35dfb4adaf3,1690.08,67.65,6.660275943,54000,54000
32d65a379e6178fb4bf265877a60a35dfb4adaf3,1672.26,65.92,6.646746687,54000,55000
32d65a379e6178fb4bf265877a60a35dfb4adaf3,1693.83,66.84,6.738632556,54000,54000
32d65a379e6178fb4bf265877a60a35dfb4adaf3,1706.92,67.55,6.774929491,54000,55000
32d65a379e6178fb4bf265877a60a35dfb4adaf3,1659.00,65.45,6.590432379,54000,54000
32d65a379e6178fb4bf265877a60a35dfb4adaf3,1679.36,66.34,6.685282143,54000,55000
32d65a379e6178fb4bf265877a60a35dfb4adaf3,1684.84,66.92,6.690450704,55000,55000
32d65a379e6178fb4bf265877a60a35dfb4adaf3,1676.02,66.11,6.686367022,54000,54000
32d65a379e6178fb4bf265877a60a35dfb4adaf3,1697.12,67.21,6.738623803,54000,54000
32d65a379e6178fb4bf265877a60a35dfb4adaf3,1672.84,66.14,6.640561900,54000,54000
32d65a379e6178fb4bf265877a60a35dfb4adaf3,1690.69,67.20,6.732673569,54000,54000
32d65a379e6178fb4bf265877a60a35dfb4adaf3,1683.09,66.36,6.702962327,54000,54000
32d65a379e6178fb4bf265877a60a35dfb4adaf3,1680.56,66.21,6.684091772,55000,54000
32d65a379e6178fb4bf265877a60a35dfb4adaf3,1695.56,66.73,6.738367078,54000,54000
b8d2c82649a1a210de7f079babec87c688b851f2,1704.09,67.57,6.770863770,55000,55000
b8d2c82649a1a210de7f079babec87c688b851f2,1681.38,66.67,6.672584606,54000,55000
b8d2c82649a1a210de7f079babec87c688b851f2,1692.53,66.82,6.725027680,56000,55000
b8d2c82649a1a210de7f079babec87c688b851f2,1692.45,66.81,6.734073773,54000,54000
b8d2c82649a1a210de7f079babec87c688b851f2,1721.01,68.14,6.838130724,54000,54000
b8d2c82649a1a210de7f079babec87c688b851f2,1691.40,66.70,6.723871801,55000,55000
b8d2c82649a1a210de7f079babec87c688b851f2,1676.91,66.32,6.677526242,55000,54000
b8d2c82649a1a210de7f079babec87c688b851f2,1689.36,66.97,6.716211344,55000,54000
b8d2c82649a1a210de7f079babec87c688b851f2,1689.61,66.92,6.705190308,54000,55000
b8d2c82649a1a210de7f079babec87c688b851f2,1687.09,67.01,6.705406330,54000,54000
b8d2c82649a1a210de7f079babec87c688b851f2,1726.06,68.58,6.849976052,54000,54000
b8d2c82649a1a210de7f079babec87c688b851f2,1669.97,66.12,6.647148576,54000,54000
b8d2c82649a1a210de7f079babec87c688b851f2,1699.05,67.15,6.750952943,55000,55000
b8d2c82649a1a210de7f079babec87c688b851f2,1703.46,67.20,6.754654107,54000,54000
b8d2c82649a1a210de7f079babec87c688b851f2,1667.88,65.87,6.625426739,54000,54000
b8d2c82649a1a210de7f079babec87c688b851f2,1697.47,67.42,6.742004791,54000,54000
b8d2c82649a1a210de7f079babec87c688b851f2,1698.17,67.22,6.751380824,54000,54000
b8d2c82649a1a210de7f079babec87c688b851f2,1681.67,66.78,6.678985880,55000,55000
b8d2c82649a1a210de7f079babec87c688b851f2,1711.46,67.70,6.801915112,54000,54000
b8d2c82649a1a210de7f079babec87c688b851f2,1691.65,66.88,6.718587317,54000,54000
b8d2c82649a1a210de7f079babec87c688b851f2,1697.22,67.43,6.734612009,54000,54000
b8d2c82649a1a210de7f079babec87c688b851f2,1689.39,66.93,6.705814628,54000,54000
b8d2c82649a1a210de7f079babec87c688b851f2,1690.64,66.97,6.711394446,54000,54000
b8d2c82649a1a210de7f079babec87c688b851f2,1677.62,66.38,6.664842314,54000,54000
b8d2c82649a1a210de7f079babec87c688b851f2,1711.48,67.81,6.785190485,55000,54000
b8d2c82649a1a210de7f079babec87c688b851f2,1715.42,68.20,6.817014777,55000,54000
b8d2c82649a1a210de7f079babec87c688b851f2,1718.14,67.84,6.828458230,53000,54000
b8d2c82649a1a210de7f079babec87c688b851f2,1697.69,67.25,6.757762354,54000,54000
b8d2c82649a1a210de7f079babec87c688b851f2,1715.39,67.83,6.818794386,54000,54000
b8d2c82649a1a210de7f079babec87c688b851f2,1687.77,66.83,6.707275954,54000,54000
f7341d42982e71d76378dc0ac95524648fef41d3,1694.18,67.30,6.717120982,54000,54000
f7341d42982e71d76378dc0ac95524648fef41d3,1695.83,67.58,6.733059051,55000,56000
f7341d42982e71d76378dc0ac95524648fef41d3,1684.07,66.71,6.675760830,55000,55000
f7341d42982e71d76378dc0ac95524648fef41d3,1690.61,67.00,6.707029537,54000,54000
f7341d42982e71d76378dc0ac95524648fef41d3,1704.25,67.36,6.755236132,55000,55000
f7341d42982e71d76378dc0ac95524648fef41d3,1719.26,68.43,6.818665313,55000,54000
f7341d42982e71d76378dc0ac95524648fef41d3,1687.29,67.05,6.686502207,54000,54000
f7341d42982e71d76378dc0ac95524648fef41d3,1685.54,66.87,6.701527654,54000,54000
f7341d42982e71d76378dc0ac95524648fef41d3,1689.45,67.03,6.702019352,54000,54000
f7341d42982e71d76378dc0ac95524648fef41d3,1681.00,66.40,6.662865503,54000,55000
f7341d42982e71d76378dc0ac95524648fef41d3,1680.15,66.52,6.668755083,54000,54000
f7341d42982e71d76378dc0ac95524648fef41d3,1690.43,67.03,6.707191274,54000,54000
f7341d42982e71d76378dc0ac95524648fef41d3,1706.80,67.30,6.783505217,55000,55000
f7341d42982e71d76378dc0ac95524648fef41d3,1715.65,67.99,6.798560212,55000,55000
f7341d42982e71d76378dc0ac95524648fef41d3,1692.84,67.15,6.715894021,54000,54000
f7341d42982e71d76378dc0ac95524648fef41d3,1698.39,67.13,6.733316750,54000,54000
f7341d42982e71d76378dc0ac95524648fef41d3,1709.13,68.27,6.784198398,54000,54000
f7341d42982e71d76378dc0ac95524648fef41d3,1687.90,66.73,6.695400089,55000,54000
f7341d42982e71d76378dc0ac95524648fef41d3,1723.55,68.75,6.838843560,54000,54000
f7341d42982e71d76378dc0ac95524648fef41d3,1677.92,66.13,6.666688508,54000,55000
f7341d42982e71d76378dc0ac95524648fef41d3,1703.51,67.66,6.772967967,55000,55000
f7341d42982e71d76378dc0ac95524648fef41d3,1716.04,68.17,6.801529389,54000,55000
f7341d42982e71d76378dc0ac95524648fef41d3,1728.98,68.75,6.860538936,55000,54000
f7341d42982e71d76378dc0ac95524648fef41d3,1726.33,68.41,6.843258320,54000,54000
f7341d42982e71d76378dc0ac95524648fef41d3,1705.54,67.80,6.757088069,54000,54000
f7341d42982e71d76378dc0ac95524648fef41d3,1697.38,67.35,6.748942280,54000,54000
f7341d42982e71d76378dc0ac95524648fef41d3,1679.72,67.04,6.670762562,54000,54000
f7341d42982e71d76378dc0ac95524648fef41d3,1694.40,67.49,6.708849640,54000,54000
f7341d42982e71d76378dc0ac95524648fef41d3,1693.51,67.19,6.727616264,54000,54000
f7341d42982e71d76378dc0ac95524648fef41d3,1706.94,67.45,6.799336170,54000,54000
3e733b566cd4036dc2f9fe646e6c1f6e9ffb1bab,1719.50,68.45,6.841044061,56000,56000
3e733b566cd4036dc2f9fe646e6c1f6e9ffb1bab,1721.64,68.24,6.832874844,54000,55000
3e733b566cd4036dc2f9fe646e6c1f6e9ffb1bab,1682.23,66.35,6.686998153,54000,55000
3e733b566cd4036dc2f9fe646e6c1f6e9ffb1bab,1704.49,67.54,6.783204866,54000,54000
3e733b566cd4036dc2f9fe646e6c1f6e9ffb1bab,1676.87,66.22,6.667928363,55000,54000
3e733b566cd4036dc2f9fe646e6c1f6e9ffb1bab,1704.34,67.48,6.787884881,54000,54000
3e733b566cd4036dc2f9fe646e6c1f6e9ffb1bab,1692.59,66.88,6.726962995,55000,55000
3e733b566cd4036dc2f9fe646e6c1f6e9ffb1bab,1682.02,66.37,6.687439580,55000,55000
3e733b566cd4036dc2f9fe646e6c1f6e9ffb1bab,1710.44,67.68,6.795796210,54000,54000
3e733b566cd4036dc2f9fe646e6c1f6e9ffb1bab,1741.54,69.60,6.911855889,54000,55000
3e733b566cd4036dc2f9fe646e6c1f6e9ffb1bab,1695.29,66.77,6.744958511,54000,55000
3e733b566cd4036dc2f9fe646e6c1f6e9ffb1bab,1709.45,67.51,6.782861346,54000,54000
3e733b566cd4036dc2f9fe646e6c1f6e9ffb1bab,1697.01,66.98,6.735204110,54000,54000
3e733b566cd4036dc2f9fe646e6c1f6e9ffb1bab,1699.24,67.29,6.752058381,54000,54000
3e733b566cd4036dc2f9fe646e6c1f6e9ffb1bab,1713.44,68.03,6.792037767,54000,54000
3e733b566cd4036dc2f9fe646e6c1f6e9ffb1bab,1700.83,67.25,6.738779447,55000,55000
3e733b566cd4036dc2f9fe646e6c1f6e9ffb1bab,1690.15,66.78,6.708631142,55000,55000
3e733b566cd4036dc2f9fe646e6c1f6e9ffb1bab,1689.47,66.76,6.712833053,54000,55000
3e733b566cd4036dc2f9fe646e6c1f6e9ffb1bab,1696.38,66.98,6.726138643,54000,54000
3e733b566cd4036dc2f9fe646e6c1f6e9ffb1bab,1674.97,66.42,6.654278606,54000,54000
3e733b566cd4036dc2f9fe646e6c1f6e9ffb1bab,1687.35,66.47,6.690834115,55000,54000
3e733b566cd4036dc2f9fe646e6c1f6e9ffb1bab,1698.29,67.28,6.740853565,54000,54000
3e733b566cd4036dc2f9fe646e6c1f6e9ffb1bab,1713.81,68.12,6.807024229,55000,54000
3e733b566cd4036dc2f9fe646e6c1f6e9ffb1bab,1705.07,67.68,6.760874974,54000,54000
3e733b566cd4036dc2f9fe646e6c1f6e9ffb1bab,1746.69,69.27,6.913610439,54000,55000
3e733b566cd4036dc2f9fe646e6c1f6e9ffb1bab,1692.97,67.20,6.735940218,54000,54000
3e733b566cd4036dc2f9fe646e6c1f6e9ffb1bab,1684.19,66.54,6.693407421,54000,54000
3e733b566cd4036dc2f9fe646e6c1f6e9ffb1bab,1713.67,67.77,6.811635311,54000,54000
3e733b566cd4036dc2f9fe646e6c1f6e9ffb1bab,1703.40,67.32,6.779887695,54000,54000
3e733b566cd4036dc2f9fe646e6c1f6e9ffb1bab,1711.94,67.58,6.818694912,54000,54000
ac47a7bb114801ce7d57bf1f4e8877b25e10b754,1680.33,66.64,6.662201144,54000,56000
ac47a7bb114801ce7d57bf1f4e8877b25e10b754,1687.55,66.66,6.699294949,54000,54000
ac47a7bb114801ce7d57bf1f4e8877b25e10b754,1683.65,66.09,6.696134056,54000,55000
ac47a7bb114801ce7d57bf1f4e8877b25e10b754,1671.97,66.04,6.646202338,54000,55000
ac47a7bb114801ce7d57bf1f4e8877b25e10b754,1672.17,66.00,6.655885029,54000,54000
ac47a7bb114801ce7d57bf1f4e8877b25e10b754,1697.50,67.23,6.744656680,55000,54000
ac47a7bb114801ce7d57bf1f4e8877b25e10b754,1686.47,66.44,6.717893266,54000,55000
ac47a7bb114801ce7d57bf1f4e8877b25e10b754,1694.81,67.11,6.736414044,56000,54000
ac47a7bb114801ce7d57bf1f4e8877b25e10b754,1703.00,67.38,6.775046724,55000,54000
ac47a7bb114801ce7d57bf1f4e8877b25e10b754,1717.20,67.97,6.831045141,55000,54000
ac47a7bb114801ce7d57bf1f4e8877b25e10b754,1705.55,67.39,6.783727908,54000,54000
ac47a7bb114801ce7d57bf1f4e8877b25e10b754,1710.27,67.52,6.804570187,54000,54000
ac47a7bb114801ce7d57bf1f4e8877b25e10b754,1684.69,66.64,6.697768186,54000,54000
ac47a7bb114801ce7d57bf1f4e8877b25e10b754,1683.01,66.49,6.696203838,54000,54000
ac47a7bb114801ce7d57bf1f4e8877b25e10b754,1703.50,67.20,6.783571957,54000,54000
ac47a7bb114801ce7d57bf1f4e8877b25e10b754,1697.01,67.24,6.730594908,55000,54000
ac47a7bb114801ce7d57bf1f4e8877b25e10b754,1683.32,66.42,6.694988775,54000,54000
ac47a7bb114801ce7d57bf1f4e8877b25e10b754,1684.39,66.80,6.693648185,54000,54000
ac47a7bb114801ce7d57bf1f4e8877b25e10b754,1671.32,65.56,6.654783274,54000,55000
ac47a7bb114801ce7d57bf1f4e8877b25e10b754,1700.58,67.19,6.772339959,54000,55000
ac47a7bb114801ce7d57bf1f4e8877b25e10b754,1677.50,66.04,6.673277055,54000,54000
ac47a7bb114801ce7d57bf1f4e8877b25e10b754,1714.50,68.08,6.812367696,54000,54000
ac47a7bb114801ce7d57bf1f4e8877b25e10b754,1687.10,66.57,6.695881030,54000,54000
ac47a7bb114801ce7d57bf1f4e8877b25e10b754,1678.22,65.95,6.672390537,55000,54000
ac47a7bb114801ce7d57bf1f4e8877b25e10b754,1696.86,67.42,6.745298669,55000,55000
ac47a7bb114801ce7d57bf1f4e8877b25e10b754,1676.03,66.06,6.665027513,54000,54000
ac47a7bb114801ce7d57bf1f4e8877b25e10b754,1678.40,66.34,6.680943488,54000,54000
ac47a7bb114801ce7d57bf1f4e8877b25e10b754,1671.41,65.71,6.646328651,54000,54000
ac47a7bb114801ce7d57bf1f4e8877b25e10b754,1704.49,67.75,6.779105938,54000,54000
ac47a7bb114801ce7d57bf1f4e8877b25e10b754,1694.45,66.87,6.732398326,55000,54000
eef0beee97f0cffe1abf2a8b74373f524ccd328c,1678.27,66.44,6.702366782,57000,56000
eef0beee97f0cffe1abf2a8b74373f524ccd328c,1695.50,67.62,6.761747648,56000,57000
eef0beee97f0cffe1abf2a8b74373f524ccd328c,1676.84,66.35,6.658959907,54000,55000
eef0beee97f0cffe1abf2a8b74373f524ccd328c,1677.51,66.60,6.656192934,55000,54000
eef0beee97f0cffe1abf2a8b74373f524ccd328c,1674.70,66.11,6.652818511,55000,55000
eef0beee97f0cffe1abf2a8b74373f524ccd328c,1691.81,67.07,6.724467460,54000,55000
eef0beee97f0cffe1abf2a8b74373f524ccd328c,1673.25,66.11,6.651750968,54000,55000
eef0beee97f0cffe1abf2a8b74373f524ccd328c,1697.48,67.19,6.737859425,54000,54000
eef0beee97f0cffe1abf2a8b74373f524ccd328c,1673.80,65.87,6.662151044,55000,54000
eef0beee97f0cffe1abf2a8b74373f524ccd328c,1697.92,67.12,6.747030578,54000,54000
eef0beee97f0cffe1abf2a8b74373f524ccd328c,1673.04,66.23,6.643454461,55000,56000
eef0beee97f0cffe1abf2a8b74373f524ccd328c,1699.83,67.23,6.767086072,54000,54000
eef0beee97f0cffe1abf2a8b74373f524ccd328c,1684.16,66.61,6.694742493,54000,54000
eef0beee97f0cffe1abf2a8b74373f524ccd328c,1687.72,66.73,6.712493903,54000,54000
eef0beee97f0cffe1abf2a8b74373f524ccd328c,1698.00,67.24,6.756997897,54000,55000
eef0beee97f0cffe1abf2a8b74373f524ccd328c,1673.52,66.22,6.654334954,56000,55000
eef0beee97f0cffe1abf2a8b74373f524ccd328c,1702.54,67.14,6.769366279,54000,54000
eef0beee97f0cffe1abf2a8b74373f524ccd328c,1691.15,66.68,6.715251418,55000,54000
eef0beee97f0cffe1abf2a8b74373f524ccd328c,1693.97,66.89,6.746888920,55000,54000
eef0beee97f0cffe1abf2a8b74373f524ccd328c,1707.73,67.77,6.784054916,55000,54000
eef0beee97f0cffe1abf2a8b74373f524ccd328c,1674.96,65.99,6.656248669,55000,54000
eef0beee97f0cffe1abf2a8b74373f524ccd328c,1694.04,66.66,6.731143399,55000,55000
eef0beee97f0cffe1abf2a8b74373f524ccd328c,1672.17,66.24,6.641445417,54000,55000
eef0beee97f0cffe1abf2a8b74373f524ccd328c,1686.24,66.91,6.715304877,54000,54000
eef0beee97f0cffe1abf2a8b74373f524ccd328c,1717.63,68.05,6.826796837,55000,54000
eef0beee97f0cffe1abf2a8b74373f524ccd328c,1668.51,65.81,6.648757476,55000,54000
eef0beee97f0cffe1abf2a8b74373f524ccd328c,1687.50,66.37,6.708935666,54000,54000
eef0beee97f0cffe1abf2a8b74373f524ccd328c,1692.85,67.04,6.716234941,54000,54000
eef0beee97f0cffe1abf2a8b74373f524ccd328c,1680.64,66.47,6.684344049,54000,54000
eef0beee97f0cffe1abf2a8b74373f524ccd328c,1677.17,66.12,6.680374617,54000,54000
7f358bd0a952f64d2023b937c4e171dc9b669875,1704.57,68.05,6.760008093,56000,55000
7f358bd0a952f64d2023b937c4e171dc9b669875,1699.70,67.62,6.743872295,54000,54000
7f358bd0a952f64d2023b937c4e171dc9b669875,1694.93,67.24,6.718897106,55000,55000
7f358bd0a952f64d2023b937c4e171dc9b669875,1672.75,66.15,6.634346595,54000,55000
7f358bd0a952f64d2023b937c4e171dc9b669875,1692.32,67.05,6.725481417,55000,55000
7f358bd0a952f64d2023b937c4e171dc9b669875,1684.87,66.55,6.696003232,55000,54000
7f358bd0a952f64d2023b937c4e171dc9b669875,1707.06,67.55,6.792445820,54000,54000
7f358bd0a952f64d2023b937c4e171dc9b669875,1677.93,66.51,6.669072149,54000,54000
7f358bd0a952f64d2023b937c4e171dc9b669875,1702.22,67.37,6.771435157,54000,54000
7f358bd0a952f64d2023b937c4e171dc9b669875,1718.70,68.36,6.831652975,54000,54000
7f358bd0a952f64d2023b937c4e171dc9b669875,1677.48,66.21,6.678784134,54000,54000
7f358bd0a952f64d2023b937c4e171dc9b669875,1715.42,67.95,6.812134168,54000,54000
7f358bd0a952f64d2023b937c4e171dc9b669875,1692.59,67.15,6.734222548,54000,54000
7f358bd0a952f64d2023b937c4e171dc9b669875,1673.04,65.94,6.644090586,54000,54000
7f358bd0a952f64d2023b937c4e171dc9b669875,1683.93,66.72,6.679600118,54000,55000
7f358bd0a952f64d2023b937c4e171dc9b669875,1703.36,66.84,6.777429024,55000,54000
7f358bd0a952f64d2023b937c4e171dc9b669875,1679.74,66.49,6.676866030,54000,54000
7f358bd0a952f64d2023b937c4e171dc9b669875,1678.81,66.63,6.659733685,54000,54000
7f358bd0a952f64d2023b937c4e171dc9b669875,1691.57,66.76,6.732169699,54000,54000
7f358bd0a952f64d2023b937c4e171dc9b669875,1684.21,66.56,6.690743395,54000,53000
7f358bd0a952f64d2023b937c4e171dc9b669875,1711.40,67.57,6.793240622,54000,54000
7f358bd0a952f64d2023b937c4e171dc9b669875,1679.37,66.32,6.677914883,54000,54000
7f358bd0a952f64d2023b937c4e171dc9b669875,1684.72,66.48,6.685919502,53000,54000
7f358bd0a952f64d2023b937c4e171dc9b669875,1686.09,66.89,6.674060453,54000,54000
7f358bd0a952f64d2023b937c4e171dc9b669875,1688.22,67.11,6.694236108,54000,54000
7f358bd0a952f64d2023b937c4e171dc9b669875,1666.82,66.09,6.608532911,54000,54000
7f358bd0a952f64d2023b937c4e171dc9b669875,1675.90,66.52,6.657646952,55000,54000
7f358bd0a952f64d2023b937c4e171dc9b669875,1689.52,66.73,6.731082131,54000,54000
7f358bd0a952f64d2023b937c4e171dc9b669875,1711.82,67.85,6.806667965,53000,54000
7f358bd0a952f64d2023b937c4e171dc9b669875,1699.85,67.45,6.750352935,54000,54000
cf0bbc1ac9189b5c92f56e7200f40ec6c348c13c,1685.69,67.05,6.697564795,55000,55000
cf0bbc1ac9189b5c92f56e7200f40ec6c348c13c,1694.42,67.14,6.724038775,54000,54000
cf0bbc1ac9189b5c92f56e7200f40ec6c348c13c,1715.78,67.52,6.815453937,56000,54000
cf0bbc1ac9189b5c92f56e7200f40ec6c348c13c,1690.87,67.21,6.699609467,54000,55000
cf0bbc1ac9189b5c92f56e7200f40ec6c348c13c,1692.59,67.30,6.710461929,55000,55000
cf0bbc1ac9189b5c92f56e7200f40ec6c348c13c,1708.55,67.63,6.784022259,54000,55000
cf0bbc1ac9189b5c92f56e7200f40ec6c348c13c,1712.68,68.11,6.780822992,54000,54000
cf0bbc1ac9189b5c92f56e7200f40ec6c348c13c,1738.20,68.93,6.895162924,54000,55000
cf0bbc1ac9189b5c92f56e7200f40ec6c348c13c,1681.61,66.78,6.683105509,54000,53000
cf0bbc1ac9189b5c92f56e7200f40ec6c348c13c,1715.78,67.95,6.806125604,54000,55000
cf0bbc1ac9189b5c92f56e7200f40ec6c348c13c,1700.43,67.04,6.760876620,55000,55000
cf0bbc1ac9189b5c92f56e7200f40ec6c348c13c,1694.70,66.82,6.736143770,55000,54000
cf0bbc1ac9189b5c92f56e7200f40ec6c348c13c,1694.91,67.23,6.747024605,55000,54000
cf0bbc1ac9189b5c92f56e7200f40ec6c348c13c,1711.25,67.55,6.780984065,55000,54000
cf0bbc1ac9189b5c92f56e7200f40ec6c348c13c,1698.78,67.25,6.726654494,54000,54000
cf0bbc1ac9189b5c92f56e7200f40ec6c348c13c,1716.06,68.26,6.810484315,54000,54000
cf0bbc1ac9189b5c92f56e7200f40ec6c348c13c,1685.36,66.62,6.691819127,54000,54000
cf0bbc1ac9189b5c92f56e7200f40ec6c348c13c,1694.34,66.96,6.714742498,55000,55000
cf0bbc1ac9189b5c92f56e7200f40ec6c348c13c,1718.80,68.08,6.808183126,55000,55000
cf0bbc1ac9189b5c92f56e7200f40ec6c348c13c,1729.32,68.66,6.871967886,55000,54000
cf0bbc1ac9189b5c92f56e7200f40ec6c348c13c,1712.66,67.85,6.786761115,54000,54000
cf0bbc1ac9189b5c92f56e7200f40ec6c348c13c,1690.80,67.17,6.689114231,54000,54000
cf0bbc1ac9189b5c92f56e7200f40ec6c348c13c,1701.19,67.73,6.756858458,53000,54000
cf0bbc1ac9189b5c92f56e7200f40ec6c348c13c,1693.76,66.84,6.721384237,53000,53000
cf0bbc1ac9189b5c92f56e7200f40ec6c348c13c,1684.63,67.14,6.673011559,54000,54000
cf0bbc1ac9189b5c92f56e7200f40ec6c348c13c,1687.67,66.97,6.691843835,54000,54000
cf0bbc1ac9189b5c92f56e7200f40ec6c348c13c,1695.83,67.45,6.712142798,54000,54000
cf0bbc1ac9189b5c92f56e7200f40ec6c348c13c,1732.28,68.84,6.862799037,54000,54000
cf0bbc1ac9189b5c92f56e7200f40ec6c348c13c,1716.68,68.03,6.818407640,54000,54000
cf0bbc1ac9189b5c92f56e7200f40ec6c348c13c,1689.02,67.21,6.698037880,54000,54000
6a9f95cbd0fa2c37113737a879370534be247fed,1682.24,66.53,6.689406999,56000,56000
6a9f95cbd0fa2c37113737a879370534be247fed,1683.66,66.50,6.693020966,54000,55000
6a9f95cbd0fa2c37113737a879370534be247fed,1697.06,67.36,6.752269651,54000,54000
6a9f95cbd0fa2c37113737a879370534be247fed,1672.37,66.02,6.644180719,54000,54000
6a9f95cbd0fa2c37113737a879370534be247fed,1706.40,67.38,6.771691714,54000,55000
6a9f95cbd0fa2c37113737a879370534be247fed,1684.86,66.32,6.693752077,54000,54000
6a9f95cbd0fa2c37113737a879370534be247fed,1696.78,67.27,6.741532998,55000,55000
6a9f95cbd0fa2c37113737a879370534be247fed,1674.02,66.46,6.653215879,54000,55000
6a9f95cbd0fa2c37113737a879370534be247fed,1691.52,66.46,6.723555398,54000,54000
6a9f95cbd0fa2c37113737a879370534be247fed,1676.53,66.49,6.663607115,55000,55000
6a9f95cbd0fa2c37113737a879370534be247fed,1717.49,68.25,6.816988373,54000,54000
6a9f95cbd0fa2c37113737a879370534be247fed,1675.27,66.58,6.652448620,54000,55000
6a9f95cbd0fa2c37113737a879370534be247fed,1684.82,66.80,6.692081896,55000,54000
6a9f95cbd0fa2c37113737a879370534be247fed,1716.04,67.98,6.826264410,54000,55000
6a9f95cbd0fa2c37113737a879370534be247fed,1714.02,67.57,6.827352548,55000,54000
6a9f95cbd0fa2c37113737a879370534be247fed,1684.52,66.46,6.692873950,55000,55000
6a9f95cbd0fa2c37113737a879370534be247fed,1694.54,66.89,6.731025116,56000,54000
6a9f95cbd0fa2c37113737a879370534be247fed,1704.93,67.21,6.769856727,54000,54000
6a9f95cbd0fa2c37113737a879370534be247fed,1692.52,67.04,6.721284123,55000,55000
6a9f95cbd0fa2c37113737a879370534be247fed,1679.94,66.66,6.675316115,54000,54000
6a9f95cbd0fa2c37113737a879370534be247fed,1667.59,65.85,6.620702308,54000,56000
6a9f95cbd0fa2c37113737a879370534be247fed,1690.38,67.09,6.717670784,55000,54000
6a9f95cbd0fa2c37113737a879370534be247fed,1700.59,67.75,6.718325477,54000,54000
6a9f95cbd0fa2c37113737a879370534be247fed,1687.76,66.77,6.706096010,54000,54000
6a9f95cbd0fa2c37113737a879370534be247fed,1676.54,66.37,6.664800539,54000,54000
6a9f95cbd0fa2c37113737a879370534be247fed,1681.76,66.84,6.694413789,54000,54000
6a9f95cbd0fa2c37113737a879370534be247fed,1670.47,66.09,6.630593560,54000,54000
6a9f95cbd0fa2c37113737a879370534be247fed,1665.28,65.87,6.618782314,54000,54000
6a9f95cbd0fa2c37113737a879370534be247fed,1687.17,66.79,6.696178785,54000,54000
6a9f95cbd0fa2c37113737a879370534be247fed,1704.72,67.29,6.768874211,54000,54000
c98bfc0bd754be6fe775135b06cc1db8927c4273,1699.00,67.59,6.749213970,56000,55000
c98bfc0bd754be6fe775135b06cc1db8927c4273,1703.45,67.83,6.774968508,56000,56000
c98bfc0bd754be6fe775135b06cc1db8927c4273,1696.19,67.37,6.722031297,54000,55000
c98bfc0bd754be6fe775135b06cc1db8927c4273,1709.91,67.94,6.800064831,54000,55000
c98bfc0bd754be6fe775135b06cc1db8927c4273,1708.94,68.00,6.774824670,54000,54000
c98bfc0bd754be6fe775135b06cc1db8927c4273,1750.41,69.58,6.949143007,55000,54000
c98bfc0bd754be6fe775135b06cc1db8927c4273,1694.64,67.01,6.735407700,54000,55000
c98bfc0bd754be6fe775135b06cc1db8927c4273,1687.76,66.73,6.702145868,55000,55000
c98bfc0bd754be6fe775135b06cc1db8927c4273,1703.47,67.55,6.781628927,54000,54000
c98bfc0bd754be6fe775135b06cc1db8927c4273,1685.27,66.78,6.692274374,54000,54000
c98bfc0bd754be6fe775135b06cc1db8927c4273,1682.09,66.96,6.682639497,54000,54000
c98bfc0bd754be6fe775135b06cc1db8927c4273,1713.20,67.96,6.807791398,55000,55000
c98bfc0bd754be6fe775135b06cc1db8927c4273,1692.49,67.38,6.715078202,54000,54000
c98bfc0bd754be6fe775135b06cc1db8927c4273,1694.53,67.49,6.724600069,54000,55000
c98bfc0bd754be6fe775135b06cc1db8927c4273,1680.87,66.32,6.682110095,55000,56000
c98bfc0bd754be6fe775135b06cc1db8927c4273,1706.90,67.63,6.763412626,54000,54000
c98bfc0bd754be6fe775135b06cc1db8927c4273,1718.63,68.25,6.833077201,54000,54000
c98bfc0bd754be6fe775135b06cc1db8927c4273,1721.48,68.65,6.846890466,53000,54000
c98bfc0bd754be6fe775135b06cc1db8927c4273,1677.66,66.03,6.672387209,54000,55000
c98bfc0bd754be6fe775135b06cc1db8927c4273,1704.16,67.76,6.761352061,54000,55000
c98bfc0bd754be6fe775135b06cc1db8927c4273,1705.67,67.52,6.780134368,54000,55000
c98bfc0bd754be6fe775135b06cc1db8927c4273,1703.95,67.69,6.761241739,54000,54000
c98bfc0bd754be6fe775135b06cc1db8927c4273,1720.84,68.41,6.834344217,53000,54000
c98bfc0bd754be6fe775135b06cc1db8927c4273,1734.30,69.02,6.883573630,54000,54000
c98bfc0bd754be6fe775135b06cc1db8927c4273,1717.27,68.30,6.820692039,53000,54000
c98bfc0bd754be6fe775135b06cc1db8927c4273,1707.25,67.63,6.773219617,54000,54000
c98bfc0bd754be6fe775135b06cc1db8927c4273,1683.76,66.52,6.679788750,55000,55000
c98bfc0bd754be6fe775135b06cc1db8927c4273,1685.80,66.89,6.705073728,54000,54000
c98bfc0bd754be6fe775135b06cc1db8927c4273,1694.89,66.85,6.743645543,54000,54000
c98bfc0bd754be6fe775135b06cc1db8927c4273,1721.20,68.37,6.831627384,54000,54000
62063dc12829c07198ac21b88b62b74705ed779e,1684.68,66.68,6.691742535,54000,54000
62063dc12829c07198ac21b88b62b74705ed779e,1699.78,67.28,6.751331613,54000,54000
62063dc12829c07198ac21b88b62b74705ed779e,1691.79,66.77,6.720598096,54000,54000
62063dc12829c07198ac21b88b62b74705ed779e,1713.16,67.81,6.804669985,54000,54000
62063dc12829c07198ac21b88b62b74705ed779e,1682.25,66.45,6.677917914,54000,53000
62063dc12829c07198ac21b88b62b74705ed779e,1712.25,68.01,6.805210847,54000,54000
62063dc12829c07198ac21b88b62b74705ed779e,1702.37,67.07,6.755020127,55000,54000
62063dc12829c07198ac21b88b62b74705ed779e,1686.13,66.50,6.695089461,54000,54000
62063dc12829c07198ac21b88b62b74705ed779e,1701.09,67.36,6.744554946,54000,55000
62063dc12829c07198ac21b88b62b74705ed779e,1702.88,67.46,6.760217048,54000,55000
62063dc12829c07198ac21b88b62b74705ed779e,1696.13,66.94,6.732432588,55000,55000
62063dc12829c07198ac21b88b62b74705ed779e,1701.40,67.36,6.757545008,55000,55000
62063dc12829c07198ac21b88b62b74705ed779e,1705.36,67.50,6.777618862,55000,55000
62063dc12829c07198ac21b88b62b74705ed779e,1703.78,67.82,6.764568614,54000,54000
62063dc12829c07198ac21b88b62b74705ed779e,1691.13,67.08,6.725273726,54000,54000
62063dc12829c07198ac21b88b62b74705ed779e,1729.03,68.48,6.852177727,55000,54000
62063dc12829c07198ac21b88b62b74705ed779e,1683.07,66.56,6.679849582,54000,54000
62063dc12829c07198ac21b88b62b74705ed779e,1697.50,67.23,6.718997420,54000,55000
62063dc12829c07198ac21b88b62b74705ed779e,1689.63,66.94,6.696756726,55000,54000
62063dc12829c07198ac21b88b62b74705ed779e,1687.82,66.81,6.698524729,54000,54000
62063dc12829c07198ac21b88b62b74705ed779e,1672.69,66.22,6.645527128,54000,54000
62063dc12829c07198ac21b88b62b74705ed779e,1715.86,67.87,6.822485798,54000,54000
62063dc12829c07198ac21b88b62b74705ed779e,1732.92,68.77,6.864786030,55000,55000
62063dc12829c07198ac21b88b62b74705ed779e,1722.80,68.24,6.851512763,56000,54000
62063dc12829c07198ac21b88b62b74705ed779e,1704.45,67.32,6.769067482,54000,56000
62063dc12829c07198ac21b88b62b74705ed779e,1705.02,67.72,6.770452249,54000,54000
62063dc12829c07198ac21b88b62b74705ed779e,1697.41,67.24,6.722332796,54000,54000
62063dc12829c07198ac21b88b62b74705ed779e,1722.80,68.64,6.826379335,55000,54000
62063dc12829c07198ac21b88b62b74705ed779e,1693.33,66.87,6.721672027,54000,54000
62063dc12829c07198ac21b88b62b74705ed779e,1736.65,69.03,6.896795159,54000,54000
a60cc642edef9baf81a1ab5422e820b951c64e43,1703.19,67.87,6.784755861,56000,56000
a60cc642edef9baf81a1ab5422e820b951c64e43,1705.47,67.87,6.766433534,55000,55000
a60cc642edef9baf81a1ab5422e820b951c64e43,1690.26,67.19,6.706981863,54000,54000
a60cc642edef9baf81a1ab5422e820b951c64e43,1717.64,67.70,6.838660992,54000,54000
a60cc642edef9baf81a1ab5422e820b951c64e43,1678.18,66.43,6.679774550,55000,55000
a60cc642edef9baf81a1ab5422e820b951c64e43,1699.18,67.24,6.753816876,55000,54000
a60cc642edef9baf81a1ab5422e820b951c64e43,1720.46,68.35,6.832832692,54000,54000
a60cc642edef9baf81a1ab5422e820b951c64e43,1692.01,67.08,6.716321391,55000,54000
a60cc642edef9baf81a1ab5422e820b951c64e43,1698.88,67.09,6.745792125,54000,55000
a60cc642edef9baf81a1ab5422e820b951c64e43,1694.79,67.21,6.730299860,54000,55000
a60cc642edef9baf81a1ab5422e820b951c64e43,1676.98,66.32,6.675374131,54000,54000
a60cc642edef9baf81a1ab5422e820b951c64e43,1713.35,67.75,6.815344442,54000,54000
a60cc642edef9baf81a1ab5422e820b951c64e43,1701.88,67.17,6.763120855,54000,54000
a60cc642edef9baf81a1ab5422e820b951c64e43,1683.12,66.70,6.682010433,54000,55000
a60cc642edef9baf81a1ab5422e820b951c64e43,1733.09,68.66,6.880391831,54000,55000
a60cc642edef9baf81a1ab5422e820b951c64e43,1722.40,68.55,6.835391956,55000,54000
a60cc642edef9baf81a1ab5422e820b951c64e43,1708.04,67.15,6.784722130,54000,55000
a60cc642edef9baf81a1ab5422e820b951c64e43,1724.67,68.15,6.844569481,55000,55000
a60cc642edef9baf81a1ab5422e820b951c64e43,1699.61,67.44,6.745735361,54000,54000
a60cc642edef9baf81a1ab5422e820b951c64e43,1703.84,67.39,6.764092114,54000,54000
a60cc642edef9baf81a1ab5422e820b951c64e43,1704.00,67.19,6.776089223,54000,54000
a60cc642edef9baf81a1ab5422e820b951c64e43,1717.80,68.20,6.843852513,54000,54000
a60cc642edef9baf81a1ab5422e820b951c64e43,1723.44,68.31,6.846154878,54000,54000
a60cc642edef9baf81a1ab5422e820b951c64e43,1684.56,66.79,6.700265054,54000,54000
a60cc642edef9baf81a1ab5422e820b951c64e43,1703.17,67.75,6.802442530,55000,55000
a60cc642edef9baf81a1ab5422e820b951c64e43,1705.06,67.82,6.759679406,54000,55000
a60cc642edef9baf81a1ab5422e820b951c64e43,1677.28,66.20,6.656469532,54000,53000
a60cc642edef9baf81a1ab5422e820b951c64e43,1698.33,67.00,6.750735130,55000,54000
a60cc642edef9baf81a1ab5422e820b951c64e43,1718.35,68.17,6.831523920,54000,54000
a60cc642edef9baf81a1ab5422e820b951c64e43,1712.82,67.78,6.817285734,54000,54000
402f88bf4ba79c91411ad90242304973ed4bcb6c,1697.37,67.70,6.722772430,54000,55000
402f88bf4ba79c91411ad90242304973ed4bcb6c,1712.95,68.25,6.790526507,55000,55000
402f88bf4ba79c91411ad90242304973ed4bcb6c,1701.84,67.42,6.756136040,55000,54000
402f88bf4ba79c91411ad90242304973ed4bcb6c,1716.36,67.96,6.827048508,55000,55000
402f88bf4ba79c91411ad90242304973ed4bcb6c,1701.46,67.17,6.754838175,55000,54000
402f88bf4ba79c91411ad90242304973ed4bcb6c,1693.62,67.19,6.712170902,55000,55000
402f88bf4ba79c91411ad90242304973ed4bcb6c,1695.46,67.39,6.714804627,54000,55000
402f88bf4ba79c91411ad90242304973ed4bcb6c,1699.94,67.32,6.754787987,54000,54000
402f88bf4ba79c91411ad90242304973ed4bcb6c,1688.09,66.58,6.699566890,54000,54000
402f88bf4ba79c91411ad90242304973ed4bcb6c,1686.22,66.71,6.699570212,55000,55000
402f88bf4ba79c91411ad90242304973ed4bcb6c,1688.95,66.96,6.707692225,54000,55000
402f88bf4ba79c91411ad90242304973ed4bcb6c,1699.19,67.18,6.733516728,54000,54000
402f88bf4ba79c91411ad90242304973ed4bcb6c,1698.14,67.26,6.729324054,54000,55000
402f88bf4ba79c91411ad90242304973ed4bcb6c,1722.73,68.16,6.842237392,54000,55000
402f88bf4ba79c91411ad90242304973ed4bcb6c,1710.47,67.98,6.784913153,54000,54000
402f88bf4ba79c91411ad90242304973ed4bcb6c,1712.53,67.75,6.788440785,54000,55000
402f88bf4ba79c91411ad90242304973ed4bcb6c,1695.80,67.37,6.722002773,54000,54000
402f88bf4ba79c91411ad90242304973ed4bcb6c,1695.48,67.12,6.725874136,55000,54000
402f88bf4ba79c91411ad90242304973ed4bcb6c,1705.77,67.65,6.770657316,54000,55000
402f88bf4ba79c91411ad90242304973ed4bcb6c,1705.76,67.88,6.765432754,54000,54000
402f88bf4ba79c91411ad90242304973ed4bcb6c,1721.27,68.21,6.825092316,54000,54000
402f88bf4ba79c91411ad90242304973ed4bcb6c,1696.85,67.21,6.739474484,54000,54000
402f88bf4ba79c91411ad90242304973ed4bcb6c,1688.22,66.85,6.694620162,54000,54000
402f88bf4ba79c91411ad90242304973ed4bcb6c,1723.38,68.55,6.837845351,54000,54000
402f88bf4ba79c91411ad90242304973ed4bcb6c,1720.23,68.40,6.817436871,55000,54000
402f88bf4ba79c91411ad90242304973ed4bcb6c,1702.79,67.34,6.769525807,54000,54000
402f88bf4ba79c91411ad90242304973ed4bcb6c,1715.50,67.89,6.795573279,53000,54000
402f88bf4ba79c91411ad90242304973ed4bcb6c,1739.28,69.10,6.902857242,54000,54000
402f88bf4ba79c91411ad90242304973ed4bcb6c,1709.17,68.02,6.784545924,54000,54000
402f88bf4ba79c91411ad90242304973ed4bcb6c,1703.58,67.79,6.758103931,54000,54000
2cf91a2220f62bc321924e5f293619e6e138906e,1678.83,66.63,6.652681935,54000,54000
2cf91a2220f62bc321924e5f293619e6e138906e,1700.46,66.84,6.764454753,55000,55000
2cf91a2220f62bc321924e5f293619e6e138906e,1706.42,67.75,6.783527933,54000,54000
2cf91a2220f62bc321924e5f293619e6e138906e,1693.95,67.22,6.708504331,55000,55000
2cf91a2220f62bc321924e5f293619e6e138906e,1696.69,67.24,6.750389781,54000,54000
2cf91a2220f62bc321924e5f293619e6e138906e,1707.54,67.67,6.778566280,55000,54000
2cf91a2220f62bc321924e5f293619e6e138906e,1688.78,66.51,6.726588092,54000,54000
2cf91a2220f62bc321924e5f293619e6e138906e,1688.37,66.61,6.720456918,54000,54000
2cf91a2220f62bc321924e5f293619e6e138906e,1698.39,67.44,6.744225324,54000,54000
2cf91a2220f62bc321924e5f293619e6e138906e,1671.61,65.76,6.649680573,54000,54000
2cf91a2220f62bc321924e5f293619e6e138906e,1707.89,67.63,6.772591872,54000,54000
2cf91a2220f62bc321924e5f293619e6e138906e,1688.35,67.10,6.710910350,54000,54000
2cf91a2220f62bc321924e5f293619e6e138906e,1700.63,67.34,6.749057487,54000,54000
2cf91a2220f62bc321924e5f293619e6e138906e,1688.42,66.70,6.711323622,54000,54000
2cf91a2220f62bc321924e5f293619e6e138906e,1677.81,66.33,6.659815507,54000,54000
2cf91a2220f62bc321924e5f293619e6e138906e,1697.30,66.79,6.747748234,54000,54000
2cf91a2220f62bc321924e5f293619e6e138906e,1684.70,66.84,6.703331600,54000,54000
2cf91a2220f62bc321924e5f293619e6e138906e,1708.36,67.93,6.778160122,55000,55000
2cf91a2220f62bc321924e5f293619e6e138906e,1692.79,66.94,6.734110566,54000,54000
2cf91a2220f62bc321924e5f293619e6e138906e,1689.72,66.96,6.703052393,54000,54000
2cf91a2220f62bc321924e5f293619e6e138906e,1697.12,67.37,6.724897711,54000,55000
2cf91a2220f62bc321924e5f293619e6e138906e,1698.15,67.20,6.771595120,54000,54000
2cf91a2220f62bc321924e5f293619e6e138906e,1722.63,68.04,6.849666286,54000,54000
2cf91a2220f62bc321924e5f293619e6e138906e,1685.91,66.72,6.695217084,54000,54000
2cf91a2220f62bc321924e5f293619e6e138906e,1680.87,66.61,6.673901363,54000,54000
2cf91a2220f62bc321924e5f293619e6e138906e,1673.20,65.72,6.654177580,55000,54000
2cf91a2220f62bc321924e5f293619e6e138906e,1677.74,66.42,6.674355761,56000,54000
2cf91a2220f62bc321924e5f293619e6e138906e,1678.78,66.22,6.675011014,54000,54000
2cf91a2220f62bc321924e5f293619e6e138906e,1670.67,65.75,6.643074893,54000,54000
2cf91a2220f62bc321924e5f293619e6e138906e,1685.25,66.32,6.711108897,54000,54000
0f3665f7d998d057f02f3dcd241cabf7b323615f,1680.18,66.60,6.676361520,56000,56000
0f3665f7d998d057f02f3dcd241cabf7b323615f,1662.15,65.85,6.608511343,55000,55000
0f3665f7d998d057f02f3dcd241cabf7b323615f,1679.32,66.37,6.672915029,54000,54000
0f3665f7d998d057f02f3dcd241cabf7b323615f,1722.45,67.86,6.847135553,54000,54000
0f3665f7d998d057f02f3dcd241cabf7b323615f,1675.35,66.11,6.652200304,55000,54000
0f3665f7d998d057f02f3dcd241cabf7b323615f,1692.44,66.87,6.719305796,54000,56000
0f3665f7d998d057f02f3dcd241cabf7b323615f,1701.67,67.43,6.771372363,54000,54000
0f3665f7d998d057f02f3dcd241cabf7b323615f,1683.69,66.60,6.679346983,55000,56000
0f3665f7d998d057f02f3dcd241cabf7b323615f,1669.55,66.21,6.632937877,55000,54000
0f3665f7d998d057f02f3dcd241cabf7b323615f,1696.97,67.07,6.738680243,55000,54000
0f3665f7d998d057f02f3dcd241cabf7b323615f,1679.22,66.46,6.671854601,54000,54000
0f3665f7d998d057f02f3dcd241cabf7b323615f,1674.15,66.56,6.657998052,54000,54000
0f3665f7d998d057f02f3dcd241cabf7b323615f,1719.18,68.43,6.820206511,54000,54000
0f3665f7d998d057f02f3dcd241cabf7b323615f,1722.59,68.29,6.838999357,54000,55000
0f3665f7d998d057f02f3dcd241cabf7b323615f,1674.93,65.92,6.648764943,54000,55000
0f3665f7d998d057f02f3dcd241cabf7b323615f,1677.08,66.02,6.658461861,54000,54000
0f3665f7d998d057f02f3dcd241cabf7b323615f,1694.57,66.72,6.729693879,54000,54000
0f3665f7d998d057f02f3dcd241cabf7b323615f,1678.68,66.52,6.666841049,54000,54000
0f3665f7d998d057f02f3dcd241cabf7b323615f,1691.80,66.85,6.719756436,54000,54000
0f3665f7d998d057f02f3dcd241cabf7b323615f,1707.91,67.46,6.767871654,54000,54000
0f3665f7d998d057f02f3dcd241cabf7b323615f,1687.98,66.77,6.690010423,53000,54000
0f3665f7d998d057f02f3dcd241cabf7b323615f,1675.36,66.30,6.652132835,54000,54000
0f3665f7d998d057f02f3dcd241cabf7b323615f,1694.14,66.67,6.729770449,54000,54000
0f3665f7d998d057f02f3dcd241cabf7b323615f,1672.96,66.29,6.636619223,53000,54000
0f3665f7d998d057f02f3dcd241cabf7b323615f,1670.18,65.99,6.667691842,54000,54000
0f3665f7d998d057f02f3dcd241cabf7b323615f,1674.66,66.12,6.640565242,54000,54000
0f3665f7d998d057f02f3dcd241cabf7b323615f,1678.39,66.65,6.664305888,54000,54000
0f3665f7d998d057f02f3dcd241cabf7b323615f,1690.35,66.73,6.709267525,54000,54000
0f3665f7d998d057f02f3dcd241cabf7b323615f,1688.86,66.88,6.715106047,53000,54000
0f3665f7d998d057f02f3dcd241cabf7b323615f,1700.62,67.21,6.757619026,55000,54000
27200258b82132218820505a7d63e6a84b5a6f00,1687.12,67.12,6.719700476,56000,57000
27200258b82132218820505a7d63e6a84b5a6f00,1716.41,67.71,6.843439524,55000,56000
27200258b82132218820505a7d63e6a84b5a6f00,1689.64,67.06,6.707649351,54000,54000
27200258b82132218820505a7d63e6a84b5a6f00,1719.45,68.38,6.822974426,54000,54000
27200258b82132218820505a7d63e6a84b5a6f00,1697.43,67.19,6.746006937,55000,54000
27200258b82132218820505a7d63e6a84b5a6f00,1683.35,66.75,6.685108851,55000,55000
27200258b82132218820505a7d63e6a84b5a6f00,1713.51,67.49,6.818511685,54000,54000
27200258b82132218820505a7d63e6a84b5a6f00,1697.64,67.30,6.728910889,54000,54000
27200258b82132218820505a7d63e6a84b5a6f00,1675.40,66.33,6.662763989,55000,54000
27200258b82132218820505a7d63e6a84b5a6f00,1708.19,67.68,6.792744673,55000,54000
27200258b82132218820505a7d63e6a84b5a6f00,1717.14,68.18,6.823531504,55000,55000
27200258b82132218820505a7d63e6a84b5a6f00,1705.33,67.45,6.788947991,56000,54000
27200258b82132218820505a7d63e6a84b5a6f00,1700.66,67.78,6.749999954,54000,55000
27200258b82132218820505a7d63e6a84b5a6f00,1687.62,66.59,6.718807998,55000,55000
27200258b82132218820505a7d63e6a84b5a6f00,1711.25,67.67,6.797894297,54000,54000
27200258b82132218820505a7d63e6a84b5a6f00,1692.82,67.06,6.725492406,54000,55000
27200258b82132218820505a7d63e6a84b5a6f00,1690.92,66.89,6.729881807,54000,54000
27200258b82132218820505a7d63e6a84b5a6f00,1701.65,67.34,6.757752141,55000,54000
27200258b82132218820505a7d63e6a84b5a6f00,1701.44,67.31,6.748195324,54000,55000
27200258b82132218820505a7d63e6a84b5a6f00,1736.93,68.87,6.889261610,54000,55000
27200258b82132218820505a7d63e6a84b5a6f00,1687.50,66.82,6.694692252,54000,54000
27200258b82132218820505a7d63e6a84b5a6f00,1693.77,66.93,6.732587679,54000,54000
27200258b82132218820505a7d63e6a84b5a6f00,1709.30,67.84,6.791102550,54000,55000
27200258b82132218820505a7d63e6a84b5a6f00,1699.37,67.38,6.742332227,54000,54000
27200258b82132218820505a7d63e6a84b5a6f00,1709.92,67.72,6.797584608,54000,54000
27200258b82132218820505a7d63e6a84b5a6f00,1672.61,66.17,6.649503796,54000,54000
27200258b82132218820505a7d63e6a84b5a6f00,1704.46,67.39,6.770027932,54000,54000
27200258b82132218820505a7d63e6a84b5a6f00,1675.82,66.09,6.672956785,54000,54000
27200258b82132218820505a7d63e6a84b5a6f00,1695.62,67.29,6.735911262,54000,54000
27200258b82132218820505a7d63e6a84b5a6f00,1717.28,67.74,6.832906751,54000,54000
6a7a17977e19d52cd4154cd88a4be01e9ac18073,1711.48,67.83,6.822259645,55000,56000
6a7a17977e19d52cd4154cd88a4be01e9ac18073,1657.87,65.26,6.596396930,54000,54000
6a7a17977e19d52cd4154cd88a4be01e9ac18073,1698.96,67.16,6.750751799,54000,54000
6a7a17977e19d52cd4154cd88a4be01e9ac18073,1659.04,65.57,6.605152925,55000,54000
6a7a17977e19d52cd4154cd88a4be01e9ac18073,1674.02,66.06,6.659977305,55000,55000
6a7a17977e19d52cd4154cd88a4be01e9ac18073,1690.23,67.01,6.708451079,55000,54000
6a7a17977e19d52cd4154cd88a4be01e9ac18073,1705.47,67.32,6.776359978,54000,54000
6a7a17977e19d52cd4154cd88a4be01e9ac18073,1680.49,66.44,6.685730904,54000,54000
6a7a17977e19d52cd4154cd88a4be01e9ac18073,1703.82,66.92,6.788063768,54000,56000
6a7a17977e19d52cd4154cd88a4be01e9ac18073,1670.46,65.90,6.634950353,54000,54000
6a7a17977e19d52cd4154cd88a4be01e9ac18073,1677.39,66.30,6.668924355,56000,54000
6a7a17977e19d52cd4154cd88a4be01e9ac18073,1684.55,66.64,6.691089470,55000,54000
6a7a17977e19d52cd4154cd88a4be01e9ac18073,1679.08,66.27,6.679105768,54000,54000
6a7a17977e19d52cd4154cd88a4be01e9ac18073,1695.20,66.82,6.732412094,55000,54000
6a7a17977e19d52cd4154cd88a4be01e9ac18073,1708.72,67.54,6.790782811,54000,54000
6a7a17977e19d52cd4154cd88a4be01e9ac18073,1704.65,67.28,6.778084650,55000,55000
6a7a17977e19d52cd4154cd88a4be01e9ac18073,1683.42,66.17,6.694761385,54000,55000
6a7a17977e19d52cd4154cd88a4be01e9ac18073,1645.43,64.72,6.547619809,56000,56000
6a7a17977e19d52cd4154cd88a4be01e9ac18073,1658.07,65.21,6.590069628,54000,56000
6a7a17977e19d52cd4154cd88a4be01e9ac18073,1683.62,66.42,6.684027175,55000,54000
6a7a17977e19d52cd4154cd88a4be01e9ac18073,1715.77,67.89,6.814838778,54000,55000
6a7a17977e19d52cd4154cd88a4be01e9ac18073,1676.72,65.93,6.671415734,55000,55000
6a7a17977e19d52cd4154cd88a4be01e9ac18073,1676.99,66.49,6.666412213,54000,55000
6a7a17977e19d52cd4154cd88a4be01e9ac18073,1668.96,65.99,6.627890041,56000,55000
6a7a17977e19d52cd4154cd88a4be01e9ac18073,1689.26,66.53,6.725973749,54000,55000
6a7a17977e19d52cd4154cd88a4be01e9ac18073,1681.06,66.40,6.694034011,54000,54000
6a7a17977e19d52cd4154cd88a4be01e9ac18073,1718.20,67.80,6.830999497,54000,54000
6a7a17977e19d52cd4154cd88a4be01e9ac18073,1693.98,67.02,6.735594192,54000,54000
6a7a17977e19d52cd4154cd88a4be01e9ac18073,1687.24,66.57,6.709231178,54000,54000
6a7a17977e19d52cd4154cd88a4be01e9ac18073,1679.51,66.26,6.664078529,54000,54000
44845a7d44536a24f15b1e0c4686cb71e867b513,1691.61,67.47,6.721274222,54000,54000
44845a7d44536a24f15b1e0c4686cb71e867b513,1681.51,66.72,6.676571829,55000,54000
44845a7d44536a24f15b1e0c4686cb71e867b513,1702.85,67.52,6.776932514,55000,54000
44845a7d44536a24f15b1e0c4686cb71e867b513,1672.13,66.03,6.652071340,56000,55000
44845a7d44536a24f15b1e0c4686cb71e867b513,1675.39,65.85,6.660427111,54000,54000
44845a7d44536a24f15b1e0c4686cb71e867b513,1711.62,67.73,6.794659614,54000,55000
44845a7d44536a24f15b1e0c4686cb71e867b513,1683.22,66.65,6.695631595,54000,55000
44845a7d44536a24f15b1e0c4686cb71e867b513,1728.46,68.42,6.854625234,54000,55000
44845a7d44536a24f15b1e0c4686cb71e867b513,1680.06,66.33,6.691709394,55000,55000
44845a7d44536a24f15b1e0c4686cb71e867b513,1697.13,66.86,6.745473312,54000,54000
44845a7d44536a24f15b1e0c4686cb71e867b513,1695.41,66.85,6.734828027,54000,54000
44845a7d44536a24f15b1e0c4686cb71e867b513,1702.65,67.16,6.788156295,54000,56000
44845a7d44536a24f15b1e0c4686cb71e867b513,1669.43,65.99,6.649325280,54000,54000
44845a7d44536a24f15b1e0c4686cb71e867b513,1679.27,65.81,6.673791887,55000,55000
44845a7d44536a24f15b1e0c4686cb71e867b513,1688.61,66.62,6.712969457,54000,54000
44845a7d44536a24f15b1e0c4686cb71e867b513,1701.01,67.36,6.756508488,54000,54000
44845a7d44536a24f15b1e0c4686cb71e867b513,1676.74,66.04,6.672526949,54000,55000
44845a7d44536a24f15b1e0c4686cb71e867b513,1680.95,66.33,6.687967636,55000,55000
44845a7d44536a24f15b1e0c4686cb71e867b513,1686.73,66.55,6.709883386,54000,54000
44845a7d44536a24f15b1e0c4686cb71e867b513,1669.39,65.68,6.636882817,55000,54000
44845a7d44536a24f15b1e0c4686cb71e867b513,1701.22,67.21,6.762829731,55000,54000
44845a7d44536a24f15b1e0c4686cb71e867b513,1678.60,66.53,6.675155726,54000,54000
44845a7d44536a24f15b1e0c4686cb71e867b513,1684.40,66.83,6.684014600,55000,54000
44845a7d44536a24f15b1e0c4686cb71e867b513,1698.06,67.14,6.736748487,54000,54000
44845a7d44536a24f15b1e0c4686cb71e867b513,1692.44,67.29,6.734241017,54000,54000
44845a7d44536a24f15b1e0c4686cb71e867b513,1679.20,66.24,6.676128118,54000,53000
44845a7d44536a24f15b1e0c4686cb71e867b513,1685.40,66.89,6.692123813,54000,54000
44845a7d44536a24f15b1e0c4686cb71e867b513,1671.82,66.22,6.649760287,54000,54000
44845a7d44536a24f15b1e0c4686cb71e867b513,1697.25,67.01,6.762810167,54000,54000
44845a7d44536a24f15b1e0c4686cb71e867b513,1701.16,67.42,6.772708869,56000,54000
03334142048678425d3589834f5831388c5cc6b2,1687.90,66.83,6.711731381,56000,56000
03334142048678425d3589834f5831388c5cc6b2,1694.95,67.40,6.723322957,55000,55000
03334142048678425d3589834f5831388c5cc6b2,1693.17,67.14,6.715747765,54000,54000
03334142048678425d3589834f5831388c5cc6b2,1685.70,66.86,6.688958827,55000,54000
03334142048678425d3589834f5831388c5cc6b2,1705.39,67.59,6.776341335,54000,54000
03334142048678425d3589834f5831388c5cc6b2,1694.44,67.51,6.723728574,54000,55000
03334142048678425d3589834f5831388c5cc6b2,1700.65,67.46,6.744216535,54000,55000
03334142048678425d3589834f5831388c5cc6b2,1688.68,67.03,6.701587582,54000,55000
03334142048678425d3589834f5831388c5cc6b2,1700.75,67.28,6.736993221,55000,54000
03334142048678425d3589834f5831388c5cc6b2,1702.25,67.60,6.764784640,54000,54000
03334142048678425d3589834f5831388c5cc6b2,1688.57,66.79,6.707867246,56000,55000
03334142048678425d3589834f5831388c5cc6b2,1708.31,67.55,6.778293909,55000,54000
03334142048678425d3589834f5831388c5cc6b2,1683.25,66.69,6.690807787,54000,54000
03334142048678425d3589834f5831388c5cc6b2,1681.20,66.57,6.680783870,55000,54000
03334142048678425d3589834f5831388c5cc6b2,1719.08,68.19,6.825373011,54000,54000
03334142048678425d3589834f5831388c5cc6b2,1722.81,68.47,6.831663804,54000,55000
03334142048678425d3589834f5831388c5cc6b2,1701.10,67.67,6.750748575,55000,55000
03334142048678425d3589834f5831388c5cc6b2,1678.91,66.65,6.668379598,54000,54000
03334142048678425d3589834f5831388c5cc6b2,1683.30,66.62,6.704114967,54000,54000
03334142048678425d3589834f5831388c5cc6b2,1712.91,67.62,6.786406964,54000,54000
03334142048678425d3589834f5831388c5cc6b2,1696.15,66.94,6.720622945,55000,54000
03334142048678425d3589834f5831388c5cc6b2,1702.06,67.45,6.738077879,54000,54000
03334142048678425d3589834f5831388c5cc6b2,1698.36,67.25,6.745241569,54000,54000
03334142048678425d3589834f5831388c5cc6b2,1711.47,67.95,6.784589481,55000,54000
03334142048678425d3589834f5831388c5cc6b2,1710.23,67.96,6.781940611,54000,54000
03334142048678425d3589834f5831388c5cc6b2,1710.66,67.49,6.814624994,54000,55000
03334142048678425d3589834f5831388c5cc6b2,1719.17,68.10,6.823647960,54000,54000
03334142048678425d3589834f5831388c5cc6b2,1705.21,67.53,6.766909754,55000,55000
03334142048678425d3589834f5831388c5cc6b2,1685.19,66.56,6.699924987,54000,54000
03334142048678425d3589834f5831388c5cc6b2,1705.46,67.41,6.776000478,55000,54000
93c7167419efe66c9dd0e2054055d668c895ac4f,1689.43,67.10,6.725291560,56000,57000
93c7167419efe66c9dd0e2054055d668c895ac4f,1707.14,67.62,6.776983046,54000,55000
93c7167419efe66c9dd0e2054055d668c895ac4f,1710.84,67.95,6.797394856,55000,54000
93c7167419efe66c9dd0e2054055d668c895ac4f,1703.52,67.37,6.784665827,54000,54000
93c7167419efe66c9dd0e2054055d668c895ac4f,1677.02,66.35,6.671248862,55000,55000
93c7167419efe66c9dd0e2054055d668c895ac4f,1673.93,66.06,6.669467202,54000,54000
93c7167419efe66c9dd0e2054055d668c895ac4f,1692.95,66.88,6.738523097,55000,54000
93c7167419efe66c9dd0e2054055d668c895ac4f,1704.11,66.99,6.769187021,55000,54000
93c7167419efe66c9dd0e2054055d668c895ac4f,1678.04,66.45,6.665723430,55000,54000
93c7167419efe66c9dd0e2054055d668c895ac4f,1696.76,66.96,6.749769420,55000,55000
93c7167419efe66c9dd0e2054055d668c895ac4f,1676.67,66.23,6.672298788,54000,54000
93c7167419efe66c9dd0e2054055d668c895ac4f,1699.28,67.45,6.734355038,54000,54000
93c7167419efe66c9dd0e2054055d668c895ac4f,1691.78,66.78,6.714312105,55000,54000
93c7167419efe66c9dd0e2054055d668c895ac4f,1677.89,66.10,6.667619294,54000,55000
93c7167419efe66c9dd0e2054055d668c895ac4f,1695.38,67.42,6.733222688,54000,54000
93c7167419efe66c9dd0e2054055d668c895ac4f,1690.91,67.00,6.725642035,55000,54000
93c7167419efe66c9dd0e2054055d668c895ac4f,1702.78,67.39,6.773821929,53000,54000
93c7167419efe66c9dd0e2054055d668c895ac4f,1701.59,67.20,6.756216147,54000,54000
93c7167419efe66c9dd0e2054055d668c895ac4f,1666.89,65.77,6.630425929,54000,55000
93c7167419efe66c9dd0e2054055d668c895ac4f,1681.64,66.45,6.691208311,55000,54000
93c7167419efe66c9dd0e2054055d668c895ac4f,1701.89,67.72,6.753838770,54000,55000
93c7167419efe66c9dd0e2054055d668c895ac4f,1703.63,67.47,6.783131879,55000,55000
93c7167419efe66c9dd0e2054055d668c895ac4f,1694.20,66.72,6.749399793,55000,55000
93c7167419efe66c9dd0e2054055d668c895ac4f,1696.61,67.21,6.736702433,54000,54000
93c7167419efe66c9dd0e2054055d668c895ac4f,1706.67,67.49,6.772227955,54000,54000
93c7167419efe66c9dd0e2054055d668c895ac4f,1693.39,67.16,6.718801242,55000,54000
93c7167419efe66c9dd0e2054055d668c895ac4f,1692.34,66.89,6.729821256,53000,54000
93c7167419efe66c9dd0e2054055d668c895ac4f,1687.50,66.68,6.714923316,54000,54000
93c7167419efe66c9dd0e2054055d668c895ac4f,1677.69,66.29,6.668080598,54000,54000
93c7167419efe66c9dd0e2054055d668c895ac4f,1694.16,67.16,6.748312490,54000,55000
c4ba528694a07b6b0133fb199bc293364c47b9d8,1706.50,67.71,6.792998948,55000,55000
c4ba528694a07b6b0133fb199bc293364c47b9d8,1706.02,67.80,6.762544891,55000,54000
c4ba528694a07b6b0133fb199bc293364c47b9d8,1707.64,67.75,6.767211143,54000,56000
c4ba528694a07b6b0133fb199bc293364c47b9d8,1713.57,68.03,6.802959491,54000,55000
c4ba528694a07b6b0133fb199bc293364c47b9d8,1706.17,68.09,6.770424484,55000,54000
c4ba528694a07b6b0133fb199bc293364c47b9d8,1698.30,67.67,6.723013537,54000,55000
c4ba528694a07b6b0133fb199bc293364c47b9d8,1696.00,67.02,6.739757295,54000,55000
c4ba528694a07b6b0133fb199bc293364c47b9d8,1711.95,68.01,6.798986768,55000,54000
c4ba528694a07b6b0133fb199bc293364c47b9d8,1703.61,67.49,6.778378079,54000,54000
c4ba528694a07b6b0133fb199bc293364c47b9d8,1741.18,69.05,6.912102688,55000,55000
c4ba528694a07b6b0133fb199bc293364c47b9d8,1710.43,67.91,6.774717023,55000,54000
c4ba528694a07b6b0133fb199bc293364c47b9d8,1718.96,68.13,6.853640723,54000,54000
c4ba528694a07b6b0133fb199bc293364c47b9d8,1687.50,66.87,6.695937823,55000,54000
c4ba528694a07b6b0133fb199bc293364c47b9d8,1695.89,66.75,6.735141871,55000,54000
c4ba528694a07b6b0133fb199bc293364c47b9d8,1698.11,67.42,6.728416452,55000,54000
c4ba528694a07b6b0133fb199bc293364c47b9d8,1704.75,67.32,6.769968214,54000,55000
c4ba528694a07b6b0133fb199bc293364c47b9d8,1686.59,66.80,6.700189163,54000,54000
c4ba528694a07b6b0133fb199bc293364c47b9d8,1696.79,67.30,6.735652888,54000,54000
c4ba528694a07b6b0133fb199bc293364c47b9d8,1715.90,67.82,6.822563642,54000,54000
c4ba528694a07b6b0133fb199bc293364c47b9d8,1699.78,67.31,6.751415514,54000,54000
c4ba528694a07b6b0133fb199bc293364c47b9d8,1728.41,68.40,6.873195080,54000,54000
c4ba528694a07b6b0133fb199bc293364c47b9d8,1698.44,67.39,6.755351765,54000,54000
c4ba528694a07b6b0133fb199bc293364c47b9d8,1730.02,68.52,6.884349282,55000,54000
c4ba528694a07b6b0133fb199bc293364c47b9d8,1687.28,66.95,6.700845778,54000,54000
c4ba528694a07b6b0133fb199bc293364c47b9d8,1693.52,67.40,6.711051041,54000,54000
c4ba528694a07b6b0133fb199bc293364c47b9d8,1691.86,66.91,6.710456646,54000,54000
c4ba528694a07b6b0133fb199bc293364c47b9d8,1694.61,67.14,6.728032331,54000,54000
c4ba528694a07b6b0133fb199bc293364c47b9d8,1740.01,69.08,6.900833766,54000,54000
c4ba528694a07b6b0133fb199bc293364c47b9d8,1699.96,67.59,6.741842260,54000,54000
c4ba528694a07b6b0133fb199bc293364c47b9d8,1693.36,67.19,6.731581249,54000,54000
e3610fea48d2f03efa070c18819f441a633d65a9,1634.46,64.78,6.505842852,55000,56000
e3610fea48d2f03efa070c18819f441a633d65a9,1622.96,64.83,6.447809973,56000,56000
e3610fea48d2f03efa070c18819f441a633d65a9,1659.96,66.20,6.588317444,54000,54000
e3610fea48d2f03efa070c18819f441a633d65a9,1630.83,64.51,6.484846990,54000,54000
e3610fea48d2f03efa070c18819f441a633d65a9,1612.12,63.69,6.412147261,55000,54000
e3610fea48d2f03efa070c18819f441a633d65a9,1634.39,64.72,6.494328452,55000,54000
e3610fea48d2f03efa070c18819f441a633d65a9,1661.82,66.00,6.604070037,54000,55000
e3610fea48d2f03efa070c18819f441a633d65a9,1618.75,63.97,6.430973586,54000,55000
e3610fea48d2f03efa070c18819f441a633d65a9,1618.83,64.27,6.448282165,55000,54000
e3610fea48d2f03efa070c18819f441a633d65a9,1627.48,64.43,6.461695046,54000,54000
e3610fea48d2f03efa070c18819f441a633d65a9,1653.75,65.08,6.578361400,54000,55000
e3610fea48d2f03efa070c18819f441a633d65a9,1606.18,63.32,6.402498704,54000,54000
e3610fea48d2f03efa070c18819f441a633d65a9,1626.39,64.44,6.457604932,55000,56000
e3610fea48d2f03efa070c18819f441a633d65a9,1622.16,64.29,6.444590941,54000,54000
e3610fea48d2f03efa070c18819f441a633d65a9,1617.54,63.84,6.445562416,54000,54000
e3610fea48d2f03efa070c18819f441a633d65a9,1645.30,64.92,6.555837913,54000,54000
e3610fea48d2f03efa070c18819f441a633d65a9,1605.30,63.57,6.386329499,54000,55000
e3610fea48d2f03efa070c18819f441a633d65a9,1627.32,64.36,6.461647761,54000,54000
e3610fea48d2f03efa070c18819f441a633d65a9,1626.81,64.37,6.462163341,55000,54000
e3610fea48d2f03efa070c18819f441a633d65a9,1617.83,64.02,6.427137486,55000,54000
e3610fea48d2f03efa070c18819f441a633d65a9,1643.10,65.11,6.554624523,55000,54000
e3610fea48d2f03efa070c18819f441a633d65a9,1624.65,64.12,6.455021629,54000,54000
e3610fea48d2f03efa070c18819f441a633d65a9,1642.40,65.31,6.515543651,54000,55000
e3610fea48d2f03efa070c18819f441a633d65a9,1637.35,65.10,6.495355538,54000,54000
e3610fea48d2f03efa070c18819f441a633d65a9,1634.24,64.47,6.490868538,54000,54000
e3610fea48d2f03efa070c18819f441a633d65a9,1642.22,65.08,6.525167185,53000,54000
e3610fea48d2f03efa070c18819f441a633d65a9,1621.28,64.23,6.438001326,54000,54000
e3610fea48d2f03efa070c18819f441a633d65a9,1621.67,63.96,6.456463595,54000,54000
e3610fea48d2f03efa070c18819f441a633d65a9,1642.04,65.21,6.512647825,54000,54000
e3610fea48d2f03efa070c18819f441a633d65a9,1624.73,63.98,6.469971630,54000,54000
4c9cc7aa5040d89ae29cde7372e7fbd97c117eee,1611.40,63.79,6.426183686,55000,56000
4c9cc7aa5040d89ae29cde7372e7fbd97c117eee,1601.58,63.30,6.387848515,55000,54000
4c9cc7aa5040d89ae29cde7372e7fbd97c117eee,1624.36,64.15,6.459974416,56000,54000
4c9cc7aa5040d89ae29cde7372e7fbd97c117eee,1625.38,64.06,6.462759601,55000,54000
4c9cc7aa5040d89ae29cde7372e7fbd97c117eee,1617.26,64.17,6.432144435,55000,54000
4c9cc7aa5040d89ae29cde7372e7fbd97c117eee,1611.81,63.71,6.421812393,54000,54000
4c9cc7aa5040d89ae29cde7372e7fbd97c117eee,1603.39,63.21,6.389485426,55000,54000
4c9cc7aa5040d89ae29cde7372e7fbd97c117eee,1604.39,63.28,6.388958288,54000,54000
4c9cc7aa5040d89ae29cde7372e7fbd97c117eee,1617.70,63.94,6.435213425,54000,54000
4c9cc7aa5040d89ae29cde7372e7fbd97c117eee,1597.40,62.85,6.370386909,54000,54000
4c9cc7aa5040d89ae29cde7372e7fbd97c117eee,1615.59,63.94,6.430389398,54000,54000
4c9cc7aa5040d89ae29cde7372e7fbd97c117eee,1620.43,63.70,6.456732564,55000,54000
4c9cc7aa5040d89ae29cde7372e7fbd97c117eee,1616.66,63.87,6.448885087,54000,54000
4c9cc7aa5040d89ae29cde7372e7fbd97c117eee,1633.94,64.56,6.513870857,54000,54000
4c9cc7aa5040d89ae29cde7372e7fbd97c117eee,1610.83,63.50,6.438050436,55000,54000
4c9cc7aa5040d89ae29cde7372e7fbd97c117eee,1636.28,64.88,6.513007585,55000,55000
4c9cc7aa5040d89ae29cde7372e7fbd97c117eee,1611.95,63.85,6.398484986,55000,54000
4c9cc7aa5040d89ae29cde7372e7fbd97c117eee,1626.81,64.30,6.478854353,54000,54000
4c9cc7aa5040d89ae29cde7372e7fbd97c117eee,1619.33,63.91,6.444085085,53000,54000
4c9cc7aa5040d89ae29cde7372e7fbd97c117eee,1629.82,63.98,6.498848446,55000,54000
4c9cc7aa5040d89ae29cde7372e7fbd97c117eee,1622.15,64.31,6.454501661,55000,55000
4c9cc7aa5040d89ae29cde7372e7fbd97c117eee,1625.55,64.16,6.480045692,54000,54000
4c9cc7aa5040d89ae29cde7372e7fbd97c117eee,1622.26,64.40,6.449278457,54000,54000
4c9cc7aa5040d89ae29cde7372e7fbd97c117eee,1635.21,64.85,6.508716317,53000,52000
4c9cc7aa5040d89ae29cde7372e7fbd97c117eee,1609.43,63.31,6.419102767,54000,54000
4c9cc7aa5040d89ae29cde7372e7fbd97c117eee,1644.13,64.96,6.548199559,54000,54000
4c9cc7aa5040d89ae29cde7372e7fbd97c117eee,1617.40,63.51,6.446079691,54000,54000
4c9cc7aa5040d89ae29cde7372e7fbd97c117eee,1619.06,64.02,6.446689701,54000,54000
4c9cc7aa5040d89ae29cde7372e7fbd97c117eee,1620.16,63.81,6.447870549,54000,54000
4c9cc7aa5040d89ae29cde7372e7fbd97c117eee,1632.76,64.61,6.505370716,54000,54000
2d34c1e348bb25dac1da0a3e5e9cf278cba55ffb,1640.29,64.93,6.523391176,54000,55000
2d34c1e348bb25dac1da0a3e5e9cf278cba55ffb,1624.29,64.34,6.458783355,55000,54000
2d34c1e348bb25dac1da0a3e5e9cf278cba55ffb,1642.65,64.76,6.554456291,55000,55000
2d34c1e348bb25dac1da0a3e5e9cf278cba55ffb,1610.48,63.53,6.422043284,54000,54000
2d34c1e348bb25dac1da0a3e5e9cf278cba55ffb,1629.26,64.67,6.477872522,54000,54000
2d34c1e348bb25dac1da0a3e5e9cf278cba55ffb,1630.17,64.57,6.485295103,54000,55000
2d34c1e348bb25dac1da0a3e5e9cf278cba55ffb,1619.49,64.18,6.457275866,54000,54000
2d34c1e348bb25dac1da0a3e5e9cf278cba55ffb,1636.31,64.64,6.517831696,54000,54000
2d34c1e348bb25dac1da0a3e5e9cf278cba55ffb,1628.72,64.13,6.487969242,54000,54000
2d34c1e348bb25dac1da0a3e5e9cf278cba55ffb,1640.35,64.91,6.524968477,54000,54000
2d34c1e348bb25dac1da0a3e5e9cf278cba55ffb,1624.22,64.22,6.476829247,55000,55000
2d34c1e348bb25dac1da0a3e5e9cf278cba55ffb,1617.22,63.71,6.446378684,55000,55000
2d34c1e348bb25dac1da0a3e5e9cf278cba55ffb,1624.24,63.77,6.467096997,54000,54000
2d34c1e348bb25dac1da0a3e5e9cf278cba55ffb,1604.50,63.17,6.392817006,55000,55000
2d34c1e348bb25dac1da0a3e5e9cf278cba55ffb,1619.44,64.15,6.438134801,54000,54000
2d34c1e348bb25dac1da0a3e5e9cf278cba55ffb,1610.03,63.76,6.404338481,54000,55000
2d34c1e348bb25dac1da0a3e5e9cf278cba55ffb,1605.79,63.64,6.402824767,55000,54000
2d34c1e348bb25dac1da0a3e5e9cf278cba55ffb,1642.44,64.96,6.538590867,54000,54000
2d34c1e348bb25dac1da0a3e5e9cf278cba55ffb,1648.87,65.28,6.562454643,54000,55000
2d34c1e348bb25dac1da0a3e5e9cf278cba55ffb,1628.31,64.47,6.476424789,55000,54000
2d34c1e348bb25dac1da0a3e5e9cf278cba55ffb,1606.60,63.74,6.392961193,55000,54000
2d34c1e348bb25dac1da0a3e5e9cf278cba55ffb,1635.38,65.13,6.501433878,54000,54000
2d34c1e348bb25dac1da0a3e5e9cf278cba55ffb,1614.72,63.87,6.421328624,55000,54000
2d34c1e348bb25dac1da0a3e5e9cf278cba55ffb,1629.31,64.51,6.511153354,54000,54000
2d34c1e348bb25dac1da0a3e5e9cf278cba55ffb,1611.62,63.69,6.420955425,54000,55000
2d34c1e348bb25dac1da0a3e5e9cf278cba55ffb,1641.39,64.93,6.542882888,54000,54000
2d34c1e348bb25dac1da0a3e5e9cf278cba55ffb,1612.29,63.69,6.417926584,54000,54000
2d34c1e348bb25dac1da0a3e5e9cf278cba55ffb,1645.93,65.05,6.558976209,54000,55000
2d34c1e348bb25dac1da0a3e5e9cf278cba55ffb,1629.65,64.65,6.481138381,54000,54000
2d34c1e348bb25dac1da0a3e5e9cf278cba55ffb,1632.87,64.59,6.519244966,54000,54000
76866403afa2c89523c24e7bde4e2799f61f9e24,1624.90,64.74,6.476711614,57000,56000
76866403afa2c89523c24e7bde4e2799f61f9e24,1629.48,64.36,6.480047586,55000,54000
76866403afa2c89523c24e7bde4e2799f61f9e24,1604.23,63.33,6.376470557,55000,55000
76866403afa2c89523c24e7bde4e2799f61f9e24,1600.24,63.41,6.369766881,55000,54000
76866403afa2c89523c24e7bde4e2799f61f9e24,1613.71,63.50,6.431686602,54000,55000
76866403afa2c89523c24e7bde4e2799f61f9e24,1629.33,64.48,6.480394383,54000,54000
76866403afa2c89523c24e7bde4e2799f61f9e24,1616.50,64.16,6.446769251,54000,54000
76866403afa2c89523c24e7bde4e2799f61f9e24,1605.37,63.36,6.391927818,54000,55000
76866403afa2c89523c24e7bde4e2799f61f9e24,1623.10,64.07,6.461903693,54000,55000
76866403afa2c89523c24e7bde4e2799f61f9e24,1619.54,63.67,6.446569305,55000,55000
76866403afa2c89523c24e7bde4e2799f61f9e24,1603.47,63.25,6.376792081,54000,54000
76866403afa2c89523c24e7bde4e2799f61f9e24,1610.11,63.40,6.408303418,54000,54000
76866403afa2c89523c24e7bde4e2799f61f9e24,1618.43,64.02,6.445648834,54000,54000
76866403afa2c89523c24e7bde4e2799f61f9e24,1591.19,62.65,6.339784264,54000,54000
76866403afa2c89523c24e7bde4e2799f61f9e24,1613.14,63.78,6.429071210,54000,54000
76866403afa2c89523c24e7bde4e2799f61f9e24,1599.34,63.21,6.381010846,54000,54000
76866403afa2c89523c24e7bde4e2799f61f9e24,1600.20,63.46,6.359360964,54000,54000
76866403afa2c89523c24e7bde4e2799f61f9e24,1603.20,63.01,6.391097682,54000,55000
76866403afa2c89523c24e7bde4e2799f61f9e24,1622.71,64.11,6.455751154,54000,54000
76866403afa2c89523c24e7bde4e2799f61f9e24,1604.30,63.55,6.389370030,54000,54000
76866403afa2c89523c24e7bde4e2799f61f9e24,1619.30,64.08,6.455888598,54000,54000
76866403afa2c89523c24e7bde4e2799f61f9e24,1651.21,65.61,6.565563669,55000,55000
76866403afa2c89523c24e7bde4e2799f61f9e24,1610.00,64.17,6.397817228,54000,54000
76866403afa2c89523c24e7bde4e2799f61f9e24,1604.10,63.37,6.391885333,54000,54000
76866403afa2c89523c24e7bde4e2799f61f9e24,1635.62,64.63,6.526720242,54000,54000
76866403afa2c89523c24e7bde4e2799f61f9e24,1632.90,64.61,6.492630299,53000,54000
76866403afa2c89523c24e7bde4e2799f61f9e24,1628.73,64.65,6.488551730,54000,54000
76866403afa2c89523c24e7bde4e2799f61f9e24,1601.69,63.09,6.384654322,54000,54000
76866403afa2c89523c24e7bde4e2799f61f9e24,1602.88,63.20,6.381658982,54000,54000
76866403afa2c89523c24e7bde4e2799f61f9e24,1617.90,64.10,6.441305597,54000,54000
fa5de08ae250728c6c30910ca0089257fc506811,1618.34,63.65,6.452432583,54000,55000
fa5de08ae250728c6c30910ca0089257fc506811,1617.61,64.07,6.435702015,55000,54000
fa5de08ae250728c6c30910ca0089257fc506811,1636.23,64.64,6.513300230,54000,55000
fa5de08ae250728c6c30910ca0089257fc506811,1630.23,64.22,6.487319393,55000,55000
fa5de08ae250728c6c30910ca0089257fc506811,1613.40,63.64,6.424616051,54000,54000
fa5de08ae250728c6c30910ca0089257fc506811,1603.08,63.24,6.387697366,54000,54000
fa5de08ae250728c6c30910ca0089257fc506811,1621.11,63.92,6.454693507,54000,55000
fa5de08ae250728c6c30910ca0089257fc506811,1610.57,63.51,6.415177929,55000,54000
fa5de08ae250728c6c30910ca0089257fc506811,1615.92,63.60,6.439328596,54000,54000
fa5de08ae250728c6c30910ca0089257fc506811,1620.76,63.73,6.456095196,55000,56000
fa5de08ae250728c6c30910ca0089257fc506811,1631.06,64.55,6.506677436,55000,55000
fa5de08ae250728c6c30910ca0089257fc506811,1603.68,63.14,6.389171191,55000,54000
fa5de08ae250728c6c30910ca0089257fc506811,1608.37,63.08,6.426343457,54000,54000
fa5de08ae250728c6c30910ca0089257fc506811,1615.07,63.82,6.431974353,54000,55000
fa5de08ae250728c6c30910ca0089257fc506811,1627.20,64.19,6.478147704,54000,54000
fa5de08ae250728c6c30910ca0089257fc506811,1613.90,63.38,6.420261733,54000,55000
fa5de08ae250728c6c30910ca0089257fc506811,1619.45,63.65,6.453226611,55000,55000
fa5de08ae250728c6c30910ca0089257fc506811,1595.31,63.11,6.351114583,54000,54000
fa5de08ae250728c6c30910ca0089257fc506811,1599.77,63.15,6.373406301,54000,54000
fa5de08ae250728c6c30910ca0089257fc506811,1614.20,63.51,6.449156410,55000,55000
fa5de08ae250728c6c30910ca0089257fc506811,1593.65,62.93,6.357517653,54000,54000
fa5de08ae250728c6c30910ca0089257fc506811,1612.66,63.62,6.417285606,56000,55000
fa5de08ae250728c6c30910ca0089257fc506811,1598.11,62.87,6.370651615,53000,54000
fa5de08ae250728c6c30910ca0089257fc506811,1605.37,63.48,6.398919240,54000,54000
fa5de08ae250728c6c30910ca0089257fc506811,1604.64,63.48,6.389771599,54000,54000
fa5de08ae250728c6c30910ca0089257fc506811,1612.71,63.54,6.418525226,54000,54000
fa5de08ae250728c6c30910ca0089257fc506811,1615.46,64.14,6.429692304,55000,54000
fa5de08ae250728c6c30910ca0089257fc506811,1616.68,64.05,6.438441862,54000,54000
fa5de08ae250728c6c30910ca0089257fc506811,1615.70,64.02,6.430220243,54000,54000
fa5de08ae250728c6c30910ca0089257fc506811,1645.15,64.65,6.561149839,54000,54000
a58debdc9b07eba1226d181bca4fdb11991bd020,1650.26,65.89,6.559730931,56000,56000
a58debdc9b07eba1226d181bca4fdb11991bd020,1648.41,65.83,6.546229834,55000,55000
a58debdc9b07eba1226d181bca4fdb11991bd020,1632.77,64.95,6.499991239,55000,54000
a58debdc9b07eba1226d181bca4fdb11991bd020,1646.68,65.43,6.542066620,54000,54000
a58debdc9b07eba1226d181bca4fdb11991bd020,1636.98,64.74,6.520286150,55000,54000
a58debdc9b07eba1226d181bca4fdb11991bd020,1625.73,64.08,6.468855311,54000,54000
a58debdc9b07eba1226d181bca4fdb11991bd020,1625.15,64.22,6.462075766,55000,55000
a58debdc9b07eba1226d181bca4fdb11991bd020,1616.50,63.56,6.435232937,54000,54000
a58debdc9b07eba1226d181bca4fdb11991bd020,1632.18,64.59,6.492099746,54000,54000
a58debdc9b07eba1226d181bca4fdb11991bd020,1632.35,64.48,6.494007875,54000,55000
a58debdc9b07eba1226d181bca4fdb11991bd020,1624.86,64.37,6.469897472,54000,54000
a58debdc9b07eba1226d181bca4fdb11991bd020,1637.05,64.59,6.511213412,54000,54000
a58debdc9b07eba1226d181bca4fdb11991bd020,1637.72,64.53,6.515335075,54000,54000
a58debdc9b07eba1226d181bca4fdb11991bd020,1633.38,64.66,6.490472677,54000,54000
a58debdc9b07eba1226d181bca4fdb11991bd020,1625.60,64.03,6.470887540,54000,54000
a58debdc9b07eba1226d181bca4fdb11991bd020,1613.43,63.57,6.412212159,54000,54000
a58debdc9b07eba1226d181bca4fdb11991bd020,1615.90,64.11,6.440742521,55000,54000
a58debdc9b07eba1226d181bca4fdb11991bd020,1654.61,65.54,6.589880772,55000,54000
a58debdc9b07eba1226d181bca4fdb11991bd020,1627.63,64.78,6.472307880,54000,54000
a58debdc9b07eba1226d181bca4fdb11991bd020,1615.32,63.94,6.428684752,55000,55000
a58debdc9b07eba1226d181bca4fdb11991bd020,1652.49,65.81,6.561911021,54000,55000
a58debdc9b07eba1226d181bca4fdb11991bd020,1647.36,65.47,6.546203312,54000,53000
a58debdc9b07eba1226d181bca4fdb11991bd020,1640.67,65.21,6.521037476,53000,54000
a58debdc9b07eba1226d181bca4fdb11991bd020,1655.82,65.72,6.601551317,54000,54000
a58debdc9b07eba1226d181bca4fdb11991bd020,1625.31,64.38,6.469894726,54000,54000
a58debdc9b07eba1226d181bca4fdb11991bd020,1645.36,64.90,6.557562040,54000,54000
a58debdc9b07eba1226d181bca4fdb11991bd020,1660.54,65.78,6.597180214,54000,54000
a58debdc9b07eba1226d181bca4fdb11991bd020,1619.06,63.61,6.449776436,54000,54000
a58debdc9b07eba1226d181bca4fdb11991bd020,1654.93,65.77,6.575601548,54000,54000
a58debdc9b07eba1226d181bca4fdb11991bd020,1630.30,64.54,6.496029844,54000,53000
5c064b1e3dd94b5d44496719729719171b74507b,1633.43,64.43,6.537828130,56000,55000
5c064b1e3dd94b5d44496719729719171b74507b,1614.37,64.01,6.442047691,56000,56000
5c064b1e3dd94b5d44496719729719171b74507b,1602.68,63.35,6.387308267,56000,55000
5c064b1e3dd94b5d44496719729719171b74507b,1616.03,63.87,6.435432889,55000,55000
5c064b1e3dd94b5d44496719729719171b74507b,1634.27,64.97,6.500878662,55000,55000
5c064b1e3dd94b5d44496719729719171b74507b,1607.79,63.55,6.410150250,55000,55000
5c064b1e3dd94b5d44496719729719171b74507b,1624.14,64.30,6.482900554,54000,54000
5c064b1e3dd94b5d44496719729719171b74507b,1608.99,63.46,6.424792036,54000,54000
5c064b1e3dd94b5d44496719729719171b74507b,1612.92,63.37,6.421785726,54000,54000
5c064b1e3dd94b5d44496719729719171b74507b,1636.00,64.55,6.507507652,54000,54000
5c064b1e3dd94b5d44496719729719171b74507b,1629.14,64.33,6.486303601,54000,55000
5c064b1e3dd94b5d44496719729719171b74507b,1605.18,63.12,6.383610333,54000,55000
5c064b1e3dd94b5d44496719729719171b74507b,1617.53,64.02,6.436055948,54000,56000
5c064b1e3dd94b5d44496719729719171b74507b,1623.19,64.18,6.463583680,55000,55000
5c064b1e3dd94b5d44496719729719171b74507b,1627.14,64.54,6.487892286,55000,54000
5c064b1e3dd94b5d44496719729719171b74507b,1635.26,64.90,6.526004045,54000,55000
5c064b1e3dd94b5d44496719729719171b74507b,1634.76,64.51,6.524860103,54000,54000
5c064b1e3dd94b5d44496719729719171b74507b,1635.81,64.54,6.524508448,54000,54000
5c064b1e3dd94b5d44496719729719171b74507b,1635.42,64.17,6.526932638,54000,54000
5c064b1e3dd94b5d44496719729719171b74507b,1632.95,64.32,6.520994234,54000,54000
5c064b1e3dd94b5d44496719729719171b74507b,1628.95,64.33,6.479530594,54000,54000
5c064b1e3dd94b5d44496719729719171b74507b,1609.29,63.28,6.403029251,54000,54000
5c064b1e3dd94b5d44496719729719171b74507b,1620.98,63.95,6.451626232,54000,55000
5c064b1e3dd94b5d44496719729719171b74507b,1617.45,63.85,6.454236879,55000,54000
5c064b1e3dd94b5d44496719729719171b74507b,1614.21,63.68,6.456092902,54000,55000
5c064b1e3dd94b5d44496719729719171b74507b,1624.58,64.09,6.464792339,56000,56000
5c064b1e3dd94b5d44496719729719171b74507b,1627.60,64.44,6.483299279,55000,55000
5c064b1e3dd94b5d44496719729719171b74507b,1601.87,63.12,6.382734306,54000,55000
5c064b1e3dd94b5d44496719729719171b74507b,1620.50,63.89,6.447058384,54000,54000
5c064b1e3dd94b5d44496719729719171b74507b,1617.86,63.73,6.435174070,55000,54000
0b205f61ed5b987405ca7e574bd775a1fb491ee5,1629.18,64.33,6.483523395,56000,55000
0b205f61ed5b987405ca7e574bd775a1fb491ee5,1629.35,64.61,6.482591758,56000,56000
0b205f61ed5b987405ca7e574bd775a1fb491ee5,1646.48,65.23,6.556747117,54000,55000
0b205f61ed5b987405ca7e574bd775a1fb491ee5,1623.69,64.20,6.462195289,54000,54000
0b205f61ed5b987405ca7e574bd775a1fb491ee5,1636.33,64.73,6.515512945,54000,54000
0b205f61ed5b987405ca7e574bd775a1fb491ee5,1629.13,64.38,6.482562119,54000,54000
0b205f61ed5b987405ca7e574bd775a1fb491ee5,1624.62,64.59,6.453272709,54000,55000
0b205f61ed5b987405ca7e574bd775a1fb491ee5,1615.38,64.03,6.423048360,54000,54000
0b205f61ed5b987405ca7e574bd775a1fb491ee5,1645.76,64.95,6.549913658,55000,54000
0b205f61ed5b987405ca7e574bd775a1fb491ee5,1624.22,64.43,6.446867116,54000,54000
0b205f61ed5b987405ca7e574bd775a1fb491ee5,1640.75,64.95,6.515066165,54000,54000
0b205f61ed5b987405ca7e574bd775a1fb491ee5,1631.73,64.66,6.476643491,54000,54000
0b205f61ed5b987405ca7e574bd775a1fb491ee5,1622.42,64.37,6.434082727,55000,55000
0b205f61ed5b987405ca7e574bd775a1fb491ee5,1636.12,64.88,6.496893683,55000,54000
0b205f61ed5b987405ca7e574bd775a1fb491ee5,1632.86,64.70,6.493469819,55000,54000
0b205f61ed5b987405ca7e574bd775a1fb491ee5,1628.98,64.54,6.468186144,55000,54000
0b205f61ed5b987405ca7e574bd775a1fb491ee5,1630.44,64.89,6.484711367,55000,55000
0b205f61ed5b987405ca7e574bd775a1fb491ee5,1658.21,65.54,6.600615726,54000,55000
0b205f61ed5b987405ca7e574bd775a1fb491ee5,1623.50,64.37,6.461913796,54000,54000
0b205f61ed5b987405ca7e574bd775a1fb491ee5,1635.45,64.57,6.508272729,55000,54000
0b205f61ed5b987405ca7e574bd775a1fb491ee5,1621.99,64.33,6.447994383,55000,55000
0b205f61ed5b987405ca7e574bd775a1fb491ee5,1625.12,64.03,6.470482423,54000,54000
0b205f61ed5b987405ca7e574bd775a1fb491ee5,1609.20,63.52,6.406440863,54000,55000
0b205f61ed5b987405ca7e574bd775a1fb491ee5,1615.88,64.24,6.424168280,55000,55000
0b205f61ed5b987405ca7e574bd775a1fb491ee5,1621.18,64.23,6.452404775,55000,54000
0b205f61ed5b987405ca7e574bd775a1fb491ee5,1638.50,65.16,6.517347084,54000,54000
0b205f61ed5b987405ca7e574bd775a1fb491ee5,1630.46,64.54,6.482678772,54000,54000
0b205f61ed5b987405ca7e574bd775a1fb491ee5,1640.51,65.10,6.528677706,56000,54000
0b205f61ed5b987405ca7e574bd775a1fb491ee5,1626.39,64.53,6.469971318,54000,54000
0b205f61ed5b987405ca7e574bd775a1fb491ee5,1635.81,64.97,6.501732271,55000,54000
0b64e77d3047ad3ef9b24393b1823c616fc74139,1624.76,64.42,6.464337406,56000,55000
0b64e77d3047ad3ef9b24393b1823c616fc74139,1619.68,63.91,6.452218765,55000,55000
0b64e77d3047ad3ef9b24393b1823c616fc74139,1625.01,64.70,6.471205618,56000,55000
0b64e77d3047ad3ef9b24393b1823c616fc74139,1608.78,63.38,6.424530025,54000,55000
0b64e77d3047ad3ef9b24393b1823c616fc74139,1620.31,63.83,6.436984608,55000,54000
0b64e77d3047ad3ef9b24393b1823c616fc74139,1614.19,63.52,6.425034645,55000,54000
0b64e77d3047ad3ef9b24393b1823c616fc74139,1636.17,64.75,6.520502707,54000,54000
0b64e77d3047ad3ef9b24393b1823c616fc74139,1629.51,63.86,6.482857363,54000,55000
0b64e77d3047ad3ef9b24393b1823c616fc74139,1626.77,64.17,6.476611831,55000,54000
0b64e77d3047ad3ef9b24393b1823c616fc74139,1625.19,64.47,6.455036213,54000,54000
0b64e77d3047ad3ef9b24393b1823c616fc74139,1633.22,64.46,6.489573684,54000,54000
0b64e77d3047ad3ef9b24393b1823c616fc74139,1629.03,64.54,6.465886934,54000,56000
0b64e77d3047ad3ef9b24393b1823c616fc74139,1642.35,64.85,6.523134645,54000,54000
0b64e77d3047ad3ef9b24393b1823c616fc74139,1629.19,64.45,6.473902530,56000,54000
0b64e77d3047ad3ef9b24393b1823c616fc74139,1626.86,64.60,6.471924527,55000,54000
0b64e77d3047ad3ef9b24393b1823c616fc74139,1630.36,64.28,6.503291132,55000,54000
0b64e77d3047ad3ef9b24393b1823c616fc74139,1616.47,64.06,6.430437481,54000,54000
0b64e77d3047ad3ef9b24393b1823c616fc74139,1608.29,63.25,6.409132261,54000,55000
0b64e77d3047ad3ef9b24393b1823c616fc74139,1636.38,64.93,6.504742496,55000,54000
0b64e77d3047ad3ef9b24393b1823c616fc74139,1622.15,63.97,6.458496143,55000,54000
0b64e77d3047ad3ef9b24393b1823c616fc74139,1630.44,64.31,6.487552248,54000,55000
0b64e77d3047ad3ef9b24393b1823c616fc74139,1628.50,64.24,6.482432905,54000,55000
0b64e77d3047ad3ef9b24393b1823c616fc74139,1623.56,63.86,6.473115083,55000,55000
0b64e77d3047ad3ef9b24393b1823c616fc74139,1632.59,64.84,6.500675339,54000,54000
0b64e77d3047ad3ef9b24393b1823c616fc74139,1616.88,63.97,6.432953555,54000,54000
0b64e77d3047ad3ef9b24393b1823c616fc74139,1617.88,63.75,6.443685453,54000,55000
0b64e77d3047ad3ef9b24393b1823c616fc74139,1608.55,63.55,6.408606080,54000,54000
0b64e77d3047ad3ef9b24393b1823c616fc74139,1638.69,64.76,6.501294133,54000,54000
0b64e77d3047ad3ef9b24393b1823c616fc74139,1632.34,64.81,6.495605638,54000,54000
0b64e77d3047ad3ef9b24393b1823c616fc74139,1628.38,64.32,6.479729734,54000,54000
c9622fe0aa69ebd69de8e548574801946bdb97a5,1612.58,63.65,6.433066134,56000,55000
c9622fe0aa69ebd69de8e548574801946bdb97a5,1618.48,64.08,6.448176289,54000,54000
c9622fe0aa69ebd69de8e548574801946bdb97a5,1625.30,63.93,6.482290027,54000,54000
c9622fe0aa69ebd69de8e548574801946bdb97a5,1649.58,64.97,6.573932112,55000,54000
c9622fe0aa69ebd69de8e548574801946bdb97a5,1602.88,62.85,6.387719625,54000,54000
c9622fe0aa69ebd69de8e548574801946bdb97a5,1630.66,64.38,6.491417342,55000,54000
c9622fe0aa69ebd69de8e548574801946bdb97a5,1644.02,64.84,6.536863406,55000,54000
c9622fe0aa69ebd69de8e548574801946bdb97a5,1610.95,63.60,6.418885112,54000,55000
c9622fe0aa69ebd69de8e548574801946bdb97a5,1612.27,63.61,6.434886406,54000,55000
c9622fe0aa69ebd69de8e548574801946bdb97a5,1639.51,64.52,6.549373345,55000,54000
c9622fe0aa69ebd69de8e548574801946bdb97a5,1639.01,64.43,6.543381912,54000,54000
c9622fe0aa69ebd69de8e548574801946bdb97a5,1609.52,63.24,6.413096097,55000,54000
c9622fe0aa69ebd69de8e548574801946bdb97a5,1609.08,63.54,6.411181411,54000,54000
c9622fe0aa69ebd69de8e548574801946bdb97a5,1611.04,63.62,6.405821436,54000,55000
c9622fe0aa69ebd69de8e548574801946bdb97a5,1606.72,63.23,6.415406803,55000,55000
c9622fe0aa69ebd69de8e548574801946bdb97a5,1596.41,62.84,6.369343582,54000,55000
c9622fe0aa69ebd69de8e548574801946bdb97a5,1627.48,64.32,6.475411182,54000,55000
c9622fe0aa69ebd69de8e548574801946bdb97a5,1624.49,63.87,6.464470477,54000,54000
c9622fe0aa69ebd69de8e548574801946bdb97a5,1610.51,63.53,6.404244363,54000,55000
c9622fe0aa69ebd69de8e548574801946bdb97a5,1624.77,64.03,6.465200224,54000,54000
c9622fe0aa69ebd69de8e548574801946bdb97a5,1611.96,63.40,6.422480793,54000,54000
c9622fe0aa69ebd69de8e548574801946bdb97a5,1626.58,63.99,6.483088655,54000,54000
c9622fe0aa69ebd69de8e548574801946bdb97a5,1607.52,63.22,6.401926668,54000,54000
c9622fe0aa69ebd69de8e548574801946bdb97a5,1606.80,63.30,6.401177853,54000,54000
c9622fe0aa69ebd69de8e548574801946bdb97a5,1619.91,63.79,6.437573837,54000,55000
c9622fe0aa69ebd69de8e548574801946bdb97a5,1630.53,64.02,6.498137252,54000,54000
c9622fe0aa69ebd69de8e548574801946bdb97a5,1656.91,65.93,6.604740249,54000,54000
c9622fe0aa69ebd69de8e548574801946bdb97a5,1617.28,63.88,6.445169217,55000,54000
c9622fe0aa69ebd69de8e548574801946bdb97a5,1615.02,63.67,6.442196842,54000,54000
c9622fe0aa69ebd69de8e548574801946bdb97a5,1603.39,63.14,6.390760606,54000,54000
bf2e1402ce85e0b5ae6e31366177786b257a4fc1,1627.83,64.24,6.481981263,55000,55000
bf2e1402ce85e0b5ae6e31366177786b257a4fc1,1637.54,64.60,6.510110261,54000,54000
bf2e1402ce85e0b5ae6e31366177786b257a4fc1,1622.18,64.03,6.445209412,54000,55000
bf2e1402ce85e0b5ae6e31366177786b257a4fc1,1613.65,63.57,6.423199898,56000,55000
bf2e1402ce85e0b5ae6e31366177786b257a4fc1,1631.96,64.94,6.478129646,54000,54000
bf2e1402ce85e0b5ae6e31366177786b257a4fc1,1622.94,64.38,6.456492947,54000,54000
bf2e1402ce85e0b5ae6e31366177786b257a4fc1,1628.86,64.64,6.475756380,56000,54000
bf2e1402ce85e0b5ae6e31366177786b257a4fc1,1635.61,64.43,6.494851885,54000,54000
bf2e1402ce85e0b5ae6e31366177786b257a4fc1,1626.63,64.20,6.462597622,54000,54000
bf2e1402ce85e0b5ae6e31366177786b257a4fc1,1629.28,64.75,6.477098389,55000,54000
bf2e1402ce85e0b5ae6e31366177786b257a4fc1,1678.12,66.27,6.676760003,54000,55000
bf2e1402ce85e0b5ae6e31366177786b257a4fc1,1620.92,64.24,6.452407026,54000,55000
bf2e1402ce85e0b5ae6e31366177786b257a4fc1,1639.93,65.20,6.520158575,54000,55000
bf2e1402ce85e0b5ae6e31366177786b257a4fc1,1639.84,65.18,6.534881101,54000,54000
bf2e1402ce85e0b5ae6e31366177786b257a4fc1,1625.52,64.20,6.459477735,54000,54000
bf2e1402ce85e0b5ae6e31366177786b257a4fc1,1636.86,64.54,6.517601635,55000,55000
bf2e1402ce85e0b5ae6e31366177786b257a4fc1,1637.48,64.68,6.518331578,56000,54000
bf2e1402ce85e0b5ae6e31366177786b257a4fc1,1632.32,64.35,6.492077092,55000,54000
bf2e1402ce85e0b5ae6e31366177786b257a4fc1,1638.47,64.95,6.517144279,55000,54000
bf2e1402ce85e0b5ae6e31366177786b257a4fc1,1637.92,64.88,6.523408408,54000,54000
bf2e1402ce85e0b5ae6e31366177786b257a4fc1,1647.44,65.52,6.541396134,54000,54000
bf2e1402ce85e0b5ae6e31366177786b257a4fc1,1620.97,64.29,6.455460945,54000,54000
bf2e1402ce85e0b5ae6e31366177786b257a4fc1,1636.69,64.92,6.507002290,55000,55000
bf2e1402ce85e0b5ae6e31366177786b257a4fc1,1628.12,64.19,6.473921688,54000,55000
bf2e1402ce85e0b5ae6e31366177786b257a4fc1,1636.71,64.72,6.509109589,54000,55000
bf2e1402ce85e0b5ae6e31366177786b257a4fc1,1641.21,64.76,6.546410046,54000,55000
bf2e1402ce85e0b5ae6e31366177786b257a4fc1,1624.66,64.44,6.466483710,54000,54000
bf2e1402ce85e0b5ae6e31366177786b257a4fc1,1661.43,65.86,6.603614857,54000,54000
bf2e1402ce85e0b5ae6e31366177786b257a4fc1,1617.95,64.01,6.444288149,55000,55000
bf2e1402ce85e0b5ae6e31366177786b257a4fc1,1626.82,64.22,6.482351422,54000,54000
5d30a8f23959602f4475a1f74165f06dcc69865e,1625.70,64.32,6.467490251,55000,56000
5d30a8f23959602f4475a1f74165f06dcc69865e,1639.86,64.80,6.532820759,56000,55000
5d30a8f23959602f4475a1f74165f06dcc69865e,1623.16,64.23,6.462035546,56000,56000
5d30a8f23959602f4475a1f74165f06dcc69865e,1648.42,65.43,6.562543323,54000,55000
5d30a8f23959602f4475a1f74165f06dcc69865e,1616.03,63.64,6.438227878,54000,55000
5d30a8f23959602f4475a1f74165f06dcc69865e,1622.46,64.49,6.455417253,54000,54000
5d30a8f23959602f4475a1f74165f06dcc69865e,1637.45,64.57,6.505095202,54000,54000
5d30a8f23959602f4475a1f74165f06dcc69865e,1641.13,64.57,6.544487197,55000,54000
5d30a8f23959602f4475a1f74165f06dcc69865e,1613.70,63.61,6.412843928,54000,54000
5d30a8f23959602f4475a1f74165f06dcc69865e,1641.28,64.78,6.520317266,54000,54000
5d30a8f23959602f4475a1f74165f06dcc69865e,1637.41,65.16,6.498369590,54000,55000
5d30a8f23959602f4475a1f74165f06dcc69865e,1627.82,64.29,6.460348314,55000,55000
5d30a8f23959602f4475a1f74165f06dcc69865e,1632.00,64.53,6.474466273,54000,55000
5d30a8f23959602f4475a1f74165f06dcc69865e,1631.32,64.39,6.484075680,55000,55000
5d30a8f23959602f4475a1f74165f06dcc69865e,1653.50,65.42,6.557338954,54000,54000
5d30a8f23959602f4475a1f74165f06dcc69865e,1656.50,65.53,6.578020186,55000,55000
5d30a8f23959602f4475a1f74165f06dcc69865e,1620.48,63.73,6.440472538,54000,55000
5d30a8f23959602f4475a1f74165f06dcc69865e,1622.22,64.10,6.449057567,55000,54000
5d30a8f23959602f4475a1f74165f06dcc69865e,1630.78,64.54,6.488369512,54000,54000
5d30a8f23959602f4475a1f74165f06dcc69865e,1646.10,65.15,6.554354869,55000,54000
5d30a8f23959602f4475a1f74165f06dcc69865e,1638.15,64.68,6.516310633,54000,54000
5d30a8f23959602f4475a1f74165f06dcc69865e,1651.85,65.38,6.575204755,54000,54000
5d30a8f23959602f4475a1f74165f06dcc69865e,1627.51,64.05,6.473810311,56000,54000
5d30a8f23959602f4475a1f74165f06dcc69865e,1631.31,64.93,6.473753355,54000,54000
5d30a8f23959602f4475a1f74165f06dcc69865e,1642.88,65.22,6.526685321,54000,54000
5d30a8f23959602f4475a1f74165f06dcc69865e,1667.48,65.93,6.624289554,54000,54000
5d30a8f23959602f4475a1f74165f06dcc69865e,1665.46,65.73,6.624319351,54000,54000
5d30a8f23959602f4475a1f74165f06dcc69865e,1624.85,64.65,6.445721641,54000,54000
5d30a8f23959602f4475a1f74165f06dcc69865e,1626.52,64.21,6.477124943,54000,54000
5d30a8f23959602f4475a1f74165f06dcc69865e,1626.76,64.33,6.467899492,54000,54000
099fcf7c92e122f9a4adc1c1ab0dfe0a3b05a9d1,1623.02,64.44,6.469528629,55000,55000
099fcf7c92e122f9a4adc1c1ab0dfe0a3b05a9d1,1608.13,63.57,6.412534562,54000,56000
099fcf7c92e122f9a4adc1c1ab0dfe0a3b05a9d1,1610.36,63.39,6.419489007,54000,56000
099fcf7c92e122f9a4adc1c1ab0dfe0a3b05a9d1,1651.10,65.27,6.584896663,56000,54000
099fcf7c92e122f9a4adc1c1ab0dfe0a3b05a9d1,1619.29,64.26,6.432409080,54000,55000
099fcf7c92e122f9a4adc1c1ab0dfe0a3b05a9d1,1645.97,65.16,6.545744096,55000,54000
099fcf7c92e122f9a4adc1c1ab0dfe0a3b05a9d1,1624.26,64.27,6.461137348,54000,54000
099fcf7c92e122f9a4adc1c1ab0dfe0a3b05a9d1,1660.64,65.75,6.603107027,54000,55000
099fcf7c92e122f9a4adc1c1ab0dfe0a3b05a9d1,1602.09,63.15,6.377842445,54000,55000
099fcf7c92e122f9a4adc1c1ab0dfe0a3b05a9d1,1622.25,64.36,6.458611821,55000,54000
099fcf7c92e122f9a4adc1c1ab0dfe0a3b05a9d1,1651.36,65.49,6.572558323,54000,55000
099fcf7c92e122f9a4adc1c1ab0dfe0a3b05a9d1,1646.60,65.09,6.551561582,54000,54000
099fcf7c92e122f9a4adc1c1ab0dfe0a3b05a9d1,1633.51,64.96,6.486594905,55000,54000
099fcf7c92e122f9a4adc1c1ab0dfe0a3b05a9d1,1634.29,64.70,6.501241391,55000,56000
099fcf7c92e122f9a4adc1c1ab0dfe0a3b05a9d1,1617.01,63.99,6.436991544,55000,54000
099fcf7c92e122f9a4adc1c1ab0dfe0a3b05a9d1,1614.75,63.86,6.435040592,55000,55000
099fcf7c92e122f9a4adc1c1ab0dfe0a3b05a9d1,1643.10,65.51,6.542017074,54000,54000
099fcf7c92e122f9a4adc1c1ab0dfe0a3b05a9d1,1630.41,64.51,6.505576663,54000,54000
099fcf7c92e122f9a4adc1c1ab0dfe0a3b05a9d1,1625.23,64.33,6.460953647,54000,54000
099fcf7c92e122f9a4adc1c1ab0dfe0a3b05a9d1,1632.95,64.57,6.494789938,55000,54000
099fcf7c92e122f9a4adc1c1ab0dfe0a3b05a9d1,1617.03,63.41,6.443766631,55000,55000
099fcf7c92e122f9a4adc1c1ab0dfe0a3b05a9d1,1637.61,64.77,6.510725093,55000,54000
099fcf7c92e122f9a4adc1c1ab0dfe0a3b05a9d1,1618.03,63.70,6.449151666,55000,56000
099fcf7c92e122f9a4adc1c1ab0dfe0a3b05a9d1,1605.71,63.47,6.399831745,54000,55000
099fcf7c92e122f9a4adc1c1ab0dfe0a3b05a9d1,1658.30,65.52,6.606198814,55000,55000
099fcf7c92e122f9a4adc1c1ab0dfe0a3b05a9d1,1612.85,63.41,6.419179062,55000,54000
099fcf7c92e122f9a4adc1c1ab0dfe0a3b05a9d1,1639.84,64.76,6.518064953,55000,54000
099fcf7c92e122f9a4adc1c1ab0dfe0a3b05a9d1,1621.72,63.94,6.465124872,54000,54000
099fcf7c92e122f9a4adc1c1ab0dfe0a3b05a9d1,1629.29,64.49,6.482120558,54000,54000
099fcf7c92e122f9a4adc1c1ab0dfe0a3b05a9d1,1611.85,63.54,6.430311606,54000,54000
31d3053f2662864bc7c7a526033a6dd71d8dcd4a,1609.73,63.77,6.414115501,55000,56000
31d3053f2662864bc7c7a526033a6dd71d8dcd4a,1637.36,64.70,6.540099620,56000,56000
31d3053f2662864bc7c7a526033a6dd71d8dcd4a,1625.52,64.27,6.492905574,54000,54000
31d3053f2662864bc7c7a526033a6dd71d8dcd4a,1634.78,64.13,6.508960280,54000,54000
31d3053f2662864bc7c7a526033a6dd71d8dcd4a,1617.81,63.71,6.436234606,54000,55000
31d3053f2662864bc7c7a526033a6dd71d8dcd4a,1604.65,63.02,6.414725115,54000,54000
31d3053f2662864bc7c7a526033a6dd71d8dcd4a,1621.37,63.46,6.460885824,55000,55000
31d3053f2662864bc7c7a526033a6dd71d8dcd4a,1618.38,63.94,6.422174997,55000,54000
31d3053f2662864bc7c7a526033a6dd71d8dcd4a,1622.22,63.67,6.467242146,54000,54000
31d3053f2662864bc7c7a526033a6dd71d8dcd4a,1634.36,64.52,6.504935102,54000,56000
31d3053f2662864bc7c7a526033a6dd71d8dcd4a,1603.98,63.02,6.391231298,54000,54000
31d3053f2662864bc7c7a526033a6dd71d8dcd4a,1632.11,64.01,6.513060383,54000,54000
31d3053f2662864bc7c7a526033a6dd71d8dcd4a,1611.61,63.85,6.427069033,54000,54000
31d3053f2662864bc7c7a526033a6dd71d8dcd4a,1608.73,63.49,6.416752927,54000,54000
31d3053f2662864bc7c7a526033a6dd71d8dcd4a,1617.38,63.66,6.467150581,55000,54000
31d3053f2662864bc7c7a526033a6dd71d8dcd4a,1605.97,63.35,6.412758125,54000,55000
31d3053f2662864bc7c7a526033a6dd71d8dcd4a,1625.97,64.33,6.467194882,54000,54000
31d3053f2662864bc7c7a526033a6dd71d8dcd4a,1608.52,63.13,6.406873301,54000,55000
31d3053f2662864bc7c7a526033a6dd71d8dcd4a,1613.36,63.80,6.432890531,54000,55000
31d3053f2662864bc7c7a526033a6dd71d8dcd4a,1628.41,64.14,6.487335832,54000,54000
31d3053f2662864bc7c7a526033a6dd71d8dcd4a,1623.81,63.79,6.454294145,54000,55000
31d3053f2662864bc7c7a526033a6dd71d8dcd4a,1615.92,63.70,6.453078741,55000,54000
31d3053f2662864bc7c7a526033a6dd71d8dcd4a,1606.74,63.19,6.404157668,54000,54000
31d3053f2662864bc7c7a526033a6dd71d8dcd4a,1605.87,63.10,6.392889268,55000,54000
31d3053f2662864bc7c7a526033a6dd71d8dcd4a,1611.31,63.36,6.407079759,55000,54000
31d3053f2662864bc7c7a526033a6dd71d8dcd4a,1617.71,63.90,6.448554705,54000,54000
31d3053f2662864bc7c7a526033a6dd71d8dcd4a,1628.07,64.05,6.491019899,54000,55000
31d3053f2662864bc7c7a526033a6dd71d8dcd4a,1603.17,63.18,6.385550858,54000,55000
31d3053f2662864bc7c7a526033a6dd71d8dcd4a,1624.98,64.21,6.464845199,54000,54000
31d3053f2662864bc7c7a526033a6dd71d8dcd4a,1613.83,63.78,6.425997467,54000,54000
f8c5012c99b8f13872ad910bf15a15cdb6a868cb,1644.65,65.31,6.549992436,55000,55000
f8c5012c99b8f13872ad910bf15a15cdb6a868cb,1616.05,63.92,6.451790045,54000,54000
f8c5012c99b8f13872ad910bf15a15cdb6a868cb,1605.63,63.65,6.409769342,54000,54000
f8c5012c99b8f13872ad910bf15a15cdb6a868cb,1625.49,64.41,6.492361131,54000,54000
f8c5012c99b8f13872ad910bf15a15cdb6a868cb,1620.39,64.02,6.469598795,54000,55000
f8c5012c99b8f13872ad910bf15a15cdb6a868cb,1625.54,64.00,6.484666283,54000,55000
f8c5012c99b8f13872ad910bf15a15cdb6a868cb,1626.75,64.30,6.476897775,55000,54000
f8c5012c99b8f13872ad910bf15a15cdb6a868cb,1621.10,63.83,6.455789010,54000,55000
f8c5012c99b8f13872ad910bf15a15cdb6a868cb,1623.67,63.59,6.476774223,54000,55000
f8c5012c99b8f13872ad910bf15a15cdb6a868cb,1617.36,63.87,6.432850638,54000,54000
f8c5012c99b8f13872ad910bf15a15cdb6a868cb,1633.12,65.01,6.497507109,55000,54000
f8c5012c99b8f13872ad910bf15a15cdb6a868cb,1651.04,65.44,6.557654520,55000,54000
f8c5012c99b8f13872ad910bf15a15cdb6a868cb,1628.56,64.55,6.471003462,54000,55000
f8c5012c99b8f13872ad910bf15a15cdb6a868cb,1631.90,64.36,6.495237642,54000,54000
f8c5012c99b8f13872ad910bf15a15cdb6a868cb,1632.44,64.51,6.503771648,55000,55000
f8c5012c99b8f13872ad910bf15a15cdb6a868cb,1612.89,63.67,6.413103657,54000,54000
f8c5012c99b8f13872ad910bf15a15cdb6a868cb,1609.85,64.00,6.414967223,54000,54000
f8c5012c99b8f13872ad910bf15a15cdb6a868cb,1612.17,63.58,6.428162888,54000,54000
f8c5012c99b8f13872ad910bf15a15cdb6a868cb,1633.05,64.90,6.490301574,54000,54000
f8c5012c99b8f13872ad910bf15a15cdb6a868cb,1633.16,64.41,6.510303192,55000,55000
f8c5012c99b8f13872ad910bf15a15cdb6a868cb,1617.53,63.44,6.443866499,55000,55000
f8c5012c99b8f13872ad910bf15a15cdb6a868cb,1610.32,63.29,6.400574983,55000,55000
f8c5012c99b8f13872ad910bf15a15cdb6a868cb,1645.06,64.91,6.558350057,54000,55000
f8c5012c99b8f13872ad910bf15a15cdb6a868cb,1629.31,64.31,6.491093252,54000,54000
f8c5012c99b8f13872ad910bf15a15cdb6a868cb,1641.52,65.01,6.547384004,55000,54000
f8c5012c99b8f13872ad910bf15a15cdb6a868cb,1616.75,63.99,6.439616094,54000,56000
f8c5012c99b8f13872ad910bf15a15cdb6a868cb,1647.51,65.59,6.546316899,54000,54000
f8c5012c99b8f13872ad910bf15a15cdb6a868cb,1630.20,64.34,6.494871896,55000,55000
f8c5012c99b8f13872ad910bf15a15cdb6a868cb,1664.62,65.83,6.620931407,54000,54000
f8c5012c99b8f13872ad910bf15a15cdb6a868cb,1605.43,63.46,6.397878650,54000,55000
9a804336b0689ce18a4b18082f03db0bae0c4068,1617.08,63.59,6.476361407,56000,55000
9a804336b0689ce18a4b18082f03db0bae0c4068,1636.57,64.57,6.518306455,55000,55000
9a804336b0689ce18a4b18082f03db0bae0c4068,1613.59,63.68,6.424960673,56000,54000
9a804336b0689ce18a4b18082f03db0bae0c4068,1592.63,62.56,6.362290032,54000,54000
9a804336b0689ce18a4b18082f03db0bae0c4068,1608.67,63.29,6.410117607,54000,54000
9a804336b0689ce18a4b18082f03db0bae0c4068,1620.44,63.64,6.442264959,54000,55000
9a804336b0689ce18a4b18082f03db0bae0c4068,1609.71,63.03,6.412217447,54000,54000
9a804336b0689ce18a4b18082f03db0bae0c4068,1612.59,63.44,6.415597038,54000,54000
9a804336b0689ce18a4b18082f03db0bae0c4068,1596.66,62.56,6.363556397,54000,54000
9a804336b0689ce18a4b18082f03db0bae0c4068,1612.53,63.42,6.431021240,55000,55000
9a804336b0689ce18a4b18082f03db0bae0c4068,1615.42,63.70,6.426312225,54000,54000
9a804336b0689ce18a4b18082f03db0bae0c4068,1630.49,64.46,6.478883420,54000,54000
9a804336b0689ce18a4b18082f03db0bae0c4068,1635.86,64.11,6.510788933,54000,54000
9a804336b0689ce18a4b18082f03db0bae0c4068,1609.02,63.19,6.409645371,54000,54000
9a804336b0689ce18a4b18082f03db0bae0c4068,1617.46,63.84,6.433734106,55000,54000
9a804336b0689ce18a4b18082f03db0bae0c4068,1617.15,63.82,6.433797609,55000,55000
9a804336b0689ce18a4b18082f03db0bae0c4068,1653.84,65.63,6.562485920,55000,55000
9a804336b0689ce18a4b18082f03db0bae0c4068,1616.78,63.59,6.443414531,54000,54000
9a804336b0689ce18a4b18082f03db0bae0c4068,1609.42,62.96,6.417158622,55000,54000
9a804336b0689ce18a4b18082f03db0bae0c4068,1604.47,63.09,6.400736296,54000,54000
9a804336b0689ce18a4b18082f03db0bae0c4068,1615.63,63.34,6.441162001,55000,54000
9a804336b0689ce18a4b18082f03db0bae0c4068,1618.10,63.56,6.452487167,54000,55000
9a804336b0689ce18a4b18082f03db0bae0c4068,1621.57,63.54,6.459479159,55000,54000
9a804336b0689ce18a4b18082f03db0bae0c4068,1640.04,64.49,6.525447837,56000,56000
9a804336b0689ce18a4b18082f03db0bae0c4068,1620.67,63.99,6.457607968,54000,54000
9a804336b0689ce18a4b18082f03db0bae0c4068,1614.37,63.44,6.419681620,55000,55000
9a804336b0689ce18a4b18082f03db0bae0c4068,1619.80,63.74,6.462151140,54000,54000
9a804336b0689ce18a4b18082f03db0bae0c4068,1619.74,63.81,6.454336210,54000,54000
9a804336b0689ce18a4b18082f03db0bae0c4068,1617.72,63.71,6.457423513,55000,54000
9a804336b0689ce18a4b18082f03db0bae0c4068,1619.36,64.07,6.454081436,55000,54000
14401088ad133d327924991522495934d0c89535,1627.40,64.57,6.473416259,54000,54000
14401088ad133d327924991522495934d0c89535,1636.28,64.52,6.511620145,54000,54000
14401088ad133d327924991522495934d0c89535,1649.35,65.44,6.559659981,54000,54000
14401088ad133d327924991522495934d0c89535,1612.97,63.92,6.408635356,54000,54000
14401088ad133d327924991522495934d0c89535,1630.08,64.55,6.470440787,54000,55000
14401088ad133d327924991522495934d0c89535,1633.35,64.73,6.483155419,54000,54000
14401088ad133d327924991522495934d0c89535,1656.23,65.36,6.576074043,54000,55000
14401088ad133d327924991522495934d0c89535,1636.12,64.69,6.500772604,54000,55000
14401088ad133d327924991522495934d0c89535,1656.54,65.68,6.582847717,55000,54000
14401088ad133d327924991522495934d0c89535,1650.12,65.14,6.548457155,55000,54000
14401088ad133d327924991522495934d0c89535,1623.77,63.94,6.453859227,54000,55000
14401088ad133d327924991522495934d0c89535,1620.69,64.24,6.438612796,54000,54000
14401088ad133d327924991522495934d0c89535,1643.47,65.34,6.529231445,54000,54000
14401088ad133d327924991522495934d0c89535,1632.95,64.94,6.495355124,54000,54000
14401088ad133d327924991522495934d0c89535,1649.75,65.46,6.554236407,54000,54000
14401088ad133d327924991522495934d0c89535,1633.21,64.79,6.473465236,55000,54000
14401088ad133d327924991522495934d0c89535,1665.22,65.99,6.628633598,56000,55000
14401088ad133d327924991522495934d0c89535,1621.48,64.20,6.446893418,55000,54000
14401088ad133d327924991522495934d0c89535,1634.42,64.83,6.484407620,54000,55000
14401088ad133d327924991522495934d0c89535,1664.84,65.77,6.621038556,55000,55000
14401088ad133d327924991522495934d0c89535,1643.21,65.04,6.521860270,54000,54000
14401088ad133d327924991522495934d0c89535,1619.95,63.92,6.438502910,55000,55000
14401088ad133d327924991522495934d0c89535,1628.38,64.37,6.485839293,54000,55000
14401088ad133d327924991522495934d0c89535,1639.23,64.73,6.504611823,54000,53000
14401088ad133d327924991522495934d0c89535,1643.39,65.14,6.520907635,54000,54000
14401088ad133d327924991522495934d0c89535,1615.49,63.81,6.417196648,54000,55000
14401088ad133d327924991522495934d0c89535,1663.80,65.88,6.624429539,54000,54000
14401088ad133d327924991522495934d0c89535,1635.85,64.95,6.507821030,55000,54000
14401088ad133d327924991522495934d0c89535,1625.34,64.31,6.468978333,55000,54000
14401088ad133d327924991522495934d0c89535,1650.59,65.27,6.572567796,54000,54000
3cef59ca4ad4cf2d235729bcf34cd0cba06029c7,1615.11,63.93,6.426494403,55000,56000
3cef59ca4ad4cf2d235729bcf34cd0cba06029c7,1663.79,65.74,6.642512604,55000,54000
3cef59ca4ad4cf2d235729bcf34cd0cba06029c7,1630.98,64.37,6.500647959,55000,55000
3cef59ca4ad4cf2d235729bcf34cd0cba06029c7,1627.41,64.77,6.476107502,54000,54000
3cef59ca4ad4cf2d235729bcf34cd0cba06029c7,1625.45,63.99,6.480243972,54000,54000
3cef59ca4ad4cf2d235729bcf34cd0cba06029c7,1628.16,64.16,6.487919042,54000,54000
3cef59ca4ad4cf2d235729bcf34cd0cba06029c7,1621.45,63.76,6.452463355,55000,54000
3cef59ca4ad4cf2d235729bcf34cd0cba06029c7,1651.39,65.22,6.591003266,54000,54000
3cef59ca4ad4cf2d235729bcf34cd0cba06029c7,1621.53,63.96,6.451161259,54000,54000
3cef59ca4ad4cf2d235729bcf34cd0cba06029c7,1634.97,64.45,6.503957766,54000,55000
3cef59ca4ad4cf2d235729bcf34cd0cba06029c7,1643.31,64.55,6.541759897,54000,55000
3cef59ca4ad4cf2d235729bcf34cd0cba06029c7,1645.48,65.10,6.529915900,54000,54000
3cef59ca4ad4cf2d235729bcf34cd0cba06029c7,1627.25,64.42,6.464406788,54000,54000
3cef59ca4ad4cf2d235729bcf34cd0cba06029c7,1656.66,65.57,6.572898279,55000,55000
3cef59ca4ad4cf2d235729bcf34cd0cba06029c7,1626.34,64.03,6.466536462,55000,54000
3cef59ca4ad4cf2d235729bcf34cd0cba06029c7,1647.53,65.17,6.576648262,55000,54000
3cef59ca4ad4cf2d235729bcf34cd0cba06029c7,1625.31,64.40,6.466747062,54000,54000
3cef59ca4ad4cf2d235729bcf34cd0cba06029c7,1617.79,64.22,6.439173472,54000,54000
3cef59ca4ad4cf2d235729bcf34cd0cba06029c7,1605.88,63.69,6.397739523,54000,54000
3cef59ca4ad4cf2d235729bcf34cd0cba06029c7,1608.41,63.28,6.415253136,54000,54000
3cef59ca4ad4cf2d235729bcf34cd0cba06029c7,1645.38,64.99,6.539496602,55000,54000
3cef59ca4ad4cf2d235729bcf34cd0cba06029c7,1625.72,64.15,6.457222943,55000,54000
3cef59ca4ad4cf2d235729bcf34cd0cba06029c7,1620.67,63.99,6.441335253,54000,54000
3cef59ca4ad4cf2d235729bcf34cd0cba06029c7,1651.98,65.16,6.575591791,54000,54000
3cef59ca4ad4cf2d235729bcf34cd0cba06029c7,1612.43,63.98,6.417085101,54000,54000
3cef59ca4ad4cf2d235729bcf34cd0cba06029c7,1638.19,64.94,6.524219599,54000,54000
3cef59ca4ad4cf2d235729bcf34cd0cba06029c7,1640.65,64.95,6.529750380,55000,55000
3cef59ca4ad4cf2d235729bcf34cd0cba06029c7,1618.79,63.76,6.437576190,54000,55000
3cef59ca4ad4cf2d235729bcf34cd0cba06029c7,1634.04,64.54,6.487634777,55000,54000
3cef59ca4ad4cf2d235729bcf34cd0cba06029c7,1642.63,64.68,6.548368005,54000,54000
01bb3e3539561fecd441b14764b0f0da93952592,1631.52,64.54,6.497647637,56000,55000
01bb3e3539561fecd441b14764b0f0da93952592,1614.80,63.99,6.439571698,55000,55000
01bb3e3539561fecd441b14764b0f0da93952592,1635.50,64.75,6.523669424,56000,55000
01bb3e3539561fecd441b14764b0f0da93952592,1641.39,64.77,6.525371505,55000,54000
01bb3e3539561fecd441b14764b0f0da93952592,1623.30,64.19,6.457361529,54000,54000
01bb3e3539561fecd441b14764b0f0da93952592,1636.78,64.48,6.508473271,54000,54000
01bb3e3539561fecd441b14764b0f0da93952592,1627.02,64.46,6.476819861,54000,55000
01bb3e3539561fecd441b14764b0f0da93952592,1646.22,65.01,6.537528819,55000,55000
01bb3e3539561fecd441b14764b0f0da93952592,1647.23,65.23,6.553704477,54000,55000
01bb3e3539561fecd441b14764b0f0da93952592,1661.72,66.13,6.612018135,55000,55000
01bb3e3539561fecd441b14764b0f0da93952592,1622.69,64.29,6.447617140,54000,55000
01bb3e3539561fecd441b14764b0f0da93952592,1635.26,64.70,6.499962396,54000,55000
01bb3e3539561fecd441b14764b0f0da93952592,1635.37,64.66,6.498058017,54000,54000
01bb3e3539561fecd441b14764b0f0da93952592,1657.17,65.47,6.588522465,54000,55000
01bb3e3539561fecd441b14764b0f0da93952592,1629.22,64.36,6.476385418,54000,54000
01bb3e3539561fecd441b14764b0f0da93952592,1628.42,64.68,6.465056839,54000,54000
01bb3e3539561fecd441b14764b0f0da93952592,1620.69,63.86,6.443442362,54000,54000
01bb3e3539561fecd441b14764b0f0da93952592,1637.07,64.79,6.501794483,54000,54000
01bb3e3539561fecd441b14764b0f0da93952592,1630.96,64.93,6.475883857,55000,55000
01bb3e3539561fecd441b14764b0f0da93952592,1639.72,64.84,6.524868919,54000,54000
01bb3e3539561fecd441b14764b0f0da93952592,1642.60,65.28,6.534730903,54000,54000
01bb3e3539561fecd441b14764b0f0da93952592,1625.12,64.21,6.460699268,54000,54000
01bb3e3539561fecd441b14764b0f0da93952592,1645.11,65.03,6.534411761,55000,55000
01bb3e3539561fecd441b14764b0f0da93952592,1663.48,65.64,6.613108440,54000,54000
01bb3e3539561fecd441b14764b0f0da93952592,1641.57,64.68,6.528154929,54000,54000
01bb3e3539561fecd441b14764b0f0da93952592,1635.24,64.74,6.504348568,54000,55000
01bb3e3539561fecd441b14764b0f0da93952592,1654.19,65.57,6.579983634,54000,54000
01bb3e3539561fecd441b14764b0f0da93952592,1616.71,64.09,6.425094878,55000,54000
01bb3e3539561fecd441b14764b0f0da93952592,1638.24,64.77,6.511428830,54000,54000
01bb3e3539561fecd441b14764b0f0da93952592,1640.33,65.16,6.525104569,54000,54000
6c46313d58d42ef3d9bd7aa798646f9258329ef7,1622.71,63.65,6.464380488,55000,55000
6c46313d58d42ef3d9bd7aa798646f9258329ef7,1612.09,63.27,6.425104333,55000,54000
6c46313d58d42ef3d9bd7aa798646f9258329ef7,1612.17,63.41,6.429214582,54000,54000
6c46313d58d42ef3d9bd7aa798646f9258329ef7,1614.19,63.41,6.422887828,54000,54000
6c46313d58d42ef3d9bd7aa798646f9258329ef7,1591.62,62.45,6.342752402,54000,55000
6c46313d58d42ef3d9bd7aa798646f9258329ef7,1623.61,63.51,6.471913180,54000,55000
6c46313d58d42ef3d9bd7aa798646f9258329ef7,1596.64,62.79,6.361091607,55000,55000
6c46313d58d42ef3d9bd7aa798646f9258329ef7,1597.93,62.64,6.380517760,54000,55000
6c46313d58d42ef3d9bd7aa798646f9258329ef7,1635.93,64.39,6.528363125,56000,54000
6c46313d58d42ef3d9bd7aa798646f9258329ef7,1630.62,64.42,6.493809443,54000,55000
6c46313d58d42ef3d9bd7aa798646f9258329ef7,1601.96,63.06,6.397159995,54000,55000
6c46313d58d42ef3d9bd7aa798646f9258329ef7,1601.69,62.65,6.382070094,54000,54000
6c46313d58d42ef3d9bd7aa798646f9258329ef7,1636.00,64.54,6.540943986,54000,55000
6c46313d58d42ef3d9bd7aa798646f9258329ef7,1635.84,64.19,6.538518271,55000,54000
6c46313d58d42ef3d9bd7aa798646f9258329ef7,1597.66,62.44,6.382133640,54000,54000
6c46313d58d42ef3d9bd7aa798646f9258329ef7,1593.97,62.38,6.354675753,54000,54000
6c46313d58d42ef3d9bd7aa798646f9258329ef7,1604.87,62.96,6.387209756,55000,54000
6c46313d58d42ef3d9bd7aa798646f9258329ef7,1612.14,63.43,6.436065302,54000,55000
6c46313d58d42ef3d9bd7aa798646f9258329ef7,1606.34,63.08,6.410117192,55000,54000
6c46313d58d42ef3d9bd7aa798646f9258329ef7,1629.88,64.18,6.508821043,55000,55000
6c46313d58d42ef3d9bd7aa798646f9258329ef7,1605.08,63.20,6.389317431,54000,55000
6c46313d58d42ef3d9bd7aa798646f9258329ef7,1603.50,63.01,6.396093928,55000,55000
6c46313d58d42ef3d9bd7aa798646f9258329ef7,1605.41,63.36,6.386718193,54000,55000
6c46313d58d42ef3d9bd7aa798646f9258329ef7,1622.65,64.03,6.477937263,54000,55000
6c46313d58d42ef3d9bd7aa798646f9258329ef7,1600.36,62.71,6.377485107,55000,54000
6c46313d58d42ef3d9bd7aa798646f9258329ef7,1606.17,63.35,6.415116172,54000,54000
6c46313d58d42ef3d9bd7aa798646f9258329ef7,1623.35,64.02,6.468623320,55000,55000
6c46313d58d42ef3d9bd7aa798646f9258329ef7,1613.24,63.40,6.434111957,55000,54000
6c46313d58d42ef3d9bd7aa798646f9258329ef7,1612.93,63.57,6.429876820,55000,55000
6c46313d58d42ef3d9bd7aa798646f9258329ef7,1631.71,64.15,6.515559054,54000,54000
afced838de58bf2af61126a657f92538f8b26ae5,1614.19,63.48,6.448790130,55000,55000
afced838de58bf2af61126a657f92538f8b26ae5,1641.96,64.85,6.554796376,55000,55000
afced838de58bf2af61126a657f92538f8b26ae5,1618.48,63.89,6.462150597,55000,55000
afced838de58bf2af61126a657f92538f8b26ae5,1621.22,63.94,6.462189834,55000,54000
afced838de58bf2af61126a657f92538f8b26ae5,1600.49,62.93,6.382723749,54000,55000
afced838de58bf2af61126a657f92538f8b26ae5,1623.97,63.96,6.460186365,54000,55000
afced838de58bf2af61126a657f92538f8b26ae5,1633.91,64.01,6.514045071,54000,55000
afced838de58bf2af61126a657f92538f8b26ae5,1610.18,63.34,6.420053425,55000,55000
afced838de58bf2af61126a657f92538f8b26ae5,1617.02,63.56,6.438689164,54000,54000
afced838de58bf2af61126a657f92538f8b26ae5,1617.68,63.93,6.430714837,55000,54000
afced838de58bf2af61126a657f92538f8b26ae5,1623.13,63.82,6.456137427,55000,55000
afced838de58bf2af61126a657f92538f8b26ae5,1612.35,63.51,6.429324217,54000,54000
afced838de58bf2af61126a657f92538f8b26ae5,1609.07,63.50,6.413807935,54000,56000
afced838de58bf2af61126a657f92538f8b26ae5,1620.23,63.99,6.454695526,54000,54000
afced838de58bf2af61126a657f92538f8b26ae5,1632.13,64.42,6.490771696,54000,55000
afced838de58bf2af61126a657f92538f8b26ae5,1624.06,63.71,6.467996765,54000,54000
afced838de58bf2af61126a657f92538f8b26ae5,1608.00,63.73,6.411115594,54000,54000
afced838de58bf2af61126a657f92538f8b26ae5,1608.95,63.38,6.413847570,54000,54000
afced838de58bf2af61126a657f92538f8b26ae5,1614.32,63.92,6.436465161,55000,54000
afced838de58bf2af61126a657f92538f8b26ae5,1634.84,64.36,6.517784746,55000,54000
afced838de58bf2af61126a657f92538f8b26ae5,1639.46,64.90,6.530531625,55000,54000
afced838de58bf2af61126a657f92538f8b26ae5,1614.23,63.65,6.427112811,55000,55000
afced838de58bf2af61126a657f92538f8b26ae5,1611.98,63.63,6.430324430,55000,54000
afced838de58bf2af61126a657f92538f8b26ae5,1604.75,63.20,6.392961511,55000,55000
afced838de58bf2af61126a657f92538f8b26ae5,1625.89,64.41,6.473409124,55000,54000
afced838de58bf2af61126a657f92538f8b26ae5,1613.51,63.74,6.447395528,55000,54000
afced838de58bf2af61126a657f92538f8b26ae5,1640.97,64.53,6.532157294,54000,54000
afced838de58bf2af61126a657f92538f8b26ae5,1605.11,63.37,6.397521761,54000,54000
afced838de58bf2af61126a657f92538f8b26ae5,1619.96,64.11,6.447767279,55000,54000
afced838de58bf2af61126a657f92538f8b26ae5,1634.41,64.34,6.517119988,54000,54000
cd5b7a171bdc9ed5e93d4bdbcb3779ddf49eb58d,1620.36,64.47,6.460733542,55000,55000
cd5b7a171bdc9ed5e93d4bdbcb3779ddf49eb58d,1628.24,64.26,6.501447239,55000,56000
cd5b7a171bdc9ed5e93d4bdbcb3779ddf49eb58d,1638.78,65.11,6.533307668,56000,55000
cd5b7a171bdc9ed5e93d4bdbcb3779ddf49eb58d,1633.51,64.05,6.504524689,54000,54000
cd5b7a171bdc9ed5e93d4bdbcb3779ddf49eb58d,1640.27,64.54,6.532027993,54000,54000
cd5b7a171bdc9ed5e93d4bdbcb3779ddf49eb58d,1627.66,64.03,6.484598888,54000,54000
cd5b7a171bdc9ed5e93d4bdbcb3779ddf49eb58d,1654.23,65.60,6.590626692,54000,55000
cd5b7a171bdc9ed5e93d4bdbcb3779ddf49eb58d,1608.79,63.44,6.409742933,55000,55000
cd5b7a171bdc9ed5e93d4bdbcb3779ddf49eb58d,1634.83,64.22,6.506522658,54000,55000
cd5b7a171bdc9ed5e93d4bdbcb3779ddf49eb58d,1611.27,63.61,6.419727788,55000,54000
cd5b7a171bdc9ed5e93d4bdbcb3779ddf49eb58d,1628.40,64.32,6.470445653,54000,55000
cd5b7a171bdc9ed5e93d4bdbcb3779ddf49eb58d,1605.00,63.24,6.396109294,55000,54000
cd5b7a171bdc9ed5e93d4bdbcb3779ddf49eb58d,1621.30,63.91,6.462284657,55000,54000
cd5b7a171bdc9ed5e93d4bdbcb3779ddf49eb58d,1627.22,64.36,6.474890220,54000,54000
cd5b7a171bdc9ed5e93d4bdbcb3779ddf49eb58d,1631.51,64.45,6.511267350,55000,55000
cd5b7a171bdc9ed5e93d4bdbcb3779ddf49eb58d,1646.63,64.86,6.561511878,54000,54000
cd5b7a171bdc9ed5e93d4bdbcb3779ddf49eb58d,1606.05,63.03,6.407053995,54000,54000
cd5b7a171bdc9ed5e93d4bdbcb3779ddf49eb58d,1616.93,64.02,6.432624973,54000,55000
cd5b7a171bdc9ed5e93d4bdbcb3779ddf49eb58d,1604.50,63.30,6.391314241,55000,55000
cd5b7a171bdc9ed5e93d4bdbcb3779ddf49eb58d,1624.34,64.48,6.455094197,55000,55000
cd5b7a171bdc9ed5e93d4bdbcb3779ddf49eb58d,1630.09,64.41,6.478626730,55000,54000
cd5b7a171bdc9ed5e93d4bdbcb3779ddf49eb58d,1644.64,65.22,6.545645690,55000,55000
cd5b7a171bdc9ed5e93d4bdbcb3779ddf49eb58d,1617.06,64.05,6.438438610,54000,54000
cd5b7a171bdc9ed5e93d4bdbcb3779ddf49eb58d,1632.62,64.57,6.497931610,55000,54000
cd5b7a171bdc9ed5e93d4bdbcb3779ddf49eb58d,1628.96,63.98,6.493686458,54000,54000
cd5b7a171bdc9ed5e93d4bdbcb3779ddf49eb58d,1622.22,63.70,6.460306532,54000,55000
cd5b7a171bdc9ed5e93d4bdbcb3779ddf49eb58d,1638.85,64.81,6.521461452,55000,54000
cd5b7a171bdc9ed5e93d4bdbcb3779ddf49eb58d,1625.60,64.53,6.459914657,55000,55000
cd5b7a171bdc9ed5e93d4bdbcb3779ddf49eb58d,1612.61,63.39,6.425353531,54000,55000
cd5b7a171bdc9ed5e93d4bdbcb3779ddf49eb58d,1628.96,64.17,6.505359896,54000,54000
cf8dddbf31aab6518641913cd39d38f675b4c52c,1634.96,64.79,6.506148605,55000,56000
cf8dddbf31aab6518641913cd39d38f675b4c52c,1637.89,64.27,6.517099230,54000,54000
cf8dddbf31aab6518641913cd39d38f675b4c52c,1623.46,64.22,6.455899581,54000,54000
cf8dddbf31aab6518641913cd39d38f675b4c52c,1619.79,63.92,6.444089982,54000,54000
cf8dddbf31aab6518641913cd39d38f675b4c52c,1654.08,65.46,6.577955306,54000,54000
cf8dddbf31aab6518641913cd39d38f675b4c52c,1627.09,64.39,6.465860862,54000,55000
cf8dddbf31aab6518641913cd39d38f675b4c52c,1653.59,65.28,6.573771038,55000,55000
cf8dddbf31aab6518641913cd39d38f675b4c52c,1653.25,65.70,6.563635941,54000,54000
cf8dddbf31aab6518641913cd39d38f675b4c52c,1632.82,64.77,6.483777850,54000,55000
cf8dddbf31aab6518641913cd39d38f675b4c52c,1643.68,64.99,6.529283252,54000,55000
cf8dddbf31aab6518641913cd39d38f675b4c52c,1619.81,63.75,6.447948629,55000,54000
cf8dddbf31aab6518641913cd39d38f675b4c52c,1669.72,65.82,6.653795886,55000,55000
cf8dddbf31aab6518641913cd39d38f675b4c52c,1637.64,65.00,6.506923459,54000,54000
cf8dddbf31aab6518641913cd39d38f675b4c52c,1641.06,64.76,6.530603590,54000,54000
cf8dddbf31aab6518641913cd39d38f675b4c52c,1625.72,64.25,6.470550546,55000,55000
cf8dddbf31aab6518641913cd39d38f675b4c52c,1618.63,63.85,6.444225514,54000,54000
cf8dddbf31aab6518641913cd39d38f675b4c52c,1662.08,65.68,6.603874916,55000,54000
cf8dddbf31aab6518641913cd39d38f675b4c52c,1631.81,64.46,6.500796359,54000,55000
cf8dddbf31aab6518641913cd39d38f675b4c52c,1670.34,66.01,6.644339526,55000,54000
cf8dddbf31aab6518641913cd39d38f675b4c52c,1653.61,65.65,6.566125685,55000,55000
cf8dddbf31aab6518641913cd39d38f675b4c52c,1661.36,65.85,6.599833789,55000,54000
cf8dddbf31aab6518641913cd39d38f675b4c52c,1610.41,63.58,6.418914673,55000,54000
cf8dddbf31aab6518641913cd39d38f675b4c52c,1628.60,64.33,6.482215388,54000,54000
cf8dddbf31aab6518641913cd39d38f675b4c52c,1637.45,64.39,6.511073820,54000,55000
cf8dddbf31aab6518641913cd39d38f675b4c52c,1660.67,65.88,6.596056889,54000,54000
cf8dddbf31aab6518641913cd39d38f675b4c52c,1628.13,64.31,6.484148962,54000,54000
cf8dddbf31aab6518641913cd39d38f675b4c52c,1632.41,64.70,6.486430689,55000,54000
cf8dddbf31aab6518641913cd39d38f675b4c52c,1640.78,64.92,6.527080463,55000,54000
cf8dddbf31aab6518641913cd39d38f675b4c52c,1640.23,64.99,6.521850513,55000,55000
cf8dddbf31aab6518641913cd39d38f675b4c52c,1644.23,64.95,6.542012875,55000,54000
e54384d8f5b981cc88c4674253493d2db55e02f3,1631.60,64.85,6.486066282,54000,55000
e54384d8f5b981cc88c4674253493d2db55e02f3,1651.52,65.68,6.570163946,55000,54000
e54384d8f5b981cc88c4674253493d2db55e02f3,1625.79,64.67,6.479263810,55000,54000
e54384d8f5b981cc88c4674253493d2db55e02f3,1638.33,65.06,6.523280851,54000,54000
e54384d8f5b981cc88c4674253493d2db55e02f3,1654.99,65.49,6.598239742,55000,54000
e54384d8f5b981cc88c4674253493d2db55e02f3,1666.03,66.04,6.626601484,54000,54000
e54384d8f5b981cc88c4674253493d2db55e02f3,1630.65,64.38,6.484534282,54000,54000
e54384d8f5b981cc88c4674253493d2db55e02f3,1627.57,64.21,6.467523605,54000,55000
e54384d8f5b981cc88c4674253493d2db55e02f3,1626.28,64.48,6.457860168,55000,55000
e54384d8f5b981cc88c4674253493d2db55e02f3,1634.63,64.69,6.494986542,54000,54000
e54384d8f5b981cc88c4674253493d2db55e02f3,1642.05,65.04,6.522084279,54000,55000
e54384d8f5b981cc88c4674253493d2db55e02f3,1628.95,64.56,6.476177437,54000,54000
e54384d8f5b981cc88c4674253493d2db55e02f3,1632.67,64.87,6.482457356,54000,55000
e54384d8f5b981cc88c4674253493d2db55e02f3,1634.00,64.98,6.483102127,55000,54000
e54384d8f5b981cc88c4674253493d2db55e02f3,1656.75,65.82,6.581995550,54000,54000
e54384d8f5b981cc88c4674253493d2db55e02f3,1650.61,65.54,6.565117856,54000,54000
e54384d8f5b981cc88c4674253493d2db55e02f3,1635.31,64.46,6.494540021,54000,55000
e54384d8f5b981cc88c4674253493d2db55e02f3,1630.11,64.57,6.477516848,54000,55000
e54384d8f5b981cc88c4674253493d2db55e02f3,1638.49,64.89,6.515328350,55000,55000
e54384d8f5b981cc88c4674253493d2db55e02f3,1630.70,64.88,6.476847196,55000,55000
e54384d8f5b981cc88c4674253493d2db55e02f3,1635.14,64.94,6.500221318,54000,55000
e54384d8f5b981cc88c4674253493d2db55e02f3,1640.17,64.84,6.525070099,55000,54000
e54384d8f5b981cc88c4674253493d2db55e02f3,1642.58,65.16,6.530563877,54000,55000
e54384d8f5b981cc88c4674253493d2db55e02f3,1644.30,65.14,6.544935402,55000,55000
e54384d8f5b981cc88c4674253493d2db55e02f3,1632.02,64.85,6.486298460,56000,54000
e54384d8f5b981cc88c4674253493d2db55e02f3,1632.41,64.75,6.481980255,54000,55000
e54384d8f5b981cc88c4674253493d2db55e02f3,1628.65,64.69,6.483594367,55000,54000
e54384d8f5b981cc88c4674253493d2db55e02f3,1625.05,64.78,6.459526539,55000,54000
e54384d8f5b981cc88c4674253493d2db55e02f3,1647.48,65.24,6.554491189,54000,54000
e54384d8f5b981cc88c4674253493d2db55e02f3,1652.46,65.43,6.569276752,54000,56000
056fac843884da0e105abcfc7105e55ea763a7b8,1650.17,65.29,6.563111282,55000,56000
056fac843884da0e105abcfc7105e55ea763a7b8,1623.02,64.10,6.456944463,55000,56000
056fac843884da0e105abcfc7105e55ea763a7b8,1643.31,64.98,6.544185587,55000,56000
056fac843884da0e105abcfc7105e55ea763a7b8,1633.88,64.91,6.492757468,55000,55000
056fac843884da0e105abcfc7105e55ea763a7b8,1653.12,65.48,6.581349885,56000,55000
056fac843884da0e105abcfc7105e55ea763a7b8,1630.14,64.58,6.493651846,55000,54000
056fac843884da0e105abcfc7105e55ea763a7b8,1628.83,64.52,6.493983256,54000,54000
056fac843884da0e105abcfc7105e55ea763a7b8,1613.06,63.54,6.428766200,54000,54000
056fac843884da0e105abcfc7105e55ea763a7b8,1647.37,65.26,6.539390569,55000,54000
056fac843884da0e105abcfc7105e55ea763a7b8,1633.38,64.83,6.494898765,54000,54000
056fac843884da0e105abcfc7105e55ea763a7b8,1637.86,64.90,6.495323887,54000,54000
056fac843884da0e105abcfc7105e55ea763a7b8,1627.15,64.34,6.458788830,55000,54000
056fac843884da0e105abcfc7105e55ea763a7b8,1641.70,65.22,6.517903958,55000,54000
056fac843884da0e105abcfc7105e55ea763a7b8,1651.75,65.27,6.571473736,55000,54000
056fac843884da0e105abcfc7105e55ea763a7b8,1652.71,65.31,6.561019632,54000,55000
056fac843884da0e105abcfc7105e55ea763a7b8,1620.60,63.96,6.446189353,55000,54000
056fac843884da0e105abcfc7105e55ea763a7b8,1617.25,63.81,6.435984304,54000,54000
056fac843884da0e105abcfc7105e55ea763a7b8,1611.89,63.33,6.420163261,56000,54000
056fac843884da0e105abcfc7105e55ea763a7b8,1636.23,64.35,6.519393142,55000,54000
056fac843884da0e105abcfc7105e55ea763a7b8,1620.88,63.83,6.448820619,55000,56000
056fac843884da0e105abcfc7105e55ea763a7b8,1612.22,63.61,6.418961048,54000,55000
056fac843884da0e105abcfc7105e55ea763a7b8,1643.02,65.01,6.543503169,55000,55000
056fac843884da0e105abcfc7105e55ea763a7b8,1634.45,64.52,6.503649944,55000,55000
056fac843884da0e105abcfc7105e55ea763a7b8,1642.74,64.91,6.543885377,54000,54000
056fac843884da0e105abcfc7105e55ea763a7b8,1630.28,64.33,6.478683378,54000,54000
056fac843884da0e105abcfc7105e55ea763a7b8,1618.79,63.96,6.444538397,55000,55000
056fac843884da0e105abcfc7105e55ea763a7b8,1627.22,64.42,6.472965314,55000,54000
056fac843884da0e105abcfc7105e55ea763a7b8,1649.23,65.36,6.553061675,55000,55000
056fac843884da0e105abcfc7105e55ea763a7b8,1657.20,65.69,6.602165107,54000,55000
056fac843884da0e105abcfc7105e55ea763a7b8,1619.09,63.70,6.455588426,54000,54000
9502280efa5a95f5ac368718f89e4870833d0fc4,1623.42,64.03,6.464358620,55000,56000
9502280efa5a95f5ac368718f89e4870833d0fc4,1636.73,64.43,6.540908112,56000,56000
9502280efa5a95f5ac368718f89e4870833d0fc4,1606.55,63.10,6.400193734,54000,54000
9502280efa5a95f5ac368718f89e4870833d0fc4,1617.06,63.48,6.435821893,54000,54000
9502280efa5a95f5ac368718f89e4870833d0fc4,1614.68,63.34,6.439215703,54000,54000
9502280efa5a95f5ac368718f89e4870833d0fc4,1618.22,63.81,6.442543319,54000,54000
9502280efa5a95f5ac368718f89e4870833d0fc4,1642.89,64.70,6.543722901,54000,55000
9502280efa5a95f5ac368718f89e4870833d0fc4,1629.32,64.13,6.491762112,54000,54000
9502280efa5a95f5ac368718f89e4870833d0fc4,1641.18,64.47,6.540231340,54000,54000
9502280efa5a95f5ac368718f89e4870833d0fc4,1614.04,63.32,6.435740246,54000,54000
9502280efa5a95f5ac368718f89e4870833d0fc4,1638.59,64.29,6.517122506,55000,54000
9502280efa5a95f5ac368718f89e4870833d0fc4,1621.40,63.64,6.470545590,54000,54000
9502280efa5a95f5ac368718f89e4870833d0fc4,1600.20,62.85,6.393357403,54000,54000
9502280efa5a95f5ac368718f89e4870833d0fc4,1619.03,63.50,6.443587793,54000,54000
9502280efa5a95f5ac368718f89e4870833d0fc4,1616.82,63.49,6.432874153,54000,54000
9502280efa5a95f5ac368718f89e4870833d0fc4,1627.07,64.12,6.482193424,54000,55000
9502280efa5a95f5ac368718f89e4870833d0fc4,1633.51,64.25,6.520271898,54000,55000
9502280efa5a95f5ac368718f89e4870833d0fc4,1611.52,63.18,6.434475108,54000,54000
9502280efa5a95f5ac368718f89e4870833d0fc4,1617.38,63.45,6.442628160,55000,54000
9502280efa5a95f5ac368718f89e4870833d0fc4,1628.50,64.18,6.495870327,55000,54000
9502280efa5a95f5ac368718f89e4870833d0fc4,1634.08,64.32,6.515093732,54000,54000
9502280efa5a95f5ac368718f89e4870833d0fc4,1666.71,65.73,6.649610584,54000,54000
9502280efa5a95f5ac368718f89e4870833d0fc4,1628.98,64.21,6.493406579,54000,55000
9502280efa5a95f5ac368718f89e4870833d0fc4,1644.20,64.47,6.567910182,54000,54000
9502280efa5a95f5ac368718f89e4870833d0fc4,1638.79,64.60,6.538825730,54000,54000
9502280efa5a95f5ac368718f89e4870833d0fc4,1660.88,65.79,6.619589254,54000,54000
9502280efa5a95f5ac368718f89e4870833d0fc4,1631.37,64.44,6.497290085,55000,54000
9502280efa5a95f5ac368718f89e4870833d0fc4,1605.74,62.99,6.420259008,54000,54000
9502280efa5a95f5ac368718f89e4870833d0fc4,1613.46,63.53,6.438365867,54000,55000
9502280efa5a95f5ac368718f89e4870833d0fc4,1610.60,63.47,6.415123250,54000,54000
361b3abed78b25096fcf16eacb57d1c4d00f284d,1626.50,64.47,6.487107494,54000,55000
361b3abed78b25096fcf16eacb57d1c4d00f284d,1640.01,64.84,6.538559075,55000,54000
361b3abed78b25096fcf16eacb57d1c4d00f284d,1631.77,64.40,6.505376821,54000,54000
361b3abed78b25096fcf16eacb57d1c4d00f284d,1621.22,64.05,6.470139622,54000,54000
361b3abed78b25096fcf16eacb57d1c4d00f284d,1636.45,64.73,6.502817457,54000,54000
361b3abed78b25096fcf16eacb57d1c4d00f284d,1629.26,64.18,6.483378875,54000,55000
361b3abed78b25096fcf16eacb57d1c4d00f284d,1671.74,66.01,6.643894565,54000,55000
361b3abed78b25096fcf16eacb57d1c4d00f284d,1619.55,63.89,6.450637835,54000,55000
361b3abed78b25096fcf16eacb57d1c4d00f284d,1639.19,64.98,6.515179079,55000,56000
361b3abed78b25096fcf16eacb57d1c4d00f284d,1630.16,64.37,6.478932807,55000,55000
361b3abed78b25096fcf16eacb57d1c4d00f284d,1613.62,63.80,6.424454343,55000,55000
361b3abed78b25096fcf16eacb57d1c4d00f284d,1634.66,64.74,6.507705189,54000,55000
361b3abed78b25096fcf16eacb57d1c4d00f284d,1637.65,65.12,6.518714814,54000,54000
361b3abed78b25096fcf16eacb57d1c4d00f284d,1629.92,64.41,6.486086461,54000,54000
361b3abed78b25096fcf16eacb57d1c4d00f284d,1627.09,64.06,6.474659529,55000,54000
361b3abed78b25096fcf16eacb57d1c4d00f284d,1648.55,65.31,6.573275230,55000,54000
361b3abed78b25096fcf16eacb57d1c4d00f284d,1672.65,66.30,6.649412073,54000,54000
361b3abed78b25096fcf16eacb57d1c4d00f284d,1661.04,65.61,6.597208484,55000,54000
361b3abed78b25096fcf16eacb57d1c4d00f284d,1643.34,64.93,6.539194999,56000,56000
361b3abed78b25096fcf16eacb57d1c4d00f284d,1624.79,64.02,6.476137006,54000,55000
361b3abed78b25096fcf16eacb57d1c4d00f284d,1643.97,64.76,6.547286117,55000,55000
361b3abed78b25096fcf16eacb57d1c4d00f284d,1634.48,64.53,6.495082765,54000,54000
361b3abed78b25096fcf16eacb57d1c4d00f284d,1631.83,64.60,6.488939119,55000,55000
361b3abed78b25096fcf16eacb57d1c4d00f284d,1635.04,64.74,6.520946846,54000,54000
361b3abed78b25096fcf16eacb57d1c4d00f284d,1638.50,64.52,6.505629909,54000,55000
361b3abed78b25096fcf16eacb57d1c4d00f284d,1626.46,64.50,6.478354025,54000,54000
361b3abed78b25096fcf16eacb57d1c4d00f284d,1621.56,63.85,6.456647696,54000,55000
361b3abed78b25096fcf16eacb57d1c4d00f284d,1641.69,64.68,6.537385826,55000,54000
361b3abed78b25096fcf16eacb57d1c4d00f284d,1627.61,64.25,6.474212225,55000,54000
361b3abed78b25096fcf16eacb57d1c4d00f284d,1654.38,65.36,6.591879569,54000,54000
7d8cb6625cbbadcf5004c1b58d559d1fa7e05e4e,1619.26,63.86,6.463897334,55000,56000
7d8cb6625cbbadcf5004c1b58d559d1fa7e05e4e,1620.30,63.93,6.461278261,54000,55000
7d8cb6625cbbadcf5004c1b58d559d1fa7e05e4e,1638.40,64.59,6.550590161,54000,54000
7d8cb6625cbbadcf5004c1b58d559d1fa7e05e4e,1627.46,63.96,6.487709968,54000,54000
7d8cb6625cbbadcf5004c1b58d559d1fa7e05e4e,1647.28,64.59,6.560627848,54000,55000
7d8cb6625cbbadcf5004c1b58d559d1fa7e05e4e,1622.84,63.69,6.478109308,54000,54000
7d8cb6625cbbadcf5004c1b58d559d1fa7e05e4e,1635.55,64.58,6.509792683,55000,54000
7d8cb6625cbbadcf5004c1b58d559d1fa7e05e4e,1643.83,64.49,6.543541502,55000,55000
7d8cb6625cbbadcf5004c1b58d559d1fa7e05e4e,1639.11,64.59,6.522128117,55000,54000
7d8cb6625cbbadcf5004c1b58d559d1fa7e05e4e,1634.02,64.31,6.498578413,54000,55000
7d8cb6625cbbadcf5004c1b58d559d1fa7e05e4e,1638.78,64.67,6.525502144,54000,54000
7d8cb6625cbbadcf5004c1b58d559d1fa7e05e4e,1614.55,63.53,6.445577955,54000,54000
7d8cb6625cbbadcf5004c1b58d559d1fa7e05e4e,1635.37,64.73,6.516943306,54000,55000
7d8cb6625cbbadcf5004c1b58d559d1fa7e05e4e,1646.63,64.88,6.559430051,55000,54000
7d8cb6625cbbadcf5004c1b58d559d1fa7e05e4e,1627.92,64.14,6.479620918,54000,54000
7d8cb6625cbbadcf5004c1b58d559d1fa7e05e4e,1641.20,64.80,6.553231169,54000,54000
7d8cb6625cbbadcf5004c1b58d559d1fa7e05e4e,1631.36,64.31,6.506234860,54000,54000
7d8cb6625cbbadcf5004c1b58d559d1fa7e05e4e,1625.01,63.95,6.458725929,55000,54000
7d8cb6625cbbadcf5004c1b58d559d1fa7e05e4e,1629.48,64.03,6.481720933,54000,55000
7d8cb6625cbbadcf5004c1b58d559d1fa7e05e4e,1636.62,64.21,6.509711796,54000,55000
7d8cb6625cbbadcf5004c1b58d559d1fa7e05e4e,1614.64,63.69,6.442871757,54000,54000
7d8cb6625cbbadcf5004c1b58d559d1fa7e05e4e,1623.98,63.83,6.477393541,54000,55000
7d8cb6625cbbadcf5004c1b58d559d1fa7e05e4e,1639.04,64.80,6.514515396,55000,55000
7d8cb6625cbbadcf5004c1b58d559d1fa7e05e4e,1637.78,64.74,6.506193319,55000,55000
7d8cb6625cbbadcf5004c1b58d559d1fa7e05e4e,1623.11,63.78,6.470599491,54000,54000
7d8cb6625cbbadcf5004c1b58d559d1fa7e05e4e,1626.67,64.07,6.469864036,54000,54000
7d8cb6625cbbadcf5004c1b58d559d1fa7e05e4e,1651.64,65.34,6.591296344,55000,54000
7d8cb6625cbbadcf5004c1b58d559d1fa7e05e4e,1618.81,63.86,6.448335354,54000,54000
7d8cb6625cbbadcf5004c1b58d559d1fa7e05e4e,1616.59,63.69,6.447459613,54000,54000
7d8cb6625cbbadcf5004c1b58d559d1fa7e05e4e,1611.98,63.29,6.431093846,54000,54000
b220def232cb1ad8bfece2836d947d9b544e99a4,1613.86,63.55,6.448227095,55000,56000
b220def232cb1ad8bfece2836d947d9b544e99a4,1611.95,63.76,6.437689359,55000,56000
b220def232cb1ad8bfece2836d947d9b544e99a4,1646.50,64.53,6.570033669,54000,54000
b220def232cb1ad8bfece2836d947d9b544e99a4,1638.82,64.66,6.519517420,54000,55000
b220def232cb1ad8bfece2836d947d9b544e99a4,1619.63,63.50,6.452498387,55000,54000
b220def232cb1ad8bfece2836d947d9b544e99a4,1634.67,64.24,6.514837625,54000,54000
b220def232cb1ad8bfece2836d947d9b544e99a4,1627.27,63.70,6.480571764,54000,54000
b220def232cb1ad8bfece2836d947d9b544e99a4,1624.51,64.27,6.457921726,55000,54000
b220def232cb1ad8bfece2836d947d9b544e99a4,1650.66,65.10,6.563094129,54000,54000
b220def232cb1ad8bfece2836d947d9b544e99a4,1637.74,64.36,6.522509350,54000,54000
b220def232cb1ad8bfece2836d947d9b544e99a4,1621.07,63.93,6.448338774,55000,54000
b220def232cb1ad8bfece2836d947d9b544e99a4,1625.65,64.36,6.472514920,55000,54000
b220def232cb1ad8bfece2836d947d9b544e99a4,1629.02,64.31,6.481460341,55000,54000
b220def232cb1ad8bfece2836d947d9b544e99a4,1652.93,65.23,6.574117312,54000,54000
b220def232cb1ad8bfece2836d947d9b544e99a4,1629.53,64.37,6.482798521,54000,55000
b220def232cb1ad8bfece2836d947d9b544e99a4,1639.50,64.53,6.517003136,54000,54000
b220def232cb1ad8bfece2836d947d9b544e99a4,1623.63,63.77,6.454578560,54000,55000
b220def232cb1ad8bfece2836d947d9b544e99a4,1615.64,63.71,6.427376868,54000,55000
b220def232cb1ad8bfece2836d947d9b544e99a4,1621.15,63.31,6.465646726,54000,55000
b220def232cb1ad8bfece2836d947d9b544e99a4,1621.96,63.78,6.462425457,54000,54000
b220def232cb1ad8bfece2836d947d9b544e99a4,1628.69,64.50,6.490650222,54000,54000
b220def232cb1ad8bfece2836d947d9b544e99a4,1624.95,64.09,6.465981893,54000,54000
b220def232cb1ad8bfece2836d947d9b544e99a4,1625.04,63.86,6.463265169,55000,56000
b220def232cb1ad8bfece2836d947d9b544e99a4,1644.40,65.15,6.547316946,55000,56000
b220def232cb1ad8bfece2836d947d9b544e99a4,1623.00,64.49,6.458432251,55000,55000
b220def232cb1ad8bfece2836d947d9b544e99a4,1612.26,63.55,6.429064253,54000,54000
b220def232cb1ad8bfece2836d947d9b544e99a4,1626.70,64.26,6.482577039,54000,54000
b220def232cb1ad8bfece2836d947d9b544e99a4,1622.27,63.94,6.461660901,54000,55000
b220def232cb1ad8bfece2836d947d9b544e99a4,1641.85,64.46,6.537685366,54000,54000
b220def232cb1ad8bfece2836d947d9b544e99a4,1621.61,63.92,6.460608349,55000,54000
