commit,energy-pkg,energy-ram,seconds,temp_before,temp_after
7a4785c0e918410f8e19293e9e1543a25490902e,1538.45,60.29,6.291985701,54000,55000
7a4785c0e918410f8e19293e9e1543a25490902e,1542.08,59.95,6.243715945,56000,56000
7a4785c0e918410f8e19293e9e1543a25490902e,1569.65,61.32,6.361972713,55000,55000
7a4785c0e918410f8e19293e9e1543a25490902e,1581.24,61.44,6.414955803,54000,54000
7a4785c0e918410f8e19293e9e1543a25490902e,1554.18,60.37,6.303238108,54000,55000
7a4785c0e918410f8e19293e9e1543a25490902e,1553.47,60.19,6.292720894,54000,55000
7a4785c0e918410f8e19293e9e1543a25490902e,1540.34,59.51,6.255397535,54000,54000
7a4785c0e918410f8e19293e9e1543a25490902e,1561.56,60.56,6.342566160,55000,55000
7a4785c0e918410f8e19293e9e1543a25490902e,1561.35,60.61,6.314835565,54000,55000
7a4785c0e918410f8e19293e9e1543a25490902e,1551.11,60.27,6.277294964,55000,55000
7a4785c0e918410f8e19293e9e1543a25490902e,1545.47,59.79,6.252743785,54000,54000
7a4785c0e918410f8e19293e9e1543a25490902e,1557.27,60.28,6.291913959,55000,55000
7a4785c0e918410f8e19293e9e1543a25490902e,1562.27,60.70,6.331013727,55000,55000
7a4785c0e918410f8e19293e9e1543a25490902e,1562.98,60.61,6.337832850,55000,54000
7a4785c0e918410f8e19293e9e1543a25490902e,1561.78,60.65,6.321285418,54000,55000
7a4785c0e918410f8e19293e9e1543a25490902e,1580.12,61.25,6.408997605,54000,54000
7a4785c0e918410f8e19293e9e1543a25490902e,1552.98,60.10,6.287611742,55000,56000
7a4785c0e918410f8e19293e9e1543a25490902e,1568.84,61.12,6.346578111,54000,55000
7a4785c0e918410f8e19293e9e1543a25490902e,1562.77,60.75,6.331911908,54000,55000
7a4785c0e918410f8e19293e9e1543a25490902e,1568.52,60.74,6.364044086,54000,54000
7a4785c0e918410f8e19293e9e1543a25490902e,1552.37,60.21,6.297226339,54000,54000
7a4785c0e918410f8e19293e9e1543a25490902e,1571.90,60.83,6.387334835,55000,55000
7a4785c0e918410f8e19293e9e1543a25490902e,1570.11,60.91,6.387668993,55000,55000
7a4785c0e918410f8e19293e9e1543a25490902e,1538.20,59.68,6.230501670,55000,55000
7a4785c0e918410f8e19293e9e1543a25490902e,1555.42,60.23,6.304880469,54000,55000
7a4785c0e918410f8e19293e9e1543a25490902e,1552.73,60.39,6.305130635,56000,54000
7a4785c0e918410f8e19293e9e1543a25490902e,1570.45,60.97,6.384249398,55000,54000
7a4785c0e918410f8e19293e9e1543a25490902e,1574.08,61.19,6.383786201,55000,54000
7a4785c0e918410f8e19293e9e1543a25490902e,1567.76,60.76,6.352438174,54000,54000
7a4785c0e918410f8e19293e9e1543a25490902e,1554.90,60.28,6.307250347,55000,56000
a8d5a91974ce86d70af87d2aafea2ac214e8c25c,1556.26,60.37,6.320024530,55000,55000
a8d5a91974ce86d70af87d2aafea2ac214e8c25c,1551.54,60.26,6.287889218,54000,54000
a8d5a91974ce86d70af87d2aafea2ac214e8c25c,1570.48,61.19,6.348772257,55000,54000
a8d5a91974ce86d70af87d2aafea2ac214e8c25c,1562.13,60.51,6.335191568,54000,54000
a8d5a91974ce86d70af87d2aafea2ac214e8c25c,1546.95,60.14,6.275197058,55000,55000
a8d5a91974ce86d70af87d2aafea2ac214e8c25c,1524.72,59.03,6.167979493,54000,54000
a8d5a91974ce86d70af87d2aafea2ac214e8c25c,1550.64,60.22,6.279322207,54000,54000
a8d5a91974ce86d70af87d2aafea2ac214e8c25c,1532.06,59.30,6.217974801,56000,54000
a8d5a91974ce86d70af87d2aafea2ac214e8c25c,1553.94,60.40,6.304066191,55000,55000
a8d5a91974ce86d70af87d2aafea2ac214e8c25c,1554.30,60.20,6.301838981,54000,55000
a8d5a91974ce86d70af87d2aafea2ac214e8c25c,1538.31,59.73,6.250963876,54000,56000
a8d5a91974ce86d70af87d2aafea2ac214e8c25c,1570.49,60.78,6.379658872,55000,55000
a8d5a91974ce86d70af87d2aafea2ac214e8c25c,1553.33,60.25,6.297243258,54000,55000
a8d5a91974ce86d70af87d2aafea2ac214e8c25c,1564.14,60.49,6.351062673,55000,54000
a8d5a91974ce86d70af87d2aafea2ac214e8c25c,1551.45,60.11,6.289996879,54000,55000
a8d5a91974ce86d70af87d2aafea2ac214e8c25c,1546.03,59.77,6.271665775,54000,55000
a8d5a91974ce86d70af87d2aafea2ac214e8c25c,1551.11,60.11,6.288341216,54000,56000
a8d5a91974ce86d70af87d2aafea2ac214e8c25c,1568.39,60.86,6.354782204,54000,54000
a8d5a91974ce86d70af87d2aafea2ac214e8c25c,1567.94,60.69,6.364263265,55000,55000
a8d5a91974ce86d70af87d2aafea2ac214e8c25c,1567.26,60.87,6.356212047,54000,54000
a8d5a91974ce86d70af87d2aafea2ac214e8c25c,1568.09,60.84,6.363500822,55000,55000
a8d5a91974ce86d70af87d2aafea2ac214e8c25c,1544.12,59.72,6.273614378,54000,55000
a8d5a91974ce86d70af87d2aafea2ac214e8c25c,1555.19,60.41,6.300479320,55000,55000
a8d5a91974ce86d70af87d2aafea2ac214e8c25c,1531.94,59.24,6.208011678,55000,56000
a8d5a91974ce86d70af87d2aafea2ac214e8c25c,1564.82,60.49,6.343228335,54000,55000
a8d5a91974ce86d70af87d2aafea2ac214e8c25c,1549.79,60.21,6.278784139,54000,55000
a8d5a91974ce86d70af87d2aafea2ac214e8c25c,1552.88,60.28,6.291731699,56000,55000
a8d5a91974ce86d70af87d2aafea2ac214e8c25c,1562.15,60.58,6.327335385,55000,55000
a8d5a91974ce86d70af87d2aafea2ac214e8c25c,1554.10,60.24,6.298106045,55000,54000
a8d5a91974ce86d70af87d2aafea2ac214e8c25c,1555.19,60.39,6.294974393,55000,54000
953f9be1670fdd140200465831bb5920abd5142a,1550.81,60.46,6.298980718,55000,55000
953f9be1670fdd140200465831bb5920abd5142a,1554.53,60.07,6.318257383,54000,54000
953f9be1670fdd140200465831bb5920abd5142a,1566.85,60.92,6.341816389,54000,54000
953f9be1670fdd140200465831bb5920abd5142a,1567.18,60.94,6.360034884,56000,54000
953f9be1670fdd140200465831bb5920abd5142a,1557.62,60.31,6.322378893,54000,54000
953f9be1670fdd140200465831bb5920abd5142a,1554.06,60.20,6.300051300,54000,55000
953f9be1670fdd140200465831bb5920abd5142a,1577.83,61.17,6.402094661,54000,55000
953f9be1670fdd140200465831bb5920abd5142a,1552.97,60.18,6.288050466,54000,54000
953f9be1670fdd140200465831bb5920abd5142a,1562.19,60.39,6.339457426,54000,54000
953f9be1670fdd140200465831bb5920abd5142a,1518.21,58.65,6.158158814,54000,55000
953f9be1670fdd140200465831bb5920abd5142a,1576.80,60.99,6.406604193,54000,55000
953f9be1670fdd140200465831bb5920abd5142a,1547.45,60.15,6.278661242,54000,54000
953f9be1670fdd140200465831bb5920abd5142a,1555.00,59.93,6.306867342,56000,56000
953f9be1670fdd140200465831bb5920abd5142a,1551.41,60.18,6.289488665,55000,55000
953f9be1670fdd140200465831bb5920abd5142a,1550.17,60.39,6.274877117,56000,55000
953f9be1670fdd140200465831bb5920abd5142a,1554.56,60.33,6.298238229,54000,55000
953f9be1670fdd140200465831bb5920abd5142a,1593.84,61.82,6.464275942,56000,55000
953f9be1670fdd140200465831bb5920abd5142a,1562.14,60.90,6.316449376,55000,54000
953f9be1670fdd140200465831bb5920abd5142a,1562.97,60.64,6.337105238,54000,54000
953f9be1670fdd140200465831bb5920abd5142a,1552.78,60.03,6.280960679,55000,55000
953f9be1670fdd140200465831bb5920abd5142a,1540.65,59.55,6.264224286,54000,54000
953f9be1670fdd140200465831bb5920abd5142a,1569.20,60.73,6.373818092,54000,54000
953f9be1670fdd140200465831bb5920abd5142a,1555.37,60.48,6.295413762,55000,55000
953f9be1670fdd140200465831bb5920abd5142a,1553.68,60.20,6.289862081,55000,54000
953f9be1670fdd140200465831bb5920abd5142a,1554.81,60.26,6.298702833,54000,54000
953f9be1670fdd140200465831bb5920abd5142a,1555.55,60.34,6.313908031,54000,55000
953f9be1670fdd140200465831bb5920abd5142a,1550.51,59.98,6.273923521,55000,55000
953f9be1670fdd140200465831bb5920abd5142a,1565.80,60.77,6.357749233,54000,54000
953f9be1670fdd140200465831bb5920abd5142a,1565.80,60.84,6.338887905,55000,55000
953f9be1670fdd140200465831bb5920abd5142a,1549.59,60.00,6.271366878,55000,54000
9fc67503fc7ed1c5f996fec890402aa9ec124eb7,1556.46,60.42,6.313685024,55000,54000
9fc67503fc7ed1c5f996fec890402aa9ec124eb7,1556.08,60.44,6.296710753,54000,55000
9fc67503fc7ed1c5f996fec890402aa9ec124eb7,1557.27,60.33,6.307788352,55000,54000
9fc67503fc7ed1c5f996fec890402aa9ec124eb7,1573.58,61.02,6.390691531,54000,54000
9fc67503fc7ed1c5f996fec890402aa9ec124eb7,1556.45,60.63,6.299995129,54000,54000
9fc67503fc7ed1c5f996fec890402aa9ec124eb7,1565.21,60.61,6.343888112,54000,54000
9fc67503fc7ed1c5f996fec890402aa9ec124eb7,1542.72,59.82,6.262787981,55000,56000
9fc67503fc7ed1c5f996fec890402aa9ec124eb7,1560.45,60.34,6.336001032,54000,55000
9fc67503fc7ed1c5f996fec890402aa9ec124eb7,1542.11,59.90,6.248485048,55000,55000
9fc67503fc7ed1c5f996fec890402aa9ec124eb7,1558.61,60.44,6.309409548,55000,55000
9fc67503fc7ed1c5f996fec890402aa9ec124eb7,1544.61,59.93,6.261881486,56000,54000
9fc67503fc7ed1c5f996fec890402aa9ec124eb7,1559.68,60.38,6.321269850,55000,56000
9fc67503fc7ed1c5f996fec890402aa9ec124eb7,1567.06,60.62,6.367128534,54000,54000
9fc67503fc7ed1c5f996fec890402aa9ec124eb7,1552.73,60.34,6.296604104,54000,54000
9fc67503fc7ed1c5f996fec890402aa9ec124eb7,1547.09,59.80,6.273977713,54000,55000
9fc67503fc7ed1c5f996fec890402aa9ec124eb7,1549.28,60.14,6.283243629,55000,54000
9fc67503fc7ed1c5f996fec890402aa9ec124eb7,1560.03,60.33,6.342679440,54000,54000
9fc67503fc7ed1c5f996fec890402aa9ec124eb7,1553.25,60.14,6.302361955,54000,55000
9fc67503fc7ed1c5f996fec890402aa9ec124eb7,1558.46,60.50,6.308343904,54000,55000
9fc67503fc7ed1c5f996fec890402aa9ec124eb7,1542.45,59.68,6.258705197,55000,55000
9fc67503fc7ed1c5f996fec890402aa9ec124eb7,1572.82,60.95,6.376755061,55000,54000
9fc67503fc7ed1c5f996fec890402aa9ec124eb7,1538.38,59.65,6.242730410,54000,55000
9fc67503fc7ed1c5f996fec890402aa9ec124eb7,1547.53,60.01,6.280675172,54000,55000
9fc67503fc7ed1c5f996fec890402aa9ec124eb7,1549.33,60.25,6.292337222,54000,54000
9fc67503fc7ed1c5f996fec890402aa9ec124eb7,1540.61,59.80,6.261984413,54000,54000
9fc67503fc7ed1c5f996fec890402aa9ec124eb7,1539.80,59.53,6.250074508,54000,54000
9fc67503fc7ed1c5f996fec890402aa9ec124eb7,1564.97,60.88,6.340388990,55000,55000
9fc67503fc7ed1c5f996fec890402aa9ec124eb7,1546.28,60.08,6.272542493,54000,54000
9fc67503fc7ed1c5f996fec890402aa9ec124eb7,1566.96,60.82,6.347458420,55000,54000
9fc67503fc7ed1c5f996fec890402aa9ec124eb7,1557.51,60.06,6.328434228,55000,54000
a9a20568270c347da7fe939da53d0600b985f3ec,1527.56,59.09,6.188157331,55000,54000
a9a20568270c347da7fe939da53d0600b985f3ec,1553.59,60.02,6.293672013,55000,55000
a9a20568270c347da7fe939da53d0600b985f3ec,1545.28,59.96,6.263087160,55000,55000
a9a20568270c347da7fe939da53d0600b985f3ec,1583.17,61.27,6.412431088,54000,54000
a9a20568270c347da7fe939da53d0600b985f3ec,1559.57,60.32,6.335437031,54000,55000
a9a20568270c347da7fe939da53d0600b985f3ec,1516.45,58.83,6.155157048,55000,54000
a9a20568270c347da7fe939da53d0600b985f3ec,1548.98,60.08,6.276816698,54000,55000
a9a20568270c347da7fe939da53d0600b985f3ec,1574.85,60.78,6.387079336,55000,54000
a9a20568270c347da7fe939da53d0600b985f3ec,1532.23,58.91,6.219361219,56000,54000
a9a20568270c347da7fe939da53d0600b985f3ec,1541.37,59.91,6.243188429,54000,56000
a9a20568270c347da7fe939da53d0600b985f3ec,1542.71,59.85,6.250689446,54000,54000
a9a20568270c347da7fe939da53d0600b985f3ec,1561.42,60.86,6.323679821,56000,55000
a9a20568270c347da7fe939da53d0600b985f3ec,1557.81,60.44,6.295936754,54000,54000
a9a20568270c347da7fe939da53d0600b985f3ec,1561.00,60.53,6.317699476,54000,54000
a9a20568270c347da7fe939da53d0600b985f3ec,1558.02,60.50,6.302186892,54000,54000
a9a20568270c347da7fe939da53d0600b985f3ec,1553.71,60.11,6.298642479,54000,54000
a9a20568270c347da7fe939da53d0600b985f3ec,1553.17,60.14,6.293053955,54000,55000
a9a20568270c347da7fe939da53d0600b985f3ec,1559.36,60.36,6.333892837,55000,54000
a9a20568270c347da7fe939da53d0600b985f3ec,1572.28,60.79,6.370850983,55000,56000
a9a20568270c347da7fe939da53d0600b985f3ec,1567.43,60.71,6.365835661,54000,54000
a9a20568270c347da7fe939da53d0600b985f3ec,1544.59,60.09,6.261876190,54000,54000
a9a20568270c347da7fe939da53d0600b985f3ec,1557.58,60.53,6.310589092,55000,54000
a9a20568270c347da7fe939da53d0600b985f3ec,1573.77,61.11,6.371393362,55000,55000
a9a20568270c347da7fe939da53d0600b985f3ec,1532.25,59.65,6.218344128,55000,54000
a9a20568270c347da7fe939da53d0600b985f3ec,1532.91,59.58,6.210549550,54000,54000
a9a20568270c347da7fe939da53d0600b985f3ec,1518.59,58.92,6.153578388,55000,54000
a9a20568270c347da7fe939da53d0600b985f3ec,1579.42,61.41,6.430782945,55000,54000
a9a20568270c347da7fe939da53d0600b985f3ec,1556.50,60.21,6.316613551,54000,54000
a9a20568270c347da7fe939da53d0600b985f3ec,1552.97,59.95,6.308681325,54000,54000
a9a20568270c347da7fe939da53d0600b985f3ec,1553.16,60.09,6.303504852,55000,55000
c162c333d1ed9bf56ddbbe940aa47b24928e1188,1554.87,60.08,6.298866420,54000,55000
c162c333d1ed9bf56ddbbe940aa47b24928e1188,1549.61,59.91,6.273241212,55000,54000
c162c333d1ed9bf56ddbbe940aa47b24928e1188,1554.14,60.25,6.292369776,56000,55000
c162c333d1ed9bf56ddbbe940aa47b24928e1188,1554.14,60.19,6.313110356,54000,54000
c162c333d1ed9bf56ddbbe940aa47b24928e1188,1536.70,59.50,6.222033834,54000,56000
c162c333d1ed9bf56ddbbe940aa47b24928e1188,1557.40,60.32,6.324800928,55000,55000
c162c333d1ed9bf56ddbbe940aa47b24928e1188,1567.64,60.81,6.365806334,55000,55000
c162c333d1ed9bf56ddbbe940aa47b24928e1188,1553.18,60.12,6.286715997,54000,55000
c162c333d1ed9bf56ddbbe940aa47b24928e1188,1580.86,61.07,6.400870727,55000,55000
c162c333d1ed9bf56ddbbe940aa47b24928e1188,1547.71,59.74,6.276131656,54000,54000
c162c333d1ed9bf56ddbbe940aa47b24928e1188,1548.74,59.98,6.275648542,55000,55000
c162c333d1ed9bf56ddbbe940aa47b24928e1188,1546.72,59.88,6.276048743,55000,55000
c162c333d1ed9bf56ddbbe940aa47b24928e1188,1536.61,59.51,6.243860638,54000,54000
c162c333d1ed9bf56ddbbe940aa47b24928e1188,1559.04,60.54,6.318747340,54000,55000
c162c333d1ed9bf56ddbbe940aa47b24928e1188,1571.35,60.89,6.357552035,55000,54000
c162c333d1ed9bf56ddbbe940aa47b24928e1188,1547.80,59.96,6.281493378,55000,55000
c162c333d1ed9bf56ddbbe940aa47b24928e1188,1560.63,60.39,6.338673168,54000,54000
c162c333d1ed9bf56ddbbe940aa47b24928e1188,1526.64,59.17,6.178024667,55000,55000
c162c333d1ed9bf56ddbbe940aa47b24928e1188,1553.56,60.09,6.305834975,54000,55000
c162c333d1ed9bf56ddbbe940aa47b24928e1188,1543.29,59.68,6.262608430,54000,55000
c162c333d1ed9bf56ddbbe940aa47b24928e1188,1561.18,60.56,6.331419034,55000,54000
c162c333d1ed9bf56ddbbe940aa47b24928e1188,1558.36,60.59,6.316075318,54000,54000
c162c333d1ed9bf56ddbbe940aa47b24928e1188,1556.61,60.24,6.307224835,54000,54000
c162c333d1ed9bf56ddbbe940aa47b24928e1188,1554.93,60.53,6.298686393,55000,55000
c162c333d1ed9bf56ddbbe940aa47b24928e1188,1564.36,60.92,6.341719057,54000,54000
c162c333d1ed9bf56ddbbe940aa47b24928e1188,1550.71,60.15,6.290282590,54000,54000
c162c333d1ed9bf56ddbbe940aa47b24928e1188,1543.57,59.97,6.269166172,54000,55000
c162c333d1ed9bf56ddbbe940aa47b24928e1188,1559.01,60.49,6.316155711,55000,54000
c162c333d1ed9bf56ddbbe940aa47b24928e1188,1567.30,60.84,6.362127136,55000,54000
c162c333d1ed9bf56ddbbe940aa47b24928e1188,1556.39,60.55,6.306103511,55000,54000
e5d17a12ae5af7e80b172a86e9cd462cf9ca748d,1565.77,60.63,6.364234810,54000,55000
e5d17a12ae5af7e80b172a86e9cd462cf9ca748d,1571.87,61.13,6.365533460,55000,54000
e5d17a12ae5af7e80b172a86e9cd462cf9ca748d,1555.91,60.59,6.302663424,55000,54000
e5d17a12ae5af7e80b172a86e9cd462cf9ca748d,1562.29,60.64,6.334111065,54000,55000
e5d17a12ae5af7e80b172a86e9cd462cf9ca748d,1557.65,60.35,6.318111807,54000,54000
e5d17a12ae5af7e80b172a86e9cd462cf9ca748d,1560.75,60.75,6.316593414,54000,54000
e5d17a12ae5af7e80b172a86e9cd462cf9ca748d,1564.30,60.54,6.341500928,55000,55000
e5d17a12ae5af7e80b172a86e9cd462cf9ca748d,1567.07,60.70,6.343026068,55000,55000
e5d17a12ae5af7e80b172a86e9cd462cf9ca748d,1552.75,60.16,6.293436409,55000,55000
e5d17a12ae5af7e80b172a86e9cd462cf9ca748d,1599.59,61.91,6.499728629,54000,55000
e5d17a12ae5af7e80b172a86e9cd462cf9ca748d,1551.45,60.19,6.277849196,55000,54000
e5d17a12ae5af7e80b172a86e9cd462cf9ca748d,1555.37,60.21,6.302009251,54000,55000
e5d17a12ae5af7e80b172a86e9cd462cf9ca748d,1553.62,60.27,6.298798746,55000,55000
e5d17a12ae5af7e80b172a86e9cd462cf9ca748d,1560.97,60.40,6.322352388,54000,54000
e5d17a12ae5af7e80b172a86e9cd462cf9ca748d,1565.48,60.76,6.350020895,55000,54000
e5d17a12ae5af7e80b172a86e9cd462cf9ca748d,1573.73,61.10,6.381743981,54000,54000
e5d17a12ae5af7e80b172a86e9cd462cf9ca748d,1547.26,59.73,6.285159428,54000,54000
e5d17a12ae5af7e80b172a86e9cd462cf9ca748d,1559.82,60.67,6.303261671,56000,54000
e5d17a12ae5af7e80b172a86e9cd462cf9ca748d,1562.87,60.87,6.324614141,55000,55000
e5d17a12ae5af7e80b172a86e9cd462cf9ca748d,1566.48,60.76,6.352906821,55000,55000
e5d17a12ae5af7e80b172a86e9cd462cf9ca748d,1558.89,60.35,6.331580069,54000,55000
e5d17a12ae5af7e80b172a86e9cd462cf9ca748d,1553.50,60.37,6.288022545,54000,55000
e5d17a12ae5af7e80b172a86e9cd462cf9ca748d,1559.78,60.67,6.306694168,54000,54000
e5d17a12ae5af7e80b172a86e9cd462cf9ca748d,1536.55,59.81,6.233185720,54000,54000
e5d17a12ae5af7e80b172a86e9cd462cf9ca748d,1568.92,61.13,6.357636496,55000,54000
e5d17a12ae5af7e80b172a86e9cd462cf9ca748d,1574.70,60.92,6.399505052,54000,55000
e5d17a12ae5af7e80b172a86e9cd462cf9ca748d,1551.82,60.10,6.302434441,54000,54000
e5d17a12ae5af7e80b172a86e9cd462cf9ca748d,1520.57,59.11,6.169949064,55000,54000
e5d17a12ae5af7e80b172a86e9cd462cf9ca748d,1551.37,60.29,6.285678171,55000,54000
e5d17a12ae5af7e80b172a86e9cd462cf9ca748d,1573.44,60.90,6.390538075,54000,54000
81709c3a3ba89ce8796c91b876a284a062eb763f,1543.32,60.33,6.291401010,55000,54000
81709c3a3ba89ce8796c91b876a284a062eb763f,1558.20,60.11,6.334174609,55000,54000
81709c3a3ba89ce8796c91b876a284a062eb763f,1532.83,59.29,6.209370892,54000,55000
81709c3a3ba89ce8796c91b876a284a062eb763f,1572.89,61.23,6.349748321,56000,55000
81709c3a3ba89ce8796c91b876a284a062eb763f,1554.36,60.37,6.298030058,54000,55000
81709c3a3ba89ce8796c91b876a284a062eb763f,1544.90,59.70,6.272957634,54000,55000
81709c3a3ba89ce8796c91b876a284a062eb763f,1560.32,60.37,6.321738083,55000,55000
81709c3a3ba89ce8796c91b876a284a062eb763f,1563.71,60.17,6.346611313,54000,55000
81709c3a3ba89ce8796c91b876a284a062eb763f,1579.23,61.17,6.410884266,54000,54000
81709c3a3ba89ce8796c91b876a284a062eb763f,1539.28,59.73,6.227267066,55000,56000
81709c3a3ba89ce8796c91b876a284a062eb763f,1551.28,60.10,6.278726242,54000,55000
81709c3a3ba89ce8796c91b876a284a062eb763f,1558.40,60.46,6.294454401,55000,55000
81709c3a3ba89ce8796c91b876a284a062eb763f,1572.98,60.83,6.386650373,54000,54000
81709c3a3ba89ce8796c91b876a284a062eb763f,1564.41,60.71,6.344059115,55000,56000
81709c3a3ba89ce8796c91b876a284a062eb763f,1557.28,60.69,6.307260626,56000,55000
81709c3a3ba89ce8796c91b876a284a062eb763f,1533.19,59.28,6.223571505,55000,55000
81709c3a3ba89ce8796c91b876a284a062eb763f,1561.39,60.54,6.317891263,56000,55000
81709c3a3ba89ce8796c91b876a284a062eb763f,1552.63,60.26,6.300364033,55000,54000
81709c3a3ba89ce8796c91b876a284a062eb763f,1526.53,59.07,6.185688395,55000,54000
81709c3a3ba89ce8796c91b876a284a062eb763f,1553.66,60.26,6.290253619,55000,55000
81709c3a3ba89ce8796c91b876a284a062eb763f,1558.40,60.36,6.312160144,54000,54000
81709c3a3ba89ce8796c91b876a284a062eb763f,1562.16,60.73,6.324720994,54000,54000
81709c3a3ba89ce8796c91b876a284a062eb763f,1543.52,59.84,6.260258543,54000,55000
81709c3a3ba89ce8796c91b876a284a062eb763f,1558.60,60.44,6.315944091,55000,55000
81709c3a3ba89ce8796c91b876a284a062eb763f,1543.39,59.98,6.245263799,55000,55000
81709c3a3ba89ce8796c91b876a284a062eb763f,1532.81,59.66,6.215597094,54000,55000
81709c3a3ba89ce8796c91b876a284a062eb763f,1558.62,60.75,6.298003945,55000,56000
81709c3a3ba89ce8796c91b876a284a062eb763f,1554.31,60.56,6.298724890,54000,54000
81709c3a3ba89ce8796c91b876a284a062eb763f,1559.25,60.45,6.331405546,55000,54000
81709c3a3ba89ce8796c91b876a284a062eb763f,1551.83,60.20,6.294822653,55000,55000
3a7d98e5ec177a6030635f55c9d51600de0b91dc,1149.76,44.51,4.731881140,55000,56000
3a7d98e5ec177a6030635f55c9d51600de0b91dc,1179.72,45.53,4.822716814,55000,55000
3a7d98e5ec177a6030635f55c9d51600de0b91dc,1163.02,44.91,4.745551415,54000,54000
3a7d98e5ec177a6030635f55c9d51600de0b91dc,1172.43,45.38,4.780365307,55000,54000
3a7d98e5ec177a6030635f55c9d51600de0b91dc,1172.78,45.04,4.793821404,55000,55000
3a7d98e5ec177a6030635f55c9d51600de0b91dc,1174.64,45.37,4.792748562,54000,54000
3a7d98e5ec177a6030635f55c9d51600de0b91dc,1154.16,44.33,4.719995215,54000,54000
3a7d98e5ec177a6030635f55c9d51600de0b91dc,1170.42,45.03,4.768417812,55000,55000
3a7d98e5ec177a6030635f55c9d51600de0b91dc,1166.35,44.77,4.761411505,55000,54000
3a7d98e5ec177a6030635f55c9d51600de0b91dc,1175.16,45.11,4.787642392,55000,54000
3a7d98e5ec177a6030635f55c9d51600de0b91dc,1163.16,44.87,4.734559446,55000,55000
3a7d98e5ec177a6030635f55c9d51600de0b91dc,1173.58,45.34,4.781663175,55000,54000
3a7d98e5ec177a6030635f55c9d51600de0b91dc,1186.80,45.74,4.833152736,54000,55000
3a7d98e5ec177a6030635f55c9d51600de0b91dc,1194.29,46.01,4.874778513,56000,55000
3a7d98e5ec177a6030635f55c9d51600de0b91dc,1157.77,44.51,4.723431529,54000,56000
3a7d98e5ec177a6030635f55c9d51600de0b91dc,1187.53,45.75,4.837372761,55000,55000
3a7d98e5ec177a6030635f55c9d51600de0b91dc,1156.28,44.57,4.718306106,54000,55000
3a7d98e5ec177a6030635f55c9d51600de0b91dc,1167.20,44.95,4.762504842,55000,54000
3a7d98e5ec177a6030635f55c9d51600de0b91dc,1166.32,44.90,4.753309386,54000,54000
3a7d98e5ec177a6030635f55c9d51600de0b91dc,1166.37,44.89,4.761260265,54000,55000
3a7d98e5ec177a6030635f55c9d51600de0b91dc,1179.94,45.55,4.806942759,54000,55000
3a7d98e5ec177a6030635f55c9d51600de0b91dc,1174.05,45.38,4.785913158,55000,54000
3a7d98e5ec177a6030635f55c9d51600de0b91dc,1175.18,45.29,4.790264444,54000,55000
3a7d98e5ec177a6030635f55c9d51600de0b91dc,1164.43,44.83,4.749063030,55000,55000
3a7d98e5ec177a6030635f55c9d51600de0b91dc,1179.64,45.57,4.800700111,55000,55000
3a7d98e5ec177a6030635f55c9d51600de0b91dc,1157.06,44.48,4.716534894,55000,54000
3a7d98e5ec177a6030635f55c9d51600de0b91dc,1168.43,45.19,4.750388568,54000,54000
3a7d98e5ec177a6030635f55c9d51600de0b91dc,1154.11,44.64,4.703286260,55000,54000
3a7d98e5ec177a6030635f55c9d51600de0b91dc,1164.14,44.90,4.748380689,55000,54000
3a7d98e5ec177a6030635f55c9d51600de0b91dc,1155.47,44.45,4.717382806,55000,55000
5d29845a4eae6e81bc7f8b31b071ca30beef7705,1266.68,49.15,5.163544554,56000,55000
5d29845a4eae6e81bc7f8b31b071ca30beef7705,1248.23,48.21,5.074433591,54000,54000
5d29845a4eae6e81bc7f8b31b071ca30beef7705,1275.62,49.24,5.179944976,55000,56000
5d29845a4eae6e81bc7f8b31b071ca30beef7705,1293.31,50.18,5.253939838,54000,54000
5d29845a4eae6e81bc7f8b31b071ca30beef7705,1287.22,49.71,5.241242349,55000,54000
5d29845a4eae6e81bc7f8b31b071ca30beef7705,1256.62,48.46,5.108771591,54000,54000
5d29845a4eae6e81bc7f8b31b071ca30beef7705,1253.42,48.34,5.103308554,54000,55000
5d29845a4eae6e81bc7f8b31b071ca30beef7705,1266.45,49.04,5.145076121,55000,55000
5d29845a4eae6e81bc7f8b31b071ca30beef7705,1255.24,48.37,5.116466087,54000,55000
5d29845a4eae6e81bc7f8b31b071ca30beef7705,1264.41,48.84,5.140233472,54000,55000
5d29845a4eae6e81bc7f8b31b071ca30beef7705,1265.34,48.81,5.141094772,54000,54000
5d29845a4eae6e81bc7f8b31b071ca30beef7705,1248.44,48.07,5.100421487,55000,54000
5d29845a4eae6e81bc7f8b31b071ca30beef7705,1272.65,48.99,5.173962834,56000,55000
5d29845a4eae6e81bc7f8b31b071ca30beef7705,1281.67,49.57,5.220221724,55000,54000
5d29845a4eae6e81bc7f8b31b071ca30beef7705,1270.74,48.93,5.155555612,54000,55000
5d29845a4eae6e81bc7f8b31b071ca30beef7705,1271.62,49.09,5.184987986,55000,56000
5d29845a4eae6e81bc7f8b31b071ca30beef7705,1245.20,47.87,5.077524787,55000,54000
5d29845a4eae6e81bc7f8b31b071ca30beef7705,1284.88,49.65,5.234360306,55000,54000
5d29845a4eae6e81bc7f8b31b071ca30beef7705,1270.63,48.99,5.178962737,55000,55000
5d29845a4eae6e81bc7f8b31b071ca30beef7705,1272.13,49.35,5.164752950,56000,54000
5d29845a4eae6e81bc7f8b31b071ca30beef7705,1263.07,48.78,5.142050254,54000,55000
5d29845a4eae6e81bc7f8b31b071ca30beef7705,1266.90,49.01,5.141387760,55000,56000
5d29845a4eae6e81bc7f8b31b071ca30beef7705,1282.16,49.57,5.209964906,54000,55000
5d29845a4eae6e81bc7f8b31b071ca30beef7705,1282.45,49.72,5.217849348,55000,55000
5d29845a4eae6e81bc7f8b31b071ca30beef7705,1269.31,49.23,5.159273304,54000,55000
5d29845a4eae6e81bc7f8b31b071ca30beef7705,1272.42,49.25,5.191703845,54000,54000
5d29845a4eae6e81bc7f8b31b071ca30beef7705,1257.65,48.69,5.113999945,54000,55000
5d29845a4eae6e81bc7f8b31b071ca30beef7705,1268.31,49.15,5.150814175,54000,55000
5d29845a4eae6e81bc7f8b31b071ca30beef7705,1271.40,49.27,5.187735680,55000,56000
5d29845a4eae6e81bc7f8b31b071ca30beef7705,1290.77,49.89,5.245740821,54000,55000
a6ee0737b95d9ba16a2a433a515100499ce8b69c,1164.27,44.86,4.758668931,55000,54000
a6ee0737b95d9ba16a2a433a515100499ce8b69c,1165.18,44.76,4.757482185,55000,54000
a6ee0737b95d9ba16a2a433a515100499ce8b69c,1171.99,45.18,4.784770051,55000,54000
a6ee0737b95d9ba16a2a433a515100499ce8b69c,1170.66,44.91,4.779922839,54000,54000
a6ee0737b95d9ba16a2a433a515100499ce8b69c,1177.23,45.46,4.799622786,54000,55000
a6ee0737b95d9ba16a2a433a515100499ce8b69c,1171.32,44.94,4.788689218,55000,55000
a6ee0737b95d9ba16a2a433a515100499ce8b69c,1163.89,44.78,4.751990700,55000,55000
a6ee0737b95d9ba16a2a433a515100499ce8b69c,1189.20,45.73,4.837271721,54000,55000
a6ee0737b95d9ba16a2a433a515100499ce8b69c,1162.30,44.55,4.742305401,54000,55000
a6ee0737b95d9ba16a2a433a515100499ce8b69c,1178.70,45.50,4.809848252,55000,54000
a6ee0737b95d9ba16a2a433a515100499ce8b69c,1184.97,45.85,4.829637824,54000,55000
a6ee0737b95d9ba16a2a433a515100499ce8b69c,1162.36,44.69,4.742551790,54000,55000
a6ee0737b95d9ba16a2a433a515100499ce8b69c,1177.15,45.37,4.794438206,54000,54000
a6ee0737b95d9ba16a2a433a515100499ce8b69c,1161.30,44.64,4.745881015,54000,55000
a6ee0737b95d9ba16a2a433a515100499ce8b69c,1169.34,45.06,4.769935243,55000,54000
a6ee0737b95d9ba16a2a433a515100499ce8b69c,1162.95,44.79,4.745357834,55000,55000
a6ee0737b95d9ba16a2a433a515100499ce8b69c,1167.68,45.13,4.757203043,56000,54000
a6ee0737b95d9ba16a2a433a515100499ce8b69c,1171.55,45.22,4.784432832,55000,54000
a6ee0737b95d9ba16a2a433a515100499ce8b69c,1165.29,44.98,4.748263960,54000,54000
a6ee0737b95d9ba16a2a433a515100499ce8b69c,1180.19,45.74,4.808306954,54000,55000
a6ee0737b95d9ba16a2a433a515100499ce8b69c,1168.06,44.99,4.762552543,54000,55000
a6ee0737b95d9ba16a2a433a515100499ce8b69c,1179.77,45.55,4.813532948,55000,54000
a6ee0737b95d9ba16a2a433a515100499ce8b69c,1171.28,45.19,4.778608343,54000,54000
a6ee0737b95d9ba16a2a433a515100499ce8b69c,1181.62,45.39,4.837565012,55000,54000
a6ee0737b95d9ba16a2a433a515100499ce8b69c,1158.10,44.78,4.720684988,54000,54000
a6ee0737b95d9ba16a2a433a515100499ce8b69c,1163.57,44.88,4.748647812,54000,54000
a6ee0737b95d9ba16a2a433a515100499ce8b69c,1149.99,44.36,4.701405777,55000,55000
a6ee0737b95d9ba16a2a433a515100499ce8b69c,1176.17,45.44,4.790316393,55000,54000
a6ee0737b95d9ba16a2a433a515100499ce8b69c,1170.36,44.83,4.782356828,54000,54000
a6ee0737b95d9ba16a2a433a515100499ce8b69c,1180.56,45.36,4.824593340,55000,55000
dd16aba8f40865b1835bd0891aa856d3d095fea3,1163.63,44.71,4.758442350,55000,54000
dd16aba8f40865b1835bd0891aa856d3d095fea3,1180.27,45.32,4.820389059,55000,54000
dd16aba8f40865b1835bd0891aa856d3d095fea3,1175.07,45.19,4.794924841,55000,55000
dd16aba8f40865b1835bd0891aa856d3d095fea3,1171.09,44.91,4.785423971,54000,54000
dd16aba8f40865b1835bd0891aa856d3d095fea3,1160.23,44.74,4.731366805,54000,54000
dd16aba8f40865b1835bd0891aa856d3d095fea3,1175.38,45.29,4.788341838,55000,55000
dd16aba8f40865b1835bd0891aa856d3d095fea3,1150.46,44.16,4.692889475,54000,54000
dd16aba8f40865b1835bd0891aa856d3d095fea3,1178.79,45.32,4.802339897,56000,56000
dd16aba8f40865b1835bd0891aa856d3d095fea3,1176.67,45.51,4.789526468,55000,55000
dd16aba8f40865b1835bd0891aa856d3d095fea3,1160.99,44.92,4.732430265,55000,54000
dd16aba8f40865b1835bd0891aa856d3d095fea3,1179.23,45.52,4.795952488,55000,54000
dd16aba8f40865b1835bd0891aa856d3d095fea3,1170.35,45.10,4.774552641,55000,54000
dd16aba8f40865b1835bd0891aa856d3d095fea3,1162.58,44.74,4.747335590,54000,54000
dd16aba8f40865b1835bd0891aa856d3d095fea3,1175.20,45.14,4.794657232,55000,54000
dd16aba8f40865b1835bd0891aa856d3d095fea3,1167.28,45.08,4.770755745,54000,55000
dd16aba8f40865b1835bd0891aa856d3d095fea3,1171.35,45.20,4.781688019,54000,54000
dd16aba8f40865b1835bd0891aa856d3d095fea3,1187.89,45.82,4.842617235,55000,54000
dd16aba8f40865b1835bd0891aa856d3d095fea3,1165.53,45.03,4.757245893,55000,56000
dd16aba8f40865b1835bd0891aa856d3d095fea3,1166.69,44.89,4.768328448,54000,54000
dd16aba8f40865b1835bd0891aa856d3d095fea3,1187.37,45.82,4.845634587,54000,54000
dd16aba8f40865b1835bd0891aa856d3d095fea3,1174.05,45.28,4.796283653,56000,55000
dd16aba8f40865b1835bd0891aa856d3d095fea3,1171.81,45.21,4.779881587,54000,54000
dd16aba8f40865b1835bd0891aa856d3d095fea3,1175.03,45.44,4.787673847,56000,54000
dd16aba8f40865b1835bd0891aa856d3d095fea3,1168.01,45.01,4.762353624,54000,54000
dd16aba8f40865b1835bd0891aa856d3d095fea3,1197.59,46.19,4.885498089,55000,55000
dd16aba8f40865b1835bd0891aa856d3d095fea3,1177.70,45.33,4.799438131,54000,54000
dd16aba8f40865b1835bd0891aa856d3d095fea3,1177.15,45.43,4.807662322,54000,55000
dd16aba8f40865b1835bd0891aa856d3d095fea3,1152.83,44.26,4.704728444,56000,54000
dd16aba8f40865b1835bd0891aa856d3d095fea3,1159.42,44.62,4.732897946,56000,54000
dd16aba8f40865b1835bd0891aa856d3d095fea3,1172.76,44.97,4.780269317,55000,54000
f1acbcd1358915ca0b9dbb11da4e89a986fce219,1177.25,45.44,4.807917835,55000,55000
f1acbcd1358915ca0b9dbb11da4e89a986fce219,1173.18,45.22,4.778519285,54000,55000
f1acbcd1358915ca0b9dbb11da4e89a986fce219,1168.88,45.21,4.751452581,56000,55000
f1acbcd1358915ca0b9dbb11da4e89a986fce219,1161.99,44.92,4.743195195,55000,54000
f1acbcd1358915ca0b9dbb11da4e89a986fce219,1176.83,45.17,4.809834163,55000,54000
f1acbcd1358915ca0b9dbb11da4e89a986fce219,1179.87,45.41,4.809523728,55000,54000
f1acbcd1358915ca0b9dbb11da4e89a986fce219,1170.45,44.94,4.772700667,54000,55000
f1acbcd1358915ca0b9dbb11da4e89a986fce219,1176.53,45.32,4.809645439,55000,55000
f1acbcd1358915ca0b9dbb11da4e89a986fce219,1172.94,45.05,4.784191285,54000,54000
f1acbcd1358915ca0b9dbb11da4e89a986fce219,1179.66,45.36,4.814125357,54000,54000
f1acbcd1358915ca0b9dbb11da4e89a986fce219,1184.74,45.65,4.827426852,55000,55000
f1acbcd1358915ca0b9dbb11da4e89a986fce219,1171.07,45.09,4.770430379,54000,55000
f1acbcd1358915ca0b9dbb11da4e89a986fce219,1167.91,45.01,4.765948746,55000,54000
f1acbcd1358915ca0b9dbb11da4e89a986fce219,1197.02,46.10,4.872126125,55000,56000
f1acbcd1358915ca0b9dbb11da4e89a986fce219,1178.87,45.63,4.803880949,55000,55000
f1acbcd1358915ca0b9dbb11da4e89a986fce219,1161.39,44.77,4.735650061,55000,54000
f1acbcd1358915ca0b9dbb11da4e89a986fce219,1180.42,45.42,4.811531114,54000,55000
f1acbcd1358915ca0b9dbb11da4e89a986fce219,1170.63,45.08,4.778872066,54000,54000
f1acbcd1358915ca0b9dbb11da4e89a986fce219,1176.82,45.40,4.804248845,55000,54000
f1acbcd1358915ca0b9dbb11da4e89a986fce219,1173.70,45.38,4.786115624,54000,54000
f1acbcd1358915ca0b9dbb11da4e89a986fce219,1164.21,44.88,4.745330618,54000,54000
f1acbcd1358915ca0b9dbb11da4e89a986fce219,1171.29,45.16,4.780327911,54000,54000
f1acbcd1358915ca0b9dbb11da4e89a986fce219,1189.17,45.68,4.865077522,55000,54000
f1acbcd1358915ca0b9dbb11da4e89a986fce219,1180.76,45.48,4.811640617,54000,55000
f1acbcd1358915ca0b9dbb11da4e89a986fce219,1151.15,44.31,4.708349925,54000,55000
f1acbcd1358915ca0b9dbb11da4e89a986fce219,1165.57,44.81,4.768077849,54000,54000
f1acbcd1358915ca0b9dbb11da4e89a986fce219,1176.32,45.27,4.811870539,55000,55000
f1acbcd1358915ca0b9dbb11da4e89a986fce219,1176.26,45.19,4.805946243,54000,54000
f1acbcd1358915ca0b9dbb11da4e89a986fce219,1193.93,46.39,4.877564574,54000,54000
f1acbcd1358915ca0b9dbb11da4e89a986fce219,1176.58,45.56,4.794914455,54000,54000
38f3ec7058c26e775cd0cb1b96840ff1d566f10e,1161.70,44.66,4.737341928,55000,56000
38f3ec7058c26e775cd0cb1b96840ff1d566f10e,1179.11,45.41,4.809689326,54000,56000
38f3ec7058c26e775cd0cb1b96840ff1d566f10e,1189.81,45.67,4.865370506,54000,55000
38f3ec7058c26e775cd0cb1b96840ff1d566f10e,1172.85,45.25,4.777405130,54000,54000
38f3ec7058c26e775cd0cb1b96840ff1d566f10e,1189.71,45.85,4.858563675,55000,54000
38f3ec7058c26e775cd0cb1b96840ff1d566f10e,1169.35,44.92,4.772295271,56000,55000
38f3ec7058c26e775cd0cb1b96840ff1d566f10e,1192.34,45.73,4.877593589,54000,54000
38f3ec7058c26e775cd0cb1b96840ff1d566f10e,1179.14,45.50,4.807798210,54000,55000
38f3ec7058c26e775cd0cb1b96840ff1d566f10e,1178.61,45.25,4.803601419,54000,54000
38f3ec7058c26e775cd0cb1b96840ff1d566f10e,1169.50,45.23,4.765219049,55000,54000
38f3ec7058c26e775cd0cb1b96840ff1d566f10e,1175.39,45.18,4.810815081,55000,55000
38f3ec7058c26e775cd0cb1b96840ff1d566f10e,1161.44,44.83,4.725351679,54000,55000
38f3ec7058c26e775cd0cb1b96840ff1d566f10e,1181.13,45.62,4.809773681,56000,54000
38f3ec7058c26e775cd0cb1b96840ff1d566f10e,1180.02,45.56,4.820740120,56000,55000
38f3ec7058c26e775cd0cb1b96840ff1d566f10e,1164.08,44.77,4.749862895,55000,54000
38f3ec7058c26e775cd0cb1b96840ff1d566f10e,1158.55,44.71,4.730099724,55000,54000
38f3ec7058c26e775cd0cb1b96840ff1d566f10e,1172.83,45.27,4.786007331,55000,54000
38f3ec7058c26e775cd0cb1b96840ff1d566f10e,1168.26,45.07,4.768482538,55000,54000
38f3ec7058c26e775cd0cb1b96840ff1d566f10e,1191.99,46.02,4.871624274,55000,54000
38f3ec7058c26e775cd0cb1b96840ff1d566f10e,1184.04,45.78,4.824198802,55000,55000
38f3ec7058c26e775cd0cb1b96840ff1d566f10e,1173.57,45.35,4.781190664,56000,55000
38f3ec7058c26e775cd0cb1b96840ff1d566f10e,1174.23,45.34,4.783385408,54000,54000
38f3ec7058c26e775cd0cb1b96840ff1d566f10e,1162.47,45.00,4.744227106,54000,54000
38f3ec7058c26e775cd0cb1b96840ff1d566f10e,1162.07,44.99,4.742615418,54000,54000
38f3ec7058c26e775cd0cb1b96840ff1d566f10e,1160.78,44.79,4.745363753,56000,54000
38f3ec7058c26e775cd0cb1b96840ff1d566f10e,1198.16,46.35,4.874702895,54000,55000
38f3ec7058c26e775cd0cb1b96840ff1d566f10e,1177.80,45.46,4.805059386,54000,55000
38f3ec7058c26e775cd0cb1b96840ff1d566f10e,1153.14,44.37,4.709988518,54000,54000
38f3ec7058c26e775cd0cb1b96840ff1d566f10e,1164.73,44.90,4.751531306,54000,54000
38f3ec7058c26e775cd0cb1b96840ff1d566f10e,1178.48,45.51,4.806991050,54000,54000
7a8ec4ce48874a7afdc9c9236c8282f735da5d76,1160.57,44.83,4.746075443,54000,55000
7a8ec4ce48874a7afdc9c9236c8282f735da5d76,1179.77,45.42,4.815400412,55000,55000
7a8ec4ce48874a7afdc9c9236c8282f735da5d76,1184.29,45.68,4.834717458,54000,54000
7a8ec4ce48874a7afdc9c9236c8282f735da5d76,1168.12,44.98,4.766127880,55000,54000
7a8ec4ce48874a7afdc9c9236c8282f735da5d76,1168.43,45.02,4.769758570,56000,55000
7a8ec4ce48874a7afdc9c9236c8282f735da5d76,1196.23,46.06,4.891662103,55000,54000
7a8ec4ce48874a7afdc9c9236c8282f735da5d76,1172.11,45.07,4.778433818,54000,54000
7a8ec4ce48874a7afdc9c9236c8282f735da5d76,1172.34,45.05,4.779380989,55000,54000
7a8ec4ce48874a7afdc9c9236c8282f735da5d76,1172.96,45.23,4.784042831,54000,54000
7a8ec4ce48874a7afdc9c9236c8282f735da5d76,1171.92,45.04,4.790918646,55000,55000
7a8ec4ce48874a7afdc9c9236c8282f735da5d76,1174.23,45.24,4.791481874,55000,55000
7a8ec4ce48874a7afdc9c9236c8282f735da5d76,1167.35,44.87,4.755693477,55000,55000
7a8ec4ce48874a7afdc9c9236c8282f735da5d76,1160.60,44.87,4.745383460,54000,55000
7a8ec4ce48874a7afdc9c9236c8282f735da5d76,1185.94,45.79,4.825955619,56000,54000
7a8ec4ce48874a7afdc9c9236c8282f735da5d76,1167.69,44.82,4.765309424,55000,55000
7a8ec4ce48874a7afdc9c9236c8282f735da5d76,1172.46,45.28,4.774348089,55000,55000
7a8ec4ce48874a7afdc9c9236c8282f735da5d76,1170.85,45.08,4.763604078,55000,55000
7a8ec4ce48874a7afdc9c9236c8282f735da5d76,1164.84,44.79,4.753641559,55000,56000
7a8ec4ce48874a7afdc9c9236c8282f735da5d76,1159.45,44.68,4.729185015,55000,55000
7a8ec4ce48874a7afdc9c9236c8282f735da5d76,1190.13,45.88,4.853717722,54000,54000
7a8ec4ce48874a7afdc9c9236c8282f735da5d76,1186.50,45.82,4.844166657,55000,56000
7a8ec4ce48874a7afdc9c9236c8282f735da5d76,1182.59,45.83,4.812880389,54000,54000
7a8ec4ce48874a7afdc9c9236c8282f735da5d76,1164.30,44.97,4.746389354,54000,55000
7a8ec4ce48874a7afdc9c9236c8282f735da5d76,1156.68,44.56,4.715438313,55000,54000
7a8ec4ce48874a7afdc9c9236c8282f735da5d76,1152.84,44.40,4.704594241,55000,54000
7a8ec4ce48874a7afdc9c9236c8282f735da5d76,1164.78,44.96,4.749432396,55000,54000
7a8ec4ce48874a7afdc9c9236c8282f735da5d76,1163.03,44.78,4.750734280,54000,54000
7a8ec4ce48874a7afdc9c9236c8282f735da5d76,1182.95,45.82,4.819709878,54000,55000
7a8ec4ce48874a7afdc9c9236c8282f735da5d76,1184.45,45.69,4.844948475,54000,54000
7a8ec4ce48874a7afdc9c9236c8282f735da5d76,1146.56,44.27,4.690745301,54000,55000
966e31057201b2ba5d2112b3a281325f972e156c,1161.51,44.54,4.744075581,55000,54000
966e31057201b2ba5d2112b3a281325f972e156c,1166.48,45.04,4.756317021,55000,55000
966e31057201b2ba5d2112b3a281325f972e156c,1163.62,44.79,4.747743744,55000,55000
966e31057201b2ba5d2112b3a281325f972e156c,1165.19,44.86,4.758396388,55000,54000
966e31057201b2ba5d2112b3a281325f972e156c,1169.68,45.01,4.764265629,54000,55000
966e31057201b2ba5d2112b3a281325f972e156c,1177.26,45.22,4.817866487,54000,54000
966e31057201b2ba5d2112b3a281325f972e156c,1157.87,44.51,4.723832680,54000,55000
966e31057201b2ba5d2112b3a281325f972e156c,1174.26,45.30,4.784719071,54000,54000
966e31057201b2ba5d2112b3a281325f972e156c,1178.59,45.39,4.806006803,55000,55000
966e31057201b2ba5d2112b3a281325f972e156c,1161.77,44.61,4.734245003,55000,54000
966e31057201b2ba5d2112b3a281325f972e156c,1168.82,45.03,4.767316156,54000,54000
966e31057201b2ba5d2112b3a281325f972e156c,1189.12,45.81,4.843723160,56000,55000
966e31057201b2ba5d2112b3a281325f972e156c,1178.12,45.38,4.801114016,55000,54000
966e31057201b2ba5d2112b3a281325f972e156c,1173.83,45.16,4.800621009,55000,55000
966e31057201b2ba5d2112b3a281325f972e156c,1171.49,45.24,4.783934078,56000,54000
966e31057201b2ba5d2112b3a281325f972e156c,1181.46,45.49,4.815114456,55000,54000
966e31057201b2ba5d2112b3a281325f972e156c,1180.57,45.37,4.812350716,55000,54000
966e31057201b2ba5d2112b3a281325f972e156c,1172.96,45.18,4.780933719,54000,55000
966e31057201b2ba5d2112b3a281325f972e156c,1164.85,44.95,4.755110262,54000,55000
966e31057201b2ba5d2112b3a281325f972e156c,1178.56,45.40,4.822049320,55000,54000
966e31057201b2ba5d2112b3a281325f972e156c,1186.75,45.69,4.832915036,54000,54000
966e31057201b2ba5d2112b3a281325f972e156c,1180.02,45.67,4.804263370,54000,55000
966e31057201b2ba5d2112b3a281325f972e156c,1174.96,45.40,4.784768864,54000,55000
966e31057201b2ba5d2112b3a281325f972e156c,1170.51,45.18,4.777447724,55000,55000
966e31057201b2ba5d2112b3a281325f972e156c,1175.70,45.40,4.797556616,54000,54000
966e31057201b2ba5d2112b3a281325f972e156c,1177.48,45.61,4.802853613,55000,54000
966e31057201b2ba5d2112b3a281325f972e156c,1181.41,45.84,4.815982012,56000,54000
966e31057201b2ba5d2112b3a281325f972e156c,1166.27,44.85,4.756519885,55000,55000
966e31057201b2ba5d2112b3a281325f972e156c,1187.23,45.72,4.852793675,54000,54000
966e31057201b2ba5d2112b3a281325f972e156c,1174.07,45.28,4.784684320,54000,55000
483b2e416e8cb5770aa18ee401d9cfe8262d08de,1177.26,45.35,4.812062233,55000,55000
483b2e416e8cb5770aa18ee401d9cfe8262d08de,1168.75,45.00,4.765109458,55000,55000
483b2e416e8cb5770aa18ee401d9cfe8262d08de,1179.29,45.65,4.806067933,55000,55000
483b2e416e8cb5770aa18ee401d9cfe8262d08de,1192.32,45.86,4.863822329,54000,55000
483b2e416e8cb5770aa18ee401d9cfe8262d08de,1167.09,44.96,4.760915935,54000,54000
483b2e416e8cb5770aa18ee401d9cfe8262d08de,1173.76,45.40,4.782385392,54000,54000
483b2e416e8cb5770aa18ee401d9cfe8262d08de,1173.43,45.18,4.783184898,54000,55000
483b2e416e8cb5770aa18ee401d9cfe8262d08de,1160.12,44.60,4.733946766,54000,55000
483b2e416e8cb5770aa18ee401d9cfe8262d08de,1163.10,44.85,4.747790020,55000,54000
483b2e416e8cb5770aa18ee401d9cfe8262d08de,1149.98,44.24,4.703232856,54000,55000
483b2e416e8cb5770aa18ee401d9cfe8262d08de,1160.80,44.77,4.742862280,55000,54000
483b2e416e8cb5770aa18ee401d9cfe8262d08de,1172.53,45.18,4.778857041,55000,55000
483b2e416e8cb5770aa18ee401d9cfe8262d08de,1177.06,45.22,4.808230692,55000,55000
483b2e416e8cb5770aa18ee401d9cfe8262d08de,1177.66,45.45,4.803731439,55000,55000
483b2e416e8cb5770aa18ee401d9cfe8262d08de,1171.19,45.06,4.772660306,54000,54000
483b2e416e8cb5770aa18ee401d9cfe8262d08de,1175.69,45.41,4.782208095,54000,54000
483b2e416e8cb5770aa18ee401d9cfe8262d08de,1181.00,45.45,4.813945190,55000,55000
483b2e416e8cb5770aa18ee401d9cfe8262d08de,1167.34,44.84,4.763115292,55000,55000
483b2e416e8cb5770aa18ee401d9cfe8262d08de,1183.79,45.62,4.835662489,55000,54000
483b2e416e8cb5770aa18ee401d9cfe8262d08de,1158.65,44.62,4.730929025,54000,54000
483b2e416e8cb5770aa18ee401d9cfe8262d08de,1183.02,45.60,4.826048677,54000,54000
483b2e416e8cb5770aa18ee401d9cfe8262d08de,1172.73,45.18,4.792353360,54000,55000
483b2e416e8cb5770aa18ee401d9cfe8262d08de,1162.48,44.97,4.745075694,54000,55000
483b2e416e8cb5770aa18ee401d9cfe8262d08de,1183.61,45.60,4.825990339,54000,54000
483b2e416e8cb5770aa18ee401d9cfe8262d08de,1182.15,45.60,4.818766966,55000,54000
483b2e416e8cb5770aa18ee401d9cfe8262d08de,1168.53,45.16,4.767751774,55000,55000
483b2e416e8cb5770aa18ee401d9cfe8262d08de,1172.66,45.27,4.787402559,55000,55000
483b2e416e8cb5770aa18ee401d9cfe8262d08de,1164.76,45.13,4.756442887,55000,55000
483b2e416e8cb5770aa18ee401d9cfe8262d08de,1172.58,45.21,4.795357166,54000,55000
483b2e416e8cb5770aa18ee401d9cfe8262d08de,1170.87,45.12,4.776374980,54000,54000
708904a3c8b72917b30237ad9935d38dc0ab3810,1157.57,44.94,4.757196297,56000,54000
708904a3c8b72917b30237ad9935d38dc0ab3810,1156.15,44.17,4.715777702,54000,54000
708904a3c8b72917b30237ad9935d38dc0ab3810,1161.07,44.59,4.737468336,55000,54000
708904a3c8b72917b30237ad9935d38dc0ab3810,1168.82,45.03,4.775215194,54000,54000
708904a3c8b72917b30237ad9935d38dc0ab3810,1196.32,46.07,4.887500275,55000,54000
708904a3c8b72917b30237ad9935d38dc0ab3810,1176.16,45.27,4.799147292,54000,54000
708904a3c8b72917b30237ad9935d38dc0ab3810,1174.36,45.25,4.792299024,55000,54000
708904a3c8b72917b30237ad9935d38dc0ab3810,1173.27,45.37,4.775701180,54000,55000
708904a3c8b72917b30237ad9935d38dc0ab3810,1174.39,45.08,4.810403981,54000,54000
708904a3c8b72917b30237ad9935d38dc0ab3810,1183.59,45.58,4.818663206,54000,54000
708904a3c8b72917b30237ad9935d38dc0ab3810,1157.16,44.46,4.720461661,55000,54000
708904a3c8b72917b30237ad9935d38dc0ab3810,1173.31,45.17,4.781755404,54000,55000
708904a3c8b72917b30237ad9935d38dc0ab3810,1158.18,44.67,4.728397254,55000,55000
708904a3c8b72917b30237ad9935d38dc0ab3810,1169.02,45.04,4.763003292,56000,55000
708904a3c8b72917b30237ad9935d38dc0ab3810,1163.43,44.61,4.747355409,55000,54000
708904a3c8b72917b30237ad9935d38dc0ab3810,1180.91,45.41,4.821917721,54000,54000
708904a3c8b72917b30237ad9935d38dc0ab3810,1170.52,44.85,4.775340005,54000,55000
708904a3c8b72917b30237ad9935d38dc0ab3810,1181.85,45.54,4.823561516,55000,54000
708904a3c8b72917b30237ad9935d38dc0ab3810,1178.36,45.49,4.799743594,54000,54000
708904a3c8b72917b30237ad9935d38dc0ab3810,1175.86,45.22,4.809951105,54000,55000
708904a3c8b72917b30237ad9935d38dc0ab3810,1167.35,44.87,4.765162577,54000,54000
708904a3c8b72917b30237ad9935d38dc0ab3810,1166.67,45.03,4.761112105,54000,54000
708904a3c8b72917b30237ad9935d38dc0ab3810,1159.33,44.74,4.733212435,55000,54000
708904a3c8b72917b30237ad9935d38dc0ab3810,1163.06,44.73,4.750032708,54000,54000
708904a3c8b72917b30237ad9935d38dc0ab3810,1178.19,45.56,4.792753008,54000,55000
708904a3c8b72917b30237ad9935d38dc0ab3810,1185.94,45.67,4.847684230,55000,55000
708904a3c8b72917b30237ad9935d38dc0ab3810,1163.05,44.82,4.751838638,55000,55000
708904a3c8b72917b30237ad9935d38dc0ab3810,1179.78,45.62,4.815619577,54000,55000
708904a3c8b72917b30237ad9935d38dc0ab3810,1154.90,44.40,4.717810349,54000,55000
708904a3c8b72917b30237ad9935d38dc0ab3810,1180.73,45.63,4.806274140,55000,54000
c229b4a8253aa2df10edbe815c329ac2e56a5861,1162.10,44.86,4.737265870,55000,54000
c229b4a8253aa2df10edbe815c329ac2e56a5861,1195.23,46.13,4.881402103,55000,54000
c229b4a8253aa2df10edbe815c329ac2e56a5861,1169.82,45.11,4.770922372,55000,55000
c229b4a8253aa2df10edbe815c329ac2e56a5861,1175.09,45.23,4.787505206,54000,55000
c229b4a8253aa2df10edbe815c329ac2e56a5861,1190.26,45.84,4.871096263,55000,55000
c229b4a8253aa2df10edbe815c329ac2e56a5861,1158.51,44.56,4.728665479,55000,56000
c229b4a8253aa2df10edbe815c329ac2e56a5861,1171.77,45.19,4.783132025,55000,55000
c229b4a8253aa2df10edbe815c329ac2e56a5861,1172.48,45.24,4.781515239,55000,54000
c229b4a8253aa2df10edbe815c329ac2e56a5861,1165.05,44.56,4.764068133,55000,55000
c229b4a8253aa2df10edbe815c329ac2e56a5861,1168.62,45.01,4.776862167,54000,54000
c229b4a8253aa2df10edbe815c329ac2e56a5861,1169.34,44.86,4.772653465,54000,55000
c229b4a8253aa2df10edbe815c329ac2e56a5861,1170.14,45.06,4.773819587,54000,55000
c229b4a8253aa2df10edbe815c329ac2e56a5861,1186.79,45.70,4.848494538,54000,55000
c229b4a8253aa2df10edbe815c329ac2e56a5861,1171.30,45.08,4.777594117,54000,54000
c229b4a8253aa2df10edbe815c329ac2e56a5861,1163.06,44.72,4.744863077,55000,55000
c229b4a8253aa2df10edbe815c329ac2e56a5861,1177.64,45.46,4.801868298,55000,54000
c229b4a8253aa2df10edbe815c329ac2e56a5861,1179.09,45.48,4.804321775,55000,55000
c229b4a8253aa2df10edbe815c329ac2e56a5861,1175.17,45.29,4.785238704,55000,56000
c229b4a8253aa2df10edbe815c329ac2e56a5861,1179.94,45.61,4.817377959,56000,55000
c229b4a8253aa2df10edbe815c329ac2e56a5861,1173.30,45.17,4.787390471,55000,55000
c229b4a8253aa2df10edbe815c329ac2e56a5861,1158.61,44.86,4.723415707,54000,55000
c229b4a8253aa2df10edbe815c329ac2e56a5861,1173.04,45.15,4.787730192,54000,55000
c229b4a8253aa2df10edbe815c329ac2e56a5861,1160.10,44.50,4.741780694,54000,54000
c229b4a8253aa2df10edbe815c329ac2e56a5861,1166.39,45.00,4.771172940,55000,54000
c229b4a8253aa2df10edbe815c329ac2e56a5861,1177.41,45.35,4.809693818,55000,55000
c229b4a8253aa2df10edbe815c329ac2e56a5861,1159.64,44.56,4.734677365,55000,54000
c229b4a8253aa2df10edbe815c329ac2e56a5861,1176.86,45.40,4.795450646,55000,54000
c229b4a8253aa2df10edbe815c329ac2e56a5861,1163.91,44.75,4.748370749,54000,54000
c229b4a8253aa2df10edbe815c329ac2e56a5861,1163.27,44.91,4.744087091,55000,54000
c229b4a8253aa2df10edbe815c329ac2e56a5861,1173.24,45.05,4.785271948,54000,55000
03cb646b335ed829e1c66daccb9c1711988e3c0e,1194.88,46.26,4.869709855,54000,54000
03cb646b335ed829e1c66daccb9c1711988e3c0e,1202.87,46.15,4.918902114,54000,54000
03cb646b335ed829e1c66daccb9c1711988e3c0e,1172.70,45.13,4.783701664,55000,55000
03cb646b335ed829e1c66daccb9c1711988e3c0e,1173.05,45.09,4.793453156,55000,55000
03cb646b335ed829e1c66daccb9c1711988e3c0e,1203.45,46.10,4.922604147,55000,55000
03cb646b335ed829e1c66daccb9c1711988e3c0e,1192.46,45.95,4.862079883,54000,54000
03cb646b335ed829e1c66daccb9c1711988e3c0e,1192.02,45.87,4.859013767,55000,55000
03cb646b335ed829e1c66daccb9c1711988e3c0e,1184.60,45.81,4.829929976,54000,55000
03cb646b335ed829e1c66daccb9c1711988e3c0e,1185.40,45.59,4.837437794,55000,55000
03cb646b335ed829e1c66daccb9c1711988e3c0e,1193.18,46.10,4.866297957,54000,55000
03cb646b335ed829e1c66daccb9c1711988e3c0e,1192.04,45.95,4.863280181,55000,54000
03cb646b335ed829e1c66daccb9c1711988e3c0e,1181.35,45.51,4.816888834,55000,55000
03cb646b335ed829e1c66daccb9c1711988e3c0e,1191.72,45.84,4.864092265,54000,54000
03cb646b335ed829e1c66daccb9c1711988e3c0e,1188.16,45.86,4.841265509,55000,55000
03cb646b335ed829e1c66daccb9c1711988e3c0e,1190.00,45.79,4.848186977,55000,55000
03cb646b335ed829e1c66daccb9c1711988e3c0e,1181.74,45.43,4.823366917,55000,55000
03cb646b335ed829e1c66daccb9c1711988e3c0e,1179.06,45.39,4.806812647,55000,54000
03cb646b335ed829e1c66daccb9c1711988e3c0e,1191.07,46.09,4.860126158,54000,54000
03cb646b335ed829e1c66daccb9c1711988e3c0e,1193.29,46.01,4.875646655,54000,54000
03cb646b335ed829e1c66daccb9c1711988e3c0e,1181.60,45.56,4.822674254,54000,55000
03cb646b335ed829e1c66daccb9c1711988e3c0e,1201.61,46.31,4.890130766,55000,54000
03cb646b335ed829e1c66daccb9c1711988e3c0e,1190.97,46.09,4.864006528,54000,54000
03cb646b335ed829e1c66daccb9c1711988e3c0e,1178.13,45.41,4.812159487,54000,55000
03cb646b335ed829e1c66daccb9c1711988e3c0e,1201.54,46.48,4.905249467,55000,54000
03cb646b335ed829e1c66daccb9c1711988e3c0e,1173.85,45.12,4.793286741,54000,55000
03cb646b335ed829e1c66daccb9c1711988e3c0e,1189.49,45.99,4.847021105,55000,55000
03cb646b335ed829e1c66daccb9c1711988e3c0e,1200.37,46.47,4.888242956,54000,54000
03cb646b335ed829e1c66daccb9c1711988e3c0e,1165.81,45.08,4.765463497,54000,55000
03cb646b335ed829e1c66daccb9c1711988e3c0e,1177.68,45.45,4.814081742,54000,55000
03cb646b335ed829e1c66daccb9c1711988e3c0e,1191.13,45.90,4.861082341,56000,55000
2dbe7cac7e40d34780c0b50aeb9ca48a14ad7799,1191.39,45.92,4.857627429,54000,55000
2dbe7cac7e40d34780c0b50aeb9ca48a14ad7799,1180.38,45.44,4.820652777,55000,55000
2dbe7cac7e40d34780c0b50aeb9ca48a14ad7799,1181.82,45.52,4.825239676,54000,54000
2dbe7cac7e40d34780c0b50aeb9ca48a14ad7799,1185.88,45.55,4.852376435,55000,54000
2dbe7cac7e40d34780c0b50aeb9ca48a14ad7799,1197.67,45.84,4.889947917,54000,55000
2dbe7cac7e40d34780c0b50aeb9ca48a14ad7799,1179.63,45.47,4.813523181,55000,55000
2dbe7cac7e40d34780c0b50aeb9ca48a14ad7799,1179.55,45.45,4.815446813,55000,55000
2dbe7cac7e40d34780c0b50aeb9ca48a14ad7799,1211.02,46.65,4.944926090,54000,55000
2dbe7cac7e40d34780c0b50aeb9ca48a14ad7799,1187.84,45.86,4.849332793,55000,54000
2dbe7cac7e40d34780c0b50aeb9ca48a14ad7799,1208.87,46.50,4.934097460,54000,55000
2dbe7cac7e40d34780c0b50aeb9ca48a14ad7799,1185.91,45.57,4.827590488,54000,55000
2dbe7cac7e40d34780c0b50aeb9ca48a14ad7799,1169.39,45.11,4.775859959,55000,54000
2dbe7cac7e40d34780c0b50aeb9ca48a14ad7799,1182.75,45.53,4.824025772,54000,54000
2dbe7cac7e40d34780c0b50aeb9ca48a14ad7799,1209.33,46.47,4.930388213,55000,55000
2dbe7cac7e40d34780c0b50aeb9ca48a14ad7799,1194.84,46.14,4.874112725,54000,56000
2dbe7cac7e40d34780c0b50aeb9ca48a14ad7799,1186.98,45.69,4.855665818,54000,56000
2dbe7cac7e40d34780c0b50aeb9ca48a14ad7799,1180.34,45.39,4.815800444,54000,54000
2dbe7cac7e40d34780c0b50aeb9ca48a14ad7799,1191.19,45.85,4.868039748,54000,54000
2dbe7cac7e40d34780c0b50aeb9ca48a14ad7799,1185.83,45.73,4.836204885,55000,55000
2dbe7cac7e40d34780c0b50aeb9ca48a14ad7799,1193.72,46.10,4.868665861,54000,55000
2dbe7cac7e40d34780c0b50aeb9ca48a14ad7799,1217.48,47.07,4.965723221,54000,55000
2dbe7cac7e40d34780c0b50aeb9ca48a14ad7799,1176.93,45.48,4.804830329,54000,54000
2dbe7cac7e40d34780c0b50aeb9ca48a14ad7799,1179.47,45.62,4.803641465,54000,54000
2dbe7cac7e40d34780c0b50aeb9ca48a14ad7799,1186.92,45.68,4.850420570,55000,54000
2dbe7cac7e40d34780c0b50aeb9ca48a14ad7799,1190.09,45.87,4.856125121,55000,54000
2dbe7cac7e40d34780c0b50aeb9ca48a14ad7799,1199.68,46.56,4.887052716,55000,54000
2dbe7cac7e40d34780c0b50aeb9ca48a14ad7799,1204.21,46.45,4.923649270,54000,55000
2dbe7cac7e40d34780c0b50aeb9ca48a14ad7799,1196.71,46.11,4.889635798,55000,54000
2dbe7cac7e40d34780c0b50aeb9ca48a14ad7799,1212.75,46.50,4.960468549,54000,55000
2dbe7cac7e40d34780c0b50aeb9ca48a14ad7799,1192.82,45.92,4.866487138,54000,54000
e49a77475628405cdee19941155fc1ce0eba9888,1198.07,46.14,4.896915109,54000,55000
e49a77475628405cdee19941155fc1ce0eba9888,1197.25,46.14,4.886068262,56000,55000
e49a77475628405cdee19941155fc1ce0eba9888,1198.67,46.12,4.912166527,54000,55000
e49a77475628405cdee19941155fc1ce0eba9888,1206.59,46.49,4.931182145,54000,54000
e49a77475628405cdee19941155fc1ce0eba9888,1181.48,45.26,4.828472137,54000,54000
e49a77475628405cdee19941155fc1ce0eba9888,1176.60,45.28,4.805924974,55000,56000
e49a77475628405cdee19941155fc1ce0eba9888,1181.79,45.49,4.832830059,54000,54000
e49a77475628405cdee19941155fc1ce0eba9888,1208.92,46.40,4.935372178,54000,54000
e49a77475628405cdee19941155fc1ce0eba9888,1189.35,45.66,4.855554776,54000,54000
e49a77475628405cdee19941155fc1ce0eba9888,1178.99,45.38,4.811709528,54000,55000
e49a77475628405cdee19941155fc1ce0eba9888,1177.30,45.31,4.806340151,54000,54000
e49a77475628405cdee19941155fc1ce0eba9888,1188.11,45.67,4.844383513,54000,54000
e49a77475628405cdee19941155fc1ce0eba9888,1193.37,46.05,4.862004253,55000,55000
e49a77475628405cdee19941155fc1ce0eba9888,1196.17,46.26,4.874561757,55000,54000
e49a77475628405cdee19941155fc1ce0eba9888,1197.45,46.12,4.892082411,54000,55000
e49a77475628405cdee19941155fc1ce0eba9888,1193.84,45.81,4.892035927,55000,55000
e49a77475628405cdee19941155fc1ce0eba9888,1199.31,46.09,4.900893903,55000,54000
e49a77475628405cdee19941155fc1ce0eba9888,1177.62,45.42,4.814245053,54000,54000
e49a77475628405cdee19941155fc1ce0eba9888,1190.58,45.94,4.852767053,54000,56000
e49a77475628405cdee19941155fc1ce0eba9888,1198.28,46.08,4.898171396,55000,55000
e49a77475628405cdee19941155fc1ce0eba9888,1191.28,46.10,4.855936596,54000,54000
e49a77475628405cdee19941155fc1ce0eba9888,1179.58,45.53,4.814109876,54000,54000
e49a77475628405cdee19941155fc1ce0eba9888,1201.65,46.67,4.888804276,54000,54000
e49a77475628405cdee19941155fc1ce0eba9888,1180.44,45.73,4.815601605,54000,54000
e49a77475628405cdee19941155fc1ce0eba9888,1191.26,45.92,4.875778806,55000,55000
e49a77475628405cdee19941155fc1ce0eba9888,1194.35,46.25,4.868604591,54000,54000
e49a77475628405cdee19941155fc1ce0eba9888,1190.17,45.98,4.855886527,55000,55000
e49a77475628405cdee19941155fc1ce0eba9888,1206.86,46.56,4.923936119,55000,55000
e49a77475628405cdee19941155fc1ce0eba9888,1187.62,45.93,4.845072588,55000,55000
e49a77475628405cdee19941155fc1ce0eba9888,1193.33,46.09,4.860472205,55000,54000
963e520c3d472223bf1a3126236eb8beeada4962,1193.06,46.01,4.874186291,55000,56000
963e520c3d472223bf1a3126236eb8beeada4962,1194.44,46.07,4.868441836,56000,55000
963e520c3d472223bf1a3126236eb8beeada4962,1183.04,45.47,4.839738430,55000,55000
963e520c3d472223bf1a3126236eb8beeada4962,1176.17,45.24,4.798418950,54000,55000
963e520c3d472223bf1a3126236eb8beeada4962,1188.86,45.73,4.849624003,55000,55000
963e520c3d472223bf1a3126236eb8beeada4962,1187.78,45.73,4.846081601,56000,54000
963e520c3d472223bf1a3126236eb8beeada4962,1190.81,45.61,4.865665557,55000,55000
963e520c3d472223bf1a3126236eb8beeada4962,1184.97,45.64,4.833954821,55000,55000
963e520c3d472223bf1a3126236eb8beeada4962,1174.79,45.22,4.796873318,56000,55000
963e520c3d472223bf1a3126236eb8beeada4962,1180.89,45.46,4.828090247,55000,54000
963e520c3d472223bf1a3126236eb8beeada4962,1180.17,45.45,4.810541857,54000,55000
963e520c3d472223bf1a3126236eb8beeada4962,1195.45,46.13,4.869539784,55000,55000
963e520c3d472223bf1a3126236eb8beeada4962,1167.44,45.10,4.760242072,55000,55000
963e520c3d472223bf1a3126236eb8beeada4962,1183.51,45.56,4.836798360,55000,55000
963e520c3d472223bf1a3126236eb8beeada4962,1208.41,46.59,4.930647198,54000,54000
963e520c3d472223bf1a3126236eb8beeada4962,1196.54,46.10,4.885312522,54000,54000
963e520c3d472223bf1a3126236eb8beeada4962,1180.74,45.44,4.815656548,55000,55000
963e520c3d472223bf1a3126236eb8beeada4962,1176.39,45.35,4.801922327,55000,55000
963e520c3d472223bf1a3126236eb8beeada4962,1188.23,45.80,4.849353810,54000,56000
963e520c3d472223bf1a3126236eb8beeada4962,1173.92,45.12,4.789700570,55000,54000
963e520c3d472223bf1a3126236eb8beeada4962,1187.13,45.72,4.845832860,54000,54000
963e520c3d472223bf1a3126236eb8beeada4962,1171.93,45.03,4.789096647,55000,55000
963e520c3d472223bf1a3126236eb8beeada4962,1179.46,45.28,4.813897062,56000,54000
963e520c3d472223bf1a3126236eb8beeada4962,1172.89,45.21,4.794708321,54000,54000
963e520c3d472223bf1a3126236eb8beeada4962,1207.00,46.47,4.929051657,55000,55000
963e520c3d472223bf1a3126236eb8beeada4962,1189.48,45.90,4.845788484,56000,55000
963e520c3d472223bf1a3126236eb8beeada4962,1184.21,45.70,4.829880917,54000,54000
963e520c3d472223bf1a3126236eb8beeada4962,1178.66,45.46,4.816499661,54000,54000
963e520c3d472223bf1a3126236eb8beeada4962,1194.39,46.20,4.874176949,54000,55000
963e520c3d472223bf1a3126236eb8beeada4962,1212.76,46.86,4.949797865,54000,54000
e780411c2adf319fb64f002a1b301af7124c9469,1174.32,45.18,4.793670443,55000,54000
e780411c2adf319fb64f002a1b301af7124c9469,1187.99,45.48,4.851017577,55000,55000
e780411c2adf319fb64f002a1b301af7124c9469,1185.92,45.57,4.839244050,55000,55000
e780411c2adf319fb64f002a1b301af7124c9469,1196.92,46.08,4.880174810,54000,55000
e780411c2adf319fb64f002a1b301af7124c9469,1179.13,45.42,4.815854496,54000,55000
e780411c2adf319fb64f002a1b301af7124c9469,1198.37,46.17,4.897506643,55000,55000
e780411c2adf319fb64f002a1b301af7124c9469,1185.15,45.48,4.834257295,55000,54000
e780411c2adf319fb64f002a1b301af7124c9469,1206.63,46.30,4.938301284,54000,55000
e780411c2adf319fb64f002a1b301af7124c9469,1184.96,45.64,4.833470380,56000,55000
e780411c2adf319fb64f002a1b301af7124c9469,1198.36,46.11,4.895170424,55000,55000
e780411c2adf319fb64f002a1b301af7124c9469,1206.85,46.56,4.917146476,55000,55000
e780411c2adf319fb64f002a1b301af7124c9469,1202.24,46.54,4.897204407,54000,55000
e780411c2adf319fb64f002a1b301af7124c9469,1176.19,45.29,4.792261631,55000,54000
e780411c2adf319fb64f002a1b301af7124c9469,1185.62,45.75,4.834411645,55000,55000
e780411c2adf319fb64f002a1b301af7124c9469,1183.78,45.56,4.834628927,54000,54000
e780411c2adf319fb64f002a1b301af7124c9469,1176.18,45.14,4.801814662,54000,54000
e780411c2adf319fb64f002a1b301af7124c9469,1190.55,46.01,4.855415674,54000,54000
e780411c2adf319fb64f002a1b301af7124c9469,1176.57,45.30,4.803593020,54000,55000
e780411c2adf319fb64f002a1b301af7124c9469,1183.38,45.53,4.828940779,54000,55000
e780411c2adf319fb64f002a1b301af7124c9469,1191.65,46.00,4.858530250,54000,54000
e780411c2adf319fb64f002a1b301af7124c9469,1175.99,45.16,4.806066377,54000,55000
e780411c2adf319fb64f002a1b301af7124c9469,1188.61,45.91,4.846686543,55000,55000
e780411c2adf319fb64f002a1b301af7124c9469,1192.76,46.08,4.864497183,56000,55000
e780411c2adf319fb64f002a1b301af7124c9469,1197.11,46.28,4.881272741,55000,55000
e780411c2adf319fb64f002a1b301af7124c9469,1176.95,45.55,4.805767907,55000,54000
e780411c2adf319fb64f002a1b301af7124c9469,1196.14,46.09,4.878777341,54000,54000
e780411c2adf319fb64f002a1b301af7124c9469,1192.51,45.89,4.877768502,54000,54000
e780411c2adf319fb64f002a1b301af7124c9469,1182.02,45.66,4.824897643,54000,54000
e780411c2adf319fb64f002a1b301af7124c9469,1192.78,45.82,4.881387242,55000,55000
e780411c2adf319fb64f002a1b301af7124c9469,1174.81,45.25,4.797344635,55000,54000
f10cc5622be29b643baf311f57cfa68d958f67a4,1535.76,59.99,6.298327104,56000,55000
f10cc5622be29b643baf311f57cfa68d958f67a4,1550.40,60.05,6.288849288,56000,54000
f10cc5622be29b643baf311f57cfa68d958f67a4,1558.23,60.60,6.319983859,55000,54000
f10cc5622be29b643baf311f57cfa68d958f67a4,1526.85,59.07,6.199504295,54000,54000
f10cc5622be29b643baf311f57cfa68d958f67a4,1566.02,60.80,6.369167554,54000,55000
f10cc5622be29b643baf311f57cfa68d958f67a4,1558.52,60.21,6.325774680,55000,54000
f10cc5622be29b643baf311f57cfa68d958f67a4,1547.39,59.88,6.271464606,54000,55000
f10cc5622be29b643baf311f57cfa68d958f67a4,1574.36,60.93,6.390426361,55000,55000
f10cc5622be29b643baf311f57cfa68d958f67a4,1533.89,59.56,6.226844242,55000,55000
f10cc5622be29b643baf311f57cfa68d958f67a4,1540.18,59.27,6.260690085,55000,54000
f10cc5622be29b643baf311f57cfa68d958f67a4,1554.13,60.31,6.284187407,55000,55000
f10cc5622be29b643baf311f57cfa68d958f67a4,1545.27,60.14,6.276753031,55000,55000
f10cc5622be29b643baf311f57cfa68d958f67a4,1586.99,61.91,6.422865424,55000,54000
f10cc5622be29b643baf311f57cfa68d958f67a4,1544.91,59.95,6.264265488,55000,54000
f10cc5622be29b643baf311f57cfa68d958f67a4,1570.21,60.87,6.371766088,55000,54000
f10cc5622be29b643baf311f57cfa68d958f67a4,1555.98,60.60,6.298987691,55000,54000
f10cc5622be29b643baf311f57cfa68d958f67a4,1559.77,60.80,6.317300477,56000,54000
f10cc5622be29b643baf311f57cfa68d958f67a4,1563.06,60.72,6.345861964,55000,54000
f10cc5622be29b643baf311f57cfa68d958f67a4,1547.89,60.06,6.285436879,54000,54000
f10cc5622be29b643baf311f57cfa68d958f67a4,1577.40,61.26,6.404806040,54000,55000
f10cc5622be29b643baf311f57cfa68d958f67a4,1549.88,60.18,6.294758983,54000,55000
f10cc5622be29b643baf311f57cfa68d958f67a4,1565.75,60.93,6.339629143,56000,55000
f10cc5622be29b643baf311f57cfa68d958f67a4,1567.18,60.68,6.373690173,55000,54000
f10cc5622be29b643baf311f57cfa68d958f67a4,1549.32,60.42,6.291390742,55000,55000
f10cc5622be29b643baf311f57cfa68d958f67a4,1547.27,60.38,6.268210297,54000,54000
f10cc5622be29b643baf311f57cfa68d958f67a4,1586.48,61.56,6.432129712,54000,55000
f10cc5622be29b643baf311f57cfa68d958f67a4,1554.82,60.56,6.308392888,55000,54000
f10cc5622be29b643baf311f57cfa68d958f67a4,1554.54,60.59,6.301914587,55000,55000
f10cc5622be29b643baf311f57cfa68d958f67a4,1570.04,60.96,6.372704513,55000,54000
f10cc5622be29b643baf311f57cfa68d958f67a4,1540.11,59.77,6.252988296,54000,54000
36e6b4b09f48c07b0c941a4df4bcf3e90e14e67a,1557.55,60.75,6.362224622,55000,54000
36e6b4b09f48c07b0c941a4df4bcf3e90e14e67a,1560.39,60.59,6.334585111,55000,55000
36e6b4b09f48c07b0c941a4df4bcf3e90e14e67a,1520.04,58.79,6.174743526,55000,55000
36e6b4b09f48c07b0c941a4df4bcf3e90e14e67a,1559.02,60.44,6.318824951,55000,55000
36e6b4b09f48c07b0c941a4df4bcf3e90e14e67a,1570.80,60.84,6.380886290,54000,56000
36e6b4b09f48c07b0c941a4df4bcf3e90e14e67a,1548.90,60.01,6.282102307,55000,54000
36e6b4b09f48c07b0c941a4df4bcf3e90e14e67a,1561.94,60.40,6.354864538,54000,54000
36e6b4b09f48c07b0c941a4df4bcf3e90e14e67a,1561.28,60.56,6.336271336,54000,54000
36e6b4b09f48c07b0c941a4df4bcf3e90e14e67a,1573.83,60.78,6.392599175,55000,54000
36e6b4b09f48c07b0c941a4df4bcf3e90e14e67a,1586.64,61.19,6.448128071,55000,54000
36e6b4b09f48c07b0c941a4df4bcf3e90e14e67a,1570.99,61.08,6.362087973,55000,54000
36e6b4b09f48c07b0c941a4df4bcf3e90e14e67a,1557.10,60.16,6.321074918,55000,54000
36e6b4b09f48c07b0c941a4df4bcf3e90e14e67a,1553.30,60.06,6.301811096,55000,54000
36e6b4b09f48c07b0c941a4df4bcf3e90e14e67a,1551.31,60.35,6.276804454,54000,54000
36e6b4b09f48c07b0c941a4df4bcf3e90e14e67a,1552.91,60.14,6.318175964,55000,55000
36e6b4b09f48c07b0c941a4df4bcf3e90e14e67a,1572.22,60.91,6.381682166,54000,55000
36e6b4b09f48c07b0c941a4df4bcf3e90e14e67a,1546.89,59.96,6.265637905,56000,55000
36e6b4b09f48c07b0c941a4df4bcf3e90e14e67a,1569.60,60.85,6.374860290,55000,54000
36e6b4b09f48c07b0c941a4df4bcf3e90e14e67a,1550.65,60.32,6.285287084,55000,54000
36e6b4b09f48c07b0c941a4df4bcf3e90e14e67a,1563.58,60.76,6.338613148,55000,54000
36e6b4b09f48c07b0c941a4df4bcf3e90e14e67a,1563.41,60.54,6.345299268,54000,55000
36e6b4b09f48c07b0c941a4df4bcf3e90e14e67a,1544.75,59.93,6.269068704,55000,54000
36e6b4b09f48c07b0c941a4df4bcf3e90e14e67a,1557.06,60.37,6.318421413,55000,55000
36e6b4b09f48c07b0c941a4df4bcf3e90e14e67a,1531.16,59.49,6.204690567,56000,56000
36e6b4b09f48c07b0c941a4df4bcf3e90e14e67a,1556.67,60.70,6.314194539,54000,54000
36e6b4b09f48c07b0c941a4df4bcf3e90e14e67a,1549.04,60.17,6.287161970,54000,56000
36e6b4b09f48c07b0c941a4df4bcf3e90e14e67a,1540.89,60.05,6.252010050,54000,54000
36e6b4b09f48c07b0c941a4df4bcf3e90e14e67a,1554.26,60.71,6.302211643,54000,54000
36e6b4b09f48c07b0c941a4df4bcf3e90e14e67a,1572.38,61.03,6.383960605,54000,54000
36e6b4b09f48c07b0c941a4df4bcf3e90e14e67a,1564.22,60.70,6.344581823,55000,54000
9f5acc8dcc4de9b88e02c08dd9eede4ab38cb1a0,1556.25,60.14,6.329922123,55000,55000
9f5acc8dcc4de9b88e02c08dd9eede4ab38cb1a0,1538.59,59.56,6.243164929,54000,55000
9f5acc8dcc4de9b88e02c08dd9eede4ab38cb1a0,1567.26,60.97,6.352499646,55000,55000
9f5acc8dcc4de9b88e02c08dd9eede4ab38cb1a0,1566.31,60.75,6.351881681,55000,55000
9f5acc8dcc4de9b88e02c08dd9eede4ab38cb1a0,1571.23,60.82,6.377856660,55000,54000
9f5acc8dcc4de9b88e02c08dd9eede4ab38cb1a0,1537.83,59.48,6.249237638,54000,54000
9f5acc8dcc4de9b88e02c08dd9eede4ab38cb1a0,1550.92,60.13,6.287842008,54000,54000
9f5acc8dcc4de9b88e02c08dd9eede4ab38cb1a0,1545.19,59.77,6.277129445,54000,56000
9f5acc8dcc4de9b88e02c08dd9eede4ab38cb1a0,1569.87,60.91,6.357549024,55000,54000
9f5acc8dcc4de9b88e02c08dd9eede4ab38cb1a0,1550.23,60.30,6.289460064,55000,56000
9f5acc8dcc4de9b88e02c08dd9eede4ab38cb1a0,1570.21,60.99,6.354760675,55000,56000
9f5acc8dcc4de9b88e02c08dd9eede4ab38cb1a0,1549.04,59.94,6.281834709,55000,54000
9f5acc8dcc4de9b88e02c08dd9eede4ab38cb1a0,1560.75,60.64,6.336816719,54000,54000
9f5acc8dcc4de9b88e02c08dd9eede4ab38cb1a0,1561.07,60.73,6.341809513,54000,54000
9f5acc8dcc4de9b88e02c08dd9eede4ab38cb1a0,1558.95,60.53,6.307229571,55000,55000
9f5acc8dcc4de9b88e02c08dd9eede4ab38cb1a0,1560.38,60.53,6.334416358,55000,55000
9f5acc8dcc4de9b88e02c08dd9eede4ab38cb1a0,1557.26,60.45,6.319033875,55000,54000
9f5acc8dcc4de9b88e02c08dd9eede4ab38cb1a0,1558.23,60.47,6.309940060,55000,55000
9f5acc8dcc4de9b88e02c08dd9eede4ab38cb1a0,1562.20,60.68,6.330512773,55000,54000
9f5acc8dcc4de9b88e02c08dd9eede4ab38cb1a0,1549.89,60.36,6.275364349,54000,55000
9f5acc8dcc4de9b88e02c08dd9eede4ab38cb1a0,1551.22,60.22,6.301272198,55000,54000
9f5acc8dcc4de9b88e02c08dd9eede4ab38cb1a0,1558.49,60.40,6.319353931,55000,54000
9f5acc8dcc4de9b88e02c08dd9eede4ab38cb1a0,1543.77,59.78,6.254436808,54000,55000
9f5acc8dcc4de9b88e02c08dd9eede4ab38cb1a0,1553.81,60.43,6.307121849,55000,55000
9f5acc8dcc4de9b88e02c08dd9eede4ab38cb1a0,1571.11,60.83,6.381502510,55000,55000
9f5acc8dcc4de9b88e02c08dd9eede4ab38cb1a0,1549.34,60.07,6.286917322,54000,54000
9f5acc8dcc4de9b88e02c08dd9eede4ab38cb1a0,1548.13,60.09,6.283212114,54000,54000
9f5acc8dcc4de9b88e02c08dd9eede4ab38cb1a0,1534.14,59.85,6.219633472,54000,55000
9f5acc8dcc4de9b88e02c08dd9eede4ab38cb1a0,1558.17,60.33,6.325122004,54000,54000
9f5acc8dcc4de9b88e02c08dd9eede4ab38cb1a0,1554.86,60.01,6.324117818,54000,55000
9e15ade065d2058255e75c4680cb49b72872c812,1528.14,59.28,6.213549724,56000,56000
9e15ade065d2058255e75c4680cb49b72872c812,1561.92,60.65,6.338580270,54000,54000
9e15ade065d2058255e75c4680cb49b72872c812,1569.32,60.87,6.371844126,55000,56000
9e15ade065d2058255e75c4680cb49b72872c812,1544.97,60.15,6.264327456,54000,54000
9e15ade065d2058255e75c4680cb49b72872c812,1553.17,60.31,6.297453245,54000,54000
9e15ade065d2058255e75c4680cb49b72872c812,1554.96,60.47,6.306429727,54000,54000
9e15ade065d2058255e75c4680cb49b72872c812,1566.93,60.85,6.345814025,54000,54000
9e15ade065d2058255e75c4680cb49b72872c812,1556.50,60.21,6.311329925,55000,55000
9e15ade065d2058255e75c4680cb49b72872c812,1559.83,60.48,6.317136464,55000,55000
9e15ade065d2058255e75c4680cb49b72872c812,1564.19,60.55,6.358614635,54000,55000
9e15ade065d2058255e75c4680cb49b72872c812,1559.23,60.35,6.326795567,54000,54000
9e15ade065d2058255e75c4680cb49b72872c812,1564.12,60.65,6.343016230,55000,55000
9e15ade065d2058255e75c4680cb49b72872c812,1557.55,60.51,6.316713383,54000,54000
9e15ade065d2058255e75c4680cb49b72872c812,1568.80,60.93,6.364028449,54000,55000
9e15ade065d2058255e75c4680cb49b72872c812,1546.91,60.21,6.270188606,55000,55000
9e15ade065d2058255e75c4680cb49b72872c812,1559.13,60.65,6.313026154,55000,55000
9e15ade065d2058255e75c4680cb49b72872c812,1579.56,61.27,6.424936730,54000,54000
9e15ade065d2058255e75c4680cb49b72872c812,1558.51,60.44,6.314810842,54000,55000
9e15ade065d2058255e75c4680cb49b72872c812,1560.08,60.58,6.319790612,56000,55000
9e15ade065d2058255e75c4680cb49b72872c812,1556.61,60.61,6.316028714,55000,55000
9e15ade065d2058255e75c4680cb49b72872c812,1534.29,59.60,6.217991548,54000,54000
9e15ade065d2058255e75c4680cb49b72872c812,1551.30,60.26,6.287732897,55000,55000
9e15ade065d2058255e75c4680cb49b72872c812,1563.20,60.77,6.340710274,54000,54000
9e15ade065d2058255e75c4680cb49b72872c812,1561.53,60.94,6.330718207,55000,54000
9e15ade065d2058255e75c4680cb49b72872c812,1565.37,60.59,6.354105042,54000,54000
9e15ade065d2058255e75c4680cb49b72872c812,1551.09,60.08,6.299287084,54000,56000
9e15ade065d2058255e75c4680cb49b72872c812,1552.83,60.42,6.295960512,55000,54000
9e15ade065d2058255e75c4680cb49b72872c812,1552.99,60.08,6.294141572,54000,54000
9e15ade065d2058255e75c4680cb49b72872c812,1539.54,59.60,6.243853338,54000,54000
9e15ade065d2058255e75c4680cb49b72872c812,1573.44,61.14,6.386713002,54000,54000
d8e9a7a234f155c9b5f350257775bd2ffc1571b5,1542.41,59.59,6.258522377,55000,54000
d8e9a7a234f155c9b5f350257775bd2ffc1571b5,1555.02,60.28,6.318144220,54000,54000
d8e9a7a234f155c9b5f350257775bd2ffc1571b5,1568.65,60.97,6.350875871,55000,54000
d8e9a7a234f155c9b5f350257775bd2ffc1571b5,1569.51,60.90,6.370462882,55000,55000
d8e9a7a234f155c9b5f350257775bd2ffc1571b5,1549.49,59.88,6.284948128,55000,56000
d8e9a7a234f155c9b5f350257775bd2ffc1571b5,1557.64,60.33,6.311642956,55000,54000
d8e9a7a234f155c9b5f350257775bd2ffc1571b5,1564.83,60.59,6.359769308,56000,54000
d8e9a7a234f155c9b5f350257775bd2ffc1571b5,1564.26,60.83,6.345305001,55000,54000
d8e9a7a234f155c9b5f350257775bd2ffc1571b5,1531.32,59.25,6.212886262,55000,55000
d8e9a7a234f155c9b5f350257775bd2ffc1571b5,1530.36,59.44,6.207892778,55000,54000
d8e9a7a234f155c9b5f350257775bd2ffc1571b5,1568.64,61.02,6.349426274,54000,55000
d8e9a7a234f155c9b5f350257775bd2ffc1571b5,1565.02,60.71,6.347138123,55000,54000
d8e9a7a234f155c9b5f350257775bd2ffc1571b5,1572.90,61.00,6.385332391,55000,54000
d8e9a7a234f155c9b5f350257775bd2ffc1571b5,1571.50,61.14,6.383453359,54000,55000
d8e9a7a234f155c9b5f350257775bd2ffc1571b5,1565.66,60.80,6.342131659,55000,55000
d8e9a7a234f155c9b5f350257775bd2ffc1571b5,1563.89,60.84,6.338193655,54000,54000
d8e9a7a234f155c9b5f350257775bd2ffc1571b5,1564.88,60.77,6.337506789,54000,54000
d8e9a7a234f155c9b5f350257775bd2ffc1571b5,1583.08,61.40,6.431268183,54000,55000
d8e9a7a234f155c9b5f350257775bd2ffc1571b5,1523.87,59.27,6.186309416,55000,54000
d8e9a7a234f155c9b5f350257775bd2ffc1571b5,1557.83,60.62,6.323024296,55000,55000
d8e9a7a234f155c9b5f350257775bd2ffc1571b5,1538.89,59.65,6.243525471,55000,54000
d8e9a7a234f155c9b5f350257775bd2ffc1571b5,1562.26,60.94,6.332876470,54000,55000
d8e9a7a234f155c9b5f350257775bd2ffc1571b5,1560.69,60.63,6.324113929,55000,55000
d8e9a7a234f155c9b5f350257775bd2ffc1571b5,1534.47,59.65,6.212663559,55000,56000
d8e9a7a234f155c9b5f350257775bd2ffc1571b5,1565.62,60.63,6.354572236,54000,55000
d8e9a7a234f155c9b5f350257775bd2ffc1571b5,1557.71,60.51,6.318133226,54000,54000
d8e9a7a234f155c9b5f350257775bd2ffc1571b5,1566.86,60.90,6.355106978,54000,54000
d8e9a7a234f155c9b5f350257775bd2ffc1571b5,1553.23,60.53,6.292761258,55000,55000
d8e9a7a234f155c9b5f350257775bd2ffc1571b5,1543.90,59.89,6.270892916,55000,54000
d8e9a7a234f155c9b5f350257775bd2ffc1571b5,1549.34,60.33,6.283257982,55000,55000
89203b3dae6dc1377e7d63f5ce6ef89c36345ee0,1733.88,67.35,7.028683607,54000,54000
89203b3dae6dc1377e7d63f5ce6ef89c36345ee0,1760.44,68.72,7.119169221,55000,56000
89203b3dae6dc1377e7d63f5ce6ef89c36345ee0,1758.90,68.52,7.117248073,54000,55000
89203b3dae6dc1377e7d63f5ce6ef89c36345ee0,1757.64,67.96,7.142017877,54000,55000
89203b3dae6dc1377e7d63f5ce6ef89c36345ee0,1771.09,68.87,7.175733810,54000,54000
89203b3dae6dc1377e7d63f5ce6ef89c36345ee0,1747.20,68.05,7.076938280,54000,54000
89203b3dae6dc1377e7d63f5ce6ef89c36345ee0,1757.55,68.24,7.111094800,54000,54000
89203b3dae6dc1377e7d63f5ce6ef89c36345ee0,1769.87,69.09,7.172346004,55000,54000
89203b3dae6dc1377e7d63f5ce6ef89c36345ee0,1753.85,68.06,7.094664508,55000,54000
89203b3dae6dc1377e7d63f5ce6ef89c36345ee0,1745.52,67.91,7.064060495,54000,54000
89203b3dae6dc1377e7d63f5ce6ef89c36345ee0,1781.66,69.46,7.204455879,54000,54000
89203b3dae6dc1377e7d63f5ce6ef89c36345ee0,1768.03,68.58,7.182698812,55000,55000
89203b3dae6dc1377e7d63f5ce6ef89c36345ee0,1743.15,68.00,7.060642681,55000,55000
89203b3dae6dc1377e7d63f5ce6ef89c36345ee0,1757.92,68.51,7.119589949,55000,55000
89203b3dae6dc1377e7d63f5ce6ef89c36345ee0,1768.06,69.00,7.172008188,54000,55000
89203b3dae6dc1377e7d63f5ce6ef89c36345ee0,1753.40,68.02,7.113687684,55000,56000
89203b3dae6dc1377e7d63f5ce6ef89c36345ee0,1729.88,67.48,6.998634071,55000,55000
89203b3dae6dc1377e7d63f5ce6ef89c36345ee0,1723.27,66.89,7.001197609,54000,55000
89203b3dae6dc1377e7d63f5ce6ef89c36345ee0,1739.16,67.78,7.038236898,54000,54000
89203b3dae6dc1377e7d63f5ce6ef89c36345ee0,1766.22,68.94,7.142975709,54000,55000
89203b3dae6dc1377e7d63f5ce6ef89c36345ee0,1753.63,68.01,7.103608956,55000,54000
89203b3dae6dc1377e7d63f5ce6ef89c36345ee0,1769.20,69.15,7.158786444,54000,54000
89203b3dae6dc1377e7d63f5ce6ef89c36345ee0,1725.84,66.97,7.013007406,54000,54000
89203b3dae6dc1377e7d63f5ce6ef89c36345ee0,1750.45,68.13,7.105222785,54000,55000
89203b3dae6dc1377e7d63f5ce6ef89c36345ee0,1738.16,67.71,7.039509612,54000,54000
89203b3dae6dc1377e7d63f5ce6ef89c36345ee0,1759.81,68.77,7.105107755,54000,54000
89203b3dae6dc1377e7d63f5ce6ef89c36345ee0,1731.54,67.43,7.027661386,54000,54000
89203b3dae6dc1377e7d63f5ce6ef89c36345ee0,1769.79,69.00,7.177062749,54000,55000
89203b3dae6dc1377e7d63f5ce6ef89c36345ee0,1771.78,68.95,7.180911899,54000,54000
89203b3dae6dc1377e7d63f5ce6ef89c36345ee0,1748.87,68.19,7.087241973,54000,54000
021bd6b995a19f816fddda80df54278c5cd94cfe,1714.29,66.78,6.950672646,55000,55000
021bd6b995a19f816fddda80df54278c5cd94cfe,1728.95,67.32,6.995670120,55000,54000
021bd6b995a19f816fddda80df54278c5cd94cfe,1717.27,66.98,6.938573484,55000,54000
021bd6b995a19f816fddda80df54278c5cd94cfe,1719.67,66.86,6.970087327,55000,54000
021bd6b995a19f816fddda80df54278c5cd94cfe,1734.51,67.48,7.025814813,55000,55000
021bd6b995a19f816fddda80df54278c5cd94cfe,1723.98,66.85,6.991315455,54000,54000
021bd6b995a19f816fddda80df54278c5cd94cfe,1724.71,67.48,6.977010445,54000,55000
021bd6b995a19f816fddda80df54278c5cd94cfe,1726.05,67.23,6.975286888,54000,56000
021bd6b995a19f816fddda80df54278c5cd94cfe,1728.45,67.26,7.015359920,54000,56000
021bd6b995a19f816fddda80df54278c5cd94cfe,1755.43,68.59,7.120869019,54000,55000
021bd6b995a19f816fddda80df54278c5cd94cfe,1744.88,67.97,7.065628786,56000,56000
021bd6b995a19f816fddda80df54278c5cd94cfe,1720.22,67.05,6.971608974,55000,54000
021bd6b995a19f816fddda80df54278c5cd94cfe,1731.83,67.57,7.003216217,56000,55000
021bd6b995a19f816fddda80df54278c5cd94cfe,1721.90,67.58,6.958315875,55000,55000
021bd6b995a19f816fddda80df54278c5cd94cfe,1729.24,67.66,6.972563697,55000,55000
021bd6b995a19f816fddda80df54278c5cd94cfe,1718.19,67.04,6.948161843,54000,54000
021bd6b995a19f816fddda80df54278c5cd94cfe,1720.94,67.12,6.955342420,55000,55000
021bd6b995a19f816fddda80df54278c5cd94cfe,1728.70,67.45,6.994897927,54000,55000
021bd6b995a19f816fddda80df54278c5cd94cfe,1717.96,67.34,6.944277965,54000,55000
021bd6b995a19f816fddda80df54278c5cd94cfe,1733.19,67.46,7.031722282,55000,55000
021bd6b995a19f816fddda80df54278c5cd94cfe,1716.35,66.95,6.945389849,55000,55000
021bd6b995a19f816fddda80df54278c5cd94cfe,1717.48,67.07,6.937787796,55000,54000
021bd6b995a19f816fddda80df54278c5cd94cfe,1737.90,67.94,7.022436066,56000,54000
021bd6b995a19f816fddda80df54278c5cd94cfe,1713.57,67.09,6.922511347,55000,54000
021bd6b995a19f816fddda80df54278c5cd94cfe,1700.12,66.50,6.874747262,54000,54000
021bd6b995a19f816fddda80df54278c5cd94cfe,1714.58,67.19,6.952297001,55000,55000
021bd6b995a19f816fddda80df54278c5cd94cfe,1728.28,67.50,6.999835754,55000,54000
021bd6b995a19f816fddda80df54278c5cd94cfe,1750.33,68.72,7.082787598,55000,55000
021bd6b995a19f816fddda80df54278c5cd94cfe,1738.76,67.82,7.044600928,54000,55000
021bd6b995a19f816fddda80df54278c5cd94cfe,1712.17,66.94,6.925233365,54000,54000
1bb8b3bd33c75a38a34877ca4cf8ce916a9dd1b4,1704.41,67.42,6.971152351,55000,55000
1bb8b3bd33c75a38a34877ca4cf8ce916a9dd1b4,1728.46,67.41,7.011683777,55000,55000
1bb8b3bd33c75a38a34877ca4cf8ce916a9dd1b4,1721.36,67.12,6.968854280,55000,55000
1bb8b3bd33c75a38a34877ca4cf8ce916a9dd1b4,1749.17,68.16,7.072105287,55000,54000
1bb8b3bd33c75a38a34877ca4cf8ce916a9dd1b4,1740.70,67.85,7.053758776,55000,54000
1bb8b3bd33c75a38a34877ca4cf8ce916a9dd1b4,1738.73,67.68,7.032473719,55000,55000
1bb8b3bd33c75a38a34877ca4cf8ce916a9dd1b4,1720.11,67.31,6.950914818,54000,55000
1bb8b3bd33c75a38a34877ca4cf8ce916a9dd1b4,1723.53,67.17,6.972757739,54000,56000
1bb8b3bd33c75a38a34877ca4cf8ce916a9dd1b4,1728.77,67.14,7.001908199,55000,54000
1bb8b3bd33c75a38a34877ca4cf8ce916a9dd1b4,1722.79,67.03,6.978498060,54000,55000
1bb8b3bd33c75a38a34877ca4cf8ce916a9dd1b4,1743.18,67.92,7.058567074,54000,54000
1bb8b3bd33c75a38a34877ca4cf8ce916a9dd1b4,1725.35,67.48,6.967130196,55000,55000
1bb8b3bd33c75a38a34877ca4cf8ce916a9dd1b4,1723.21,67.40,6.956041494,55000,54000
1bb8b3bd33c75a38a34877ca4cf8ce916a9dd1b4,1707.17,66.53,6.904002422,55000,55000
1bb8b3bd33c75a38a34877ca4cf8ce916a9dd1b4,1732.09,67.82,6.998455431,55000,54000
1bb8b3bd33c75a38a34877ca4cf8ce916a9dd1b4,1726.18,67.27,7.008262967,55000,54000
1bb8b3bd33c75a38a34877ca4cf8ce916a9dd1b4,1718.57,66.93,6.946056300,54000,54000
1bb8b3bd33c75a38a34877ca4cf8ce916a9dd1b4,1738.12,67.67,7.030594086,54000,55000
1bb8b3bd33c75a38a34877ca4cf8ce916a9dd1b4,1697.47,66.13,6.872435172,54000,55000
1bb8b3bd33c75a38a34877ca4cf8ce916a9dd1b4,1744.63,68.19,7.038036659,55000,55000
1bb8b3bd33c75a38a34877ca4cf8ce916a9dd1b4,1734.81,67.78,7.009119745,55000,55000
1bb8b3bd33c75a38a34877ca4cf8ce916a9dd1b4,1729.13,67.72,6.985519314,54000,55000
1bb8b3bd33c75a38a34877ca4cf8ce916a9dd1b4,1708.48,66.64,6.922839642,54000,54000
1bb8b3bd33c75a38a34877ca4cf8ce916a9dd1b4,1710.76,66.64,6.939932322,56000,54000
1bb8b3bd33c75a38a34877ca4cf8ce916a9dd1b4,1736.92,68.08,7.028651948,55000,54000
1bb8b3bd33c75a38a34877ca4cf8ce916a9dd1b4,1748.35,68.38,7.088875831,54000,55000
1bb8b3bd33c75a38a34877ca4cf8ce916a9dd1b4,1728.55,67.30,7.007519248,54000,54000
1bb8b3bd33c75a38a34877ca4cf8ce916a9dd1b4,1735.44,67.80,7.041088595,55000,55000
1bb8b3bd33c75a38a34877ca4cf8ce916a9dd1b4,1732.45,68.06,7.016768371,55000,54000
1bb8b3bd33c75a38a34877ca4cf8ce916a9dd1b4,1712.12,66.78,6.929701588,54000,54000
e0e86c59e5d8bafec11ce2228444df45ce5632ec,1702.17,66.38,6.936028618,55000,55000
e0e86c59e5d8bafec11ce2228444df45ce5632ec,1724.17,67.12,6.984842648,55000,54000
e0e86c59e5d8bafec11ce2228444df45ce5632ec,1701.84,66.06,6.912263216,55000,54000
e0e86c59e5d8bafec11ce2228444df45ce5632ec,1741.41,67.67,7.072512259,54000,54000
e0e86c59e5d8bafec11ce2228444df45ce5632ec,1730.67,67.42,7.005929328,55000,55000
e0e86c59e5d8bafec11ce2228444df45ce5632ec,1723.31,67.45,6.965451360,54000,56000
e0e86c59e5d8bafec11ce2228444df45ce5632ec,1730.98,67.61,7.015028811,54000,55000
e0e86c59e5d8bafec11ce2228444df45ce5632ec,1725.80,67.41,6.968324771,54000,54000
e0e86c59e5d8bafec11ce2228444df45ce5632ec,1730.45,67.49,6.997468327,54000,55000
e0e86c59e5d8bafec11ce2228444df45ce5632ec,1728.30,67.54,6.980297447,54000,55000
e0e86c59e5d8bafec11ce2228444df45ce5632ec,1729.42,67.34,6.996305062,55000,54000
e0e86c59e5d8bafec11ce2228444df45ce5632ec,1724.64,67.34,6.975105383,54000,55000
e0e86c59e5d8bafec11ce2228444df45ce5632ec,1702.13,66.56,6.883123635,55000,55000
e0e86c59e5d8bafec11ce2228444df45ce5632ec,1723.36,67.49,6.973328589,55000,55000
e0e86c59e5d8bafec11ce2228444df45ce5632ec,1730.36,68.01,6.982951092,54000,54000
e0e86c59e5d8bafec11ce2228444df45ce5632ec,1738.70,67.87,7.027657815,54000,55000
e0e86c59e5d8bafec11ce2228444df45ce5632ec,1716.06,67.05,6.945243343,54000,54000
e0e86c59e5d8bafec11ce2228444df45ce5632ec,1732.28,67.43,7.024348579,54000,54000
e0e86c59e5d8bafec11ce2228444df45ce5632ec,1748.47,68.53,7.063149649,55000,54000
e0e86c59e5d8bafec11ce2228444df45ce5632ec,1736.27,68.21,7.028294361,55000,54000
e0e86c59e5d8bafec11ce2228444df45ce5632ec,1718.42,67.25,6.961571915,54000,55000
e0e86c59e5d8bafec11ce2228444df45ce5632ec,1716.50,66.95,6.952711636,55000,54000
e0e86c59e5d8bafec11ce2228444df45ce5632ec,1709.76,66.82,6.925871917,54000,54000
e0e86c59e5d8bafec11ce2228444df45ce5632ec,1717.23,66.90,6.964560752,54000,54000
e0e86c59e5d8bafec11ce2228444df45ce5632ec,1702.34,66.34,6.902443205,54000,54000
e0e86c59e5d8bafec11ce2228444df45ce5632ec,1724.55,67.53,6.977689155,55000,55000
e0e86c59e5d8bafec11ce2228444df45ce5632ec,1717.79,66.72,6.961427121,54000,54000
e0e86c59e5d8bafec11ce2228444df45ce5632ec,1745.60,68.15,7.068869760,54000,54000
e0e86c59e5d8bafec11ce2228444df45ce5632ec,1725.92,67.25,6.984973184,54000,54000
e0e86c59e5d8bafec11ce2228444df45ce5632ec,1741.46,68.20,7.036497857,54000,55000
d0cb0a840fe1df7d7253e63a55056786116840b2,1733.79,67.70,6.998743902,54000,54000
d0cb0a840fe1df7d7253e63a55056786116840b2,1728.78,67.47,7.010005944,54000,55000
d0cb0a840fe1df7d7253e63a55056786116840b2,1741.56,67.91,7.046620913,55000,55000
d0cb0a840fe1df7d7253e63a55056786116840b2,1731.19,67.28,7.028154129,55000,55000
d0cb0a840fe1df7d7253e63a55056786116840b2,1720.75,67.01,6.978624088,54000,54000
d0cb0a840fe1df7d7253e63a55056786116840b2,1717.67,66.63,6.968486684,55000,54000
d0cb0a840fe1df7d7253e63a55056786116840b2,1726.49,67.48,6.987844873,55000,55000
d0cb0a840fe1df7d7253e63a55056786116840b2,1720.56,67.05,6.958661948,55000,54000
d0cb0a840fe1df7d7253e63a55056786116840b2,1736.75,67.83,7.022844692,54000,54000
d0cb0a840fe1df7d7253e63a55056786116840b2,1761.41,68.17,7.143492052,55000,55000
d0cb0a840fe1df7d7253e63a55056786116840b2,1720.17,67.19,6.958892189,55000,55000
d0cb0a840fe1df7d7253e63a55056786116840b2,1724.62,67.45,6.978247154,54000,55000
d0cb0a840fe1df7d7253e63a55056786116840b2,1733.86,67.46,7.013782869,55000,56000
d0cb0a840fe1df7d7253e63a55056786116840b2,1739.34,67.74,7.040111129,56000,54000
d0cb0a840fe1df7d7253e63a55056786116840b2,1720.92,67.24,6.959096139,55000,55000
d0cb0a840fe1df7d7253e63a55056786116840b2,1710.57,66.84,6.926566030,55000,54000
d0cb0a840fe1df7d7253e63a55056786116840b2,1729.50,67.45,6.993881727,54000,54000
d0cb0a840fe1df7d7253e63a55056786116840b2,1744.01,68.00,7.059213661,54000,54000
d0cb0a840fe1df7d7253e63a55056786116840b2,1730.78,67.30,7.031603739,54000,54000
d0cb0a840fe1df7d7253e63a55056786116840b2,1710.14,66.86,6.908538897,54000,54000
d0cb0a840fe1df7d7253e63a55056786116840b2,1706.05,66.77,6.904659884,54000,54000
d0cb0a840fe1df7d7253e63a55056786116840b2,1711.61,66.83,6.938283018,54000,56000
d0cb0a840fe1df7d7253e63a55056786116840b2,1734.65,67.87,7.028734144,55000,55000
d0cb0a840fe1df7d7253e63a55056786116840b2,1717.06,67.43,6.954735359,55000,55000
d0cb0a840fe1df7d7253e63a55056786116840b2,1710.33,67.02,6.928791883,55000,54000
d0cb0a840fe1df7d7253e63a55056786116840b2,1707.92,66.63,6.925545409,54000,54000
d0cb0a840fe1df7d7253e63a55056786116840b2,1736.16,67.75,7.008250749,54000,54000
d0cb0a840fe1df7d7253e63a55056786116840b2,1734.60,67.50,7.030180133,54000,55000
d0cb0a840fe1df7d7253e63a55056786116840b2,1713.19,67.02,6.931538470,54000,54000
d0cb0a840fe1df7d7253e63a55056786116840b2,1718.39,66.98,6.960648595,54000,54000
ce4f4b4cf7bf94195a3461ca57e320d094da3a09,1703.07,66.60,6.895915141,54000,54000
ce4f4b4cf7bf94195a3461ca57e320d094da3a09,1712.93,66.76,6.933439523,54000,54000
ce4f4b4cf7bf94195a3461ca57e320d094da3a09,1742.68,68.00,7.064024898,54000,54000
ce4f4b4cf7bf94195a3461ca57e320d094da3a09,1717.15,66.80,6.957475317,55000,55000
ce4f4b4cf7bf94195a3461ca57e320d094da3a09,1707.40,66.88,6.909477251,56000,55000
ce4f4b4cf7bf94195a3461ca57e320d094da3a09,1720.45,67.10,6.956841211,54000,55000
ce4f4b4cf7bf94195a3461ca57e320d094da3a09,1745.25,68.09,7.061646086,54000,54000
ce4f4b4cf7bf94195a3461ca57e320d094da3a09,1721.51,67.05,6.960181225,54000,53000
ce4f4b4cf7bf94195a3461ca57e320d094da3a09,1715.89,66.78,6.948212946,54000,55000
ce4f4b4cf7bf94195a3461ca57e320d094da3a09,1709.60,66.53,6.914238354,55000,54000
ce4f4b4cf7bf94195a3461ca57e320d094da3a09,1734.73,67.79,7.015371230,55000,55000
ce4f4b4cf7bf94195a3461ca57e320d094da3a09,1707.35,66.50,6.919364166,55000,55000
ce4f4b4cf7bf94195a3461ca57e320d094da3a09,1712.19,66.57,6.924606178,56000,54000
ce4f4b4cf7bf94195a3461ca57e320d094da3a09,1729.62,67.60,6.985350719,55000,55000
ce4f4b4cf7bf94195a3461ca57e320d094da3a09,1711.51,66.67,6.930226618,54000,55000
ce4f4b4cf7bf94195a3461ca57e320d094da3a09,1717.90,67.34,6.947722807,54000,54000
ce4f4b4cf7bf94195a3461ca57e320d094da3a09,1733.91,67.51,7.015937435,55000,54000
ce4f4b4cf7bf94195a3461ca57e320d094da3a09,1724.08,67.21,6.979822607,54000,54000
ce4f4b4cf7bf94195a3461ca57e320d094da3a09,1714.67,66.87,6.953446844,55000,54000
ce4f4b4cf7bf94195a3461ca57e320d094da3a09,1697.62,66.31,6.879044561,54000,54000
ce4f4b4cf7bf94195a3461ca57e320d094da3a09,1725.78,67.56,6.974562450,54000,54000
ce4f4b4cf7bf94195a3461ca57e320d094da3a09,1737.02,67.63,7.033816612,54000,54000
ce4f4b4cf7bf94195a3461ca57e320d094da3a09,1713.98,66.86,6.940261237,54000,54000
ce4f4b4cf7bf94195a3461ca57e320d094da3a09,1738.19,68.05,7.036302985,54000,55000
ce4f4b4cf7bf94195a3461ca57e320d094da3a09,1721.75,67.18,6.972437793,54000,54000
ce4f4b4cf7bf94195a3461ca57e320d094da3a09,1719.11,67.21,6.948167733,54000,54000
ce4f4b4cf7bf94195a3461ca57e320d094da3a09,1721.49,67.59,6.954161786,54000,56000
ce4f4b4cf7bf94195a3461ca57e320d094da3a09,1702.54,66.30,6.904937028,55000,55000
ce4f4b4cf7bf94195a3461ca57e320d094da3a09,1737.80,67.67,7.058096942,55000,55000
ce4f4b4cf7bf94195a3461ca57e320d094da3a09,1721.48,67.13,6.988397507,55000,54000
cb9aaf1673848379e88d3de5d4fe635f7ef4d93a,1717.06,66.90,6.956755670,55000,54000
cb9aaf1673848379e88d3de5d4fe635f7ef4d93a,1740.20,67.84,7.027431460,54000,55000
cb9aaf1673848379e88d3de5d4fe635f7ef4d93a,1723.58,67.01,6.985655949,54000,55000
cb9aaf1673848379e88d3de5d4fe635f7ef4d93a,1728.01,67.06,7.005352751,55000,55000
cb9aaf1673848379e88d3de5d4fe635f7ef4d93a,1739.02,67.36,7.037535830,56000,54000
cb9aaf1673848379e88d3de5d4fe635f7ef4d93a,1729.41,67.35,6.989218759,55000,56000
cb9aaf1673848379e88d3de5d4fe635f7ef4d93a,1716.34,66.94,6.933202233,56000,55000
cb9aaf1673848379e88d3de5d4fe635f7ef4d93a,1720.68,66.93,6.976237143,54000,55000
cb9aaf1673848379e88d3de5d4fe635f7ef4d93a,1712.69,66.64,6.944740625,55000,54000
cb9aaf1673848379e88d3de5d4fe635f7ef4d93a,1731.29,67.61,7.004380070,54000,54000
cb9aaf1673848379e88d3de5d4fe635f7ef4d93a,1726.51,67.52,6.959241234,55000,55000
cb9aaf1673848379e88d3de5d4fe635f7ef4d93a,1729.35,67.39,6.986939240,54000,55000
cb9aaf1673848379e88d3de5d4fe635f7ef4d93a,1724.33,67.60,6.958976920,55000,55000
cb9aaf1673848379e88d3de5d4fe635f7ef4d93a,1739.62,67.86,7.042146919,54000,54000
cb9aaf1673848379e88d3de5d4fe635f7ef4d93a,1735.98,67.52,7.030302005,55000,55000
cb9aaf1673848379e88d3de5d4fe635f7ef4d93a,1719.12,67.22,6.948297895,56000,55000
cb9aaf1673848379e88d3de5d4fe635f7ef4d93a,1713.21,66.49,6.942033107,55000,55000
cb9aaf1673848379e88d3de5d4fe635f7ef4d93a,1725.53,67.49,6.976173334,54000,54000
cb9aaf1673848379e88d3de5d4fe635f7ef4d93a,1736.88,68.23,7.019532387,54000,54000
cb9aaf1673848379e88d3de5d4fe635f7ef4d93a,1703.94,66.28,6.903390570,56000,54000
cb9aaf1673848379e88d3de5d4fe635f7ef4d93a,1721.27,67.21,6.965175503,55000,54000
cb9aaf1673848379e88d3de5d4fe635f7ef4d93a,1733.71,67.83,7.002670636,54000,54000
cb9aaf1673848379e88d3de5d4fe635f7ef4d93a,1707.25,66.47,6.903381648,54000,54000
cb9aaf1673848379e88d3de5d4fe635f7ef4d93a,1723.92,67.25,6.978971624,55000,54000
cb9aaf1673848379e88d3de5d4fe635f7ef4d93a,1712.86,66.78,6.927324043,54000,55000
cb9aaf1673848379e88d3de5d4fe635f7ef4d93a,1721.13,67.07,6.977133679,54000,55000
cb9aaf1673848379e88d3de5d4fe635f7ef4d93a,1733.77,67.96,6.996285817,54000,56000
cb9aaf1673848379e88d3de5d4fe635f7ef4d93a,1727.98,67.49,6.987177729,54000,55000
cb9aaf1673848379e88d3de5d4fe635f7ef4d93a,1719.98,67.06,6.969447409,54000,54000
cb9aaf1673848379e88d3de5d4fe635f7ef4d93a,1711.39,66.60,6.934906188,56000,54000
02bc3981d4bb56b21cd249ed35dc071bf6ac9cf0,1713.24,66.89,6.936141000,54000,54000
02bc3981d4bb56b21cd249ed35dc071bf6ac9cf0,1724.02,67.26,6.974045074,54000,55000
02bc3981d4bb56b21cd249ed35dc071bf6ac9cf0,1734.85,67.68,6.999095236,55000,54000
02bc3981d4bb56b21cd249ed35dc071bf6ac9cf0,1730.37,67.49,7.013495937,54000,54000
02bc3981d4bb56b21cd249ed35dc071bf6ac9cf0,1750.55,68.33,7.077917540,55000,55000
02bc3981d4bb56b21cd249ed35dc071bf6ac9cf0,1721.28,67.21,6.964416672,55000,55000
02bc3981d4bb56b21cd249ed35dc071bf6ac9cf0,1725.13,66.92,6.994357045,54000,54000
02bc3981d4bb56b21cd249ed35dc071bf6ac9cf0,1736.21,67.40,7.037887844,54000,55000
02bc3981d4bb56b21cd249ed35dc071bf6ac9cf0,1736.47,67.38,7.039998218,56000,55000
02bc3981d4bb56b21cd249ed35dc071bf6ac9cf0,1747.19,68.32,7.064628960,55000,56000
02bc3981d4bb56b21cd249ed35dc071bf6ac9cf0,1741.16,68.18,7.035336585,55000,56000
02bc3981d4bb56b21cd249ed35dc071bf6ac9cf0,1730.78,67.74,6.993982675,55000,54000
02bc3981d4bb56b21cd249ed35dc071bf6ac9cf0,1720.67,66.91,6.970261452,55000,55000
02bc3981d4bb56b21cd249ed35dc071bf6ac9cf0,1729.15,67.68,6.988857450,54000,54000
02bc3981d4bb56b21cd249ed35dc071bf6ac9cf0,1716.06,66.88,6.945164873,54000,55000
02bc3981d4bb56b21cd249ed35dc071bf6ac9cf0,1752.21,68.56,7.087249270,55000,54000
02bc3981d4bb56b21cd249ed35dc071bf6ac9cf0,1742.02,67.72,7.068212066,55000,55000
02bc3981d4bb56b21cd249ed35dc071bf6ac9cf0,1730.50,67.57,6.987009174,55000,54000
02bc3981d4bb56b21cd249ed35dc071bf6ac9cf0,1727.96,67.42,7.005442701,54000,55000
02bc3981d4bb56b21cd249ed35dc071bf6ac9cf0,1727.05,67.25,6.989761229,55000,54000
02bc3981d4bb56b21cd249ed35dc071bf6ac9cf0,1730.43,67.76,6.989430698,56000,55000
02bc3981d4bb56b21cd249ed35dc071bf6ac9cf0,1717.40,67.19,6.944627246,55000,55000
02bc3981d4bb56b21cd249ed35dc071bf6ac9cf0,1714.97,66.75,6.945528814,55000,54000
02bc3981d4bb56b21cd249ed35dc071bf6ac9cf0,1731.92,67.55,7.013443694,55000,54000
02bc3981d4bb56b21cd249ed35dc071bf6ac9cf0,1735.69,67.58,7.041120647,55000,54000
02bc3981d4bb56b21cd249ed35dc071bf6ac9cf0,1718.28,66.67,6.957259265,55000,54000
02bc3981d4bb56b21cd249ed35dc071bf6ac9cf0,1746.50,68.23,7.065327759,54000,54000
02bc3981d4bb56b21cd249ed35dc071bf6ac9cf0,1727.76,67.50,6.996054536,54000,55000
02bc3981d4bb56b21cd249ed35dc071bf6ac9cf0,1723.03,67.00,6.970130532,54000,54000
02bc3981d4bb56b21cd249ed35dc071bf6ac9cf0,1729.36,67.23,7.018404624,54000,55000
6db4057e4cc302b851aa5b3f8df1473302bac1ba,1735.30,67.44,7.028106781,55000,55000
6db4057e4cc302b851aa5b3f8df1473302bac1ba,1781.65,69.30,7.216791176,54000,54000
6db4057e4cc302b851aa5b3f8df1473302bac1ba,1734.44,67.63,7.034015033,54000,55000
6db4057e4cc302b851aa5b3f8df1473302bac1ba,1753.17,68.34,7.096009396,55000,55000
6db4057e4cc302b851aa5b3f8df1473302bac1ba,1738.10,67.85,7.026695066,54000,56000
6db4057e4cc302b851aa5b3f8df1473302bac1ba,1740.78,68.00,7.032135439,55000,55000
6db4057e4cc302b851aa5b3f8df1473302bac1ba,1740.26,67.92,7.028151684,54000,55000
6db4057e4cc302b851aa5b3f8df1473302bac1ba,1751.63,68.02,7.104220665,55000,54000
6db4057e4cc302b851aa5b3f8df1473302bac1ba,1746.56,67.54,7.077572311,56000,54000
6db4057e4cc302b851aa5b3f8df1473302bac1ba,1749.41,67.90,7.094898966,55000,55000
6db4057e4cc302b851aa5b3f8df1473302bac1ba,1768.93,69.12,7.154887086,55000,55000
6db4057e4cc302b851aa5b3f8df1473302bac1ba,1746.35,68.07,7.056933139,56000,55000
6db4057e4cc302b851aa5b3f8df1473302bac1ba,1740.66,67.89,7.056140998,55000,56000
6db4057e4cc302b851aa5b3f8df1473302bac1ba,1755.44,68.40,7.108266662,54000,54000
6db4057e4cc302b851aa5b3f8df1473302bac1ba,1752.30,68.17,7.096216635,55000,54000
6db4057e4cc302b851aa5b3f8df1473302bac1ba,1736.59,67.59,7.019641466,55000,54000
6db4057e4cc302b851aa5b3f8df1473302bac1ba,1712.15,66.48,6.943944692,54000,55000
6db4057e4cc302b851aa5b3f8df1473302bac1ba,1747.07,68.03,7.072839416,54000,55000
6db4057e4cc302b851aa5b3f8df1473302bac1ba,1733.57,67.49,7.030526814,54000,55000
6db4057e4cc302b851aa5b3f8df1473302bac1ba,1731.13,67.33,7.008076567,56000,55000
6db4057e4cc302b851aa5b3f8df1473302bac1ba,1734.33,67.37,7.022020507,55000,56000
6db4057e4cc302b851aa5b3f8df1473302bac1ba,1755.44,68.47,7.119370949,54000,54000
6db4057e4cc302b851aa5b3f8df1473302bac1ba,1726.17,67.32,6.999540874,54000,54000
6db4057e4cc302b851aa5b3f8df1473302bac1ba,1742.89,67.93,7.060740132,55000,54000
6db4057e4cc302b851aa5b3f8df1473302bac1ba,1752.93,68.48,7.079260017,54000,54000
6db4057e4cc302b851aa5b3f8df1473302bac1ba,1751.77,68.50,7.082847023,54000,54000
6db4057e4cc302b851aa5b3f8df1473302bac1ba,1741.21,67.93,7.045238151,55000,54000
6db4057e4cc302b851aa5b3f8df1473302bac1ba,1730.55,67.23,7.012749617,54000,54000
6db4057e4cc302b851aa5b3f8df1473302bac1ba,1775.81,68.83,7.209245171,55000,54000
6db4057e4cc302b851aa5b3f8df1473302bac1ba,1741.27,67.56,7.075018842,54000,54000
45c8293bf454eba0390a244f2f1d16ad2e175256,1744.73,68.66,7.145589222,56000,55000
45c8293bf454eba0390a244f2f1d16ad2e175256,1755.62,68.29,7.119413964,55000,54000
45c8293bf454eba0390a244f2f1d16ad2e175256,1739.29,67.50,7.047672397,54000,55000
45c8293bf454eba0390a244f2f1d16ad2e175256,1739.32,68.06,7.025204672,55000,54000
45c8293bf454eba0390a244f2f1d16ad2e175256,1742.44,67.59,7.073366008,54000,55000
45c8293bf454eba0390a244f2f1d16ad2e175256,1733.13,67.63,7.008569371,55000,54000
45c8293bf454eba0390a244f2f1d16ad2e175256,1738.79,67.61,7.046548606,54000,54000
45c8293bf454eba0390a244f2f1d16ad2e175256,1728.31,67.16,7.008808931,54000,55000
45c8293bf454eba0390a244f2f1d16ad2e175256,1740.84,67.52,7.069878229,54000,53000
45c8293bf454eba0390a244f2f1d16ad2e175256,1753.39,68.29,7.083627924,54000,54000
45c8293bf454eba0390a244f2f1d16ad2e175256,1729.59,67.54,6.996412066,55000,54000
45c8293bf454eba0390a244f2f1d16ad2e175256,1714.22,66.45,6.959159533,54000,55000
45c8293bf454eba0390a244f2f1d16ad2e175256,1737.91,67.49,7.030248255,54000,56000
45c8293bf454eba0390a244f2f1d16ad2e175256,1789.81,69.54,7.247264125,55000,55000
45c8293bf454eba0390a244f2f1d16ad2e175256,1740.16,67.86,7.026725865,55000,54000
45c8293bf454eba0390a244f2f1d16ad2e175256,1759.89,68.94,7.109590035,54000,55000
45c8293bf454eba0390a244f2f1d16ad2e175256,1746.15,68.00,7.083464939,54000,54000
45c8293bf454eba0390a244f2f1d16ad2e175256,1744.89,67.81,7.065425290,55000,55000
45c8293bf454eba0390a244f2f1d16ad2e175256,1746.48,68.02,7.066556711,56000,55000
45c8293bf454eba0390a244f2f1d16ad2e175256,1741.54,67.80,7.065337835,54000,55000
45c8293bf454eba0390a244f2f1d16ad2e175256,1778.22,69.63,7.201661058,54000,53000
45c8293bf454eba0390a244f2f1d16ad2e175256,1747.14,68.04,7.076879005,54000,55000
45c8293bf454eba0390a244f2f1d16ad2e175256,1720.03,67.18,6.977998839,54000,55000
45c8293bf454eba0390a244f2f1d16ad2e175256,1743.78,67.81,7.067596468,54000,54000
45c8293bf454eba0390a244f2f1d16ad2e175256,1745.38,67.96,7.067927956,55000,54000
45c8293bf454eba0390a244f2f1d16ad2e175256,1771.33,69.08,7.200838858,54000,54000
45c8293bf454eba0390a244f2f1d16ad2e175256,1736.80,67.77,7.025178252,54000,56000
45c8293bf454eba0390a244f2f1d16ad2e175256,1732.52,67.64,7.025051987,54000,54000
45c8293bf454eba0390a244f2f1d16ad2e175256,1729.27,67.51,7.010815955,54000,54000
45c8293bf454eba0390a244f2f1d16ad2e175256,1742.65,67.88,7.064421813,54000,54000
27bede624d3f6bed282c53a68b0a00482a87d4aa,1771.11,68.95,7.184539690,55000,54000
27bede624d3f6bed282c53a68b0a00482a87d4aa,1741.07,67.78,7.055720019,55000,55000
27bede624d3f6bed282c53a68b0a00482a87d4aa,1728.69,67.30,6.995982606,54000,55000
27bede624d3f6bed282c53a68b0a00482a87d4aa,1737.98,67.58,7.049016041,55000,54000
27bede624d3f6bed282c53a68b0a00482a87d4aa,1751.11,68.46,7.071160172,55000,55000
27bede624d3f6bed282c53a68b0a00482a87d4aa,1734.72,67.82,7.013240739,55000,55000
27bede624d3f6bed282c53a68b0a00482a87d4aa,1730.08,67.57,6.995389034,55000,54000
27bede624d3f6bed282c53a68b0a00482a87d4aa,1736.27,67.44,7.045446277,54000,55000
27bede624d3f6bed282c53a68b0a00482a87d4aa,1727.69,67.27,7.011180900,54000,54000
27bede624d3f6bed282c53a68b0a00482a87d4aa,1733.77,67.60,7.017820855,55000,54000
27bede624d3f6bed282c53a68b0a00482a87d4aa,1765.81,68.81,7.140503615,54000,56000
27bede624d3f6bed282c53a68b0a00482a87d4aa,1765.55,68.67,7.147069238,54000,54000
27bede624d3f6bed282c53a68b0a00482a87d4aa,1713.75,66.78,6.948398454,54000,54000
27bede624d3f6bed282c53a68b0a00482a87d4aa,1760.11,68.95,7.104531557,55000,55000
27bede624d3f6bed282c53a68b0a00482a87d4aa,1728.35,67.16,7.008127177,54000,55000
27bede624d3f6bed282c53a68b0a00482a87d4aa,1742.24,67.87,7.060817736,54000,54000
27bede624d3f6bed282c53a68b0a00482a87d4aa,1732.10,67.54,7.014087674,54000,55000
27bede624d3f6bed282c53a68b0a00482a87d4aa,1749.76,68.56,7.074063980,54000,55000
27bede624d3f6bed282c53a68b0a00482a87d4aa,1744.40,67.81,7.063905106,55000,55000
27bede624d3f6bed282c53a68b0a00482a87d4aa,1732.71,67.37,7.022371860,54000,54000
27bede624d3f6bed282c53a68b0a00482a87d4aa,1754.31,68.55,7.093392784,56000,56000
27bede624d3f6bed282c53a68b0a00482a87d4aa,1731.52,67.22,7.014325860,55000,55000
27bede624d3f6bed282c53a68b0a00482a87d4aa,1736.62,67.82,7.026581009,54000,55000
27bede624d3f6bed282c53a68b0a00482a87d4aa,1766.14,69.18,7.142062627,54000,54000
27bede624d3f6bed282c53a68b0a00482a87d4aa,1750.36,68.22,7.082515797,55000,55000
27bede624d3f6bed282c53a68b0a00482a87d4aa,1711.75,66.50,6.926584062,55000,55000
27bede624d3f6bed282c53a68b0a00482a87d4aa,1746.75,68.17,7.078965722,54000,55000
27bede624d3f6bed282c53a68b0a00482a87d4aa,1729.15,67.50,7.000808247,55000,54000
27bede624d3f6bed282c53a68b0a00482a87d4aa,1727.74,67.16,7.011226821,55000,54000
27bede624d3f6bed282c53a68b0a00482a87d4aa,1726.65,67.43,7.004578933,55000,54000
caee30f1e4085cfcdb59f893bd58173108db6152,1721.39,67.39,7.019018415,55000,55000
caee30f1e4085cfcdb59f893bd58173108db6152,1753.57,68.11,7.097988208,55000,55000
caee30f1e4085cfcdb59f893bd58173108db6152,1735.02,67.83,7.016688728,56000,55000
caee30f1e4085cfcdb59f893bd58173108db6152,1744.43,67.95,7.067082953,56000,55000
caee30f1e4085cfcdb59f893bd58173108db6152,1755.50,68.41,7.109115170,56000,54000
caee30f1e4085cfcdb59f893bd58173108db6152,1743.70,67.86,7.053467024,54000,54000
caee30f1e4085cfcdb59f893bd58173108db6152,1754.44,68.50,7.091066761,54000,55000
caee30f1e4085cfcdb59f893bd58173108db6152,1754.74,68.22,7.096527970,55000,55000
caee30f1e4085cfcdb59f893bd58173108db6152,1732.26,67.40,7.033228653,55000,54000
caee30f1e4085cfcdb59f893bd58173108db6152,1733.54,67.72,7.009387249,55000,55000
caee30f1e4085cfcdb59f893bd58173108db6152,1746.25,67.94,7.084159143,55000,55000
caee30f1e4085cfcdb59f893bd58173108db6152,1735.82,67.61,7.027911114,54000,54000
caee30f1e4085cfcdb59f893bd58173108db6152,1726.68,67.21,6.989580943,54000,55000
caee30f1e4085cfcdb59f893bd58173108db6152,1721.79,67.07,6.973878634,54000,54000
caee30f1e4085cfcdb59f893bd58173108db6152,1738.22,67.94,7.048116435,54000,54000
caee30f1e4085cfcdb59f893bd58173108db6152,1759.95,68.62,7.129793931,54000,54000
caee30f1e4085cfcdb59f893bd58173108db6152,1724.90,67.34,6.984775037,54000,54000
caee30f1e4085cfcdb59f893bd58173108db6152,1737.10,67.98,7.025054049,55000,55000
caee30f1e4085cfcdb59f893bd58173108db6152,1725.01,67.31,6.973452122,55000,56000
caee30f1e4085cfcdb59f893bd58173108db6152,1765.67,68.68,7.154109175,55000,55000
caee30f1e4085cfcdb59f893bd58173108db6152,1774.08,69.26,7.176796744,55000,55000
caee30f1e4085cfcdb59f893bd58173108db6152,1717.89,67.12,6.959490740,54000,54000
caee30f1e4085cfcdb59f893bd58173108db6152,1738.72,67.65,7.051938938,56000,55000
caee30f1e4085cfcdb59f893bd58173108db6152,1757.14,68.70,7.130915519,54000,55000
caee30f1e4085cfcdb59f893bd58173108db6152,1756.64,68.31,7.129506078,55000,54000
caee30f1e4085cfcdb59f893bd58173108db6152,1719.16,66.95,6.964165520,55000,55000
caee30f1e4085cfcdb59f893bd58173108db6152,1734.34,67.43,7.028779719,55000,55000
caee30f1e4085cfcdb59f893bd58173108db6152,1735.12,67.48,7.021070592,55000,55000
caee30f1e4085cfcdb59f893bd58173108db6152,1748.07,67.95,7.083718646,55000,55000
caee30f1e4085cfcdb59f893bd58173108db6152,1737.26,67.69,7.034221069,54000,54000
8e79d80eea1786c02b3ec1661a7fcaf68ebe76d3,1736.54,68.31,7.102014512,56000,55000
8e79d80eea1786c02b3ec1661a7fcaf68ebe76d3,1745.31,67.44,7.079793063,54000,54000
8e79d80eea1786c02b3ec1661a7fcaf68ebe76d3,1744.52,68.04,7.065545579,54000,54000
8e79d80eea1786c02b3ec1661a7fcaf68ebe76d3,1755.69,67.94,7.128641875,54000,56000
8e79d80eea1786c02b3ec1661a7fcaf68ebe76d3,1728.36,67.18,7.017750265,55000,54000
8e79d80eea1786c02b3ec1661a7fcaf68ebe76d3,1739.83,67.45,7.055472427,55000,55000
8e79d80eea1786c02b3ec1661a7fcaf68ebe76d3,1751.04,68.16,7.107252627,55000,55000
8e79d80eea1786c02b3ec1661a7fcaf68ebe76d3,1774.43,69.13,7.185255340,54000,54000
8e79d80eea1786c02b3ec1661a7fcaf68ebe76d3,1749.79,67.63,7.095172411,55000,55000
8e79d80eea1786c02b3ec1661a7fcaf68ebe76d3,1739.21,67.42,7.045023220,55000,55000
8e79d80eea1786c02b3ec1661a7fcaf68ebe76d3,1758.10,67.81,7.137522989,55000,55000
8e79d80eea1786c02b3ec1661a7fcaf68ebe76d3,1749.41,67.99,7.090792914,55000,55000
8e79d80eea1786c02b3ec1661a7fcaf68ebe76d3,1766.15,68.77,7.162321233,55000,55000
8e79d80eea1786c02b3ec1661a7fcaf68ebe76d3,1762.43,68.39,7.148432947,54000,54000
8e79d80eea1786c02b3ec1661a7fcaf68ebe76d3,1767.18,68.98,7.173441270,54000,55000
8e79d80eea1786c02b3ec1661a7fcaf68ebe76d3,1770.42,68.92,7.174292960,54000,56000
8e79d80eea1786c02b3ec1661a7fcaf68ebe76d3,1756.12,68.57,7.110442143,54000,54000
8e79d80eea1786c02b3ec1661a7fcaf68ebe76d3,1748.72,68.05,7.090613145,55000,54000
8e79d80eea1786c02b3ec1661a7fcaf68ebe76d3,1752.51,67.99,7.099414930,55000,54000
8e79d80eea1786c02b3ec1661a7fcaf68ebe76d3,1740.47,67.72,7.055531266,54000,54000
8e79d80eea1786c02b3ec1661a7fcaf68ebe76d3,1767.68,69.08,7.149930132,54000,54000
8e79d80eea1786c02b3ec1661a7fcaf68ebe76d3,1759.63,68.26,7.137376557,54000,55000
8e79d80eea1786c02b3ec1661a7fcaf68ebe76d3,1750.07,68.46,7.084597325,55000,54000
8e79d80eea1786c02b3ec1661a7fcaf68ebe76d3,1726.35,67.36,6.995691850,54000,54000
8e79d80eea1786c02b3ec1661a7fcaf68ebe76d3,1757.07,68.69,7.114178121,55000,55000
8e79d80eea1786c02b3ec1661a7fcaf68ebe76d3,1746.26,67.95,7.063668921,54000,55000
8e79d80eea1786c02b3ec1661a7fcaf68ebe76d3,1736.07,67.63,7.032678628,55000,55000
8e79d80eea1786c02b3ec1661a7fcaf68ebe76d3,1767.49,69.03,7.151844573,54000,55000
8e79d80eea1786c02b3ec1661a7fcaf68ebe76d3,1760.22,68.37,7.140601041,55000,55000
8e79d80eea1786c02b3ec1661a7fcaf68ebe76d3,1751.77,68.44,7.091005100,55000,54000
db4387c3ed8f8ac09d6583910e82aff8d9dad278,1789.59,69.45,7.246393008,54000,54000
db4387c3ed8f8ac09d6583910e82aff8d9dad278,1760.92,68.49,7.137299715,55000,55000
db4387c3ed8f8ac09d6583910e82aff8d9dad278,1778.53,68.91,7.219296481,54000,55000
db4387c3ed8f8ac09d6583910e82aff8d9dad278,1747.55,68.07,7.076566436,54000,55000
db4387c3ed8f8ac09d6583910e82aff8d9dad278,1753.53,68.08,7.100075526,54000,55000
db4387c3ed8f8ac09d6583910e82aff8d9dad278,1787.17,69.66,7.249395109,55000,54000
db4387c3ed8f8ac09d6583910e82aff8d9dad278,1763.12,68.47,7.133047741,55000,55000
db4387c3ed8f8ac09d6583910e82aff8d9dad278,1751.41,68.02,7.101322540,56000,55000
db4387c3ed8f8ac09d6583910e82aff8d9dad278,1758.24,68.26,7.118299105,56000,54000
db4387c3ed8f8ac09d6583910e82aff8d9dad278,1756.17,68.19,7.118264732,55000,55000
db4387c3ed8f8ac09d6583910e82aff8d9dad278,1752.28,67.83,7.103856675,56000,55000
db4387c3ed8f8ac09d6583910e82aff8d9dad278,1738.19,67.30,7.049500907,55000,55000
db4387c3ed8f8ac09d6583910e82aff8d9dad278,1804.21,70.25,7.323403464,55000,54000
db4387c3ed8f8ac09d6583910e82aff8d9dad278,1737.37,67.38,7.056918818,55000,56000
db4387c3ed8f8ac09d6583910e82aff8d9dad278,1734.75,67.23,7.038498330,55000,54000
db4387c3ed8f8ac09d6583910e82aff8d9dad278,1765.22,69.03,7.136545382,54000,55000
db4387c3ed8f8ac09d6583910e82aff8d9dad278,1766.58,68.70,7.166663743,54000,55000
db4387c3ed8f8ac09d6583910e82aff8d9dad278,1759.72,68.39,7.138414397,55000,55000
db4387c3ed8f8ac09d6583910e82aff8d9dad278,1782.00,69.22,7.230158059,55000,54000
db4387c3ed8f8ac09d6583910e82aff8d9dad278,1735.91,67.33,7.036231547,55000,55000
db4387c3ed8f8ac09d6583910e82aff8d9dad278,1752.13,67.88,7.123429947,54000,54000
db4387c3ed8f8ac09d6583910e82aff8d9dad278,1769.10,69.11,7.147423281,54000,54000
db4387c3ed8f8ac09d6583910e82aff8d9dad278,1770.29,69.12,7.179509135,54000,54000
db4387c3ed8f8ac09d6583910e82aff8d9dad278,1782.91,69.47,7.208171922,54000,54000
db4387c3ed8f8ac09d6583910e82aff8d9dad278,1751.45,68.33,7.088396949,54000,56000
db4387c3ed8f8ac09d6583910e82aff8d9dad278,1758.88,68.85,7.110737440,54000,54000
db4387c3ed8f8ac09d6583910e82aff8d9dad278,1754.14,68.50,7.108042901,54000,54000
db4387c3ed8f8ac09d6583910e82aff8d9dad278,1739.04,67.66,7.066732701,55000,55000
db4387c3ed8f8ac09d6583910e82aff8d9dad278,1732.87,67.31,7.024670533,55000,55000
db4387c3ed8f8ac09d6583910e82aff8d9dad278,1760.19,68.57,7.127012342,55000,55000
8bdb2b0fb63263bca9763e403326260cadb9369a,1753.01,68.25,7.101040374,55000,55000
8bdb2b0fb63263bca9763e403326260cadb9369a,1758.01,68.47,7.133877404,55000,55000
8bdb2b0fb63263bca9763e403326260cadb9369a,1781.92,69.04,7.222194344,55000,54000
8bdb2b0fb63263bca9763e403326260cadb9369a,1781.49,69.33,7.191321782,56000,54000
8bdb2b0fb63263bca9763e403326260cadb9369a,1748.03,67.77,7.088694005,54000,55000
8bdb2b0fb63263bca9763e403326260cadb9369a,1772.79,68.92,7.186660363,54000,55000
8bdb2b0fb63263bca9763e403326260cadb9369a,1784.64,69.11,7.239521422,55000,55000
8bdb2b0fb63263bca9763e403326260cadb9369a,1765.34,68.80,7.139441718,54000,54000
8bdb2b0fb63263bca9763e403326260cadb9369a,1770.68,68.99,7.151526795,54000,55000
8bdb2b0fb63263bca9763e403326260cadb9369a,1772.91,69.15,7.169323966,55000,54000
8bdb2b0fb63263bca9763e403326260cadb9369a,1767.82,68.66,7.152874538,54000,54000
8bdb2b0fb63263bca9763e403326260cadb9369a,1749.38,68.06,7.084570976,54000,55000
8bdb2b0fb63263bca9763e403326260cadb9369a,1771.69,68.78,7.175848203,54000,56000
8bdb2b0fb63263bca9763e403326260cadb9369a,1743.59,67.72,7.048296022,55000,54000
8bdb2b0fb63263bca9763e403326260cadb9369a,1768.29,68.70,7.176399129,55000,54000
8bdb2b0fb63263bca9763e403326260cadb9369a,1764.65,68.85,7.134523573,54000,55000
8bdb2b0fb63263bca9763e403326260cadb9369a,1761.38,68.80,7.120130134,55000,55000
8bdb2b0fb63263bca9763e403326260cadb9369a,1758.80,68.46,7.117556386,54000,55000
8bdb2b0fb63263bca9763e403326260cadb9369a,1739.14,67.48,7.055108087,54000,54000
8bdb2b0fb63263bca9763e403326260cadb9369a,1745.27,68.08,7.084909484,54000,56000
8bdb2b0fb63263bca9763e403326260cadb9369a,1748.35,68.01,7.070218985,55000,55000
8bdb2b0fb63263bca9763e403326260cadb9369a,1741.80,67.93,7.053427112,54000,55000
8bdb2b0fb63263bca9763e403326260cadb9369a,1745.17,67.80,7.080484630,54000,55000
8bdb2b0fb63263bca9763e403326260cadb9369a,1760.78,68.78,7.112232727,54000,55000
8bdb2b0fb63263bca9763e403326260cadb9369a,1784.34,69.82,7.224571515,54000,54000
8bdb2b0fb63263bca9763e403326260cadb9369a,1774.74,69.45,7.167304905,54000,54000
8bdb2b0fb63263bca9763e403326260cadb9369a,1766.80,68.66,7.155318841,54000,54000
8bdb2b0fb63263bca9763e403326260cadb9369a,1753.20,68.42,7.113627906,55000,55000
8bdb2b0fb63263bca9763e403326260cadb9369a,1750.10,67.80,7.101189121,55000,54000
8bdb2b0fb63263bca9763e403326260cadb9369a,1768.57,68.72,7.172760835,54000,54000
48c822c08251b8b3d2c6142ea5e9bfc4e5ded71d,1769.75,69.34,7.250836124,55000,55000
48c822c08251b8b3d2c6142ea5e9bfc4e5ded71d,1757.93,68.15,7.109059660,54000,54000
48c822c08251b8b3d2c6142ea5e9bfc4e5ded71d,1758.86,68.72,7.117473143,54000,55000
48c822c08251b8b3d2c6142ea5e9bfc4e5ded71d,1736.04,67.40,7.026117892,55000,55000
48c822c08251b8b3d2c6142ea5e9bfc4e5ded71d,1791.62,69.63,7.267375239,54000,54000
48c822c08251b8b3d2c6142ea5e9bfc4e5ded71d,1762.89,68.48,7.128792559,54000,54000
48c822c08251b8b3d2c6142ea5e9bfc4e5ded71d,1762.96,68.64,7.135570827,55000,56000
48c822c08251b8b3d2c6142ea5e9bfc4e5ded71d,1745.43,67.74,7.062453578,56000,55000
48c822c08251b8b3d2c6142ea5e9bfc4e5ded71d,1736.27,67.27,7.036788544,55000,55000
48c822c08251b8b3d2c6142ea5e9bfc4e5ded71d,1748.49,67.95,7.085290841,56000,55000
48c822c08251b8b3d2c6142ea5e9bfc4e5ded71d,1755.26,68.29,7.117381233,54000,55000
48c822c08251b8b3d2c6142ea5e9bfc4e5ded71d,1764.65,68.76,7.145459596,54000,55000
48c822c08251b8b3d2c6142ea5e9bfc4e5ded71d,1746.57,68.21,7.063212060,54000,54000
48c822c08251b8b3d2c6142ea5e9bfc4e5ded71d,1743.45,67.67,7.068159507,54000,55000
48c822c08251b8b3d2c6142ea5e9bfc4e5ded71d,1738.49,67.64,7.046864772,55000,54000
48c822c08251b8b3d2c6142ea5e9bfc4e5ded71d,1756.35,68.47,7.103558671,55000,55000
48c822c08251b8b3d2c6142ea5e9bfc4e5ded71d,1734.74,67.45,7.024875485,54000,55000
48c822c08251b8b3d2c6142ea5e9bfc4e5ded71d,1747.46,68.02,7.084286937,55000,54000
48c822c08251b8b3d2c6142ea5e9bfc4e5ded71d,1739.64,67.45,7.064312955,55000,54000
48c822c08251b8b3d2c6142ea5e9bfc4e5ded71d,1767.63,68.47,7.160394803,54000,55000
48c822c08251b8b3d2c6142ea5e9bfc4e5ded71d,1779.87,69.78,7.212049120,55000,54000
48c822c08251b8b3d2c6142ea5e9bfc4e5ded71d,1763.53,68.66,7.147303456,54000,55000
48c822c08251b8b3d2c6142ea5e9bfc4e5ded71d,1773.89,69.33,7.178119469,54000,54000
48c822c08251b8b3d2c6142ea5e9bfc4e5ded71d,1776.43,69.48,7.172871837,54000,54000
48c822c08251b8b3d2c6142ea5e9bfc4e5ded71d,1733.17,67.71,7.032401640,54000,54000
48c822c08251b8b3d2c6142ea5e9bfc4e5ded71d,1749.90,68.29,7.084529741,54000,55000
48c822c08251b8b3d2c6142ea5e9bfc4e5ded71d,1735.76,67.27,7.055309228,54000,55000
48c822c08251b8b3d2c6142ea5e9bfc4e5ded71d,1762.50,68.58,7.156602640,56000,54000
48c822c08251b8b3d2c6142ea5e9bfc4e5ded71d,1767.95,69.13,7.165297800,54000,54000
48c822c08251b8b3d2c6142ea5e9bfc4e5ded71d,1742.53,68.00,7.058919576,54000,55000
9e34dda3eaef2f3a902094ceb1f80178daa07f68,1749.29,67.94,7.104005661,55000,55000
9e34dda3eaef2f3a902094ceb1f80178daa07f68,1755.65,68.46,7.098588656,55000,55000
9e34dda3eaef2f3a902094ceb1f80178daa07f68,1759.13,68.03,7.153499602,55000,54000
9e34dda3eaef2f3a902094ceb1f80178daa07f68,1786.02,69.29,7.240569374,54000,56000
9e34dda3eaef2f3a902094ceb1f80178daa07f68,1751.97,68.07,7.094648494,54000,55000
9e34dda3eaef2f3a902094ceb1f80178daa07f68,1770.00,68.76,7.172886967,55000,55000
9e34dda3eaef2f3a902094ceb1f80178daa07f68,1747.89,67.90,7.078397766,54000,54000
9e34dda3eaef2f3a902094ceb1f80178daa07f68,1749.64,67.82,7.087756910,55000,54000
9e34dda3eaef2f3a902094ceb1f80178daa07f68,1773.28,68.82,7.173819468,54000,56000
9e34dda3eaef2f3a902094ceb1f80178daa07f68,1755.41,68.16,7.103961939,56000,56000
9e34dda3eaef2f3a902094ceb1f80178daa07f68,1744.38,67.87,7.062892470,54000,55000
9e34dda3eaef2f3a902094ceb1f80178daa07f68,1773.11,69.05,7.175943739,55000,54000
9e34dda3eaef2f3a902094ceb1f80178daa07f68,1751.98,68.16,7.096912884,54000,55000
9e34dda3eaef2f3a902094ceb1f80178daa07f68,1764.73,68.45,7.164453909,55000,54000
9e34dda3eaef2f3a902094ceb1f80178daa07f68,1749.39,68.07,7.085420590,54000,55000
9e34dda3eaef2f3a902094ceb1f80178daa07f68,1763.98,68.78,7.129678289,55000,56000
9e34dda3eaef2f3a902094ceb1f80178daa07f68,1772.69,69.19,7.148053838,54000,55000
9e34dda3eaef2f3a902094ceb1f80178daa07f68,1744.03,67.64,7.078371841,54000,55000
9e34dda3eaef2f3a902094ceb1f80178daa07f68,1748.12,67.66,7.090511270,54000,56000
9e34dda3eaef2f3a902094ceb1f80178daa07f68,1773.14,68.87,7.177073917,54000,54000
9e34dda3eaef2f3a902094ceb1f80178daa07f68,1754.17,68.49,7.103833256,54000,54000
9e34dda3eaef2f3a902094ceb1f80178daa07f68,1760.47,68.99,7.105115529,55000,55000
9e34dda3eaef2f3a902094ceb1f80178daa07f68,1758.19,68.47,7.108961759,55000,54000
9e34dda3eaef2f3a902094ceb1f80178daa07f68,1755.34,68.50,7.110566264,54000,54000
9e34dda3eaef2f3a902094ceb1f80178daa07f68,1766.43,68.77,7.164487141,54000,55000
9e34dda3eaef2f3a902094ceb1f80178daa07f68,1758.12,68.32,7.113984349,55000,55000
9e34dda3eaef2f3a902094ceb1f80178daa07f68,1736.86,67.88,7.030623784,54000,55000
9e34dda3eaef2f3a902094ceb1f80178daa07f68,1753.08,68.34,7.100517394,55000,55000
9e34dda3eaef2f3a902094ceb1f80178daa07f68,1738.98,67.60,7.051002996,55000,55000
9e34dda3eaef2f3a902094ceb1f80178daa07f68,1764.35,68.54,7.170959493,55000,55000
227b345a98e9909c0ced8f94086a3c1667bea67d,1748.76,68.41,7.131997447,55000,55000
227b345a98e9909c0ced8f94086a3c1667bea67d,1756.78,68.44,7.117476981,54000,55000
227b345a98e9909c0ced8f94086a3c1667bea67d,1739.46,67.49,7.042214208,56000,56000
227b345a98e9909c0ced8f94086a3c1667bea67d,1748.05,68.04,7.088982368,55000,55000
227b345a98e9909c0ced8f94086a3c1667bea67d,1754.93,67.95,7.120610082,54000,55000
227b345a98e9909c0ced8f94086a3c1667bea67d,1740.75,67.33,7.062165289,55000,55000
227b345a98e9909c0ced8f94086a3c1667bea67d,1746.04,67.65,7.077730717,54000,54000
227b345a98e9909c0ced8f94086a3c1667bea67d,1760.03,68.48,7.126548664,55000,55000
227b345a98e9909c0ced8f94086a3c1667bea67d,1732.50,67.49,7.016607033,55000,55000
227b345a98e9909c0ced8f94086a3c1667bea67d,1750.36,68.12,7.093336045,54000,54000
227b345a98e9909c0ced8f94086a3c1667bea67d,1746.72,67.70,7.080701846,54000,55000
227b345a98e9909c0ced8f94086a3c1667bea67d,1757.92,68.23,7.122514015,55000,54000
227b345a98e9909c0ced8f94086a3c1667bea67d,1740.37,67.89,7.046007332,54000,55000
227b345a98e9909c0ced8f94086a3c1667bea67d,1757.14,68.55,7.110791478,56000,54000
227b345a98e9909c0ced8f94086a3c1667bea67d,1735.64,67.60,7.022320496,54000,54000
227b345a98e9909c0ced8f94086a3c1667bea67d,1740.94,67.81,7.052123731,55000,54000
227b345a98e9909c0ced8f94086a3c1667bea67d,1759.52,68.68,7.121114449,55000,54000
227b345a98e9909c0ced8f94086a3c1667bea67d,1779.07,69.09,7.210059215,54000,54000
227b345a98e9909c0ced8f94086a3c1667bea67d,1757.85,68.44,7.119408274,54000,55000
227b345a98e9909c0ced8f94086a3c1667bea67d,1760.01,68.55,7.132628048,54000,54000
227b345a98e9909c0ced8f94086a3c1667bea67d,1757.21,68.44,7.114575649,54000,55000
227b345a98e9909c0ced8f94086a3c1667bea67d,1751.95,68.39,7.093901607,54000,55000
227b345a98e9909c0ced8f94086a3c1667bea67d,1779.36,69.54,7.208921653,54000,54000
227b345a98e9909c0ced8f94086a3c1667bea67d,1756.13,68.35,7.121039924,55000,54000
227b345a98e9909c0ced8f94086a3c1667bea67d,1762.41,68.64,7.123569869,54000,55000
227b345a98e9909c0ced8f94086a3c1667bea67d,1754.10,68.12,7.101913570,54000,56000
227b345a98e9909c0ced8f94086a3c1667bea67d,1729.57,67.09,7.023700776,55000,55000
227b345a98e9909c0ced8f94086a3c1667bea67d,1759.43,68.81,7.115958629,54000,54000
227b345a98e9909c0ced8f94086a3c1667bea67d,1761.53,68.77,7.139323938,54000,54000
227b345a98e9909c0ced8f94086a3c1667bea67d,1760.41,68.45,7.144297612,54000,54000
d87b9aa06210a0cee6a4feb44e68cf33ae453485,1765.31,68.45,7.136773482,55000,55000
d87b9aa06210a0cee6a4feb44e68cf33ae453485,1755.53,68.04,7.112990682,54000,54000
d87b9aa06210a0cee6a4feb44e68cf33ae453485,1753.74,68.41,7.094277540,54000,55000
d87b9aa06210a0cee6a4feb44e68cf33ae453485,1777.66,69.16,7.207935246,56000,55000
d87b9aa06210a0cee6a4feb44e68cf33ae453485,1744.95,68.27,7.051149605,55000,55000
d87b9aa06210a0cee6a4feb44e68cf33ae453485,1759.51,68.36,7.138901410,55000,54000
d87b9aa06210a0cee6a4feb44e68cf33ae453485,1750.55,67.74,7.098384593,55000,54000
d87b9aa06210a0cee6a4feb44e68cf33ae453485,1747.78,68.00,7.071730583,55000,54000
d87b9aa06210a0cee6a4feb44e68cf33ae453485,1744.36,67.50,7.071199006,54000,54000
d87b9aa06210a0cee6a4feb44e68cf33ae453485,1768.95,68.64,7.180873427,55000,54000
d87b9aa06210a0cee6a4feb44e68cf33ae453485,1759.27,68.16,7.145869513,54000,55000
d87b9aa06210a0cee6a4feb44e68cf33ae453485,1728.68,66.79,7.001688372,54000,55000
d87b9aa06210a0cee6a4feb44e68cf33ae453485,1729.47,66.99,7.009921221,54000,54000
d87b9aa06210a0cee6a4feb44e68cf33ae453485,1730.92,67.28,7.013556280,54000,54000
d87b9aa06210a0cee6a4feb44e68cf33ae453485,1756.68,68.58,7.122255463,54000,55000
d87b9aa06210a0cee6a4feb44e68cf33ae453485,1746.35,68.07,7.058387658,54000,54000
d87b9aa06210a0cee6a4feb44e68cf33ae453485,1752.69,68.32,7.094462524,55000,54000
d87b9aa06210a0cee6a4feb44e68cf33ae453485,1750.38,68.14,7.087599240,55000,54000
d87b9aa06210a0cee6a4feb44e68cf33ae453485,1747.16,68.28,7.077337052,55000,55000
d87b9aa06210a0cee6a4feb44e68cf33ae453485,1768.74,68.66,7.174556815,55000,55000
d87b9aa06210a0cee6a4feb44e68cf33ae453485,1755.38,68.58,7.102359631,55000,55000
d87b9aa06210a0cee6a4feb44e68cf33ae453485,1734.86,67.48,7.026234062,55000,54000
d87b9aa06210a0cee6a4feb44e68cf33ae453485,1748.93,68.24,7.070086060,54000,54000
d87b9aa06210a0cee6a4feb44e68cf33ae453485,1749.32,67.89,7.083512083,54000,55000
d87b9aa06210a0cee6a4feb44e68cf33ae453485,1754.52,68.42,7.108543172,54000,54000
d87b9aa06210a0cee6a4feb44e68cf33ae453485,1777.60,69.43,7.195569262,54000,54000
d87b9aa06210a0cee6a4feb44e68cf33ae453485,1741.06,67.85,7.050861133,54000,55000
d87b9aa06210a0cee6a4feb44e68cf33ae453485,1750.03,68.41,7.081168025,54000,54000
d87b9aa06210a0cee6a4feb44e68cf33ae453485,1732.05,67.20,7.032575639,54000,54000
d87b9aa06210a0cee6a4feb44e68cf33ae453485,1748.83,68.18,7.083030466,54000,54000
6fd7d29f0708c80ef8f75775b445562f80ed14b1,1762.45,68.65,7.144136358,55000,54000
6fd7d29f0708c80ef8f75775b445562f80ed14b1,1767.27,68.85,7.155940555,54000,55000
6fd7d29f0708c80ef8f75775b445562f80ed14b1,1765.27,68.45,7.154795064,54000,54000
6fd7d29f0708c80ef8f75775b445562f80ed14b1,1758.99,68.69,7.124435878,55000,55000
6fd7d29f0708c80ef8f75775b445562f80ed14b1,1754.51,68.32,7.103310972,54000,54000
6fd7d29f0708c80ef8f75775b445562f80ed14b1,1758.54,68.55,7.115608431,55000,54000
6fd7d29f0708c80ef8f75775b445562f80ed14b1,1767.51,68.54,7.175768915,54000,54000
6fd7d29f0708c80ef8f75775b445562f80ed14b1,1759.38,68.19,7.126845376,55000,54000
6fd7d29f0708c80ef8f75775b445562f80ed14b1,1761.56,68.77,7.121831097,55000,55000
6fd7d29f0708c80ef8f75775b445562f80ed14b1,1777.52,69.17,7.197901935,54000,54000
6fd7d29f0708c80ef8f75775b445562f80ed14b1,1771.64,68.64,7.190439715,55000,55000
6fd7d29f0708c80ef8f75775b445562f80ed14b1,1762.12,68.50,7.142896777,55000,55000
6fd7d29f0708c80ef8f75775b445562f80ed14b1,1741.69,67.76,7.043257675,54000,56000
6fd7d29f0708c80ef8f75775b445562f80ed14b1,1761.77,68.31,7.134267774,55000,54000
6fd7d29f0708c80ef8f75775b445562f80ed14b1,1776.47,68.94,7.181744221,55000,55000
6fd7d29f0708c80ef8f75775b445562f80ed14b1,1750.21,68.10,7.084563967,55000,54000
6fd7d29f0708c80ef8f75775b445562f80ed14b1,1784.73,69.52,7.219637717,54000,55000
6fd7d29f0708c80ef8f75775b445562f80ed14b1,1747.17,68.12,7.066256719,55000,55000
6fd7d29f0708c80ef8f75775b445562f80ed14b1,1748.46,67.74,7.082957158,55000,55000
6fd7d29f0708c80ef8f75775b445562f80ed14b1,1752.17,68.37,7.080372196,55000,55000
6fd7d29f0708c80ef8f75775b445562f80ed14b1,1755.44,68.50,7.091991637,55000,54000
6fd7d29f0708c80ef8f75775b445562f80ed14b1,1745.30,67.77,7.081238288,54000,54000
6fd7d29f0708c80ef8f75775b445562f80ed14b1,1748.47,68.01,7.086696946,54000,54000
6fd7d29f0708c80ef8f75775b445562f80ed14b1,1760.54,68.42,7.153370345,54000,55000
6fd7d29f0708c80ef8f75775b445562f80ed14b1,1776.39,69.18,7.191693096,55000,56000
6fd7d29f0708c80ef8f75775b445562f80ed14b1,1746.52,68.11,7.076454363,55000,55000
6fd7d29f0708c80ef8f75775b445562f80ed14b1,1762.04,68.69,7.133210613,54000,54000
6fd7d29f0708c80ef8f75775b445562f80ed14b1,1750.61,68.09,7.107115763,54000,55000
6fd7d29f0708c80ef8f75775b445562f80ed14b1,1760.49,68.58,7.139899509,55000,55000
6fd7d29f0708c80ef8f75775b445562f80ed14b1,1752.37,68.25,7.096494814,55000,54000
71cad06ee71120e3e91d33703ea196b366c502fb,1785.80,70.19,7.296577362,56000,55000
71cad06ee71120e3e91d33703ea196b366c502fb,1743.47,68.42,7.121401306,54000,55000
71cad06ee71120e3e91d33703ea196b366c502fb,1754.87,68.63,7.165520898,55000,55000
71cad06ee71120e3e91d33703ea196b366c502fb,1743.04,67.65,7.061116844,54000,55000
71cad06ee71120e3e91d33703ea196b366c502fb,1752.95,68.39,7.098076940,56000,55000
71cad06ee71120e3e91d33703ea196b366c502fb,1753.18,68.21,7.092326820,55000,55000
71cad06ee71120e3e91d33703ea196b366c502fb,1751.41,67.89,7.090047571,55000,54000
71cad06ee71120e3e91d33703ea196b366c502fb,1775.59,68.90,7.200561884,54000,55000
71cad06ee71120e3e91d33703ea196b366c502fb,1789.80,69.93,7.247899976,55000,54000
71cad06ee71120e3e91d33703ea196b366c502fb,1780.30,69.13,7.226766742,55000,54000
71cad06ee71120e3e91d33703ea196b366c502fb,1776.66,68.95,7.206942903,54000,55000
71cad06ee71120e3e91d33703ea196b366c502fb,1765.20,68.58,7.148729998,55000,55000
71cad06ee71120e3e91d33703ea196b366c502fb,1743.86,67.79,7.069829571,56000,55000
71cad06ee71120e3e91d33703ea196b366c502fb,1762.70,68.63,7.137604202,56000,54000
71cad06ee71120e3e91d33703ea196b366c502fb,1746.65,67.88,7.081605110,55000,54000
71cad06ee71120e3e91d33703ea196b366c502fb,1765.80,68.52,7.180846400,55000,55000
71cad06ee71120e3e91d33703ea196b366c502fb,1766.20,68.95,7.144001867,55000,56000
71cad06ee71120e3e91d33703ea196b366c502fb,1752.34,68.21,7.093448957,55000,56000
71cad06ee71120e3e91d33703ea196b366c502fb,1747.63,68.25,7.069858908,55000,54000
71cad06ee71120e3e91d33703ea196b366c502fb,1767.59,68.95,7.163178116,54000,55000
71cad06ee71120e3e91d33703ea196b366c502fb,1753.90,68.40,7.095420549,54000,54000
71cad06ee71120e3e91d33703ea196b366c502fb,1747.82,68.03,7.075023664,56000,55000
71cad06ee71120e3e91d33703ea196b366c502fb,1766.31,68.58,7.161217830,55000,55000
71cad06ee71120e3e91d33703ea196b366c502fb,1782.72,69.78,7.222218288,54000,54000
71cad06ee71120e3e91d33703ea196b366c502fb,1782.77,69.32,7.246337859,56000,56000
71cad06ee71120e3e91d33703ea196b366c502fb,1765.39,69.07,7.130740635,55000,55000
71cad06ee71120e3e91d33703ea196b366c502fb,1779.20,69.29,7.222073705,54000,54000
71cad06ee71120e3e91d33703ea196b366c502fb,1753.26,68.21,7.126601517,54000,55000
71cad06ee71120e3e91d33703ea196b366c502fb,1750.28,67.83,7.107649295,55000,54000
71cad06ee71120e3e91d33703ea196b366c502fb,1765.65,68.77,7.147786176,54000,54000
e2e995d93d53f8f9e09bb51ddb1ee4ee3afcd8f2,1764.57,68.45,7.143031938,55000,56000
e2e995d93d53f8f9e09bb51ddb1ee4ee3afcd8f2,1758.19,68.37,7.127126002,55000,55000
e2e995d93d53f8f9e09bb51ddb1ee4ee3afcd8f2,1776.50,69.28,7.200495394,55000,55000
e2e995d93d53f8f9e09bb51ddb1ee4ee3afcd8f2,1763.68,68.53,7.141852923,54000,54000
e2e995d93d53f8f9e09bb51ddb1ee4ee3afcd8f2,1765.30,68.39,7.158172675,55000,54000
e2e995d93d53f8f9e09bb51ddb1ee4ee3afcd8f2,1753.70,68.06,7.106949974,54000,55000
e2e995d93d53f8f9e09bb51ddb1ee4ee3afcd8f2,1765.85,68.63,7.145511865,55000,55000
e2e995d93d53f8f9e09bb51ddb1ee4ee3afcd8f2,1773.46,68.90,7.181064196,55000,54000
e2e995d93d53f8f9e09bb51ddb1ee4ee3afcd8f2,1739.02,67.49,7.044353141,54000,54000
e2e995d93d53f8f9e09bb51ddb1ee4ee3afcd8f2,1745.89,67.96,7.067305639,54000,55000
e2e995d93d53f8f9e09bb51ddb1ee4ee3afcd8f2,1744.70,67.81,7.076840508,55000,56000
e2e995d93d53f8f9e09bb51ddb1ee4ee3afcd8f2,1748.74,68.28,7.067139840,55000,54000
e2e995d93d53f8f9e09bb51ddb1ee4ee3afcd8f2,1757.80,68.25,7.128919160,56000,55000
e2e995d93d53f8f9e09bb51ddb1ee4ee3afcd8f2,1789.24,69.86,7.240809989,56000,55000
e2e995d93d53f8f9e09bb51ddb1ee4ee3afcd8f2,1758.36,68.55,7.107486454,55000,56000
e2e995d93d53f8f9e09bb51ddb1ee4ee3afcd8f2,1773.46,68.91,7.188557759,54000,54000
e2e995d93d53f8f9e09bb51ddb1ee4ee3afcd8f2,1781.01,69.35,7.202381120,54000,55000
e2e995d93d53f8f9e09bb51ddb1ee4ee3afcd8f2,1743.13,67.84,7.051346599,54000,56000
e2e995d93d53f8f9e09bb51ddb1ee4ee3afcd8f2,1754.76,68.52,7.091037449,54000,55000
e2e995d93d53f8f9e09bb51ddb1ee4ee3afcd8f2,1747.71,67.76,7.078187308,54000,54000
e2e995d93d53f8f9e09bb51ddb1ee4ee3afcd8f2,1746.01,68.13,7.068623383,54000,54000
e2e995d93d53f8f9e09bb51ddb1ee4ee3afcd8f2,1749.01,68.00,7.078608284,55000,56000
e2e995d93d53f8f9e09bb51ddb1ee4ee3afcd8f2,1765.91,68.62,7.150274523,56000,55000
e2e995d93d53f8f9e09bb51ddb1ee4ee3afcd8f2,1764.22,68.66,7.164821036,56000,54000
e2e995d93d53f8f9e09bb51ddb1ee4ee3afcd8f2,1744.19,67.87,7.071388285,55000,54000
e2e995d93d53f8f9e09bb51ddb1ee4ee3afcd8f2,1748.27,68.30,7.078335393,54000,54000
e2e995d93d53f8f9e09bb51ddb1ee4ee3afcd8f2,1778.70,69.56,7.193144777,54000,54000
e2e995d93d53f8f9e09bb51ddb1ee4ee3afcd8f2,1754.01,68.47,7.100953056,54000,54000
e2e995d93d53f8f9e09bb51ddb1ee4ee3afcd8f2,1766.11,68.92,7.149660283,56000,54000
e2e995d93d53f8f9e09bb51ddb1ee4ee3afcd8f2,1770.30,68.93,7.177531180,55000,56000
ba1e53074759a5180df193078ece06922d09d454,1822.15,71.07,7.364088519,55000,55000
ba1e53074759a5180df193078ece06922d09d454,1796.86,69.75,7.299409574,55000,55000
ba1e53074759a5180df193078ece06922d09d454,1795.52,69.59,7.276308807,54000,55000
ba1e53074759a5180df193078ece06922d09d454,1810.94,70.39,7.325440577,54000,55000
ba1e53074759a5180df193078ece06922d09d454,1806.41,70.14,7.342492589,55000,54000
ba1e53074759a5180df193078ece06922d09d454,1812.08,70.43,7.350141519,55000,54000
ba1e53074759a5180df193078ece06922d09d454,1795.19,69.66,7.274579032,54000,54000
ba1e53074759a5180df193078ece06922d09d454,1823.27,71.00,7.393859504,54000,55000
ba1e53074759a5180df193078ece06922d09d454,1816.34,70.68,7.360562364,55000,55000
ba1e53074759a5180df193078ece06922d09d454,1810.41,70.29,7.346587701,55000,54000
ba1e53074759a5180df193078ece06922d09d454,1803.00,69.98,7.319222007,54000,54000
ba1e53074759a5180df193078ece06922d09d454,1806.98,70.18,7.324933110,54000,54000
ba1e53074759a5180df193078ece06922d09d454,1805.54,70.03,7.305358123,55000,55000
ba1e53074759a5180df193078ece06922d09d454,1786.80,69.30,7.242312454,54000,54000
ba1e53074759a5180df193078ece06922d09d454,1834.00,71.19,7.428551210,55000,54000
ba1e53074759a5180df193078ece06922d09d454,1811.31,70.44,7.346893385,55000,54000
ba1e53074759a5180df193078ece06922d09d454,1826.36,71.04,7.395415737,54000,55000
ba1e53074759a5180df193078ece06922d09d454,1803.47,70.15,7.307432272,54000,54000
ba1e53074759a5180df193078ece06922d09d454,1821.23,70.67,7.404455244,54000,54000
ba1e53074759a5180df193078ece06922d09d454,1817.67,70.84,7.376322502,54000,55000
ba1e53074759a5180df193078ece06922d09d454,1814.42,70.75,7.348528081,55000,55000
ba1e53074759a5180df193078ece06922d09d454,1782.62,69.42,7.230492685,54000,54000
ba1e53074759a5180df193078ece06922d09d454,1801.69,69.96,7.315257658,54000,54000
ba1e53074759a5180df193078ece06922d09d454,1803.96,70.49,7.309534190,55000,54000
ba1e53074759a5180df193078ece06922d09d454,1822.11,70.80,7.392304928,55000,54000
ba1e53074759a5180df193078ece06922d09d454,1820.37,70.82,7.374079910,55000,55000
ba1e53074759a5180df193078ece06922d09d454,1806.32,70.20,7.326255314,55000,55000
ba1e53074759a5180df193078ece06922d09d454,1828.85,71.36,7.412918940,54000,55000
ba1e53074759a5180df193078ece06922d09d454,1797.97,69.77,7.291357982,55000,55000
ba1e53074759a5180df193078ece06922d09d454,1792.57,69.90,7.276802421,55000,54000
e4e5ba69fd4b77630b07f3822ec695cae712a32d,1816.00,71.01,7.399320860,55000,54000
e4e5ba69fd4b77630b07f3822ec695cae712a32d,1819.89,70.85,7.375269025,56000,54000
e4e5ba69fd4b77630b07f3822ec695cae712a32d,1820.03,70.86,7.381303637,55000,55000
e4e5ba69fd4b77630b07f3822ec695cae712a32d,1814.26,70.74,7.352744473,54000,54000
e4e5ba69fd4b77630b07f3822ec695cae712a32d,1814.35,70.50,7.346819525,54000,55000
e4e5ba69fd4b77630b07f3822ec695cae712a32d,1810.21,70.19,7.353566516,54000,55000
e4e5ba69fd4b77630b07f3822ec695cae712a32d,1823.07,70.76,7.398094402,55000,55000
e4e5ba69fd4b77630b07f3822ec695cae712a32d,1789.39,69.37,7.257140591,55000,54000
e4e5ba69fd4b77630b07f3822ec695cae712a32d,1800.11,69.99,7.281276667,55000,55000
e4e5ba69fd4b77630b07f3822ec695cae712a32d,1807.21,70.52,7.318652480,54000,54000
e4e5ba69fd4b77630b07f3822ec695cae712a32d,1818.94,71.01,7.343413377,55000,55000
e4e5ba69fd4b77630b07f3822ec695cae712a32d,1797.69,70.20,7.268656879,54000,54000
e4e5ba69fd4b77630b07f3822ec695cae712a32d,1787.36,69.41,7.249244014,54000,54000
e4e5ba69fd4b77630b07f3822ec695cae712a32d,1818.18,70.86,7.374831830,54000,55000
e4e5ba69fd4b77630b07f3822ec695cae712a32d,1820.68,70.78,7.392334750,55000,54000
e4e5ba69fd4b77630b07f3822ec695cae712a32d,1825.73,71.10,7.395458897,54000,54000
e4e5ba69fd4b77630b07f3822ec695cae712a32d,1822.09,70.76,7.385960540,54000,54000
e4e5ba69fd4b77630b07f3822ec695cae712a32d,1812.04,70.53,7.348920970,55000,55000
e4e5ba69fd4b77630b07f3822ec695cae712a32d,1811.83,70.62,7.342080549,54000,54000
e4e5ba69fd4b77630b07f3822ec695cae712a32d,1803.21,70.31,7.304543745,54000,54000
e4e5ba69fd4b77630b07f3822ec695cae712a32d,1820.82,70.97,7.384416821,54000,55000
e4e5ba69fd4b77630b07f3822ec695cae712a32d,1809.84,70.24,7.337168750,55000,54000
e4e5ba69fd4b77630b07f3822ec695cae712a32d,1806.06,70.05,7.313635368,55000,55000
e4e5ba69fd4b77630b07f3822ec695cae712a32d,1796.06,69.86,7.266855405,55000,55000
e4e5ba69fd4b77630b07f3822ec695cae712a32d,1826.34,71.10,7.399651869,56000,56000
e4e5ba69fd4b77630b07f3822ec695cae712a32d,1838.18,71.72,7.448762268,54000,55000
e4e5ba69fd4b77630b07f3822ec695cae712a32d,1809.04,70.60,7.336820090,54000,54000
e4e5ba69fd4b77630b07f3822ec695cae712a32d,1798.51,70.37,7.272199124,54000,55000
e4e5ba69fd4b77630b07f3822ec695cae712a32d,1804.13,69.62,7.337308107,55000,55000
e4e5ba69fd4b77630b07f3822ec695cae712a32d,1797.17,69.72,7.289161993,54000,55000
00ddffbed56a0ebaf9455f861a4d04168dac95fa,1825.05,71.54,7.401906087,55000,55000
00ddffbed56a0ebaf9455f861a4d04168dac95fa,1815.65,70.83,7.357855205,55000,55000
00ddffbed56a0ebaf9455f861a4d04168dac95fa,1807.45,70.19,7.311376263,55000,55000
00ddffbed56a0ebaf9455f861a4d04168dac95fa,1829.49,71.15,7.431469710,55000,55000
00ddffbed56a0ebaf9455f861a4d04168dac95fa,1824.22,71.19,7.388309999,55000,55000
00ddffbed56a0ebaf9455f861a4d04168dac95fa,1827.00,71.04,7.416537028,54000,54000
00ddffbed56a0ebaf9455f861a4d04168dac95fa,1808.83,70.24,7.324048943,55000,55000
00ddffbed56a0ebaf9455f861a4d04168dac95fa,1811.76,70.50,7.333298803,54000,55000
00ddffbed56a0ebaf9455f861a4d04168dac95fa,1804.94,70.18,7.316609715,54000,54000
00ddffbed56a0ebaf9455f861a4d04168dac95fa,1811.53,70.09,7.351733735,54000,55000
00ddffbed56a0ebaf9455f861a4d04168dac95fa,1780.20,69.24,7.216426517,55000,54000
00ddffbed56a0ebaf9455f861a4d04168dac95fa,1808.76,70.05,7.353510978,54000,54000
00ddffbed56a0ebaf9455f861a4d04168dac95fa,1824.34,70.77,7.401436224,55000,55000
00ddffbed56a0ebaf9455f861a4d04168dac95fa,1832.10,71.52,7.426038623,54000,54000
00ddffbed56a0ebaf9455f861a4d04168dac95fa,1830.82,71.19,7.417295809,55000,56000
00ddffbed56a0ebaf9455f861a4d04168dac95fa,1794.22,69.81,7.259615251,56000,54000
00ddffbed56a0ebaf9455f861a4d04168dac95fa,1794.22,69.67,7.287310990,55000,55000
00ddffbed56a0ebaf9455f861a4d04168dac95fa,1793.02,69.32,7.266095368,54000,56000
00ddffbed56a0ebaf9455f861a4d04168dac95fa,1799.37,69.64,7.308790836,55000,55000
00ddffbed56a0ebaf9455f861a4d04168dac95fa,1795.33,69.73,7.277874517,54000,56000
00ddffbed56a0ebaf9455f861a4d04168dac95fa,1823.56,71.02,7.378714692,54000,55000
00ddffbed56a0ebaf9455f861a4d04168dac95fa,1815.17,70.65,7.358003556,54000,54000
00ddffbed56a0ebaf9455f861a4d04168dac95fa,1792.72,69.49,7.271593280,55000,54000
00ddffbed56a0ebaf9455f861a4d04168dac95fa,1812.54,70.67,7.346412842,55000,55000
00ddffbed56a0ebaf9455f861a4d04168dac95fa,1814.31,70.63,7.347344185,55000,54000
00ddffbed56a0ebaf9455f861a4d04168dac95fa,1787.18,69.47,7.248028247,54000,56000
00ddffbed56a0ebaf9455f861a4d04168dac95fa,1830.64,71.57,7.405137327,55000,54000
00ddffbed56a0ebaf9455f861a4d04168dac95fa,1785.02,69.60,7.237201211,55000,55000
00ddffbed56a0ebaf9455f861a4d04168dac95fa,1800.64,70.37,7.294703220,54000,54000
00ddffbed56a0ebaf9455f861a4d04168dac95fa,1802.78,70.02,7.309214297,55000,54000
aa8b8ac2621e71af8d70256ba91974b8d3c99cb2,1801.84,70.06,7.292463702,54000,54000
aa8b8ac2621e71af8d70256ba91974b8d3c99cb2,1826.15,71.02,7.387350023,55000,54000
aa8b8ac2621e71af8d70256ba91974b8d3c99cb2,1793.63,69.72,7.281220881,54000,54000
aa8b8ac2621e71af8d70256ba91974b8d3c99cb2,1780.52,68.84,7.236951243,55000,54000
aa8b8ac2621e71af8d70256ba91974b8d3c99cb2,1815.02,70.32,7.361264182,55000,55000
aa8b8ac2621e71af8d70256ba91974b8d3c99cb2,1812.98,70.70,7.332830531,56000,55000
aa8b8ac2621e71af8d70256ba91974b8d3c99cb2,1790.22,69.64,7.255893678,54000,55000
aa8b8ac2621e71af8d70256ba91974b8d3c99cb2,1817.13,70.68,7.359620815,54000,55000
aa8b8ac2621e71af8d70256ba91974b8d3c99cb2,1781.31,69.01,7.231181593,54000,55000
aa8b8ac2621e71af8d70256ba91974b8d3c99cb2,1811.47,70.13,7.350680153,55000,55000
aa8b8ac2621e71af8d70256ba91974b8d3c99cb2,1810.73,70.32,7.336863352,54000,55000
aa8b8ac2621e71af8d70256ba91974b8d3c99cb2,1806.18,70.51,7.302861185,55000,54000
aa8b8ac2621e71af8d70256ba91974b8d3c99cb2,1801.06,70.20,7.289111375,54000,54000
aa8b8ac2621e71af8d70256ba91974b8d3c99cb2,1811.75,70.74,7.318788388,55000,55000
aa8b8ac2621e71af8d70256ba91974b8d3c99cb2,1801.87,70.02,7.312854835,55000,54000
aa8b8ac2621e71af8d70256ba91974b8d3c99cb2,1810.28,70.54,7.335422321,55000,55000
aa8b8ac2621e71af8d70256ba91974b8d3c99cb2,1817.02,70.77,7.366717577,55000,54000
aa8b8ac2621e71af8d70256ba91974b8d3c99cb2,1791.20,69.91,7.249559087,55000,54000
aa8b8ac2621e71af8d70256ba91974b8d3c99cb2,1816.26,70.69,7.363008093,55000,54000
aa8b8ac2621e71af8d70256ba91974b8d3c99cb2,1811.95,70.76,7.348823153,54000,54000
aa8b8ac2621e71af8d70256ba91974b8d3c99cb2,1815.51,70.57,7.353275397,54000,54000
aa8b8ac2621e71af8d70256ba91974b8d3c99cb2,1784.82,69.16,7.251737369,54000,55000
aa8b8ac2621e71af8d70256ba91974b8d3c99cb2,1796.19,69.88,7.290519416,55000,54000
aa8b8ac2621e71af8d70256ba91974b8d3c99cb2,1809.56,70.66,7.336264143,55000,55000
aa8b8ac2621e71af8d70256ba91974b8d3c99cb2,1792.75,70.02,7.266528434,55000,56000
aa8b8ac2621e71af8d70256ba91974b8d3c99cb2,1803.96,70.25,7.335301042,55000,54000
aa8b8ac2621e71af8d70256ba91974b8d3c99cb2,1807.98,70.39,7.332473098,55000,55000
aa8b8ac2621e71af8d70256ba91974b8d3c99cb2,1810.28,70.21,7.364784915,56000,54000
aa8b8ac2621e71af8d70256ba91974b8d3c99cb2,1790.22,69.43,7.271869238,54000,55000
aa8b8ac2621e71af8d70256ba91974b8d3c99cb2,1830.84,71.57,7.410512476,55000,54000
a495073adf9183ef2ff4161c952e67074d2da770,1795.88,69.61,7.275645566,54000,55000
a495073adf9183ef2ff4161c952e67074d2da770,1834.25,71.28,7.414737794,55000,54000
a495073adf9183ef2ff4161c952e67074d2da770,1798.46,70.21,7.279128657,56000,55000
a495073adf9183ef2ff4161c952e67074d2da770,1804.15,70.18,7.310112412,54000,55000
a495073adf9183ef2ff4161c952e67074d2da770,1820.08,70.77,7.379809137,55000,54000
a495073adf9183ef2ff4161c952e67074d2da770,1802.76,70.09,7.313871991,56000,54000
a495073adf9183ef2ff4161c952e67074d2da770,1821.19,70.48,7.405397602,55000,55000
a495073adf9183ef2ff4161c952e67074d2da770,1824.43,70.75,7.415579567,55000,54000
a495073adf9183ef2ff4161c952e67074d2da770,1797.12,69.59,7.284968668,55000,56000
a495073adf9183ef2ff4161c952e67074d2da770,1798.32,69.90,7.273604630,56000,55000
a495073adf9183ef2ff4161c952e67074d2da770,1814.00,70.46,7.323563509,55000,54000
a495073adf9183ef2ff4161c952e67074d2da770,1813.51,70.48,7.340225436,56000,55000
a495073adf9183ef2ff4161c952e67074d2da770,1806.60,70.23,7.316609651,56000,54000
a495073adf9183ef2ff4161c952e67074d2da770,1775.28,69.16,7.205155442,55000,54000
a495073adf9183ef2ff4161c952e67074d2da770,1790.33,69.42,7.270118903,54000,54000
a495073adf9183ef2ff4161c952e67074d2da770,1810.39,70.12,7.346717785,54000,55000
a495073adf9183ef2ff4161c952e67074d2da770,1798.72,70.21,7.290302768,54000,55000
a495073adf9183ef2ff4161c952e67074d2da770,1808.41,70.29,7.338951902,54000,54000
a495073adf9183ef2ff4161c952e67074d2da770,1798.55,69.81,7.292564068,55000,54000
a495073adf9183ef2ff4161c952e67074d2da770,1787.55,69.26,7.269118468,54000,55000
a495073adf9183ef2ff4161c952e67074d2da770,1805.58,70.10,7.316451693,55000,54000
a495073adf9183ef2ff4161c952e67074d2da770,1807.17,70.27,7.319396601,55000,54000
a495073adf9183ef2ff4161c952e67074d2da770,1817.87,70.87,7.358044031,55000,55000
a495073adf9183ef2ff4161c952e67074d2da770,1815.04,70.72,7.357838538,54000,54000
a495073adf9183ef2ff4161c952e67074d2da770,1815.61,70.50,7.368252443,55000,54000
a495073adf9183ef2ff4161c952e67074d2da770,1838.48,71.94,7.437727118,54000,54000
a495073adf9183ef2ff4161c952e67074d2da770,1792.41,69.85,7.269881365,54000,55000
a495073adf9183ef2ff4161c952e67074d2da770,1790.85,69.59,7.264025310,55000,55000
a495073adf9183ef2ff4161c952e67074d2da770,1803.81,70.09,7.321351988,55000,55000
a495073adf9183ef2ff4161c952e67074d2da770,1805.90,70.40,7.320068507,54000,54000
dd56055b3042960e8375a55e764679b7f606f3b6,1795.86,69.77,7.269540625,54000,54000
dd56055b3042960e8375a55e764679b7f606f3b6,1787.98,69.47,7.266065940,54000,54000
dd56055b3042960e8375a55e764679b7f606f3b6,1793.12,69.62,7.266572509,55000,55000
dd56055b3042960e8375a55e764679b7f606f3b6,1822.17,71.09,7.369391279,55000,55000
dd56055b3042960e8375a55e764679b7f606f3b6,1810.21,70.26,7.349966001,54000,54000
dd56055b3042960e8375a55e764679b7f606f3b6,1821.94,71.33,7.365916319,54000,55000
dd56055b3042960e8375a55e764679b7f606f3b6,1806.28,70.36,7.318656387,56000,55000
dd56055b3042960e8375a55e764679b7f606f3b6,1836.77,71.50,7.441114836,54000,54000
dd56055b3042960e8375a55e764679b7f606f3b6,1811.61,70.42,7.336074189,54000,54000
dd56055b3042960e8375a55e764679b7f606f3b6,1792.78,69.65,7.257393141,54000,55000
dd56055b3042960e8375a55e764679b7f606f3b6,1794.80,69.69,7.262620147,54000,55000
dd56055b3042960e8375a55e764679b7f606f3b6,1814.13,70.38,7.365475037,55000,54000
dd56055b3042960e8375a55e764679b7f606f3b6,1809.23,70.51,7.350436653,54000,56000
dd56055b3042960e8375a55e764679b7f606f3b6,1809.59,70.56,7.308545347,56000,55000
dd56055b3042960e8375a55e764679b7f606f3b6,1797.28,69.78,7.285565571,55000,55000
dd56055b3042960e8375a55e764679b7f606f3b6,1798.82,69.94,7.288674437,55000,54000
dd56055b3042960e8375a55e764679b7f606f3b6,1836.74,71.33,7.452892415,54000,55000
dd56055b3042960e8375a55e764679b7f606f3b6,1810.95,70.48,7.336121765,55000,55000
dd56055b3042960e8375a55e764679b7f606f3b6,1812.98,70.29,7.354694928,55000,55000
dd56055b3042960e8375a55e764679b7f606f3b6,1797.42,69.86,7.293946501,54000,55000
dd56055b3042960e8375a55e764679b7f606f3b6,1810.26,70.37,7.331559117,54000,54000
dd56055b3042960e8375a55e764679b7f606f3b6,1802.72,70.08,7.315111969,54000,55000
dd56055b3042960e8375a55e764679b7f606f3b6,1839.54,71.81,7.447374445,55000,55000
dd56055b3042960e8375a55e764679b7f606f3b6,1809.22,70.39,7.316611086,55000,55000
dd56055b3042960e8375a55e764679b7f606f3b6,1822.66,70.82,7.407902754,54000,54000
dd56055b3042960e8375a55e764679b7f606f3b6,1810.23,70.77,7.325660072,54000,54000
dd56055b3042960e8375a55e764679b7f606f3b6,1811.73,70.60,7.342905793,54000,55000
dd56055b3042960e8375a55e764679b7f606f3b6,1804.98,70.41,7.304605359,54000,54000
dd56055b3042960e8375a55e764679b7f606f3b6,1792.40,69.72,7.258264635,54000,54000
dd56055b3042960e8375a55e764679b7f606f3b6,1818.35,70.30,7.389247254,55000,54000
6237aa773c88f92ab5c7defe64c803ffd665de00,1805.78,70.47,7.312157257,55000,54000
6237aa773c88f92ab5c7defe64c803ffd665de00,1788.93,69.30,7.262360464,54000,54000
6237aa773c88f92ab5c7defe64c803ffd665de00,1803.30,70.13,7.320443601,54000,54000
6237aa773c88f92ab5c7defe64c803ffd665de00,1785.48,69.07,7.251029385,55000,54000
6237aa773c88f92ab5c7defe64c803ffd665de00,1789.76,69.52,7.265939965,54000,54000
6237aa773c88f92ab5c7defe64c803ffd665de00,1802.28,69.80,7.303945189,55000,55000
6237aa773c88f92ab5c7defe64c803ffd665de00,1816.57,70.42,7.357352561,56000,55000
6237aa773c88f92ab5c7defe64c803ffd665de00,1809.02,70.38,7.321596160,54000,55000
6237aa773c88f92ab5c7defe64c803ffd665de00,1827.58,71.20,7.410731835,55000,56000
6237aa773c88f92ab5c7defe64c803ffd665de00,1839.68,71.52,7.463166825,55000,54000
6237aa773c88f92ab5c7defe64c803ffd665de00,1818.73,70.95,7.348672206,55000,55000
6237aa773c88f92ab5c7defe64c803ffd665de00,1823.12,71.22,7.381157977,54000,54000
6237aa773c88f92ab5c7defe64c803ffd665de00,1810.33,70.46,7.344596632,54000,55000
6237aa773c88f92ab5c7defe64c803ffd665de00,1812.34,70.73,7.343477328,54000,55000
6237aa773c88f92ab5c7defe64c803ffd665de00,1807.57,70.36,7.308371996,54000,54000
6237aa773c88f92ab5c7defe64c803ffd665de00,1816.37,70.56,7.366395489,55000,55000
6237aa773c88f92ab5c7defe64c803ffd665de00,1822.14,70.90,7.395738988,55000,54000
6237aa773c88f92ab5c7defe64c803ffd665de00,1808.19,70.19,7.333565337,55000,54000
6237aa773c88f92ab5c7defe64c803ffd665de00,1810.29,70.16,7.355099637,54000,54000
6237aa773c88f92ab5c7defe64c803ffd665de00,1795.75,69.75,7.287452131,54000,54000
6237aa773c88f92ab5c7defe64c803ffd665de00,1808.02,70.52,7.326153799,55000,56000
6237aa773c88f92ab5c7defe64c803ffd665de00,1797.20,69.90,7.278545853,54000,55000
6237aa773c88f92ab5c7defe64c803ffd665de00,1793.10,69.90,7.254487254,54000,54000
6237aa773c88f92ab5c7defe64c803ffd665de00,1813.14,70.84,7.336650134,55000,55000
6237aa773c88f92ab5c7defe64c803ffd665de00,1814.48,70.76,7.354872980,54000,54000
6237aa773c88f92ab5c7defe64c803ffd665de00,1817.78,70.78,7.367857875,55000,54000
6237aa773c88f92ab5c7defe64c803ffd665de00,1820.61,71.05,7.373454427,55000,54000
6237aa773c88f92ab5c7defe64c803ffd665de00,1808.38,70.24,7.336535043,54000,54000
6237aa773c88f92ab5c7defe64c803ffd665de00,1831.83,71.66,7.421240411,54000,55000
6237aa773c88f92ab5c7defe64c803ffd665de00,1809.74,70.20,7.354879462,54000,55000
fe360e8f66c1e9a8ac41f01076848b6cf316241a,1835.93,71.47,7.436614909,54000,54000
fe360e8f66c1e9a8ac41f01076848b6cf316241a,1820.54,70.79,7.372548489,54000,54000
fe360e8f66c1e9a8ac41f01076848b6cf316241a,1810.81,70.47,7.348695565,54000,55000
fe360e8f66c1e9a8ac41f01076848b6cf316241a,1803.76,70.17,7.310575363,54000,54000
fe360e8f66c1e9a8ac41f01076848b6cf316241a,1803.76,69.98,7.315118448,54000,54000
fe360e8f66c1e9a8ac41f01076848b6cf316241a,1816.23,70.87,7.345293917,55000,54000
fe360e8f66c1e9a8ac41f01076848b6cf316241a,1806.62,70.39,7.315669299,55000,55000
fe360e8f66c1e9a8ac41f01076848b6cf316241a,1832.31,71.45,7.435428167,54000,54000
fe360e8f66c1e9a8ac41f01076848b6cf316241a,1824.24,71.16,7.381975050,55000,55000
fe360e8f66c1e9a8ac41f01076848b6cf316241a,1808.62,70.55,7.323142052,54000,55000
fe360e8f66c1e9a8ac41f01076848b6cf316241a,1825.96,71.26,7.390857463,54000,55000
fe360e8f66c1e9a8ac41f01076848b6cf316241a,1810.89,70.55,7.328751733,56000,55000
fe360e8f66c1e9a8ac41f01076848b6cf316241a,1812.53,70.28,7.344036296,54000,54000
fe360e8f66c1e9a8ac41f01076848b6cf316241a,1814.59,70.34,7.359497196,54000,55000
fe360e8f66c1e9a8ac41f01076848b6cf316241a,1793.95,69.86,7.264940105,56000,55000
fe360e8f66c1e9a8ac41f01076848b6cf316241a,1822.57,70.85,7.390405588,56000,54000
fe360e8f66c1e9a8ac41f01076848b6cf316241a,1803.01,70.29,7.289277028,54000,54000
fe360e8f66c1e9a8ac41f01076848b6cf316241a,1817.91,70.71,7.361107824,54000,54000
fe360e8f66c1e9a8ac41f01076848b6cf316241a,1799.50,69.95,7.292407800,54000,55000
fe360e8f66c1e9a8ac41f01076848b6cf316241a,1804.76,70.30,7.315022937,55000,54000
fe360e8f66c1e9a8ac41f01076848b6cf316241a,1810.52,70.59,7.334649105,55000,55000
fe360e8f66c1e9a8ac41f01076848b6cf316241a,1795.58,69.77,7.289681864,54000,54000
fe360e8f66c1e9a8ac41f01076848b6cf316241a,1796.41,69.58,7.290779218,54000,54000
fe360e8f66c1e9a8ac41f01076848b6cf316241a,1815.58,70.87,7.337760441,55000,55000
fe360e8f66c1e9a8ac41f01076848b6cf316241a,1805.95,70.45,7.323779458,55000,54000
fe360e8f66c1e9a8ac41f01076848b6cf316241a,1806.71,70.24,7.333928635,54000,56000
fe360e8f66c1e9a8ac41f01076848b6cf316241a,1780.75,69.19,7.234971536,55000,54000
fe360e8f66c1e9a8ac41f01076848b6cf316241a,1832.82,71.38,7.421341277,54000,54000
fe360e8f66c1e9a8ac41f01076848b6cf316241a,1797.55,69.82,7.293290663,54000,54000
fe360e8f66c1e9a8ac41f01076848b6cf316241a,1792.19,69.67,7.263806850,54000,55000
b47aabb22b9ecccf9b95cafa12e383856ea00472,1780.14,69.28,7.277052358,56000,55000
b47aabb22b9ecccf9b95cafa12e383856ea00472,1794.65,70.44,7.314597339,55000,55000
b47aabb22b9ecccf9b95cafa12e383856ea00472,1805.93,70.13,7.329380766,54000,54000
b47aabb22b9ecccf9b95cafa12e383856ea00472,1815.79,70.68,7.348186865,55000,56000
b47aabb22b9ecccf9b95cafa12e383856ea00472,1816.35,70.77,7.347068175,55000,54000
b47aabb22b9ecccf9b95cafa12e383856ea00472,1814.83,70.47,7.364115398,55000,54000
b47aabb22b9ecccf9b95cafa12e383856ea00472,1819.19,70.72,7.368517285,55000,54000
b47aabb22b9ecccf9b95cafa12e383856ea00472,1797.52,69.67,7.287073815,55000,55000
b47aabb22b9ecccf9b95cafa12e383856ea00472,1801.29,69.72,7.299909035,55000,55000
b47aabb22b9ecccf9b95cafa12e383856ea00472,1822.51,70.91,7.378594430,55000,56000
b47aabb22b9ecccf9b95cafa12e383856ea00472,1790.93,69.62,7.264570409,54000,54000
b47aabb22b9ecccf9b95cafa12e383856ea00472,1831.92,71.43,7.423372362,54000,55000
b47aabb22b9ecccf9b95cafa12e383856ea00472,1782.76,69.37,7.230763802,55000,54000
b47aabb22b9ecccf9b95cafa12e383856ea00472,1812.80,70.32,7.347981909,56000,54000
b47aabb22b9ecccf9b95cafa12e383856ea00472,1790.60,69.28,7.265546574,55000,54000
b47aabb22b9ecccf9b95cafa12e383856ea00472,1791.16,69.59,7.260347724,54000,54000
b47aabb22b9ecccf9b95cafa12e383856ea00472,1827.04,70.82,7.420423215,55000,54000
b47aabb22b9ecccf9b95cafa12e383856ea00472,1831.17,71.12,7.421034440,54000,54000
b47aabb22b9ecccf9b95cafa12e383856ea00472,1827.38,71.32,7.389419441,55000,55000
b47aabb22b9ecccf9b95cafa12e383856ea00472,1800.23,70.33,7.295446907,54000,54000
b47aabb22b9ecccf9b95cafa12e383856ea00472,1781.78,69.19,7.227553392,54000,54000
b47aabb22b9ecccf9b95cafa12e383856ea00472,1842.90,71.82,7.464954432,55000,56000
b47aabb22b9ecccf9b95cafa12e383856ea00472,1804.35,70.30,7.308298256,55000,54000
b47aabb22b9ecccf9b95cafa12e383856ea00472,1815.97,70.96,7.344381249,55000,54000
b47aabb22b9ecccf9b95cafa12e383856ea00472,1811.49,70.52,7.341514191,54000,54000
b47aabb22b9ecccf9b95cafa12e383856ea00472,1822.56,70.76,7.404893131,55000,55000
b47aabb22b9ecccf9b95cafa12e383856ea00472,1805.80,70.25,7.319456489,55000,55000
b47aabb22b9ecccf9b95cafa12e383856ea00472,1800.55,70.06,7.307340179,54000,54000
b47aabb22b9ecccf9b95cafa12e383856ea00472,1837.51,71.81,7.449057001,54000,54000
b47aabb22b9ecccf9b95cafa12e383856ea00472,1818.05,70.71,7.362377378,55000,55000
3c66dbd6730a4f3574f04c33d8f7c28bb18c5b51,1798.31,70.33,7.361817193,55000,55000
3c66dbd6730a4f3574f04c33d8f7c28bb18c5b51,1813.55,70.67,7.358925214,56000,56000
3c66dbd6730a4f3574f04c33d8f7c28bb18c5b51,1822.38,70.56,7.409960274,56000,55000
3c66dbd6730a4f3574f04c33d8f7c28bb18c5b51,1805.43,70.18,7.323710004,55000,54000
3c66dbd6730a4f3574f04c33d8f7c28bb18c5b51,1800.84,69.93,7.310763137,55000,54000
3c66dbd6730a4f3574f04c33d8f7c28bb18c5b51,1788.96,69.32,7.267402838,55000,55000
3c66dbd6730a4f3574f04c33d8f7c28bb18c5b51,1799.60,69.98,7.278562047,54000,55000
3c66dbd6730a4f3574f04c33d8f7c28bb18c5b51,1798.89,69.79,7.288222047,55000,54000
3c66dbd6730a4f3574f04c33d8f7c28bb18c5b51,1804.25,69.71,7.311179969,54000,55000
3c66dbd6730a4f3574f04c33d8f7c28bb18c5b51,1846.74,72.13,7.477059149,55000,55000
3c66dbd6730a4f3574f04c33d8f7c28bb18c5b51,1803.99,70.21,7.309605620,55000,55000
3c66dbd6730a4f3574f04c33d8f7c28bb18c5b51,1820.07,70.70,7.377180082,56000,55000
3c66dbd6730a4f3574f04c33d8f7c28bb18c5b51,1803.83,70.02,7.309249375,54000,54000
3c66dbd6730a4f3574f04c33d8f7c28bb18c5b51,1846.71,72.17,7.472080851,54000,55000
3c66dbd6730a4f3574f04c33d8f7c28bb18c5b51,1791.71,69.56,7.271224079,55000,55000
3c66dbd6730a4f3574f04c33d8f7c28bb18c5b51,1817.00,70.70,7.350465017,55000,54000
3c66dbd6730a4f3574f04c33d8f7c28bb18c5b51,1787.61,69.38,7.252002876,54000,55000
3c66dbd6730a4f3574f04c33d8f7c28bb18c5b51,1824.25,71.03,7.392772802,55000,55000
3c66dbd6730a4f3574f04c33d8f7c28bb18c5b51,1800.77,70.03,7.305593143,55000,54000
3c66dbd6730a4f3574f04c33d8f7c28bb18c5b51,1827.63,70.89,7.416167973,55000,55000
3c66dbd6730a4f3574f04c33d8f7c28bb18c5b51,1834.74,71.58,7.424591551,54000,54000
3c66dbd6730a4f3574f04c33d8f7c28bb18c5b51,1795.22,69.81,7.286912982,55000,54000
3c66dbd6730a4f3574f04c33d8f7c28bb18c5b51,1833.49,71.25,7.431957959,55000,55000
3c66dbd6730a4f3574f04c33d8f7c28bb18c5b51,1814.12,70.70,7.343972210,54000,55000
3c66dbd6730a4f3574f04c33d8f7c28bb18c5b51,1839.41,72.14,7.440535260,55000,54000
3c66dbd6730a4f3574f04c33d8f7c28bb18c5b51,1840.65,71.93,7.462394938,55000,55000
3c66dbd6730a4f3574f04c33d8f7c28bb18c5b51,1798.59,69.85,7.301705071,55000,55000
3c66dbd6730a4f3574f04c33d8f7c28bb18c5b51,1811.16,70.27,7.342179549,55000,55000
3c66dbd6730a4f3574f04c33d8f7c28bb18c5b51,1813.17,70.57,7.354505438,55000,55000
3c66dbd6730a4f3574f04c33d8f7c28bb18c5b51,1808.41,70.20,7.323789822,54000,54000
0e2169ced443db8ac4095e4fc8ab82a3c85ba8c0,1803.95,70.22,7.295476589,55000,55000
0e2169ced443db8ac4095e4fc8ab82a3c85ba8c0,1800.33,70.11,7.287733438,55000,56000
0e2169ced443db8ac4095e4fc8ab82a3c85ba8c0,1777.57,68.98,7.218147177,54000,54000
0e2169ced443db8ac4095e4fc8ab82a3c85ba8c0,1796.50,69.72,7.290149051,55000,54000
0e2169ced443db8ac4095e4fc8ab82a3c85ba8c0,1845.27,71.43,7.492410063,54000,54000
0e2169ced443db8ac4095e4fc8ab82a3c85ba8c0,1815.06,70.57,7.345612519,54000,54000
0e2169ced443db8ac4095e4fc8ab82a3c85ba8c0,1814.16,70.95,7.326411017,55000,55000
0e2169ced443db8ac4095e4fc8ab82a3c85ba8c0,1802.35,69.98,7.316654632,55000,55000
0e2169ced443db8ac4095e4fc8ab82a3c85ba8c0,1786.31,69.06,7.236099209,54000,54000
0e2169ced443db8ac4095e4fc8ab82a3c85ba8c0,1812.19,70.37,7.351990631,55000,54000
0e2169ced443db8ac4095e4fc8ab82a3c85ba8c0,1796.94,69.90,7.264611709,55000,55000
0e2169ced443db8ac4095e4fc8ab82a3c85ba8c0,1803.92,70.24,7.324554410,55000,54000
0e2169ced443db8ac4095e4fc8ab82a3c85ba8c0,1815.47,70.81,7.358337561,56000,54000
0e2169ced443db8ac4095e4fc8ab82a3c85ba8c0,1801.54,69.93,7.294147786,55000,54000
0e2169ced443db8ac4095e4fc8ab82a3c85ba8c0,1831.67,71.48,7.426602368,54000,54000
0e2169ced443db8ac4095e4fc8ab82a3c85ba8c0,1785.31,69.09,7.260734606,54000,55000
0e2169ced443db8ac4095e4fc8ab82a3c85ba8c0,1822.95,71.05,7.377231456,55000,54000
0e2169ced443db8ac4095e4fc8ab82a3c85ba8c0,1815.30,71.17,7.341475004,54000,55000
0e2169ced443db8ac4095e4fc8ab82a3c85ba8c0,1795.24,69.62,7.282922306,54000,55000
0e2169ced443db8ac4095e4fc8ab82a3c85ba8c0,1798.55,69.86,7.301549926,54000,55000
0e2169ced443db8ac4095e4fc8ab82a3c85ba8c0,1813.92,70.79,7.352763878,55000,55000
0e2169ced443db8ac4095e4fc8ab82a3c85ba8c0,1803.52,70.44,7.299661680,55000,55000
0e2169ced443db8ac4095e4fc8ab82a3c85ba8c0,1825.62,70.93,7.402983806,56000,55000
0e2169ced443db8ac4095e4fc8ab82a3c85ba8c0,1830.78,71.16,7.422454864,54000,54000
0e2169ced443db8ac4095e4fc8ab82a3c85ba8c0,1804.01,70.07,7.325806149,55000,54000
0e2169ced443db8ac4095e4fc8ab82a3c85ba8c0,1830.70,71.19,7.418886629,54000,56000
0e2169ced443db8ac4095e4fc8ab82a3c85ba8c0,1824.58,71.47,7.390360258,55000,54000
0e2169ced443db8ac4095e4fc8ab82a3c85ba8c0,1799.88,70.00,7.298802583,54000,55000
0e2169ced443db8ac4095e4fc8ab82a3c85ba8c0,1787.77,69.35,7.249228832,54000,54000
0e2169ced443db8ac4095e4fc8ab82a3c85ba8c0,1804.72,70.09,7.325500720,55000,55000
2e80d4a5a10b3a52c732070240bea510297f8e89,1795.96,70.58,7.373775555,55000,54000
2e80d4a5a10b3a52c732070240bea510297f8e89,1802.56,70.64,7.373589515,54000,56000
2e80d4a5a10b3a52c732070240bea510297f8e89,1807.24,70.08,7.328469319,55000,54000
2e80d4a5a10b3a52c732070240bea510297f8e89,1821.18,70.74,7.373306569,55000,54000
2e80d4a5a10b3a52c732070240bea510297f8e89,1810.09,70.23,7.334587967,55000,55000
2e80d4a5a10b3a52c732070240bea510297f8e89,1797.17,70.06,7.285440936,55000,55000
2e80d4a5a10b3a52c732070240bea510297f8e89,1818.08,71.00,7.365397889,54000,55000
2e80d4a5a10b3a52c732070240bea510297f8e89,1801.62,69.75,7.310376505,54000,54000
2e80d4a5a10b3a52c732070240bea510297f8e89,1792.16,69.30,7.279005558,55000,55000
2e80d4a5a10b3a52c732070240bea510297f8e89,1805.77,69.87,7.330443884,55000,55000
2e80d4a5a10b3a52c732070240bea510297f8e89,1796.20,69.87,7.288899596,54000,55000
2e80d4a5a10b3a52c732070240bea510297f8e89,1809.21,70.51,7.312377782,54000,54000
2e80d4a5a10b3a52c732070240bea510297f8e89,1870.68,72.88,7.573291886,55000,55000
2e80d4a5a10b3a52c732070240bea510297f8e89,1802.29,69.79,7.312791577,54000,55000
2e80d4a5a10b3a52c732070240bea510297f8e89,1797.64,69.66,7.285255369,55000,54000
2e80d4a5a10b3a52c732070240bea510297f8e89,1796.12,69.27,7.281438516,54000,55000
2e80d4a5a10b3a52c732070240bea510297f8e89,1804.75,69.99,7.308271401,56000,54000
2e80d4a5a10b3a52c732070240bea510297f8e89,1848.66,72.03,7.493404261,54000,54000
2e80d4a5a10b3a52c732070240bea510297f8e89,1811.22,70.37,7.335602981,54000,54000
2e80d4a5a10b3a52c732070240bea510297f8e89,1796.57,69.75,7.285558154,55000,54000
2e80d4a5a10b3a52c732070240bea510297f8e89,1808.12,70.28,7.303267069,55000,55000
2e80d4a5a10b3a52c732070240bea510297f8e89,1813.34,70.83,7.346434743,55000,54000
2e80d4a5a10b3a52c732070240bea510297f8e89,1816.80,70.67,7.356951617,55000,55000
2e80d4a5a10b3a52c732070240bea510297f8e89,1829.26,71.48,7.408847077,54000,54000
2e80d4a5a10b3a52c732070240bea510297f8e89,1817.39,71.27,7.351311405,54000,55000
2e80d4a5a10b3a52c732070240bea510297f8e89,1815.30,70.83,7.352822659,55000,55000
2e80d4a5a10b3a52c732070240bea510297f8e89,1828.54,71.12,7.413624956,54000,55000
2e80d4a5a10b3a52c732070240bea510297f8e89,1811.49,70.86,7.335064734,54000,55000
2e80d4a5a10b3a52c732070240bea510297f8e89,1803.41,70.44,7.294328262,54000,54000
2e80d4a5a10b3a52c732070240bea510297f8e89,1793.47,69.75,7.266721794,55000,54000
1420883ecfba005f391141506f514600c6f9e88a,1786.54,69.64,7.280267599,54000,55000
1420883ecfba005f391141506f514600c6f9e88a,1825.59,71.00,7.377536379,54000,54000
1420883ecfba005f391141506f514600c6f9e88a,1793.71,69.82,7.283384004,55000,54000
1420883ecfba005f391141506f514600c6f9e88a,1807.75,70.21,7.323058191,54000,54000
1420883ecfba005f391141506f514600c6f9e88a,1776.57,68.79,7.196443946,55000,55000
1420883ecfba005f391141506f514600c6f9e88a,1803.33,69.99,7.299001319,54000,55000
1420883ecfba005f391141506f514600c6f9e88a,1806.58,70.09,7.331853091,55000,55000
1420883ecfba005f391141506f514600c6f9e88a,1801.01,69.88,7.295759765,54000,54000
1420883ecfba005f391141506f514600c6f9e88a,1821.76,70.79,7.376030361,55000,55000
1420883ecfba005f391141506f514600c6f9e88a,1798.42,69.85,7.289015832,55000,55000
1420883ecfba005f391141506f514600c6f9e88a,1812.71,70.72,7.335727005,55000,55000
1420883ecfba005f391141506f514600c6f9e88a,1801.61,70.34,7.304002748,55000,55000
1420883ecfba005f391141506f514600c6f9e88a,1824.37,70.92,7.403860213,54000,55000
1420883ecfba005f391141506f514600c6f9e88a,1796.62,69.77,7.279510427,54000,54000
1420883ecfba005f391141506f514600c6f9e88a,1813.09,70.47,7.352317914,54000,54000
1420883ecfba005f391141506f514600c6f9e88a,1816.86,70.97,7.355515382,54000,55000
1420883ecfba005f391141506f514600c6f9e88a,1819.08,70.77,7.376323517,54000,54000
1420883ecfba005f391141506f514600c6f9e88a,1812.96,70.72,7.344092620,54000,54000
1420883ecfba005f391141506f514600c6f9e88a,1795.17,70.03,7.277925406,54000,55000
1420883ecfba005f391141506f514600c6f9e88a,1800.35,69.95,7.287230680,55000,54000
1420883ecfba005f391141506f514600c6f9e88a,1815.44,70.63,7.363792646,54000,55000
1420883ecfba005f391141506f514600c6f9e88a,1803.28,70.54,7.307522176,55000,55000
1420883ecfba005f391141506f514600c6f9e88a,1848.51,72.32,7.478056532,54000,54000
1420883ecfba005f391141506f514600c6f9e88a,1812.66,70.05,7.363789123,54000,54000
1420883ecfba005f391141506f514600c6f9e88a,1817.22,70.86,7.349761799,55000,55000
1420883ecfba005f391141506f514600c6f9e88a,1815.68,70.56,7.363646535,54000,54000
1420883ecfba005f391141506f514600c6f9e88a,1788.82,69.38,7.260421797,54000,55000
1420883ecfba005f391141506f514600c6f9e88a,1804.04,70.24,7.307955436,55000,54000
1420883ecfba005f391141506f514600c6f9e88a,1800.87,69.83,7.305621722,55000,54000
1420883ecfba005f391141506f514600c6f9e88a,1807.21,70.41,7.320208727,54000,54000
7333ec6985a4c31e2648a2a026a3e02ffaf7316c,1808.35,69.95,7.339632307,54000,54000
7333ec6985a4c31e2648a2a026a3e02ffaf7316c,1820.28,70.90,7.367395088,55000,54000
7333ec6985a4c31e2648a2a026a3e02ffaf7316c,1805.85,69.84,7.329348569,55000,54000
7333ec6985a4c31e2648a2a026a3e02ffaf7316c,1812.57,70.26,7.343581713,55000,54000
7333ec6985a4c31e2648a2a026a3e02ffaf7316c,1813.86,70.34,7.357797520,54000,54000
7333ec6985a4c31e2648a2a026a3e02ffaf7316c,1797.26,69.88,7.282950545,54000,55000
7333ec6985a4c31e2648a2a026a3e02ffaf7316c,1808.03,70.17,7.347701406,54000,55000
7333ec6985a4c31e2648a2a026a3e02ffaf7316c,1812.03,70.43,7.336952218,56000,55000
7333ec6985a4c31e2648a2a026a3e02ffaf7316c,1795.46,69.78,7.290318155,55000,55000
7333ec6985a4c31e2648a2a026a3e02ffaf7316c,1812.50,70.34,7.349109193,55000,55000
7333ec6985a4c31e2648a2a026a3e02ffaf7316c,1794.25,69.98,7.271431604,55000,56000
7333ec6985a4c31e2648a2a026a3e02ffaf7316c,1827.62,70.80,7.418359886,55000,55000
7333ec6985a4c31e2648a2a026a3e02ffaf7316c,1816.20,70.46,7.369547887,54000,54000
7333ec6985a4c31e2648a2a026a3e02ffaf7316c,1806.02,70.20,7.318692772,55000,55000
7333ec6985a4c31e2648a2a026a3e02ffaf7316c,1822.02,70.70,7.387656423,55000,55000
7333ec6985a4c31e2648a2a026a3e02ffaf7316c,1798.60,69.81,7.302422760,55000,54000
7333ec6985a4c31e2648a2a026a3e02ffaf7316c,1792.22,69.64,7.272421260,54000,54000
7333ec6985a4c31e2648a2a026a3e02ffaf7316c,1793.75,69.87,7.264597884,54000,54000
7333ec6985a4c31e2648a2a026a3e02ffaf7316c,1833.30,71.35,7.420019442,54000,55000
7333ec6985a4c31e2648a2a026a3e02ffaf7316c,1808.94,70.37,7.338970065,54000,54000
7333ec6985a4c31e2648a2a026a3e02ffaf7316c,1805.97,70.23,7.314714462,55000,54000
7333ec6985a4c31e2648a2a026a3e02ffaf7316c,1823.64,71.40,7.363842183,54000,54000
7333ec6985a4c31e2648a2a026a3e02ffaf7316c,1804.60,70.45,7.297214751,55000,54000
7333ec6985a4c31e2648a2a026a3e02ffaf7316c,1809.59,70.51,7.320388562,55000,54000
7333ec6985a4c31e2648a2a026a3e02ffaf7316c,1817.56,70.67,7.382980783,54000,55000
7333ec6985a4c31e2648a2a026a3e02ffaf7316c,1827.57,70.94,7.431083145,54000,55000
7333ec6985a4c31e2648a2a026a3e02ffaf7316c,1832.20,71.31,7.433237027,54000,54000
7333ec6985a4c31e2648a2a026a3e02ffaf7316c,1811.41,70.73,7.348503456,54000,55000
7333ec6985a4c31e2648a2a026a3e02ffaf7316c,1799.20,70.04,7.298112218,55000,55000
7333ec6985a4c31e2648a2a026a3e02ffaf7316c,1798.75,69.77,7.297594375,55000,54000
49cc78e48b4a595c7b2a372662c3a8bb2fadf971,1825.17,70.73,7.404197054,55000,54000
49cc78e48b4a595c7b2a372662c3a8bb2fadf971,1828.79,71.11,7.419602220,54000,55000
49cc78e48b4a595c7b2a372662c3a8bb2fadf971,1817.49,71.00,7.364115826,54000,55000
49cc78e48b4a595c7b2a372662c3a8bb2fadf971,1791.25,69.55,7.255509237,55000,55000
49cc78e48b4a595c7b2a372662c3a8bb2fadf971,1806.10,70.15,7.317378984,55000,54000
49cc78e48b4a595c7b2a372662c3a8bb2fadf971,1814.16,70.67,7.342650676,55000,55000
49cc78e48b4a595c7b2a372662c3a8bb2fadf971,1820.38,70.76,7.380600123,55000,56000
49cc78e48b4a595c7b2a372662c3a8bb2fadf971,1831.32,71.40,7.393127109,55000,55000
49cc78e48b4a595c7b2a372662c3a8bb2fadf971,1816.70,70.60,7.364418303,54000,54000
49cc78e48b4a595c7b2a372662c3a8bb2fadf971,1800.06,70.14,7.279273839,55000,55000
49cc78e48b4a595c7b2a372662c3a8bb2fadf971,1840.46,71.64,7.466486376,55000,54000
49cc78e48b4a595c7b2a372662c3a8bb2fadf971,1822.61,71.03,7.396038338,55000,55000
49cc78e48b4a595c7b2a372662c3a8bb2fadf971,1796.20,69.61,7.289894170,54000,54000
49cc78e48b4a595c7b2a372662c3a8bb2fadf971,1797.38,70.02,7.291727275,54000,54000
49cc78e48b4a595c7b2a372662c3a8bb2fadf971,1788.97,69.67,7.252930977,54000,55000
49cc78e48b4a595c7b2a372662c3a8bb2fadf971,1785.72,69.20,7.238584271,54000,55000
49cc78e48b4a595c7b2a372662c3a8bb2fadf971,1840.63,71.67,7.464472600,54000,54000
49cc78e48b4a595c7b2a372662c3a8bb2fadf971,1812.96,70.26,7.351991739,54000,54000
49cc78e48b4a595c7b2a372662c3a8bb2fadf971,1796.40,69.70,7.282111345,56000,56000
49cc78e48b4a595c7b2a372662c3a8bb2fadf971,1799.53,70.19,7.295761689,55000,54000
49cc78e48b4a595c7b2a372662c3a8bb2fadf971,1795.06,69.79,7.286943255,54000,54000
49cc78e48b4a595c7b2a372662c3a8bb2fadf971,1813.22,70.70,7.357617594,54000,55000
49cc78e48b4a595c7b2a372662c3a8bb2fadf971,1800.45,70.17,7.304951279,54000,54000
49cc78e48b4a595c7b2a372662c3a8bb2fadf971,1811.72,70.53,7.333936356,54000,54000
49cc78e48b4a595c7b2a372662c3a8bb2fadf971,1837.71,71.70,7.428234811,54000,54000
49cc78e48b4a595c7b2a372662c3a8bb2fadf971,1797.53,69.79,7.293865941,55000,54000
49cc78e48b4a595c7b2a372662c3a8bb2fadf971,1805.26,70.58,7.304682230,55000,55000
49cc78e48b4a595c7b2a372662c3a8bb2fadf971,1803.01,70.23,7.329797171,54000,55000
49cc78e48b4a595c7b2a372662c3a8bb2fadf971,1806.93,70.50,7.316861042,54000,55000
49cc78e48b4a595c7b2a372662c3a8bb2fadf971,1783.99,69.26,7.234411982,54000,55000
db118beab88b333e4c02b09ace3b4030016afa82,1802.44,70.21,7.324893162,55000,54000
db118beab88b333e4c02b09ace3b4030016afa82,1816.16,70.89,7.352644180,54000,55000
db118beab88b333e4c02b09ace3b4030016afa82,1816.10,70.57,7.358677014,55000,54000
db118beab88b333e4c02b09ace3b4030016afa82,1832.07,71.53,7.405802020,54000,54000
db118beab88b333e4c02b09ace3b4030016afa82,1809.66,70.14,7.351366410,55000,54000
db118beab88b333e4c02b09ace3b4030016afa82,1838.53,71.38,7.450676506,54000,55000
db118beab88b333e4c02b09ace3b4030016afa82,1804.43,70.10,7.313078226,55000,54000
db118beab88b333e4c02b09ace3b4030016afa82,1806.17,69.90,7.331018584,54000,54000
db118beab88b333e4c02b09ace3b4030016afa82,1802.48,69.70,7.321797773,54000,55000
db118beab88b333e4c02b09ace3b4030016afa82,1805.31,70.04,7.314225110,55000,56000
db118beab88b333e4c02b09ace3b4030016afa82,1793.72,69.65,7.283699125,56000,55000
db118beab88b333e4c02b09ace3b4030016afa82,1820.75,70.87,7.387000549,55000,54000
db118beab88b333e4c02b09ace3b4030016afa82,1833.71,71.14,7.432073067,56000,55000
db118beab88b333e4c02b09ace3b4030016afa82,1832.28,71.58,7.415858568,56000,55000
db118beab88b333e4c02b09ace3b4030016afa82,1802.33,69.89,7.305292577,55000,55000
db118beab88b333e4c02b09ace3b4030016afa82,1788.09,69.19,7.258615145,55000,54000
db118beab88b333e4c02b09ace3b4030016afa82,1813.55,70.33,7.364163904,54000,55000
db118beab88b333e4c02b09ace3b4030016afa82,1814.71,70.50,7.342635860,54000,54000
db118beab88b333e4c02b09ace3b4030016afa82,1795.94,69.54,7.289756707,55000,54000
db118beab88b333e4c02b09ace3b4030016afa82,1808.83,70.32,7.351097912,55000,55000
db118beab88b333e4c02b09ace3b4030016afa82,1807.34,70.26,7.348139968,54000,54000
db118beab88b333e4c02b09ace3b4030016afa82,1817.79,71.00,7.350318893,54000,54000
db118beab88b333e4c02b09ace3b4030016afa82,1802.15,70.25,7.317419795,55000,54000
db118beab88b333e4c02b09ace3b4030016afa82,1813.38,70.24,7.354753332,56000,55000
db118beab88b333e4c02b09ace3b4030016afa82,1791.35,69.63,7.274055521,54000,55000
db118beab88b333e4c02b09ace3b4030016afa82,1804.09,70.40,7.314604462,55000,55000
db118beab88b333e4c02b09ace3b4030016afa82,1806.85,70.41,7.337848932,55000,55000
db118beab88b333e4c02b09ace3b4030016afa82,1808.85,70.43,7.328625461,55000,56000
db118beab88b333e4c02b09ace3b4030016afa82,1803.33,70.14,7.309304408,54000,54000
db118beab88b333e4c02b09ace3b4030016afa82,1796.96,70.05,7.284877430,56000,54000
0477d30738a801b403ac16f0035ff6e99be9d2c7,1804.21,70.21,7.325956140,56000,55000
0477d30738a801b403ac16f0035ff6e99be9d2c7,1829.29,71.13,7.403943843,54000,55000
0477d30738a801b403ac16f0035ff6e99be9d2c7,1809.24,70.42,7.338459507,56000,55000
0477d30738a801b403ac16f0035ff6e99be9d2c7,1792.81,69.49,7.275097159,54000,55000
0477d30738a801b403ac16f0035ff6e99be9d2c7,1816.68,70.34,7.383003353,55000,55000
0477d30738a801b403ac16f0035ff6e99be9d2c7,1798.60,69.75,7.291364774,55000,55000
0477d30738a801b403ac16f0035ff6e99be9d2c7,1800.66,69.83,7.298802881,54000,54000
0477d30738a801b403ac16f0035ff6e99be9d2c7,1793.46,69.54,7.263537684,55000,55000
0477d30738a801b403ac16f0035ff6e99be9d2c7,1826.67,70.76,7.412645083,54000,55000
0477d30738a801b403ac16f0035ff6e99be9d2c7,1798.21,69.96,7.268957894,55000,55000
0477d30738a801b403ac16f0035ff6e99be9d2c7,1810.27,70.54,7.327488283,55000,56000
0477d30738a801b403ac16f0035ff6e99be9d2c7,1795.48,70.02,7.271544763,55000,54000
0477d30738a801b403ac16f0035ff6e99be9d2c7,1792.71,69.70,7.263302749,54000,55000
0477d30738a801b403ac16f0035ff6e99be9d2c7,1795.37,69.66,7.285997569,55000,56000
0477d30738a801b403ac16f0035ff6e99be9d2c7,1813.75,70.41,7.343218999,54000,54000
0477d30738a801b403ac16f0035ff6e99be9d2c7,1820.42,70.72,7.375375533,55000,55000
0477d30738a801b403ac16f0035ff6e99be9d2c7,1844.34,71.76,7.476452105,55000,55000
0477d30738a801b403ac16f0035ff6e99be9d2c7,1802.15,70.09,7.312644826,54000,56000
0477d30738a801b403ac16f0035ff6e99be9d2c7,1827.27,71.07,7.402860236,54000,55000
0477d30738a801b403ac16f0035ff6e99be9d2c7,1828.05,71.33,7.381830540,54000,56000
0477d30738a801b403ac16f0035ff6e99be9d2c7,1802.72,69.98,7.327761858,54000,54000
0477d30738a801b403ac16f0035ff6e99be9d2c7,1795.13,69.98,7.283650226,54000,55000
0477d30738a801b403ac16f0035ff6e99be9d2c7,1841.01,71.54,7.443322211,54000,55000
0477d30738a801b403ac16f0035ff6e99be9d2c7,1808.78,70.63,7.314655645,56000,54000
0477d30738a801b403ac16f0035ff6e99be9d2c7,1809.58,70.85,7.331943264,55000,54000
0477d30738a801b403ac16f0035ff6e99be9d2c7,1807.64,70.47,7.344116753,55000,54000
0477d30738a801b403ac16f0035ff6e99be9d2c7,1816.49,70.44,7.384911290,54000,54000
0477d30738a801b403ac16f0035ff6e99be9d2c7,1792.96,69.67,7.266659395,54000,54000
0477d30738a801b403ac16f0035ff6e99be9d2c7,1786.38,69.15,7.260025839,55000,54000
0477d30738a801b403ac16f0035ff6e99be9d2c7,1786.68,69.40,7.258600023,54000,54000
61c56f06c20ab06ce9d1ef3f0bc7b4f71b917e1f,1816.03,70.68,7.343546734,56000,55000
61c56f06c20ab06ce9d1ef3f0bc7b4f71b917e1f,1793.25,69.31,7.295561307,55000,55000
61c56f06c20ab06ce9d1ef3f0bc7b4f71b917e1f,1816.03,70.77,7.348847932,55000,55000
61c56f06c20ab06ce9d1ef3f0bc7b4f71b917e1f,1797.19,69.76,7.293737157,55000,55000
61c56f06c20ab06ce9d1ef3f0bc7b4f71b917e1f,1801.04,70.03,7.304220145,55000,54000
61c56f06c20ab06ce9d1ef3f0bc7b4f71b917e1f,1809.45,70.32,7.326529076,55000,54000
61c56f06c20ab06ce9d1ef3f0bc7b4f71b917e1f,1793.48,69.30,7.280031443,55000,54000
61c56f06c20ab06ce9d1ef3f0bc7b4f71b917e1f,1825.39,70.94,7.405732498,54000,54000
61c56f06c20ab06ce9d1ef3f0bc7b4f71b917e1f,1796.09,69.64,7.290226002,55000,54000
61c56f06c20ab06ce9d1ef3f0bc7b4f71b917e1f,1801.70,69.72,7.317188726,54000,55000
61c56f06c20ab06ce9d1ef3f0bc7b4f71b917e1f,1805.36,70.30,7.308489957,55000,56000
61c56f06c20ab06ce9d1ef3f0bc7b4f71b917e1f,1791.96,69.88,7.255513683,54000,55000
61c56f06c20ab06ce9d1ef3f0bc7b4f71b917e1f,1847.98,71.78,7.498006724,55000,54000
61c56f06c20ab06ce9d1ef3f0bc7b4f71b917e1f,1818.54,70.97,7.364238940,55000,55000
61c56f06c20ab06ce9d1ef3f0bc7b4f71b917e1f,1810.23,70.49,7.337094163,54000,54000
61c56f06c20ab06ce9d1ef3f0bc7b4f71b917e1f,1798.04,70.06,7.271637448,54000,54000
61c56f06c20ab06ce9d1ef3f0bc7b4f71b917e1f,1818.44,70.67,7.374253435,54000,54000
61c56f06c20ab06ce9d1ef3f0bc7b4f71b917e1f,1819.25,70.60,7.363301469,54000,56000
61c56f06c20ab06ce9d1ef3f0bc7b4f71b917e1f,1785.26,69.49,7.238721340,54000,55000
61c56f06c20ab06ce9d1ef3f0bc7b4f71b917e1f,1808.31,70.15,7.332245266,55000,55000
61c56f06c20ab06ce9d1ef3f0bc7b4f71b917e1f,1814.49,70.29,7.355353436,55000,55000
61c56f06c20ab06ce9d1ef3f0bc7b4f71b917e1f,1823.81,71.19,7.397291179,55000,55000
61c56f06c20ab06ce9d1ef3f0bc7b4f71b917e1f,1790.92,69.59,7.264662262,55000,54000
61c56f06c20ab06ce9d1ef3f0bc7b4f71b917e1f,1787.05,69.13,7.262195039,55000,55000
61c56f06c20ab06ce9d1ef3f0bc7b4f71b917e1f,1812.42,70.71,7.335762547,54000,56000
61c56f06c20ab06ce9d1ef3f0bc7b4f71b917e1f,1811.79,70.56,7.322795484,54000,55000
61c56f06c20ab06ce9d1ef3f0bc7b4f71b917e1f,1814.62,70.71,7.366756297,55000,55000
61c56f06c20ab06ce9d1ef3f0bc7b4f71b917e1f,1804.45,70.28,7.330447327,54000,54000
61c56f06c20ab06ce9d1ef3f0bc7b4f71b917e1f,1816.57,71.05,7.348874722,54000,54000
61c56f06c20ab06ce9d1ef3f0bc7b4f71b917e1f,1807.78,70.20,7.332540276,55000,55000
bf62564b0edf59792b9e3e8fabec0b6f17e880d4,1830.63,71.51,7.409339914,55000,54000
bf62564b0edf59792b9e3e8fabec0b6f17e880d4,1809.88,70.28,7.353309508,54000,54000
bf62564b0edf59792b9e3e8fabec0b6f17e880d4,1805.13,70.08,7.318044107,54000,54000
bf62564b0edf59792b9e3e8fabec0b6f17e880d4,1812.48,70.40,7.331363225,55000,55000
bf62564b0edf59792b9e3e8fabec0b6f17e880d4,1826.59,71.12,7.396375166,55000,55000
bf62564b0edf59792b9e3e8fabec0b6f17e880d4,1800.62,69.73,7.323926219,54000,54000
bf62564b0edf59792b9e3e8fabec0b6f17e880d4,1817.39,70.28,7.379212498,54000,54000
bf62564b0edf59792b9e3e8fabec0b6f17e880d4,1828.74,71.03,7.423612789,54000,55000
bf62564b0edf59792b9e3e8fabec0b6f17e880d4,1830.55,71.37,7.425820168,55000,55000
bf62564b0edf59792b9e3e8fabec0b6f17e880d4,1834.83,71.15,7.451549712,55000,54000
bf62564b0edf59792b9e3e8fabec0b6f17e880d4,1814.05,70.29,7.367681199,54000,55000
bf62564b0edf59792b9e3e8fabec0b6f17e880d4,1819.49,70.97,7.375495999,54000,55000
bf62564b0edf59792b9e3e8fabec0b6f17e880d4,1829.97,71.62,7.405584160,55000,54000
bf62564b0edf59792b9e3e8fabec0b6f17e880d4,1801.75,69.92,7.303899415,56000,55000
bf62564b0edf59792b9e3e8fabec0b6f17e880d4,1815.18,70.50,7.362473629,55000,55000
bf62564b0edf59792b9e3e8fabec0b6f17e880d4,1799.38,70.07,7.284023571,55000,55000
bf62564b0edf59792b9e3e8fabec0b6f17e880d4,1822.81,70.82,7.384930498,55000,55000
bf62564b0edf59792b9e3e8fabec0b6f17e880d4,1797.60,70.06,7.272267846,55000,54000
bf62564b0edf59792b9e3e8fabec0b6f17e880d4,1818.53,70.68,7.354998743,54000,54000
bf62564b0edf59792b9e3e8fabec0b6f17e880d4,1799.96,69.81,7.298725785,55000,55000
bf62564b0edf59792b9e3e8fabec0b6f17e880d4,1782.82,69.05,7.242835567,54000,54000
bf62564b0edf59792b9e3e8fabec0b6f17e880d4,1802.81,70.11,7.299628086,56000,54000
bf62564b0edf59792b9e3e8fabec0b6f17e880d4,1829.00,71.20,7.421760160,55000,55000
bf62564b0edf59792b9e3e8fabec0b6f17e880d4,1820.58,70.79,7.393698589,54000,54000
bf62564b0edf59792b9e3e8fabec0b6f17e880d4,1807.19,70.57,7.321560789,54000,55000
bf62564b0edf59792b9e3e8fabec0b6f17e880d4,1816.59,70.86,7.365437526,55000,55000
bf62564b0edf59792b9e3e8fabec0b6f17e880d4,1829.59,71.64,7.398329514,55000,55000
bf62564b0edf59792b9e3e8fabec0b6f17e880d4,1821.41,70.94,7.396664086,54000,55000
bf62564b0edf59792b9e3e8fabec0b6f17e880d4,1796.32,70.08,7.282922732,55000,56000
bf62564b0edf59792b9e3e8fabec0b6f17e880d4,1807.65,70.37,7.348818914,55000,55000
ec260000d26e80789d13912bbbf0845c4e2c753c,1819.58,70.76,7.374358448,56000,54000
ec260000d26e80789d13912bbbf0845c4e2c753c,1816.98,70.60,7.370521964,55000,56000
ec260000d26e80789d13912bbbf0845c4e2c753c,1830.88,71.23,7.424376949,54000,55000
ec260000d26e80789d13912bbbf0845c4e2c753c,1786.01,69.29,7.251216115,55000,54000
ec260000d26e80789d13912bbbf0845c4e2c753c,1806.92,70.29,7.327383881,55000,55000
ec260000d26e80789d13912bbbf0845c4e2c753c,1824.06,70.83,7.411495668,54000,55000
ec260000d26e80789d13912bbbf0845c4e2c753c,1815.82,70.64,7.372234707,54000,54000
ec260000d26e80789d13912bbbf0845c4e2c753c,1825.41,71.13,7.386543503,55000,54000
ec260000d26e80789d13912bbbf0845c4e2c753c,1812.80,70.47,7.358899390,54000,55000
ec260000d26e80789d13912bbbf0845c4e2c753c,1783.20,69.04,7.254224656,55000,55000
ec260000d26e80789d13912bbbf0845c4e2c753c,1805.12,69.98,7.314132988,55000,55000
ec260000d26e80789d13912bbbf0845c4e2c753c,1820.91,70.58,7.374245926,54000,55000
ec260000d26e80789d13912bbbf0845c4e2c753c,1818.83,70.95,7.354234912,54000,55000
ec260000d26e80789d13912bbbf0845c4e2c753c,1807.38,70.19,7.314250494,54000,54000
ec260000d26e80789d13912bbbf0845c4e2c753c,1803.40,70.09,7.329481134,54000,54000
ec260000d26e80789d13912bbbf0845c4e2c753c,1797.82,70.04,7.283671048,54000,54000
ec260000d26e80789d13912bbbf0845c4e2c753c,1817.90,71.04,7.366952507,54000,54000
ec260000d26e80789d13912bbbf0845c4e2c753c,1803.41,70.03,7.322204494,54000,54000
ec260000d26e80789d13912bbbf0845c4e2c753c,1803.17,70.28,7.306880236,55000,55000
ec260000d26e80789d13912bbbf0845c4e2c753c,1788.96,69.55,7.261519878,54000,54000
ec260000d26e80789d13912bbbf0845c4e2c753c,1838.12,71.78,7.439372570,55000,54000
ec260000d26e80789d13912bbbf0845c4e2c753c,1825.23,71.30,7.397192143,54000,54000
ec260000d26e80789d13912bbbf0845c4e2c753c,1800.20,70.01,7.301214018,55000,54000
ec260000d26e80789d13912bbbf0845c4e2c753c,1795.51,69.88,7.295509464,54000,54000
ec260000d26e80789d13912bbbf0845c4e2c753c,1805.88,70.18,7.305704798,55000,55000
ec260000d26e80789d13912bbbf0845c4e2c753c,1811.20,70.64,7.339425659,55000,54000
ec260000d26e80789d13912bbbf0845c4e2c753c,1812.89,70.42,7.356435983,55000,54000
ec260000d26e80789d13912bbbf0845c4e2c753c,1805.45,70.05,7.327700330,55000,54000
ec260000d26e80789d13912bbbf0845c4e2c753c,1794.10,69.48,7.299711955,54000,55000
ec260000d26e80789d13912bbbf0845c4e2c753c,1797.80,69.83,7.301402089,54000,55000
29ceb2203b3bcae0817d035de77e14cda59d4e94,1794.25,70.22,7.338633075,54000,55000
29ceb2203b3bcae0817d035de77e14cda59d4e94,1799.08,70.13,7.306273957,55000,54000
29ceb2203b3bcae0817d035de77e14cda59d4e94,1810.23,70.48,7.338459380,55000,55000
29ceb2203b3bcae0817d035de77e14cda59d4e94,1824.43,71.25,7.368430296,55000,55000
29ceb2203b3bcae0817d035de77e14cda59d4e94,1818.97,70.93,7.353644082,54000,56000
29ceb2203b3bcae0817d035de77e14cda59d4e94,1803.26,69.78,7.328503534,55000,55000
29ceb2203b3bcae0817d035de77e14cda59d4e94,1816.81,70.63,7.364268362,54000,55000
29ceb2203b3bcae0817d035de77e14cda59d4e94,1786.06,69.18,7.242946945,54000,54000
29ceb2203b3bcae0817d035de77e14cda59d4e94,1793.97,69.53,7.283073536,56000,54000
29ceb2203b3bcae0817d035de77e14cda59d4e94,1812.25,70.49,7.354638640,54000,55000
29ceb2203b3bcae0817d035de77e14cda59d4e94,1819.55,70.76,7.365573632,54000,55000
29ceb2203b3bcae0817d035de77e14cda59d4e94,1801.37,69.91,7.318783735,56000,54000
29ceb2203b3bcae0817d035de77e14cda59d4e94,1833.56,71.44,7.447345119,54000,55000
29ceb2203b3bcae0817d035de77e14cda59d4e94,1822.16,70.99,7.369844235,55000,55000
29ceb2203b3bcae0817d035de77e14cda59d4e94,1795.38,69.93,7.276818945,55000,55000
29ceb2203b3bcae0817d035de77e14cda59d4e94,1831.05,71.31,7.423452205,55000,54000
29ceb2203b3bcae0817d035de77e14cda59d4e94,1826.19,70.80,7.414046537,54000,54000
29ceb2203b3bcae0817d035de77e14cda59d4e94,1807.69,69.93,7.340467792,54000,55000
29ceb2203b3bcae0817d035de77e14cda59d4e94,1800.73,69.94,7.288153401,54000,55000
29ceb2203b3bcae0817d035de77e14cda59d4e94,1846.81,72.24,7.474190291,55000,55000
29ceb2203b3bcae0817d035de77e14cda59d4e94,1818.34,70.82,7.370001206,54000,54000
29ceb2203b3bcae0817d035de77e14cda59d4e94,1798.39,69.90,7.294962543,54000,54000
29ceb2203b3bcae0817d035de77e14cda59d4e94,1805.69,70.16,7.325706691,54000,55000
29ceb2203b3bcae0817d035de77e14cda59d4e94,1802.03,70.05,7.303926843,54000,54000
29ceb2203b3bcae0817d035de77e14cda59d4e94,1800.94,70.22,7.280098704,55000,55000
29ceb2203b3bcae0817d035de77e14cda59d4e94,1800.88,70.17,7.306152655,54000,54000
29ceb2203b3bcae0817d035de77e14cda59d4e94,1814.76,70.48,7.366496463,55000,54000
29ceb2203b3bcae0817d035de77e14cda59d4e94,1811.42,70.19,7.344386308,54000,54000
29ceb2203b3bcae0817d035de77e14cda59d4e94,1800.71,69.73,7.301791973,54000,56000
29ceb2203b3bcae0817d035de77e14cda59d4e94,1796.97,69.90,7.283438145,55000,54000
bba9c6446bdea3dfc00ddc560e8fb692f1fce260,1820.90,70.65,7.392287597,54000,55000
bba9c6446bdea3dfc00ddc560e8fb692f1fce260,1831.28,71.00,7.440291934,55000,54000
bba9c6446bdea3dfc00ddc560e8fb692f1fce260,1813.46,70.34,7.344524669,54000,55000
bba9c6446bdea3dfc00ddc560e8fb692f1fce260,1792.81,69.45,7.272594431,55000,56000
bba9c6446bdea3dfc00ddc560e8fb692f1fce260,1801.41,70.02,7.302237241,54000,54000
bba9c6446bdea3dfc00ddc560e8fb692f1fce260,1796.89,69.65,7.283799006,54000,54000
bba9c6446bdea3dfc00ddc560e8fb692f1fce260,1820.36,70.76,7.381715057,54000,54000
bba9c6446bdea3dfc00ddc560e8fb692f1fce260,1787.87,69.17,7.252044819,54000,55000
bba9c6446bdea3dfc00ddc560e8fb692f1fce260,1801.94,69.82,7.304695274,55000,54000
bba9c6446bdea3dfc00ddc560e8fb692f1fce260,1785.71,69.14,7.242484544,55000,54000
bba9c6446bdea3dfc00ddc560e8fb692f1fce260,1807.81,70.15,7.337643401,55000,54000
bba9c6446bdea3dfc00ddc560e8fb692f1fce260,1828.14,70.96,7.418279123,55000,54000
bba9c6446bdea3dfc00ddc560e8fb692f1fce260,1810.68,70.26,7.351262946,55000,55000
bba9c6446bdea3dfc00ddc560e8fb692f1fce260,1802.89,69.91,7.305309045,55000,55000
bba9c6446bdea3dfc00ddc560e8fb692f1fce260,1807.62,70.16,7.342629850,54000,55000
bba9c6446bdea3dfc00ddc560e8fb692f1fce260,1824.92,70.98,7.406172194,55000,54000
bba9c6446bdea3dfc00ddc560e8fb692f1fce260,1792.96,69.17,7.294505809,54000,54000
bba9c6446bdea3dfc00ddc560e8fb692f1fce260,1821.68,70.99,7.369150787,55000,55000
bba9c6446bdea3dfc00ddc560e8fb692f1fce260,1802.38,70.00,7.306189777,55000,54000
bba9c6446bdea3dfc00ddc560e8fb692f1fce260,1819.74,70.43,7.402595320,55000,54000
bba9c6446bdea3dfc00ddc560e8fb692f1fce260,1798.84,69.92,7.297219956,54000,54000
bba9c6446bdea3dfc00ddc560e8fb692f1fce260,1797.15,69.79,7.283718597,55000,54000
bba9c6446bdea3dfc00ddc560e8fb692f1fce260,1818.26,70.51,7.376500789,55000,54000
bba9c6446bdea3dfc00ddc560e8fb692f1fce260,1808.42,70.25,7.353095532,55000,55000
bba9c6446bdea3dfc00ddc560e8fb692f1fce260,1792.53,69.79,7.276678819,55000,55000
bba9c6446bdea3dfc00ddc560e8fb692f1fce260,1799.21,70.22,7.288331685,56000,55000
bba9c6446bdea3dfc00ddc560e8fb692f1fce260,1792.09,69.96,7.276468164,54000,54000
bba9c6446bdea3dfc00ddc560e8fb692f1fce260,1856.91,72.36,7.541198829,54000,54000
bba9c6446bdea3dfc00ddc560e8fb692f1fce260,1820.75,70.92,7.399359700,55000,54000
bba9c6446bdea3dfc00ddc560e8fb692f1fce260,1820.80,70.73,7.387140755,54000,55000
6f3c94bd149b8fa3062bc359613784d27f0c533f,1807.37,70.15,7.384570856,54000,54000
6f3c94bd149b8fa3062bc359613784d27f0c533f,1798.56,70.06,7.288521073,55000,55000
6f3c94bd149b8fa3062bc359613784d27f0c533f,1812.63,70.56,7.329529303,55000,54000
6f3c94bd149b8fa3062bc359613784d27f0c533f,1831.36,71.15,7.423369810,54000,55000
6f3c94bd149b8fa3062bc359613784d27f0c533f,1802.07,70.11,7.284159337,54000,55000
6f3c94bd149b8fa3062bc359613784d27f0c533f,1780.07,69.13,7.225682072,55000,55000
6f3c94bd149b8fa3062bc359613784d27f0c533f,1821.39,70.86,7.378516598,54000,55000
6f3c94bd149b8fa3062bc359613784d27f0c533f,1801.19,70.10,7.291405991,56000,54000
6f3c94bd149b8fa3062bc359613784d27f0c533f,1850.93,71.85,7.507685878,55000,55000
6f3c94bd149b8fa3062bc359613784d27f0c533f,1810.87,70.29,7.324038105,55000,54000
6f3c94bd149b8fa3062bc359613784d27f0c533f,1823.54,70.95,7.383092149,54000,55000
6f3c94bd149b8fa3062bc359613784d27f0c533f,1796.86,69.85,7.279364664,55000,55000
6f3c94bd149b8fa3062bc359613784d27f0c533f,1831.29,71.47,7.422626405,55000,54000
6f3c94bd149b8fa3062bc359613784d27f0c533f,1788.10,69.34,7.247393672,54000,56000
6f3c94bd149b8fa3062bc359613784d27f0c533f,1793.35,69.54,7.269837541,55000,55000
6f3c94bd149b8fa3062bc359613784d27f0c533f,1841.41,71.73,7.451751982,54000,54000
6f3c94bd149b8fa3062bc359613784d27f0c533f,1819.95,71.45,7.355515518,54000,54000
6f3c94bd149b8fa3062bc359613784d27f0c533f,1813.61,70.94,7.336236159,54000,54000
6f3c94bd149b8fa3062bc359613784d27f0c533f,1819.72,70.95,7.367780793,54000,55000
6f3c94bd149b8fa3062bc359613784d27f0c533f,1814.03,70.46,7.344656995,54000,54000
6f3c94bd149b8fa3062bc359613784d27f0c533f,1840.97,71.58,7.474388795,54000,54000
6f3c94bd149b8fa3062bc359613784d27f0c533f,1814.22,70.54,7.347415398,54000,54000
6f3c94bd149b8fa3062bc359613784d27f0c533f,1813.81,70.53,7.347713478,55000,54000
6f3c94bd149b8fa3062bc359613784d27f0c533f,1828.24,71.17,7.416878443,54000,54000
6f3c94bd149b8fa3062bc359613784d27f0c533f,1808.23,70.13,7.338824619,54000,55000
6f3c94bd149b8fa3062bc359613784d27f0c533f,1787.98,69.92,7.240181936,54000,56000
6f3c94bd149b8fa3062bc359613784d27f0c533f,1790.14,69.30,7.272384244,55000,55000
6f3c94bd149b8fa3062bc359613784d27f0c533f,1823.72,70.79,7.395809234,54000,54000
6f3c94bd149b8fa3062bc359613784d27f0c533f,1821.54,70.66,7.394747107,54000,55000
6f3c94bd149b8fa3062bc359613784d27f0c533f,1805.10,70.30,7.310547645,56000,55000
7de066c906cb8c088cb0b5c69bdec427787b0968,1812.33,70.50,7.335217282,55000,54000
7de066c906cb8c088cb0b5c69bdec427787b0968,1820.95,70.81,7.374589041,55000,55000
7de066c906cb8c088cb0b5c69bdec427787b0968,1798.60,69.58,7.298492309,55000,55000
7de066c906cb8c088cb0b5c69bdec427787b0968,1824.92,70.73,7.410030168,54000,54000
7de066c906cb8c088cb0b5c69bdec427787b0968,1813.26,70.28,7.362777289,54000,54000
7de066c906cb8c088cb0b5c69bdec427787b0968,1826.72,71.26,7.384577822,54000,54000
7de066c906cb8c088cb0b5c69bdec427787b0968,1796.77,69.93,7.289081150,55000,54000
7de066c906cb8c088cb0b5c69bdec427787b0968,1809.99,70.28,7.327793274,54000,54000
7de066c906cb8c088cb0b5c69bdec427787b0968,1801.53,69.94,7.305934451,55000,54000
7de066c906cb8c088cb0b5c69bdec427787b0968,1810.87,70.23,7.325577415,56000,55000
7de066c906cb8c088cb0b5c69bdec427787b0968,1817.86,70.59,7.355533132,55000,54000
7de066c906cb8c088cb0b5c69bdec427787b0968,1849.36,72.14,7.482947256,54000,55000
7de066c906cb8c088cb0b5c69bdec427787b0968,1811.01,70.44,7.338412594,54000,55000
7de066c906cb8c088cb0b5c69bdec427787b0968,1796.22,69.64,7.278003135,54000,55000
7de066c906cb8c088cb0b5c69bdec427787b0968,1802.42,70.03,7.309025488,55000,54000
7de066c906cb8c088cb0b5c69bdec427787b0968,1801.93,70.16,7.311188535,55000,54000
7de066c906cb8c088cb0b5c69bdec427787b0968,1806.78,70.28,7.323197910,54000,55000
7de066c906cb8c088cb0b5c69bdec427787b0968,1826.12,71.64,7.365783664,55000,55000
7de066c906cb8c088cb0b5c69bdec427787b0968,1833.06,71.32,7.416755290,56000,55000
7de066c906cb8c088cb0b5c69bdec427787b0968,1807.10,70.18,7.323940608,55000,54000
7de066c906cb8c088cb0b5c69bdec427787b0968,1819.04,71.05,7.362325866,55000,56000
7de066c906cb8c088cb0b5c69bdec427787b0968,1815.09,70.79,7.337991327,54000,54000
7de066c906cb8c088cb0b5c69bdec427787b0968,1814.49,70.70,7.367953512,54000,54000
7de066c906cb8c088cb0b5c69bdec427787b0968,1810.01,70.37,7.341216217,55000,55000
7de066c906cb8c088cb0b5c69bdec427787b0968,1795.16,69.73,7.279617806,55000,55000
7de066c906cb8c088cb0b5c69bdec427787b0968,1803.87,70.21,7.305187529,55000,55000
7de066c906cb8c088cb0b5c69bdec427787b0968,1799.87,70.02,7.301965376,55000,55000
7de066c906cb8c088cb0b5c69bdec427787b0968,1836.70,71.59,7.444605280,55000,54000
7de066c906cb8c088cb0b5c69bdec427787b0968,1814.27,70.25,7.373575985,54000,54000
7de066c906cb8c088cb0b5c69bdec427787b0968,1797.90,69.67,7.288161784,55000,56000
a25ed08da4e6991c4f512ce208712c67b5160b27,1827.71,71.17,7.413456625,55000,55000
a25ed08da4e6991c4f512ce208712c67b5160b27,1802.97,70.06,7.300238036,55000,54000
a25ed08da4e6991c4f512ce208712c67b5160b27,1830.53,71.15,7.426382917,55000,54000
a25ed08da4e6991c4f512ce208712c67b5160b27,1823.26,70.79,7.391299197,54000,54000
a25ed08da4e6991c4f512ce208712c67b5160b27,1813.71,70.59,7.339831880,54000,54000
a25ed08da4e6991c4f512ce208712c67b5160b27,1798.40,70.20,7.272395710,54000,55000
a25ed08da4e6991c4f512ce208712c67b5160b27,1802.36,70.00,7.303067901,55000,54000
a25ed08da4e6991c4f512ce208712c67b5160b27,1824.85,70.70,7.395635408,54000,54000
a25ed08da4e6991c4f512ce208712c67b5160b27,1814.67,70.43,7.357013805,54000,55000
a25ed08da4e6991c4f512ce208712c67b5160b27,1811.96,70.49,7.333313424,56000,55000
a25ed08da4e6991c4f512ce208712c67b5160b27,1810.28,70.42,7.357895212,55000,54000
a25ed08da4e6991c4f512ce208712c67b5160b27,1803.37,70.14,7.304417485,55000,54000
a25ed08da4e6991c4f512ce208712c67b5160b27,1829.35,71.11,7.422902896,55000,55000
a25ed08da4e6991c4f512ce208712c67b5160b27,1807.96,70.27,7.327261734,54000,54000
a25ed08da4e6991c4f512ce208712c67b5160b27,1781.25,69.02,7.233214036,54000,55000
a25ed08da4e6991c4f512ce208712c67b5160b27,1800.62,70.04,7.304379369,55000,55000
a25ed08da4e6991c4f512ce208712c67b5160b27,1810.29,70.23,7.343781022,54000,54000
a25ed08da4e6991c4f512ce208712c67b5160b27,1817.61,71.09,7.359334755,54000,54000
a25ed08da4e6991c4f512ce208712c67b5160b27,1801.96,70.27,7.313457344,54000,54000
a25ed08da4e6991c4f512ce208712c67b5160b27,1802.68,69.90,7.323982577,55000,54000
a25ed08da4e6991c4f512ce208712c67b5160b27,1811.66,70.20,7.338591451,55000,55000
a25ed08da4e6991c4f512ce208712c67b5160b27,1817.00,70.56,7.361797567,54000,54000
a25ed08da4e6991c4f512ce208712c67b5160b27,1841.53,71.68,7.468493651,54000,54000
a25ed08da4e6991c4f512ce208712c67b5160b27,1810.51,70.64,7.317467498,54000,54000
a25ed08da4e6991c4f512ce208712c67b5160b27,1791.30,69.85,7.262835025,54000,54000
a25ed08da4e6991c4f512ce208712c67b5160b27,1826.82,71.21,7.399999567,55000,54000
a25ed08da4e6991c4f512ce208712c67b5160b27,1807.08,70.31,7.330425752,55000,55000
a25ed08da4e6991c4f512ce208712c67b5160b27,1790.14,69.43,7.268483653,54000,55000
a25ed08da4e6991c4f512ce208712c67b5160b27,1805.80,70.04,7.322775906,54000,54000
a25ed08da4e6991c4f512ce208712c67b5160b27,1813.43,70.74,7.338641238,55000,55000
0d9741cf552e324e015aa0146389352afa899f96,1820.27,71.01,7.421568738,55000,55000
0d9741cf552e324e015aa0146389352afa899f96,1798.21,69.88,7.286954807,54000,55000
0d9741cf552e324e015aa0146389352afa899f96,1799.32,69.82,7.284957104,55000,54000
0d9741cf552e324e015aa0146389352afa899f96,1797.17,70.04,7.261651557,55000,54000
0d9741cf552e324e015aa0146389352afa899f96,1795.95,69.65,7.286976110,54000,55000
0d9741cf552e324e015aa0146389352afa899f96,1814.43,70.70,7.345948107,54000,54000
0d9741cf552e324e015aa0146389352afa899f96,1805.67,70.12,7.330295774,55000,54000
0d9741cf552e324e015aa0146389352afa899f96,1822.21,71.02,7.365728862,55000,54000
0d9741cf552e324e015aa0146389352afa899f96,1849.81,72.28,7.491453283,56000,55000
0d9741cf552e324e015aa0146389352afa899f96,1806.14,70.04,7.324972911,56000,56000
0d9741cf552e324e015aa0146389352afa899f96,1830.33,71.04,7.420991273,54000,54000
0d9741cf552e324e015aa0146389352afa899f96,1805.21,70.21,7.304876020,55000,55000
0d9741cf552e324e015aa0146389352afa899f96,1805.79,70.51,7.317189664,55000,54000
0d9741cf552e324e015aa0146389352afa899f96,1824.69,71.32,7.391186692,54000,55000
0d9741cf552e324e015aa0146389352afa899f96,1810.91,70.44,7.321797958,54000,54000
0d9741cf552e324e015aa0146389352afa899f96,1817.44,71.03,7.341658166,55000,55000
0d9741cf552e324e015aa0146389352afa899f96,1800.04,69.93,7.283880746,56000,54000
0d9741cf552e324e015aa0146389352afa899f96,1832.71,71.25,7.437560323,54000,55000
0d9741cf552e324e015aa0146389352afa899f96,1783.80,69.34,7.243886294,54000,54000
0d9741cf552e324e015aa0146389352afa899f96,1803.55,70.40,7.308780508,55000,54000
0d9741cf552e324e015aa0146389352afa899f96,1791.68,69.63,7.278560167,54000,54000
0d9741cf552e324e015aa0146389352afa899f96,1843.24,71.96,7.473399174,54000,54000
0d9741cf552e324e015aa0146389352afa899f96,1800.18,70.11,7.315483666,54000,54000
0d9741cf552e324e015aa0146389352afa899f96,1792.73,69.85,7.268213837,55000,54000
0d9741cf552e324e015aa0146389352afa899f96,1808.98,70.54,7.316779790,54000,54000
0d9741cf552e324e015aa0146389352afa899f96,1828.54,71.14,7.401357976,54000,55000
0d9741cf552e324e015aa0146389352afa899f96,1819.56,70.99,7.379745441,55000,54000
0d9741cf552e324e015aa0146389352afa899f96,1800.51,69.78,7.305185371,54000,55000
0d9741cf552e324e015aa0146389352afa899f96,1795.97,69.66,7.293425286,54000,54000
0d9741cf552e324e015aa0146389352afa899f96,1812.96,70.40,7.351347532,55000,55000
9c861cd61afafd4da01a5a452205bf20d8ce5b44,1795.07,69.73,7.280215450,54000,55000
9c861cd61afafd4da01a5a452205bf20d8ce5b44,1805.79,70.22,7.319152893,54000,54000
9c861cd61afafd4da01a5a452205bf20d8ce5b44,1805.32,70.19,7.310511089,54000,54000
9c861cd61afafd4da01a5a452205bf20d8ce5b44,1801.52,70.15,7.306217286,56000,54000
9c861cd61afafd4da01a5a452205bf20d8ce5b44,1818.39,70.49,7.372955911,55000,55000
9c861cd61afafd4da01a5a452205bf20d8ce5b44,1832.80,71.21,7.424292527,55000,55000
9c861cd61afafd4da01a5a452205bf20d8ce5b44,1841.43,72.06,7.459194418,55000,55000
9c861cd61afafd4da01a5a452205bf20d8ce5b44,1836.62,71.32,7.453127302,56000,55000
9c861cd61afafd4da01a5a452205bf20d8ce5b44,1792.84,69.66,7.266370878,55000,54000
9c861cd61afafd4da01a5a452205bf20d8ce5b44,1803.18,70.07,7.315706005,55000,55000
9c861cd61afafd4da01a5a452205bf20d8ce5b44,1819.54,70.99,7.375346866,55000,55000
9c861cd61afafd4da01a5a452205bf20d8ce5b44,1827.48,71.25,7.386238506,54000,55000
9c861cd61afafd4da01a5a452205bf20d8ce5b44,1790.86,69.44,7.271807120,56000,56000
9c861cd61afafd4da01a5a452205bf20d8ce5b44,1802.45,69.97,7.311207775,55000,55000
9c861cd61afafd4da01a5a452205bf20d8ce5b44,1835.90,71.54,7.431745591,54000,55000
9c861cd61afafd4da01a5a452205bf20d8ce5b44,1808.38,70.34,7.344382810,55000,56000
9c861cd61afafd4da01a5a452205bf20d8ce5b44,1810.29,70.28,7.341288136,54000,55000
9c861cd61afafd4da01a5a452205bf20d8ce5b44,1797.57,70.03,7.288735540,55000,55000
9c861cd61afafd4da01a5a452205bf20d8ce5b44,1823.04,70.98,7.394141013,54000,55000
9c861cd61afafd4da01a5a452205bf20d8ce5b44,1797.31,70.40,7.283219909,54000,55000
9c861cd61afafd4da01a5a452205bf20d8ce5b44,1811.02,70.30,7.333619306,55000,55000
9c861cd61afafd4da01a5a452205bf20d8ce5b44,1795.00,69.60,7.283691167,55000,54000
9c861cd61afafd4da01a5a452205bf20d8ce5b44,1784.12,69.24,7.234651231,54000,56000
9c861cd61afafd4da01a5a452205bf20d8ce5b44,1823.92,70.90,7.391906643,56000,55000
9c861cd61afafd4da01a5a452205bf20d8ce5b44,1802.95,69.93,7.326352390,55000,55000
9c861cd61afafd4da01a5a452205bf20d8ce5b44,1821.94,70.94,7.377992176,56000,55000
9c861cd61afafd4da01a5a452205bf20d8ce5b44,1803.96,70.07,7.314154435,55000,55000
9c861cd61afafd4da01a5a452205bf20d8ce5b44,1828.33,71.16,7.413096431,55000,54000
9c861cd61afafd4da01a5a452205bf20d8ce5b44,1807.27,70.42,7.329337823,56000,54000
9c861cd61afafd4da01a5a452205bf20d8ce5b44,1816.23,71.02,7.358881295,55000,54000
1c0dbc010c793a1bc71c2776e96ddac9bcf1333c,1816.44,70.89,7.351866661,54000,54000
1c0dbc010c793a1bc71c2776e96ddac9bcf1333c,1832.97,71.03,7.441232134,54000,56000
1c0dbc010c793a1bc71c2776e96ddac9bcf1333c,1819.11,70.68,7.367032698,55000,54000
1c0dbc010c793a1bc71c2776e96ddac9bcf1333c,1856.41,72.14,7.539472884,55000,54000
1c0dbc010c793a1bc71c2776e96ddac9bcf1333c,1809.96,70.18,7.347019496,54000,55000
1c0dbc010c793a1bc71c2776e96ddac9bcf1333c,1805.77,69.86,7.320064836,55000,54000
1c0dbc010c793a1bc71c2776e96ddac9bcf1333c,1811.91,70.50,7.340545244,54000,55000
1c0dbc010c793a1bc71c2776e96ddac9bcf1333c,1828.98,71.18,7.411600840,54000,55000
1c0dbc010c793a1bc71c2776e96ddac9bcf1333c,1831.98,71.59,7.411067618,55000,54000
1c0dbc010c793a1bc71c2776e96ddac9bcf1333c,1807.11,70.14,7.331629950,54000,56000
1c0dbc010c793a1bc71c2776e96ddac9bcf1333c,1810.91,70.62,7.339952116,54000,55000
1c0dbc010c793a1bc71c2776e96ddac9bcf1333c,1835.49,71.78,7.438766476,55000,55000
1c0dbc010c793a1bc71c2776e96ddac9bcf1333c,1846.12,71.77,7.491916637,55000,56000
1c0dbc010c793a1bc71c2776e96ddac9bcf1333c,1810.31,70.46,7.335530311,55000,55000
1c0dbc010c793a1bc71c2776e96ddac9bcf1333c,1811.86,70.58,7.330474796,55000,55000
1c0dbc010c793a1bc71c2776e96ddac9bcf1333c,1797.74,69.91,7.291612109,55000,55000
1c0dbc010c793a1bc71c2776e96ddac9bcf1333c,1801.00,70.16,7.302119307,55000,55000
1c0dbc010c793a1bc71c2776e96ddac9bcf1333c,1806.93,70.05,7.331814031,55000,55000
1c0dbc010c793a1bc71c2776e96ddac9bcf1333c,1812.00,70.48,7.362250489,54000,55000
1c0dbc010c793a1bc71c2776e96ddac9bcf1333c,1795.37,69.82,7.288299781,55000,54000
1c0dbc010c793a1bc71c2776e96ddac9bcf1333c,1839.78,71.57,7.458348358,55000,56000
1c0dbc010c793a1bc71c2776e96ddac9bcf1333c,1802.74,69.97,7.309278662,55000,54000
1c0dbc010c793a1bc71c2776e96ddac9bcf1333c,1805.82,70.26,7.317939441,56000,55000
1c0dbc010c793a1bc71c2776e96ddac9bcf1333c,1821.48,70.53,7.395638621,56000,54000
1c0dbc010c793a1bc71c2776e96ddac9bcf1333c,1819.66,71.21,7.349942830,56000,56000
1c0dbc010c793a1bc71c2776e96ddac9bcf1333c,1830.41,71.26,7.410026651,55000,54000
1c0dbc010c793a1bc71c2776e96ddac9bcf1333c,1810.88,70.28,7.322751066,54000,55000
1c0dbc010c793a1bc71c2776e96ddac9bcf1333c,1824.51,71.01,7.378635613,54000,55000
1c0dbc010c793a1bc71c2776e96ddac9bcf1333c,1801.50,69.76,7.296927398,55000,55000
1c0dbc010c793a1bc71c2776e96ddac9bcf1333c,1803.49,70.28,7.312210019,54000,54000
0b5ff74da0223f36df750fbd6d036f677da234d6,1785.70,69.89,7.293416452,55000,56000
0b5ff74da0223f36df750fbd6d036f677da234d6,1795.37,69.66,7.280295599,54000,55000
0b5ff74da0223f36df750fbd6d036f677da234d6,1816.53,70.71,7.352792711,54000,55000
0b5ff74da0223f36df750fbd6d036f677da234d6,1832.88,71.23,7.428950993,54000,55000
0b5ff74da0223f36df750fbd6d036f677da234d6,1809.56,70.40,7.338561101,54000,55000
0b5ff74da0223f36df750fbd6d036f677da234d6,1789.50,69.37,7.265279900,55000,55000
0b5ff74da0223f36df750fbd6d036f677da234d6,1827.17,71.52,7.388300842,54000,55000
0b5ff74da0223f36df750fbd6d036f677da234d6,1811.65,70.40,7.335276982,55000,55000
0b5ff74da0223f36df750fbd6d036f677da234d6,1833.53,71.29,7.435301067,55000,55000
0b5ff74da0223f36df750fbd6d036f677da234d6,1821.24,71.04,7.366321266,54000,54000
0b5ff74da0223f36df750fbd6d036f677da234d6,1804.55,70.30,7.311909650,56000,56000
0b5ff74da0223f36df750fbd6d036f677da234d6,1791.18,69.42,7.265698504,54000,55000
0b5ff74da0223f36df750fbd6d036f677da234d6,1785.65,69.07,7.261845980,55000,55000
0b5ff74da0223f36df750fbd6d036f677da234d6,1804.15,70.07,7.319049063,55000,55000
0b5ff74da0223f36df750fbd6d036f677da234d6,1809.40,70.67,7.331573927,54000,54000
0b5ff74da0223f36df750fbd6d036f677da234d6,1821.92,70.90,7.376440556,55000,55000
0b5ff74da0223f36df750fbd6d036f677da234d6,1837.10,71.63,7.444439672,55000,54000
0b5ff74da0223f36df750fbd6d036f677da234d6,1785.38,69.14,7.249250477,55000,54000
0b5ff74da0223f36df750fbd6d036f677da234d6,1792.77,69.81,7.275041605,55000,54000
0b5ff74da0223f36df750fbd6d036f677da234d6,1815.23,70.92,7.335174896,54000,55000
0b5ff74da0223f36df750fbd6d036f677da234d6,1793.74,69.66,7.277422486,54000,55000
0b5ff74da0223f36df750fbd6d036f677da234d6,1798.07,69.64,7.290502396,56000,55000
0b5ff74da0223f36df750fbd6d036f677da234d6,1809.67,70.54,7.320611405,55000,56000
0b5ff74da0223f36df750fbd6d036f677da234d6,1813.37,70.47,7.348514350,55000,55000
0b5ff74da0223f36df750fbd6d036f677da234d6,1827.57,71.45,7.385227685,55000,56000
0b5ff74da0223f36df750fbd6d036f677da234d6,1815.10,70.53,7.366167786,55000,55000
0b5ff74da0223f36df750fbd6d036f677da234d6,1793.83,69.65,7.258069965,55000,56000
0b5ff74da0223f36df750fbd6d036f677da234d6,1810.68,70.38,7.335760590,54000,54000
0b5ff74da0223f36df750fbd6d036f677da234d6,1814.09,70.70,7.341548602,54000,54000
0b5ff74da0223f36df750fbd6d036f677da234d6,1789.07,69.54,7.257551378,55000,55000
9ca9aa3732ba7356ba4406d16a92a41df79163b6,1838.08,71.53,7.432853424,54000,55000
9ca9aa3732ba7356ba4406d16a92a41df79163b6,1819.77,70.44,7.380914653,55000,55000
9ca9aa3732ba7356ba4406d16a92a41df79163b6,1800.70,70.16,7.296214629,54000,54000
9ca9aa3732ba7356ba4406d16a92a41df79163b6,1830.71,71.30,7.416547814,54000,55000
9ca9aa3732ba7356ba4406d16a92a41df79163b6,1838.21,71.37,7.442567687,56000,55000
9ca9aa3732ba7356ba4406d16a92a41df79163b6,1825.99,70.93,7.409846623,54000,56000
9ca9aa3732ba7356ba4406d16a92a41df79163b6,1822.37,71.05,7.382149304,55000,55000
9ca9aa3732ba7356ba4406d16a92a41df79163b6,1808.18,70.29,7.319882720,55000,55000
9ca9aa3732ba7356ba4406d16a92a41df79163b6,1810.32,70.35,7.324103063,54000,54000
9ca9aa3732ba7356ba4406d16a92a41df79163b6,1830.98,71.27,7.413637722,55000,55000
9ca9aa3732ba7356ba4406d16a92a41df79163b6,1779.26,68.83,7.221881217,54000,56000
9ca9aa3732ba7356ba4406d16a92a41df79163b6,1804.80,70.03,7.328348695,55000,55000
9ca9aa3732ba7356ba4406d16a92a41df79163b6,1803.37,70.31,7.297497829,55000,54000
9ca9aa3732ba7356ba4406d16a92a41df79163b6,1819.92,70.85,7.357789542,55000,55000
9ca9aa3732ba7356ba4406d16a92a41df79163b6,1780.20,69.16,7.239975409,55000,55000
9ca9aa3732ba7356ba4406d16a92a41df79163b6,1822.00,70.88,7.391009112,56000,55000
9ca9aa3732ba7356ba4406d16a92a41df79163b6,1819.12,70.65,7.394803527,54000,54000
9ca9aa3732ba7356ba4406d16a92a41df79163b6,1789.08,69.70,7.269069842,55000,55000
9ca9aa3732ba7356ba4406d16a92a41df79163b6,1819.68,71.03,7.361546914,55000,55000
9ca9aa3732ba7356ba4406d16a92a41df79163b6,1815.92,70.31,7.376870272,54000,55000
9ca9aa3732ba7356ba4406d16a92a41df79163b6,1800.34,70.23,7.308583277,55000,55000
9ca9aa3732ba7356ba4406d16a92a41df79163b6,1796.50,69.92,7.294312969,54000,55000
9ca9aa3732ba7356ba4406d16a92a41df79163b6,1810.95,70.50,7.339054307,55000,55000
9ca9aa3732ba7356ba4406d16a92a41df79163b6,1798.37,69.96,7.283615653,56000,55000
9ca9aa3732ba7356ba4406d16a92a41df79163b6,1812.26,70.46,7.338260502,55000,55000
9ca9aa3732ba7356ba4406d16a92a41df79163b6,1824.97,71.06,7.385939677,55000,56000
9ca9aa3732ba7356ba4406d16a92a41df79163b6,1817.18,70.58,7.383872998,54000,55000
9ca9aa3732ba7356ba4406d16a92a41df79163b6,1798.73,69.71,7.314382787,55000,54000
9ca9aa3732ba7356ba4406d16a92a41df79163b6,1835.21,71.55,7.443344519,55000,54000
9ca9aa3732ba7356ba4406d16a92a41df79163b6,1814.92,70.82,7.345056856,55000,55000
50a6f8d6a9d9b53333480e6aaf59f480a7b26632,1793.57,70.17,7.324920365,55000,56000
50a6f8d6a9d9b53333480e6aaf59f480a7b26632,1817.92,70.85,7.353493192,55000,55000
50a6f8d6a9d9b53333480e6aaf59f480a7b26632,1795.43,69.89,7.284567573,55000,55000
50a6f8d6a9d9b53333480e6aaf59f480a7b26632,1811.13,70.46,7.344961102,54000,54000
50a6f8d6a9d9b53333480e6aaf59f480a7b26632,1819.11,70.74,7.363574242,55000,54000
50a6f8d6a9d9b53333480e6aaf59f480a7b26632,1794.36,69.49,7.290492452,54000,54000
50a6f8d6a9d9b53333480e6aaf59f480a7b26632,1810.04,70.70,7.326117284,55000,54000
50a6f8d6a9d9b53333480e6aaf59f480a7b26632,1814.81,70.58,7.362093058,55000,55000
50a6f8d6a9d9b53333480e6aaf59f480a7b26632,1798.51,69.68,7.288143187,54000,54000
50a6f8d6a9d9b53333480e6aaf59f480a7b26632,1830.60,71.40,7.413677856,54000,54000
50a6f8d6a9d9b53333480e6aaf59f480a7b26632,1808.66,70.24,7.332167607,55000,54000
50a6f8d6a9d9b53333480e6aaf59f480a7b26632,1820.10,71.11,7.342343896,56000,55000
50a6f8d6a9d9b53333480e6aaf59f480a7b26632,1807.59,70.28,7.319471842,55000,54000
50a6f8d6a9d9b53333480e6aaf59f480a7b26632,1785.00,69.19,7.244632592,55000,55000
50a6f8d6a9d9b53333480e6aaf59f480a7b26632,1828.83,71.44,7.397140901,55000,55000
50a6f8d6a9d9b53333480e6aaf59f480a7b26632,1808.87,70.41,7.322814790,55000,55000
50a6f8d6a9d9b53333480e6aaf59f480a7b26632,1797.85,70.03,7.282444598,55000,55000
50a6f8d6a9d9b53333480e6aaf59f480a7b26632,1844.67,71.77,7.489681348,55000,56000
50a6f8d6a9d9b53333480e6aaf59f480a7b26632,1782.76,69.26,7.233231732,56000,56000
50a6f8d6a9d9b53333480e6aaf59f480a7b26632,1803.64,70.38,7.296159253,55000,55000
50a6f8d6a9d9b53333480e6aaf59f480a7b26632,1829.66,71.65,7.402703130,56000,56000
50a6f8d6a9d9b53333480e6aaf59f480a7b26632,1820.81,70.91,7.357166516,54000,55000
50a6f8d6a9d9b53333480e6aaf59f480a7b26632,1809.47,70.55,7.329628655,56000,56000
50a6f8d6a9d9b53333480e6aaf59f480a7b26632,1801.86,70.00,7.313990619,56000,55000
50a6f8d6a9d9b53333480e6aaf59f480a7b26632,1810.90,70.65,7.326580679,56000,56000
50a6f8d6a9d9b53333480e6aaf59f480a7b26632,1811.98,70.26,7.360314081,55000,56000
50a6f8d6a9d9b53333480e6aaf59f480a7b26632,1805.05,70.28,7.308455669,55000,55000
50a6f8d6a9d9b53333480e6aaf59f480a7b26632,1833.57,71.31,7.435423576,54000,54000
50a6f8d6a9d9b53333480e6aaf59f480a7b26632,1819.13,70.98,7.368064950,55000,54000
50a6f8d6a9d9b53333480e6aaf59f480a7b26632,1795.63,69.69,7.296230022,54000,56000
16f05a9282a18b521ea4715839ad6e2ccb0ddf54,1780.23,68.98,7.219070685,54000,55000
16f05a9282a18b521ea4715839ad6e2ccb0ddf54,1802.93,70.19,7.296839566,54000,54000
16f05a9282a18b521ea4715839ad6e2ccb0ddf54,1803.16,70.32,7.292254975,54000,54000
16f05a9282a18b521ea4715839ad6e2ccb0ddf54,1797.74,69.78,7.276235628,55000,55000
16f05a9282a18b521ea4715839ad6e2ccb0ddf54,1797.35,69.94,7.274283140,55000,54000
16f05a9282a18b521ea4715839ad6e2ccb0ddf54,1816.84,70.35,7.356437916,54000,54000
16f05a9282a18b521ea4715839ad6e2ccb0ddf54,1854.35,71.98,7.535032709,55000,56000
16f05a9282a18b521ea4715839ad6e2ccb0ddf54,1813.75,70.67,7.330096303,54000,56000
16f05a9282a18b521ea4715839ad6e2ccb0ddf54,1801.85,70.07,7.288963684,55000,56000
16f05a9282a18b521ea4715839ad6e2ccb0ddf54,1815.51,70.55,7.348143067,55000,55000
16f05a9282a18b521ea4715839ad6e2ccb0ddf54,1799.56,70.17,7.291846566,55000,55000
16f05a9282a18b521ea4715839ad6e2ccb0ddf54,1804.68,70.23,7.296174385,55000,56000
16f05a9282a18b521ea4715839ad6e2ccb0ddf54,1801.29,69.81,7.298225183,55000,55000
16f05a9282a18b521ea4715839ad6e2ccb0ddf54,1824.91,71.19,7.380139349,55000,54000
16f05a9282a18b521ea4715839ad6e2ccb0ddf54,1807.30,70.09,7.342030875,55000,55000
16f05a9282a18b521ea4715839ad6e2ccb0ddf54,1834.16,71.45,7.423758095,55000,55000
16f05a9282a18b521ea4715839ad6e2ccb0ddf54,1808.74,70.16,7.337819772,54000,56000
16f05a9282a18b521ea4715839ad6e2ccb0ddf54,1795.90,69.83,7.287341964,54000,55000
16f05a9282a18b521ea4715839ad6e2ccb0ddf54,1820.72,70.90,7.356271898,55000,56000
16f05a9282a18b521ea4715839ad6e2ccb0ddf54,1787.33,69.22,7.265292808,55000,55000
16f05a9282a18b521ea4715839ad6e2ccb0ddf54,1807.32,69.81,7.344418676,55000,55000
16f05a9282a18b521ea4715839ad6e2ccb0ddf54,1812.57,70.13,7.357469090,54000,56000
16f05a9282a18b521ea4715839ad6e2ccb0ddf54,1816.17,70.53,7.373274151,55000,56000
16f05a9282a18b521ea4715839ad6e2ccb0ddf54,1804.66,70.38,7.303448746,54000,55000
16f05a9282a18b521ea4715839ad6e2ccb0ddf54,1819.10,70.86,7.357164423,55000,56000
16f05a9282a18b521ea4715839ad6e2ccb0ddf54,1867.08,72.48,7.556459336,55000,55000
16f05a9282a18b521ea4715839ad6e2ccb0ddf54,1805.43,69.79,7.321838411,55000,55000
16f05a9282a18b521ea4715839ad6e2ccb0ddf54,1808.46,70.40,7.336657319,55000,56000
16f05a9282a18b521ea4715839ad6e2ccb0ddf54,1804.48,70.29,7.314415169,56000,55000
16f05a9282a18b521ea4715839ad6e2ccb0ddf54,1809.68,70.23,7.332048911,54000,55000
385f462f1ba602a222507807cb18d8ac87c36c48,1798.52,70.24,7.347208181,56000,56000
385f462f1ba602a222507807cb18d8ac87c36c48,1820.31,70.96,7.397961623,55000,54000
385f462f1ba602a222507807cb18d8ac87c36c48,1799.40,69.71,7.287199819,54000,54000
385f462f1ba602a222507807cb18d8ac87c36c48,1821.42,70.71,7.377041819,54000,54000
385f462f1ba602a222507807cb18d8ac87c36c48,1836.78,71.41,7.456314341,54000,54000
385f462f1ba602a222507807cb18d8ac87c36c48,1803.21,70.19,7.323190545,54000,54000
385f462f1ba602a222507807cb18d8ac87c36c48,1823.42,71.21,7.377656327,55000,55000
385f462f1ba602a222507807cb18d8ac87c36c48,1843.24,71.81,7.467624143,55000,54000
385f462f1ba602a222507807cb18d8ac87c36c48,1840.22,71.68,7.465370085,55000,55000
385f462f1ba602a222507807cb18d8ac87c36c48,1829.01,70.79,7.415379106,55000,55000
385f462f1ba602a222507807cb18d8ac87c36c48,1807.03,70.38,7.323574665,55000,55000
385f462f1ba602a222507807cb18d8ac87c36c48,1811.95,70.19,7.338478147,55000,54000
385f462f1ba602a222507807cb18d8ac87c36c48,1817.85,70.55,7.373295384,54000,55000
385f462f1ba602a222507807cb18d8ac87c36c48,1826.13,71.24,7.385190919,56000,56000
385f462f1ba602a222507807cb18d8ac87c36c48,1799.79,69.78,7.311849976,55000,54000
385f462f1ba602a222507807cb18d8ac87c36c48,1820.85,70.45,7.383718162,55000,55000
385f462f1ba602a222507807cb18d8ac87c36c48,1803.13,70.10,7.314761758,54000,54000
385f462f1ba602a222507807cb18d8ac87c36c48,1800.64,70.24,7.302291083,54000,54000
385f462f1ba602a222507807cb18d8ac87c36c48,1816.32,70.52,7.369922664,55000,54000
385f462f1ba602a222507807cb18d8ac87c36c48,1819.13,70.60,7.380761296,55000,55000
385f462f1ba602a222507807cb18d8ac87c36c48,1812.42,70.82,7.325382954,55000,55000
385f462f1ba602a222507807cb18d8ac87c36c48,1838.65,71.49,7.460860141,54000,55000
385f462f1ba602a222507807cb18d8ac87c36c48,1826.82,71.24,7.390715322,55000,54000
385f462f1ba602a222507807cb18d8ac87c36c48,1829.47,71.46,7.413063959,55000,55000
385f462f1ba602a222507807cb18d8ac87c36c48,1814.02,70.62,7.360360335,55000,54000
385f462f1ba602a222507807cb18d8ac87c36c48,1822.33,70.88,7.402122629,55000,56000
385f462f1ba602a222507807cb18d8ac87c36c48,1816.06,70.46,7.364183177,56000,55000
385f462f1ba602a222507807cb18d8ac87c36c48,1824.49,70.88,7.376437691,56000,55000
385f462f1ba602a222507807cb18d8ac87c36c48,1812.48,70.49,7.350226357,54000,54000
385f462f1ba602a222507807cb18d8ac87c36c48,1806.07,70.05,7.338443443,55000,55000
4e055187e4d3ecbb71ffca0588ca7cd3ae11a2ef,1809.54,70.59,7.366496937,55000,56000
4e055187e4d3ecbb71ffca0588ca7cd3ae11a2ef,1809.52,70.54,7.370182513,54000,56000
4e055187e4d3ecbb71ffca0588ca7cd3ae11a2ef,1811.87,70.55,7.348119830,54000,54000
4e055187e4d3ecbb71ffca0588ca7cd3ae11a2ef,1819.46,70.96,7.383165510,55000,54000
4e055187e4d3ecbb71ffca0588ca7cd3ae11a2ef,1820.26,70.87,7.371349788,56000,55000
4e055187e4d3ecbb71ffca0588ca7cd3ae11a2ef,1826.66,71.18,7.394172495,56000,54000
4e055187e4d3ecbb71ffca0588ca7cd3ae11a2ef,1818.80,70.63,7.370894018,55000,54000
4e055187e4d3ecbb71ffca0588ca7cd3ae11a2ef,1866.24,72.31,7.570990847,54000,54000
4e055187e4d3ecbb71ffca0588ca7cd3ae11a2ef,1809.51,70.08,7.342980667,55000,55000
4e055187e4d3ecbb71ffca0588ca7cd3ae11a2ef,1845.16,71.77,7.475208006,55000,55000
4e055187e4d3ecbb71ffca0588ca7cd3ae11a2ef,1792.41,69.85,7.256039081,55000,54000
4e055187e4d3ecbb71ffca0588ca7cd3ae11a2ef,1819.21,70.38,7.395598991,55000,55000
4e055187e4d3ecbb71ffca0588ca7cd3ae11a2ef,1801.38,70.15,7.300550794,54000,55000
4e055187e4d3ecbb71ffca0588ca7cd3ae11a2ef,1839.56,71.57,7.451752206,55000,55000
4e055187e4d3ecbb71ffca0588ca7cd3ae11a2ef,1792.57,69.68,7.282125184,54000,55000
4e055187e4d3ecbb71ffca0588ca7cd3ae11a2ef,1838.54,71.78,7.456950394,54000,56000
4e055187e4d3ecbb71ffca0588ca7cd3ae11a2ef,1822.24,71.10,7.382747208,55000,55000
4e055187e4d3ecbb71ffca0588ca7cd3ae11a2ef,1810.26,70.70,7.347208047,55000,55000
4e055187e4d3ecbb71ffca0588ca7cd3ae11a2ef,1826.34,70.94,7.421235086,55000,54000
4e055187e4d3ecbb71ffca0588ca7cd3ae11a2ef,1836.29,71.52,7.443965986,54000,54000
4e055187e4d3ecbb71ffca0588ca7cd3ae11a2ef,1828.86,71.20,7.424288338,56000,55000
4e055187e4d3ecbb71ffca0588ca7cd3ae11a2ef,1805.08,70.04,7.322995819,55000,56000
4e055187e4d3ecbb71ffca0588ca7cd3ae11a2ef,1812.48,70.22,7.367254277,56000,55000
4e055187e4d3ecbb71ffca0588ca7cd3ae11a2ef,1817.95,70.36,7.375708411,54000,55000
4e055187e4d3ecbb71ffca0588ca7cd3ae11a2ef,1848.47,71.94,7.485533290,55000,55000
4e055187e4d3ecbb71ffca0588ca7cd3ae11a2ef,1810.95,70.53,7.335492538,56000,56000
4e055187e4d3ecbb71ffca0588ca7cd3ae11a2ef,1847.62,71.99,7.485739709,56000,55000
4e055187e4d3ecbb71ffca0588ca7cd3ae11a2ef,1835.86,71.36,7.449509811,54000,55000
4e055187e4d3ecbb71ffca0588ca7cd3ae11a2ef,1823.40,71.19,7.403205415,54000,55000
4e055187e4d3ecbb71ffca0588ca7cd3ae11a2ef,1807.36,70.21,7.329082851,55000,55000
13e885041a25e81bb3d8a2106bf5a3a31712c7dc,1793.49,69.69,7.277313868,55000,54000
13e885041a25e81bb3d8a2106bf5a3a31712c7dc,1817.47,70.58,7.372762683,54000,54000
13e885041a25e81bb3d8a2106bf5a3a31712c7dc,1799.27,69.87,7.291075770,54000,53000
13e885041a25e81bb3d8a2106bf5a3a31712c7dc,1831.31,71.47,7.423198618,55000,54000
13e885041a25e81bb3d8a2106bf5a3a31712c7dc,1794.31,69.78,7.286128311,54000,54000
13e885041a25e81bb3d8a2106bf5a3a31712c7dc,1842.75,71.90,7.477301485,54000,54000
13e885041a25e81bb3d8a2106bf5a3a31712c7dc,1826.86,70.96,7.412361138,55000,55000
13e885041a25e81bb3d8a2106bf5a3a31712c7dc,1826.06,70.87,7.421035394,56000,56000
13e885041a25e81bb3d8a2106bf5a3a31712c7dc,1841.41,71.60,7.455625897,54000,54000
13e885041a25e81bb3d8a2106bf5a3a31712c7dc,1841.44,71.62,7.447012805,55000,54000
13e885041a25e81bb3d8a2106bf5a3a31712c7dc,1824.22,70.76,7.397710624,54000,55000
13e885041a25e81bb3d8a2106bf5a3a31712c7dc,1821.26,70.86,7.399336071,55000,55000
13e885041a25e81bb3d8a2106bf5a3a31712c7dc,1842.61,72.13,7.449195935,54000,55000
13e885041a25e81bb3d8a2106bf5a3a31712c7dc,1801.44,70.01,7.320056372,55000,56000
13e885041a25e81bb3d8a2106bf5a3a31712c7dc,1825.90,70.97,7.398521951,55000,55000
13e885041a25e81bb3d8a2106bf5a3a31712c7dc,1834.67,71.56,7.435766538,54000,54000
13e885041a25e81bb3d8a2106bf5a3a31712c7dc,1796.31,69.57,7.289494259,55000,55000
13e885041a25e81bb3d8a2106bf5a3a31712c7dc,1825.29,71.26,7.410158150,55000,56000
13e885041a25e81bb3d8a2106bf5a3a31712c7dc,1844.39,71.91,7.474565635,55000,54000
13e885041a25e81bb3d8a2106bf5a3a31712c7dc,1811.62,70.49,7.341199142,55000,54000
13e885041a25e81bb3d8a2106bf5a3a31712c7dc,1796.36,69.81,7.291771550,55000,56000
13e885041a25e81bb3d8a2106bf5a3a31712c7dc,1805.64,70.27,7.335536507,55000,54000
13e885041a25e81bb3d8a2106bf5a3a31712c7dc,1850.95,72.26,7.501457749,54000,54000
13e885041a25e81bb3d8a2106bf5a3a31712c7dc,1815.18,70.48,7.362927055,55000,55000
13e885041a25e81bb3d8a2106bf5a3a31712c7dc,1813.04,70.65,7.343749179,54000,56000
13e885041a25e81bb3d8a2106bf5a3a31712c7dc,1796.02,69.53,7.303455238,56000,56000
13e885041a25e81bb3d8a2106bf5a3a31712c7dc,1820.90,71.12,7.369124815,55000,55000
13e885041a25e81bb3d8a2106bf5a3a31712c7dc,1815.79,70.65,7.354241765,55000,55000
13e885041a25e81bb3d8a2106bf5a3a31712c7dc,1808.67,70.17,7.322288332,54000,55000
13e885041a25e81bb3d8a2106bf5a3a31712c7dc,1802.81,70.05,7.329856631,54000,54000
d11c5d38734b5f6fefc919e1777e66777e464b7a,1795.32,69.77,7.308941362,55000,54000
d11c5d38734b5f6fefc919e1777e66777e464b7a,1836.25,71.25,7.440674910,55000,55000
d11c5d38734b5f6fefc919e1777e66777e464b7a,1834.14,71.68,7.416620741,54000,54000
d11c5d38734b5f6fefc919e1777e66777e464b7a,1816.14,70.79,7.362801110,55000,54000
d11c5d38734b5f6fefc919e1777e66777e464b7a,1850.93,72.21,7.509266682,55000,55000
d11c5d38734b5f6fefc919e1777e66777e464b7a,1812.32,70.43,7.346044789,55000,54000
d11c5d38734b5f6fefc919e1777e66777e464b7a,1839.42,71.39,7.465309058,55000,55000
d11c5d38734b5f6fefc919e1777e66777e464b7a,1828.97,71.03,7.414291994,55000,55000
d11c5d38734b5f6fefc919e1777e66777e464b7a,1822.90,70.71,7.397512900,55000,55000
d11c5d38734b5f6fefc919e1777e66777e464b7a,1852.31,72.06,7.499358773,55000,55000
d11c5d38734b5f6fefc919e1777e66777e464b7a,1808.61,70.38,7.334063993,54000,55000
d11c5d38734b5f6fefc919e1777e66777e464b7a,1812.00,70.56,7.356279594,55000,55000
d11c5d38734b5f6fefc919e1777e66777e464b7a,1842.27,71.53,7.475529308,56000,54000
d11c5d38734b5f6fefc919e1777e66777e464b7a,1823.28,70.95,7.385253071,55000,54000
d11c5d38734b5f6fefc919e1777e66777e464b7a,1817.07,70.69,7.362131588,54000,54000
d11c5d38734b5f6fefc919e1777e66777e464b7a,1803.20,69.94,7.312987973,55000,56000
d11c5d38734b5f6fefc919e1777e66777e464b7a,1812.77,70.64,7.358946206,56000,54000
d11c5d38734b5f6fefc919e1777e66777e464b7a,1834.36,71.22,7.447074736,55000,56000
d11c5d38734b5f6fefc919e1777e66777e464b7a,1823.09,71.11,7.389521095,55000,54000
d11c5d38734b5f6fefc919e1777e66777e464b7a,1809.55,70.38,7.353675122,55000,55000
d11c5d38734b5f6fefc919e1777e66777e464b7a,1840.74,71.97,7.459706178,55000,55000
d11c5d38734b5f6fefc919e1777e66777e464b7a,1807.40,70.33,7.334185578,55000,56000
d11c5d38734b5f6fefc919e1777e66777e464b7a,1823.06,70.67,7.416968945,55000,55000
d11c5d38734b5f6fefc919e1777e66777e464b7a,1811.83,70.15,7.365964831,55000,54000
d11c5d38734b5f6fefc919e1777e66777e464b7a,1824.04,71.04,7.373927473,55000,54000
d11c5d38734b5f6fefc919e1777e66777e464b7a,1835.87,71.10,7.457047546,55000,54000
d11c5d38734b5f6fefc919e1777e66777e464b7a,1809.85,70.16,7.339647978,56000,56000
d11c5d38734b5f6fefc919e1777e66777e464b7a,1789.73,69.70,7.260574339,54000,55000
d11c5d38734b5f6fefc919e1777e66777e464b7a,1848.48,72.04,7.497979574,55000,54000
d11c5d38734b5f6fefc919e1777e66777e464b7a,1826.34,71.52,7.386576979,54000,54000
cfa86a96ef8e2da25d1bc46441383c79995b75b8,1818.17,70.70,7.362711087,54000,55000
cfa86a96ef8e2da25d1bc46441383c79995b75b8,1845.24,71.91,7.471976202,55000,54000
cfa86a96ef8e2da25d1bc46441383c79995b75b8,1835.90,71.57,7.440121224,55000,55000
cfa86a96ef8e2da25d1bc46441383c79995b75b8,1822.12,70.96,7.377823746,54000,55000
cfa86a96ef8e2da25d1bc46441383c79995b75b8,1817.29,70.47,7.357743959,56000,55000
cfa86a96ef8e2da25d1bc46441383c79995b75b8,1819.72,70.55,7.387046834,55000,55000
cfa86a96ef8e2da25d1bc46441383c79995b75b8,1811.20,70.48,7.338953877,55000,56000
cfa86a96ef8e2da25d1bc46441383c79995b75b8,1814.79,70.55,7.356367725,56000,55000
cfa86a96ef8e2da25d1bc46441383c79995b75b8,1819.66,71.04,7.358515330,54000,56000
cfa86a96ef8e2da25d1bc46441383c79995b75b8,1827.39,70.87,7.417364583,55000,55000
cfa86a96ef8e2da25d1bc46441383c79995b75b8,1832.44,71.11,7.433419691,54000,55000
cfa86a96ef8e2da25d1bc46441383c79995b75b8,1838.83,71.59,7.457385371,54000,55000
cfa86a96ef8e2da25d1bc46441383c79995b75b8,1813.23,70.64,7.341896827,56000,55000
cfa86a96ef8e2da25d1bc46441383c79995b75b8,1827.76,71.22,7.402663592,55000,55000
cfa86a96ef8e2da25d1bc46441383c79995b75b8,1833.88,71.66,7.426661039,55000,54000
cfa86a96ef8e2da25d1bc46441383c79995b75b8,1823.91,71.12,7.391607385,55000,55000
cfa86a96ef8e2da25d1bc46441383c79995b75b8,1814.80,70.75,7.368253361,54000,54000
cfa86a96ef8e2da25d1bc46441383c79995b75b8,1815.58,70.70,7.372173474,55000,55000
cfa86a96ef8e2da25d1bc46441383c79995b75b8,1799.99,69.81,7.311736248,55000,55000
cfa86a96ef8e2da25d1bc46441383c79995b75b8,1827.32,71.17,7.409473424,54000,55000
cfa86a96ef8e2da25d1bc46441383c79995b75b8,1821.82,70.93,7.378719156,54000,55000
cfa86a96ef8e2da25d1bc46441383c79995b75b8,1827.37,70.87,7.398226361,55000,55000
cfa86a96ef8e2da25d1bc46441383c79995b75b8,1813.32,70.41,7.349131379,55000,55000
cfa86a96ef8e2da25d1bc46441383c79995b75b8,1832.42,71.21,7.404895991,56000,55000
cfa86a96ef8e2da25d1bc46441383c79995b75b8,1834.02,70.94,7.439349296,54000,56000
cfa86a96ef8e2da25d1bc46441383c79995b75b8,1850.07,72.18,7.477936225,56000,56000
cfa86a96ef8e2da25d1bc46441383c79995b75b8,1812.93,70.49,7.348885913,56000,55000
cfa86a96ef8e2da25d1bc46441383c79995b75b8,1804.06,69.87,7.331136508,56000,56000
cfa86a96ef8e2da25d1bc46441383c79995b75b8,1815.47,70.82,7.359547520,56000,55000
cfa86a96ef8e2da25d1bc46441383c79995b75b8,1830.13,71.47,7.422227557,55000,54000
1bbc221474b84766030eadc567a0bce8cb06bd01,1831.11,71.36,7.467465453,54000,55000
1bbc221474b84766030eadc567a0bce8cb06bd01,1819.55,70.62,7.370109521,54000,55000
1bbc221474b84766030eadc567a0bce8cb06bd01,1826.08,71.00,7.400844665,54000,54000
1bbc221474b84766030eadc567a0bce8cb06bd01,1829.28,70.91,7.438604508,54000,54000
1bbc221474b84766030eadc567a0bce8cb06bd01,1821.17,70.79,7.388481630,55000,54000
1bbc221474b84766030eadc567a0bce8cb06bd01,1804.87,70.12,7.322034973,55000,54000
1bbc221474b84766030eadc567a0bce8cb06bd01,1810.11,70.28,7.337202083,55000,56000
1bbc221474b84766030eadc567a0bce8cb06bd01,1817.18,70.40,7.374528845,54000,54000
1bbc221474b84766030eadc567a0bce8cb06bd01,1815.84,70.48,7.357265995,55000,55000
1bbc221474b84766030eadc567a0bce8cb06bd01,1818.89,70.63,7.383063232,55000,54000
1bbc221474b84766030eadc567a0bce8cb06bd01,1811.50,70.35,7.347767308,54000,54000
1bbc221474b84766030eadc567a0bce8cb06bd01,1847.84,72.03,7.477749874,55000,55000
1bbc221474b84766030eadc567a0bce8cb06bd01,1833.48,71.24,7.447084983,54000,56000
1bbc221474b84766030eadc567a0bce8cb06bd01,1830.86,71.18,7.441125317,55000,56000
1bbc221474b84766030eadc567a0bce8cb06bd01,1814.40,70.60,7.370464891,54000,55000
1bbc221474b84766030eadc567a0bce8cb06bd01,1824.40,71.15,7.391384943,55000,55000
1bbc221474b84766030eadc567a0bce8cb06bd01,1809.50,70.45,7.338208220,55000,54000
1bbc221474b84766030eadc567a0bce8cb06bd01,1804.53,69.94,7.331270738,56000,54000
1bbc221474b84766030eadc567a0bce8cb06bd01,1840.01,71.82,7.454035499,56000,55000
1bbc221474b84766030eadc567a0bce8cb06bd01,1830.45,71.10,7.428060715,55000,55000
1bbc221474b84766030eadc567a0bce8cb06bd01,1833.75,71.29,7.425124519,55000,55000
1bbc221474b84766030eadc567a0bce8cb06bd01,1819.57,70.83,7.387104453,54000,56000
1bbc221474b84766030eadc567a0bce8cb06bd01,1821.99,70.57,7.390447657,54000,55000
1bbc221474b84766030eadc567a0bce8cb06bd01,1831.34,71.12,7.417345417,55000,54000
1bbc221474b84766030eadc567a0bce8cb06bd01,1824.68,70.80,7.403981763,55000,56000
1bbc221474b84766030eadc567a0bce8cb06bd01,1837.44,71.53,7.435159040,55000,56000
1bbc221474b84766030eadc567a0bce8cb06bd01,1815.76,70.70,7.373245240,56000,55000
1bbc221474b84766030eadc567a0bce8cb06bd01,1827.02,71.13,7.407150493,56000,56000
1bbc221474b84766030eadc567a0bce8cb06bd01,1845.85,71.94,7.480128554,55000,55000
1bbc221474b84766030eadc567a0bce8cb06bd01,1809.45,70.36,7.323483557,54000,55000
c3484e064ea3378cb1e3fff88a9d43235a501103,1814.49,70.49,7.359621396,54000,54000
c3484e064ea3378cb1e3fff88a9d43235a501103,1806.59,70.07,7.324458879,55000,54000
c3484e064ea3378cb1e3fff88a9d43235a501103,1812.81,70.54,7.352003362,54000,54000
c3484e064ea3378cb1e3fff88a9d43235a501103,1835.40,71.69,7.429582907,55000,54000
c3484e064ea3378cb1e3fff88a9d43235a501103,1798.08,70.01,7.281298785,56000,55000
c3484e064ea3378cb1e3fff88a9d43235a501103,1796.86,69.88,7.286486025,55000,55000
c3484e064ea3378cb1e3fff88a9d43235a501103,1813.91,70.71,7.358620708,54000,55000
c3484e064ea3378cb1e3fff88a9d43235a501103,1813.86,70.36,7.368086284,55000,55000
c3484e064ea3378cb1e3fff88a9d43235a501103,1816.20,70.53,7.350259772,54000,55000
c3484e064ea3378cb1e3fff88a9d43235a501103,1814.56,70.44,7.387672720,54000,54000
c3484e064ea3378cb1e3fff88a9d43235a501103,1815.58,70.49,7.385276454,55000,55000
c3484e064ea3378cb1e3fff88a9d43235a501103,1851.87,72.03,7.504837630,55000,55000
c3484e064ea3378cb1e3fff88a9d43235a501103,1813.48,70.99,7.365872436,54000,56000
c3484e064ea3378cb1e3fff88a9d43235a501103,1833.01,71.25,7.435490609,54000,55000
c3484e064ea3378cb1e3fff88a9d43235a501103,1836.39,71.38,7.469629855,55000,55000
c3484e064ea3378cb1e3fff88a9d43235a501103,1859.16,72.47,7.551748297,55000,55000
c3484e064ea3378cb1e3fff88a9d43235a501103,1807.48,70.07,7.327187878,54000,55000
c3484e064ea3378cb1e3fff88a9d43235a501103,1841.36,71.67,7.458993797,54000,55000
c3484e064ea3378cb1e3fff88a9d43235a501103,1824.24,70.73,7.403406972,54000,54000
c3484e064ea3378cb1e3fff88a9d43235a501103,1834.75,71.05,7.447833568,55000,56000
c3484e064ea3378cb1e3fff88a9d43235a501103,1821.99,70.74,7.370618316,56000,56000
c3484e064ea3378cb1e3fff88a9d43235a501103,1820.65,70.82,7.362603728,56000,56000
c3484e064ea3378cb1e3fff88a9d43235a501103,1817.85,70.71,7.370089827,56000,55000
c3484e064ea3378cb1e3fff88a9d43235a501103,1818.42,70.74,7.378035286,55000,55000
c3484e064ea3378cb1e3fff88a9d43235a501103,1824.30,71.10,7.387829544,56000,55000
c3484e064ea3378cb1e3fff88a9d43235a501103,1811.20,70.21,7.344979565,55000,54000
c3484e064ea3378cb1e3fff88a9d43235a501103,1839.72,71.31,7.471689797,56000,56000
c3484e064ea3378cb1e3fff88a9d43235a501103,1831.44,70.71,7.445984856,55000,54000
c3484e064ea3378cb1e3fff88a9d43235a501103,1793.09,69.68,7.263207549,54000,56000
c3484e064ea3378cb1e3fff88a9d43235a501103,1828.47,71.17,7.395944076,55000,56000
a16bd132b293889761c27de872af50adc8d60923,1822.82,70.91,7.377185643,54000,55000
a16bd132b293889761c27de872af50adc8d60923,1823.26,71.00,7.393472478,55000,54000
a16bd132b293889761c27de872af50adc8d60923,1815.66,70.72,7.346672581,55000,54000
a16bd132b293889761c27de872af50adc8d60923,1830.06,71.01,7.451495929,55000,54000
a16bd132b293889761c27de872af50adc8d60923,1815.57,70.51,7.381093478,54000,55000
a16bd132b293889761c27de872af50adc8d60923,1834.92,71.32,7.450119482,54000,55000
a16bd132b293889761c27de872af50adc8d60923,1843.57,71.86,7.464252222,55000,55000
a16bd132b293889761c27de872af50adc8d60923,1820.31,71.04,7.369012824,55000,55000
a16bd132b293889761c27de872af50adc8d60923,1805.61,70.02,7.333406087,55000,54000
a16bd132b293889761c27de872af50adc8d60923,1811.81,70.26,7.347327179,56000,54000
a16bd132b293889761c27de872af50adc8d60923,1812.72,70.27,7.360893398,54000,55000
a16bd132b293889761c27de872af50adc8d60923,1822.58,70.97,7.387100435,54000,55000
a16bd132b293889761c27de872af50adc8d60923,1815.60,70.38,7.379570002,56000,55000
a16bd132b293889761c27de872af50adc8d60923,1830.00,71.52,7.398354041,54000,55000
a16bd132b293889761c27de872af50adc8d60923,1811.68,70.37,7.347855534,55000,55000
a16bd132b293889761c27de872af50adc8d60923,1819.58,70.79,7.370108728,56000,55000
a16bd132b293889761c27de872af50adc8d60923,1826.72,71.00,7.422789550,55000,56000
a16bd132b293889761c27de872af50adc8d60923,1828.12,71.13,7.424651333,54000,54000
a16bd132b293889761c27de872af50adc8d60923,1842.81,71.86,7.463670481,55000,56000
a16bd132b293889761c27de872af50adc8d60923,1830.21,71.20,7.416122947,56000,54000
a16bd132b293889761c27de872af50adc8d60923,1845.09,72.00,7.479240759,55000,55000
a16bd132b293889761c27de872af50adc8d60923,1807.63,70.44,7.339049740,55000,56000
a16bd132b293889761c27de872af50adc8d60923,1824.61,71.10,7.393980899,55000,54000
a16bd132b293889761c27de872af50adc8d60923,1823.78,70.76,7.407247500,54000,54000
a16bd132b293889761c27de872af50adc8d60923,1839.66,71.66,7.449309316,55000,55000
a16bd132b293889761c27de872af50adc8d60923,1811.80,70.60,7.345377059,55000,55000
a16bd132b293889761c27de872af50adc8d60923,1808.47,70.03,7.339851158,54000,54000
a16bd132b293889761c27de872af50adc8d60923,1834.61,71.29,7.447279429,54000,54000
a16bd132b293889761c27de872af50adc8d60923,1820.53,70.86,7.376932951,54000,54000
a16bd132b293889761c27de872af50adc8d60923,1798.17,69.95,7.294624190,54000,55000
45b6155960cf47612338e8173d97c059db6df62c,1828.55,71.18,7.448143143,55000,56000
45b6155960cf47612338e8173d97c059db6df62c,1821.13,70.58,7.391469944,54000,54000
45b6155960cf47612338e8173d97c059db6df62c,1804.66,70.02,7.312696347,55000,54000
45b6155960cf47612338e8173d97c059db6df62c,1814.59,70.47,7.375974249,54000,54000
45b6155960cf47612338e8173d97c059db6df62c,1795.47,69.42,7.299730135,54000,55000
45b6155960cf47612338e8173d97c059db6df62c,1844.47,71.74,7.472362687,55000,55000
45b6155960cf47612338e8173d97c059db6df62c,1826.89,70.82,7.398669257,55000,55000
45b6155960cf47612338e8173d97c059db6df62c,1841.90,71.61,7.461935508,54000,54000
45b6155960cf47612338e8173d97c059db6df62c,1837.26,71.40,7.472903584,55000,54000
45b6155960cf47612338e8173d97c059db6df62c,1792.33,69.80,7.289930266,55000,55000
45b6155960cf47612338e8173d97c059db6df62c,1820.58,70.87,7.387371750,55000,54000
45b6155960cf47612338e8173d97c059db6df62c,1838.43,71.91,7.442541205,55000,54000
45b6155960cf47612338e8173d97c059db6df62c,1841.21,71.89,7.465805287,54000,54000
45b6155960cf47612338e8173d97c059db6df62c,1822.49,71.24,7.385405850,55000,55000
45b6155960cf47612338e8173d97c059db6df62c,1832.66,71.45,7.419493364,56000,54000
45b6155960cf47612338e8173d97c059db6df62c,1856.98,72.50,7.531774959,55000,55000
45b6155960cf47612338e8173d97c059db6df62c,1801.96,70.35,7.305970849,55000,55000
45b6155960cf47612338e8173d97c059db6df62c,1814.96,70.42,7.355151798,55000,55000
45b6155960cf47612338e8173d97c059db6df62c,1804.02,69.64,7.331651838,55000,54000
45b6155960cf47612338e8173d97c059db6df62c,1807.67,70.41,7.318178890,54000,54000
45b6155960cf47612338e8173d97c059db6df62c,1844.99,71.80,7.477626762,55000,55000
45b6155960cf47612338e8173d97c059db6df62c,1810.66,70.34,7.345563508,55000,55000
45b6155960cf47612338e8173d97c059db6df62c,1813.92,70.62,7.360888792,56000,55000
45b6155960cf47612338e8173d97c059db6df62c,1838.39,71.77,7.455546742,55000,55000
45b6155960cf47612338e8173d97c059db6df62c,1825.72,70.82,7.411008454,55000,54000
45b6155960cf47612338e8173d97c059db6df62c,1819.53,70.87,7.383977839,55000,54000
45b6155960cf47612338e8173d97c059db6df62c,1831.70,71.08,7.416666302,55000,56000
45b6155960cf47612338e8173d97c059db6df62c,1814.31,70.55,7.358752910,55000,54000
45b6155960cf47612338e8173d97c059db6df62c,1812.68,70.24,7.370950455,54000,55000
45b6155960cf47612338e8173d97c059db6df62c,1818.60,70.93,7.374191000,55000,54000
9ca56a271687228226806ba1808f0b80cbce7db4,1811.02,70.34,7.352537383,55000,54000
9ca56a271687228226806ba1808f0b80cbce7db4,1832.48,71.39,7.436595647,55000,55000
9ca56a271687228226806ba1808f0b80cbce7db4,1797.02,69.70,7.296960046,55000,54000
9ca56a271687228226806ba1808f0b80cbce7db4,1841.54,71.73,7.465506648,54000,54000
9ca56a271687228226806ba1808f0b80cbce7db4,1819.63,70.54,7.374700285,54000,55000
9ca56a271687228226806ba1808f0b80cbce7db4,1821.89,71.05,7.397265969,55000,54000
9ca56a271687228226806ba1808f0b80cbce7db4,1808.35,70.10,7.348629921,54000,54000
9ca56a271687228226806ba1808f0b80cbce7db4,1834.45,71.17,7.446863470,55000,55000
9ca56a271687228226806ba1808f0b80cbce7db4,1836.04,71.69,7.437847371,54000,55000
9ca56a271687228226806ba1808f0b80cbce7db4,1816.25,70.56,7.357674521,54000,54000
9ca56a271687228226806ba1808f0b80cbce7db4,1799.91,70.17,7.305671602,55000,54000
9ca56a271687228226806ba1808f0b80cbce7db4,1831.56,71.29,7.407674022,55000,55000
9ca56a271687228226806ba1808f0b80cbce7db4,1811.99,70.61,7.347670833,55000,56000
9ca56a271687228226806ba1808f0b80cbce7db4,1842.31,71.55,7.482373808,55000,55000
9ca56a271687228226806ba1808f0b80cbce7db4,1847.32,71.92,7.492465901,55000,54000
9ca56a271687228226806ba1808f0b80cbce7db4,1820.79,71.06,7.366540775,54000,56000
9ca56a271687228226806ba1808f0b80cbce7db4,1809.39,70.53,7.329942611,55000,55000
9ca56a271687228226806ba1808f0b80cbce7db4,1819.04,71.12,7.374360307,55000,55000
9ca56a271687228226806ba1808f0b80cbce7db4,1826.88,71.22,7.429346531,55000,54000
9ca56a271687228226806ba1808f0b80cbce7db4,1822.29,71.00,7.376619861,55000,55000
9ca56a271687228226806ba1808f0b80cbce7db4,1816.31,70.50,7.366488907,55000,56000
9ca56a271687228226806ba1808f0b80cbce7db4,1824.48,71.21,7.380296650,56000,55000
9ca56a271687228226806ba1808f0b80cbce7db4,1807.78,70.30,7.353777763,55000,55000
9ca56a271687228226806ba1808f0b80cbce7db4,1820.31,70.88,7.364332298,55000,56000
9ca56a271687228226806ba1808f0b80cbce7db4,1839.60,71.49,7.458816807,54000,56000
9ca56a271687228226806ba1808f0b80cbce7db4,1822.41,70.79,7.389148327,54000,55000
9ca56a271687228226806ba1808f0b80cbce7db4,1837.16,71.51,7.452744342,54000,55000
9ca56a271687228226806ba1808f0b80cbce7db4,1822.34,71.23,7.386133820,55000,55000
9ca56a271687228226806ba1808f0b80cbce7db4,1853.66,72.09,7.533525229,54000,55000
9ca56a271687228226806ba1808f0b80cbce7db4,1837.08,71.50,7.442381572,54000,54000
536a0c33d2be5a6fb31affcf1d2dc84cff2daafc,1811.21,70.37,7.339962542,55000,54000
536a0c33d2be5a6fb31affcf1d2dc84cff2daafc,1831.26,71.59,7.404106469,53000,54000
536a0c33d2be5a6fb31affcf1d2dc84cff2daafc,1825.41,70.76,7.410105769,55000,54000
536a0c33d2be5a6fb31affcf1d2dc84cff2daafc,1825.55,71.27,7.386782710,54000,54000
536a0c33d2be5a6fb31affcf1d2dc84cff2daafc,1825.78,70.95,7.416496409,55000,55000
536a0c33d2be5a6fb31affcf1d2dc84cff2daafc,1823.00,70.88,7.400404385,55000,54000
536a0c33d2be5a6fb31affcf1d2dc84cff2daafc,1801.40,70.00,7.309616581,54000,55000
536a0c33d2be5a6fb31affcf1d2dc84cff2daafc,1825.12,71.08,7.385782775,54000,54000
536a0c33d2be5a6fb31affcf1d2dc84cff2daafc,1831.04,71.16,7.406011172,54000,54000
536a0c33d2be5a6fb31affcf1d2dc84cff2daafc,1818.82,70.69,7.367647020,54000,54000
536a0c33d2be5a6fb31affcf1d2dc84cff2daafc,1797.22,69.67,7.295474036,54000,55000
536a0c33d2be5a6fb31affcf1d2dc84cff2daafc,1844.22,71.99,7.463883177,55000,55000
536a0c33d2be5a6fb31affcf1d2dc84cff2daafc,1818.05,70.79,7.379475258,55000,56000
536a0c33d2be5a6fb31affcf1d2dc84cff2daafc,1830.56,71.17,7.431708399,55000,55000
536a0c33d2be5a6fb31affcf1d2dc84cff2daafc,1825.33,71.06,7.420659690,55000,55000
536a0c33d2be5a6fb31affcf1d2dc84cff2daafc,1808.65,70.39,7.332314047,54000,55000
536a0c33d2be5a6fb31affcf1d2dc84cff2daafc,1798.29,70.12,7.299301818,55000,56000
536a0c33d2be5a6fb31affcf1d2dc84cff2daafc,1810.23,70.60,7.324486588,54000,54000
536a0c33d2be5a6fb31affcf1d2dc84cff2daafc,1801.98,69.92,7.313759797,55000,55000
536a0c33d2be5a6fb31affcf1d2dc84cff2daafc,1812.79,70.55,7.350723409,55000,55000
536a0c33d2be5a6fb31affcf1d2dc84cff2daafc,1811.09,70.60,7.349842359,55000,54000
536a0c33d2be5a6fb31affcf1d2dc84cff2daafc,1805.17,70.15,7.310105431,54000,55000
536a0c33d2be5a6fb31affcf1d2dc84cff2daafc,1807.35,70.01,7.328847300,56000,56000
536a0c33d2be5a6fb31affcf1d2dc84cff2daafc,1836.72,71.35,7.433616910,56000,56000
536a0c33d2be5a6fb31affcf1d2dc84cff2daafc,1821.63,70.80,7.381916790,54000,55000
536a0c33d2be5a6fb31affcf1d2dc84cff2daafc,1823.85,70.94,7.371292866,56000,56000
536a0c33d2be5a6fb31affcf1d2dc84cff2daafc,1808.32,70.18,7.322434527,55000,55000
536a0c33d2be5a6fb31affcf1d2dc84cff2daafc,1802.73,70.10,7.316195827,55000,55000
536a0c33d2be5a6fb31affcf1d2dc84cff2daafc,1797.26,69.88,7.276099315,55000,55000
536a0c33d2be5a6fb31affcf1d2dc84cff2daafc,1835.30,71.38,7.439677439,55000,55000
d954db59a10d12b8f2d81ca4dd7ba90f314f00ae,1809.72,70.08,7.342941738,54000,55000
d954db59a10d12b8f2d81ca4dd7ba90f314f00ae,1835.12,71.34,7.447187651,55000,54000
d954db59a10d12b8f2d81ca4dd7ba90f314f00ae,1818.25,70.49,7.382003149,55000,54000
d954db59a10d12b8f2d81ca4dd7ba90f314f00ae,1816.80,71.12,7.349333856,55000,54000
d954db59a10d12b8f2d81ca4dd7ba90f314f00ae,1833.89,71.20,7.430239121,54000,55000
d954db59a10d12b8f2d81ca4dd7ba90f314f00ae,1810.93,70.46,7.342009395,55000,55000
d954db59a10d12b8f2d81ca4dd7ba90f314f00ae,1834.82,71.43,7.438197903,55000,54000
d954db59a10d12b8f2d81ca4dd7ba90f314f00ae,1792.14,69.57,7.292245495,55000,55000
d954db59a10d12b8f2d81ca4dd7ba90f314f00ae,1802.02,69.84,7.322870679,56000,55000
d954db59a10d12b8f2d81ca4dd7ba90f314f00ae,1813.26,70.40,7.359604726,54000,54000
d954db59a10d12b8f2d81ca4dd7ba90f314f00ae,1812.15,70.84,7.337718945,55000,55000
d954db59a10d12b8f2d81ca4dd7ba90f314f00ae,1818.66,70.78,7.366369821,56000,54000
d954db59a10d12b8f2d81ca4dd7ba90f314f00ae,1799.41,69.85,7.304965593,56000,55000
d954db59a10d12b8f2d81ca4dd7ba90f314f00ae,1821.31,71.31,7.386763754,56000,56000
d954db59a10d12b8f2d81ca4dd7ba90f314f00ae,1835.23,71.26,7.460968505,55000,55000
d954db59a10d12b8f2d81ca4dd7ba90f314f00ae,1800.10,70.33,7.294341478,55000,55000
d954db59a10d12b8f2d81ca4dd7ba90f314f00ae,1809.85,70.26,7.346651880,55000,56000
d954db59a10d12b8f2d81ca4dd7ba90f314f00ae,1803.55,70.02,7.312859278,55000,55000
d954db59a10d12b8f2d81ca4dd7ba90f314f00ae,1817.78,70.80,7.367590407,55000,54000
d954db59a10d12b8f2d81ca4dd7ba90f314f00ae,1829.25,71.16,7.421142416,54000,54000
d954db59a10d12b8f2d81ca4dd7ba90f314f00ae,1787.86,69.44,7.259261511,54000,54000
d954db59a10d12b8f2d81ca4dd7ba90f314f00ae,1829.82,71.54,7.428433089,55000,54000
d954db59a10d12b8f2d81ca4dd7ba90f314f00ae,1819.40,70.99,7.365072726,55000,54000
d954db59a10d12b8f2d81ca4dd7ba90f314f00ae,1808.18,70.04,7.325872792,56000,56000
d954db59a10d12b8f2d81ca4dd7ba90f314f00ae,1811.70,70.30,7.360796389,56000,56000
d954db59a10d12b8f2d81ca4dd7ba90f314f00ae,1802.40,69.76,7.318422919,56000,56000
d954db59a10d12b8f2d81ca4dd7ba90f314f00ae,1802.27,70.00,7.318047572,55000,56000
d954db59a10d12b8f2d81ca4dd7ba90f314f00ae,1820.56,70.31,7.386128406,54000,55000
d954db59a10d12b8f2d81ca4dd7ba90f314f00ae,1826.56,71.14,7.414765045,55000,54000
d954db59a10d12b8f2d81ca4dd7ba90f314f00ae,1843.68,71.68,7.484465513,55000,56000
19844ce716f4ec5ed68b3e3ffe6851a437c6ff5f,1805.80,70.43,7.392678864,55000,56000
19844ce716f4ec5ed68b3e3ffe6851a437c6ff5f,1783.27,69.43,7.264582183,56000,56000
19844ce716f4ec5ed68b3e3ffe6851a437c6ff5f,1816.50,70.49,7.380192121,54000,56000
19844ce716f4ec5ed68b3e3ffe6851a437c6ff5f,1816.99,70.83,7.359420498,54000,54000
19844ce716f4ec5ed68b3e3ffe6851a437c6ff5f,1826.72,70.88,7.412647295,54000,55000
19844ce716f4ec5ed68b3e3ffe6851a437c6ff5f,1812.02,70.38,7.358838341,54000,54000
19844ce716f4ec5ed68b3e3ffe6851a437c6ff5f,1832.00,71.40,7.433689775,55000,55000
19844ce716f4ec5ed68b3e3ffe6851a437c6ff5f,1829.64,71.10,7.432514545,55000,55000
19844ce716f4ec5ed68b3e3ffe6851a437c6ff5f,1816.90,70.55,7.382417254,55000,55000
19844ce716f4ec5ed68b3e3ffe6851a437c6ff5f,1820.71,70.79,7.375551935,55000,55000
19844ce716f4ec5ed68b3e3ffe6851a437c6ff5f,1814.71,70.21,7.355084029,55000,54000
19844ce716f4ec5ed68b3e3ffe6851a437c6ff5f,1823.35,70.95,7.379708409,55000,55000
19844ce716f4ec5ed68b3e3ffe6851a437c6ff5f,1820.16,70.64,7.379555296,55000,55000
19844ce716f4ec5ed68b3e3ffe6851a437c6ff5f,1818.82,70.74,7.391607496,55000,55000
19844ce716f4ec5ed68b3e3ffe6851a437c6ff5f,1834.97,71.18,7.449923217,54000,55000
19844ce716f4ec5ed68b3e3ffe6851a437c6ff5f,1803.59,70.27,7.319493662,56000,56000
19844ce716f4ec5ed68b3e3ffe6851a437c6ff5f,1804.29,70.27,7.322996245,55000,55000
19844ce716f4ec5ed68b3e3ffe6851a437c6ff5f,1799.73,70.02,7.306317327,55000,55000
19844ce716f4ec5ed68b3e3ffe6851a437c6ff5f,1794.03,69.91,7.272088067,54000,55000
19844ce716f4ec5ed68b3e3ffe6851a437c6ff5f,1803.45,70.32,7.316090915,56000,54000
19844ce716f4ec5ed68b3e3ffe6851a437c6ff5f,1808.68,70.46,7.352134561,55000,54000
19844ce716f4ec5ed68b3e3ffe6851a437c6ff5f,1849.60,72.16,7.512993793,54000,55000
19844ce716f4ec5ed68b3e3ffe6851a437c6ff5f,1806.57,69.99,7.333972214,54000,56000
19844ce716f4ec5ed68b3e3ffe6851a437c6ff5f,1809.98,70.28,7.334642670,54000,54000
19844ce716f4ec5ed68b3e3ffe6851a437c6ff5f,1816.43,70.28,7.379183436,54000,56000
19844ce716f4ec5ed68b3e3ffe6851a437c6ff5f,1825.34,70.58,7.427496758,55000,55000
19844ce716f4ec5ed68b3e3ffe6851a437c6ff5f,1837.02,71.04,7.449834920,55000,55000
19844ce716f4ec5ed68b3e3ffe6851a437c6ff5f,1829.25,71.20,7.412849063,55000,55000
19844ce716f4ec5ed68b3e3ffe6851a437c6ff5f,1820.19,70.80,7.372257111,54000,55000
19844ce716f4ec5ed68b3e3ffe6851a437c6ff5f,1806.47,70.26,7.324685155,55000,55000
7eaadacd9788f31fdf2a954899a93f5d7a4944e7,1810.52,70.69,7.384682714,55000,56000
7eaadacd9788f31fdf2a954899a93f5d7a4944e7,1810.24,70.27,7.352476925,56000,54000
7eaadacd9788f31fdf2a954899a93f5d7a4944e7,1825.18,70.89,7.392359198,55000,55000
7eaadacd9788f31fdf2a954899a93f5d7a4944e7,1839.57,71.67,7.461791473,55000,55000
7eaadacd9788f31fdf2a954899a93f5d7a4944e7,1804.79,69.96,7.333690049,55000,55000
7eaadacd9788f31fdf2a954899a93f5d7a4944e7,1810.31,70.13,7.341724897,55000,54000
7eaadacd9788f31fdf2a954899a93f5d7a4944e7,1826.82,71.13,7.411173835,54000,54000
7eaadacd9788f31fdf2a954899a93f5d7a4944e7,1797.78,70.18,7.297613165,55000,56000
7eaadacd9788f31fdf2a954899a93f5d7a4944e7,1825.48,70.94,7.407529763,54000,54000
7eaadacd9788f31fdf2a954899a93f5d7a4944e7,1811.28,70.26,7.353237680,54000,54000
7eaadacd9788f31fdf2a954899a93f5d7a4944e7,1812.15,70.37,7.361226906,55000,56000
7eaadacd9788f31fdf2a954899a93f5d7a4944e7,1817.41,70.91,7.358541482,54000,54000
7eaadacd9788f31fdf2a954899a93f5d7a4944e7,1816.97,70.76,7.380508566,54000,55000
7eaadacd9788f31fdf2a954899a93f5d7a4944e7,1800.93,70.31,7.299509892,55000,55000
7eaadacd9788f31fdf2a954899a93f5d7a4944e7,1819.18,70.79,7.387775442,55000,54000
7eaadacd9788f31fdf2a954899a93f5d7a4944e7,1856.76,72.35,7.521755943,55000,55000
7eaadacd9788f31fdf2a954899a93f5d7a4944e7,1816.02,70.69,7.368994621,55000,55000
7eaadacd9788f31fdf2a954899a93f5d7a4944e7,1824.04,71.31,7.407889396,55000,55000
7eaadacd9788f31fdf2a954899a93f5d7a4944e7,1838.80,71.69,7.455065768,55000,56000
7eaadacd9788f31fdf2a954899a93f5d7a4944e7,1822.05,71.10,7.399189989,54000,55000
7eaadacd9788f31fdf2a954899a93f5d7a4944e7,1824.29,71.13,7.386316104,55000,55000
7eaadacd9788f31fdf2a954899a93f5d7a4944e7,1805.94,70.45,7.338418038,54000,55000
7eaadacd9788f31fdf2a954899a93f5d7a4944e7,1810.40,70.79,7.330622758,54000,54000
7eaadacd9788f31fdf2a954899a93f5d7a4944e7,1803.18,70.14,7.310353191,55000,55000
7eaadacd9788f31fdf2a954899a93f5d7a4944e7,1802.19,69.85,7.297215758,55000,55000
7eaadacd9788f31fdf2a954899a93f5d7a4944e7,1832.01,71.10,7.426020842,56000,55000
7eaadacd9788f31fdf2a954899a93f5d7a4944e7,1801.14,69.97,7.301371999,56000,56000
7eaadacd9788f31fdf2a954899a93f5d7a4944e7,1811.93,70.17,7.348132055,56000,56000
7eaadacd9788f31fdf2a954899a93f5d7a4944e7,1788.84,69.79,7.249651505,56000,55000
7eaadacd9788f31fdf2a954899a93f5d7a4944e7,1847.86,71.59,7.507503203,55000,55000
443dea14157945848c719422ffc550baf72cb5b1,1835.17,71.52,7.430313496,55000,55000
443dea14157945848c719422ffc550baf72cb5b1,1827.61,71.22,7.395946603,54000,54000
443dea14157945848c719422ffc550baf72cb5b1,1810.39,70.21,7.336217071,55000,54000
443dea14157945848c719422ffc550baf72cb5b1,1829.71,71.34,7.423825989,55000,54000
443dea14157945848c719422ffc550baf72cb5b1,1816.46,70.54,7.391677211,54000,56000
443dea14157945848c719422ffc550baf72cb5b1,1839.64,71.70,7.447258213,55000,56000
443dea14157945848c719422ffc550baf72cb5b1,1813.27,70.50,7.346887640,54000,54000
443dea14157945848c719422ffc550baf72cb5b1,1809.73,70.22,7.350263671,55000,54000
443dea14157945848c719422ffc550baf72cb5b1,1812.33,70.66,7.343942268,55000,55000
443dea14157945848c719422ffc550baf72cb5b1,1814.26,70.39,7.377266795,56000,56000
443dea14157945848c719422ffc550baf72cb5b1,1835.05,71.37,7.439876941,54000,54000
443dea14157945848c719422ffc550baf72cb5b1,1826.65,70.81,7.425998344,55000,56000
443dea14157945848c719422ffc550baf72cb5b1,1817.46,70.61,7.366067502,55000,55000
443dea14157945848c719422ffc550baf72cb5b1,1819.04,71.02,7.358874223,55000,55000
443dea14157945848c719422ffc550baf72cb5b1,1822.06,70.70,7.373449867,55000,55000
443dea14157945848c719422ffc550baf72cb5b1,1809.17,70.59,7.329389640,55000,55000
443dea14157945848c719422ffc550baf72cb5b1,1808.51,70.41,7.345569269,55000,55000
443dea14157945848c719422ffc550baf72cb5b1,1827.89,71.20,7.415369063,56000,55000
443dea14157945848c719422ffc550baf72cb5b1,1799.67,69.93,7.309382623,55000,55000
443dea14157945848c719422ffc550baf72cb5b1,1812.29,70.41,7.352346456,55000,55000
443dea14157945848c719422ffc550baf72cb5b1,1810.71,70.58,7.336383446,56000,55000
443dea14157945848c719422ffc550baf72cb5b1,1811.41,69.92,7.340104180,56000,55000
443dea14157945848c719422ffc550baf72cb5b1,1796.70,69.61,7.302224833,56000,56000
443dea14157945848c719422ffc550baf72cb5b1,1837.06,71.53,7.435192678,54000,55000
443dea14157945848c719422ffc550baf72cb5b1,1812.99,70.37,7.367740117,56000,55000
443dea14157945848c719422ffc550baf72cb5b1,1817.84,70.62,7.365355717,56000,54000
443dea14157945848c719422ffc550baf72cb5b1,1833.89,71.27,7.454504626,55000,54000
443dea14157945848c719422ffc550baf72cb5b1,1807.90,70.08,7.342644127,55000,55000
443dea14157945848c719422ffc550baf72cb5b1,1822.83,70.58,7.410575423,55000,55000
443dea14157945848c719422ffc550baf72cb5b1,1817.60,70.56,7.379387215,54000,54000
0df31945d4161969cbaae8495ffa9466ce090e66,1807.83,70.51,7.389243331,55000,56000
0df31945d4161969cbaae8495ffa9466ce090e66,1799.97,70.11,7.289602324,54000,54000
0df31945d4161969cbaae8495ffa9466ce090e66,1800.84,69.83,7.310324560,55000,54000
0df31945d4161969cbaae8495ffa9466ce090e66,1813.80,70.47,7.346202221,55000,54000
0df31945d4161969cbaae8495ffa9466ce090e66,1834.59,71.71,7.402177570,55000,55000
0df31945d4161969cbaae8495ffa9466ce090e66,1802.08,70.37,7.306671788,55000,55000
0df31945d4161969cbaae8495ffa9466ce090e66,1805.86,69.99,7.329716642,55000,56000
0df31945d4161969cbaae8495ffa9466ce090e66,1814.85,70.48,7.357896430,55000,55000
0df31945d4161969cbaae8495ffa9466ce090e66,1818.02,70.62,7.364782709,54000,55000
0df31945d4161969cbaae8495ffa9466ce090e66,1794.65,69.63,7.264697461,55000,55000
0df31945d4161969cbaae8495ffa9466ce090e66,1820.15,70.54,7.381257625,54000,54000
0df31945d4161969cbaae8495ffa9466ce090e66,1808.03,70.46,7.309551584,55000,55000
0df31945d4161969cbaae8495ffa9466ce090e66,1834.03,71.48,7.427353015,55000,56000
0df31945d4161969cbaae8495ffa9466ce090e66,1805.38,69.89,7.309619751,54000,54000
0df31945d4161969cbaae8495ffa9466ce090e66,1812.80,70.44,7.355651573,55000,56000
0df31945d4161969cbaae8495ffa9466ce090e66,1830.33,71.15,7.431984951,55000,55000
0df31945d4161969cbaae8495ffa9466ce090e66,1806.95,70.33,7.312834996,54000,55000
0df31945d4161969cbaae8495ffa9466ce090e66,1819.90,71.16,7.372668460,56000,54000
0df31945d4161969cbaae8495ffa9466ce090e66,1792.12,69.58,7.272836064,55000,55000
0df31945d4161969cbaae8495ffa9466ce090e66,1810.54,70.56,7.327821077,55000,55000
0df31945d4161969cbaae8495ffa9466ce090e66,1807.91,70.48,7.317552721,56000,56000
0df31945d4161969cbaae8495ffa9466ce090e66,1819.14,71.11,7.371189096,55000,55000
0df31945d4161969cbaae8495ffa9466ce090e66,1811.33,70.51,7.342387417,55000,55000
0df31945d4161969cbaae8495ffa9466ce090e66,1813.53,70.60,7.338862310,55000,55000
0df31945d4161969cbaae8495ffa9466ce090e66,1798.21,70.00,7.292822849,55000,55000
0df31945d4161969cbaae8495ffa9466ce090e66,1827.13,71.34,7.397998947,55000,54000
0df31945d4161969cbaae8495ffa9466ce090e66,1829.93,71.34,7.421127654,55000,56000
0df31945d4161969cbaae8495ffa9466ce090e66,1828.14,71.12,7.412069360,55000,54000
0df31945d4161969cbaae8495ffa9466ce090e66,1818.71,70.82,7.367208540,54000,56000
0df31945d4161969cbaae8495ffa9466ce090e66,1820.92,70.83,7.385648183,56000,55000
f8e89237474d8bf2ac5bf4f2d6c502386693facd,1790.81,69.36,7.277913325,55000,54000
f8e89237474d8bf2ac5bf4f2d6c502386693facd,1809.72,70.53,7.324817705,54000,55000
f8e89237474d8bf2ac5bf4f2d6c502386693facd,1815.39,70.74,7.367385337,56000,55000
f8e89237474d8bf2ac5bf4f2d6c502386693facd,1828.50,70.99,7.404562941,54000,56000
f8e89237474d8bf2ac5bf4f2d6c502386693facd,1816.01,70.53,7.364001561,54000,55000
f8e89237474d8bf2ac5bf4f2d6c502386693facd,1809.60,70.40,7.332469370,55000,54000
f8e89237474d8bf2ac5bf4f2d6c502386693facd,1827.05,70.98,7.382156459,55000,55000
f8e89237474d8bf2ac5bf4f2d6c502386693facd,1829.68,71.12,7.404698164,55000,54000
f8e89237474d8bf2ac5bf4f2d6c502386693facd,1837.42,71.58,7.451441060,56000,54000
f8e89237474d8bf2ac5bf4f2d6c502386693facd,1816.10,70.31,7.366288930,55000,54000
f8e89237474d8bf2ac5bf4f2d6c502386693facd,1818.42,71.20,7.365964733,56000,55000
f8e89237474d8bf2ac5bf4f2d6c502386693facd,1817.71,70.73,7.361287025,55000,54000
f8e89237474d8bf2ac5bf4f2d6c502386693facd,1822.37,71.33,7.383068872,55000,56000
f8e89237474d8bf2ac5bf4f2d6c502386693facd,1806.26,70.13,7.326670798,54000,54000
f8e89237474d8bf2ac5bf4f2d6c502386693facd,1822.83,71.02,7.401089528,55000,55000
f8e89237474d8bf2ac5bf4f2d6c502386693facd,1813.10,70.42,7.376082735,54000,55000
f8e89237474d8bf2ac5bf4f2d6c502386693facd,1831.11,71.85,7.416039331,56000,56000
f8e89237474d8bf2ac5bf4f2d6c502386693facd,1822.71,71.06,7.383293161,55000,54000
f8e89237474d8bf2ac5bf4f2d6c502386693facd,1815.92,70.72,7.352747206,55000,55000
f8e89237474d8bf2ac5bf4f2d6c502386693facd,1793.76,69.96,7.256004729,55000,56000
f8e89237474d8bf2ac5bf4f2d6c502386693facd,1818.01,70.79,7.361355713,55000,55000
f8e89237474d8bf2ac5bf4f2d6c502386693facd,1826.58,70.86,7.409330631,56000,55000
f8e89237474d8bf2ac5bf4f2d6c502386693facd,1837.72,71.73,7.435121611,54000,54000
f8e89237474d8bf2ac5bf4f2d6c502386693facd,1795.61,69.44,7.296403607,55000,55000
f8e89237474d8bf2ac5bf4f2d6c502386693facd,1814.14,70.13,7.356504687,54000,54000
f8e89237474d8bf2ac5bf4f2d6c502386693facd,1806.61,70.25,7.318223695,56000,55000
f8e89237474d8bf2ac5bf4f2d6c502386693facd,1793.34,69.62,7.285051193,54000,55000
f8e89237474d8bf2ac5bf4f2d6c502386693facd,1814.69,70.88,7.345108123,56000,55000
f8e89237474d8bf2ac5bf4f2d6c502386693facd,1834.02,71.65,7.424424642,54000,54000
f8e89237474d8bf2ac5bf4f2d6c502386693facd,1818.42,70.71,7.372069202,54000,55000
374db0a9689de36c8bdb63f339b035e8c8d94a7f,1808.26,70.94,7.355664661,56000,55000
374db0a9689de36c8bdb63f339b035e8c8d94a7f,1808.00,70.76,7.314383047,55000,54000
374db0a9689de36c8bdb63f339b035e8c8d94a7f,1808.55,70.67,7.314276708,54000,54000
374db0a9689de36c8bdb63f339b035e8c8d94a7f,1807.25,70.19,7.320985194,54000,54000
374db0a9689de36c8bdb63f339b035e8c8d94a7f,1819.63,71.04,7.374762700,55000,54000
374db0a9689de36c8bdb63f339b035e8c8d94a7f,1796.55,70.17,7.280545190,56000,55000
374db0a9689de36c8bdb63f339b035e8c8d94a7f,1791.90,69.32,7.286924802,56000,54000
374db0a9689de36c8bdb63f339b035e8c8d94a7f,1819.33,70.72,7.390080190,56000,56000
374db0a9689de36c8bdb63f339b035e8c8d94a7f,1834.61,71.33,7.435907462,55000,56000
374db0a9689de36c8bdb63f339b035e8c8d94a7f,1790.96,69.58,7.236890025,54000,54000
374db0a9689de36c8bdb63f339b035e8c8d94a7f,1837.99,71.61,7.459885170,56000,55000
374db0a9689de36c8bdb63f339b035e8c8d94a7f,1807.28,70.37,7.319267206,55000,55000
374db0a9689de36c8bdb63f339b035e8c8d94a7f,1814.01,70.57,7.358432254,56000,55000
374db0a9689de36c8bdb63f339b035e8c8d94a7f,1839.34,71.66,7.452825959,54000,55000
374db0a9689de36c8bdb63f339b035e8c8d94a7f,1834.21,71.74,7.438245259,56000,55000
374db0a9689de36c8bdb63f339b035e8c8d94a7f,1800.04,70.32,7.281603726,55000,55000
374db0a9689de36c8bdb63f339b035e8c8d94a7f,1830.86,71.43,7.429274070,55000,55000
374db0a9689de36c8bdb63f339b035e8c8d94a7f,1790.84,69.88,7.259556390,56000,55000
374db0a9689de36c8bdb63f339b035e8c8d94a7f,1812.75,70.65,7.341006019,55000,54000
374db0a9689de36c8bdb63f339b035e8c8d94a7f,1785.24,69.35,7.248525213,55000,54000
374db0a9689de36c8bdb63f339b035e8c8d94a7f,1823.17,70.82,7.381759888,55000,55000
374db0a9689de36c8bdb63f339b035e8c8d94a7f,1811.64,70.31,7.339570284,55000,56000
374db0a9689de36c8bdb63f339b035e8c8d94a7f,1812.16,70.31,7.347224995,55000,56000
374db0a9689de36c8bdb63f339b035e8c8d94a7f,1793.01,69.76,7.260826908,55000,55000
374db0a9689de36c8bdb63f339b035e8c8d94a7f,1806.25,69.78,7.355252255,55000,55000
374db0a9689de36c8bdb63f339b035e8c8d94a7f,1813.49,70.71,7.351964588,55000,55000
374db0a9689de36c8bdb63f339b035e8c8d94a7f,1816.42,70.69,7.345176205,54000,54000
374db0a9689de36c8bdb63f339b035e8c8d94a7f,1823.99,70.83,7.380780903,56000,55000
374db0a9689de36c8bdb63f339b035e8c8d94a7f,1839.52,71.53,7.454713180,55000,54000
374db0a9689de36c8bdb63f339b035e8c8d94a7f,1812.58,70.51,7.357850599,55000,54000
4c78f0d974dafcefd44c1a9294ba993addfeb753,1773.74,68.85,7.207328270,56000,55000
4c78f0d974dafcefd44c1a9294ba993addfeb753,1798.12,70.20,7.286610460,55000,56000
4c78f0d974dafcefd44c1a9294ba993addfeb753,1837.54,71.89,7.431871933,55000,55000
4c78f0d974dafcefd44c1a9294ba993addfeb753,1827.61,71.26,7.409638881,55000,54000
4c78f0d974dafcefd44c1a9294ba993addfeb753,1806.63,70.18,7.332013247,55000,56000
4c78f0d974dafcefd44c1a9294ba993addfeb753,1815.41,70.70,7.349264800,56000,55000
4c78f0d974dafcefd44c1a9294ba993addfeb753,1809.02,70.76,7.314071589,55000,54000
4c78f0d974dafcefd44c1a9294ba993addfeb753,1790.06,69.35,7.266979759,55000,55000
4c78f0d974dafcefd44c1a9294ba993addfeb753,1819.66,70.83,7.371977100,56000,55000
4c78f0d974dafcefd44c1a9294ba993addfeb753,1823.01,70.96,7.391023819,55000,55000
4c78f0d974dafcefd44c1a9294ba993addfeb753,1808.24,70.55,7.309345457,55000,55000
4c78f0d974dafcefd44c1a9294ba993addfeb753,1819.46,70.50,7.379982706,54000,55000
4c78f0d974dafcefd44c1a9294ba993addfeb753,1802.97,70.35,7.310010767,54000,55000
4c78f0d974dafcefd44c1a9294ba993addfeb753,1819.48,70.71,7.384259505,55000,55000
4c78f0d974dafcefd44c1a9294ba993addfeb753,1808.53,70.45,7.307287418,55000,56000
4c78f0d974dafcefd44c1a9294ba993addfeb753,1821.29,70.84,7.392881502,55000,54000
4c78f0d974dafcefd44c1a9294ba993addfeb753,1814.30,70.88,7.357682854,54000,55000
4c78f0d974dafcefd44c1a9294ba993addfeb753,1807.30,70.55,7.334153890,55000,54000
4c78f0d974dafcefd44c1a9294ba993addfeb753,1790.08,69.77,7.243990996,56000,55000
4c78f0d974dafcefd44c1a9294ba993addfeb753,1799.58,70.06,7.298692724,55000,54000
4c78f0d974dafcefd44c1a9294ba993addfeb753,1825.99,70.89,7.416651709,56000,56000
4c78f0d974dafcefd44c1a9294ba993addfeb753,1802.96,70.30,7.306467717,55000,54000
4c78f0d974dafcefd44c1a9294ba993addfeb753,1796.51,69.89,7.267528915,55000,56000
4c78f0d974dafcefd44c1a9294ba993addfeb753,1817.47,71.06,7.348250412,56000,56000
4c78f0d974dafcefd44c1a9294ba993addfeb753,1822.45,70.98,7.389337597,54000,55000
4c78f0d974dafcefd44c1a9294ba993addfeb753,1800.27,69.82,7.287716214,56000,55000
4c78f0d974dafcefd44c1a9294ba993addfeb753,1795.12,69.81,7.284064728,55000,54000
4c78f0d974dafcefd44c1a9294ba993addfeb753,1809.45,70.12,7.337638115,54000,54000
4c78f0d974dafcefd44c1a9294ba993addfeb753,1812.39,70.43,7.351562883,54000,55000
4c78f0d974dafcefd44c1a9294ba993addfeb753,1808.75,70.22,7.329837940,54000,54000
e1ca88f80a58fd777744eb29753b3fa0c02882f4,1845.99,71.51,7.494451420,54000,55000
e1ca88f80a58fd777744eb29753b3fa0c02882f4,1821.68,71.00,7.400970108,54000,54000
e1ca88f80a58fd777744eb29753b3fa0c02882f4,1824.44,70.84,7.409449460,54000,54000
e1ca88f80a58fd777744eb29753b3fa0c02882f4,1808.70,70.03,7.344393481,55000,54000
e1ca88f80a58fd777744eb29753b3fa0c02882f4,1818.48,70.44,7.367071641,55000,54000
e1ca88f80a58fd777744eb29753b3fa0c02882f4,1817.73,70.81,7.356859583,55000,55000
e1ca88f80a58fd777744eb29753b3fa0c02882f4,1826.52,70.92,7.412052149,55000,55000
e1ca88f80a58fd777744eb29753b3fa0c02882f4,1801.04,70.04,7.297094374,55000,54000
e1ca88f80a58fd777744eb29753b3fa0c02882f4,1818.90,70.93,7.350789141,55000,54000
e1ca88f80a58fd777744eb29753b3fa0c02882f4,1801.30,69.94,7.317003664,54000,56000
e1ca88f80a58fd777744eb29753b3fa0c02882f4,1843.96,71.89,7.466514798,54000,56000
e1ca88f80a58fd777744eb29753b3fa0c02882f4,1822.27,70.87,7.370910983,56000,54000
e1ca88f80a58fd777744eb29753b3fa0c02882f4,1817.47,70.36,7.358518866,54000,55000
e1ca88f80a58fd777744eb29753b3fa0c02882f4,1815.47,70.74,7.375071580,56000,55000
e1ca88f80a58fd777744eb29753b3fa0c02882f4,1811.04,70.39,7.336755197,55000,54000
e1ca88f80a58fd777744eb29753b3fa0c02882f4,1813.24,70.36,7.346958622,55000,54000
e1ca88f80a58fd777744eb29753b3fa0c02882f4,1832.90,71.39,7.443605709,55000,55000
e1ca88f80a58fd777744eb29753b3fa0c02882f4,1793.02,69.76,7.280888315,55000,55000
e1ca88f80a58fd777744eb29753b3fa0c02882f4,1823.73,71.35,7.392043378,54000,54000
e1ca88f80a58fd777744eb29753b3fa0c02882f4,1841.69,71.79,7.475768793,55000,56000
e1ca88f80a58fd777744eb29753b3fa0c02882f4,1815.64,70.79,7.373508363,56000,56000
e1ca88f80a58fd777744eb29753b3fa0c02882f4,1826.56,70.94,7.398034118,55000,55000
e1ca88f80a58fd777744eb29753b3fa0c02882f4,1819.86,70.48,7.387070253,55000,55000
e1ca88f80a58fd777744eb29753b3fa0c02882f4,1815.84,70.50,7.363701221,55000,55000
e1ca88f80a58fd777744eb29753b3fa0c02882f4,1823.48,70.75,7.393742512,56000,55000
e1ca88f80a58fd777744eb29753b3fa0c02882f4,1817.32,70.36,7.377794043,56000,55000
e1ca88f80a58fd777744eb29753b3fa0c02882f4,1819.45,70.44,7.373890583,56000,56000
e1ca88f80a58fd777744eb29753b3fa0c02882f4,1817.65,70.27,7.370600976,56000,54000
e1ca88f80a58fd777744eb29753b3fa0c02882f4,1806.49,69.97,7.326399438,54000,54000
e1ca88f80a58fd777744eb29753b3fa0c02882f4,1801.52,70.05,7.313666810,54000,54000
8a7e9a65f62f04e931968db8a7050fe66b05e4eb,1786.20,69.09,7.261733811,54000,54000
8a7e9a65f62f04e931968db8a7050fe66b05e4eb,1800.00,69.95,7.301120027,55000,54000
8a7e9a65f62f04e931968db8a7050fe66b05e4eb,1831.31,70.98,7.431233155,54000,55000
8a7e9a65f62f04e931968db8a7050fe66b05e4eb,1812.62,70.65,7.356728120,55000,55000
8a7e9a65f62f04e931968db8a7050fe66b05e4eb,1821.80,70.98,7.380533504,54000,54000
8a7e9a65f62f04e931968db8a7050fe66b05e4eb,1819.79,71.07,7.378783121,54000,55000
8a7e9a65f62f04e931968db8a7050fe66b05e4eb,1774.54,68.81,7.213212585,55000,54000
8a7e9a65f62f04e931968db8a7050fe66b05e4eb,1813.14,70.76,7.341245863,55000,55000
8a7e9a65f62f04e931968db8a7050fe66b05e4eb,1815.54,70.93,7.349259322,55000,55000
8a7e9a65f62f04e931968db8a7050fe66b05e4eb,1830.65,71.10,7.412272767,54000,55000
8a7e9a65f62f04e931968db8a7050fe66b05e4eb,1829.93,71.14,7.427220113,54000,55000
8a7e9a65f62f04e931968db8a7050fe66b05e4eb,1794.47,69.62,7.279601234,54000,54000
8a7e9a65f62f04e931968db8a7050fe66b05e4eb,1833.21,71.37,7.423374972,56000,55000
8a7e9a65f62f04e931968db8a7050fe66b05e4eb,1793.23,69.83,7.267306574,55000,54000
8a7e9a65f62f04e931968db8a7050fe66b05e4eb,1808.54,70.62,7.321800407,54000,55000
8a7e9a65f62f04e931968db8a7050fe66b05e4eb,1819.71,71.26,7.370271908,55000,54000
8a7e9a65f62f04e931968db8a7050fe66b05e4eb,1808.89,70.46,7.345355129,54000,54000
8a7e9a65f62f04e931968db8a7050fe66b05e4eb,1848.28,72.43,7.486035450,55000,55000
8a7e9a65f62f04e931968db8a7050fe66b05e4eb,1801.74,69.91,7.321394594,56000,55000
8a7e9a65f62f04e931968db8a7050fe66b05e4eb,1821.49,70.93,7.378031513,55000,55000
8a7e9a65f62f04e931968db8a7050fe66b05e4eb,1799.18,69.81,7.307776898,54000,55000
8a7e9a65f62f04e931968db8a7050fe66b05e4eb,1797.35,69.95,7.296068618,55000,55000
8a7e9a65f62f04e931968db8a7050fe66b05e4eb,1807.88,70.46,7.336746718,55000,55000
8a7e9a65f62f04e931968db8a7050fe66b05e4eb,1832.87,71.52,7.418158674,55000,55000
8a7e9a65f62f04e931968db8a7050fe66b05e4eb,1842.71,71.58,7.459317688,55000,55000
8a7e9a65f62f04e931968db8a7050fe66b05e4eb,1817.08,70.48,7.375530281,55000,56000
8a7e9a65f62f04e931968db8a7050fe66b05e4eb,1817.21,70.58,7.359033045,56000,56000
8a7e9a65f62f04e931968db8a7050fe66b05e4eb,1805.22,69.94,7.323516885,56000,55000
8a7e9a65f62f04e931968db8a7050fe66b05e4eb,1843.40,71.84,7.469497915,54000,56000
8a7e9a65f62f04e931968db8a7050fe66b05e4eb,1842.17,71.72,7.466748815,56000,54000
b731d6ed025728371c3d539dbfaaf647e69d17dd,1787.32,69.44,7.266631869,54000,55000
b731d6ed025728371c3d539dbfaaf647e69d17dd,1799.15,69.99,7.287424637,55000,54000
b731d6ed025728371c3d539dbfaaf647e69d17dd,1797.03,69.57,7.301208029,55000,55000
b731d6ed025728371c3d539dbfaaf647e69d17dd,1807.07,70.42,7.340735519,54000,55000
b731d6ed025728371c3d539dbfaaf647e69d17dd,1817.36,70.80,7.362118411,54000,55000
b731d6ed025728371c3d539dbfaaf647e69d17dd,1812.06,70.27,7.362802197,54000,55000
b731d6ed025728371c3d539dbfaaf647e69d17dd,1827.56,71.23,7.392586581,56000,56000
b731d6ed025728371c3d539dbfaaf647e69d17dd,1809.71,70.65,7.332370842,54000,55000
b731d6ed025728371c3d539dbfaaf647e69d17dd,1813.03,70.71,7.348666221,55000,55000
b731d6ed025728371c3d539dbfaaf647e69d17dd,1807.53,70.63,7.315365931,55000,55000
b731d6ed025728371c3d539dbfaaf647e69d17dd,1814.46,70.27,7.364958409,55000,55000
b731d6ed025728371c3d539dbfaaf647e69d17dd,1805.85,70.03,7.334147623,55000,55000
b731d6ed025728371c3d539dbfaaf647e69d17dd,1812.81,70.43,7.349888310,54000,54000
b731d6ed025728371c3d539dbfaaf647e69d17dd,1795.74,69.62,7.270086999,54000,56000
b731d6ed025728371c3d539dbfaaf647e69d17dd,1839.69,71.71,7.438143991,55000,54000
b731d6ed025728371c3d539dbfaaf647e69d17dd,1823.58,71.24,7.377571296,55000,56000
b731d6ed025728371c3d539dbfaaf647e69d17dd,1815.79,70.60,7.355848562,55000,55000
b731d6ed025728371c3d539dbfaaf647e69d17dd,1819.84,71.06,7.358050114,54000,55000
b731d6ed025728371c3d539dbfaaf647e69d17dd,1817.35,70.65,7.379316606,55000,54000
b731d6ed025728371c3d539dbfaaf647e69d17dd,1801.94,69.96,7.315035589,55000,54000
b731d6ed025728371c3d539dbfaaf647e69d17dd,1813.98,70.67,7.358588876,55000,55000
b731d6ed025728371c3d539dbfaaf647e69d17dd,1820.70,70.89,7.390736979,54000,54000
b731d6ed025728371c3d539dbfaaf647e69d17dd,1827.49,71.05,7.417558452,55000,55000
b731d6ed025728371c3d539dbfaaf647e69d17dd,1797.01,69.85,7.299256789,55000,55000
b731d6ed025728371c3d539dbfaaf647e69d17dd,1819.01,70.54,7.377324562,56000,55000
b731d6ed025728371c3d539dbfaaf647e69d17dd,1814.20,70.42,7.357270565,55000,55000
b731d6ed025728371c3d539dbfaaf647e69d17dd,1819.66,70.75,7.381702764,56000,55000
b731d6ed025728371c3d539dbfaaf647e69d17dd,1817.00,70.24,7.373010810,55000,56000
b731d6ed025728371c3d539dbfaaf647e69d17dd,1828.58,71.32,7.392658285,55000,56000
b731d6ed025728371c3d539dbfaaf647e69d17dd,1837.38,72.07,7.451958676,54000,55000
4df6fd47fa82107d58b20666f2691d1a7b26f178,1786.88,69.31,7.253192695,55000,54000
4df6fd47fa82107d58b20666f2691d1a7b26f178,1805.57,70.47,7.309663099,54000,54000
4df6fd47fa82107d58b20666f2691d1a7b26f178,1813.45,70.64,7.354449285,54000,54000
4df6fd47fa82107d58b20666f2691d1a7b26f178,1810.63,70.41,7.345507793,54000,54000
4df6fd47fa82107d58b20666f2691d1a7b26f178,1826.85,71.07,7.399347825,54000,54000
4df6fd47fa82107d58b20666f2691d1a7b26f178,1812.56,70.57,7.347850478,54000,55000
4df6fd47fa82107d58b20666f2691d1a7b26f178,1824.39,70.95,7.405605223,55000,54000
4df6fd47fa82107d58b20666f2691d1a7b26f178,1837.34,71.25,7.427432737,56000,55000
4df6fd47fa82107d58b20666f2691d1a7b26f178,1793.26,69.64,7.279176066,56000,55000
4df6fd47fa82107d58b20666f2691d1a7b26f178,1820.14,70.77,7.363257631,55000,55000
4df6fd47fa82107d58b20666f2691d1a7b26f178,1809.95,70.39,7.345528769,55000,54000
4df6fd47fa82107d58b20666f2691d1a7b26f178,1798.27,69.96,7.288025873,56000,56000
4df6fd47fa82107d58b20666f2691d1a7b26f178,1840.86,71.77,7.459802532,56000,56000
4df6fd47fa82107d58b20666f2691d1a7b26f178,1803.19,69.91,7.303606109,55000,54000
4df6fd47fa82107d58b20666f2691d1a7b26f178,1807.55,70.41,7.327749757,55000,55000
4df6fd47fa82107d58b20666f2691d1a7b26f178,1787.30,69.54,7.236459476,56000,55000
4df6fd47fa82107d58b20666f2691d1a7b26f178,1824.61,71.13,7.389602011,55000,54000
4df6fd47fa82107d58b20666f2691d1a7b26f178,1811.51,70.29,7.350729203,55000,55000
4df6fd47fa82107d58b20666f2691d1a7b26f178,1797.85,69.79,7.293586972,54000,54000
4df6fd47fa82107d58b20666f2691d1a7b26f178,1836.17,71.54,7.432335808,55000,56000
4df6fd47fa82107d58b20666f2691d1a7b26f178,1795.84,69.91,7.285513320,54000,56000
4df6fd47fa82107d58b20666f2691d1a7b26f178,1821.95,71.49,7.375559061,55000,54000
4df6fd47fa82107d58b20666f2691d1a7b26f178,1811.35,70.53,7.352619648,55000,55000
4df6fd47fa82107d58b20666f2691d1a7b26f178,1830.30,71.22,7.414005309,55000,54000
4df6fd47fa82107d58b20666f2691d1a7b26f178,1797.96,69.90,7.284242452,55000,55000
4df6fd47fa82107d58b20666f2691d1a7b26f178,1836.31,71.21,7.442081202,55000,56000
4df6fd47fa82107d58b20666f2691d1a7b26f178,1829.29,70.91,7.413624928,55000,55000
4df6fd47fa82107d58b20666f2691d1a7b26f178,1808.29,70.43,7.324753202,56000,56000
4df6fd47fa82107d58b20666f2691d1a7b26f178,1804.17,70.27,7.322119632,56000,55000
4df6fd47fa82107d58b20666f2691d1a7b26f178,1814.94,70.53,7.350860091,55000,54000
1d215f8cb45bb4c3b0bb04c27f0b33ea6c8cb3e6,1812.45,70.99,7.412881868,56000,56000
1d215f8cb45bb4c3b0bb04c27f0b33ea6c8cb3e6,1823.21,70.67,7.402511862,55000,54000
1d215f8cb45bb4c3b0bb04c27f0b33ea6c8cb3e6,1829.41,71.10,7.407315722,54000,55000
1d215f8cb45bb4c3b0bb04c27f0b33ea6c8cb3e6,1816.06,70.97,7.349140804,54000,54000
1d215f8cb45bb4c3b0bb04c27f0b33ea6c8cb3e6,1818.31,70.61,7.384960137,54000,54000
1d215f8cb45bb4c3b0bb04c27f0b33ea6c8cb3e6,1811.60,70.36,7.362931180,54000,54000
1d215f8cb45bb4c3b0bb04c27f0b33ea6c8cb3e6,1820.61,71.09,7.365182547,55000,55000
1d215f8cb45bb4c3b0bb04c27f0b33ea6c8cb3e6,1807.48,70.28,7.318258709,54000,55000
1d215f8cb45bb4c3b0bb04c27f0b33ea6c8cb3e6,1837.10,71.15,7.447394439,54000,54000
1d215f8cb45bb4c3b0bb04c27f0b33ea6c8cb3e6,1816.99,70.66,7.361383693,54000,54000
1d215f8cb45bb4c3b0bb04c27f0b33ea6c8cb3e6,1830.20,70.88,7.412923334,54000,55000
1d215f8cb45bb4c3b0bb04c27f0b33ea6c8cb3e6,1818.79,70.84,7.374634736,55000,56000
1d215f8cb45bb4c3b0bb04c27f0b33ea6c8cb3e6,1832.18,71.08,7.435974507,55000,55000
1d215f8cb45bb4c3b0bb04c27f0b33ea6c8cb3e6,1804.98,70.26,7.326197827,55000,55000
1d215f8cb45bb4c3b0bb04c27f0b33ea6c8cb3e6,1812.66,70.68,7.350782390,55000,55000
1d215f8cb45bb4c3b0bb04c27f0b33ea6c8cb3e6,1807.74,70.57,7.319271360,55000,54000
1d215f8cb45bb4c3b0bb04c27f0b33ea6c8cb3e6,1822.97,71.10,7.399122447,55000,54000
1d215f8cb45bb4c3b0bb04c27f0b33ea6c8cb3e6,1808.90,70.48,7.346056823,54000,55000
1d215f8cb45bb4c3b0bb04c27f0b33ea6c8cb3e6,1817.11,71.09,7.341453505,55000,56000
1d215f8cb45bb4c3b0bb04c27f0b33ea6c8cb3e6,1826.57,71.08,7.416662425,54000,54000
1d215f8cb45bb4c3b0bb04c27f0b33ea6c8cb3e6,1823.86,71.07,7.378072489,55000,54000
1d215f8cb45bb4c3b0bb04c27f0b33ea6c8cb3e6,1799.77,70.02,7.303741518,55000,54000
1d215f8cb45bb4c3b0bb04c27f0b33ea6c8cb3e6,1789.60,69.57,7.263823081,54000,55000
1d215f8cb45bb4c3b0bb04c27f0b33ea6c8cb3e6,1829.01,70.94,7.426378555,54000,55000
1d215f8cb45bb4c3b0bb04c27f0b33ea6c8cb3e6,1803.15,70.33,7.290982171,55000,55000
1d215f8cb45bb4c3b0bb04c27f0b33ea6c8cb3e6,1826.22,70.86,7.404908045,55000,56000
1d215f8cb45bb4c3b0bb04c27f0b33ea6c8cb3e6,1815.73,70.62,7.351486012,56000,56000
1d215f8cb45bb4c3b0bb04c27f0b33ea6c8cb3e6,1846.31,72.01,7.472820607,54000,56000
1d215f8cb45bb4c3b0bb04c27f0b33ea6c8cb3e6,1817.85,70.78,7.336383646,55000,55000
1d215f8cb45bb4c3b0bb04c27f0b33ea6c8cb3e6,1805.63,70.04,7.333387780,55000,55000
c52440477fb4414e68a3d5b36a8612d60d7c3354,1803.94,70.23,7.320445154,54000,54000
c52440477fb4414e68a3d5b36a8612d60d7c3354,1819.64,70.69,7.381092973,54000,54000
c52440477fb4414e68a3d5b36a8612d60d7c3354,1802.29,70.04,7.290355957,54000,55000
c52440477fb4414e68a3d5b36a8612d60d7c3354,1799.57,69.90,7.288658002,54000,55000
c52440477fb4414e68a3d5b36a8612d60d7c3354,1811.12,70.65,7.333354587,54000,54000
c52440477fb4414e68a3d5b36a8612d60d7c3354,1796.17,70.21,7.264251897,55000,55000
c52440477fb4414e68a3d5b36a8612d60d7c3354,1811.80,70.33,7.333793848,55000,56000
c52440477fb4414e68a3d5b36a8612d60d7c3354,1797.84,69.99,7.275355989,55000,55000
c52440477fb4414e68a3d5b36a8612d60d7c3354,1827.42,70.88,7.420010232,54000,55000
c52440477fb4414e68a3d5b36a8612d60d7c3354,1798.51,70.09,7.297105360,55000,55000
c52440477fb4414e68a3d5b36a8612d60d7c3354,1819.97,70.85,7.393349965,54000,55000
c52440477fb4414e68a3d5b36a8612d60d7c3354,1823.31,70.85,7.409726828,55000,54000
c52440477fb4414e68a3d5b36a8612d60d7c3354,1809.88,70.57,7.335225077,55000,55000
c52440477fb4414e68a3d5b36a8612d60d7c3354,1811.89,70.82,7.346651940,54000,54000
c52440477fb4414e68a3d5b36a8612d60d7c3354,1811.91,70.70,7.333864221,56000,55000
c52440477fb4414e68a3d5b36a8612d60d7c3354,1801.66,70.09,7.316951348,55000,54000
c52440477fb4414e68a3d5b36a8612d60d7c3354,1844.70,71.81,7.471058485,56000,55000
c52440477fb4414e68a3d5b36a8612d60d7c3354,1787.57,69.79,7.240791621,55000,55000
c52440477fb4414e68a3d5b36a8612d60d7c3354,1841.64,71.80,7.451991864,55000,54000
c52440477fb4414e68a3d5b36a8612d60d7c3354,1827.26,71.17,7.396986678,55000,54000
c52440477fb4414e68a3d5b36a8612d60d7c3354,1813.86,70.30,7.358048946,56000,55000
c52440477fb4414e68a3d5b36a8612d60d7c3354,1804.19,69.87,7.302851249,55000,55000
c52440477fb4414e68a3d5b36a8612d60d7c3354,1804.99,70.22,7.311625869,55000,56000
c52440477fb4414e68a3d5b36a8612d60d7c3354,1810.01,70.80,7.328327208,56000,54000
c52440477fb4414e68a3d5b36a8612d60d7c3354,1809.30,70.17,7.335361891,55000,54000
c52440477fb4414e68a3d5b36a8612d60d7c3354,1811.75,70.46,7.333940174,55000,55000
c52440477fb4414e68a3d5b36a8612d60d7c3354,1813.42,70.72,7.351290379,55000,56000
c52440477fb4414e68a3d5b36a8612d60d7c3354,1790.00,69.82,7.255312806,55000,55000
c52440477fb4414e68a3d5b36a8612d60d7c3354,1804.67,70.02,7.315804039,54000,55000
c52440477fb4414e68a3d5b36a8612d60d7c3354,1832.49,71.61,7.416778583,55000,54000
835999905ddb7b78e6ba69a98194ea1e5b90bb79,1812.17,70.75,7.364653878,54000,55000
835999905ddb7b78e6ba69a98194ea1e5b90bb79,1787.09,69.46,7.245053497,54000,54000
835999905ddb7b78e6ba69a98194ea1e5b90bb79,1809.59,70.63,7.315523841,55000,54000
835999905ddb7b78e6ba69a98194ea1e5b90bb79,1819.52,70.94,7.360975347,55000,54000
835999905ddb7b78e6ba69a98194ea1e5b90bb79,1787.92,69.39,7.252880822,55000,54000
835999905ddb7b78e6ba69a98194ea1e5b90bb79,1800.61,69.94,7.298658529,55000,55000
835999905ddb7b78e6ba69a98194ea1e5b90bb79,1820.65,71.09,7.356261301,56000,56000
835999905ddb7b78e6ba69a98194ea1e5b90bb79,1800.04,70.16,7.301115839,55000,54000
835999905ddb7b78e6ba69a98194ea1e5b90bb79,1828.30,71.10,7.395001496,56000,55000
835999905ddb7b78e6ba69a98194ea1e5b90bb79,1816.04,70.47,7.373142756,54000,56000
835999905ddb7b78e6ba69a98194ea1e5b90bb79,1811.89,70.53,7.350321527,54000,54000
835999905ddb7b78e6ba69a98194ea1e5b90bb79,1810.70,70.52,7.331852669,55000,55000
835999905ddb7b78e6ba69a98194ea1e5b90bb79,1822.90,70.89,7.388337616,55000,54000
835999905ddb7b78e6ba69a98194ea1e5b90bb79,1814.59,70.62,7.357292812,54000,54000
835999905ddb7b78e6ba69a98194ea1e5b90bb79,1823.74,71.10,7.378212150,54000,54000
835999905ddb7b78e6ba69a98194ea1e5b90bb79,1804.45,70.46,7.290574188,55000,54000
835999905ddb7b78e6ba69a98194ea1e5b90bb79,1783.44,69.28,7.244832291,55000,55000
835999905ddb7b78e6ba69a98194ea1e5b90bb79,1811.67,70.93,7.333513927,54000,55000
835999905ddb7b78e6ba69a98194ea1e5b90bb79,1775.36,69.28,7.189463832,55000,56000
835999905ddb7b78e6ba69a98194ea1e5b90bb79,1808.50,70.29,7.337171941,54000,54000
835999905ddb7b78e6ba69a98194ea1e5b90bb79,1810.91,70.72,7.323680870,55000,56000
835999905ddb7b78e6ba69a98194ea1e5b90bb79,1829.12,71.27,7.406932502,55000,55000
835999905ddb7b78e6ba69a98194ea1e5b90bb79,1798.73,69.88,7.290031591,54000,55000
835999905ddb7b78e6ba69a98194ea1e5b90bb79,1810.47,70.48,7.334993824,55000,55000
835999905ddb7b78e6ba69a98194ea1e5b90bb79,1813.25,70.41,7.351290113,55000,54000
835999905ddb7b78e6ba69a98194ea1e5b90bb79,1805.22,70.06,7.321004292,55000,56000
835999905ddb7b78e6ba69a98194ea1e5b90bb79,1814.55,70.13,7.358646313,56000,55000
835999905ddb7b78e6ba69a98194ea1e5b90bb79,1804.26,70.23,7.301973050,55000,54000
835999905ddb7b78e6ba69a98194ea1e5b90bb79,1813.26,70.34,7.348493384,55000,54000
835999905ddb7b78e6ba69a98194ea1e5b90bb79,1811.42,70.63,7.330521986,54000,55000
d897f0a4807620c9041e95acfbc261457cf795e4,1784.72,70.01,7.289845736,55000,56000
d897f0a4807620c9041e95acfbc261457cf795e4,1779.58,69.45,7.266522113,56000,56000
d897f0a4807620c9041e95acfbc261457cf795e4,1807.19,70.65,7.328725068,54000,54000
d897f0a4807620c9041e95acfbc261457cf795e4,1794.43,69.62,7.294161574,55000,54000
d897f0a4807620c9041e95acfbc261457cf795e4,1786.22,69.50,7.261668907,54000,54000
d897f0a4807620c9041e95acfbc261457cf795e4,1797.25,69.69,7.288968178,54000,54000
d897f0a4807620c9041e95acfbc261457cf795e4,1798.18,70.23,7.279406286,54000,54000
d897f0a4807620c9041e95acfbc261457cf795e4,1793.07,69.95,7.274264120,54000,55000
d897f0a4807620c9041e95acfbc261457cf795e4,1812.09,70.50,7.356744428,55000,55000
d897f0a4807620c9041e95acfbc261457cf795e4,1790.85,69.24,7.274262012,54000,55000
d897f0a4807620c9041e95acfbc261457cf795e4,1797.19,69.69,7.319726938,55000,54000
d897f0a4807620c9041e95acfbc261457cf795e4,1827.34,70.96,7.400174359,56000,55000
d897f0a4807620c9041e95acfbc261457cf795e4,1821.44,71.16,7.352633733,54000,55000
d897f0a4807620c9041e95acfbc261457cf795e4,1795.17,69.73,7.272007070,55000,55000
d897f0a4807620c9041e95acfbc261457cf795e4,1791.37,69.78,7.249457260,54000,54000
d897f0a4807620c9041e95acfbc261457cf795e4,1815.49,70.38,7.376946799,55000,55000
d897f0a4807620c9041e95acfbc261457cf795e4,1825.75,71.32,7.383034174,55000,56000
d897f0a4807620c9041e95acfbc261457cf795e4,1792.40,70.20,7.255546672,55000,55000
d897f0a4807620c9041e95acfbc261457cf795e4,1801.29,70.47,7.308718271,54000,54000
d897f0a4807620c9041e95acfbc261457cf795e4,1813.56,70.77,7.347265474,54000,55000
d897f0a4807620c9041e95acfbc261457cf795e4,1798.46,70.02,7.305688341,54000,56000
d897f0a4807620c9041e95acfbc261457cf795e4,1796.29,70.09,7.272861556,56000,55000
d897f0a4807620c9041e95acfbc261457cf795e4,1799.31,70.10,7.284704803,55000,54000
d897f0a4807620c9041e95acfbc261457cf795e4,1817.67,70.49,7.353754440,54000,56000
d897f0a4807620c9041e95acfbc261457cf795e4,1796.09,69.72,7.272015883,55000,56000
d897f0a4807620c9041e95acfbc261457cf795e4,1813.96,70.57,7.331725548,56000,54000
d897f0a4807620c9041e95acfbc261457cf795e4,1829.96,71.40,7.410111066,55000,56000
d897f0a4807620c9041e95acfbc261457cf795e4,1786.96,69.47,7.255924605,55000,54000
d897f0a4807620c9041e95acfbc261457cf795e4,1804.95,70.34,7.296775943,54000,54000
d897f0a4807620c9041e95acfbc261457cf795e4,1787.98,69.62,7.256791021,56000,55000
ee44c3843250f8ced7682abe324b0c280824fb2f,1792.83,70.36,7.329762792,56000,55000
ee44c3843250f8ced7682abe324b0c280824fb2f,1816.30,70.88,7.356634084,55000,55000
ee44c3843250f8ced7682abe324b0c280824fb2f,1799.55,69.99,7.291596979,55000,55000
ee44c3843250f8ced7682abe324b0c280824fb2f,1803.41,70.14,7.314524937,54000,54000
ee44c3843250f8ced7682abe324b0c280824fb2f,1788.67,69.36,7.248942013,54000,54000
ee44c3843250f8ced7682abe324b0c280824fb2f,1812.60,70.61,7.342179002,54000,55000
ee44c3843250f8ced7682abe324b0c280824fb2f,1801.19,70.03,7.305360711,55000,55000
ee44c3843250f8ced7682abe324b0c280824fb2f,1802.02,70.04,7.318590183,54000,55000
ee44c3843250f8ced7682abe324b0c280824fb2f,1816.54,70.83,7.357501946,56000,55000
ee44c3843250f8ced7682abe324b0c280824fb2f,1808.98,70.49,7.308724818,55000,55000
ee44c3843250f8ced7682abe324b0c280824fb2f,1816.18,70.72,7.346716220,55000,55000
ee44c3843250f8ced7682abe324b0c280824fb2f,1774.88,69.03,7.184596610,55000,55000
ee44c3843250f8ced7682abe324b0c280824fb2f,1799.54,70.05,7.291193823,55000,55000
ee44c3843250f8ced7682abe324b0c280824fb2f,1817.67,70.69,7.358532105,55000,54000
ee44c3843250f8ced7682abe324b0c280824fb2f,1803.91,70.24,7.312711302,54000,54000
ee44c3843250f8ced7682abe324b0c280824fb2f,1804.66,70.40,7.308844424,55000,55000
ee44c3843250f8ced7682abe324b0c280824fb2f,1825.68,71.18,7.402212475,55000,55000
ee44c3843250f8ced7682abe324b0c280824fb2f,1863.22,72.75,7.547635090,55000,55000
ee44c3843250f8ced7682abe324b0c280824fb2f,1793.16,69.85,7.263531502,54000,56000
ee44c3843250f8ced7682abe324b0c280824fb2f,1780.32,69.42,7.223284650,54000,55000
ee44c3843250f8ced7682abe324b0c280824fb2f,1828.19,71.06,7.400190442,54000,55000
ee44c3843250f8ced7682abe324b0c280824fb2f,1792.89,69.59,7.274053750,55000,55000
ee44c3843250f8ced7682abe324b0c280824fb2f,1810.21,70.27,7.344418046,55000,55000
ee44c3843250f8ced7682abe324b0c280824fb2f,1798.50,70.00,7.277166738,54000,54000
ee44c3843250f8ced7682abe324b0c280824fb2f,1824.54,71.25,7.374007948,54000,55000
ee44c3843250f8ced7682abe324b0c280824fb2f,1791.65,69.75,7.264726534,55000,54000
ee44c3843250f8ced7682abe324b0c280824fb2f,1784.21,69.50,7.235293268,54000,54000
ee44c3843250f8ced7682abe324b0c280824fb2f,1797.12,69.96,7.279735672,55000,55000
ee44c3843250f8ced7682abe324b0c280824fb2f,1798.85,69.61,7.285606923,54000,55000
ee44c3843250f8ced7682abe324b0c280824fb2f,1801.15,70.08,7.305003181,55000,54000
848d1b5c90727bf829baf668fe38819b8687a52c,1813.18,70.23,7.361615673,54000,54000
848d1b5c90727bf829baf668fe38819b8687a52c,1815.89,70.81,7.350565121,54000,54000
848d1b5c90727bf829baf668fe38819b8687a52c,1801.19,70.29,7.298798367,54000,54000
848d1b5c90727bf829baf668fe38819b8687a52c,1799.48,69.95,7.318235200,54000,55000
848d1b5c90727bf829baf668fe38819b8687a52c,1801.85,70.18,7.298301400,54000,55000
848d1b5c90727bf829baf668fe38819b8687a52c,1789.30,69.48,7.255358746,54000,54000
848d1b5c90727bf829baf668fe38819b8687a52c,1797.23,69.90,7.292160145,54000,55000
848d1b5c90727bf829baf668fe38819b8687a52c,1823.49,71.23,7.379162950,55000,55000
848d1b5c90727bf829baf668fe38819b8687a52c,1834.70,71.47,7.435360797,54000,54000
848d1b5c90727bf829baf668fe38819b8687a52c,1812.53,70.44,7.346144160,54000,56000
848d1b5c90727bf829baf668fe38819b8687a52c,1815.26,70.78,7.348823383,55000,55000
848d1b5c90727bf829baf668fe38819b8687a52c,1823.34,70.97,7.398096809,55000,54000
848d1b5c90727bf829baf668fe38819b8687a52c,1810.82,70.61,7.324013815,55000,55000
848d1b5c90727bf829baf668fe38819b8687a52c,1811.26,70.57,7.338930343,55000,55000
848d1b5c90727bf829baf668fe38819b8687a52c,1804.61,70.36,7.317022078,54000,55000
848d1b5c90727bf829baf668fe38819b8687a52c,1815.97,70.98,7.347991050,55000,55000
848d1b5c90727bf829baf668fe38819b8687a52c,1800.70,70.51,7.294367800,54000,56000
848d1b5c90727bf829baf668fe38819b8687a52c,1826.00,71.04,7.406098302,54000,55000
848d1b5c90727bf829baf668fe38819b8687a52c,1820.79,70.84,7.387572786,54000,54000
848d1b5c90727bf829baf668fe38819b8687a52c,1791.17,69.25,7.267163447,54000,55000
848d1b5c90727bf829baf668fe38819b8687a52c,1806.42,70.23,7.307525337,55000,54000
848d1b5c90727bf829baf668fe38819b8687a52c,1800.52,69.85,7.299628299,56000,55000
848d1b5c90727bf829baf668fe38819b8687a52c,1800.36,69.83,7.305493564,56000,56000
848d1b5c90727bf829baf668fe38819b8687a52c,1792.96,69.58,7.258830264,56000,56000
848d1b5c90727bf829baf668fe38819b8687a52c,1801.67,70.04,7.314505941,55000,55000
848d1b5c90727bf829baf668fe38819b8687a52c,1801.47,70.14,7.288065033,54000,55000
848d1b5c90727bf829baf668fe38819b8687a52c,1808.57,70.39,7.323527533,55000,55000
848d1b5c90727bf829baf668fe38819b8687a52c,1792.35,69.45,7.266476733,55000,54000
848d1b5c90727bf829baf668fe38819b8687a52c,1814.42,70.60,7.357441778,54000,54000
848d1b5c90727bf829baf668fe38819b8687a52c,1788.33,69.46,7.258685072,55000,54000
ae1afa98ec888a6b5add1eb6fb0101929c1c4efe,1821.25,70.96,7.371464195,54000,55000
ae1afa98ec888a6b5add1eb6fb0101929c1c4efe,1822.81,70.77,7.400157716,55000,54000
ae1afa98ec888a6b5add1eb6fb0101929c1c4efe,1813.39,70.63,7.349003348,54000,55000
ae1afa98ec888a6b5add1eb6fb0101929c1c4efe,1813.99,70.51,7.359106951,55000,55000
ae1afa98ec888a6b5add1eb6fb0101929c1c4efe,1810.83,70.43,7.342000508,55000,55000
ae1afa98ec888a6b5add1eb6fb0101929c1c4efe,1780.13,68.83,7.215948017,54000,55000
ae1afa98ec888a6b5add1eb6fb0101929c1c4efe,1786.76,69.20,7.230266970,54000,54000
ae1afa98ec888a6b5add1eb6fb0101929c1c4efe,1834.26,71.46,7.426703237,54000,55000
ae1afa98ec888a6b5add1eb6fb0101929c1c4efe,1801.98,70.34,7.292081551,54000,54000
ae1afa98ec888a6b5add1eb6fb0101929c1c4efe,1809.03,70.47,7.327183402,54000,55000
ae1afa98ec888a6b5add1eb6fb0101929c1c4efe,1800.68,70.20,7.295814591,55000,56000
ae1afa98ec888a6b5add1eb6fb0101929c1c4efe,1779.56,69.00,7.224605563,55000,55000
ae1afa98ec888a6b5add1eb6fb0101929c1c4efe,1787.03,69.65,7.227059823,55000,54000
ae1afa98ec888a6b5add1eb6fb0101929c1c4efe,1790.39,69.57,7.261879644,55000,55000
ae1afa98ec888a6b5add1eb6fb0101929c1c4efe,1809.77,70.24,7.337211626,55000,55000
ae1afa98ec888a6b5add1eb6fb0101929c1c4efe,1794.62,70.04,7.266724912,55000,55000
ae1afa98ec888a6b5add1eb6fb0101929c1c4efe,1794.31,69.95,7.270783278,55000,56000
ae1afa98ec888a6b5add1eb6fb0101929c1c4efe,1799.20,70.18,7.295082426,55000,55000
ae1afa98ec888a6b5add1eb6fb0101929c1c4efe,1821.90,70.95,7.392335285,54000,55000
ae1afa98ec888a6b5add1eb6fb0101929c1c4efe,1816.84,70.92,7.353430533,55000,54000
ae1afa98ec888a6b5add1eb6fb0101929c1c4efe,1801.27,70.33,7.289243989,54000,56000
ae1afa98ec888a6b5add1eb6fb0101929c1c4efe,1793.26,69.53,7.270463028,56000,55000
ae1afa98ec888a6b5add1eb6fb0101929c1c4efe,1811.05,70.26,7.337400121,54000,55000
ae1afa98ec888a6b5add1eb6fb0101929c1c4efe,1796.65,69.75,7.275134762,55000,56000
ae1afa98ec888a6b5add1eb6fb0101929c1c4efe,1815.70,70.58,7.367950740,56000,56000
ae1afa98ec888a6b5add1eb6fb0101929c1c4efe,1792.16,69.92,7.262376476,56000,55000
ae1afa98ec888a6b5add1eb6fb0101929c1c4efe,1848.86,71.97,7.501159402,54000,55000
ae1afa98ec888a6b5add1eb6fb0101929c1c4efe,1808.27,70.41,7.330353619,54000,54000
ae1afa98ec888a6b5add1eb6fb0101929c1c4efe,1809.83,70.46,7.333924875,55000,54000
ae1afa98ec888a6b5add1eb6fb0101929c1c4efe,1788.89,69.82,7.259937139,54000,54000
5bc64a65322366285a4204e3892f38d50daa9e0f,1794.48,70.27,7.310700094,56000,56000
5bc64a65322366285a4204e3892f38d50daa9e0f,1815.49,70.63,7.381584923,54000,55000
5bc64a65322366285a4204e3892f38d50daa9e0f,1794.29,69.68,7.268330947,55000,54000
5bc64a65322366285a4204e3892f38d50daa9e0f,1842.37,71.79,7.473207537,54000,54000
5bc64a65322366285a4204e3892f38d50daa9e0f,1830.60,71.22,7.417994980,55000,54000
5bc64a65322366285a4204e3892f38d50daa9e0f,1805.36,70.27,7.311900793,55000,55000
5bc64a65322366285a4204e3892f38d50daa9e0f,1786.63,69.48,7.247320933,55000,55000
5bc64a65322366285a4204e3892f38d50daa9e0f,1797.51,69.81,7.279419990,55000,55000
5bc64a65322366285a4204e3892f38d50daa9e0f,1791.21,69.43,7.257137697,56000,55000
5bc64a65322366285a4204e3892f38d50daa9e0f,1804.87,70.22,7.318363745,55000,54000
5bc64a65322366285a4204e3892f38d50daa9e0f,1797.37,69.92,7.286808591,55000,56000
5bc64a65322366285a4204e3892f38d50daa9e0f,1788.13,69.38,7.250075910,56000,55000
5bc64a65322366285a4204e3892f38d50daa9e0f,1813.75,70.79,7.335406025,56000,56000
5bc64a65322366285a4204e3892f38d50daa9e0f,1791.82,69.40,7.268890099,54000,55000
5bc64a65322366285a4204e3892f38d50daa9e0f,1810.55,70.82,7.336031122,54000,54000
5bc64a65322366285a4204e3892f38d50daa9e0f,1792.01,69.62,7.270161478,55000,55000
5bc64a65322366285a4204e3892f38d50daa9e0f,1826.73,71.47,7.397374533,55000,55000
5bc64a65322366285a4204e3892f38d50daa9e0f,1802.12,70.52,7.295652503,56000,55000
5bc64a65322366285a4204e3892f38d50daa9e0f,1780.53,69.17,7.221157121,56000,55000
5bc64a65322366285a4204e3892f38d50daa9e0f,1786.76,69.11,7.259755069,56000,54000
5bc64a65322366285a4204e3892f38d50daa9e0f,1804.00,69.64,7.329038429,55000,56000
5bc64a65322366285a4204e3892f38d50daa9e0f,1783.24,69.10,7.242170768,56000,55000
5bc64a65322366285a4204e3892f38d50daa9e0f,1800.08,69.90,7.286135361,56000,56000
5bc64a65322366285a4204e3892f38d50daa9e0f,1786.40,69.51,7.247866706,54000,55000
5bc64a65322366285a4204e3892f38d50daa9e0f,1797.27,69.67,7.292224827,55000,54000
5bc64a65322366285a4204e3892f38d50daa9e0f,1807.95,70.14,7.322869987,55000,56000
5bc64a65322366285a4204e3892f38d50daa9e0f,1787.77,69.63,7.250115163,56000,56000
5bc64a65322366285a4204e3892f38d50daa9e0f,1804.92,70.28,7.317837076,55000,54000
5bc64a65322366285a4204e3892f38d50daa9e0f,1821.87,70.76,7.385611148,55000,55000
5bc64a65322366285a4204e3892f38d50daa9e0f,1801.87,70.24,7.293504634,54000,54000
f4c2e8bdd5f2ee06640029d0d6fddfe72cfa2715,1794.41,69.70,7.273168112,55000,55000
f4c2e8bdd5f2ee06640029d0d6fddfe72cfa2715,1793.78,69.82,7.265615222,55000,54000
f4c2e8bdd5f2ee06640029d0d6fddfe72cfa2715,1792.60,69.58,7.267238271,55000,54000
f4c2e8bdd5f2ee06640029d0d6fddfe72cfa2715,1808.10,70.50,7.322385222,55000,55000
f4c2e8bdd5f2ee06640029d0d6fddfe72cfa2715,1802.61,69.97,7.320680157,55000,54000
f4c2e8bdd5f2ee06640029d0d6fddfe72cfa2715,1779.74,69.28,7.214375530,54000,54000
f4c2e8bdd5f2ee06640029d0d6fddfe72cfa2715,1805.31,70.27,7.291540707,54000,55000
f4c2e8bdd5f2ee06640029d0d6fddfe72cfa2715,1821.91,70.86,7.382197889,55000,55000
f4c2e8bdd5f2ee06640029d0d6fddfe72cfa2715,1812.47,70.38,7.358927444,54000,54000
f4c2e8bdd5f2ee06640029d0d6fddfe72cfa2715,1823.21,71.20,7.369605686,55000,56000
f4c2e8bdd5f2ee06640029d0d6fddfe72cfa2715,1828.80,71.00,7.425006784,55000,55000
f4c2e8bdd5f2ee06640029d0d6fddfe72cfa2715,1794.14,69.73,7.274762740,55000,54000
f4c2e8bdd5f2ee06640029d0d6fddfe72cfa2715,1815.79,70.65,7.354205428,55000,54000
f4c2e8bdd5f2ee06640029d0d6fddfe72cfa2715,1807.92,70.45,7.304475166,55000,54000
f4c2e8bdd5f2ee06640029d0d6fddfe72cfa2715,1797.19,69.69,7.290060691,54000,54000
f4c2e8bdd5f2ee06640029d0d6fddfe72cfa2715,1794.66,69.73,7.273811746,55000,56000
f4c2e8bdd5f2ee06640029d0d6fddfe72cfa2715,1795.40,69.71,7.297658087,55000,55000
f4c2e8bdd5f2ee06640029d0d6fddfe72cfa2715,1793.31,69.90,7.279118212,55000,54000
f4c2e8bdd5f2ee06640029d0d6fddfe72cfa2715,1805.38,70.25,7.320215765,55000,55000
f4c2e8bdd5f2ee06640029d0d6fddfe72cfa2715,1805.55,70.28,7.341145088,55000,56000
f4c2e8bdd5f2ee06640029d0d6fddfe72cfa2715,1808.90,70.28,7.350578910,55000,55000
f4c2e8bdd5f2ee06640029d0d6fddfe72cfa2715,1811.49,70.23,7.338691060,55000,55000
f4c2e8bdd5f2ee06640029d0d6fddfe72cfa2715,1802.70,69.89,7.312261389,55000,55000
f4c2e8bdd5f2ee06640029d0d6fddfe72cfa2715,1835.01,71.42,7.427479258,55000,55000
f4c2e8bdd5f2ee06640029d0d6fddfe72cfa2715,1795.57,69.70,7.270931524,56000,56000
f4c2e8bdd5f2ee06640029d0d6fddfe72cfa2715,1807.54,70.47,7.309703425,55000,56000
f4c2e8bdd5f2ee06640029d0d6fddfe72cfa2715,1776.71,69.03,7.215499472,54000,54000
f4c2e8bdd5f2ee06640029d0d6fddfe72cfa2715,1795.99,69.73,7.275157567,55000,55000
f4c2e8bdd5f2ee06640029d0d6fddfe72cfa2715,1815.06,70.60,7.350402800,55000,54000
f4c2e8bdd5f2ee06640029d0d6fddfe72cfa2715,1833.37,71.51,7.440012862,55000,55000
497d89bee728b14f2aed4f5a63d339135837e1e3,1794.45,69.58,7.285014174,55000,55000
497d89bee728b14f2aed4f5a63d339135837e1e3,1798.00,69.81,7.298380711,55000,54000
497d89bee728b14f2aed4f5a63d339135837e1e3,1798.26,70.05,7.277467983,54000,54000
497d89bee728b14f2aed4f5a63d339135837e1e3,1784.93,69.30,7.252883005,55000,55000
497d89bee728b14f2aed4f5a63d339135837e1e3,1810.84,70.64,7.339720622,54000,55000
497d89bee728b14f2aed4f5a63d339135837e1e3,1808.73,70.06,7.343651010,55000,54000
497d89bee728b14f2aed4f5a63d339135837e1e3,1793.48,70.03,7.268859779,55000,55000
497d89bee728b14f2aed4f5a63d339135837e1e3,1817.92,70.92,7.377155324,55000,56000
497d89bee728b14f2aed4f5a63d339135837e1e3,1790.81,69.60,7.256540803,55000,55000
497d89bee728b14f2aed4f5a63d339135837e1e3,1820.34,70.64,7.388551231,55000,55000
497d89bee728b14f2aed4f5a63d339135837e1e3,1806.58,70.11,7.331715496,54000,55000
497d89bee728b14f2aed4f5a63d339135837e1e3,1808.10,70.57,7.333651167,54000,54000
497d89bee728b14f2aed4f5a63d339135837e1e3,1798.90,70.04,7.290995411,55000,55000
497d89bee728b14f2aed4f5a63d339135837e1e3,1826.75,71.39,7.380583252,55000,55000
497d89bee728b14f2aed4f5a63d339135837e1e3,1804.16,70.51,7.305227660,54000,55000
497d89bee728b14f2aed4f5a63d339135837e1e3,1809.32,70.47,7.328738421,56000,55000
497d89bee728b14f2aed4f5a63d339135837e1e3,1802.84,70.17,7.308718122,54000,56000
497d89bee728b14f2aed4f5a63d339135837e1e3,1773.15,69.30,7.196402804,56000,54000
497d89bee728b14f2aed4f5a63d339135837e1e3,1814.53,70.96,7.333620711,54000,55000
497d89bee728b14f2aed4f5a63d339135837e1e3,1802.60,70.48,7.303259135,54000,54000
497d89bee728b14f2aed4f5a63d339135837e1e3,1801.67,69.87,7.307013330,55000,54000
497d89bee728b14f2aed4f5a63d339135837e1e3,1811.07,70.16,7.335846446,55000,55000
497d89bee728b14f2aed4f5a63d339135837e1e3,1798.77,69.89,7.277869475,55000,55000
497d89bee728b14f2aed4f5a63d339135837e1e3,1820.23,70.70,7.377958796,55000,55000
497d89bee728b14f2aed4f5a63d339135837e1e3,1799.83,69.94,7.285933488,56000,56000
497d89bee728b14f2aed4f5a63d339135837e1e3,1783.30,69.38,7.225518128,55000,54000
497d89bee728b14f2aed4f5a63d339135837e1e3,1793.09,69.64,7.267007373,55000,54000
497d89bee728b14f2aed4f5a63d339135837e1e3,1794.94,69.97,7.259442259,54000,55000
497d89bee728b14f2aed4f5a63d339135837e1e3,1805.12,70.19,7.316282077,54000,55000
497d89bee728b14f2aed4f5a63d339135837e1e3,1797.30,69.95,7.278497097,54000,56000
2ce5a9baf68cf77e71232408ab3771f96e95360c,1833.57,71.72,7.403138361,54000,54000
2ce5a9baf68cf77e71232408ab3771f96e95360c,1807.63,70.39,7.318848037,54000,54000
2ce5a9baf68cf77e71232408ab3771f96e95360c,1800.31,70.16,7.297601837,54000,54000
2ce5a9baf68cf77e71232408ab3771f96e95360c,1812.81,70.48,7.353645722,55000,54000
2ce5a9baf68cf77e71232408ab3771f96e95360c,1832.45,71.11,7.436524086,55000,55000
2ce5a9baf68cf77e71232408ab3771f96e95360c,1819.06,70.81,7.379349409,54000,54000
2ce5a9baf68cf77e71232408ab3771f96e95360c,1816.18,71.13,7.358473566,54000,54000
2ce5a9baf68cf77e71232408ab3771f96e95360c,1825.92,70.81,7.402663186,55000,54000
2ce5a9baf68cf77e71232408ab3771f96e95360c,1811.15,70.59,7.346214523,55000,55000
2ce5a9baf68cf77e71232408ab3771f96e95360c,1795.68,69.80,7.279546309,55000,55000
2ce5a9baf68cf77e71232408ab3771f96e95360c,1816.21,70.91,7.358784236,54000,54000
2ce5a9baf68cf77e71232408ab3771f96e95360c,1814.97,70.91,7.337921100,55000,55000
2ce5a9baf68cf77e71232408ab3771f96e95360c,1810.24,70.51,7.340540266,56000,56000
2ce5a9baf68cf77e71232408ab3771f96e95360c,1780.17,69.21,7.235400218,54000,55000
2ce5a9baf68cf77e71232408ab3771f96e95360c,1812.83,70.83,7.342839150,54000,55000
2ce5a9baf68cf77e71232408ab3771f96e95360c,1817.49,70.72,7.379687312,55000,56000
2ce5a9baf68cf77e71232408ab3771f96e95360c,1828.32,71.40,7.404984654,54000,55000
2ce5a9baf68cf77e71232408ab3771f96e95360c,1805.11,70.14,7.311644193,54000,56000
2ce5a9baf68cf77e71232408ab3771f96e95360c,1810.24,70.44,7.345875511,55000,55000
2ce5a9baf68cf77e71232408ab3771f96e95360c,1839.94,71.52,7.467820824,54000,55000
2ce5a9baf68cf77e71232408ab3771f96e95360c,1786.84,69.32,7.261731982,55000,55000
2ce5a9baf68cf77e71232408ab3771f96e95360c,1813.89,70.41,7.352550658,54000,54000
2ce5a9baf68cf77e71232408ab3771f96e95360c,1809.53,70.26,7.331883278,56000,56000
2ce5a9baf68cf77e71232408ab3771f96e95360c,1811.07,70.61,7.328277916,56000,56000
2ce5a9baf68cf77e71232408ab3771f96e95360c,1804.39,70.01,7.311512362,55000,55000
2ce5a9baf68cf77e71232408ab3771f96e95360c,1804.13,70.13,7.318016422,54000,56000
2ce5a9baf68cf77e71232408ab3771f96e95360c,1809.07,70.57,7.316652570,56000,55000
2ce5a9baf68cf77e71232408ab3771f96e95360c,1824.50,71.09,7.395711906,55000,55000
2ce5a9baf68cf77e71232408ab3771f96e95360c,1799.38,69.97,7.294974701,55000,55000
2ce5a9baf68cf77e71232408ab3771f96e95360c,1796.97,70.01,7.283348528,55000,55000
9ecae334b978bbec016831be03a574c107c0dbab,1789.76,70.12,7.265477104,55000,54000
9ecae334b978bbec016831be03a574c107c0dbab,1823.02,70.93,7.387467818,55000,55000
9ecae334b978bbec016831be03a574c107c0dbab,1811.22,70.66,7.327911183,54000,55000
9ecae334b978bbec016831be03a574c107c0dbab,1792.52,69.60,7.283501882,55000,54000
9ecae334b978bbec016831be03a574c107c0dbab,1846.63,71.98,7.498034711,55000,55000
9ecae334b978bbec016831be03a574c107c0dbab,1810.85,70.52,7.347922832,54000,55000
9ecae334b978bbec016831be03a574c107c0dbab,1800.09,69.91,7.290229859,55000,55000
9ecae334b978bbec016831be03a574c107c0dbab,1805.25,70.47,7.302658099,55000,54000
9ecae334b978bbec016831be03a574c107c0dbab,1800.42,70.09,7.298904269,55000,54000
9ecae334b978bbec016831be03a574c107c0dbab,1791.79,69.76,7.255992945,56000,55000
9ecae334b978bbec016831be03a574c107c0dbab,1801.32,70.16,7.293226363,55000,54000
9ecae334b978bbec016831be03a574c107c0dbab,1789.50,69.37,7.280105083,55000,55000
9ecae334b978bbec016831be03a574c107c0dbab,1819.92,70.66,7.368823211,54000,55000
9ecae334b978bbec016831be03a574c107c0dbab,1804.11,69.95,7.312651564,55000,55000
9ecae334b978bbec016831be03a574c107c0dbab,1825.95,71.17,7.398365020,54000,54000
9ecae334b978bbec016831be03a574c107c0dbab,1800.47,69.42,7.310835492,55000,56000
9ecae334b978bbec016831be03a574c107c0dbab,1810.07,70.30,7.347909355,55000,55000
9ecae334b978bbec016831be03a574c107c0dbab,1810.74,70.43,7.335592070,56000,55000
9ecae334b978bbec016831be03a574c107c0dbab,1809.35,70.50,7.331480159,54000,55000
9ecae334b978bbec016831be03a574c107c0dbab,1794.58,69.73,7.296260880,54000,54000
9ecae334b978bbec016831be03a574c107c0dbab,1806.63,70.43,7.333613635,54000,55000
9ecae334b978bbec016831be03a574c107c0dbab,1785.83,69.66,7.249602773,54000,55000
9ecae334b978bbec016831be03a574c107c0dbab,1827.58,70.79,7.429338585,54000,55000
9ecae334b978bbec016831be03a574c107c0dbab,1818.36,70.47,7.394491579,55000,55000
9ecae334b978bbec016831be03a574c107c0dbab,1786.97,69.41,7.249898912,55000,56000
9ecae334b978bbec016831be03a574c107c0dbab,1805.54,70.21,7.311239353,55000,54000
9ecae334b978bbec016831be03a574c107c0dbab,1847.42,72.21,7.476415618,54000,54000
9ecae334b978bbec016831be03a574c107c0dbab,1814.74,71.02,7.336179037,56000,55000
9ecae334b978bbec016831be03a574c107c0dbab,1822.25,70.85,7.391185012,55000,55000
9ecae334b978bbec016831be03a574c107c0dbab,1807.88,70.04,7.342612956,55000,55000
fb1a45c07e883aa894b64157a6b55fe7c1c706c3,1807.77,70.21,7.317979748,54000,54000
fb1a45c07e883aa894b64157a6b55fe7c1c706c3,1818.16,70.51,7.379330054,55000,54000
fb1a45c07e883aa894b64157a6b55fe7c1c706c3,1807.53,70.28,7.328256634,54000,55000
fb1a45c07e883aa894b64157a6b55fe7c1c706c3,1815.92,70.75,7.348099267,55000,54000
fb1a45c07e883aa894b64157a6b55fe7c1c706c3,1807.58,70.33,7.326497851,55000,55000
fb1a45c07e883aa894b64157a6b55fe7c1c706c3,1805.66,70.32,7.318790530,55000,55000
fb1a45c07e883aa894b64157a6b55fe7c1c706c3,1824.19,71.02,7.397017134,55000,55000
fb1a45c07e883aa894b64157a6b55fe7c1c706c3,1805.14,70.22,7.306021730,54000,54000
fb1a45c07e883aa894b64157a6b55fe7c1c706c3,1832.04,71.34,7.415836647,54000,56000
fb1a45c07e883aa894b64157a6b55fe7c1c706c3,1810.40,70.16,7.329313705,54000,55000
fb1a45c07e883aa894b64157a6b55fe7c1c706c3,1827.73,70.91,7.392319462,54000,55000
fb1a45c07e883aa894b64157a6b55fe7c1c706c3,1796.27,69.59,7.285237812,55000,55000
fb1a45c07e883aa894b64157a6b55fe7c1c706c3,1814.37,70.71,7.342745352,55000,55000
fb1a45c07e883aa894b64157a6b55fe7c1c706c3,1818.14,70.56,7.390639563,55000,55000
fb1a45c07e883aa894b64157a6b55fe7c1c706c3,1826.62,71.26,7.401764902,55000,55000
fb1a45c07e883aa894b64157a6b55fe7c1c706c3,1803.31,70.19,7.322395008,55000,55000
fb1a45c07e883aa894b64157a6b55fe7c1c706c3,1809.50,70.59,7.325722438,55000,55000
fb1a45c07e883aa894b64157a6b55fe7c1c706c3,1805.06,70.38,7.298072150,55000,54000
fb1a45c07e883aa894b64157a6b55fe7c1c706c3,1802.32,70.30,7.303797409,55000,55000
fb1a45c07e883aa894b64157a6b55fe7c1c706c3,1835.53,71.59,7.458100243,55000,55000
fb1a45c07e883aa894b64157a6b55fe7c1c706c3,1806.43,70.18,7.318119357,54000,55000
fb1a45c07e883aa894b64157a6b55fe7c1c706c3,1810.83,70.32,7.338746692,54000,56000
fb1a45c07e883aa894b64157a6b55fe7c1c706c3,1801.79,69.57,7.313955891,54000,55000
fb1a45c07e883aa894b64157a6b55fe7c1c706c3,1792.29,69.49,7.274087659,56000,54000
fb1a45c07e883aa894b64157a6b55fe7c1c706c3,1794.61,69.68,7.277224475,56000,55000
fb1a45c07e883aa894b64157a6b55fe7c1c706c3,1796.30,69.66,7.285140379,56000,55000
fb1a45c07e883aa894b64157a6b55fe7c1c706c3,1838.49,71.67,7.447638037,56000,56000
fb1a45c07e883aa894b64157a6b55fe7c1c706c3,1784.28,69.14,7.243172654,55000,55000
fb1a45c07e883aa894b64157a6b55fe7c1c706c3,1825.39,70.92,7.406775480,54000,55000
fb1a45c07e883aa894b64157a6b55fe7c1c706c3,1778.35,68.92,7.229635050,54000,54000
b553ab5d176ad1f528442cb4edfba79dece9e78c,1792.12,70.23,7.306069988,55000,56000
b553ab5d176ad1f528442cb4edfba79dece9e78c,1791.13,69.40,7.276595954,55000,54000
b553ab5d176ad1f528442cb4edfba79dece9e78c,1847.84,71.83,7.486427940,55000,54000
b553ab5d176ad1f528442cb4edfba79dece9e78c,1806.51,70.59,7.328474529,55000,55000
b553ab5d176ad1f528442cb4edfba79dece9e78c,1810.07,70.45,7.319277713,54000,54000
b553ab5d176ad1f528442cb4edfba79dece9e78c,1802.58,69.99,7.309976846,55000,55000
b553ab5d176ad1f528442cb4edfba79dece9e78c,1801.57,70.05,7.299652795,55000,54000
b553ab5d176ad1f528442cb4edfba79dece9e78c,1831.26,71.49,7.406706186,55000,55000
b553ab5d176ad1f528442cb4edfba79dece9e78c,1808.02,70.28,7.320893553,55000,55000
b553ab5d176ad1f528442cb4edfba79dece9e78c,1817.83,70.97,7.357563163,55000,56000
b553ab5d176ad1f528442cb4edfba79dece9e78c,1821.18,70.86,7.378118183,55000,55000
b553ab5d176ad1f528442cb4edfba79dece9e78c,1785.58,69.43,7.247492210,54000,55000
b553ab5d176ad1f528442cb4edfba79dece9e78c,1814.29,70.62,7.349001456,56000,55000
b553ab5d176ad1f528442cb4edfba79dece9e78c,1816.15,70.89,7.356367653,54000,56000
b553ab5d176ad1f528442cb4edfba79dece9e78c,1815.70,70.79,7.372881565,56000,56000
b553ab5d176ad1f528442cb4edfba79dece9e78c,1813.23,70.68,7.356074485,54000,55000
b553ab5d176ad1f528442cb4edfba79dece9e78c,1797.91,70.03,7.293754776,56000,55000
b553ab5d176ad1f528442cb4edfba79dece9e78c,1809.71,70.13,7.358936528,54000,54000
b553ab5d176ad1f528442cb4edfba79dece9e78c,1819.65,70.59,7.396587870,55000,55000
b553ab5d176ad1f528442cb4edfba79dece9e78c,1810.09,70.47,7.347607034,54000,54000
b553ab5d176ad1f528442cb4edfba79dece9e78c,1804.25,69.88,7.322594503,54000,55000
b553ab5d176ad1f528442cb4edfba79dece9e78c,1802.66,70.07,7.303755368,55000,54000
b553ab5d176ad1f528442cb4edfba79dece9e78c,1817.93,70.83,7.353820295,54000,54000
b553ab5d176ad1f528442cb4edfba79dece9e78c,1830.52,71.34,7.424234295,56000,55000
b553ab5d176ad1f528442cb4edfba79dece9e78c,1823.89,70.85,7.391819736,56000,55000
b553ab5d176ad1f528442cb4edfba79dece9e78c,1826.40,70.97,7.403686656,55000,55000
b553ab5d176ad1f528442cb4edfba79dece9e78c,1803.99,70.08,7.297417089,56000,56000
b553ab5d176ad1f528442cb4edfba79dece9e78c,1839.61,71.71,7.447396644,56000,54000
b553ab5d176ad1f528442cb4edfba79dece9e78c,1804.67,70.11,7.318447065,55000,56000
b553ab5d176ad1f528442cb4edfba79dece9e78c,1826.69,71.12,7.397724671,55000,55000
bac3158fd8dba37b7178514bf724b056fde63428,1819.10,70.91,7.368748973,55000,55000
bac3158fd8dba37b7178514bf724b056fde63428,1787.95,69.38,7.251215547,54000,54000
bac3158fd8dba37b7178514bf724b056fde63428,1799.46,70.12,7.305611594,54000,55000
bac3158fd8dba37b7178514bf724b056fde63428,1814.85,70.68,7.351032880,55000,54000
bac3158fd8dba37b7178514bf724b056fde63428,1800.40,69.96,7.309977194,55000,54000
bac3158fd8dba37b7178514bf724b056fde63428,1801.04,70.00,7.314613598,55000,55000
bac3158fd8dba37b7178514bf724b056fde63428,1814.72,70.73,7.346555391,56000,54000
bac3158fd8dba37b7178514bf724b056fde63428,1807.10,70.35,7.317540424,55000,56000
bac3158fd8dba37b7178514bf724b056fde63428,1801.78,69.72,7.321875951,54000,55000
bac3158fd8dba37b7178514bf724b056fde63428,1806.47,70.15,7.311865760,54000,54000
bac3158fd8dba37b7178514bf724b056fde63428,1806.38,70.04,7.336299795,55000,55000
bac3158fd8dba37b7178514bf724b056fde63428,1802.09,70.14,7.304233201,55000,55000
bac3158fd8dba37b7178514bf724b056fde63428,1805.56,70.16,7.332769375,54000,54000
bac3158fd8dba37b7178514bf724b056fde63428,1797.89,70.00,7.284136897,54000,54000
bac3158fd8dba37b7178514bf724b056fde63428,1803.79,70.34,7.306239100,54000,54000
bac3158fd8dba37b7178514bf724b056fde63428,1789.32,69.66,7.263136389,56000,55000
bac3158fd8dba37b7178514bf724b056fde63428,1804.52,70.47,7.305324964,54000,54000
bac3158fd8dba37b7178514bf724b056fde63428,1822.49,70.96,7.384777738,56000,54000
bac3158fd8dba37b7178514bf724b056fde63428,1795.67,69.86,7.288182292,54000,56000
bac3158fd8dba37b7178514bf724b056fde63428,1799.58,69.97,7.300860555,55000,55000
bac3158fd8dba37b7178514bf724b056fde63428,1811.49,70.55,7.341807398,54000,56000
bac3158fd8dba37b7178514bf724b056fde63428,1820.91,70.92,7.375782586,55000,54000
bac3158fd8dba37b7178514bf724b056fde63428,1813.80,70.75,7.341660126,55000,54000
bac3158fd8dba37b7178514bf724b056fde63428,1807.41,70.21,7.325719253,56000,55000
bac3158fd8dba37b7178514bf724b056fde63428,1800.22,69.75,7.298706943,56000,55000
bac3158fd8dba37b7178514bf724b056fde63428,1834.76,71.34,7.441741589,56000,56000
bac3158fd8dba37b7178514bf724b056fde63428,1803.17,70.14,7.299564030,56000,55000
bac3158fd8dba37b7178514bf724b056fde63428,1817.02,70.66,7.361984903,56000,55000
bac3158fd8dba37b7178514bf724b056fde63428,1792.04,69.50,7.270596046,54000,55000
bac3158fd8dba37b7178514bf724b056fde63428,1794.52,70.21,7.269042536,55000,55000
1daf208e9f2651f9970744b34b567102def38631,1818.08,70.87,7.373506465,54000,54000
1daf208e9f2651f9970744b34b567102def38631,1815.76,70.91,7.356890780,55000,55000
1daf208e9f2651f9970744b34b567102def38631,1831.44,71.26,7.400802953,55000,55000
1daf208e9f2651f9970744b34b567102def38631,1782.39,68.95,7.230603724,54000,54000
1daf208e9f2651f9970744b34b567102def38631,1809.05,70.33,7.334423948,55000,54000
1daf208e9f2651f9970744b34b567102def38631,1790.90,69.45,7.271451309,55000,54000
1daf208e9f2651f9970744b34b567102def38631,1812.53,70.79,7.340938548,54000,55000
1daf208e9f2651f9970744b34b567102def38631,1812.85,70.77,7.332489411,54000,55000
1daf208e9f2651f9970744b34b567102def38631,1815.11,70.59,7.369767382,55000,54000
1daf208e9f2651f9970744b34b567102def38631,1796.48,70.07,7.279667700,55000,55000
1daf208e9f2651f9970744b34b567102def38631,1802.26,70.07,7.301729116,54000,54000
1daf208e9f2651f9970744b34b567102def38631,1833.09,71.20,7.427555272,54000,55000
1daf208e9f2651f9970744b34b567102def38631,1804.31,70.05,7.297638872,55000,55000
1daf208e9f2651f9970744b34b567102def38631,1828.24,71.03,7.422126985,55000,55000
1daf208e9f2651f9970744b34b567102def38631,1818.84,70.91,7.353569173,55000,54000
1daf208e9f2651f9970744b34b567102def38631,1777.20,68.84,7.212718549,55000,55000
1daf208e9f2651f9970744b34b567102def38631,1792.22,69.43,7.267611045,54000,55000
1daf208e9f2651f9970744b34b567102def38631,1823.55,70.61,7.407767200,54000,55000
1daf208e9f2651f9970744b34b567102def38631,1826.92,71.36,7.386681946,56000,56000
1daf208e9f2651f9970744b34b567102def38631,1810.60,70.56,7.342558214,54000,55000
1daf208e9f2651f9970744b34b567102def38631,1806.72,70.47,7.323885600,55000,56000
1daf208e9f2651f9970744b34b567102def38631,1803.38,70.11,7.308735479,55000,55000
1daf208e9f2651f9970744b34b567102def38631,1817.11,70.75,7.353365044,55000,56000
1daf208e9f2651f9970744b34b567102def38631,1791.58,69.73,7.264878194,56000,55000
1daf208e9f2651f9970744b34b567102def38631,1791.20,69.69,7.258068830,56000,54000
1daf208e9f2651f9970744b34b567102def38631,1798.27,69.88,7.279259168,56000,56000
1daf208e9f2651f9970744b34b567102def38631,1823.51,71.04,7.366393580,55000,55000
1daf208e9f2651f9970744b34b567102def38631,1819.62,70.75,7.346176125,55000,56000
1daf208e9f2651f9970744b34b567102def38631,1800.81,69.87,7.311145330,54000,54000
1daf208e9f2651f9970744b34b567102def38631,1804.99,70.09,7.314805523,54000,55000
ff0e825c4b9f57d0eda81a72eccd56ae62fe5fbc,1806.70,70.58,7.322862390,54000,55000
ff0e825c4b9f57d0eda81a72eccd56ae62fe5fbc,1823.37,71.30,7.366862024,54000,54000
ff0e825c4b9f57d0eda81a72eccd56ae62fe5fbc,1801.29,69.78,7.307477604,55000,55000
ff0e825c4b9f57d0eda81a72eccd56ae62fe5fbc,1794.69,70.04,7.267188755,54000,54000
ff0e825c4b9f57d0eda81a72eccd56ae62fe5fbc,1811.56,70.63,7.323406452,54000,54000
ff0e825c4b9f57d0eda81a72eccd56ae62fe5fbc,1832.67,71.12,7.416794395,55000,56000
ff0e825c4b9f57d0eda81a72eccd56ae62fe5fbc,1808.27,70.49,7.320381992,54000,54000
ff0e825c4b9f57d0eda81a72eccd56ae62fe5fbc,1831.06,71.45,7.420637479,54000,55000
ff0e825c4b9f57d0eda81a72eccd56ae62fe5fbc,1811.26,70.42,7.330925944,55000,55000
ff0e825c4b9f57d0eda81a72eccd56ae62fe5fbc,1814.52,70.79,7.339657255,54000,54000
ff0e825c4b9f57d0eda81a72eccd56ae62fe5fbc,1802.99,70.06,7.301237837,54000,55000
ff0e825c4b9f57d0eda81a72eccd56ae62fe5fbc,1817.51,70.65,7.372409654,54000,55000
ff0e825c4b9f57d0eda81a72eccd56ae62fe5fbc,1812.63,70.63,7.343322880,55000,55000
ff0e825c4b9f57d0eda81a72eccd56ae62fe5fbc,1804.11,70.34,7.323333690,55000,55000
ff0e825c4b9f57d0eda81a72eccd56ae62fe5fbc,1812.28,70.22,7.353508320,54000,55000
ff0e825c4b9f57d0eda81a72eccd56ae62fe5fbc,1807.78,70.15,7.340050726,55000,55000
ff0e825c4b9f57d0eda81a72eccd56ae62fe5fbc,1801.22,70.29,7.304433290,55000,54000
ff0e825c4b9f57d0eda81a72eccd56ae62fe5fbc,1801.28,70.19,7.301633053,54000,54000
ff0e825c4b9f57d0eda81a72eccd56ae62fe5fbc,1815.08,70.68,7.348406649,56000,55000
ff0e825c4b9f57d0eda81a72eccd56ae62fe5fbc,1799.39,69.86,7.297899123,56000,54000
ff0e825c4b9f57d0eda81a72eccd56ae62fe5fbc,1839.14,71.71,7.474847583,56000,55000
ff0e825c4b9f57d0eda81a72eccd56ae62fe5fbc,1789.28,69.67,7.244243854,54000,55000
ff0e825c4b9f57d0eda81a72eccd56ae62fe5fbc,1819.73,70.64,7.388504720,55000,54000
ff0e825c4b9f57d0eda81a72eccd56ae62fe5fbc,1809.05,70.15,7.332360621,55000,54000
ff0e825c4b9f57d0eda81a72eccd56ae62fe5fbc,1786.27,69.20,7.248266929,55000,54000
ff0e825c4b9f57d0eda81a72eccd56ae62fe5fbc,1811.65,70.39,7.353833031,56000,55000
ff0e825c4b9f57d0eda81a72eccd56ae62fe5fbc,1814.69,70.44,7.349342196,55000,55000
ff0e825c4b9f57d0eda81a72eccd56ae62fe5fbc,1811.38,70.29,7.345923563,55000,56000
ff0e825c4b9f57d0eda81a72eccd56ae62fe5fbc,1816.81,70.53,7.349041059,54000,55000
ff0e825c4b9f57d0eda81a72eccd56ae62fe5fbc,1799.29,69.99,7.296937914,55000,54000
6f4b2041a9f841c6b3db0732086115af89161531,1801.49,69.82,7.299924670,55000,54000
6f4b2041a9f841c6b3db0732086115af89161531,1807.72,70.08,7.338366681,54000,55000
6f4b2041a9f841c6b3db0732086115af89161531,1813.79,70.91,7.336930694,54000,55000
6f4b2041a9f841c6b3db0732086115af89161531,1842.47,71.61,7.487590562,55000,54000
6f4b2041a9f841c6b3db0732086115af89161531,1815.27,70.44,7.366544071,55000,55000
6f4b2041a9f841c6b3db0732086115af89161531,1849.76,71.96,7.500090389,54000,55000
6f4b2041a9f841c6b3db0732086115af89161531,1837.08,71.63,7.462302391,55000,54000
6f4b2041a9f841c6b3db0732086115af89161531,1809.70,70.19,7.344008605,55000,55000
6f4b2041a9f841c6b3db0732086115af89161531,1796.25,69.46,7.305923144,55000,55000
6f4b2041a9f841c6b3db0732086115af89161531,1832.32,71.28,7.427202382,55000,54000
6f4b2041a9f841c6b3db0732086115af89161531,1844.44,71.82,7.479849201,56000,54000
6f4b2041a9f841c6b3db0732086115af89161531,1844.26,71.92,7.474379001,55000,55000
6f4b2041a9f841c6b3db0732086115af89161531,1813.70,70.59,7.351676441,55000,55000
6f4b2041a9f841c6b3db0732086115af89161531,1821.49,70.86,7.396562561,56000,55000
6f4b2041a9f841c6b3db0732086115af89161531,1802.82,70.18,7.305487614,54000,54000
6f4b2041a9f841c6b3db0732086115af89161531,1817.99,70.98,7.369158373,54000,55000
6f4b2041a9f841c6b3db0732086115af89161531,1819.69,71.21,7.365828078,56000,55000
6f4b2041a9f841c6b3db0732086115af89161531,1811.07,70.24,7.362959907,54000,56000
6f4b2041a9f841c6b3db0732086115af89161531,1803.01,70.19,7.310459949,54000,55000
6f4b2041a9f841c6b3db0732086115af89161531,1812.84,70.56,7.348471154,56000,56000
6f4b2041a9f841c6b3db0732086115af89161531,1823.04,70.98,7.406301744,55000,55000
6f4b2041a9f841c6b3db0732086115af89161531,1822.62,71.17,7.380250881,55000,55000
6f4b2041a9f841c6b3db0732086115af89161531,1832.75,71.56,7.414168402,56000,54000
6f4b2041a9f841c6b3db0732086115af89161531,1799.57,69.92,7.290305156,55000,55000
6f4b2041a9f841c6b3db0732086115af89161531,1813.87,70.71,7.355341762,56000,54000
6f4b2041a9f841c6b3db0732086115af89161531,1785.10,69.05,7.243623083,54000,55000
6f4b2041a9f841c6b3db0732086115af89161531,1790.10,69.60,7.256606073,54000,54000
6f4b2041a9f841c6b3db0732086115af89161531,1808.18,70.43,7.321533079,55000,54000
6f4b2041a9f841c6b3db0732086115af89161531,1831.92,71.07,7.438283400,55000,55000
6f4b2041a9f841c6b3db0732086115af89161531,1804.79,70.07,7.319476902,55000,56000
ad754547a531a923aae92ee68363edf8af683ff3,1807.79,70.90,7.342720229,56000,55000
ad754547a531a923aae92ee68363edf8af683ff3,1832.06,71.38,7.416129467,54000,55000
ad754547a531a923aae92ee68363edf8af683ff3,1803.01,70.22,7.323089511,55000,55000
ad754547a531a923aae92ee68363edf8af683ff3,1834.39,71.41,7.421871692,56000,56000
ad754547a531a923aae92ee68363edf8af683ff3,1797.56,69.53,7.289883399,54000,54000
ad754547a531a923aae92ee68363edf8af683ff3,1796.54,69.72,7.288429582,54000,54000
ad754547a531a923aae92ee68363edf8af683ff3,1834.97,71.25,7.443174810,55000,55000
ad754547a531a923aae92ee68363edf8af683ff3,1843.79,71.71,7.480105827,54000,55000
ad754547a531a923aae92ee68363edf8af683ff3,1803.86,70.07,7.327484976,55000,55000
ad754547a531a923aae92ee68363edf8af683ff3,1826.52,71.29,7.396800389,56000,55000
ad754547a531a923aae92ee68363edf8af683ff3,1810.10,70.37,7.343176650,54000,55000
ad754547a531a923aae92ee68363edf8af683ff3,1819.99,71.25,7.343158373,54000,55000
ad754547a531a923aae92ee68363edf8af683ff3,1816.09,70.83,7.360637861,54000,55000
ad754547a531a923aae92ee68363edf8af683ff3,1813.86,70.27,7.369454908,55000,54000
ad754547a531a923aae92ee68363edf8af683ff3,1816.49,71.10,7.341108950,56000,56000
ad754547a531a923aae92ee68363edf8af683ff3,1807.78,70.55,7.322733790,55000,55000
ad754547a531a923aae92ee68363edf8af683ff3,1817.04,70.66,7.365215461,54000,55000
ad754547a531a923aae92ee68363edf8af683ff3,1811.83,70.46,7.341076518,54000,55000
ad754547a531a923aae92ee68363edf8af683ff3,1823.95,71.03,7.405709566,55000,54000
ad754547a531a923aae92ee68363edf8af683ff3,1815.32,70.69,7.360569206,54000,55000
ad754547a531a923aae92ee68363edf8af683ff3,1814.10,70.55,7.348714985,55000,55000
ad754547a531a923aae92ee68363edf8af683ff3,1803.74,70.00,7.308111231,55000,55000
ad754547a531a923aae92ee68363edf8af683ff3,1812.85,70.52,7.345503734,56000,55000
ad754547a531a923aae92ee68363edf8af683ff3,1844.27,71.99,7.462600836,56000,56000
ad754547a531a923aae92ee68363edf8af683ff3,1815.85,70.41,7.355050925,55000,56000
ad754547a531a923aae92ee68363edf8af683ff3,1813.59,70.70,7.349690338,56000,55000
ad754547a531a923aae92ee68363edf8af683ff3,1808.88,70.26,7.332967317,55000,56000
ad754547a531a923aae92ee68363edf8af683ff3,1795.87,69.85,7.269225708,56000,54000
ad754547a531a923aae92ee68363edf8af683ff3,1812.94,70.51,7.338460694,55000,54000
ad754547a531a923aae92ee68363edf8af683ff3,1784.01,69.48,7.236809312,54000,55000
b8eee608a8e2f29e38b0db7c53e21b448cbffb56,1810.56,70.24,7.337616165,54000,55000
b8eee608a8e2f29e38b0db7c53e21b448cbffb56,1827.29,71.35,7.396494658,55000,56000
b8eee608a8e2f29e38b0db7c53e21b448cbffb56,1799.17,69.73,7.302553022,54000,55000
b8eee608a8e2f29e38b0db7c53e21b448cbffb56,1807.70,70.27,7.328966552,56000,56000
b8eee608a8e2f29e38b0db7c53e21b448cbffb56,1831.29,71.32,7.409946541,56000,55000
b8eee608a8e2f29e38b0db7c53e21b448cbffb56,1809.81,70.24,7.332800578,56000,55000
b8eee608a8e2f29e38b0db7c53e21b448cbffb56,1791.56,69.74,7.251339041,55000,55000
b8eee608a8e2f29e38b0db7c53e21b448cbffb56,1805.24,70.37,7.310028064,56000,55000
b8eee608a8e2f29e38b0db7c53e21b448cbffb56,1821.96,70.92,7.391229939,54000,55000
b8eee608a8e2f29e38b0db7c53e21b448cbffb56,1796.44,69.97,7.289774849,55000,55000
b8eee608a8e2f29e38b0db7c53e21b448cbffb56,1789.70,69.21,7.263788126,55000,55000
b8eee608a8e2f29e38b0db7c53e21b448cbffb56,1841.36,71.72,7.477673506,54000,54000
b8eee608a8e2f29e38b0db7c53e21b448cbffb56,1812.22,70.41,7.343308137,55000,55000
b8eee608a8e2f29e38b0db7c53e21b448cbffb56,1777.45,69.02,7.223310021,54000,54000
b8eee608a8e2f29e38b0db7c53e21b448cbffb56,1820.91,70.76,7.390463230,55000,54000
b8eee608a8e2f29e38b0db7c53e21b448cbffb56,1820.38,71.06,7.381390358,56000,56000
b8eee608a8e2f29e38b0db7c53e21b448cbffb56,1807.97,70.72,7.326864286,54000,55000
b8eee608a8e2f29e38b0db7c53e21b448cbffb56,1803.56,70.27,7.314574114,54000,55000
b8eee608a8e2f29e38b0db7c53e21b448cbffb56,1818.73,70.87,7.372954205,56000,54000
b8eee608a8e2f29e38b0db7c53e21b448cbffb56,1811.65,70.27,7.355022414,54000,54000
b8eee608a8e2f29e38b0db7c53e21b448cbffb56,1804.99,70.23,7.323436032,55000,55000
b8eee608a8e2f29e38b0db7c53e21b448cbffb56,1809.07,70.45,7.337354226,55000,56000
b8eee608a8e2f29e38b0db7c53e21b448cbffb56,1820.00,70.64,7.364422429,55000,56000
b8eee608a8e2f29e38b0db7c53e21b448cbffb56,1789.51,69.35,7.281259810,54000,55000
b8eee608a8e2f29e38b0db7c53e21b448cbffb56,1809.02,69.91,7.334094325,55000,54000
b8eee608a8e2f29e38b0db7c53e21b448cbffb56,1822.29,70.92,7.367736038,54000,55000
b8eee608a8e2f29e38b0db7c53e21b448cbffb56,1819.51,71.07,7.355719269,54000,55000
b8eee608a8e2f29e38b0db7c53e21b448cbffb56,1816.25,70.68,7.365322822,54000,54000
b8eee608a8e2f29e38b0db7c53e21b448cbffb56,1800.18,69.95,7.307871952,54000,54000
b8eee608a8e2f29e38b0db7c53e21b448cbffb56,1800.60,69.77,7.303147216,54000,55000
facf70e64ade3be0cf43f624bf535de063bf52f8,1691.78,65.85,6.876998993,55000,56000
facf70e64ade3be0cf43f624bf535de063bf52f8,1692.39,65.77,6.864899300,54000,55000
facf70e64ade3be0cf43f624bf535de063bf52f8,1673.63,64.66,6.803921517,55000,54000
facf70e64ade3be0cf43f624bf535de063bf52f8,1701.01,66.03,6.910503023,55000,55000
facf70e64ade3be0cf43f624bf535de063bf52f8,1687.72,65.39,6.860817860,54000,54000
facf70e64ade3be0cf43f624bf535de063bf52f8,1699.26,65.72,6.921915371,55000,54000
facf70e64ade3be0cf43f624bf535de063bf52f8,1697.95,65.95,6.895383022,55000,55000
facf70e64ade3be0cf43f624bf535de063bf52f8,1699.21,65.78,6.901015453,55000,55000
facf70e64ade3be0cf43f624bf535de063bf52f8,1677.09,65.07,6.823991772,55000,55000
facf70e64ade3be0cf43f624bf535de063bf52f8,1714.34,66.31,6.989696776,54000,55000
facf70e64ade3be0cf43f624bf535de063bf52f8,1701.82,66.02,6.906109573,56000,55000
facf70e64ade3be0cf43f624bf535de063bf52f8,1712.03,66.44,6.953172423,55000,56000
facf70e64ade3be0cf43f624bf535de063bf52f8,1721.65,66.65,6.997904287,55000,56000
facf70e64ade3be0cf43f624bf535de063bf52f8,1709.59,66.59,6.947612456,54000,54000
facf70e64ade3be0cf43f624bf535de063bf52f8,1709.36,66.36,6.951914079,54000,55000
facf70e64ade3be0cf43f624bf535de063bf52f8,1701.95,66.22,6.918546375,55000,55000
facf70e64ade3be0cf43f624bf535de063bf52f8,1705.46,66.29,6.931770211,54000,55000
facf70e64ade3be0cf43f624bf535de063bf52f8,1713.64,66.79,6.963424610,54000,56000
facf70e64ade3be0cf43f624bf535de063bf52f8,1688.73,65.73,6.865384721,55000,55000
facf70e64ade3be0cf43f624bf535de063bf52f8,1687.13,65.67,6.853100876,55000,55000
facf70e64ade3be0cf43f624bf535de063bf52f8,1692.37,66.00,6.862295355,55000,55000
facf70e64ade3be0cf43f624bf535de063bf52f8,1687.52,65.48,6.865141912,55000,54000
facf70e64ade3be0cf43f624bf535de063bf52f8,1695.70,66.01,6.880843692,54000,54000
facf70e64ade3be0cf43f624bf535de063bf52f8,1693.53,65.53,6.884103313,56000,55000
facf70e64ade3be0cf43f624bf535de063bf52f8,1700.86,65.88,6.913434092,56000,55000
facf70e64ade3be0cf43f624bf535de063bf52f8,1687.64,65.02,6.873588816,56000,56000
facf70e64ade3be0cf43f624bf535de063bf52f8,1697.63,65.96,6.879615010,55000,55000
facf70e64ade3be0cf43f624bf535de063bf52f8,1682.61,65.20,6.854243947,54000,54000
facf70e64ade3be0cf43f624bf535de063bf52f8,1695.44,65.55,6.889111457,55000,55000
facf70e64ade3be0cf43f624bf535de063bf52f8,1691.28,65.49,6.885199013,55000,54000
df22f8762aea9ce390d9f72993c17afa3ccfe0d7,1678.03,65.24,6.836023710,55000,55000
df22f8762aea9ce390d9f72993c17afa3ccfe0d7,1711.56,66.56,6.950305299,54000,54000
df22f8762aea9ce390d9f72993c17afa3ccfe0d7,1708.83,66.30,6.950069280,54000,55000
df22f8762aea9ce390d9f72993c17afa3ccfe0d7,1688.84,65.58,6.866433574,55000,55000
df22f8762aea9ce390d9f72993c17afa3ccfe0d7,1708.66,66.25,6.929644686,55000,56000
df22f8762aea9ce390d9f72993c17afa3ccfe0d7,1691.49,65.60,6.876885871,55000,56000
df22f8762aea9ce390d9f72993c17afa3ccfe0d7,1694.37,66.10,6.878308308,55000,54000
df22f8762aea9ce390d9f72993c17afa3ccfe0d7,1695.40,65.76,6.888129781,54000,54000
df22f8762aea9ce390d9f72993c17afa3ccfe0d7,1674.08,64.61,6.812774294,54000,55000
df22f8762aea9ce390d9f72993c17afa3ccfe0d7,1684.02,65.40,6.851488337,55000,56000
df22f8762aea9ce390d9f72993c17afa3ccfe0d7,1671.99,64.74,6.792370743,54000,54000
df22f8762aea9ce390d9f72993c17afa3ccfe0d7,1672.28,64.76,6.806829609,56000,55000
df22f8762aea9ce390d9f72993c17afa3ccfe0d7,1688.70,65.55,6.859617982,55000,56000
df22f8762aea9ce390d9f72993c17afa3ccfe0d7,1706.65,66.33,6.945085833,54000,55000
df22f8762aea9ce390d9f72993c17afa3ccfe0d7,1688.78,65.67,6.880229973,54000,55000
df22f8762aea9ce390d9f72993c17afa3ccfe0d7,1684.74,65.48,6.847479822,56000,56000
df22f8762aea9ce390d9f72993c17afa3ccfe0d7,1705.68,66.33,6.925063035,55000,55000
df22f8762aea9ce390d9f72993c17afa3ccfe0d7,1703.49,66.29,6.920111348,54000,55000
df22f8762aea9ce390d9f72993c17afa3ccfe0d7,1704.53,66.33,6.918803323,54000,55000
df22f8762aea9ce390d9f72993c17afa3ccfe0d7,1689.39,65.72,6.859211840,55000,54000
df22f8762aea9ce390d9f72993c17afa3ccfe0d7,1683.41,65.26,6.846748142,55000,55000
df22f8762aea9ce390d9f72993c17afa3ccfe0d7,1682.38,65.45,6.829765640,56000,55000
df22f8762aea9ce390d9f72993c17afa3ccfe0d7,1685.80,65.22,6.854659089,55000,55000
df22f8762aea9ce390d9f72993c17afa3ccfe0d7,1684.41,65.35,6.838247652,55000,55000
df22f8762aea9ce390d9f72993c17afa3ccfe0d7,1714.19,66.55,6.959464202,55000,55000
df22f8762aea9ce390d9f72993c17afa3ccfe0d7,1686.09,65.66,6.843051006,55000,56000
df22f8762aea9ce390d9f72993c17afa3ccfe0d7,1684.10,65.18,6.834776931,55000,55000
df22f8762aea9ce390d9f72993c17afa3ccfe0d7,1685.69,65.32,6.850380778,54000,55000
df22f8762aea9ce390d9f72993c17afa3ccfe0d7,1695.52,65.65,6.901173356,54000,54000
df22f8762aea9ce390d9f72993c17afa3ccfe0d7,1672.88,65.07,6.800102133,54000,54000
1086eafaa34dc2cfed6db51c8524ad60b17a7ed8,1706.49,66.21,6.929198202,55000,55000
1086eafaa34dc2cfed6db51c8524ad60b17a7ed8,1702.92,65.90,6.917420411,55000,55000
1086eafaa34dc2cfed6db51c8524ad60b17a7ed8,1705.91,66.17,6.958772869,55000,55000
1086eafaa34dc2cfed6db51c8524ad60b17a7ed8,1684.78,65.32,6.850218368,54000,54000
1086eafaa34dc2cfed6db51c8524ad60b17a7ed8,1686.00,65.24,6.864781969,55000,54000
1086eafaa34dc2cfed6db51c8524ad60b17a7ed8,1678.78,65.37,6.818509750,55000,54000
1086eafaa34dc2cfed6db51c8524ad60b17a7ed8,1688.11,65.20,6.861957504,55000,56000
1086eafaa34dc2cfed6db51c8524ad60b17a7ed8,1702.76,66.43,6.911642659,54000,55000
1086eafaa34dc2cfed6db51c8524ad60b17a7ed8,1697.57,65.96,6.889603859,55000,54000
1086eafaa34dc2cfed6db51c8524ad60b17a7ed8,1699.35,66.15,6.900728097,55000,55000
1086eafaa34dc2cfed6db51c8524ad60b17a7ed8,1701.08,65.99,6.918730992,55000,54000
1086eafaa34dc2cfed6db51c8524ad60b17a7ed8,1693.10,65.63,6.885542407,55000,54000
1086eafaa34dc2cfed6db51c8524ad60b17a7ed8,1716.55,66.37,6.974031725,54000,55000
1086eafaa34dc2cfed6db51c8524ad60b17a7ed8,1709.24,66.56,6.940687843,55000,55000
1086eafaa34dc2cfed6db51c8524ad60b17a7ed8,1695.56,65.89,6.885626716,55000,55000
1086eafaa34dc2cfed6db51c8524ad60b17a7ed8,1706.41,66.36,6.919979109,55000,56000
1086eafaa34dc2cfed6db51c8524ad60b17a7ed8,1695.86,65.73,6.900566299,56000,56000
1086eafaa34dc2cfed6db51c8524ad60b17a7ed8,1707.41,66.58,6.945417117,55000,55000
1086eafaa34dc2cfed6db51c8524ad60b17a7ed8,1700.44,66.18,6.901711172,54000,54000
1086eafaa34dc2cfed6db51c8524ad60b17a7ed8,1691.42,65.49,6.877478213,55000,56000
1086eafaa34dc2cfed6db51c8524ad60b17a7ed8,1677.77,65.12,6.827386559,55000,54000
1086eafaa34dc2cfed6db51c8524ad60b17a7ed8,1684.84,65.37,6.845011177,54000,55000
1086eafaa34dc2cfed6db51c8524ad60b17a7ed8,1700.81,65.79,6.916130151,55000,55000
1086eafaa34dc2cfed6db51c8524ad60b17a7ed8,1705.35,65.99,6.931283214,54000,55000
1086eafaa34dc2cfed6db51c8524ad60b17a7ed8,1675.94,65.05,6.808644685,55000,55000
1086eafaa34dc2cfed6db51c8524ad60b17a7ed8,1686.13,65.52,6.843423618,56000,55000
1086eafaa34dc2cfed6db51c8524ad60b17a7ed8,1699.50,65.75,6.900814531,55000,54000
1086eafaa34dc2cfed6db51c8524ad60b17a7ed8,1694.83,65.53,6.877702729,55000,54000
1086eafaa34dc2cfed6db51c8524ad60b17a7ed8,1698.82,65.99,6.900618785,54000,54000
1086eafaa34dc2cfed6db51c8524ad60b17a7ed8,1693.38,65.76,6.872237865,55000,55000
2f5e4b70fe51e05a18eeb9ab603017137c7b1899,1707.47,66.35,6.954755972,55000,55000
2f5e4b70fe51e05a18eeb9ab603017137c7b1899,1682.60,65.26,6.840013542,55000,54000
2f5e4b70fe51e05a18eeb9ab603017137c7b1899,1687.76,65.42,6.865015541,53000,54000
2f5e4b70fe51e05a18eeb9ab603017137c7b1899,1694.91,65.70,6.898203699,54000,54000
2f5e4b70fe51e05a18eeb9ab603017137c7b1899,1679.82,64.99,6.828680091,55000,54000
2f5e4b70fe51e05a18eeb9ab603017137c7b1899,1701.54,66.13,6.914200015,56000,55000
2f5e4b70fe51e05a18eeb9ab603017137c7b1899,1725.20,67.07,7.007553808,55000,54000
2f5e4b70fe51e05a18eeb9ab603017137c7b1899,1686.96,65.09,6.875926000,55000,54000
2f5e4b70fe51e05a18eeb9ab603017137c7b1899,1686.39,65.42,6.838072072,54000,55000
2f5e4b70fe51e05a18eeb9ab603017137c7b1899,1691.50,65.59,6.876419936,54000,54000
2f5e4b70fe51e05a18eeb9ab603017137c7b1899,1689.92,65.60,6.861725629,56000,55000
2f5e4b70fe51e05a18eeb9ab603017137c7b1899,1686.25,65.33,6.847132582,54000,54000
2f5e4b70fe51e05a18eeb9ab603017137c7b1899,1712.55,66.64,6.944131619,54000,54000
2f5e4b70fe51e05a18eeb9ab603017137c7b1899,1686.80,65.25,6.848771028,54000,54000
2f5e4b70fe51e05a18eeb9ab603017137c7b1899,1701.01,66.22,6.914027765,55000,55000
2f5e4b70fe51e05a18eeb9ab603017137c7b1899,1684.11,64.99,6.857585034,55000,55000
2f5e4b70fe51e05a18eeb9ab603017137c7b1899,1702.78,66.05,6.906941665,54000,54000
2f5e4b70fe51e05a18eeb9ab603017137c7b1899,1684.59,65.14,6.848561986,55000,54000
2f5e4b70fe51e05a18eeb9ab603017137c7b1899,1696.27,65.57,6.899410282,55000,55000
2f5e4b70fe51e05a18eeb9ab603017137c7b1899,1695.85,65.68,6.908471960,55000,54000
2f5e4b70fe51e05a18eeb9ab603017137c7b1899,1732.52,67.15,7.051414268,56000,54000
2f5e4b70fe51e05a18eeb9ab603017137c7b1899,1686.64,65.56,6.859510263,55000,55000
2f5e4b70fe51e05a18eeb9ab603017137c7b1899,1684.76,65.58,6.844309599,54000,54000
2f5e4b70fe51e05a18eeb9ab603017137c7b1899,1707.40,66.47,6.937220932,55000,55000
2f5e4b70fe51e05a18eeb9ab603017137c7b1899,1673.43,64.79,6.798242793,54000,55000
2f5e4b70fe51e05a18eeb9ab603017137c7b1899,1677.55,64.72,6.834772997,55000,54000
2f5e4b70fe51e05a18eeb9ab603017137c7b1899,1678.83,64.93,6.814634209,55000,56000
2f5e4b70fe51e05a18eeb9ab603017137c7b1899,1683.89,65.30,6.841495471,55000,56000
2f5e4b70fe51e05a18eeb9ab603017137c7b1899,1680.33,65.37,6.833252545,55000,55000
2f5e4b70fe51e05a18eeb9ab603017137c7b1899,1693.66,65.62,6.881951421,55000,55000
92982a411209dff848d526df7d6b639e58a83b1f,1699.56,66.11,6.905642740,54000,55000
92982a411209dff848d526df7d6b639e58a83b1f,1700.44,65.96,6.908223177,54000,54000
92982a411209dff848d526df7d6b639e58a83b1f,1683.93,65.26,6.850289279,54000,54000
92982a411209dff848d526df7d6b639e58a83b1f,1691.24,65.76,6.876209706,54000,54000
92982a411209dff848d526df7d6b639e58a83b1f,1683.62,65.46,6.845533571,54000,54000
92982a411209dff848d526df7d6b639e58a83b1f,1690.06,65.69,6.867110159,55000,56000
92982a411209dff848d526df7d6b639e58a83b1f,1700.69,65.93,6.923278088,55000,55000
92982a411209dff848d526df7d6b639e58a83b1f,1686.41,65.45,6.850228167,55000,56000
92982a411209dff848d526df7d6b639e58a83b1f,1673.72,64.61,6.798478290,55000,54000
92982a411209dff848d526df7d6b639e58a83b1f,1697.02,65.86,6.898717334,54000,56000
92982a411209dff848d526df7d6b639e58a83b1f,1699.53,65.90,6.904257511,54000,54000
92982a411209dff848d526df7d6b639e58a83b1f,1699.38,65.80,6.914402162,55000,55000
92982a411209dff848d526df7d6b639e58a83b1f,1700.40,66.26,6.903802919,55000,54000
92982a411209dff848d526df7d6b639e58a83b1f,1687.85,65.60,6.871289366,55000,55000
92982a411209dff848d526df7d6b639e58a83b1f,1699.12,66.36,6.900177390,55000,55000
92982a411209dff848d526df7d6b639e58a83b1f,1671.71,64.84,6.809371438,55000,55000
92982a411209dff848d526df7d6b639e58a83b1f,1695.24,65.67,6.882866353,56000,55000
92982a411209dff848d526df7d6b639e58a83b1f,1716.55,67.06,6.983286585,55000,56000
92982a411209dff848d526df7d6b639e58a83b1f,1682.87,65.39,6.839176904,55000,56000
92982a411209dff848d526df7d6b639e58a83b1f,1708.87,66.41,6.956552179,55000,55000
92982a411209dff848d526df7d6b639e58a83b1f,1690.56,65.70,6.873224321,55000,56000
92982a411209dff848d526df7d6b639e58a83b1f,1705.38,66.18,6.942509152,54000,55000
92982a411209dff848d526df7d6b639e58a83b1f,1703.92,66.15,6.910346882,55000,54000
92982a411209dff848d526df7d6b639e58a83b1f,1702.20,65.86,6.909035373,55000,56000
92982a411209dff848d526df7d6b639e58a83b1f,1712.69,66.83,6.946616089,56000,56000
92982a411209dff848d526df7d6b639e58a83b1f,1689.01,65.23,6.868145183,55000,55000
92982a411209dff848d526df7d6b639e58a83b1f,1703.53,66.25,6.917199109,54000,54000
92982a411209dff848d526df7d6b639e58a83b1f,1696.55,65.58,6.896821240,55000,55000
92982a411209dff848d526df7d6b639e58a83b1f,1687.98,65.68,6.861238780,55000,55000
92982a411209dff848d526df7d6b639e58a83b1f,1697.04,65.77,6.908510196,55000,56000
e798a5331fc117164979042343f655217658bb0f,1666.12,64.79,6.798563405,54000,55000
e798a5331fc117164979042343f655217658bb0f,1684.12,65.32,6.849089500,56000,55000
e798a5331fc117164979042343f655217658bb0f,1705.24,66.22,6.924445286,55000,55000
e798a5331fc117164979042343f655217658bb0f,1676.59,64.90,6.823279221,55000,54000
e798a5331fc117164979042343f655217658bb0f,1693.43,65.73,6.891966162,54000,55000
e798a5331fc117164979042343f655217658bb0f,1697.51,65.80,6.909705602,54000,54000
e798a5331fc117164979042343f655217658bb0f,1680.51,65.17,6.832179231,55000,54000
e798a5331fc117164979042343f655217658bb0f,1691.66,65.34,6.876898605,55000,54000
e798a5331fc117164979042343f655217658bb0f,1705.46,66.29,6.927272476,55000,55000
e798a5331fc117164979042343f655217658bb0f,1696.81,65.71,6.888227822,54000,54000
e798a5331fc117164979042343f655217658bb0f,1682.65,65.23,6.844190221,54000,54000
e798a5331fc117164979042343f655217658bb0f,1699.51,65.65,6.909962066,54000,56000
e798a5331fc117164979042343f655217658bb0f,1686.10,65.39,6.853369669,55000,55000
e798a5331fc117164979042343f655217658bb0f,1705.26,66.14,6.916333011,55000,56000
e798a5331fc117164979042343f655217658bb0f,1701.53,66.25,6.913154813,55000,55000
e798a5331fc117164979042343f655217658bb0f,1699.10,65.58,6.904273377,55000,55000
e798a5331fc117164979042343f655217658bb0f,1706.03,66.08,6.929968271,55000,54000
e798a5331fc117164979042343f655217658bb0f,1677.60,65.09,6.820974391,55000,55000
e798a5331fc117164979042343f655217658bb0f,1678.18,65.37,6.827105637,54000,56000
e798a5331fc117164979042343f655217658bb0f,1688.19,65.54,6.876624366,55000,55000
e798a5331fc117164979042343f655217658bb0f,1690.80,65.67,6.878986337,54000,55000
e798a5331fc117164979042343f655217658bb0f,1684.95,65.63,6.851307979,54000,55000
e798a5331fc117164979042343f655217658bb0f,1688.08,65.44,6.868796076,55000,56000
e798a5331fc117164979042343f655217658bb0f,1684.51,65.40,6.848329604,54000,55000
e798a5331fc117164979042343f655217658bb0f,1681.31,65.18,6.828580145,55000,55000
e798a5331fc117164979042343f655217658bb0f,1688.34,65.56,6.853061144,55000,55000
e798a5331fc117164979042343f655217658bb0f,1684.99,65.40,6.838429139,56000,55000
e798a5331fc117164979042343f655217658bb0f,1676.17,64.97,6.811911446,56000,56000
e798a5331fc117164979042343f655217658bb0f,1697.89,66.06,6.877073573,55000,56000
e798a5331fc117164979042343f655217658bb0f,1698.72,66.12,6.902903143,54000,54000
6e3e501aa9cfe48a4cea29723917da5e3959f572,1687.66,66.03,6.856963073,55000,54000
6e3e501aa9cfe48a4cea29723917da5e3959f572,1692.54,65.71,6.887878613,55000,55000
6e3e501aa9cfe48a4cea29723917da5e3959f572,1703.65,65.86,6.930110618,55000,56000
6e3e501aa9cfe48a4cea29723917da5e3959f572,1712.72,66.61,6.971113805,54000,54000
6e3e501aa9cfe48a4cea29723917da5e3959f572,1686.18,65.36,6.852385444,55000,54000
6e3e501aa9cfe48a4cea29723917da5e3959f572,1695.72,65.72,6.894854381,55000,54000
6e3e501aa9cfe48a4cea29723917da5e3959f572,1679.61,65.31,6.834741127,54000,54000
6e3e501aa9cfe48a4cea29723917da5e3959f572,1705.19,66.24,6.940766244,54000,56000
6e3e501aa9cfe48a4cea29723917da5e3959f572,1693.15,65.87,6.860827618,54000,54000
6e3e501aa9cfe48a4cea29723917da5e3959f572,1691.94,65.94,6.869526315,55000,54000
6e3e501aa9cfe48a4cea29723917da5e3959f572,1699.19,66.04,6.883371081,55000,54000
6e3e501aa9cfe48a4cea29723917da5e3959f572,1712.19,66.27,6.953253619,55000,55000
6e3e501aa9cfe48a4cea29723917da5e3959f572,1677.39,65.24,6.817833158,55000,55000
6e3e501aa9cfe48a4cea29723917da5e3959f572,1685.58,65.12,6.863319580,54000,55000
6e3e501aa9cfe48a4cea29723917da5e3959f572,1674.08,64.81,6.812997067,55000,55000
6e3e501aa9cfe48a4cea29723917da5e3959f572,1679.34,65.22,6.822668497,54000,55000
6e3e501aa9cfe48a4cea29723917da5e3959f572,1709.71,66.44,6.958590351,55000,55000
6e3e501aa9cfe48a4cea29723917da5e3959f572,1688.66,65.63,6.867375205,55000,54000
6e3e501aa9cfe48a4cea29723917da5e3959f572,1693.51,65.95,6.884904834,55000,54000
6e3e501aa9cfe48a4cea29723917da5e3959f572,1716.50,66.48,6.971849094,54000,55000
6e3e501aa9cfe48a4cea29723917da5e3959f572,1707.34,66.71,6.941017644,54000,54000
6e3e501aa9cfe48a4cea29723917da5e3959f572,1665.17,64.56,6.787541916,55000,54000
6e3e501aa9cfe48a4cea29723917da5e3959f572,1687.04,65.55,6.851960572,55000,55000
6e3e501aa9cfe48a4cea29723917da5e3959f572,1689.89,65.73,6.877679631,55000,55000
6e3e501aa9cfe48a4cea29723917da5e3959f572,1686.90,65.45,6.853075715,56000,56000
6e3e501aa9cfe48a4cea29723917da5e3959f572,1699.37,66.00,6.901368389,55000,55000
6e3e501aa9cfe48a4cea29723917da5e3959f572,1704.19,66.11,6.938888841,55000,54000
6e3e501aa9cfe48a4cea29723917da5e3959f572,1687.47,65.18,6.866620431,54000,55000
6e3e501aa9cfe48a4cea29723917da5e3959f572,1693.60,65.36,6.895713251,55000,56000
6e3e501aa9cfe48a4cea29723917da5e3959f572,1701.73,65.58,6.935357390,55000,54000
95c10d5405e82fb021d00f1b7ce2fbade911d01c,1724.39,66.94,7.020103333,54000,55000
95c10d5405e82fb021d00f1b7ce2fbade911d01c,1698.26,66.04,6.896098618,54000,55000
95c10d5405e82fb021d00f1b7ce2fbade911d01c,1698.63,65.78,6.908940394,55000,54000
95c10d5405e82fb021d00f1b7ce2fbade911d01c,1696.88,65.58,6.908841624,54000,54000
95c10d5405e82fb021d00f1b7ce2fbade911d01c,1696.13,65.95,6.888527225,55000,55000
95c10d5405e82fb021d00f1b7ce2fbade911d01c,1688.09,65.42,6.851780178,55000,56000
95c10d5405e82fb021d00f1b7ce2fbade911d01c,1672.04,64.83,6.799783562,55000,54000
95c10d5405e82fb021d00f1b7ce2fbade911d01c,1682.97,64.93,6.843272907,54000,54000
95c10d5405e82fb021d00f1b7ce2fbade911d01c,1701.58,66.05,6.912577454,55000,55000
95c10d5405e82fb021d00f1b7ce2fbade911d01c,1706.01,66.49,6.933461905,54000,55000
95c10d5405e82fb021d00f1b7ce2fbade911d01c,1707.60,66.30,6.931827762,55000,55000
95c10d5405e82fb021d00f1b7ce2fbade911d01c,1690.72,65.73,6.873457349,55000,55000
95c10d5405e82fb021d00f1b7ce2fbade911d01c,1687.63,65.63,6.850887495,54000,56000
95c10d5405e82fb021d00f1b7ce2fbade911d01c,1687.25,65.16,6.868780921,56000,55000
95c10d5405e82fb021d00f1b7ce2fbade911d01c,1701.73,65.85,6.917915445,56000,55000
95c10d5405e82fb021d00f1b7ce2fbade911d01c,1678.50,65.32,6.826321851,55000,56000
95c10d5405e82fb021d00f1b7ce2fbade911d01c,1687.18,65.69,6.858873494,54000,54000
95c10d5405e82fb021d00f1b7ce2fbade911d01c,1685.00,65.72,6.859753181,55000,55000
95c10d5405e82fb021d00f1b7ce2fbade911d01c,1708.18,66.20,6.948536346,54000,55000
95c10d5405e82fb021d00f1b7ce2fbade911d01c,1685.64,65.07,6.861345509,55000,56000
95c10d5405e82fb021d00f1b7ce2fbade911d01c,1704.57,65.92,6.946935154,55000,55000
95c10d5405e82fb021d00f1b7ce2fbade911d01c,1692.65,65.64,6.883832796,55000,56000
95c10d5405e82fb021d00f1b7ce2fbade911d01c,1700.81,66.13,6.913280213,55000,56000
95c10d5405e82fb021d00f1b7ce2fbade911d01c,1685.32,65.41,6.854961080,56000,55000
95c10d5405e82fb021d00f1b7ce2fbade911d01c,1709.33,65.86,6.967145984,56000,56000
95c10d5405e82fb021d00f1b7ce2fbade911d01c,1690.67,65.62,6.883528848,56000,55000
95c10d5405e82fb021d00f1b7ce2fbade911d01c,1693.53,65.86,6.898398948,54000,54000
95c10d5405e82fb021d00f1b7ce2fbade911d01c,1667.34,64.28,6.780300060,55000,55000
95c10d5405e82fb021d00f1b7ce2fbade911d01c,1712.27,66.30,6.958457165,54000,54000
95c10d5405e82fb021d00f1b7ce2fbade911d01c,1692.40,65.62,6.881196579,54000,56000
d4a2e1c84c231104b0030ff37094ababccca9a3e,1703.50,66.08,6.924622536,54000,54000
d4a2e1c84c231104b0030ff37094ababccca9a3e,1694.25,65.76,6.883128444,54000,54000
d4a2e1c84c231104b0030ff37094ababccca9a3e,1700.92,65.82,6.923804429,54000,56000
d4a2e1c84c231104b0030ff37094ababccca9a3e,1672.97,65.00,6.800495672,56000,55000
d4a2e1c84c231104b0030ff37094ababccca9a3e,1692.59,65.17,6.879764551,55000,54000
d4a2e1c84c231104b0030ff37094ababccca9a3e,1692.97,65.72,6.893095523,56000,55000
d4a2e1c84c231104b0030ff37094ababccca9a3e,1699.79,65.62,6.920799519,55000,54000
d4a2e1c84c231104b0030ff37094ababccca9a3e,1690.70,65.64,6.876455324,55000,56000
d4a2e1c84c231104b0030ff37094ababccca9a3e,1706.90,66.32,6.949287054,54000,55000
d4a2e1c84c231104b0030ff37094ababccca9a3e,1701.85,66.24,6.912577893,55000,55000
d4a2e1c84c231104b0030ff37094ababccca9a3e,1700.98,66.00,6.911125589,55000,55000
d4a2e1c84c231104b0030ff37094ababccca9a3e,1706.18,66.29,6.934446909,55000,55000
d4a2e1c84c231104b0030ff37094ababccca9a3e,1700.47,66.21,6.908572773,55000,55000
d4a2e1c84c231104b0030ff37094ababccca9a3e,1685.29,65.26,6.861002664,55000,54000
d4a2e1c84c231104b0030ff37094ababccca9a3e,1684.82,65.50,6.845762458,54000,54000
d4a2e1c84c231104b0030ff37094ababccca9a3e,1712.97,66.63,6.964718364,54000,55000
d4a2e1c84c231104b0030ff37094ababccca9a3e,1696.88,65.61,6.916759807,54000,54000
d4a2e1c84c231104b0030ff37094ababccca9a3e,1689.74,65.53,6.865963859,55000,54000
d4a2e1c84c231104b0030ff37094ababccca9a3e,1693.93,65.86,6.892324986,55000,55000
d4a2e1c84c231104b0030ff37094ababccca9a3e,1704.28,66.15,6.925942162,55000,55000
d4a2e1c84c231104b0030ff37094ababccca9a3e,1680.20,65.11,6.848058373,54000,54000
d4a2e1c84c231104b0030ff37094ababccca9a3e,1700.00,65.67,6.920612903,55000,54000
d4a2e1c84c231104b0030ff37094ababccca9a3e,1684.53,65.15,6.830706989,55000,56000
d4a2e1c84c231104b0030ff37094ababccca9a3e,1680.67,65.14,6.836707184,55000,54000
d4a2e1c84c231104b0030ff37094ababccca9a3e,1694.46,65.72,6.896804446,55000,54000
d4a2e1c84c231104b0030ff37094ababccca9a3e,1694.02,65.64,6.888654978,55000,54000
d4a2e1c84c231104b0030ff37094ababccca9a3e,1702.51,66.24,6.919788528,54000,54000
d4a2e1c84c231104b0030ff37094ababccca9a3e,1705.34,66.33,6.927988354,54000,55000
d4a2e1c84c231104b0030ff37094ababccca9a3e,1722.71,66.98,6.993647513,55000,54000
d4a2e1c84c231104b0030ff37094ababccca9a3e,1688.90,65.46,6.871946492,56000,54000
a4d9514a1dfd0d9036221e542861a7b448443b35,1711.95,66.77,6.955084795,54000,55000
a4d9514a1dfd0d9036221e542861a7b448443b35,1693.81,65.74,6.882906388,54000,54000
a4d9514a1dfd0d9036221e542861a7b448443b35,1693.98,65.58,6.902545565,54000,55000
a4d9514a1dfd0d9036221e542861a7b448443b35,1728.27,67.02,7.036402865,54000,55000
a4d9514a1dfd0d9036221e542861a7b448443b35,1689.48,65.46,6.878417243,55000,54000
a4d9514a1dfd0d9036221e542861a7b448443b35,1687.30,65.23,6.859067756,55000,56000
a4d9514a1dfd0d9036221e542861a7b448443b35,1706.89,66.10,6.955349252,54000,56000
a4d9514a1dfd0d9036221e542861a7b448443b35,1702.05,65.77,6.927340330,55000,55000
a4d9514a1dfd0d9036221e542861a7b448443b35,1704.86,66.23,6.925948379,54000,56000
a4d9514a1dfd0d9036221e542861a7b448443b35,1678.24,65.03,6.819253902,56000,55000
a4d9514a1dfd0d9036221e542861a7b448443b35,1685.06,65.15,6.857435582,55000,55000
a4d9514a1dfd0d9036221e542861a7b448443b35,1717.62,66.71,6.982983190,55000,55000
a4d9514a1dfd0d9036221e542861a7b448443b35,1699.73,65.64,6.900885749,54000,54000
a4d9514a1dfd0d9036221e542861a7b448443b35,1685.98,65.42,6.851433275,55000,54000
a4d9514a1dfd0d9036221e542861a7b448443b35,1705.39,66.12,6.932906310,56000,55000
a4d9514a1dfd0d9036221e542861a7b448443b35,1708.54,66.45,6.933695474,55000,54000
a4d9514a1dfd0d9036221e542861a7b448443b35,1705.49,66.22,6.929987398,55000,55000
a4d9514a1dfd0d9036221e542861a7b448443b35,1708.00,66.38,6.925100623,55000,54000
a4d9514a1dfd0d9036221e542861a7b448443b35,1680.67,65.28,6.830699625,55000,55000
a4d9514a1dfd0d9036221e542861a7b448443b35,1691.14,65.92,6.873564578,54000,55000
a4d9514a1dfd0d9036221e542861a7b448443b35,1690.18,65.81,6.882695333,54000,54000
a4d9514a1dfd0d9036221e542861a7b448443b35,1684.51,65.39,6.847502163,55000,55000
a4d9514a1dfd0d9036221e542861a7b448443b35,1679.07,65.03,6.840580552,55000,54000
a4d9514a1dfd0d9036221e542861a7b448443b35,1670.61,64.89,6.795425708,55000,55000
a4d9514a1dfd0d9036221e542861a7b448443b35,1687.87,65.35,6.863407288,56000,55000
a4d9514a1dfd0d9036221e542861a7b448443b35,1685.34,65.35,6.838719910,54000,55000
a4d9514a1dfd0d9036221e542861a7b448443b35,1683.14,65.08,6.848310092,55000,54000
a4d9514a1dfd0d9036221e542861a7b448443b35,1709.72,66.25,6.950878023,54000,54000
a4d9514a1dfd0d9036221e542861a7b448443b35,1692.10,65.80,6.887867326,55000,55000
a4d9514a1dfd0d9036221e542861a7b448443b35,1708.94,66.26,6.948251073,54000,56000
9eca3de9f4c1c3bac724f8696bb065002cb7e347,1700.68,66.00,6.914087387,54000,55000
9eca3de9f4c1c3bac724f8696bb065002cb7e347,1675.05,65.03,6.810507172,55000,55000
9eca3de9f4c1c3bac724f8696bb065002cb7e347,1701.94,65.93,6.917643606,54000,54000
9eca3de9f4c1c3bac724f8696bb065002cb7e347,1680.37,65.15,6.824003286,55000,55000
9eca3de9f4c1c3bac724f8696bb065002cb7e347,1714.44,66.76,6.957989443,54000,54000
9eca3de9f4c1c3bac724f8696bb065002cb7e347,1725.76,66.88,7.014269216,55000,54000
9eca3de9f4c1c3bac724f8696bb065002cb7e347,1713.16,66.45,6.965614679,56000,55000
9eca3de9f4c1c3bac724f8696bb065002cb7e347,1691.51,65.64,6.878277068,55000,54000
9eca3de9f4c1c3bac724f8696bb065002cb7e347,1695.02,65.48,6.897454592,54000,54000
9eca3de9f4c1c3bac724f8696bb065002cb7e347,1695.76,65.76,6.889685428,54000,54000
9eca3de9f4c1c3bac724f8696bb065002cb7e347,1678.25,64.96,6.827701271,55000,55000
9eca3de9f4c1c3bac724f8696bb065002cb7e347,1688.70,65.61,6.857903648,56000,54000
9eca3de9f4c1c3bac724f8696bb065002cb7e347,1704.71,66.38,6.933185600,56000,54000
9eca3de9f4c1c3bac724f8696bb065002cb7e347,1691.01,65.97,6.866709016,55000,54000
9eca3de9f4c1c3bac724f8696bb065002cb7e347,1695.46,65.68,6.897695943,55000,54000
9eca3de9f4c1c3bac724f8696bb065002cb7e347,1688.03,65.47,6.869441202,55000,54000
9eca3de9f4c1c3bac724f8696bb065002cb7e347,1681.83,65.19,6.844942861,54000,54000
9eca3de9f4c1c3bac724f8696bb065002cb7e347,1687.70,65.63,6.858047711,56000,55000
9eca3de9f4c1c3bac724f8696bb065002cb7e347,1705.56,66.36,6.935032047,55000,56000
9eca3de9f4c1c3bac724f8696bb065002cb7e347,1694.28,66.17,6.890766419,54000,55000
9eca3de9f4c1c3bac724f8696bb065002cb7e347,1686.81,65.66,6.848573558,55000,54000
9eca3de9f4c1c3bac724f8696bb065002cb7e347,1683.66,65.21,6.841122513,55000,56000
9eca3de9f4c1c3bac724f8696bb065002cb7e347,1711.64,66.07,6.976402543,55000,55000
9eca3de9f4c1c3bac724f8696bb065002cb7e347,1689.69,65.37,6.867940970,55000,56000
9eca3de9f4c1c3bac724f8696bb065002cb7e347,1684.92,65.43,6.856880267,56000,54000
9eca3de9f4c1c3bac724f8696bb065002cb7e347,1686.19,65.49,6.859715063,55000,55000
9eca3de9f4c1c3bac724f8696bb065002cb7e347,1679.98,64.96,6.845038578,54000,55000
9eca3de9f4c1c3bac724f8696bb065002cb7e347,1676.27,65.03,6.822923476,55000,55000
9eca3de9f4c1c3bac724f8696bb065002cb7e347,1678.47,65.20,6.816604359,55000,54000
9eca3de9f4c1c3bac724f8696bb065002cb7e347,1708.54,66.32,6.937009648,54000,55000
a5c4de75f8aac4eb70a5147686f82ce6b0eb212b,1732.96,67.50,7.046198092,54000,55000
a5c4de75f8aac4eb70a5147686f82ce6b0eb212b,1697.10,65.74,6.888859368,55000,54000
a5c4de75f8aac4eb70a5147686f82ce6b0eb212b,1680.65,65.16,6.835328317,54000,54000
a5c4de75f8aac4eb70a5147686f82ce6b0eb212b,1671.10,64.79,6.799461532,54000,54000
a5c4de75f8aac4eb70a5147686f82ce6b0eb212b,1702.15,66.07,6.920064277,55000,54000
a5c4de75f8aac4eb70a5147686f82ce6b0eb212b,1696.88,65.71,6.919918245,54000,55000
a5c4de75f8aac4eb70a5147686f82ce6b0eb212b,1668.76,64.35,6.807535051,55000,55000
a5c4de75f8aac4eb70a5147686f82ce6b0eb212b,1688.86,65.33,6.876914319,55000,54000
a5c4de75f8aac4eb70a5147686f82ce6b0eb212b,1705.29,66.29,6.932599690,55000,56000
a5c4de75f8aac4eb70a5147686f82ce6b0eb212b,1696.38,65.70,6.905815592,54000,54000
a5c4de75f8aac4eb70a5147686f82ce6b0eb212b,1679.83,64.93,6.824652803,55000,54000
a5c4de75f8aac4eb70a5147686f82ce6b0eb212b,1699.19,65.93,6.901792120,55000,55000
a5c4de75f8aac4eb70a5147686f82ce6b0eb212b,1716.81,66.30,6.990818125,55000,55000
a5c4de75f8aac4eb70a5147686f82ce6b0eb212b,1697.43,65.80,6.894671719,54000,54000
a5c4de75f8aac4eb70a5147686f82ce6b0eb212b,1716.60,66.74,6.977791485,54000,55000
a5c4de75f8aac4eb70a5147686f82ce6b0eb212b,1715.27,67.02,6.983374038,55000,55000
a5c4de75f8aac4eb70a5147686f82ce6b0eb212b,1684.75,65.35,6.853514517,55000,55000
a5c4de75f8aac4eb70a5147686f82ce6b0eb212b,1695.11,65.80,6.910552911,54000,54000
a5c4de75f8aac4eb70a5147686f82ce6b0eb212b,1712.98,66.68,6.975072891,55000,55000
a5c4de75f8aac4eb70a5147686f82ce6b0eb212b,1710.71,66.54,6.943720412,54000,55000
a5c4de75f8aac4eb70a5147686f82ce6b0eb212b,1709.17,66.11,6.953708435,54000,55000
a5c4de75f8aac4eb70a5147686f82ce6b0eb212b,1698.12,65.97,6.886971074,56000,56000
a5c4de75f8aac4eb70a5147686f82ce6b0eb212b,1697.55,66.08,6.887960079,55000,56000
a5c4de75f8aac4eb70a5147686f82ce6b0eb212b,1681.83,65.58,6.829799390,55000,55000
a5c4de75f8aac4eb70a5147686f82ce6b0eb212b,1718.66,66.36,7.004174089,55000,55000
a5c4de75f8aac4eb70a5147686f82ce6b0eb212b,1715.64,66.38,6.982345348,54000,55000
a5c4de75f8aac4eb70a5147686f82ce6b0eb212b,1674.78,64.84,6.816798300,55000,55000
a5c4de75f8aac4eb70a5147686f82ce6b0eb212b,1697.84,66.09,6.888697546,55000,54000
a5c4de75f8aac4eb70a5147686f82ce6b0eb212b,1695.70,66.01,6.900165253,55000,54000
a5c4de75f8aac4eb70a5147686f82ce6b0eb212b,1691.68,65.85,6.883102530,55000,55000
343e23979a23a33ce88ee525965ce3b53f653a12,1683.54,65.35,6.830162262,55000,54000
343e23979a23a33ce88ee525965ce3b53f653a12,1664.51,64.27,6.780276977,55000,55000
343e23979a23a33ce88ee525965ce3b53f653a12,1690.79,65.63,6.861708385,54000,54000
343e23979a23a33ce88ee525965ce3b53f653a12,1705.07,66.30,6.931149878,55000,54000
343e23979a23a33ce88ee525965ce3b53f653a12,1691.30,65.42,6.878597877,56000,55000
343e23979a23a33ce88ee525965ce3b53f653a12,1688.09,65.52,6.858689205,56000,55000
343e23979a23a33ce88ee525965ce3b53f653a12,1687.68,65.39,6.868221067,54000,55000
343e23979a23a33ce88ee525965ce3b53f653a12,1688.58,65.23,6.871101468,55000,56000
343e23979a23a33ce88ee525965ce3b53f653a12,1670.87,64.66,6.804370535,56000,55000
343e23979a23a33ce88ee525965ce3b53f653a12,1696.46,65.89,6.884050450,55000,55000
343e23979a23a33ce88ee525965ce3b53f653a12,1695.81,65.91,6.899957671,55000,55000
343e23979a23a33ce88ee525965ce3b53f653a12,1692.18,65.69,6.875812877,55000,55000
343e23979a23a33ce88ee525965ce3b53f653a12,1697.47,65.84,6.890574772,55000,55000
343e23979a23a33ce88ee525965ce3b53f653a12,1695.66,65.53,6.893941307,54000,56000
343e23979a23a33ce88ee525965ce3b53f653a12,1681.91,65.07,6.845682586,54000,54000
343e23979a23a33ce88ee525965ce3b53f653a12,1696.99,65.75,6.883810142,54000,54000
343e23979a23a33ce88ee525965ce3b53f653a12,1683.04,65.50,6.848258107,54000,54000
343e23979a23a33ce88ee525965ce3b53f653a12,1715.27,66.72,6.972678040,55000,55000
343e23979a23a33ce88ee525965ce3b53f653a12,1705.20,66.17,6.938950627,55000,55000
343e23979a23a33ce88ee525965ce3b53f653a12,1687.58,65.45,6.871087295,55000,54000
343e23979a23a33ce88ee525965ce3b53f653a12,1690.75,65.57,6.884378490,54000,54000
343e23979a23a33ce88ee525965ce3b53f653a12,1675.87,65.15,6.823609089,54000,55000
343e23979a23a33ce88ee525965ce3b53f653a12,1702.52,66.29,6.913983526,55000,55000
343e23979a23a33ce88ee525965ce3b53f653a12,1701.52,65.86,6.930705556,56000,55000
343e23979a23a33ce88ee525965ce3b53f653a12,1692.69,65.43,6.884438868,54000,54000
343e23979a23a33ce88ee525965ce3b53f653a12,1700.87,65.95,6.913252523,56000,54000
343e23979a23a33ce88ee525965ce3b53f653a12,1702.77,65.96,6.913696591,56000,56000
343e23979a23a33ce88ee525965ce3b53f653a12,1680.59,64.85,6.830970047,55000,56000
343e23979a23a33ce88ee525965ce3b53f653a12,1698.61,65.83,6.919840857,55000,55000
343e23979a23a33ce88ee525965ce3b53f653a12,1706.45,66.04,6.931621511,55000,54000
4d28a6eab450b25dddf7a817ec11074f672e6406,1702.19,66.19,6.909581044,54000,54000
4d28a6eab450b25dddf7a817ec11074f672e6406,1694.53,65.87,6.871717939,54000,54000
4d28a6eab450b25dddf7a817ec11074f672e6406,1733.61,67.24,7.040670704,54000,54000
4d28a6eab450b25dddf7a817ec11074f672e6406,1694.14,65.64,6.898809556,54000,54000
4d28a6eab450b25dddf7a817ec11074f672e6406,1699.40,66.12,6.908956962,54000,55000
4d28a6eab450b25dddf7a817ec11074f672e6406,1698.27,65.90,6.896683004,56000,56000
4d28a6eab450b25dddf7a817ec11074f672e6406,1681.08,65.09,6.829437266,56000,54000
4d28a6eab450b25dddf7a817ec11074f672e6406,1701.47,66.01,6.909815341,55000,56000
4d28a6eab450b25dddf7a817ec11074f672e6406,1709.39,66.05,6.959788427,55000,55000
4d28a6eab450b25dddf7a817ec11074f672e6406,1680.76,64.95,6.821334021,55000,54000
4d28a6eab450b25dddf7a817ec11074f672e6406,1708.98,66.48,6.937248507,55000,56000
4d28a6eab450b25dddf7a817ec11074f672e6406,1708.70,66.43,6.942476235,54000,54000
4d28a6eab450b25dddf7a817ec11074f672e6406,1690.86,65.41,6.868169318,54000,54000
4d28a6eab450b25dddf7a817ec11074f672e6406,1706.92,66.15,6.954504611,56000,54000
4d28a6eab450b25dddf7a817ec11074f672e6406,1676.62,65.03,6.837245887,55000,54000
4d28a6eab450b25dddf7a817ec11074f672e6406,1689.36,65.57,6.862656099,55000,55000
4d28a6eab450b25dddf7a817ec11074f672e6406,1717.68,66.38,6.978979670,55000,54000
4d28a6eab450b25dddf7a817ec11074f672e6406,1679.66,65.35,6.836506194,54000,55000
4d28a6eab450b25dddf7a817ec11074f672e6406,1686.63,65.39,6.875228483,55000,54000
4d28a6eab450b25dddf7a817ec11074f672e6406,1699.57,66.18,6.903176219,55000,55000
4d28a6eab450b25dddf7a817ec11074f672e6406,1723.60,67.28,6.995736004,55000,55000
4d28a6eab450b25dddf7a817ec11074f672e6406,1694.02,65.62,6.881389689,55000,56000
4d28a6eab450b25dddf7a817ec11074f672e6406,1704.00,66.22,6.926358741,55000,54000
4d28a6eab450b25dddf7a817ec11074f672e6406,1698.16,66.01,6.897760719,55000,54000
4d28a6eab450b25dddf7a817ec11074f672e6406,1704.62,66.14,6.949269564,55000,54000
4d28a6eab450b25dddf7a817ec11074f672e6406,1686.04,65.35,6.858048433,54000,55000
4d28a6eab450b25dddf7a817ec11074f672e6406,1704.60,66.26,6.921878257,56000,55000
4d28a6eab450b25dddf7a817ec11074f672e6406,1694.63,65.75,6.893537176,55000,54000
4d28a6eab450b25dddf7a817ec11074f672e6406,1681.88,65.26,6.842587927,55000,55000
4d28a6eab450b25dddf7a817ec11074f672e6406,1685.07,65.30,6.866731854,55000,55000
09ab2b24e3b7bf156cc915559766194c56b88a56,1666.75,65.43,6.814974698,55000,55000
09ab2b24e3b7bf156cc915559766194c56b88a56,1706.46,66.45,6.933937759,54000,54000
09ab2b24e3b7bf156cc915559766194c56b88a56,1700.24,65.68,6.911821805,54000,54000
09ab2b24e3b7bf156cc915559766194c56b88a56,1697.85,65.94,6.901680551,54000,54000
09ab2b24e3b7bf156cc915559766194c56b88a56,1700.02,65.97,6.916538237,54000,55000
09ab2b24e3b7bf156cc915559766194c56b88a56,1670.33,65.00,6.803685690,55000,54000
09ab2b24e3b7bf156cc915559766194c56b88a56,1689.08,65.12,6.888444208,54000,55000
09ab2b24e3b7bf156cc915559766194c56b88a56,1702.70,66.19,6.909737797,54000,54000
09ab2b24e3b7bf156cc915559766194c56b88a56,1691.31,65.67,6.871153024,54000,55000
09ab2b24e3b7bf156cc915559766194c56b88a56,1693.07,65.52,6.911072039,55000,55000
09ab2b24e3b7bf156cc915559766194c56b88a56,1707.58,66.24,6.944664303,55000,54000
09ab2b24e3b7bf156cc915559766194c56b88a56,1685.84,65.34,6.862019567,55000,56000
09ab2b24e3b7bf156cc915559766194c56b88a56,1711.78,66.65,6.951292422,55000,56000
09ab2b24e3b7bf156cc915559766194c56b88a56,1698.23,66.24,6.887726206,55000,54000
09ab2b24e3b7bf156cc915559766194c56b88a56,1698.08,65.71,6.910588086,54000,55000
09ab2b24e3b7bf156cc915559766194c56b88a56,1680.25,65.36,6.830941560,55000,55000
09ab2b24e3b7bf156cc915559766194c56b88a56,1693.46,65.98,6.879735553,56000,55000
09ab2b24e3b7bf156cc915559766194c56b88a56,1703.03,66.32,6.909741297,55000,54000
09ab2b24e3b7bf156cc915559766194c56b88a56,1694.11,65.89,6.887409355,56000,56000
09ab2b24e3b7bf156cc915559766194c56b88a56,1676.44,64.82,6.824828399,56000,55000
09ab2b24e3b7bf156cc915559766194c56b88a56,1678.09,64.97,6.825252245,55000,55000
09ab2b24e3b7bf156cc915559766194c56b88a56,1671.37,64.74,6.794916293,56000,56000
09ab2b24e3b7bf156cc915559766194c56b88a56,1692.63,65.47,6.880437230,55000,56000
09ab2b24e3b7bf156cc915559766194c56b88a56,1697.51,65.86,6.897003200,56000,56000
09ab2b24e3b7bf156cc915559766194c56b88a56,1683.78,65.55,6.847469585,55000,55000
09ab2b24e3b7bf156cc915559766194c56b88a56,1694.45,65.64,6.897683486,56000,55000
09ab2b24e3b7bf156cc915559766194c56b88a56,1694.22,65.82,6.878492677,55000,54000
09ab2b24e3b7bf156cc915559766194c56b88a56,1723.13,66.64,7.015460801,55000,55000
09ab2b24e3b7bf156cc915559766194c56b88a56,1696.35,65.90,6.897067606,54000,54000
09ab2b24e3b7bf156cc915559766194c56b88a56,1678.21,65.32,6.815894907,55000,55000
92a1c0e052d92f40d027147bc791689d23ec88e1,1721.92,66.91,6.998163248,54000,55000
92a1c0e052d92f40d027147bc791689d23ec88e1,1710.12,66.48,6.946988279,54000,54000
92a1c0e052d92f40d027147bc791689d23ec88e1,1693.62,65.72,6.877023065,54000,56000
92a1c0e052d92f40d027147bc791689d23ec88e1,1705.79,66.01,6.933931794,55000,55000
92a1c0e052d92f40d027147bc791689d23ec88e1,1700.33,66.11,6.908203390,55000,54000
92a1c0e052d92f40d027147bc791689d23ec88e1,1733.88,67.32,7.042280193,55000,54000
92a1c0e052d92f40d027147bc791689d23ec88e1,1706.83,66.18,6.954192625,55000,55000
92a1c0e052d92f40d027147bc791689d23ec88e1,1686.61,65.42,6.857649367,55000,55000
92a1c0e052d92f40d027147bc791689d23ec88e1,1683.45,65.13,6.860990918,56000,56000
92a1c0e052d92f40d027147bc791689d23ec88e1,1706.39,66.39,6.943982112,55000,54000
92a1c0e052d92f40d027147bc791689d23ec88e1,1679.05,65.54,6.815400928,55000,55000
92a1c0e052d92f40d027147bc791689d23ec88e1,1683.98,65.25,6.835200963,54000,56000
92a1c0e052d92f40d027147bc791689d23ec88e1,1711.95,66.33,6.956940857,55000,55000
92a1c0e052d92f40d027147bc791689d23ec88e1,1706.67,66.14,6.952482550,54000,55000
92a1c0e052d92f40d027147bc791689d23ec88e1,1703.89,66.35,6.923053060,54000,55000
92a1c0e052d92f40d027147bc791689d23ec88e1,1701.62,66.08,6.909768931,55000,55000
92a1c0e052d92f40d027147bc791689d23ec88e1,1716.79,66.65,6.992050990,54000,54000
92a1c0e052d92f40d027147bc791689d23ec88e1,1703.96,65.85,6.917682322,56000,54000
92a1c0e052d92f40d027147bc791689d23ec88e1,1693.96,65.87,6.888411622,55000,54000
92a1c0e052d92f40d027147bc791689d23ec88e1,1696.79,66.01,6.898259457,55000,55000
92a1c0e052d92f40d027147bc791689d23ec88e1,1705.46,66.30,6.921724594,56000,54000
92a1c0e052d92f40d027147bc791689d23ec88e1,1706.24,66.23,6.938000735,55000,55000
92a1c0e052d92f40d027147bc791689d23ec88e1,1691.62,65.76,6.881154563,55000,54000
92a1c0e052d92f40d027147bc791689d23ec88e1,1690.95,65.56,6.871218399,54000,54000
92a1c0e052d92f40d027147bc791689d23ec88e1,1708.60,66.06,6.951673159,55000,56000
92a1c0e052d92f40d027147bc791689d23ec88e1,1694.45,65.97,6.881203174,54000,54000
92a1c0e052d92f40d027147bc791689d23ec88e1,1688.97,65.25,6.874431705,56000,55000
92a1c0e052d92f40d027147bc791689d23ec88e1,1696.12,65.78,6.897616417,55000,54000
92a1c0e052d92f40d027147bc791689d23ec88e1,1707.23,66.16,6.945732561,56000,54000
92a1c0e052d92f40d027147bc791689d23ec88e1,1681.07,65.33,6.829382088,56000,55000
6ff3d59d3cc16930cc8edecf53605c02a8b88a76,1669.45,64.55,6.798007397,54000,55000
6ff3d59d3cc16930cc8edecf53605c02a8b88a76,1708.55,66.26,6.930417711,54000,55000
6ff3d59d3cc16930cc8edecf53605c02a8b88a76,1701.18,65.84,6.904144171,55000,55000
6ff3d59d3cc16930cc8edecf53605c02a8b88a76,1706.99,66.70,6.926576236,54000,54000
6ff3d59d3cc16930cc8edecf53605c02a8b88a76,1688.31,65.60,6.863002050,55000,55000
6ff3d59d3cc16930cc8edecf53605c02a8b88a76,1713.90,66.71,6.948991565,54000,54000
6ff3d59d3cc16930cc8edecf53605c02a8b88a76,1718.87,67.07,6.961816857,55000,56000
6ff3d59d3cc16930cc8edecf53605c02a8b88a76,1696.90,65.69,6.903942871,55000,56000
6ff3d59d3cc16930cc8edecf53605c02a8b88a76,1707.48,66.24,6.949216719,55000,55000
6ff3d59d3cc16930cc8edecf53605c02a8b88a76,1699.80,65.75,6.906970823,54000,54000
6ff3d59d3cc16930cc8edecf53605c02a8b88a76,1699.10,65.73,6.918580589,55000,56000
6ff3d59d3cc16930cc8edecf53605c02a8b88a76,1687.05,65.16,6.863360210,54000,55000
6ff3d59d3cc16930cc8edecf53605c02a8b88a76,1701.60,66.04,6.915227084,54000,54000
6ff3d59d3cc16930cc8edecf53605c02a8b88a76,1682.59,65.35,6.824667289,55000,55000
6ff3d59d3cc16930cc8edecf53605c02a8b88a76,1695.72,66.00,6.884629318,55000,56000
6ff3d59d3cc16930cc8edecf53605c02a8b88a76,1681.66,65.24,6.838857263,55000,56000
6ff3d59d3cc16930cc8edecf53605c02a8b88a76,1689.54,65.41,6.881557402,55000,55000
6ff3d59d3cc16930cc8edecf53605c02a8b88a76,1689.04,65.48,6.874275232,54000,55000
6ff3d59d3cc16930cc8edecf53605c02a8b88a76,1698.41,65.90,6.907924660,55000,54000
6ff3d59d3cc16930cc8edecf53605c02a8b88a76,1698.06,66.00,6.895665495,54000,54000
6ff3d59d3cc16930cc8edecf53605c02a8b88a76,1691.80,65.94,6.874925118,55000,55000
6ff3d59d3cc16930cc8edecf53605c02a8b88a76,1700.28,66.22,6.906138515,54000,54000
6ff3d59d3cc16930cc8edecf53605c02a8b88a76,1689.02,65.56,6.862966956,56000,55000
6ff3d59d3cc16930cc8edecf53605c02a8b88a76,1693.71,65.85,6.878944165,55000,54000
6ff3d59d3cc16930cc8edecf53605c02a8b88a76,1688.45,65.21,6.867221812,55000,55000
6ff3d59d3cc16930cc8edecf53605c02a8b88a76,1712.33,66.17,6.967123221,56000,55000
6ff3d59d3cc16930cc8edecf53605c02a8b88a76,1689.91,65.55,6.864530129,56000,55000
6ff3d59d3cc16930cc8edecf53605c02a8b88a76,1712.22,66.73,6.954025833,56000,55000
6ff3d59d3cc16930cc8edecf53605c02a8b88a76,1700.48,66.01,6.892138950,56000,54000
6ff3d59d3cc16930cc8edecf53605c02a8b88a76,1709.27,66.40,6.942209581,55000,54000
7570dcefe454337f667e0835bd8c85000cfbeb34,1716.62,66.57,6.967096261,54000,53000
7570dcefe454337f667e0835bd8c85000cfbeb34,1692.54,65.63,6.880685483,54000,54000
7570dcefe454337f667e0835bd8c85000cfbeb34,1732.76,66.92,7.057703553,55000,54000
7570dcefe454337f667e0835bd8c85000cfbeb34,1703.87,66.20,6.916765406,54000,55000
7570dcefe454337f667e0835bd8c85000cfbeb34,1719.46,66.56,7.008809403,56000,55000
7570dcefe454337f667e0835bd8c85000cfbeb34,1688.89,65.48,6.869677067,55000,55000
7570dcefe454337f667e0835bd8c85000cfbeb34,1698.84,65.77,6.904442186,55000,54000
7570dcefe454337f667e0835bd8c85000cfbeb34,1691.00,65.78,6.873482327,54000,54000
7570dcefe454337f667e0835bd8c85000cfbeb34,1726.03,67.09,7.018619871,55000,55000
7570dcefe454337f667e0835bd8c85000cfbeb34,1689.37,65.61,6.869435094,54000,55000
7570dcefe454337f667e0835bd8c85000cfbeb34,1691.73,65.61,6.862114649,55000,54000
7570dcefe454337f667e0835bd8c85000cfbeb34,1703.96,65.99,6.919599044,56000,55000
7570dcefe454337f667e0835bd8c85000cfbeb34,1685.17,65.45,6.855600143,55000,54000
7570dcefe454337f667e0835bd8c85000cfbeb34,1678.12,64.85,6.824916399,55000,56000
7570dcefe454337f667e0835bd8c85000cfbeb34,1690.93,65.53,6.869612920,55000,55000
7570dcefe454337f667e0835bd8c85000cfbeb34,1720.59,67.01,6.989243339,56000,55000
7570dcefe454337f667e0835bd8c85000cfbeb34,1678.21,65.17,6.822064182,55000,54000
7570dcefe454337f667e0835bd8c85000cfbeb34,1691.62,65.60,6.893014579,55000,55000
7570dcefe454337f667e0835bd8c85000cfbeb34,1703.11,66.38,6.911850532,55000,55000
7570dcefe454337f667e0835bd8c85000cfbeb34,1706.21,66.28,6.937842968,55000,55000
7570dcefe454337f667e0835bd8c85000cfbeb34,1698.89,66.12,6.907631168,55000,54000
7570dcefe454337f667e0835bd8c85000cfbeb34,1708.65,65.85,6.962472661,55000,55000
7570dcefe454337f667e0835bd8c85000cfbeb34,1678.37,65.00,6.816784447,55000,54000
7570dcefe454337f667e0835bd8c85000cfbeb34,1711.77,66.47,6.958381123,55000,56000
7570dcefe454337f667e0835bd8c85000cfbeb34,1709.03,66.42,6.939127098,56000,56000
7570dcefe454337f667e0835bd8c85000cfbeb34,1705.99,66.12,6.950149802,55000,55000
7570dcefe454337f667e0835bd8c85000cfbeb34,1688.46,65.62,6.862246361,55000,55000
7570dcefe454337f667e0835bd8c85000cfbeb34,1718.68,66.70,6.973951191,55000,55000
7570dcefe454337f667e0835bd8c85000cfbeb34,1701.32,65.91,6.917463250,54000,54000
7570dcefe454337f667e0835bd8c85000cfbeb34,1722.80,66.86,7.015972220,54000,54000
3d8ae3ae7a195a6ad8b5da65f98658707ced85db,1701.98,66.03,6.926939117,54000,55000
3d8ae3ae7a195a6ad8b5da65f98658707ced85db,1698.19,65.77,6.898724128,54000,54000
3d8ae3ae7a195a6ad8b5da65f98658707ced85db,1698.92,65.91,6.900701690,54000,54000
3d8ae3ae7a195a6ad8b5da65f98658707ced85db,1698.67,65.77,6.903914468,54000,55000
3d8ae3ae7a195a6ad8b5da65f98658707ced85db,1683.46,65.34,6.839651180,54000,54000
3d8ae3ae7a195a6ad8b5da65f98658707ced85db,1692.81,65.58,6.880581297,54000,54000
3d8ae3ae7a195a6ad8b5da65f98658707ced85db,1714.25,66.79,6.966409386,54000,54000
3d8ae3ae7a195a6ad8b5da65f98658707ced85db,1712.09,66.40,6.951904687,55000,55000
3d8ae3ae7a195a6ad8b5da65f98658707ced85db,1686.15,65.02,6.856049078,56000,56000
3d8ae3ae7a195a6ad8b5da65f98658707ced85db,1701.73,65.57,6.926105290,55000,55000
3d8ae3ae7a195a6ad8b5da65f98658707ced85db,1708.98,66.31,6.951351380,55000,55000
3d8ae3ae7a195a6ad8b5da65f98658707ced85db,1690.88,65.65,6.882981719,55000,55000
3d8ae3ae7a195a6ad8b5da65f98658707ced85db,1702.67,66.31,6.914866687,55000,55000
3d8ae3ae7a195a6ad8b5da65f98658707ced85db,1682.49,65.28,6.836098756,56000,56000
3d8ae3ae7a195a6ad8b5da65f98658707ced85db,1688.93,65.71,6.866784851,54000,55000
3d8ae3ae7a195a6ad8b5da65f98658707ced85db,1701.01,65.91,6.911037857,55000,54000
3d8ae3ae7a195a6ad8b5da65f98658707ced85db,1685.88,65.59,6.838119677,55000,55000
3d8ae3ae7a195a6ad8b5da65f98658707ced85db,1712.89,66.78,6.939303324,55000,54000
3d8ae3ae7a195a6ad8b5da65f98658707ced85db,1699.57,65.91,6.919050649,55000,55000
3d8ae3ae7a195a6ad8b5da65f98658707ced85db,1704.01,66.22,6.936244138,56000,55000
3d8ae3ae7a195a6ad8b5da65f98658707ced85db,1712.21,66.43,6.954296374,54000,54000
3d8ae3ae7a195a6ad8b5da65f98658707ced85db,1702.61,66.25,6.918493334,54000,56000
3d8ae3ae7a195a6ad8b5da65f98658707ced85db,1699.04,65.70,6.909943925,54000,55000
3d8ae3ae7a195a6ad8b5da65f98658707ced85db,1700.22,65.74,6.903819884,55000,54000
3d8ae3ae7a195a6ad8b5da65f98658707ced85db,1693.41,65.44,6.884962614,55000,55000
3d8ae3ae7a195a6ad8b5da65f98658707ced85db,1741.81,67.68,7.066504977,55000,55000
3d8ae3ae7a195a6ad8b5da65f98658707ced85db,1681.91,65.06,6.837595607,55000,56000
3d8ae3ae7a195a6ad8b5da65f98658707ced85db,1703.63,65.85,6.916198733,56000,56000
3d8ae3ae7a195a6ad8b5da65f98658707ced85db,1726.12,67.12,7.007678518,55000,56000
3d8ae3ae7a195a6ad8b5da65f98658707ced85db,1705.15,66.28,6.940085183,54000,54000
f39b2445c05f127d706df241744367c39de65f3d,1697.19,66.10,6.922398348,55000,55000
f39b2445c05f127d706df241744367c39de65f3d,1711.97,66.65,6.951488861,54000,54000
f39b2445c05f127d706df241744367c39de65f3d,1704.17,66.12,6.926039821,54000,54000
f39b2445c05f127d706df241744367c39de65f3d,1699.59,65.77,6.888225919,55000,55000
f39b2445c05f127d706df241744367c39de65f3d,1684.00,65.19,6.841372279,55000,55000
f39b2445c05f127d706df241744367c39de65f3d,1730.05,67.08,7.039966020,56000,56000
f39b2445c05f127d706df241744367c39de65f3d,1701.98,66.07,6.912183870,55000,55000
f39b2445c05f127d706df241744367c39de65f3d,1690.31,65.60,6.859297583,55000,54000
f39b2445c05f127d706df241744367c39de65f3d,1712.22,66.29,6.957584952,55000,56000
f39b2445c05f127d706df241744367c39de65f3d,1708.11,66.16,6.936056590,56000,55000
f39b2445c05f127d706df241744367c39de65f3d,1702.12,66.33,6.913142109,55000,54000
f39b2445c05f127d706df241744367c39de65f3d,1692.53,65.85,6.881193232,55000,55000
f39b2445c05f127d706df241744367c39de65f3d,1685.21,65.30,6.850869100,55000,55000
f39b2445c05f127d706df241744367c39de65f3d,1701.15,66.22,6.907986517,55000,55000
f39b2445c05f127d706df241744367c39de65f3d,1700.59,66.07,6.920832565,54000,55000
f39b2445c05f127d706df241744367c39de65f3d,1687.92,65.63,6.860584123,56000,55000
f39b2445c05f127d706df241744367c39de65f3d,1704.19,66.07,6.928488397,55000,56000
f39b2445c05f127d706df241744367c39de65f3d,1697.65,65.95,6.907614621,55000,55000
f39b2445c05f127d706df241744367c39de65f3d,1682.29,65.26,6.830711560,56000,54000
f39b2445c05f127d706df241744367c39de65f3d,1728.48,66.89,7.037462464,55000,54000
f39b2445c05f127d706df241744367c39de65f3d,1688.29,65.37,6.861608426,54000,55000
f39b2445c05f127d706df241744367c39de65f3d,1690.14,65.87,6.869463122,55000,56000
f39b2445c05f127d706df241744367c39de65f3d,1686.33,65.40,6.846318008,56000,56000
f39b2445c05f127d706df241744367c39de65f3d,1701.70,65.96,6.905336253,55000,55000
f39b2445c05f127d706df241744367c39de65f3d,1682.67,65.13,6.830051419,55000,55000
f39b2445c05f127d706df241744367c39de65f3d,1694.95,65.53,6.906532549,54000,54000
f39b2445c05f127d706df241744367c39de65f3d,1693.44,65.27,6.901939633,55000,55000
f39b2445c05f127d706df241744367c39de65f3d,1699.96,65.88,6.916007596,55000,55000
f39b2445c05f127d706df241744367c39de65f3d,1694.29,65.78,6.883190413,55000,54000
f39b2445c05f127d706df241744367c39de65f3d,1718.27,66.74,6.988558018,55000,54000
e144d5c5e1c842d7b23cb36a4d574ec1b52a4ba2,1691.40,65.59,6.867589208,54000,54000
e144d5c5e1c842d7b23cb36a4d574ec1b52a4ba2,1719.72,66.84,6.995708765,54000,54000
e144d5c5e1c842d7b23cb36a4d574ec1b52a4ba2,1705.39,66.39,6.924833507,54000,55000
e144d5c5e1c842d7b23cb36a4d574ec1b52a4ba2,1700.15,65.86,6.908109256,56000,55000
e144d5c5e1c842d7b23cb36a4d574ec1b52a4ba2,1715.07,66.68,6.958433188,55000,55000
e144d5c5e1c842d7b23cb36a4d574ec1b52a4ba2,1727.21,67.24,7.012159058,54000,55000
e144d5c5e1c842d7b23cb36a4d574ec1b52a4ba2,1705.69,66.13,6.928084230,55000,55000
e144d5c5e1c842d7b23cb36a4d574ec1b52a4ba2,1697.39,65.75,6.895225480,55000,55000
e144d5c5e1c842d7b23cb36a4d574ec1b52a4ba2,1704.44,65.98,6.934287070,55000,54000
e144d5c5e1c842d7b23cb36a4d574ec1b52a4ba2,1715.17,66.58,6.963704008,55000,55000
e144d5c5e1c842d7b23cb36a4d574ec1b52a4ba2,1705.64,66.15,6.920509299,54000,55000
e144d5c5e1c842d7b23cb36a4d574ec1b52a4ba2,1707.85,66.29,6.930133875,55000,54000
e144d5c5e1c842d7b23cb36a4d574ec1b52a4ba2,1728.58,66.98,7.019303423,56000,55000
e144d5c5e1c842d7b23cb36a4d574ec1b52a4ba2,1711.97,67.04,6.947395476,55000,55000
e144d5c5e1c842d7b23cb36a4d574ec1b52a4ba2,1702.62,65.96,6.916557103,54000,55000
e144d5c5e1c842d7b23cb36a4d574ec1b52a4ba2,1721.91,66.99,6.998851318,54000,54000
e144d5c5e1c842d7b23cb36a4d574ec1b52a4ba2,1710.74,66.45,6.945900014,55000,56000
e144d5c5e1c842d7b23cb36a4d574ec1b52a4ba2,1698.29,65.96,6.901728789,55000,56000
e144d5c5e1c842d7b23cb36a4d574ec1b52a4ba2,1745.48,67.96,7.088329110,55000,54000
e144d5c5e1c842d7b23cb36a4d574ec1b52a4ba2,1725.12,66.91,7.019000671,55000,56000
e144d5c5e1c842d7b23cb36a4d574ec1b52a4ba2,1706.94,66.49,6.932971647,54000,56000
e144d5c5e1c842d7b23cb36a4d574ec1b52a4ba2,1706.22,66.29,6.936055877,55000,55000
e144d5c5e1c842d7b23cb36a4d574ec1b52a4ba2,1712.98,66.74,6.947021493,55000,54000
e144d5c5e1c842d7b23cb36a4d574ec1b52a4ba2,1694.20,65.82,6.879875298,54000,55000
e144d5c5e1c842d7b23cb36a4d574ec1b52a4ba2,1709.81,66.33,6.950460790,55000,55000
e144d5c5e1c842d7b23cb36a4d574ec1b52a4ba2,1695.17,66.05,6.874210224,56000,55000
e144d5c5e1c842d7b23cb36a4d574ec1b52a4ba2,1692.19,65.55,6.866853752,55000,54000
e144d5c5e1c842d7b23cb36a4d574ec1b52a4ba2,1710.66,66.45,6.936738071,55000,54000
e144d5c5e1c842d7b23cb36a4d574ec1b52a4ba2,1714.01,66.63,6.967394111,54000,55000
e144d5c5e1c842d7b23cb36a4d574ec1b52a4ba2,1752.08,67.94,7.127627439,55000,55000
bb273b3cf690ea9c1342f422d1b4aff1a3c06108,1713.95,66.60,6.966950474,55000,55000
bb273b3cf690ea9c1342f422d1b4aff1a3c06108,1733.72,67.04,7.047285442,54000,54000
bb273b3cf690ea9c1342f422d1b4aff1a3c06108,1703.14,66.00,6.912130240,54000,54000
bb273b3cf690ea9c1342f422d1b4aff1a3c06108,1705.55,66.46,6.928337716,55000,55000
bb273b3cf690ea9c1342f422d1b4aff1a3c06108,1726.42,67.06,7.026580897,55000,56000
bb273b3cf690ea9c1342f422d1b4aff1a3c06108,1730.53,67.06,7.030909174,55000,56000
bb273b3cf690ea9c1342f422d1b4aff1a3c06108,1708.04,66.16,6.943140138,54000,55000
bb273b3cf690ea9c1342f422d1b4aff1a3c06108,1715.42,66.61,6.973139420,55000,55000
bb273b3cf690ea9c1342f422d1b4aff1a3c06108,1718.65,66.74,6.974186026,54000,54000
bb273b3cf690ea9c1342f422d1b4aff1a3c06108,1697.97,65.78,6.902892001,55000,55000
bb273b3cf690ea9c1342f422d1b4aff1a3c06108,1702.79,65.89,6.929740294,54000,55000
bb273b3cf690ea9c1342f422d1b4aff1a3c06108,1690.51,65.66,6.874784800,55000,54000
bb273b3cf690ea9c1342f422d1b4aff1a3c06108,1732.11,67.22,7.026388176,56000,55000
bb273b3cf690ea9c1342f422d1b4aff1a3c06108,1697.28,65.95,6.887039762,54000,54000
bb273b3cf690ea9c1342f422d1b4aff1a3c06108,1714.36,66.28,6.980933685,54000,55000
bb273b3cf690ea9c1342f422d1b4aff1a3c06108,1718.26,66.86,6.975535813,55000,55000
bb273b3cf690ea9c1342f422d1b4aff1a3c06108,1735.53,67.43,7.047126678,54000,55000
bb273b3cf690ea9c1342f422d1b4aff1a3c06108,1688.45,65.56,6.869590360,55000,55000
bb273b3cf690ea9c1342f422d1b4aff1a3c06108,1703.17,66.09,6.929494342,55000,54000
bb273b3cf690ea9c1342f422d1b4aff1a3c06108,1735.81,67.21,7.063785741,55000,55000
bb273b3cf690ea9c1342f422d1b4aff1a3c06108,1696.20,65.52,6.907843197,54000,56000
bb273b3cf690ea9c1342f422d1b4aff1a3c06108,1712.78,66.32,6.961756734,55000,54000
bb273b3cf690ea9c1342f422d1b4aff1a3c06108,1714.43,66.53,6.958461775,56000,56000
bb273b3cf690ea9c1342f422d1b4aff1a3c06108,1728.31,67.23,7.016825522,55000,54000
bb273b3cf690ea9c1342f422d1b4aff1a3c06108,1723.43,67.11,6.992526408,56000,55000
bb273b3cf690ea9c1342f422d1b4aff1a3c06108,1699.40,65.78,6.913246592,56000,56000
bb273b3cf690ea9c1342f422d1b4aff1a3c06108,1721.59,66.65,7.001617523,55000,55000
bb273b3cf690ea9c1342f422d1b4aff1a3c06108,1722.11,66.67,6.992098501,55000,55000
bb273b3cf690ea9c1342f422d1b4aff1a3c06108,1714.36,66.29,6.963949179,55000,54000
bb273b3cf690ea9c1342f422d1b4aff1a3c06108,1721.30,66.77,6.993571617,54000,54000
3fb41e90730aa37118af6ce15ccc280ecc5b5e0d,1714.42,66.33,6.973484134,55000,55000
3fb41e90730aa37118af6ce15ccc280ecc5b5e0d,1717.98,66.50,6.981512983,55000,55000
3fb41e90730aa37118af6ce15ccc280ecc5b5e0d,1721.48,66.76,6.986419610,55000,54000
3fb41e90730aa37118af6ce15ccc280ecc5b5e0d,1714.43,66.60,6.964599037,54000,55000
3fb41e90730aa37118af6ce15ccc280ecc5b5e0d,1710.15,66.09,6.963028609,54000,55000
3fb41e90730aa37118af6ce15ccc280ecc5b5e0d,1713.84,66.55,6.968258180,54000,54000
3fb41e90730aa37118af6ce15ccc280ecc5b5e0d,1712.27,66.71,6.958071998,55000,55000
3fb41e90730aa37118af6ce15ccc280ecc5b5e0d,1709.47,66.33,6.945080668,54000,55000
3fb41e90730aa37118af6ce15ccc280ecc5b5e0d,1719.07,66.85,6.991848091,54000,54000
3fb41e90730aa37118af6ce15ccc280ecc5b5e0d,1690.32,65.51,6.885862322,55000,55000
3fb41e90730aa37118af6ce15ccc280ecc5b5e0d,1718.11,66.59,6.967636247,55000,55000
3fb41e90730aa37118af6ce15ccc280ecc5b5e0d,1722.36,66.95,6.993864155,55000,55000
3fb41e90730aa37118af6ce15ccc280ecc5b5e0d,1706.39,65.73,6.939860874,55000,55000
3fb41e90730aa37118af6ce15ccc280ecc5b5e0d,1730.63,67.45,7.025085874,56000,56000
3fb41e90730aa37118af6ce15ccc280ecc5b5e0d,1697.83,65.82,6.896568727,54000,56000
3fb41e90730aa37118af6ce15ccc280ecc5b5e0d,1702.88,65.91,6.922514264,55000,55000
3fb41e90730aa37118af6ce15ccc280ecc5b5e0d,1711.49,66.35,6.965643950,55000,54000
3fb41e90730aa37118af6ce15ccc280ecc5b5e0d,1696.62,66.04,6.897843898,54000,54000
3fb41e90730aa37118af6ce15ccc280ecc5b5e0d,1685.32,65.53,6.865889312,55000,55000
3fb41e90730aa37118af6ce15ccc280ecc5b5e0d,1710.03,66.76,6.948698486,56000,55000
3fb41e90730aa37118af6ce15ccc280ecc5b5e0d,1732.54,67.55,7.040482615,55000,55000
3fb41e90730aa37118af6ce15ccc280ecc5b5e0d,1716.56,66.42,6.994688676,56000,56000
3fb41e90730aa37118af6ce15ccc280ecc5b5e0d,1697.43,65.92,6.902459786,55000,55000
3fb41e90730aa37118af6ce15ccc280ecc5b5e0d,1711.46,66.20,6.957182190,55000,56000
3fb41e90730aa37118af6ce15ccc280ecc5b5e0d,1715.05,66.55,6.972536867,56000,54000
3fb41e90730aa37118af6ce15ccc280ecc5b5e0d,1730.31,66.97,7.039773470,55000,56000
3fb41e90730aa37118af6ce15ccc280ecc5b5e0d,1702.65,66.08,6.920170578,55000,56000
3fb41e90730aa37118af6ce15ccc280ecc5b5e0d,1698.45,65.95,6.902225601,56000,56000
3fb41e90730aa37118af6ce15ccc280ecc5b5e0d,1717.04,66.41,6.989796975,54000,55000
3fb41e90730aa37118af6ce15ccc280ecc5b5e0d,1699.33,65.84,6.914302122,55000,56000
743ae0f4703f9644e3efb748c7937f1b99766ee8,1709.71,66.33,6.945189314,54000,54000
743ae0f4703f9644e3efb748c7937f1b99766ee8,1733.59,67.35,7.051360928,54000,54000
743ae0f4703f9644e3efb748c7937f1b99766ee8,1697.70,65.85,6.910696999,55000,55000
743ae0f4703f9644e3efb748c7937f1b99766ee8,1712.39,66.11,6.963708840,54000,55000
743ae0f4703f9644e3efb748c7937f1b99766ee8,1720.00,66.70,6.985411902,55000,56000
743ae0f4703f9644e3efb748c7937f1b99766ee8,1710.76,66.63,6.952294751,55000,55000
743ae0f4703f9644e3efb748c7937f1b99766ee8,1712.98,66.56,6.956786001,55000,55000
743ae0f4703f9644e3efb748c7937f1b99766ee8,1712.86,66.39,6.969989463,54000,55000
743ae0f4703f9644e3efb748c7937f1b99766ee8,1713.74,66.60,6.961682461,54000,55000
743ae0f4703f9644e3efb748c7937f1b99766ee8,1711.81,66.41,6.966248249,55000,56000
743ae0f4703f9644e3efb748c7937f1b99766ee8,1709.03,66.47,6.940434868,55000,56000
743ae0f4703f9644e3efb748c7937f1b99766ee8,1712.70,66.20,6.958812315,56000,55000
743ae0f4703f9644e3efb748c7937f1b99766ee8,1708.52,66.15,6.954857183,55000,54000
743ae0f4703f9644e3efb748c7937f1b99766ee8,1710.70,66.40,6.948036337,55000,54000
743ae0f4703f9644e3efb748c7937f1b99766ee8,1737.72,67.77,7.063294600,55000,55000
743ae0f4703f9644e3efb748c7937f1b99766ee8,1713.27,66.57,6.976563065,55000,54000
743ae0f4703f9644e3efb748c7937f1b99766ee8,1723.50,67.03,7.020474743,54000,55000
743ae0f4703f9644e3efb748c7937f1b99766ee8,1704.08,66.53,6.931066010,55000,55000
743ae0f4703f9644e3efb748c7937f1b99766ee8,1720.71,66.84,6.983471103,55000,55000
743ae0f4703f9644e3efb748c7937f1b99766ee8,1713.18,66.44,6.957537557,55000,55000
743ae0f4703f9644e3efb748c7937f1b99766ee8,1717.06,66.67,6.979093859,55000,55000
743ae0f4703f9644e3efb748c7937f1b99766ee8,1726.80,67.06,7.012352515,55000,56000
743ae0f4703f9644e3efb748c7937f1b99766ee8,1720.70,66.62,6.989077763,55000,56000
743ae0f4703f9644e3efb748c7937f1b99766ee8,1758.14,68.34,7.135478381,56000,56000
743ae0f4703f9644e3efb748c7937f1b99766ee8,1722.55,66.96,6.991153366,56000,56000
743ae0f4703f9644e3efb748c7937f1b99766ee8,1728.07,67.05,7.017487272,56000,55000
743ae0f4703f9644e3efb748c7937f1b99766ee8,1739.85,67.51,7.079625640,55000,54000
743ae0f4703f9644e3efb748c7937f1b99766ee8,1718.65,66.53,7.000183351,54000,54000
743ae0f4703f9644e3efb748c7937f1b99766ee8,1726.29,66.95,7.018555998,54000,54000
743ae0f4703f9644e3efb748c7937f1b99766ee8,1715.91,66.66,6.976965421,54000,54000
28fc4138269ea3797ddecd45f58a2dbf22cf2e54,1729.93,67.57,7.068867957,56000,55000
28fc4138269ea3797ddecd45f58a2dbf22cf2e54,1731.85,67.37,7.024511055,54000,56000
28fc4138269ea3797ddecd45f58a2dbf22cf2e54,1724.42,67.03,6.999707343,55000,54000
28fc4138269ea3797ddecd45f58a2dbf22cf2e54,1707.61,66.06,6.940841930,55000,55000
28fc4138269ea3797ddecd45f58a2dbf22cf2e54,1729.12,67.29,7.039352008,55000,54000
28fc4138269ea3797ddecd45f58a2dbf22cf2e54,1726.04,67.14,7.016137418,54000,54000
28fc4138269ea3797ddecd45f58a2dbf22cf2e54,1733.16,67.32,7.034203580,55000,56000
28fc4138269ea3797ddecd45f58a2dbf22cf2e54,1729.68,67.34,7.034573882,54000,54000
28fc4138269ea3797ddecd45f58a2dbf22cf2e54,1718.42,66.46,6.993700857,56000,56000
28fc4138269ea3797ddecd45f58a2dbf22cf2e54,1727.62,67.16,7.009355191,55000,54000
28fc4138269ea3797ddecd45f58a2dbf22cf2e54,1733.82,67.21,7.041750583,55000,55000
28fc4138269ea3797ddecd45f58a2dbf22cf2e54,1736.11,67.30,7.053374027,55000,55000
28fc4138269ea3797ddecd45f58a2dbf22cf2e54,1717.55,66.55,6.980910203,55000,54000
28fc4138269ea3797ddecd45f58a2dbf22cf2e54,1721.03,66.88,6.986794534,55000,55000
28fc4138269ea3797ddecd45f58a2dbf22cf2e54,1717.89,66.78,6.977258675,55000,55000
28fc4138269ea3797ddecd45f58a2dbf22cf2e54,1749.93,68.00,7.130514881,54000,55000
28fc4138269ea3797ddecd45f58a2dbf22cf2e54,1711.90,66.46,6.962779970,54000,55000
28fc4138269ea3797ddecd45f58a2dbf22cf2e54,1719.49,66.62,6.990054408,54000,55000
28fc4138269ea3797ddecd45f58a2dbf22cf2e54,1744.91,68.11,7.072592426,55000,54000
28fc4138269ea3797ddecd45f58a2dbf22cf2e54,1704.05,66.31,6.925352429,54000,54000
28fc4138269ea3797ddecd45f58a2dbf22cf2e54,1739.61,67.83,7.058029822,56000,55000
28fc4138269ea3797ddecd45f58a2dbf22cf2e54,1736.63,67.18,7.060869089,55000,55000
28fc4138269ea3797ddecd45f58a2dbf22cf2e54,1730.65,67.18,7.019106060,55000,55000
28fc4138269ea3797ddecd45f58a2dbf22cf2e54,1731.79,67.44,7.023471828,56000,56000
28fc4138269ea3797ddecd45f58a2dbf22cf2e54,1737.63,67.49,7.050035105,55000,55000
28fc4138269ea3797ddecd45f58a2dbf22cf2e54,1744.39,67.77,7.100500689,55000,55000
28fc4138269ea3797ddecd45f58a2dbf22cf2e54,1715.98,66.51,6.976069517,54000,54000
28fc4138269ea3797ddecd45f58a2dbf22cf2e54,1709.49,66.51,6.950417873,55000,55000
28fc4138269ea3797ddecd45f58a2dbf22cf2e54,1728.33,67.16,7.010098606,55000,55000
28fc4138269ea3797ddecd45f58a2dbf22cf2e54,1737.43,67.31,7.074505483,56000,54000
8011594ad63737a688a1d98377e279e296bb301c,1717.32,66.85,6.980805889,55000,54000
8011594ad63737a688a1d98377e279e296bb301c,1728.18,67.12,7.018813701,54000,54000
8011594ad63737a688a1d98377e279e296bb301c,1709.38,66.59,6.952798310,55000,55000
8011594ad63737a688a1d98377e279e296bb301c,1704.11,66.01,6.940791855,55000,55000
8011594ad63737a688a1d98377e279e296bb301c,1708.09,66.32,6.950396080,55000,56000
8011594ad63737a688a1d98377e279e296bb301c,1702.75,65.81,6.926482584,55000,55000
8011594ad63737a688a1d98377e279e296bb301c,1717.85,66.47,6.991030460,56000,55000
8011594ad63737a688a1d98377e279e296bb301c,1732.44,67.32,7.053821133,55000,56000
8011594ad63737a688a1d98377e279e296bb301c,1709.42,66.37,6.940247854,55000,55000
8011594ad63737a688a1d98377e279e296bb301c,1723.18,66.79,6.998094664,56000,54000
8011594ad63737a688a1d98377e279e296bb301c,1714.58,66.29,6.954210255,55000,54000
8011594ad63737a688a1d98377e279e296bb301c,1727.75,66.93,7.030906229,55000,55000
8011594ad63737a688a1d98377e279e296bb301c,1715.58,66.34,6.983506278,56000,54000
8011594ad63737a688a1d98377e279e296bb301c,1712.40,66.25,6.964761199,56000,56000
8011594ad63737a688a1d98377e279e296bb301c,1723.20,66.66,7.003511915,55000,56000
8011594ad63737a688a1d98377e279e296bb301c,1690.74,65.69,6.877471322,55000,55000
8011594ad63737a688a1d98377e279e296bb301c,1691.85,65.74,6.874149081,54000,56000
8011594ad63737a688a1d98377e279e296bb301c,1710.46,66.54,6.958339897,55000,55000
8011594ad63737a688a1d98377e279e296bb301c,1703.49,66.15,6.926989870,55000,55000
8011594ad63737a688a1d98377e279e296bb301c,1731.26,67.22,7.026353502,56000,54000
8011594ad63737a688a1d98377e279e296bb301c,1706.83,66.28,6.950615394,55000,55000
8011594ad63737a688a1d98377e279e296bb301c,1710.80,66.55,6.946551515,55000,56000
8011594ad63737a688a1d98377e279e296bb301c,1723.84,66.95,7.009491432,55000,55000
8011594ad63737a688a1d98377e279e296bb301c,1720.19,66.57,7.002907282,54000,55000
8011594ad63737a688a1d98377e279e296bb301c,1726.20,66.92,7.019315441,54000,55000
8011594ad63737a688a1d98377e279e296bb301c,1712.04,66.48,6.948409186,55000,56000
8011594ad63737a688a1d98377e279e296bb301c,1716.92,66.71,6.973816667,56000,55000
8011594ad63737a688a1d98377e279e296bb301c,1713.04,66.42,6.952493216,55000,55000
8011594ad63737a688a1d98377e279e296bb301c,1717.80,66.62,6.993780943,56000,55000
8011594ad63737a688a1d98377e279e296bb301c,1714.09,66.49,6.958066262,54000,54000
6841a47bb02fc47a616b62c33aea7828e4fc7743,1721.69,66.86,6.986753846,55000,54000
6841a47bb02fc47a616b62c33aea7828e4fc7743,1706.62,66.21,6.935006287,54000,56000
6841a47bb02fc47a616b62c33aea7828e4fc7743,1728.59,66.97,7.012536244,55000,55000
6841a47bb02fc47a616b62c33aea7828e4fc7743,1718.66,66.64,6.968182218,54000,54000
6841a47bb02fc47a616b62c33aea7828e4fc7743,1694.23,65.71,6.888590996,55000,55000
6841a47bb02fc47a616b62c33aea7828e4fc7743,1722.35,66.74,7.003459996,54000,55000
6841a47bb02fc47a616b62c33aea7828e4fc7743,1715.29,66.34,6.971996836,54000,55000
6841a47bb02fc47a616b62c33aea7828e4fc7743,1717.35,66.72,6.982347006,55000,55000
6841a47bb02fc47a616b62c33aea7828e4fc7743,1707.16,66.14,6.953069235,56000,54000
6841a47bb02fc47a616b62c33aea7828e4fc7743,1723.01,66.74,7.005607648,54000,55000
6841a47bb02fc47a616b62c33aea7828e4fc7743,1711.25,66.54,6.945323432,56000,56000
6841a47bb02fc47a616b62c33aea7828e4fc7743,1725.75,67.24,7.009023284,55000,55000
6841a47bb02fc47a616b62c33aea7828e4fc7743,1711.45,66.44,6.945043441,55000,55000
6841a47bb02fc47a616b62c33aea7828e4fc7743,1717.27,66.77,6.985130053,54000,55000
6841a47bb02fc47a616b62c33aea7828e4fc7743,1712.18,66.46,6.965243500,56000,55000
6841a47bb02fc47a616b62c33aea7828e4fc7743,1697.35,66.04,6.908222668,55000,55000
6841a47bb02fc47a616b62c33aea7828e4fc7743,1710.05,66.53,6.946560052,56000,54000
6841a47bb02fc47a616b62c33aea7828e4fc7743,1716.63,66.61,6.987097233,55000,56000
6841a47bb02fc47a616b62c33aea7828e4fc7743,1730.55,67.42,7.034995350,55000,55000
6841a47bb02fc47a616b62c33aea7828e4fc7743,1706.34,66.47,6.942410916,55000,55000
6841a47bb02fc47a616b62c33aea7828e4fc7743,1702.88,66.37,6.918594403,56000,54000
6841a47bb02fc47a616b62c33aea7828e4fc7743,1725.92,66.73,7.021792633,55000,56000
6841a47bb02fc47a616b62c33aea7828e4fc7743,1701.04,65.81,6.906626158,56000,56000
6841a47bb02fc47a616b62c33aea7828e4fc7743,1706.45,65.79,6.952616409,55000,55000
6841a47bb02fc47a616b62c33aea7828e4fc7743,1711.84,66.23,6.973231840,56000,56000
6841a47bb02fc47a616b62c33aea7828e4fc7743,1725.33,66.72,7.023422311,56000,56000
6841a47bb02fc47a616b62c33aea7828e4fc7743,1721.13,67.11,6.986969498,55000,56000
6841a47bb02fc47a616b62c33aea7828e4fc7743,1711.86,66.32,6.957818407,55000,55000
6841a47bb02fc47a616b62c33aea7828e4fc7743,1714.95,66.25,6.966254725,55000,54000
6841a47bb02fc47a616b62c33aea7828e4fc7743,1709.40,65.97,6.954492950,54000,56000
2bcab7cd5b186b36cc429c1815063479238188bd,1735.92,67.41,7.047858921,54000,55000
2bcab7cd5b186b36cc429c1815063479238188bd,1729.37,67.30,7.026131965,54000,55000
2bcab7cd5b186b36cc429c1815063479238188bd,1696.37,65.83,6.893765990,54000,54000
2bcab7cd5b186b36cc429c1815063479238188bd,1726.41,67.02,7.029784321,55000,56000
2bcab7cd5b186b36cc429c1815063479238188bd,1699.29,65.52,6.922924889,55000,54000
2bcab7cd5b186b36cc429c1815063479238188bd,1718.70,66.62,6.978912277,56000,56000
2bcab7cd5b186b36cc429c1815063479238188bd,1710.03,66.07,6.956300852,55000,54000
2bcab7cd5b186b36cc429c1815063479238188bd,1701.80,66.09,6.909368765,55000,54000
2bcab7cd5b186b36cc429c1815063479238188bd,1722.39,66.68,7.002128843,54000,55000
2bcab7cd5b186b36cc429c1815063479238188bd,1723.35,66.96,7.004616987,56000,54000
2bcab7cd5b186b36cc429c1815063479238188bd,1699.41,66.04,6.917784228,55000,56000
2bcab7cd5b186b36cc429c1815063479238188bd,1708.99,66.16,6.939926006,54000,54000
2bcab7cd5b186b36cc429c1815063479238188bd,1765.09,68.29,7.172328641,55000,55000
2bcab7cd5b186b36cc429c1815063479238188bd,1705.30,66.13,6.919892878,54000,54000
2bcab7cd5b186b36cc429c1815063479238188bd,1709.99,66.16,6.957621976,54000,56000
2bcab7cd5b186b36cc429c1815063479238188bd,1707.50,66.48,6.941677329,56000,56000
2bcab7cd5b186b36cc429c1815063479238188bd,1721.33,66.49,7.017603463,56000,56000
2bcab7cd5b186b36cc429c1815063479238188bd,1699.09,65.81,6.909267256,55000,55000
2bcab7cd5b186b36cc429c1815063479238188bd,1742.82,67.79,7.109806768,55000,55000
2bcab7cd5b186b36cc429c1815063479238188bd,1721.98,67.05,6.999346457,56000,55000
2bcab7cd5b186b36cc429c1815063479238188bd,1731.15,67.36,7.029566299,55000,56000
2bcab7cd5b186b36cc429c1815063479238188bd,1707.18,66.20,6.944772151,54000,54000
2bcab7cd5b186b36cc429c1815063479238188bd,1720.49,66.86,6.987465819,55000,55000
2bcab7cd5b186b36cc429c1815063479238188bd,1709.17,66.16,6.945290113,55000,56000
2bcab7cd5b186b36cc429c1815063479238188bd,1707.81,66.16,6.937788222,55000,55000
2bcab7cd5b186b36cc429c1815063479238188bd,1724.48,66.84,7.007864778,55000,55000
2bcab7cd5b186b36cc429c1815063479238188bd,1707.78,66.15,6.935832506,54000,56000
2bcab7cd5b186b36cc429c1815063479238188bd,1716.96,66.88,6.980393633,56000,55000
2bcab7cd5b186b36cc429c1815063479238188bd,1741.85,67.67,7.081466212,55000,54000
2bcab7cd5b186b36cc429c1815063479238188bd,1722.11,66.59,7.001973167,55000,55000
694b1a4a837d083f2f8ddc4d6a10be433d7a6d59,1722.68,66.93,6.991860715,55000,55000
694b1a4a837d083f2f8ddc4d6a10be433d7a6d59,1719.32,66.36,6.982502882,54000,56000
694b1a4a837d083f2f8ddc4d6a10be433d7a6d59,1734.37,67.16,7.057061014,55000,54000
694b1a4a837d083f2f8ddc4d6a10be433d7a6d59,1733.31,67.32,7.039514958,56000,55000
694b1a4a837d083f2f8ddc4d6a10be433d7a6d59,1739.56,67.50,7.066861672,56000,55000
694b1a4a837d083f2f8ddc4d6a10be433d7a6d59,1750.52,67.75,7.120776650,55000,54000
694b1a4a837d083f2f8ddc4d6a10be433d7a6d59,1734.61,67.37,7.036733392,55000,55000
694b1a4a837d083f2f8ddc4d6a10be433d7a6d59,1700.94,66.12,6.915634337,54000,54000
694b1a4a837d083f2f8ddc4d6a10be433d7a6d59,1745.10,67.45,7.079950410,55000,54000
694b1a4a837d083f2f8ddc4d6a10be433d7a6d59,1737.22,67.43,7.053566412,54000,54000
694b1a4a837d083f2f8ddc4d6a10be433d7a6d59,1717.50,66.55,6.983311795,54000,56000
694b1a4a837d083f2f8ddc4d6a10be433d7a6d59,1716.84,66.93,6.975026991,54000,54000
694b1a4a837d083f2f8ddc4d6a10be433d7a6d59,1723.64,66.99,7.010756448,54000,54000
694b1a4a837d083f2f8ddc4d6a10be433d7a6d59,1736.86,67.69,7.042949170,55000,55000
694b1a4a837d083f2f8ddc4d6a10be433d7a6d59,1703.48,66.38,6.929709888,55000,55000
694b1a4a837d083f2f8ddc4d6a10be433d7a6d59,1729.09,67.04,7.034924436,55000,54000
694b1a4a837d083f2f8ddc4d6a10be433d7a6d59,1726.69,66.87,7.017314239,55000,55000
694b1a4a837d083f2f8ddc4d6a10be433d7a6d59,1717.71,66.91,6.982785952,55000,54000
694b1a4a837d083f2f8ddc4d6a10be433d7a6d59,1725.61,67.31,7.015362160,55000,55000
694b1a4a837d083f2f8ddc4d6a10be433d7a6d59,1711.63,66.94,6.949530717,55000,54000
694b1a4a837d083f2f8ddc4d6a10be433d7a6d59,1716.64,66.78,6.961753498,54000,55000
694b1a4a837d083f2f8ddc4d6a10be433d7a6d59,1752.50,68.01,7.123683868,56000,55000
694b1a4a837d083f2f8ddc4d6a10be433d7a6d59,1721.67,66.84,6.990281747,56000,56000
694b1a4a837d083f2f8ddc4d6a10be433d7a6d59,1733.01,67.42,7.023075640,55000,56000
694b1a4a837d083f2f8ddc4d6a10be433d7a6d59,1712.47,66.52,6.955841663,55000,54000
694b1a4a837d083f2f8ddc4d6a10be433d7a6d59,1750.59,68.13,7.112299216,55000,55000
694b1a4a837d083f2f8ddc4d6a10be433d7a6d59,1732.57,67.18,7.033668769,54000,54000
694b1a4a837d083f2f8ddc4d6a10be433d7a6d59,1745.81,67.81,7.096369711,54000,54000
694b1a4a837d083f2f8ddc4d6a10be433d7a6d59,1720.43,66.71,6.997869411,54000,54000
694b1a4a837d083f2f8ddc4d6a10be433d7a6d59,1729.51,67.27,7.040239223,55000,56000
38ba59e85b12a9ebe448f40307c3129af35502ea,1742.69,67.91,7.082614169,56000,55000
38ba59e85b12a9ebe448f40307c3129af35502ea,1718.05,66.73,6.975915225,54000,55000
38ba59e85b12a9ebe448f40307c3129af35502ea,1739.21,67.53,7.063408960,54000,55000
38ba59e85b12a9ebe448f40307c3129af35502ea,1724.76,67.15,6.996854589,54000,55000
38ba59e85b12a9ebe448f40307c3129af35502ea,1714.20,66.81,6.963701551,54000,54000
38ba59e85b12a9ebe448f40307c3129af35502ea,1718.67,66.75,6.993704095,54000,54000
38ba59e85b12a9ebe448f40307c3129af35502ea,1710.86,66.43,6.945998678,54000,54000
38ba59e85b12a9ebe448f40307c3129af35502ea,1756.60,68.39,7.143875364,55000,55000
38ba59e85b12a9ebe448f40307c3129af35502ea,1711.69,66.20,6.957196419,54000,54000
38ba59e85b12a9ebe448f40307c3129af35502ea,1724.79,66.80,7.003889058,54000,55000
38ba59e85b12a9ebe448f40307c3129af35502ea,1742.93,68.15,7.073421084,55000,54000
38ba59e85b12a9ebe448f40307c3129af35502ea,1742.40,67.85,7.068513896,54000,54000
38ba59e85b12a9ebe448f40307c3129af35502ea,1740.71,67.65,7.063666257,54000,55000
38ba59e85b12a9ebe448f40307c3129af35502ea,1741.47,67.62,7.076911885,55000,55000
38ba59e85b12a9ebe448f40307c3129af35502ea,1746.92,67.99,7.091259539,55000,55000
38ba59e85b12a9ebe448f40307c3129af35502ea,1766.16,68.82,7.173747537,55000,55000
38ba59e85b12a9ebe448f40307c3129af35502ea,1743.08,67.87,7.085357907,55000,55000
38ba59e85b12a9ebe448f40307c3129af35502ea,1702.01,66.00,6.918057226,55000,55000
38ba59e85b12a9ebe448f40307c3129af35502ea,1713.05,66.33,6.965465170,55000,55000
38ba59e85b12a9ebe448f40307c3129af35502ea,1718.33,66.71,6.993080234,55000,54000
38ba59e85b12a9ebe448f40307c3129af35502ea,1730.55,67.59,7.013316151,56000,56000
38ba59e85b12a9ebe448f40307c3129af35502ea,1724.96,66.95,7.012059474,56000,56000
38ba59e85b12a9ebe448f40307c3129af35502ea,1726.03,67.24,7.026897017,54000,55000
38ba59e85b12a9ebe448f40307c3129af35502ea,1716.86,66.62,6.970244891,56000,55000
38ba59e85b12a9ebe448f40307c3129af35502ea,1732.51,66.79,7.053285750,55000,55000
38ba59e85b12a9ebe448f40307c3129af35502ea,1724.31,66.85,6.990171509,56000,56000
38ba59e85b12a9ebe448f40307c3129af35502ea,1723.01,66.75,7.012993903,55000,56000
38ba59e85b12a9ebe448f40307c3129af35502ea,1726.61,66.85,7.014361896,55000,55000
38ba59e85b12a9ebe448f40307c3129af35502ea,1731.15,67.24,7.045021535,55000,54000
38ba59e85b12a9ebe448f40307c3129af35502ea,1731.95,67.38,7.034087794,54000,54000
f693d73d53188e2a60da16f74b6e50326f68669b,1740.44,67.74,7.071046600,54000,54000
f693d73d53188e2a60da16f74b6e50326f68669b,1728.82,67.24,7.017353829,55000,54000
f693d73d53188e2a60da16f74b6e50326f68669b,1726.60,67.22,7.009930740,54000,55000
f693d73d53188e2a60da16f74b6e50326f68669b,1748.23,68.08,7.106940840,54000,55000
f693d73d53188e2a60da16f74b6e50326f68669b,1716.63,66.64,6.961169939,55000,56000
f693d73d53188e2a60da16f74b6e50326f68669b,1717.36,66.57,6.989568718,55000,55000
f693d73d53188e2a60da16f74b6e50326f68669b,1714.85,66.63,6.963296391,55000,55000
f693d73d53188e2a60da16f74b6e50326f68669b,1726.15,67.06,7.007908316,54000,54000
f693d73d53188e2a60da16f74b6e50326f68669b,1741.20,67.54,7.061852260,54000,54000
f693d73d53188e2a60da16f74b6e50326f68669b,1709.33,66.23,6.949780371,54000,55000
f693d73d53188e2a60da16f74b6e50326f68669b,1731.10,67.26,7.018860272,55000,55000
f693d73d53188e2a60da16f74b6e50326f68669b,1733.10,67.18,7.042574149,55000,55000
f693d73d53188e2a60da16f74b6e50326f68669b,1723.60,67.00,7.018469919,55000,56000
f693d73d53188e2a60da16f74b6e50326f68669b,1753.94,68.29,7.121924033,55000,56000
f693d73d53188e2a60da16f74b6e50326f68669b,1728.58,67.27,7.021263770,55000,55000
f693d73d53188e2a60da16f74b6e50326f68669b,1753.57,68.48,7.123949398,55000,56000
f693d73d53188e2a60da16f74b6e50326f68669b,1716.45,66.62,6.982696400,55000,55000
f693d73d53188e2a60da16f74b6e50326f68669b,1736.15,67.30,7.051187774,55000,55000
f693d73d53188e2a60da16f74b6e50326f68669b,1714.76,66.25,6.957511094,56000,56000
f693d73d53188e2a60da16f74b6e50326f68669b,1737.25,67.79,7.049274786,55000,56000
f693d73d53188e2a60da16f74b6e50326f68669b,1733.25,67.21,7.048156634,55000,55000
f693d73d53188e2a60da16f74b6e50326f68669b,1726.53,67.12,7.010881231,56000,55000
f693d73d53188e2a60da16f74b6e50326f68669b,1741.07,67.66,7.072690401,56000,56000
f693d73d53188e2a60da16f74b6e50326f68669b,1729.51,67.04,7.022002795,55000,56000
f693d73d53188e2a60da16f74b6e50326f68669b,1726.75,67.10,7.019727236,55000,55000
f693d73d53188e2a60da16f74b6e50326f68669b,1715.04,66.62,6.961732264,55000,54000
f693d73d53188e2a60da16f74b6e50326f68669b,1718.76,66.85,6.975234409,55000,55000
f693d73d53188e2a60da16f74b6e50326f68669b,1722.62,67.22,6.998059645,54000,54000
f693d73d53188e2a60da16f74b6e50326f68669b,1713.07,66.48,6.972673986,54000,55000
f693d73d53188e2a60da16f74b6e50326f68669b,1721.79,66.92,6.993423176,55000,56000
8ff15ef4e6b50a279a5edfb22aa6a24aa6fa634c,1706.40,66.50,6.997422590,55000,56000
8ff15ef4e6b50a279a5edfb22aa6a24aa6fa634c,1714.15,66.16,6.996365877,54000,55000
8ff15ef4e6b50a279a5edfb22aa6a24aa6fa634c,1725.70,67.09,7.003909798,55000,56000
8ff15ef4e6b50a279a5edfb22aa6a24aa6fa634c,1704.49,66.00,6.939823211,54000,55000
8ff15ef4e6b50a279a5edfb22aa6a24aa6fa634c,1738.86,67.92,7.047776261,55000,55000
8ff15ef4e6b50a279a5edfb22aa6a24aa6fa634c,1706.79,66.21,6.938761805,55000,56000
8ff15ef4e6b50a279a5edfb22aa6a24aa6fa634c,1727.50,67.09,7.018252935,55000,56000
8ff15ef4e6b50a279a5edfb22aa6a24aa6fa634c,1739.88,67.58,7.061963493,55000,54000
8ff15ef4e6b50a279a5edfb22aa6a24aa6fa634c,1722.14,66.65,6.982222562,55000,55000
8ff15ef4e6b50a279a5edfb22aa6a24aa6fa634c,1742.83,67.43,7.073028740,55000,55000
8ff15ef4e6b50a279a5edfb22aa6a24aa6fa634c,1741.85,67.70,7.073174803,55000,55000
8ff15ef4e6b50a279a5edfb22aa6a24aa6fa634c,1734.37,67.36,7.042576350,55000,55000
8ff15ef4e6b50a279a5edfb22aa6a24aa6fa634c,1705.77,66.16,6.934723401,55000,54000
8ff15ef4e6b50a279a5edfb22aa6a24aa6fa634c,1745.78,67.84,7.107578387,54000,55000
8ff15ef4e6b50a279a5edfb22aa6a24aa6fa634c,1725.46,67.15,7.007152611,55000,55000
8ff15ef4e6b50a279a5edfb22aa6a24aa6fa634c,1740.94,67.82,7.083713934,55000,55000
8ff15ef4e6b50a279a5edfb22aa6a24aa6fa634c,1717.74,67.04,6.977283062,55000,55000
8ff15ef4e6b50a279a5edfb22aa6a24aa6fa634c,1715.45,66.80,6.972015894,55000,54000
8ff15ef4e6b50a279a5edfb22aa6a24aa6fa634c,1732.46,67.45,7.032113583,55000,55000
8ff15ef4e6b50a279a5edfb22aa6a24aa6fa634c,1723.63,67.18,7.006220285,54000,54000
8ff15ef4e6b50a279a5edfb22aa6a24aa6fa634c,1722.73,66.65,7.000716257,55000,56000
8ff15ef4e6b50a279a5edfb22aa6a24aa6fa634c,1723.90,66.95,6.992819070,54000,56000
8ff15ef4e6b50a279a5edfb22aa6a24aa6fa634c,1717.50,66.27,6.982665055,56000,55000
8ff15ef4e6b50a279a5edfb22aa6a24aa6fa634c,1735.75,67.41,7.051350179,55000,56000
8ff15ef4e6b50a279a5edfb22aa6a24aa6fa634c,1715.04,66.57,6.984510362,56000,55000
8ff15ef4e6b50a279a5edfb22aa6a24aa6fa634c,1716.99,66.32,6.977605140,55000,54000
8ff15ef4e6b50a279a5edfb22aa6a24aa6fa634c,1746.07,68.04,7.100263672,55000,55000
8ff15ef4e6b50a279a5edfb22aa6a24aa6fa634c,1746.79,67.91,7.075318516,55000,55000
8ff15ef4e6b50a279a5edfb22aa6a24aa6fa634c,1736.11,67.58,7.054003358,54000,54000
8ff15ef4e6b50a279a5edfb22aa6a24aa6fa634c,1729.66,67.27,7.034688741,55000,54000
057fdf1ecbd300f00043d1662a425c4c58ceafd9,1733.98,67.53,7.042016175,55000,54000
057fdf1ecbd300f00043d1662a425c4c58ceafd9,1735.11,67.27,7.049311424,54000,54000
057fdf1ecbd300f00043d1662a425c4c58ceafd9,1727.36,67.22,7.005742108,54000,54000
057fdf1ecbd300f00043d1662a425c4c58ceafd9,1749.01,67.73,7.119237083,54000,54000
057fdf1ecbd300f00043d1662a425c4c58ceafd9,1762.80,68.54,7.143633466,55000,55000
057fdf1ecbd300f00043d1662a425c4c58ceafd9,1733.19,67.18,7.063887435,54000,54000
057fdf1ecbd300f00043d1662a425c4c58ceafd9,1730.28,67.32,7.031353253,55000,55000
057fdf1ecbd300f00043d1662a425c4c58ceafd9,1715.65,66.29,6.982332759,55000,55000
057fdf1ecbd300f00043d1662a425c4c58ceafd9,1708.88,66.33,6.959091429,55000,55000
057fdf1ecbd300f00043d1662a425c4c58ceafd9,1748.21,67.66,7.102688363,54000,56000
057fdf1ecbd300f00043d1662a425c4c58ceafd9,1725.58,66.99,7.009474943,55000,55000
057fdf1ecbd300f00043d1662a425c4c58ceafd9,1725.36,67.22,7.000245409,55000,55000
057fdf1ecbd300f00043d1662a425c4c58ceafd9,1743.11,67.95,7.077275859,55000,54000
057fdf1ecbd300f00043d1662a425c4c58ceafd9,1728.99,67.19,7.018474785,54000,56000
057fdf1ecbd300f00043d1662a425c4c58ceafd9,1726.86,67.09,7.025524152,54000,54000
057fdf1ecbd300f00043d1662a425c4c58ceafd9,1726.67,67.07,7.014551064,54000,55000
057fdf1ecbd300f00043d1662a425c4c58ceafd9,1718.81,67.06,6.985397682,56000,55000
057fdf1ecbd300f00043d1662a425c4c58ceafd9,1725.15,67.43,7.012162448,54000,54000
057fdf1ecbd300f00043d1662a425c4c58ceafd9,1722.18,66.68,7.016631176,54000,54000
057fdf1ecbd300f00043d1662a425c4c58ceafd9,1727.09,67.45,7.008337020,54000,54000
057fdf1ecbd300f00043d1662a425c4c58ceafd9,1753.83,68.30,7.121189605,54000,54000
057fdf1ecbd300f00043d1662a425c4c58ceafd9,1733.08,67.19,7.035527499,55000,55000
057fdf1ecbd300f00043d1662a425c4c58ceafd9,1742.50,67.59,7.078847741,55000,54000
057fdf1ecbd300f00043d1662a425c4c58ceafd9,1735.13,67.35,7.032927814,55000,56000
057fdf1ecbd300f00043d1662a425c4c58ceafd9,1745.09,67.66,7.082054986,56000,56000
057fdf1ecbd300f00043d1662a425c4c58ceafd9,1706.09,66.34,6.923994399,55000,55000
057fdf1ecbd300f00043d1662a425c4c58ceafd9,1737.23,67.31,7.073909203,55000,56000
057fdf1ecbd300f00043d1662a425c4c58ceafd9,1727.79,66.84,7.012810420,55000,55000
057fdf1ecbd300f00043d1662a425c4c58ceafd9,1708.19,66.27,6.950663263,54000,54000
057fdf1ecbd300f00043d1662a425c4c58ceafd9,1724.18,66.92,7.026027806,54000,54000
7cbe7635a11b6ad5d074dcf7c5406731e7f834e3,1722.56,66.82,7.003247233,55000,55000
7cbe7635a11b6ad5d074dcf7c5406731e7f834e3,1749.23,67.98,7.124240484,54000,54000
7cbe7635a11b6ad5d074dcf7c5406731e7f834e3,1728.39,67.12,7.036101552,54000,54000
7cbe7635a11b6ad5d074dcf7c5406731e7f834e3,1738.91,67.63,7.056740169,55000,56000
7cbe7635a11b6ad5d074dcf7c5406731e7f834e3,1729.68,67.03,7.020812127,55000,54000
7cbe7635a11b6ad5d074dcf7c5406731e7f834e3,1736.43,67.24,7.054698495,55000,55000
7cbe7635a11b6ad5d074dcf7c5406731e7f834e3,1732.26,66.99,7.040243822,55000,55000
7cbe7635a11b6ad5d074dcf7c5406731e7f834e3,1751.85,68.17,7.113544427,55000,55000
7cbe7635a11b6ad5d074dcf7c5406731e7f834e3,1733.05,67.48,7.035951112,55000,54000
7cbe7635a11b6ad5d074dcf7c5406731e7f834e3,1713.10,66.45,6.969403395,55000,54000
7cbe7635a11b6ad5d074dcf7c5406731e7f834e3,1740.02,67.60,7.075899846,55000,56000
7cbe7635a11b6ad5d074dcf7c5406731e7f834e3,1718.16,66.68,6.974491018,54000,55000
7cbe7635a11b6ad5d074dcf7c5406731e7f834e3,1741.20,67.97,7.053474563,55000,55000
7cbe7635a11b6ad5d074dcf7c5406731e7f834e3,1727.53,67.38,7.028280041,54000,54000
7cbe7635a11b6ad5d074dcf7c5406731e7f834e3,1773.64,68.91,7.214570680,55000,55000
7cbe7635a11b6ad5d074dcf7c5406731e7f834e3,1728.37,67.49,7.016945248,54000,55000
7cbe7635a11b6ad5d074dcf7c5406731e7f834e3,1726.84,66.97,7.005956603,55000,55000
7cbe7635a11b6ad5d074dcf7c5406731e7f834e3,1736.58,67.83,7.049508745,56000,55000
7cbe7635a11b6ad5d074dcf7c5406731e7f834e3,1728.83,67.21,7.008919917,55000,55000
7cbe7635a11b6ad5d074dcf7c5406731e7f834e3,1725.65,67.39,7.008472542,54000,55000
7cbe7635a11b6ad5d074dcf7c5406731e7f834e3,1724.89,67.06,7.016416045,56000,55000
7cbe7635a11b6ad5d074dcf7c5406731e7f834e3,1741.73,67.36,7.078488609,55000,55000
7cbe7635a11b6ad5d074dcf7c5406731e7f834e3,1728.29,67.05,7.024416709,55000,56000
7cbe7635a11b6ad5d074dcf7c5406731e7f834e3,1733.37,67.25,7.036030227,56000,55000
7cbe7635a11b6ad5d074dcf7c5406731e7f834e3,1717.27,66.79,6.970971173,55000,55000
7cbe7635a11b6ad5d074dcf7c5406731e7f834e3,1734.55,67.31,7.044597538,56000,55000
7cbe7635a11b6ad5d074dcf7c5406731e7f834e3,1724.52,67.00,6.993422049,56000,55000
7cbe7635a11b6ad5d074dcf7c5406731e7f834e3,1752.68,68.16,7.103557709,55000,56000
7cbe7635a11b6ad5d074dcf7c5406731e7f834e3,1737.10,67.51,7.046988663,54000,55000
7cbe7635a11b6ad5d074dcf7c5406731e7f834e3,1742.97,67.88,7.094031766,54000,54000
66ceb710fbabc6f34399467b90aa7dd27f755ae4,1726.50,66.91,7.006427623,54000,56000
66ceb710fbabc6f34399467b90aa7dd27f755ae4,1721.94,66.99,6.991124113,54000,54000
66ceb710fbabc6f34399467b90aa7dd27f755ae4,1730.20,67.32,7.051444750,55000,55000
66ceb710fbabc6f34399467b90aa7dd27f755ae4,1720.82,66.57,7.008837613,55000,55000
66ceb710fbabc6f34399467b90aa7dd27f755ae4,1727.96,67.11,7.015683096,55000,55000
66ceb710fbabc6f34399467b90aa7dd27f755ae4,1733.86,67.32,7.034115822,55000,54000
66ceb710fbabc6f34399467b90aa7dd27f755ae4,1732.31,67.35,7.017526137,54000,55000
66ceb710fbabc6f34399467b90aa7dd27f755ae4,1732.36,67.29,7.022697288,55000,54000
66ceb710fbabc6f34399467b90aa7dd27f755ae4,1714.67,66.17,6.966587350,54000,55000
66ceb710fbabc6f34399467b90aa7dd27f755ae4,1717.60,66.61,6.994268040,55000,55000
66ceb710fbabc6f34399467b90aa7dd27f755ae4,1732.45,67.46,7.027006932,55000,55000
66ceb710fbabc6f34399467b90aa7dd27f755ae4,1742.02,67.83,7.059793731,55000,55000
66ceb710fbabc6f34399467b90aa7dd27f755ae4,1737.67,67.26,7.056714693,54000,55000
66ceb710fbabc6f34399467b90aa7dd27f755ae4,1756.65,68.72,7.136517571,55000,54000
66ceb710fbabc6f34399467b90aa7dd27f755ae4,1742.43,67.86,7.079899906,54000,54000
66ceb710fbabc6f34399467b90aa7dd27f755ae4,1709.54,66.27,6.947506393,55000,55000
66ceb710fbabc6f34399467b90aa7dd27f755ae4,1727.76,67.16,7.018722009,54000,55000
66ceb710fbabc6f34399467b90aa7dd27f755ae4,1730.34,67.13,7.027484027,55000,56000
66ceb710fbabc6f34399467b90aa7dd27f755ae4,1746.25,68.18,7.081752226,55000,54000
66ceb710fbabc6f34399467b90aa7dd27f755ae4,1721.25,66.82,6.993802129,55000,55000
66ceb710fbabc6f34399467b90aa7dd27f755ae4,1722.16,66.87,6.998204074,54000,54000
66ceb710fbabc6f34399467b90aa7dd27f755ae4,1718.25,66.86,6.981017286,56000,55000
66ceb710fbabc6f34399467b90aa7dd27f755ae4,1716.12,66.69,6.968761785,56000,55000
66ceb710fbabc6f34399467b90aa7dd27f755ae4,1734.96,67.42,7.055548474,55000,54000
66ceb710fbabc6f34399467b90aa7dd27f755ae4,1724.30,66.76,7.005726783,55000,55000
66ceb710fbabc6f34399467b90aa7dd27f755ae4,1723.32,66.91,7.000381695,55000,55000
66ceb710fbabc6f34399467b90aa7dd27f755ae4,1730.66,67.22,7.022171507,56000,56000
66ceb710fbabc6f34399467b90aa7dd27f755ae4,1715.59,66.64,6.967685353,56000,56000
66ceb710fbabc6f34399467b90aa7dd27f755ae4,1724.40,67.03,7.018389265,54000,56000
66ceb710fbabc6f34399467b90aa7dd27f755ae4,1734.08,67.64,7.030634001,55000,55000
245c0b6f94127c2d144f10913b45a149daf8e504,1728.83,67.67,7.055120841,56000,55000
245c0b6f94127c2d144f10913b45a149daf8e504,1729.04,67.29,7.025095389,54000,54000
245c0b6f94127c2d144f10913b45a149daf8e504,1729.01,67.29,7.016740290,55000,54000
245c0b6f94127c2d144f10913b45a149daf8e504,1723.59,66.97,6.993463356,54000,54000
245c0b6f94127c2d144f10913b45a149daf8e504,1737.89,67.40,7.056188132,54000,54000
245c0b6f94127c2d144f10913b45a149daf8e504,1721.67,66.72,6.986205561,54000,54000
245c0b6f94127c2d144f10913b45a149daf8e504,1731.42,66.99,7.033963259,54000,54000
245c0b6f94127c2d144f10913b45a149daf8e504,1727.97,67.22,7.001599331,54000,54000
245c0b6f94127c2d144f10913b45a149daf8e504,1737.62,67.49,7.066769327,55000,55000
245c0b6f94127c2d144f10913b45a149daf8e504,1717.75,66.64,6.986927747,54000,55000
245c0b6f94127c2d144f10913b45a149daf8e504,1731.35,67.24,7.031702164,54000,54000
245c0b6f94127c2d144f10913b45a149daf8e504,1734.89,67.23,7.054568358,55000,55000
245c0b6f94127c2d144f10913b45a149daf8e504,1729.85,66.78,7.055590727,54000,56000
245c0b6f94127c2d144f10913b45a149daf8e504,1736.31,67.29,7.042392858,54000,55000
245c0b6f94127c2d144f10913b45a149daf8e504,1731.04,67.34,7.021335601,55000,55000
245c0b6f94127c2d144f10913b45a149daf8e504,1723.51,66.82,7.008459410,55000,56000
245c0b6f94127c2d144f10913b45a149daf8e504,1731.84,67.44,7.032357193,54000,55000
245c0b6f94127c2d144f10913b45a149daf8e504,1732.36,67.23,7.033308959,55000,55000
245c0b6f94127c2d144f10913b45a149daf8e504,1726.25,67.10,7.009568338,55000,55000
245c0b6f94127c2d144f10913b45a149daf8e504,1727.27,67.46,7.016893602,54000,55000
245c0b6f94127c2d144f10913b45a149daf8e504,1731.29,67.39,7.033211776,54000,54000
245c0b6f94127c2d144f10913b45a149daf8e504,1760.75,68.25,7.165603818,56000,56000
245c0b6f94127c2d144f10913b45a149daf8e504,1737.11,67.58,7.046903662,55000,54000
245c0b6f94127c2d144f10913b45a149daf8e504,1734.25,67.54,7.040907092,56000,56000
245c0b6f94127c2d144f10913b45a149daf8e504,1736.82,67.42,7.061798113,56000,56000
245c0b6f94127c2d144f10913b45a149daf8e504,1715.25,66.41,6.972212325,55000,56000
245c0b6f94127c2d144f10913b45a149daf8e504,1748.41,67.73,7.098845301,54000,56000
245c0b6f94127c2d144f10913b45a149daf8e504,1755.25,68.20,7.151418599,55000,54000
245c0b6f94127c2d144f10913b45a149daf8e504,1716.56,66.88,6.970658843,54000,54000
245c0b6f94127c2d144f10913b45a149daf8e504,1716.29,66.50,6.977768432,56000,54000
bb5a57c295120714eec863b3fc2ddd5c4ca0a335,1723.17,67.06,7.001310263,55000,55000
bb5a57c295120714eec863b3fc2ddd5c4ca0a335,1762.84,68.60,7.170677393,54000,55000
bb5a57c295120714eec863b3fc2ddd5c4ca0a335,1732.42,67.46,7.042016227,55000,54000
bb5a57c295120714eec863b3fc2ddd5c4ca0a335,1730.03,67.18,7.026521533,55000,54000
bb5a57c295120714eec863b3fc2ddd5c4ca0a335,1747.83,67.92,7.097614535,54000,55000
bb5a57c295120714eec863b3fc2ddd5c4ca0a335,1728.76,67.17,7.023311486,54000,54000
bb5a57c295120714eec863b3fc2ddd5c4ca0a335,1731.19,67.24,7.029598295,54000,55000
bb5a57c295120714eec863b3fc2ddd5c4ca0a335,1712.66,66.53,6.947865080,55000,54000
bb5a57c295120714eec863b3fc2ddd5c4ca0a335,1725.29,67.06,7.010015947,55000,56000
bb5a57c295120714eec863b3fc2ddd5c4ca0a335,1725.74,67.04,7.006618092,56000,56000
bb5a57c295120714eec863b3fc2ddd5c4ca0a335,1741.51,67.71,7.068312676,56000,54000
bb5a57c295120714eec863b3fc2ddd5c4ca0a335,1728.82,67.07,7.027215642,55000,54000
bb5a57c295120714eec863b3fc2ddd5c4ca0a335,1745.55,67.94,7.084016793,55000,55000
bb5a57c295120714eec863b3fc2ddd5c4ca0a335,1711.22,66.58,6.958603025,55000,55000
bb5a57c295120714eec863b3fc2ddd5c4ca0a335,1716.25,66.90,6.969317865,54000,55000
bb5a57c295120714eec863b3fc2ddd5c4ca0a335,1740.28,67.71,7.068674990,55000,55000
bb5a57c295120714eec863b3fc2ddd5c4ca0a335,1735.80,67.63,7.046804844,55000,55000
bb5a57c295120714eec863b3fc2ddd5c4ca0a335,1727.79,67.43,7.023699955,54000,56000
bb5a57c295120714eec863b3fc2ddd5c4ca0a335,1744.69,68.00,7.078163205,55000,55000
bb5a57c295120714eec863b3fc2ddd5c4ca0a335,1726.11,67.21,7.011467716,56000,54000
bb5a57c295120714eec863b3fc2ddd5c4ca0a335,1721.13,66.85,6.991378282,55000,55000
bb5a57c295120714eec863b3fc2ddd5c4ca0a335,1713.55,66.54,6.965151340,55000,55000
bb5a57c295120714eec863b3fc2ddd5c4ca0a335,1740.23,67.81,7.063835217,55000,56000
bb5a57c295120714eec863b3fc2ddd5c4ca0a335,1756.41,68.04,7.138865513,55000,55000
bb5a57c295120714eec863b3fc2ddd5c4ca0a335,1754.52,68.09,7.118551920,54000,54000
bb5a57c295120714eec863b3fc2ddd5c4ca0a335,1724.34,67.28,7.005542350,56000,56000
bb5a57c295120714eec863b3fc2ddd5c4ca0a335,1737.73,67.39,7.048272112,55000,55000
bb5a57c295120714eec863b3fc2ddd5c4ca0a335,1720.52,66.80,6.985007321,56000,56000
bb5a57c295120714eec863b3fc2ddd5c4ca0a335,1744.42,67.96,7.070100051,54000,54000
bb5a57c295120714eec863b3fc2ddd5c4ca0a335,1731.44,67.28,7.018795718,54000,54000
0479d2a43cdb58d4313dc9324da93db292275a8a,1720.10,66.99,6.982611076,54000,55000
0479d2a43cdb58d4313dc9324da93db292275a8a,1715.19,66.22,6.996273959,54000,54000
0479d2a43cdb58d4313dc9324da93db292275a8a,1734.03,67.34,7.040049588,54000,54000
0479d2a43cdb58d4313dc9324da93db292275a8a,1720.72,66.71,6.993880208,54000,54000
0479d2a43cdb58d4313dc9324da93db292275a8a,1731.47,67.34,7.033300527,56000,54000
0479d2a43cdb58d4313dc9324da93db292275a8a,1734.56,67.38,7.051760653,56000,55000
0479d2a43cdb58d4313dc9324da93db292275a8a,1743.09,67.78,7.067058571,55000,56000
0479d2a43cdb58d4313dc9324da93db292275a8a,1740.57,67.77,7.071848263,54000,54000
0479d2a43cdb58d4313dc9324da93db292275a8a,1738.77,67.37,7.063895375,54000,54000
0479d2a43cdb58d4313dc9324da93db292275a8a,1724.16,66.89,7.005454585,55000,55000
0479d2a43cdb58d4313dc9324da93db292275a8a,1725.35,66.80,7.020372268,55000,56000
0479d2a43cdb58d4313dc9324da93db292275a8a,1734.66,67.34,7.056312932,54000,55000
0479d2a43cdb58d4313dc9324da93db292275a8a,1733.40,67.85,7.031672419,55000,55000
0479d2a43cdb58d4313dc9324da93db292275a8a,1724.17,66.94,7.011938493,54000,55000
0479d2a43cdb58d4313dc9324da93db292275a8a,1728.97,67.17,7.017853710,56000,54000
0479d2a43cdb58d4313dc9324da93db292275a8a,1734.05,67.72,7.037428600,55000,55000
0479d2a43cdb58d4313dc9324da93db292275a8a,1737.41,67.80,7.050993482,54000,54000
0479d2a43cdb58d4313dc9324da93db292275a8a,1728.84,67.33,7.013763809,54000,55000
0479d2a43cdb58d4313dc9324da93db292275a8a,1753.14,68.37,7.113748113,55000,54000
0479d2a43cdb58d4313dc9324da93db292275a8a,1729.66,66.83,7.033753448,56000,56000
0479d2a43cdb58d4313dc9324da93db292275a8a,1734.00,67.30,7.042622640,56000,56000
0479d2a43cdb58d4313dc9324da93db292275a8a,1744.10,67.76,7.078069211,54000,54000
0479d2a43cdb58d4313dc9324da93db292275a8a,1739.51,67.59,7.069404859,54000,56000
0479d2a43cdb58d4313dc9324da93db292275a8a,1720.50,66.92,6.993366892,55000,54000
0479d2a43cdb58d4313dc9324da93db292275a8a,1729.14,67.27,7.012407122,55000,56000
0479d2a43cdb58d4313dc9324da93db292275a8a,1728.01,67.03,7.023282145,56000,56000
0479d2a43cdb58d4313dc9324da93db292275a8a,1722.31,66.95,6.994387356,55000,54000
0479d2a43cdb58d4313dc9324da93db292275a8a,1743.04,67.63,7.072418347,54000,54000
0479d2a43cdb58d4313dc9324da93db292275a8a,1733.70,67.32,7.048038274,55000,55000
0479d2a43cdb58d4313dc9324da93db292275a8a,1760.34,68.43,7.160804923,54000,55000
bf4f5c6a2b9d0673b16375601b771d29f843232f,1692.39,65.90,6.928885338,56000,55000
bf4f5c6a2b9d0673b16375601b771d29f843232f,1730.19,67.14,7.049519413,55000,54000
bf4f5c6a2b9d0673b16375601b771d29f843232f,1737.39,67.61,7.075022415,54000,54000
bf4f5c6a2b9d0673b16375601b771d29f843232f,1720.18,66.63,6.988476171,55000,54000
bf4f5c6a2b9d0673b16375601b771d29f843232f,1723.42,66.66,6.997960417,55000,55000
bf4f5c6a2b9d0673b16375601b771d29f843232f,1745.04,67.91,7.072663695,55000,54000
bf4f5c6a2b9d0673b16375601b771d29f843232f,1731.36,67.14,7.019909333,54000,56000
bf4f5c6a2b9d0673b16375601b771d29f843232f,1747.50,67.90,7.094725289,55000,55000
bf4f5c6a2b9d0673b16375601b771d29f843232f,1725.39,67.07,7.004261043,54000,55000
bf4f5c6a2b9d0673b16375601b771d29f843232f,1730.00,67.10,7.025662181,55000,55000
bf4f5c6a2b9d0673b16375601b771d29f843232f,1750.49,68.45,7.090892647,55000,54000
bf4f5c6a2b9d0673b16375601b771d29f843232f,1737.06,67.56,7.047840526,55000,56000
bf4f5c6a2b9d0673b16375601b771d29f843232f,1752.49,68.30,7.125957261,54000,54000
bf4f5c6a2b9d0673b16375601b771d29f843232f,1707.46,66.25,6.936973730,55000,56000
bf4f5c6a2b9d0673b16375601b771d29f843232f,1719.03,66.77,6.986246455,55000,54000
bf4f5c6a2b9d0673b16375601b771d29f843232f,1731.73,67.13,7.038856475,54000,55000
bf4f5c6a2b9d0673b16375601b771d29f843232f,1731.35,67.32,7.032220235,55000,55000
bf4f5c6a2b9d0673b16375601b771d29f843232f,1727.20,67.01,7.013428243,55000,55000
bf4f5c6a2b9d0673b16375601b771d29f843232f,1712.00,66.53,6.953807978,55000,55000
bf4f5c6a2b9d0673b16375601b771d29f843232f,1745.82,68.11,7.087330054,55000,54000
bf4f5c6a2b9d0673b16375601b771d29f843232f,1723.83,67.04,7.007344521,55000,55000
bf4f5c6a2b9d0673b16375601b771d29f843232f,1727.96,67.26,7.036263379,54000,55000
bf4f5c6a2b9d0673b16375601b771d29f843232f,1744.81,68.07,7.096124157,56000,54000
bf4f5c6a2b9d0673b16375601b771d29f843232f,1740.36,67.63,7.079376885,54000,55000
bf4f5c6a2b9d0673b16375601b771d29f843232f,1729.92,67.04,7.024040267,55000,54000
bf4f5c6a2b9d0673b16375601b771d29f843232f,1750.99,68.20,7.088527442,54000,55000
bf4f5c6a2b9d0673b16375601b771d29f843232f,1730.83,67.13,7.044545708,55000,55000
bf4f5c6a2b9d0673b16375601b771d29f843232f,1741.89,67.68,7.073065376,54000,54000
bf4f5c6a2b9d0673b16375601b771d29f843232f,1728.19,66.98,7.026630857,55000,55000
bf4f5c6a2b9d0673b16375601b771d29f843232f,1731.23,67.17,7.024895249,55000,54000
3ef8046bff247a2b7f7b5ee7ffdc0f08d423df47,1723.62,66.98,6.994050715,54000,54000
3ef8046bff247a2b7f7b5ee7ffdc0f08d423df47,1712.77,66.46,6.962173065,55000,54000
3ef8046bff247a2b7f7b5ee7ffdc0f08d423df47,1745.31,67.91,7.089134145,54000,54000
3ef8046bff247a2b7f7b5ee7ffdc0f08d423df47,1748.16,67.99,7.098819752,55000,55000
3ef8046bff247a2b7f7b5ee7ffdc0f08d423df47,1743.98,67.68,7.090141140,54000,55000
3ef8046bff247a2b7f7b5ee7ffdc0f08d423df47,1748.17,67.82,7.098745987,54000,54000
3ef8046bff247a2b7f7b5ee7ffdc0f08d423df47,1724.89,66.96,7.010611838,54000,55000
3ef8046bff247a2b7f7b5ee7ffdc0f08d423df47,1735.20,67.11,7.045995429,55000,54000
3ef8046bff247a2b7f7b5ee7ffdc0f08d423df47,1740.89,67.53,7.073146738,55000,54000
3ef8046bff247a2b7f7b5ee7ffdc0f08d423df47,1749.38,67.97,7.098069887,55000,55000
3ef8046bff247a2b7f7b5ee7ffdc0f08d423df47,1726.39,66.82,7.020175980,56000,54000
3ef8046bff247a2b7f7b5ee7ffdc0f08d423df47,1729.47,66.94,7.030420345,54000,55000
3ef8046bff247a2b7f7b5ee7ffdc0f08d423df47,1735.90,67.40,7.032802943,54000,55000
3ef8046bff247a2b7f7b5ee7ffdc0f08d423df47,1734.33,67.35,7.048627180,55000,54000
3ef8046bff247a2b7f7b5ee7ffdc0f08d423df47,1730.38,67.02,7.023017962,55000,54000
3ef8046bff247a2b7f7b5ee7ffdc0f08d423df47,1747.47,67.98,7.090106300,54000,56000
3ef8046bff247a2b7f7b5ee7ffdc0f08d423df47,1707.00,65.99,6.942719757,55000,55000
3ef8046bff247a2b7f7b5ee7ffdc0f08d423df47,1729.40,67.49,7.011755809,55000,56000
3ef8046bff247a2b7f7b5ee7ffdc0f08d423df47,1733.35,67.34,7.047465601,55000,55000
3ef8046bff247a2b7f7b5ee7ffdc0f08d423df47,1723.48,66.90,7.018901322,54000,55000
3ef8046bff247a2b7f7b5ee7ffdc0f08d423df47,1727.74,67.26,7.010954856,54000,55000
3ef8046bff247a2b7f7b5ee7ffdc0f08d423df47,1707.93,66.53,6.943743516,54000,55000
3ef8046bff247a2b7f7b5ee7ffdc0f08d423df47,1712.93,66.97,6.956489910,55000,55000
3ef8046bff247a2b7f7b5ee7ffdc0f08d423df47,1729.80,67.17,7.041970143,55000,55000
3ef8046bff247a2b7f7b5ee7ffdc0f08d423df47,1730.76,67.18,7.018185467,56000,55000
3ef8046bff247a2b7f7b5ee7ffdc0f08d423df47,1733.54,67.16,7.038892732,56000,55000
3ef8046bff247a2b7f7b5ee7ffdc0f08d423df47,1806.95,70.14,7.354633390,56000,56000
3ef8046bff247a2b7f7b5ee7ffdc0f08d423df47,1733.62,67.43,7.044328622,55000,56000
3ef8046bff247a2b7f7b5ee7ffdc0f08d423df47,1729.36,66.96,7.034558980,55000,55000
3ef8046bff247a2b7f7b5ee7ffdc0f08d423df47,1738.32,67.31,7.070882747,54000,54000
0170212c7b067e2fa37a0a32c18b0fd0abcfca0e,1742.15,67.96,7.070235801,54000,55000
0170212c7b067e2fa37a0a32c18b0fd0abcfca0e,1741.92,67.85,7.068605874,54000,54000
0170212c7b067e2fa37a0a32c18b0fd0abcfca0e,1725.21,67.07,7.004185734,55000,55000
0170212c7b067e2fa37a0a32c18b0fd0abcfca0e,1723.92,66.81,6.996620534,56000,54000
0170212c7b067e2fa37a0a32c18b0fd0abcfca0e,1717.46,66.62,6.982953301,54000,54000
0170212c7b067e2fa37a0a32c18b0fd0abcfca0e,1738.15,67.68,7.052657767,55000,55000
0170212c7b067e2fa37a0a32c18b0fd0abcfca0e,1754.69,68.12,7.132197298,55000,56000
0170212c7b067e2fa37a0a32c18b0fd0abcfca0e,1712.72,66.44,6.957790272,54000,55000
0170212c7b067e2fa37a0a32c18b0fd0abcfca0e,1737.96,67.70,7.056897593,54000,54000
0170212c7b067e2fa37a0a32c18b0fd0abcfca0e,1736.75,67.81,7.041249814,55000,56000
0170212c7b067e2fa37a0a32c18b0fd0abcfca0e,1717.04,67.02,6.952786981,56000,55000
0170212c7b067e2fa37a0a32c18b0fd0abcfca0e,1720.62,66.69,6.997156318,54000,56000
0170212c7b067e2fa37a0a32c18b0fd0abcfca0e,1752.61,68.27,7.107255350,54000,55000
0170212c7b067e2fa37a0a32c18b0fd0abcfca0e,1726.77,67.32,7.013490866,54000,55000
0170212c7b067e2fa37a0a32c18b0fd0abcfca0e,1729.27,67.00,7.029070204,55000,55000
0170212c7b067e2fa37a0a32c18b0fd0abcfca0e,1720.92,66.86,6.989261551,55000,56000
0170212c7b067e2fa37a0a32c18b0fd0abcfca0e,1711.39,66.34,6.953653036,55000,56000
0170212c7b067e2fa37a0a32c18b0fd0abcfca0e,1763.29,68.53,7.167022897,55000,54000
0170212c7b067e2fa37a0a32c18b0fd0abcfca0e,1721.05,67.02,6.993145248,56000,54000
0170212c7b067e2fa37a0a32c18b0fd0abcfca0e,1729.48,67.63,7.017439200,55000,55000
0170212c7b067e2fa37a0a32c18b0fd0abcfca0e,1728.49,67.07,7.021779909,55000,55000
0170212c7b067e2fa37a0a32c18b0fd0abcfca0e,1736.43,67.33,7.051859713,55000,56000
0170212c7b067e2fa37a0a32c18b0fd0abcfca0e,1766.29,68.62,7.180468382,55000,56000
0170212c7b067e2fa37a0a32c18b0fd0abcfca0e,1735.34,67.62,7.033111147,54000,56000
0170212c7b067e2fa37a0a32c18b0fd0abcfca0e,1750.63,68.02,7.106048471,56000,55000
0170212c7b067e2fa37a0a32c18b0fd0abcfca0e,1731.56,67.18,7.031018727,56000,55000
0170212c7b067e2fa37a0a32c18b0fd0abcfca0e,1742.83,67.84,7.073404532,55000,55000
0170212c7b067e2fa37a0a32c18b0fd0abcfca0e,1717.29,66.55,6.979535331,55000,55000
0170212c7b067e2fa37a0a32c18b0fd0abcfca0e,1732.37,67.11,7.043803751,55000,56000
0170212c7b067e2fa37a0a32c18b0fd0abcfca0e,1714.01,66.44,6.964526491,54000,55000
d6e9016cfa207d9687fe2173f2cd75016d1c5011,1718.80,66.76,6.999548565,55000,55000
d6e9016cfa207d9687fe2173f2cd75016d1c5011,1730.30,67.20,7.017108116,55000,54000
d6e9016cfa207d9687fe2173f2cd75016d1c5011,1709.30,66.18,6.951601927,54000,54000
d6e9016cfa207d9687fe2173f2cd75016d1c5011,1745.29,67.83,7.079406395,55000,55000
d6e9016cfa207d9687fe2173f2cd75016d1c5011,1727.35,67.10,7.011891275,54000,54000
d6e9016cfa207d9687fe2173f2cd75016d1c5011,1724.91,66.85,7.019339554,55000,54000
d6e9016cfa207d9687fe2173f2cd75016d1c5011,1736.07,67.37,7.053032429,54000,55000
d6e9016cfa207d9687fe2173f2cd75016d1c5011,1725.84,67.11,6.997637561,54000,55000
d6e9016cfa207d9687fe2173f2cd75016d1c5011,1729.91,67.21,7.024845917,56000,56000
d6e9016cfa207d9687fe2173f2cd75016d1c5011,1713.43,66.30,6.972591217,55000,55000
d6e9016cfa207d9687fe2173f2cd75016d1c5011,1747.53,67.62,7.113736607,54000,54000
d6e9016cfa207d9687fe2173f2cd75016d1c5011,1725.32,66.86,7.002764820,55000,55000
d6e9016cfa207d9687fe2173f2cd75016d1c5011,1717.18,66.75,6.986050618,54000,54000
d6e9016cfa207d9687fe2173f2cd75016d1c5011,1734.92,67.25,7.042368363,56000,54000
d6e9016cfa207d9687fe2173f2cd75016d1c5011,1747.98,68.00,7.098013959,56000,55000
d6e9016cfa207d9687fe2173f2cd75016d1c5011,1723.05,66.91,6.994990204,55000,55000
d6e9016cfa207d9687fe2173f2cd75016d1c5011,1738.15,67.73,7.054629881,56000,54000
d6e9016cfa207d9687fe2173f2cd75016d1c5011,1720.71,66.77,7.000204408,55000,56000
d6e9016cfa207d9687fe2173f2cd75016d1c5011,1743.24,67.86,7.076902769,56000,54000
d6e9016cfa207d9687fe2173f2cd75016d1c5011,1740.28,67.62,7.068622313,54000,55000
d6e9016cfa207d9687fe2173f2cd75016d1c5011,1734.77,67.66,7.052759235,56000,55000
d6e9016cfa207d9687fe2173f2cd75016d1c5011,1716.11,67.04,6.967626079,55000,55000
d6e9016cfa207d9687fe2173f2cd75016d1c5011,1744.14,67.71,7.084804864,55000,55000
d6e9016cfa207d9687fe2173f2cd75016d1c5011,1705.86,66.26,6.934138004,56000,55000
d6e9016cfa207d9687fe2173f2cd75016d1c5011,1747.02,67.77,7.088322321,55000,56000
d6e9016cfa207d9687fe2173f2cd75016d1c5011,1726.32,67.02,7.004181684,56000,56000
d6e9016cfa207d9687fe2173f2cd75016d1c5011,1742.59,67.54,7.072803146,55000,55000
d6e9016cfa207d9687fe2173f2cd75016d1c5011,1724.18,67.07,7.002704761,54000,56000
d6e9016cfa207d9687fe2173f2cd75016d1c5011,1720.35,66.64,6.988447450,55000,55000
d6e9016cfa207d9687fe2173f2cd75016d1c5011,1741.03,67.78,7.064573196,55000,55000
afc4d8656ac1fb9434875bf2b24b0c3e79b4e776,1726.63,66.97,7.031006487,54000,56000
afc4d8656ac1fb9434875bf2b24b0c3e79b4e776,1728.55,67.24,7.031912690,54000,55000
afc4d8656ac1fb9434875bf2b24b0c3e79b4e776,1717.61,66.50,6.987378830,54000,56000
afc4d8656ac1fb9434875bf2b24b0c3e79b4e776,1744.42,67.97,7.073331491,54000,55000
afc4d8656ac1fb9434875bf2b24b0c3e79b4e776,1729.08,67.36,7.018900035,54000,55000
afc4d8656ac1fb9434875bf2b24b0c3e79b4e776,1741.24,67.97,7.079625066,54000,55000
afc4d8656ac1fb9434875bf2b24b0c3e79b4e776,1728.91,67.05,7.031294803,56000,54000
afc4d8656ac1fb9434875bf2b24b0c3e79b4e776,1744.66,67.73,7.074398598,55000,55000
afc4d8656ac1fb9434875bf2b24b0c3e79b4e776,1733.41,67.29,7.048091951,55000,55000
afc4d8656ac1fb9434875bf2b24b0c3e79b4e776,1724.20,66.98,7.007378614,54000,55000
afc4d8656ac1fb9434875bf2b24b0c3e79b4e776,1735.36,67.50,7.049185992,55000,55000
afc4d8656ac1fb9434875bf2b24b0c3e79b4e776,1729.82,67.24,7.017185417,55000,56000
afc4d8656ac1fb9434875bf2b24b0c3e79b4e776,1744.80,67.73,7.089402491,55000,55000
afc4d8656ac1fb9434875bf2b24b0c3e79b4e776,1723.05,66.79,6.998155014,56000,56000
afc4d8656ac1fb9434875bf2b24b0c3e79b4e776,1730.91,67.43,7.032363884,55000,55000
afc4d8656ac1fb9434875bf2b24b0c3e79b4e776,1732.99,67.59,7.036926310,55000,54000
afc4d8656ac1fb9434875bf2b24b0c3e79b4e776,1742.07,67.86,7.070944600,54000,55000
afc4d8656ac1fb9434875bf2b24b0c3e79b4e776,1715.17,66.94,6.976480713,55000,54000
afc4d8656ac1fb9434875bf2b24b0c3e79b4e776,1729.88,67.34,7.028086458,54000,55000
afc4d8656ac1fb9434875bf2b24b0c3e79b4e776,1727.13,67.30,7.016668739,55000,55000
afc4d8656ac1fb9434875bf2b24b0c3e79b4e776,1733.20,67.42,7.035373628,54000,54000
afc4d8656ac1fb9434875bf2b24b0c3e79b4e776,1726.71,66.91,7.025272831,56000,55000
afc4d8656ac1fb9434875bf2b24b0c3e79b4e776,1726.98,66.80,7.013537067,55000,56000
afc4d8656ac1fb9434875bf2b24b0c3e79b4e776,1752.18,68.32,7.088985384,54000,56000
afc4d8656ac1fb9434875bf2b24b0c3e79b4e776,1736.78,67.36,7.055497136,56000,56000
afc4d8656ac1fb9434875bf2b24b0c3e79b4e776,1740.86,67.69,7.064021845,56000,56000
afc4d8656ac1fb9434875bf2b24b0c3e79b4e776,1733.89,67.25,7.035486598,56000,55000
afc4d8656ac1fb9434875bf2b24b0c3e79b4e776,1732.01,67.25,7.053379216,54000,55000
afc4d8656ac1fb9434875bf2b24b0c3e79b4e776,1710.46,66.38,6.953189914,55000,54000
afc4d8656ac1fb9434875bf2b24b0c3e79b4e776,1727.94,67.19,7.014447175,55000,54000
724fcd5023bc58ac5f1d74043e1827dbf2071e87,1722.07,66.67,7.012934252,55000,54000
724fcd5023bc58ac5f1d74043e1827dbf2071e87,1742.05,67.87,7.072436554,55000,54000
724fcd5023bc58ac5f1d74043e1827dbf2071e87,1742.62,67.93,7.072450515,55000,55000
724fcd5023bc58ac5f1d74043e1827dbf2071e87,1726.97,66.94,7.026581124,56000,55000
724fcd5023bc58ac5f1d74043e1827dbf2071e87,1716.26,66.45,6.982527841,55000,54000
724fcd5023bc58ac5f1d74043e1827dbf2071e87,1725.10,67.25,7.004308840,55000,54000
724fcd5023bc58ac5f1d74043e1827dbf2071e87,1736.99,67.48,7.053045281,54000,55000
724fcd5023bc58ac5f1d74043e1827dbf2071e87,1732.35,67.26,7.029986308,55000,56000
724fcd5023bc58ac5f1d74043e1827dbf2071e87,1736.78,67.89,7.034427855,55000,54000
724fcd5023bc58ac5f1d74043e1827dbf2071e87,1725.66,66.91,7.022550036,55000,55000
724fcd5023bc58ac5f1d74043e1827dbf2071e87,1730.76,66.96,7.048807418,55000,55000
724fcd5023bc58ac5f1d74043e1827dbf2071e87,1713.24,66.44,6.962275836,54000,54000
724fcd5023bc58ac5f1d74043e1827dbf2071e87,1733.13,67.47,7.042632215,55000,54000
724fcd5023bc58ac5f1d74043e1827dbf2071e87,1720.68,66.86,6.986685128,55000,54000
724fcd5023bc58ac5f1d74043e1827dbf2071e87,1724.82,67.44,6.997446121,54000,55000
724fcd5023bc58ac5f1d74043e1827dbf2071e87,1730.73,67.07,7.041880942,55000,56000
724fcd5023bc58ac5f1d74043e1827dbf2071e87,1711.82,66.77,6.949924580,56000,55000
724fcd5023bc58ac5f1d74043e1827dbf2071e87,1734.00,67.84,7.042903842,55000,56000
724fcd5023bc58ac5f1d74043e1827dbf2071e87,1720.44,66.78,7.004960344,55000,55000
724fcd5023bc58ac5f1d74043e1827dbf2071e87,1746.94,67.84,7.102636468,55000,56000
724fcd5023bc58ac5f1d74043e1827dbf2071e87,1738.36,67.57,7.050513069,55000,54000
724fcd5023bc58ac5f1d74043e1827dbf2071e87,1733.83,67.32,7.031909852,55000,56000
724fcd5023bc58ac5f1d74043e1827dbf2071e87,1727.56,67.00,7.011326698,56000,55000
724fcd5023bc58ac5f1d74043e1827dbf2071e87,1722.62,66.82,6.988566355,56000,55000
724fcd5023bc58ac5f1d74043e1827dbf2071e87,1721.57,67.02,6.972771160,56000,56000
724fcd5023bc58ac5f1d74043e1827dbf2071e87,1730.48,66.95,7.037192044,56000,55000
724fcd5023bc58ac5f1d74043e1827dbf2071e87,1739.15,67.70,7.049332701,55000,55000
724fcd5023bc58ac5f1d74043e1827dbf2071e87,1727.15,67.23,7.022839573,55000,55000
724fcd5023bc58ac5f1d74043e1827dbf2071e87,1717.24,66.90,6.982368359,55000,54000
724fcd5023bc58ac5f1d74043e1827dbf2071e87,1735.40,67.23,7.058038060,55000,54000
7a58a51e566aeb04f718eb76eac387db16b5de24,1697.36,66.13,6.914368043,54000,54000
7a58a51e566aeb04f718eb76eac387db16b5de24,1691.44,65.90,6.891829338,54000,54000
7a58a51e566aeb04f718eb76eac387db16b5de24,1705.42,66.56,6.945702777,54000,55000
7a58a51e566aeb04f718eb76eac387db16b5de24,1697.41,66.05,6.919156338,54000,54000
7a58a51e566aeb04f718eb76eac387db16b5de24,1711.55,66.43,6.959831813,55000,54000
7a58a51e566aeb04f718eb76eac387db16b5de24,1682.08,65.31,6.873274445,54000,54000
7a58a51e566aeb04f718eb76eac387db16b5de24,1725.17,67.11,7.015767453,54000,54000
7a58a51e566aeb04f718eb76eac387db16b5de24,1712.95,66.60,6.978124345,55000,54000
7a58a51e566aeb04f718eb76eac387db16b5de24,1711.80,66.45,6.981381360,55000,54000
7a58a51e566aeb04f718eb76eac387db16b5de24,1709.28,66.43,6.967509819,54000,54000
7a58a51e566aeb04f718eb76eac387db16b5de24,1712.22,66.72,6.973643388,54000,54000
7a58a51e566aeb04f718eb76eac387db16b5de24,1707.26,66.19,6.943541747,54000,54000
7a58a51e566aeb04f718eb76eac387db16b5de24,1710.95,66.43,6.970053248,54000,54000
7a58a51e566aeb04f718eb76eac387db16b5de24,1701.64,66.31,6.926137203,54000,54000
7a58a51e566aeb04f718eb76eac387db16b5de24,1696.93,65.89,6.931504136,54000,55000
7a58a51e566aeb04f718eb76eac387db16b5de24,1717.77,66.43,7.021264087,54000,54000
7a58a51e566aeb04f718eb76eac387db16b5de24,1697.49,66.13,6.912830471,54000,55000
7a58a51e566aeb04f718eb76eac387db16b5de24,1702.28,65.84,6.929032045,55000,54000
7a58a51e566aeb04f718eb76eac387db16b5de24,1694.00,65.69,6.908511427,54000,54000
7a58a51e566aeb04f718eb76eac387db16b5de24,1715.93,66.77,6.993023048,55000,55000
7a58a51e566aeb04f718eb76eac387db16b5de24,1702.18,66.18,6.937174940,54000,54000
7a58a51e566aeb04f718eb76eac387db16b5de24,1726.94,67.47,7.041019739,55000,54000
7a58a51e566aeb04f718eb76eac387db16b5de24,1700.03,65.97,6.945440779,54000,54000
7a58a51e566aeb04f718eb76eac387db16b5de24,1714.14,66.82,6.994203210,54000,54000
7a58a51e566aeb04f718eb76eac387db16b5de24,1697.27,66.19,6.918674699,54000,54000
7a58a51e566aeb04f718eb76eac387db16b5de24,1692.70,65.80,6.912695025,55000,56000
7a58a51e566aeb04f718eb76eac387db16b5de24,1684.73,65.57,6.867557491,55000,54000
7a58a51e566aeb04f718eb76eac387db16b5de24,1701.34,66.69,6.926961709,54000,54000
7a58a51e566aeb04f718eb76eac387db16b5de24,1714.68,66.72,6.987561261,55000,55000
7a58a51e566aeb04f718eb76eac387db16b5de24,1712.70,66.67,6.962311027,54000,55000
a1502e63ccc7ea7be4c54d8cc94854b02a580848,1744.30,67.82,7.114205024,54000,54000
a1502e63ccc7ea7be4c54d8cc94854b02a580848,1693.15,65.91,6.897143684,55000,55000
a1502e63ccc7ea7be4c54d8cc94854b02a580848,1687.92,65.78,6.869094130,54000,54000
a1502e63ccc7ea7be4c54d8cc94854b02a580848,1712.91,66.51,6.984311063,54000,54000
a1502e63ccc7ea7be4c54d8cc94854b02a580848,1692.55,65.38,6.895891723,55000,55000
a1502e63ccc7ea7be4c54d8cc94854b02a580848,1726.83,66.96,7.038279886,55000,54000
a1502e63ccc7ea7be4c54d8cc94854b02a580848,1720.34,66.59,7.020191339,54000,54000
a1502e63ccc7ea7be4c54d8cc94854b02a580848,1708.80,66.22,6.961272953,55000,54000
a1502e63ccc7ea7be4c54d8cc94854b02a580848,1713.13,66.77,6.972867049,55000,55000
a1502e63ccc7ea7be4c54d8cc94854b02a580848,1700.01,66.12,6.941896257,54000,54000
a1502e63ccc7ea7be4c54d8cc94854b02a580848,1700.23,66.11,6.935374962,55000,56000
a1502e63ccc7ea7be4c54d8cc94854b02a580848,1700.82,66.20,6.925775215,54000,55000
a1502e63ccc7ea7be4c54d8cc94854b02a580848,1700.10,66.29,6.938545165,55000,54000
a1502e63ccc7ea7be4c54d8cc94854b02a580848,1708.12,66.54,6.961816952,54000,55000
a1502e63ccc7ea7be4c54d8cc94854b02a580848,1683.45,65.43,6.872190969,55000,55000
a1502e63ccc7ea7be4c54d8cc94854b02a580848,1705.31,66.20,6.936197224,54000,54000
a1502e63ccc7ea7be4c54d8cc94854b02a580848,1709.10,66.34,6.951510676,54000,54000
a1502e63ccc7ea7be4c54d8cc94854b02a580848,1720.81,67.19,7.006089812,54000,54000
a1502e63ccc7ea7be4c54d8cc94854b02a580848,1684.29,65.13,6.863834991,54000,56000
a1502e63ccc7ea7be4c54d8cc94854b02a580848,1718.34,66.91,7.002328174,54000,54000
a1502e63ccc7ea7be4c54d8cc94854b02a580848,1691.07,65.80,6.897642415,54000,55000
a1502e63ccc7ea7be4c54d8cc94854b02a580848,1710.59,66.54,6.979710130,54000,54000
a1502e63ccc7ea7be4c54d8cc94854b02a580848,1712.55,66.87,6.979167301,56000,55000
a1502e63ccc7ea7be4c54d8cc94854b02a580848,1711.23,66.86,6.971159671,54000,56000
a1502e63ccc7ea7be4c54d8cc94854b02a580848,1734.30,67.62,7.059625673,54000,54000
a1502e63ccc7ea7be4c54d8cc94854b02a580848,1736.95,67.74,7.087794918,54000,54000
a1502e63ccc7ea7be4c54d8cc94854b02a580848,1706.85,66.35,6.958697552,54000,54000
a1502e63ccc7ea7be4c54d8cc94854b02a580848,1724.55,67.04,7.034751294,54000,54000
a1502e63ccc7ea7be4c54d8cc94854b02a580848,1738.48,67.74,7.083187712,54000,54000
a1502e63ccc7ea7be4c54d8cc94854b02a580848,1720.65,67.26,7.003138098,55000,55000
3efb9bb1d69748688c8d7eedd8d2ed785d984dbe,1717.88,66.91,6.984336419,55000,54000
3efb9bb1d69748688c8d7eedd8d2ed785d984dbe,1714.25,66.61,6.986127114,55000,54000
3efb9bb1d69748688c8d7eedd8d2ed785d984dbe,1722.54,67.34,7.030136732,54000,55000
3efb9bb1d69748688c8d7eedd8d2ed785d984dbe,1701.15,66.25,6.941927866,54000,54000
3efb9bb1d69748688c8d7eedd8d2ed785d984dbe,1730.03,67.61,7.031733481,54000,54000
3efb9bb1d69748688c8d7eedd8d2ed785d984dbe,1731.53,67.25,7.042557261,56000,55000
3efb9bb1d69748688c8d7eedd8d2ed785d984dbe,1719.72,66.84,6.994797747,54000,54000
3efb9bb1d69748688c8d7eedd8d2ed785d984dbe,1737.76,67.49,7.072184365,54000,55000
3efb9bb1d69748688c8d7eedd8d2ed785d984dbe,1711.27,66.47,6.967210125,54000,54000
3efb9bb1d69748688c8d7eedd8d2ed785d984dbe,1728.37,67.46,7.054349908,54000,54000
3efb9bb1d69748688c8d7eedd8d2ed785d984dbe,1736.96,67.65,7.082855739,55000,55000
3efb9bb1d69748688c8d7eedd8d2ed785d984dbe,1709.46,66.23,6.964356689,54000,55000
3efb9bb1d69748688c8d7eedd8d2ed785d984dbe,1711.16,66.30,6.980670866,54000,55000
3efb9bb1d69748688c8d7eedd8d2ed785d984dbe,1712.38,66.57,6.978815790,55000,55000
3efb9bb1d69748688c8d7eedd8d2ed785d984dbe,1741.23,67.78,7.097869765,54000,54000
3efb9bb1d69748688c8d7eedd8d2ed785d984dbe,1695.34,65.93,6.913891925,54000,54000
3efb9bb1d69748688c8d7eedd8d2ed785d984dbe,1738.62,67.92,7.078028752,54000,54000
3efb9bb1d69748688c8d7eedd8d2ed785d984dbe,1717.73,66.67,7.000270573,54000,54000
3efb9bb1d69748688c8d7eedd8d2ed785d984dbe,1743.00,68.02,7.089429021,54000,54000
3efb9bb1d69748688c8d7eedd8d2ed785d984dbe,1703.34,66.20,6.934002659,54000,54000
3efb9bb1d69748688c8d7eedd8d2ed785d984dbe,1713.41,66.75,6.976969460,54000,55000
3efb9bb1d69748688c8d7eedd8d2ed785d984dbe,1750.68,68.29,7.126757909,55000,54000
3efb9bb1d69748688c8d7eedd8d2ed785d984dbe,1727.70,67.31,7.035663514,55000,54000
3efb9bb1d69748688c8d7eedd8d2ed785d984dbe,1741.03,68.14,7.082674375,54000,54000
3efb9bb1d69748688c8d7eedd8d2ed785d984dbe,1752.33,68.38,7.154292998,54000,54000
3efb9bb1d69748688c8d7eedd8d2ed785d984dbe,1726.81,67.74,7.022614139,54000,54000
3efb9bb1d69748688c8d7eedd8d2ed785d984dbe,1751.00,68.79,7.135849561,54000,54000
3efb9bb1d69748688c8d7eedd8d2ed785d984dbe,1725.91,67.07,7.027723949,54000,54000
3efb9bb1d69748688c8d7eedd8d2ed785d984dbe,1767.91,68.74,7.191038891,54000,56000
3efb9bb1d69748688c8d7eedd8d2ed785d984dbe,1732.10,67.40,7.045261488,55000,55000
1340d7ecd997c127d98dde341c5cd01a3fcc07d4,1734.56,67.38,7.059824139,55000,54000
1340d7ecd997c127d98dde341c5cd01a3fcc07d4,1716.59,66.70,6.999850083,55000,54000
1340d7ecd997c127d98dde341c5cd01a3fcc07d4,1724.24,66.94,7.035861251,55000,55000
1340d7ecd997c127d98dde341c5cd01a3fcc07d4,1743.44,68.20,7.086734746,54000,54000
1340d7ecd997c127d98dde341c5cd01a3fcc07d4,1725.99,67.14,7.027157969,54000,54000
1340d7ecd997c127d98dde341c5cd01a3fcc07d4,1720.20,66.93,7.000790827,54000,54000
1340d7ecd997c127d98dde341c5cd01a3fcc07d4,1714.44,66.49,6.991300358,55000,55000
1340d7ecd997c127d98dde341c5cd01a3fcc07d4,1738.53,67.27,7.092374078,54000,54000
1340d7ecd997c127d98dde341c5cd01a3fcc07d4,1745.74,67.89,7.110146334,55000,55000
1340d7ecd997c127d98dde341c5cd01a3fcc07d4,1740.13,68.04,7.090100890,55000,54000
1340d7ecd997c127d98dde341c5cd01a3fcc07d4,1710.36,66.70,6.965427825,54000,54000
1340d7ecd997c127d98dde341c5cd01a3fcc07d4,1714.44,66.77,6.972865835,55000,55000
1340d7ecd997c127d98dde341c5cd01a3fcc07d4,1706.70,66.32,6.961040925,55000,55000
1340d7ecd997c127d98dde341c5cd01a3fcc07d4,1711.64,66.61,6.956446103,54000,54000
1340d7ecd997c127d98dde341c5cd01a3fcc07d4,1731.23,67.60,7.058864107,55000,54000
1340d7ecd997c127d98dde341c5cd01a3fcc07d4,1728.66,67.61,7.038284478,54000,55000
1340d7ecd997c127d98dde341c5cd01a3fcc07d4,1713.08,66.19,6.986881413,54000,54000
1340d7ecd997c127d98dde341c5cd01a3fcc07d4,1710.39,66.57,6.974400397,55000,55000
1340d7ecd997c127d98dde341c5cd01a3fcc07d4,1740.28,67.83,7.082867242,54000,54000
1340d7ecd997c127d98dde341c5cd01a3fcc07d4,1736.42,67.64,7.059488049,55000,54000
1340d7ecd997c127d98dde341c5cd01a3fcc07d4,1714.92,66.76,6.978426812,55000,54000
1340d7ecd997c127d98dde341c5cd01a3fcc07d4,1704.85,66.29,6.941318456,54000,54000
1340d7ecd997c127d98dde341c5cd01a3fcc07d4,1715.44,66.95,6.987209467,55000,54000
1340d7ecd997c127d98dde341c5cd01a3fcc07d4,1720.37,67.34,6.999729616,56000,55000
1340d7ecd997c127d98dde341c5cd01a3fcc07d4,1702.76,66.19,6.932705603,54000,55000
1340d7ecd997c127d98dde341c5cd01a3fcc07d4,1750.87,68.21,7.114835303,55000,54000
1340d7ecd997c127d98dde341c5cd01a3fcc07d4,1729.00,67.40,7.037090491,54000,54000
1340d7ecd997c127d98dde341c5cd01a3fcc07d4,1708.59,66.44,6.969578658,54000,54000
1340d7ecd997c127d98dde341c5cd01a3fcc07d4,1731.64,67.56,7.037888639,55000,54000
1340d7ecd997c127d98dde341c5cd01a3fcc07d4,1728.50,67.25,7.040508415,55000,55000
804bafdadd79256c5d0e6c12b160bb3ecacfe147,1721.55,67.05,7.009006104,55000,55000
804bafdadd79256c5d0e6c12b160bb3ecacfe147,1719.68,67.19,7.000791092,55000,55000
804bafdadd79256c5d0e6c12b160bb3ecacfe147,1716.99,66.65,6.991246729,55000,54000
804bafdadd79256c5d0e6c12b160bb3ecacfe147,1727.60,67.19,7.039759257,55000,54000
804bafdadd79256c5d0e6c12b160bb3ecacfe147,1722.12,66.88,7.012543038,54000,54000
804bafdadd79256c5d0e6c12b160bb3ecacfe147,1737.28,67.54,7.081060826,55000,54000
804bafdadd79256c5d0e6c12b160bb3ecacfe147,1712.76,66.70,6.976173914,54000,54000
804bafdadd79256c5d0e6c12b160bb3ecacfe147,1727.38,67.40,7.034244857,54000,55000
804bafdadd79256c5d0e6c12b160bb3ecacfe147,1724.91,66.96,7.011784554,54000,54000
804bafdadd79256c5d0e6c12b160bb3ecacfe147,1713.89,66.55,6.986804609,54000,54000
804bafdadd79256c5d0e6c12b160bb3ecacfe147,1726.08,67.17,7.041669836,55000,55000
804bafdadd79256c5d0e6c12b160bb3ecacfe147,1711.99,66.65,6.981335570,54000,55000
804bafdadd79256c5d0e6c12b160bb3ecacfe147,1725.08,67.12,7.026144296,54000,54000
804bafdadd79256c5d0e6c12b160bb3ecacfe147,1711.57,66.62,6.961480630,54000,55000
804bafdadd79256c5d0e6c12b160bb3ecacfe147,1729.82,67.28,7.049676559,54000,54000
804bafdadd79256c5d0e6c12b160bb3ecacfe147,1717.42,66.69,6.992409069,54000,54000
804bafdadd79256c5d0e6c12b160bb3ecacfe147,1737.59,67.76,7.066354851,55000,54000
804bafdadd79256c5d0e6c12b160bb3ecacfe147,1730.98,67.18,7.039423359,56000,55000
804bafdadd79256c5d0e6c12b160bb3ecacfe147,1730.20,67.49,7.038192653,55000,55000
804bafdadd79256c5d0e6c12b160bb3ecacfe147,1694.43,65.86,6.893989487,54000,55000
804bafdadd79256c5d0e6c12b160bb3ecacfe147,1751.54,68.30,7.136806297,54000,55000
804bafdadd79256c5d0e6c12b160bb3ecacfe147,1707.93,66.73,6.965598523,54000,55000
804bafdadd79256c5d0e6c12b160bb3ecacfe147,1711.29,66.66,6.975425031,54000,54000
804bafdadd79256c5d0e6c12b160bb3ecacfe147,1720.63,67.15,7.004491160,55000,54000
804bafdadd79256c5d0e6c12b160bb3ecacfe147,1722.58,67.57,6.992175796,54000,54000
804bafdadd79256c5d0e6c12b160bb3ecacfe147,1721.29,67.04,6.995529017,55000,54000
804bafdadd79256c5d0e6c12b160bb3ecacfe147,1743.84,68.04,7.087380032,54000,55000
804bafdadd79256c5d0e6c12b160bb3ecacfe147,1723.64,66.92,7.042118090,54000,54000
804bafdadd79256c5d0e6c12b160bb3ecacfe147,1728.85,67.32,7.049607998,55000,54000
804bafdadd79256c5d0e6c12b160bb3ecacfe147,1717.03,66.45,6.991228215,56000,55000
66fe6de48bc659434fe82f60c448ae21f8c98c08,1722.59,66.91,7.016741243,54000,54000
66fe6de48bc659434fe82f60c448ae21f8c98c08,1737.90,67.47,7.087987584,54000,54000
66fe6de48bc659434fe82f60c448ae21f8c98c08,1732.05,67.32,7.060917970,54000,55000
66fe6de48bc659434fe82f60c448ae21f8c98c08,1727.69,67.29,7.032635105,54000,54000
66fe6de48bc659434fe82f60c448ae21f8c98c08,1725.18,67.27,7.027125520,54000,54000
66fe6de48bc659434fe82f60c448ae21f8c98c08,1717.06,66.93,6.989370096,54000,55000
66fe6de48bc659434fe82f60c448ae21f8c98c08,1756.54,68.17,7.153110261,54000,55000
66fe6de48bc659434fe82f60c448ae21f8c98c08,1704.98,66.21,6.950669668,54000,54000
66fe6de48bc659434fe82f60c448ae21f8c98c08,1707.35,66.57,6.961035395,55000,56000
66fe6de48bc659434fe82f60c448ae21f8c98c08,1717.08,67.06,6.990531462,55000,54000
66fe6de48bc659434fe82f60c448ae21f8c98c08,1723.29,66.97,7.003586843,54000,54000
66fe6de48bc659434fe82f60c448ae21f8c98c08,1710.24,66.44,6.969501771,54000,54000
66fe6de48bc659434fe82f60c448ae21f8c98c08,1732.38,67.42,7.064634210,54000,54000
66fe6de48bc659434fe82f60c448ae21f8c98c08,1723.04,66.85,7.036264669,55000,54000
66fe6de48bc659434fe82f60c448ae21f8c98c08,1723.65,67.20,7.007974850,54000,54000
66fe6de48bc659434fe82f60c448ae21f8c98c08,1702.66,66.29,6.940644051,54000,54000
66fe6de48bc659434fe82f60c448ae21f8c98c08,1706.42,66.43,6.966112790,54000,54000
66fe6de48bc659434fe82f60c448ae21f8c98c08,1711.52,66.64,6.965567645,55000,54000
66fe6de48bc659434fe82f60c448ae21f8c98c08,1722.67,67.04,7.020181140,55000,54000
66fe6de48bc659434fe82f60c448ae21f8c98c08,1721.28,66.80,7.028907982,56000,55000
66fe6de48bc659434fe82f60c448ae21f8c98c08,1727.91,67.24,7.053688086,55000,54000
66fe6de48bc659434fe82f60c448ae21f8c98c08,1719.38,67.65,6.981363474,54000,54000
66fe6de48bc659434fe82f60c448ae21f8c98c08,1724.13,67.19,7.021256158,56000,55000
66fe6de48bc659434fe82f60c448ae21f8c98c08,1739.44,67.64,7.112200208,54000,54000
66fe6de48bc659434fe82f60c448ae21f8c98c08,1734.31,67.76,7.065797612,56000,54000
66fe6de48bc659434fe82f60c448ae21f8c98c08,1714.59,66.92,6.977565681,55000,54000
66fe6de48bc659434fe82f60c448ae21f8c98c08,1731.65,67.90,7.048039268,54000,54000
66fe6de48bc659434fe82f60c448ae21f8c98c08,1729.40,67.28,7.035619825,54000,56000
66fe6de48bc659434fe82f60c448ae21f8c98c08,1701.25,66.12,6.945905172,55000,54000
66fe6de48bc659434fe82f60c448ae21f8c98c08,1714.84,66.59,6.986285352,54000,55000
43c816d911dc34892e19b1a069c1f0ebbab485a1,1711.52,66.43,6.973876878,54000,54000
43c816d911dc34892e19b1a069c1f0ebbab485a1,1722.50,67.02,7.005744534,54000,55000
43c816d911dc34892e19b1a069c1f0ebbab485a1,1701.58,66.38,6.936284038,55000,54000
43c816d911dc34892e19b1a069c1f0ebbab485a1,1732.00,67.52,7.046638351,54000,55000
43c816d911dc34892e19b1a069c1f0ebbab485a1,1708.45,66.50,6.954303915,54000,54000
43c816d911dc34892e19b1a069c1f0ebbab485a1,1706.93,66.39,6.968868130,54000,54000
43c816d911dc34892e19b1a069c1f0ebbab485a1,1721.86,66.77,7.013993379,54000,55000
43c816d911dc34892e19b1a069c1f0ebbab485a1,1724.98,67.21,7.016945454,54000,55000
43c816d911dc34892e19b1a069c1f0ebbab485a1,1703.69,66.23,6.951008389,56000,54000
43c816d911dc34892e19b1a069c1f0ebbab485a1,1701.20,66.34,6.939277528,55000,54000
43c816d911dc34892e19b1a069c1f0ebbab485a1,1764.97,68.74,7.191313750,55000,55000
43c816d911dc34892e19b1a069c1f0ebbab485a1,1706.72,66.31,6.943304629,56000,54000
43c816d911dc34892e19b1a069c1f0ebbab485a1,1717.73,66.67,7.011881017,54000,55000
43c816d911dc34892e19b1a069c1f0ebbab485a1,1730.82,67.34,7.040494027,54000,55000
43c816d911dc34892e19b1a069c1f0ebbab485a1,1723.96,66.93,7.012357816,55000,55000
43c816d911dc34892e19b1a069c1f0ebbab485a1,1734.20,67.38,7.057967023,54000,54000
43c816d911dc34892e19b1a069c1f0ebbab485a1,1717.28,66.70,6.991373918,54000,54000
43c816d911dc34892e19b1a069c1f0ebbab485a1,1728.23,67.16,7.050533996,55000,56000
43c816d911dc34892e19b1a069c1f0ebbab485a1,1740.35,67.77,7.083567704,55000,54000
43c816d911dc34892e19b1a069c1f0ebbab485a1,1707.41,66.50,6.973952048,54000,54000
43c816d911dc34892e19b1a069c1f0ebbab485a1,1734.03,67.67,7.055204961,56000,54000
43c816d911dc34892e19b1a069c1f0ebbab485a1,1744.00,68.07,7.099543366,54000,54000
43c816d911dc34892e19b1a069c1f0ebbab485a1,1709.55,66.80,6.962266306,54000,55000
43c816d911dc34892e19b1a069c1f0ebbab485a1,1725.16,67.33,7.022350216,54000,55000
43c816d911dc34892e19b1a069c1f0ebbab485a1,1721.48,67.19,7.014026086,55000,55000
43c816d911dc34892e19b1a069c1f0ebbab485a1,1721.31,66.85,7.026708596,55000,54000
43c816d911dc34892e19b1a069c1f0ebbab485a1,1731.78,67.47,7.066114807,54000,55000
43c816d911dc34892e19b1a069c1f0ebbab485a1,1729.51,67.17,7.049041948,54000,55000
43c816d911dc34892e19b1a069c1f0ebbab485a1,1701.52,65.99,6.937525355,55000,55000
43c816d911dc34892e19b1a069c1f0ebbab485a1,1732.40,67.44,7.045761579,55000,55000
8c4b687ca4a1990d11805669c1b84379ac6d7a7a,1711.81,66.87,6.972436304,54000,54000
8c4b687ca4a1990d11805669c1b84379ac6d7a7a,1727.53,67.17,7.061173673,54000,55000
8c4b687ca4a1990d11805669c1b84379ac6d7a7a,1708.79,66.51,6.965473962,54000,55000
8c4b687ca4a1990d11805669c1b84379ac6d7a7a,1720.36,66.58,7.014000243,55000,55000
8c4b687ca4a1990d11805669c1b84379ac6d7a7a,1706.28,66.14,6.961450545,54000,54000
8c4b687ca4a1990d11805669c1b84379ac6d7a7a,1728.72,67.09,7.047749684,54000,55000
8c4b687ca4a1990d11805669c1b84379ac6d7a7a,1727.10,67.19,7.032116852,55000,55000
8c4b687ca4a1990d11805669c1b84379ac6d7a7a,1723.47,66.92,7.028204183,54000,56000
8c4b687ca4a1990d11805669c1b84379ac6d7a7a,1722.36,67.12,7.000524003,53000,54000
8c4b687ca4a1990d11805669c1b84379ac6d7a7a,1724.33,67.13,7.013942380,54000,54000
8c4b687ca4a1990d11805669c1b84379ac6d7a7a,1725.75,66.84,7.042429155,54000,55000
8c4b687ca4a1990d11805669c1b84379ac6d7a7a,1706.13,66.13,6.954286195,54000,54000
8c4b687ca4a1990d11805669c1b84379ac6d7a7a,1703.89,66.54,6.940567241,54000,55000
8c4b687ca4a1990d11805669c1b84379ac6d7a7a,1715.00,66.71,6.987067413,54000,54000
8c4b687ca4a1990d11805669c1b84379ac6d7a7a,1708.51,66.65,6.964839613,54000,54000
8c4b687ca4a1990d11805669c1b84379ac6d7a7a,1726.29,67.36,7.025840506,55000,55000
8c4b687ca4a1990d11805669c1b84379ac6d7a7a,1737.50,67.52,7.106368376,55000,54000
8c4b687ca4a1990d11805669c1b84379ac6d7a7a,1731.62,67.62,7.058722692,54000,54000
8c4b687ca4a1990d11805669c1b84379ac6d7a7a,1717.36,66.90,6.989459556,55000,55000
8c4b687ca4a1990d11805669c1b84379ac6d7a7a,1721.99,67.14,6.993489740,55000,55000
8c4b687ca4a1990d11805669c1b84379ac6d7a7a,1718.01,67.11,6.993049657,54000,55000
8c4b687ca4a1990d11805669c1b84379ac6d7a7a,1729.60,67.62,7.030394229,54000,55000
8c4b687ca4a1990d11805669c1b84379ac6d7a7a,1739.52,67.90,7.073585816,54000,54000
8c4b687ca4a1990d11805669c1b84379ac6d7a7a,1719.23,67.06,7.012791586,54000,54000
8c4b687ca4a1990d11805669c1b84379ac6d7a7a,1711.97,66.71,6.986704803,54000,54000
8c4b687ca4a1990d11805669c1b84379ac6d7a7a,1737.45,67.77,7.083054527,54000,55000
8c4b687ca4a1990d11805669c1b84379ac6d7a7a,1744.99,68.28,7.114281004,55000,55000
8c4b687ca4a1990d11805669c1b84379ac6d7a7a,1718.36,66.95,6.986199473,55000,54000
8c4b687ca4a1990d11805669c1b84379ac6d7a7a,1708.38,66.48,6.962415206,54000,55000
8c4b687ca4a1990d11805669c1b84379ac6d7a7a,1727.96,67.47,7.033829533,55000,55000
e99f524c4bc4c76fbaeb9d886e38e73d647baf13,1714.50,66.80,6.988718825,54000,54000
e99f524c4bc4c76fbaeb9d886e38e73d647baf13,1703.09,66.10,6.939046284,55000,54000
e99f524c4bc4c76fbaeb9d886e38e73d647baf13,1708.55,66.48,6.959232149,55000,55000
e99f524c4bc4c76fbaeb9d886e38e73d647baf13,1728.79,67.33,7.048588867,54000,55000
e99f524c4bc4c76fbaeb9d886e38e73d647baf13,1715.74,66.67,6.991256909,55000,54000
e99f524c4bc4c76fbaeb9d886e38e73d647baf13,1729.51,67.42,7.038088990,55000,55000
e99f524c4bc4c76fbaeb9d886e38e73d647baf13,1709.55,66.55,6.964301224,54000,54000
e99f524c4bc4c76fbaeb9d886e38e73d647baf13,1714.60,66.75,6.986827698,54000,55000
e99f524c4bc4c76fbaeb9d886e38e73d647baf13,1706.26,66.44,6.952017688,54000,54000
e99f524c4bc4c76fbaeb9d886e38e73d647baf13,1742.85,67.71,7.104884622,55000,55000
e99f524c4bc4c76fbaeb9d886e38e73d647baf13,1734.08,67.76,7.047550161,55000,54000
e99f524c4bc4c76fbaeb9d886e38e73d647baf13,1715.43,66.75,6.980710176,55000,55000
e99f524c4bc4c76fbaeb9d886e38e73d647baf13,1714.28,66.80,6.985512377,54000,54000
e99f524c4bc4c76fbaeb9d886e38e73d647baf13,1708.87,66.21,6.958681575,54000,54000
e99f524c4bc4c76fbaeb9d886e38e73d647baf13,1707.16,66.14,6.949415904,55000,55000
e99f524c4bc4c76fbaeb9d886e38e73d647baf13,1714.38,67.07,6.981570694,55000,54000
e99f524c4bc4c76fbaeb9d886e38e73d647baf13,1726.66,67.30,7.026124274,54000,55000
e99f524c4bc4c76fbaeb9d886e38e73d647baf13,1711.22,66.69,6.964964019,55000,55000
e99f524c4bc4c76fbaeb9d886e38e73d647baf13,1716.08,66.47,7.002223542,55000,54000
e99f524c4bc4c76fbaeb9d886e38e73d647baf13,1716.31,66.76,6.988682301,54000,55000
e99f524c4bc4c76fbaeb9d886e38e73d647baf13,1709.52,66.68,6.941771179,54000,54000
e99f524c4bc4c76fbaeb9d886e38e73d647baf13,1725.29,67.30,7.010276625,55000,56000
e99f524c4bc4c76fbaeb9d886e38e73d647baf13,1735.39,67.62,7.065347284,54000,54000
e99f524c4bc4c76fbaeb9d886e38e73d647baf13,1734.61,67.42,7.067255751,54000,56000
e99f524c4bc4c76fbaeb9d886e38e73d647baf13,1710.73,66.84,6.976123207,54000,54000
e99f524c4bc4c76fbaeb9d886e38e73d647baf13,1717.70,67.20,6.999811701,55000,54000
e99f524c4bc4c76fbaeb9d886e38e73d647baf13,1709.23,66.38,6.966006857,54000,54000
e99f524c4bc4c76fbaeb9d886e38e73d647baf13,1720.80,67.06,7.008055507,55000,54000
e99f524c4bc4c76fbaeb9d886e38e73d647baf13,1710.95,66.57,6.963563926,55000,55000
e99f524c4bc4c76fbaeb9d886e38e73d647baf13,1719.68,66.90,7.020805891,54000,55000
189caa09767a3849f1183f26347e6103eecdcfb7,1760.98,68.55,7.190348960,55000,55000
189caa09767a3849f1183f26347e6103eecdcfb7,1706.39,66.25,6.952668150,56000,55000
189caa09767a3849f1183f26347e6103eecdcfb7,1750.73,68.18,7.135365469,54000,54000
189caa09767a3849f1183f26347e6103eecdcfb7,1748.59,67.83,7.114986088,54000,55000
189caa09767a3849f1183f26347e6103eecdcfb7,1709.71,66.36,6.963158265,54000,54000
189caa09767a3849f1183f26347e6103eecdcfb7,1740.46,67.68,7.087773153,54000,54000
189caa09767a3849f1183f26347e6103eecdcfb7,1735.09,67.32,7.067629379,54000,55000
189caa09767a3849f1183f26347e6103eecdcfb7,1713.00,66.73,6.991027123,55000,54000
189caa09767a3849f1183f26347e6103eecdcfb7,1715.55,66.65,6.997413233,54000,55000
189caa09767a3849f1183f26347e6103eecdcfb7,1715.73,67.14,6.973867318,54000,54000
189caa09767a3849f1183f26347e6103eecdcfb7,1715.21,66.66,6.978484304,55000,55000
189caa09767a3849f1183f26347e6103eecdcfb7,1727.68,67.03,7.026591643,55000,54000
189caa09767a3849f1183f26347e6103eecdcfb7,1724.08,67.37,7.022960452,54000,54000
189caa09767a3849f1183f26347e6103eecdcfb7,1739.42,67.62,7.068004716,55000,55000
189caa09767a3849f1183f26347e6103eecdcfb7,1711.91,66.61,6.975221575,54000,54000
189caa09767a3849f1183f26347e6103eecdcfb7,1716.24,66.80,6.991816118,55000,55000
189caa09767a3849f1183f26347e6103eecdcfb7,1734.43,67.65,7.055986641,55000,55000
189caa09767a3849f1183f26347e6103eecdcfb7,1719.63,67.02,7.006288050,54000,55000
189caa09767a3849f1183f26347e6103eecdcfb7,1733.41,67.70,7.051330014,55000,55000
189caa09767a3849f1183f26347e6103eecdcfb7,1717.27,67.13,6.988585252,54000,54000
189caa09767a3849f1183f26347e6103eecdcfb7,1741.17,68.14,7.095048988,54000,54000
189caa09767a3849f1183f26347e6103eecdcfb7,1715.14,66.84,6.977503802,54000,54000
189caa09767a3849f1183f26347e6103eecdcfb7,1720.69,67.21,7.010500234,54000,54000
189caa09767a3849f1183f26347e6103eecdcfb7,1724.36,67.53,7.017581258,54000,54000
189caa09767a3849f1183f26347e6103eecdcfb7,1713.68,66.78,6.987118366,55000,56000
189caa09767a3849f1183f26347e6103eecdcfb7,1710.37,66.56,6.980507938,55000,55000
189caa09767a3849f1183f26347e6103eecdcfb7,1715.19,66.77,6.985779193,55000,55000
189caa09767a3849f1183f26347e6103eecdcfb7,1714.02,66.83,6.997800803,54000,55000
189caa09767a3849f1183f26347e6103eecdcfb7,1744.54,67.80,7.099875861,55000,56000
189caa09767a3849f1183f26347e6103eecdcfb7,1730.16,67.09,7.062556681,54000,55000
d315f71f6d28e36720dca37d04b280c5dcbab944,1731.49,67.28,7.052589118,54000,54000
d315f71f6d28e36720dca37d04b280c5dcbab944,1726.46,67.23,7.028751038,54000,54000
d315f71f6d28e36720dca37d04b280c5dcbab944,1722.58,66.85,7.038395458,54000,55000
d315f71f6d28e36720dca37d04b280c5dcbab944,1702.00,66.29,6.933406249,55000,55000
d315f71f6d28e36720dca37d04b280c5dcbab944,1724.30,67.07,7.017988161,55000,55000
d315f71f6d28e36720dca37d04b280c5dcbab944,1711.09,66.65,6.957990091,54000,54000
d315f71f6d28e36720dca37d04b280c5dcbab944,1724.72,67.04,7.025261573,54000,54000
d315f71f6d28e36720dca37d04b280c5dcbab944,1729.29,67.27,7.038437024,55000,55000
d315f71f6d28e36720dca37d04b280c5dcbab944,1702.41,65.80,6.947513168,54000,55000
d315f71f6d28e36720dca37d04b280c5dcbab944,1717.54,66.83,6.997377998,54000,54000
d315f71f6d28e36720dca37d04b280c5dcbab944,1722.68,66.58,7.024955506,55000,54000
d315f71f6d28e36720dca37d04b280c5dcbab944,1705.83,66.35,6.954203592,55000,54000
d315f71f6d28e36720dca37d04b280c5dcbab944,1730.93,67.03,7.064340247,55000,55000
d315f71f6d28e36720dca37d04b280c5dcbab944,1728.01,67.29,7.028524217,54000,54000
d315f71f6d28e36720dca37d04b280c5dcbab944,1743.21,67.85,7.101602076,54000,56000
d315f71f6d28e36720dca37d04b280c5dcbab944,1742.02,67.63,7.100418639,55000,55000
d315f71f6d28e36720dca37d04b280c5dcbab944,1714.14,66.64,6.982593944,54000,54000
d315f71f6d28e36720dca37d04b280c5dcbab944,1716.91,66.73,6.991054844,54000,54000
d315f71f6d28e36720dca37d04b280c5dcbab944,1722.10,67.06,7.004044310,55000,55000
d315f71f6d28e36720dca37d04b280c5dcbab944,1733.60,67.47,7.039515293,55000,55000
d315f71f6d28e36720dca37d04b280c5dcbab944,1724.28,67.35,7.010366847,54000,55000
d315f71f6d28e36720dca37d04b280c5dcbab944,1721.72,67.24,6.994906427,55000,54000
d315f71f6d28e36720dca37d04b280c5dcbab944,1719.67,66.80,7.011623567,55000,54000
d315f71f6d28e36720dca37d04b280c5dcbab944,1719.61,66.93,7.015600739,55000,56000
d315f71f6d28e36720dca37d04b280c5dcbab944,1724.73,67.32,7.034598802,54000,54000
d315f71f6d28e36720dca37d04b280c5dcbab944,1726.31,67.39,7.042389707,54000,54000
d315f71f6d28e36720dca37d04b280c5dcbab944,1732.49,67.81,7.034793599,54000,54000
d315f71f6d28e36720dca37d04b280c5dcbab944,1733.97,67.65,7.069036024,55000,55000
d315f71f6d28e36720dca37d04b280c5dcbab944,1721.16,67.13,7.029420566,54000,54000
d315f71f6d28e36720dca37d04b280c5dcbab944,1707.67,66.41,6.951311595,55000,54000
70307eeef5bfc65c8c4228f0d75ea70c822b7595,1740.34,67.55,7.102504182,55000,55000
70307eeef5bfc65c8c4228f0d75ea70c822b7595,1725.17,67.12,7.042190704,55000,55000
70307eeef5bfc65c8c4228f0d75ea70c822b7595,1720.11,66.78,7.012979275,54000,55000
70307eeef5bfc65c8c4228f0d75ea70c822b7595,1733.83,67.28,7.056931652,54000,54000
70307eeef5bfc65c8c4228f0d75ea70c822b7595,1710.75,66.68,6.967992537,54000,55000
70307eeef5bfc65c8c4228f0d75ea70c822b7595,1714.85,66.58,6.980105727,55000,55000
70307eeef5bfc65c8c4228f0d75ea70c822b7595,1741.20,67.77,7.076320037,55000,54000
70307eeef5bfc65c8c4228f0d75ea70c822b7595,1736.74,67.36,7.090320556,54000,54000
70307eeef5bfc65c8c4228f0d75ea70c822b7595,1746.78,68.13,7.097995949,54000,55000
70307eeef5bfc65c8c4228f0d75ea70c822b7595,1728.17,67.17,7.044582625,55000,55000
70307eeef5bfc65c8c4228f0d75ea70c822b7595,1731.36,67.39,7.067138256,54000,55000
70307eeef5bfc65c8c4228f0d75ea70c822b7595,1739.90,67.45,7.100944596,54000,54000
70307eeef5bfc65c8c4228f0d75ea70c822b7595,1698.14,65.96,6.924719054,54000,54000
70307eeef5bfc65c8c4228f0d75ea70c822b7595,1717.53,66.74,6.994468760,55000,54000
70307eeef5bfc65c8c4228f0d75ea70c822b7595,1737.45,67.53,7.076858120,55000,54000
70307eeef5bfc65c8c4228f0d75ea70c822b7595,1711.81,66.46,6.993975274,55000,55000
70307eeef5bfc65c8c4228f0d75ea70c822b7595,1722.16,66.87,7.027212258,56000,55000
70307eeef5bfc65c8c4228f0d75ea70c822b7595,1709.85,66.58,6.959580366,55000,54000
70307eeef5bfc65c8c4228f0d75ea70c822b7595,1699.99,66.01,6.936491067,55000,55000
70307eeef5bfc65c8c4228f0d75ea70c822b7595,1734.61,67.51,7.083160143,55000,54000
70307eeef5bfc65c8c4228f0d75ea70c822b7595,1721.24,67.41,7.005292870,55000,55000
70307eeef5bfc65c8c4228f0d75ea70c822b7595,1722.47,67.30,7.013390534,55000,55000
70307eeef5bfc65c8c4228f0d75ea70c822b7595,1725.75,67.60,7.012379847,54000,56000
70307eeef5bfc65c8c4228f0d75ea70c822b7595,1716.94,67.00,6.995965788,54000,54000
70307eeef5bfc65c8c4228f0d75ea70c822b7595,1717.36,67.03,6.995645081,54000,54000
70307eeef5bfc65c8c4228f0d75ea70c822b7595,1737.59,67.66,7.072938030,55000,54000
70307eeef5bfc65c8c4228f0d75ea70c822b7595,1724.04,67.50,7.009286168,54000,55000
70307eeef5bfc65c8c4228f0d75ea70c822b7595,1740.62,67.79,7.088340385,55000,55000
70307eeef5bfc65c8c4228f0d75ea70c822b7595,1739.45,68.19,7.079424013,55000,55000
70307eeef5bfc65c8c4228f0d75ea70c822b7595,1735.59,67.42,7.065089303,55000,55000
a337919be5de3731ace984e21b9cb25f80804d8f,1720.98,67.09,6.990723987,55000,54000
a337919be5de3731ace984e21b9cb25f80804d8f,1726.86,67.33,7.023431317,54000,54000
a337919be5de3731ace984e21b9cb25f80804d8f,1717.26,66.94,6.993191176,54000,54000
a337919be5de3731ace984e21b9cb25f80804d8f,1709.30,66.32,6.960456200,54000,55000
a337919be5de3731ace984e21b9cb25f80804d8f,1726.14,66.99,7.050889483,54000,55000
a337919be5de3731ace984e21b9cb25f80804d8f,1727.38,67.51,7.035242770,54000,54000
a337919be5de3731ace984e21b9cb25f80804d8f,1704.48,66.23,6.943642268,54000,55000
a337919be5de3731ace984e21b9cb25f80804d8f,1725.52,67.04,7.023751559,55000,55000
a337919be5de3731ace984e21b9cb25f80804d8f,1708.26,66.55,6.955711492,55000,55000
a337919be5de3731ace984e21b9cb25f80804d8f,1723.13,67.02,7.023121268,55000,55000
a337919be5de3731ace984e21b9cb25f80804d8f,1705.72,66.14,6.955075708,54000,54000
a337919be5de3731ace984e21b9cb25f80804d8f,1710.59,66.79,6.961171193,54000,54000
a337919be5de3731ace984e21b9cb25f80804d8f,1728.88,67.32,7.071339590,55000,54000
a337919be5de3731ace984e21b9cb25f80804d8f,1765.50,68.92,7.184235969,55000,54000
a337919be5de3731ace984e21b9cb25f80804d8f,1717.50,66.75,6.992693049,54000,54000
a337919be5de3731ace984e21b9cb25f80804d8f,1762.37,68.71,7.163395313,54000,54000
a337919be5de3731ace984e21b9cb25f80804d8f,1743.07,67.95,7.109136589,54000,54000
a337919be5de3731ace984e21b9cb25f80804d8f,1729.49,67.26,7.029993892,54000,54000
a337919be5de3731ace984e21b9cb25f80804d8f,1732.04,67.36,7.049290800,54000,55000
a337919be5de3731ace984e21b9cb25f80804d8f,1750.65,68.21,7.138840198,56000,54000
a337919be5de3731ace984e21b9cb25f80804d8f,1705.81,66.59,6.940829197,54000,56000
a337919be5de3731ace984e21b9cb25f80804d8f,1719.33,67.12,6.996388238,55000,54000
a337919be5de3731ace984e21b9cb25f80804d8f,1726.56,67.67,7.006430899,54000,55000
a337919be5de3731ace984e21b9cb25f80804d8f,1724.21,67.40,7.013103098,54000,54000
a337919be5de3731ace984e21b9cb25f80804d8f,1715.56,66.87,6.975939906,55000,54000
a337919be5de3731ace984e21b9cb25f80804d8f,1740.26,68.02,7.088205753,54000,55000
a337919be5de3731ace984e21b9cb25f80804d8f,1727.15,67.43,7.018837307,54000,54000
a337919be5de3731ace984e21b9cb25f80804d8f,1730.29,67.48,7.045122712,54000,54000
a337919be5de3731ace984e21b9cb25f80804d8f,1703.75,66.57,6.938871250,54000,55000
a337919be5de3731ace984e21b9cb25f80804d8f,1710.88,66.42,6.985987343,54000,55000
d7adc98b85f8a653143c4f9362a5282ab8180516,1742.14,68.06,7.102957548,54000,54000
d7adc98b85f8a653143c4f9362a5282ab8180516,1731.82,67.47,7.049294961,54000,54000
d7adc98b85f8a653143c4f9362a5282ab8180516,1713.05,66.76,6.975944569,54000,54000
d7adc98b85f8a653143c4f9362a5282ab8180516,1724.98,67.36,7.029330819,55000,54000
d7adc98b85f8a653143c4f9362a5282ab8180516,1717.42,66.76,6.993149741,55000,54000
d7adc98b85f8a653143c4f9362a5282ab8180516,1716.34,66.77,6.988390425,54000,55000
d7adc98b85f8a653143c4f9362a5282ab8180516,1749.09,67.80,7.132991119,54000,54000
d7adc98b85f8a653143c4f9362a5282ab8180516,1722.92,66.98,7.000854682,54000,55000
d7adc98b85f8a653143c4f9362a5282ab8180516,1749.43,68.15,7.138594986,56000,55000
d7adc98b85f8a653143c4f9362a5282ab8180516,1730.70,67.29,7.038526485,56000,55000
d7adc98b85f8a653143c4f9362a5282ab8180516,1712.40,66.50,6.987524154,55000,54000
d7adc98b85f8a653143c4f9362a5282ab8180516,1746.85,68.02,7.095566011,55000,54000
d7adc98b85f8a653143c4f9362a5282ab8180516,1702.30,65.70,6.945223252,54000,54000
d7adc98b85f8a653143c4f9362a5282ab8180516,1720.52,66.66,7.025950268,56000,55000
d7adc98b85f8a653143c4f9362a5282ab8180516,1733.09,67.41,7.075466253,55000,55000
d7adc98b85f8a653143c4f9362a5282ab8180516,1719.52,66.80,7.002581062,55000,54000
d7adc98b85f8a653143c4f9362a5282ab8180516,1735.00,67.23,7.079771503,54000,55000
d7adc98b85f8a653143c4f9362a5282ab8180516,1712.35,66.44,6.978518982,54000,54000
d7adc98b85f8a653143c4f9362a5282ab8180516,1727.85,67.18,7.040595218,54000,54000
d7adc98b85f8a653143c4f9362a5282ab8180516,1721.36,66.92,7.013088324,54000,54000
d7adc98b85f8a653143c4f9362a5282ab8180516,1717.02,66.84,6.998377933,55000,54000
d7adc98b85f8a653143c4f9362a5282ab8180516,1720.41,67.01,7.022415117,54000,55000
d7adc98b85f8a653143c4f9362a5282ab8180516,1716.55,67.17,7.000958534,55000,54000
d7adc98b85f8a653143c4f9362a5282ab8180516,1709.49,66.90,6.969717774,54000,54000
d7adc98b85f8a653143c4f9362a5282ab8180516,1725.94,67.23,7.037312827,55000,54000
d7adc98b85f8a653143c4f9362a5282ab8180516,1718.06,67.08,6.984313093,54000,55000
d7adc98b85f8a653143c4f9362a5282ab8180516,1728.48,67.40,7.034413952,54000,55000
d7adc98b85f8a653143c4f9362a5282ab8180516,1723.66,66.94,7.026968296,55000,55000
d7adc98b85f8a653143c4f9362a5282ab8180516,1721.51,67.13,7.009514743,54000,56000
d7adc98b85f8a653143c4f9362a5282ab8180516,1699.26,65.97,6.931254665,55000,55000
cde150d8918ce8482e4f6269889ccae715127163,1711.97,66.73,6.967386458,55000,54000
cde150d8918ce8482e4f6269889ccae715127163,1729.85,67.44,7.039589976,54000,54000
cde150d8918ce8482e4f6269889ccae715127163,1705.62,66.36,6.966738940,55000,54000
cde150d8918ce8482e4f6269889ccae715127163,1732.21,67.30,7.066870379,55000,54000
cde150d8918ce8482e4f6269889ccae715127163,1715.48,66.67,6.994804232,54000,55000
cde150d8918ce8482e4f6269889ccae715127163,1732.39,67.26,7.062197517,54000,54000
cde150d8918ce8482e4f6269889ccae715127163,1760.61,68.19,7.165629247,54000,55000
cde150d8918ce8482e4f6269889ccae715127163,1727.36,66.99,7.034911677,54000,54000
cde150d8918ce8482e4f6269889ccae715127163,1726.06,66.99,7.037460155,54000,54000
cde150d8918ce8482e4f6269889ccae715127163,1732.07,67.49,7.061248217,55000,55000
cde150d8918ce8482e4f6269889ccae715127163,1700.83,65.99,6.950935031,54000,55000
cde150d8918ce8482e4f6269889ccae715127163,1727.98,67.25,7.020530035,54000,56000
cde150d8918ce8482e4f6269889ccae715127163,1741.40,67.72,7.092649480,54000,55000
cde150d8918ce8482e4f6269889ccae715127163,1724.35,66.93,7.026097266,54000,55000
cde150d8918ce8482e4f6269889ccae715127163,1721.52,67.21,7.018339992,54000,55000
cde150d8918ce8482e4f6269889ccae715127163,1742.74,67.70,7.124667516,55000,54000
cde150d8918ce8482e4f6269889ccae715127163,1709.12,66.41,6.955842374,55000,55000
cde150d8918ce8482e4f6269889ccae715127163,1726.95,67.21,7.030244605,54000,54000
cde150d8918ce8482e4f6269889ccae715127163,1737.48,67.54,7.061650086,55000,55000
cde150d8918ce8482e4f6269889ccae715127163,1722.84,67.02,7.006417816,54000,54000
cde150d8918ce8482e4f6269889ccae715127163,1734.80,67.46,7.066484756,56000,55000
cde150d8918ce8482e4f6269889ccae715127163,1718.39,66.76,7.003222377,55000,54000
cde150d8918ce8482e4f6269889ccae715127163,1722.63,67.31,7.019472304,55000,54000
cde150d8918ce8482e4f6269889ccae715127163,1735.54,67.60,7.062379521,54000,54000
cde150d8918ce8482e4f6269889ccae715127163,1715.89,66.66,6.980440430,56000,55000
cde150d8918ce8482e4f6269889ccae715127163,1715.50,66.77,6.992972328,55000,54000
cde150d8918ce8482e4f6269889ccae715127163,1724.96,67.34,7.013013738,54000,55000
cde150d8918ce8482e4f6269889ccae715127163,1745.63,68.06,7.101902656,54000,54000
cde150d8918ce8482e4f6269889ccae715127163,1712.67,66.45,6.975677126,54000,55000
cde150d8918ce8482e4f6269889ccae715127163,1761.94,68.75,7.173830592,55000,56000
a0cec4ac7034650d2d5e619b593f76ac966354f3,1713.95,66.74,6.982083577,54000,54000
a0cec4ac7034650d2d5e619b593f76ac966354f3,1730.35,67.16,7.049618750,55000,55000
a0cec4ac7034650d2d5e619b593f76ac966354f3,1779.42,69.11,7.265199125,54000,54000
a0cec4ac7034650d2d5e619b593f76ac966354f3,1743.91,67.63,7.112941339,55000,55000
a0cec4ac7034650d2d5e619b593f76ac966354f3,1740.60,67.70,7.082244078,54000,54000
a0cec4ac7034650d2d5e619b593f76ac966354f3,1699.00,66.21,6.915415085,54000,54000
a0cec4ac7034650d2d5e619b593f76ac966354f3,1729.92,67.31,7.040767554,54000,55000
a0cec4ac7034650d2d5e619b593f76ac966354f3,1702.57,65.95,6.949298844,54000,54000
a0cec4ac7034650d2d5e619b593f76ac966354f3,1726.40,66.93,7.024832837,54000,54000
a0cec4ac7034650d2d5e619b593f76ac966354f3,1759.53,68.11,7.182443803,54000,54000
a0cec4ac7034650d2d5e619b593f76ac966354f3,1770.03,68.82,7.211355148,55000,54000
a0cec4ac7034650d2d5e619b593f76ac966354f3,1743.71,67.82,7.105570716,54000,54000
a0cec4ac7034650d2d5e619b593f76ac966354f3,1737.18,67.86,7.076999989,55000,55000
a0cec4ac7034650d2d5e619b593f76ac966354f3,1747.27,68.04,7.109833298,54000,54000
a0cec4ac7034650d2d5e619b593f76ac966354f3,1733.66,67.38,7.033213734,54000,55000
a0cec4ac7034650d2d5e619b593f76ac966354f3,1708.40,66.68,6.948136330,54000,55000
a0cec4ac7034650d2d5e619b593f76ac966354f3,1714.63,66.53,6.983512755,55000,54000
a0cec4ac7034650d2d5e619b593f76ac966354f3,1741.44,67.69,7.102466174,54000,54000
a0cec4ac7034650d2d5e619b593f76ac966354f3,1737.09,67.53,7.076220614,55000,54000
a0cec4ac7034650d2d5e619b593f76ac966354f3,1717.44,66.81,6.988840362,55000,55000
a0cec4ac7034650d2d5e619b593f76ac966354f3,1738.30,67.61,7.074079800,55000,55000
a0cec4ac7034650d2d5e619b593f76ac966354f3,1743.69,68.12,7.097685038,54000,54000
a0cec4ac7034650d2d5e619b593f76ac966354f3,1712.59,66.96,6.974581470,56000,54000
a0cec4ac7034650d2d5e619b593f76ac966354f3,1726.17,67.52,7.031423735,54000,55000
a0cec4ac7034650d2d5e619b593f76ac966354f3,1711.65,66.52,6.971176756,55000,54000
a0cec4ac7034650d2d5e619b593f76ac966354f3,1725.40,67.12,7.031130889,55000,54000
a0cec4ac7034650d2d5e619b593f76ac966354f3,1700.77,65.96,6.937237190,54000,55000
a0cec4ac7034650d2d5e619b593f76ac966354f3,1729.40,67.88,7.028185800,55000,56000
a0cec4ac7034650d2d5e619b593f76ac966354f3,1709.86,66.44,6.954734336,55000,55000
a0cec4ac7034650d2d5e619b593f76ac966354f3,1726.50,67.05,7.044853600,54000,55000
cf459aa18e41d5744664e334c8081e862efc0d73,1732.54,67.67,7.045157494,54000,55000
cf459aa18e41d5744664e334c8081e862efc0d73,1717.36,66.88,6.988364534,55000,54000
cf459aa18e41d5744664e334c8081e862efc0d73,1741.68,67.52,7.099355437,55000,55000
cf459aa18e41d5744664e334c8081e862efc0d73,1709.79,66.02,6.979792831,55000,55000
cf459aa18e41d5744664e334c8081e862efc0d73,1720.77,66.67,7.004184301,54000,54000
cf459aa18e41d5744664e334c8081e862efc0d73,1733.88,67.42,7.047545371,55000,54000
cf459aa18e41d5744664e334c8081e862efc0d73,1738.39,67.55,7.092754637,55000,55000
cf459aa18e41d5744664e334c8081e862efc0d73,1714.05,66.82,6.981532064,54000,54000
cf459aa18e41d5744664e334c8081e862efc0d73,1697.80,66.16,6.923403648,54000,56000
cf459aa18e41d5744664e334c8081e862efc0d73,1744.73,67.95,7.106552497,55000,54000
cf459aa18e41d5744664e334c8081e862efc0d73,1728.64,67.28,7.033305236,55000,54000
cf459aa18e41d5744664e334c8081e862efc0d73,1734.30,67.56,7.073750083,54000,54000
cf459aa18e41d5744664e334c8081e862efc0d73,1725.35,66.91,7.011015962,54000,54000
cf459aa18e41d5744664e334c8081e862efc0d73,1716.86,66.97,7.001604982,55000,55000
cf459aa18e41d5744664e334c8081e862efc0d73,1729.67,67.12,7.032108172,54000,54000
cf459aa18e41d5744664e334c8081e862efc0d73,1724.26,66.92,7.022688122,54000,55000
cf459aa18e41d5744664e334c8081e862efc0d73,1727.33,67.44,7.029457349,54000,54000
cf459aa18e41d5744664e334c8081e862efc0d73,1738.89,67.64,7.102087270,54000,55000
cf459aa18e41d5744664e334c8081e862efc0d73,1734.48,67.22,7.065115360,55000,55000
cf459aa18e41d5744664e334c8081e862efc0d73,1727.15,67.12,7.036497447,54000,54000
cf459aa18e41d5744664e334c8081e862efc0d73,1764.22,69.02,7.181695419,54000,55000
cf459aa18e41d5744664e334c8081e862efc0d73,1725.58,67.53,7.020396861,55000,55000
cf459aa18e41d5744664e334c8081e862efc0d73,1707.61,66.38,6.946901923,54000,55000
cf459aa18e41d5744664e334c8081e862efc0d73,1732.14,67.65,7.052303464,54000,56000
cf459aa18e41d5744664e334c8081e862efc0d73,1703.76,66.04,6.948130609,55000,56000
cf459aa18e41d5744664e334c8081e862efc0d73,1718.08,67.09,7.002217307,55000,54000
cf459aa18e41d5744664e334c8081e862efc0d73,1733.19,67.59,7.056144048,54000,54000
cf459aa18e41d5744664e334c8081e862efc0d73,1754.93,68.30,7.168745836,54000,54000
cf459aa18e41d5744664e334c8081e862efc0d73,1700.82,66.42,6.928464207,55000,54000
cf459aa18e41d5744664e334c8081e862efc0d73,1707.59,66.40,6.963034074,55000,55000
d75365b833a30ea755c4f077a170c854ff206ee1,1722.61,67.11,7.022068791,54000,55000
d75365b833a30ea755c4f077a170c854ff206ee1,1715.09,66.81,6.975562211,55000,54000
d75365b833a30ea755c4f077a170c854ff206ee1,1727.19,67.02,7.052920838,55000,55000
d75365b833a30ea755c4f077a170c854ff206ee1,1741.59,68.17,7.088840020,54000,54000
d75365b833a30ea755c4f077a170c854ff206ee1,1737.00,67.59,7.082041534,54000,54000
d75365b833a30ea755c4f077a170c854ff206ee1,1717.08,66.55,6.995003878,55000,55000
d75365b833a30ea755c4f077a170c854ff206ee1,1726.57,66.90,7.033199002,54000,54000
d75365b833a30ea755c4f077a170c854ff206ee1,1745.91,67.88,7.107911918,54000,54000
d75365b833a30ea755c4f077a170c854ff206ee1,1735.16,67.20,7.074917224,54000,54000
d75365b833a30ea755c4f077a170c854ff206ee1,1736.41,67.61,7.069828548,54000,55000
d75365b833a30ea755c4f077a170c854ff206ee1,1711.52,66.43,6.968952432,54000,56000
d75365b833a30ea755c4f077a170c854ff206ee1,1728.68,67.22,7.036314070,55000,54000
d75365b833a30ea755c4f077a170c854ff206ee1,1720.31,67.05,7.007180208,54000,55000
d75365b833a30ea755c4f077a170c854ff206ee1,1735.79,67.26,7.083414079,55000,54000
d75365b833a30ea755c4f077a170c854ff206ee1,1734.70,67.53,7.061491375,54000,55000
d75365b833a30ea755c4f077a170c854ff206ee1,1733.82,67.27,7.056935605,54000,54000
d75365b833a30ea755c4f077a170c854ff206ee1,1714.30,66.54,6.988994335,56000,55000
d75365b833a30ea755c4f077a170c854ff206ee1,1714.86,66.71,6.979374104,55000,55000
d75365b833a30ea755c4f077a170c854ff206ee1,1714.27,66.68,6.987404855,54000,55000
d75365b833a30ea755c4f077a170c854ff206ee1,1726.17,67.16,7.032291800,55000,54000
d75365b833a30ea755c4f077a170c854ff206ee1,1727.18,67.51,7.035201127,54000,54000
d75365b833a30ea755c4f077a170c854ff206ee1,1713.01,66.88,6.983519068,54000,54000
d75365b833a30ea755c4f077a170c854ff206ee1,1716.13,66.90,7.000374891,54000,54000
d75365b833a30ea755c4f077a170c854ff206ee1,1723.43,67.17,7.019361506,54000,54000
d75365b833a30ea755c4f077a170c854ff206ee1,1723.38,67.16,7.029877510,54000,55000
d75365b833a30ea755c4f077a170c854ff206ee1,1731.93,67.55,7.059990538,55000,54000
d75365b833a30ea755c4f077a170c854ff206ee1,1728.03,67.13,7.038375179,55000,55000
d75365b833a30ea755c4f077a170c854ff206ee1,1761.32,68.61,7.187586371,55000,55000
d75365b833a30ea755c4f077a170c854ff206ee1,1718.87,67.04,7.010726527,55000,55000
d75365b833a30ea755c4f077a170c854ff206ee1,1718.48,66.76,7.001640061,56000,54000
61edd45cbde317f37cd9d59c6c1ae20e049c1c0b,1732.01,67.64,7.050577354,55000,54000
61edd45cbde317f37cd9d59c6c1ae20e049c1c0b,1746.20,68.10,7.111312075,55000,55000
61edd45cbde317f37cd9d59c6c1ae20e049c1c0b,1720.73,66.97,7.007858267,55000,54000
61edd45cbde317f37cd9d59c6c1ae20e049c1c0b,1700.86,66.14,6.934633148,54000,54000
61edd45cbde317f37cd9d59c6c1ae20e049c1c0b,1734.33,67.29,7.057323907,55000,54000
61edd45cbde317f37cd9d59c6c1ae20e049c1c0b,1727.48,67.05,7.040805006,54000,54000
61edd45cbde317f37cd9d59c6c1ae20e049c1c0b,1723.21,66.76,7.025079518,54000,54000
61edd45cbde317f37cd9d59c6c1ae20e049c1c0b,1729.82,67.11,7.045351336,55000,54000
61edd45cbde317f37cd9d59c6c1ae20e049c1c0b,1726.44,67.20,7.013668023,54000,55000
61edd45cbde317f37cd9d59c6c1ae20e049c1c0b,1719.82,67.03,7.013070294,56000,54000
61edd45cbde317f37cd9d59c6c1ae20e049c1c0b,1721.95,66.71,7.014596070,54000,54000
61edd45cbde317f37cd9d59c6c1ae20e049c1c0b,1744.26,67.68,7.102038759,55000,55000
61edd45cbde317f37cd9d59c6c1ae20e049c1c0b,1725.50,67.16,7.044141810,54000,54000
61edd45cbde317f37cd9d59c6c1ae20e049c1c0b,1713.45,66.54,6.967374231,55000,54000
61edd45cbde317f37cd9d59c6c1ae20e049c1c0b,1718.80,66.54,7.003670083,55000,55000
61edd45cbde317f37cd9d59c6c1ae20e049c1c0b,1747.88,68.26,7.112411878,55000,55000
61edd45cbde317f37cd9d59c6c1ae20e049c1c0b,1722.07,67.38,6.993360808,55000,56000
61edd45cbde317f37cd9d59c6c1ae20e049c1c0b,1729.09,67.42,7.025897242,54000,54000
61edd45cbde317f37cd9d59c6c1ae20e049c1c0b,1707.10,66.85,6.944908353,54000,54000
61edd45cbde317f37cd9d59c6c1ae20e049c1c0b,1726.56,67.31,7.024461604,54000,54000
61edd45cbde317f37cd9d59c6c1ae20e049c1c0b,1717.08,66.85,7.003608530,54000,54000
61edd45cbde317f37cd9d59c6c1ae20e049c1c0b,1745.51,68.08,7.112396768,55000,55000
61edd45cbde317f37cd9d59c6c1ae20e049c1c0b,1722.65,67.15,7.020177656,54000,54000
61edd45cbde317f37cd9d59c6c1ae20e049c1c0b,1714.28,66.85,6.980640823,54000,54000
61edd45cbde317f37cd9d59c6c1ae20e049c1c0b,1707.78,66.48,6.966286571,54000,55000
61edd45cbde317f37cd9d59c6c1ae20e049c1c0b,1735.70,67.81,7.077262067,54000,55000
61edd45cbde317f37cd9d59c6c1ae20e049c1c0b,1705.71,66.70,6.952761708,54000,54000
61edd45cbde317f37cd9d59c6c1ae20e049c1c0b,1738.16,67.84,7.072688743,54000,54000
61edd45cbde317f37cd9d59c6c1ae20e049c1c0b,1741.73,68.25,7.082612468,55000,54000
61edd45cbde317f37cd9d59c6c1ae20e049c1c0b,1710.96,66.59,6.978692537,54000,55000
7d7e5339f30199351a9b8808a5ec645381911e97,1724.32,67.10,7.011236646,54000,54000
7d7e5339f30199351a9b8808a5ec645381911e97,1727.41,67.15,7.043196175,55000,54000
7d7e5339f30199351a9b8808a5ec645381911e97,1742.68,68.04,7.103800354,54000,55000
7d7e5339f30199351a9b8808a5ec645381911e97,1726.09,67.40,7.035976740,54000,54000
7d7e5339f30199351a9b8808a5ec645381911e97,1734.55,67.21,7.104192566,55000,55000
7d7e5339f30199351a9b8808a5ec645381911e97,1738.29,67.36,7.085723905,54000,54000
7d7e5339f30199351a9b8808a5ec645381911e97,1735.30,67.46,7.066589003,55000,54000
7d7e5339f30199351a9b8808a5ec645381911e97,1707.90,66.53,6.954781431,54000,54000
7d7e5339f30199351a9b8808a5ec645381911e97,1713.93,66.53,6.985702974,55000,55000
7d7e5339f30199351a9b8808a5ec645381911e97,1728.86,67.51,7.035624735,54000,54000
7d7e5339f30199351a9b8808a5ec645381911e97,1725.09,67.11,7.030357901,54000,54000
7d7e5339f30199351a9b8808a5ec645381911e97,1714.56,66.72,6.986883662,55000,55000
7d7e5339f30199351a9b8808a5ec645381911e97,1729.19,67.37,7.043830766,55000,54000
7d7e5339f30199351a9b8808a5ec645381911e97,1701.93,66.08,6.930628419,54000,54000
7d7e5339f30199351a9b8808a5ec645381911e97,1719.14,66.74,7.007460702,54000,54000
7d7e5339f30199351a9b8808a5ec645381911e97,1713.83,66.54,6.980045219,54000,54000
7d7e5339f30199351a9b8808a5ec645381911e97,1712.21,66.49,6.978452296,54000,54000
7d7e5339f30199351a9b8808a5ec645381911e97,1709.23,66.34,6.975109027,54000,55000
7d7e5339f30199351a9b8808a5ec645381911e97,1732.10,67.29,7.050473783,54000,55000
7d7e5339f30199351a9b8808a5ec645381911e97,1717.17,66.58,6.985555745,55000,54000
7d7e5339f30199351a9b8808a5ec645381911e97,1727.40,67.51,7.033192394,54000,54000
7d7e5339f30199351a9b8808a5ec645381911e97,1757.91,68.66,7.151444157,55000,55000
7d7e5339f30199351a9b8808a5ec645381911e97,1737.44,67.55,7.068999286,54000,55000
7d7e5339f30199351a9b8808a5ec645381911e97,1719.99,66.92,7.020704213,54000,54000
7d7e5339f30199351a9b8808a5ec645381911e97,1738.55,67.89,7.086167422,54000,54000
7d7e5339f30199351a9b8808a5ec645381911e97,1722.35,67.03,7.009802454,54000,55000
7d7e5339f30199351a9b8808a5ec645381911e97,1750.16,68.16,7.138973743,55000,54000
7d7e5339f30199351a9b8808a5ec645381911e97,1709.85,66.64,6.966355203,55000,55000
7d7e5339f30199351a9b8808a5ec645381911e97,1725.76,67.26,7.042230409,55000,56000
7d7e5339f30199351a9b8808a5ec645381911e97,1709.14,66.56,6.959835412,54000,55000
d8a5247897308d7d06cad85760f1d3e9187e6bfb,1710.70,66.41,6.975378746,54000,55000
d8a5247897308d7d06cad85760f1d3e9187e6bfb,1723.33,67.07,7.033341593,54000,54000
d8a5247897308d7d06cad85760f1d3e9187e6bfb,1742.86,67.69,7.090223733,54000,54000
d8a5247897308d7d06cad85760f1d3e9187e6bfb,1751.82,68.10,7.130357975,55000,55000
d8a5247897308d7d06cad85760f1d3e9187e6bfb,1714.22,66.59,6.987103444,55000,54000
d8a5247897308d7d06cad85760f1d3e9187e6bfb,1738.58,67.35,7.095448924,54000,54000
d8a5247897308d7d06cad85760f1d3e9187e6bfb,1729.81,67.06,7.038232036,54000,55000
d8a5247897308d7d06cad85760f1d3e9187e6bfb,1732.11,67.61,7.051532460,54000,54000
d8a5247897308d7d06cad85760f1d3e9187e6bfb,1725.38,66.79,7.040940184,55000,55000
d8a5247897308d7d06cad85760f1d3e9187e6bfb,1730.68,67.35,7.042384990,55000,56000
d8a5247897308d7d06cad85760f1d3e9187e6bfb,1720.68,66.96,7.005621557,55000,54000
d8a5247897308d7d06cad85760f1d3e9187e6bfb,1720.19,67.29,7.001918320,54000,55000
d8a5247897308d7d06cad85760f1d3e9187e6bfb,1711.84,66.37,6.976088042,55000,55000
d8a5247897308d7d06cad85760f1d3e9187e6bfb,1740.33,67.54,7.102572872,54000,54000
d8a5247897308d7d06cad85760f1d3e9187e6bfb,1720.77,67.07,7.024925962,54000,54000
d8a5247897308d7d06cad85760f1d3e9187e6bfb,1732.51,67.28,7.039168276,54000,54000
d8a5247897308d7d06cad85760f1d3e9187e6bfb,1731.32,67.40,7.049900557,54000,54000
d8a5247897308d7d06cad85760f1d3e9187e6bfb,1735.80,67.90,7.063523083,55000,56000
d8a5247897308d7d06cad85760f1d3e9187e6bfb,1716.52,66.77,6.998747984,55000,54000
d8a5247897308d7d06cad85760f1d3e9187e6bfb,1728.91,67.11,7.038673951,54000,54000
d8a5247897308d7d06cad85760f1d3e9187e6bfb,1720.82,67.00,7.002176881,56000,54000
d8a5247897308d7d06cad85760f1d3e9187e6bfb,1735.84,67.54,7.075715471,55000,56000
d8a5247897308d7d06cad85760f1d3e9187e6bfb,1723.09,67.11,7.022236372,55000,55000
d8a5247897308d7d06cad85760f1d3e9187e6bfb,1721.94,67.41,6.998767399,56000,54000
d8a5247897308d7d06cad85760f1d3e9187e6bfb,1724.64,67.49,7.021201735,55000,55000
d8a5247897308d7d06cad85760f1d3e9187e6bfb,1726.33,67.41,7.020180123,55000,54000
d8a5247897308d7d06cad85760f1d3e9187e6bfb,1715.06,66.97,7.001337524,55000,54000
d8a5247897308d7d06cad85760f1d3e9187e6bfb,1716.59,67.10,6.996239194,54000,55000
d8a5247897308d7d06cad85760f1d3e9187e6bfb,1739.39,67.50,7.088418112,54000,54000
d8a5247897308d7d06cad85760f1d3e9187e6bfb,1728.40,67.08,7.055465975,56000,54000
e5e6d3f83f95eafc4e5a0bb03015e5edcde37d28,1732.07,66.99,7.049075627,54000,54000
e5e6d3f83f95eafc4e5a0bb03015e5edcde37d28,1711.48,66.38,6.963617262,55000,54000
e5e6d3f83f95eafc4e5a0bb03015e5edcde37d28,1718.26,66.87,7.003814026,55000,55000
e5e6d3f83f95eafc4e5a0bb03015e5edcde37d28,1729.07,67.08,7.050469572,54000,54000
e5e6d3f83f95eafc4e5a0bb03015e5edcde37d28,1752.61,67.96,7.140456693,54000,54000
e5e6d3f83f95eafc4e5a0bb03015e5edcde37d28,1717.06,66.63,7.002086504,55000,54000
e5e6d3f83f95eafc4e5a0bb03015e5edcde37d28,1718.55,66.77,7.015378549,54000,55000
e5e6d3f83f95eafc4e5a0bb03015e5edcde37d28,1694.22,66.09,6.895545585,54000,54000
e5e6d3f83f95eafc4e5a0bb03015e5edcde37d28,1742.03,67.74,7.116134996,55000,54000
e5e6d3f83f95eafc4e5a0bb03015e5edcde37d28,1736.73,67.54,7.062460106,55000,54000
e5e6d3f83f95eafc4e5a0bb03015e5edcde37d28,1728.64,67.24,7.029237183,54000,54000
e5e6d3f83f95eafc4e5a0bb03015e5edcde37d28,1716.11,66.72,6.989103850,54000,54000
e5e6d3f83f95eafc4e5a0bb03015e5edcde37d28,1733.35,67.25,7.064584152,55000,54000
e5e6d3f83f95eafc4e5a0bb03015e5edcde37d28,1715.58,66.74,6.995717525,55000,54000
e5e6d3f83f95eafc4e5a0bb03015e5edcde37d28,1710.70,66.44,6.971888034,55000,54000
e5e6d3f83f95eafc4e5a0bb03015e5edcde37d28,1732.49,67.35,7.035108651,54000,54000
e5e6d3f83f95eafc4e5a0bb03015e5edcde37d28,1700.50,66.54,6.932030171,54000,54000
e5e6d3f83f95eafc4e5a0bb03015e5edcde37d28,1701.17,66.35,6.927799422,54000,54000
e5e6d3f83f95eafc4e5a0bb03015e5edcde37d28,1728.13,67.42,7.045760731,55000,55000
e5e6d3f83f95eafc4e5a0bb03015e5edcde37d28,1740.80,67.69,7.106325322,55000,54000
e5e6d3f83f95eafc4e5a0bb03015e5edcde37d28,1713.37,66.74,6.994780325,54000,54000
e5e6d3f83f95eafc4e5a0bb03015e5edcde37d28,1726.68,67.16,7.021298081,55000,55000
e5e6d3f83f95eafc4e5a0bb03015e5edcde37d28,1712.40,66.61,6.992849040,54000,54000
e5e6d3f83f95eafc4e5a0bb03015e5edcde37d28,1760.84,68.65,7.184981861,55000,54000
e5e6d3f83f95eafc4e5a0bb03015e5edcde37d28,1715.37,67.09,6.991499325,54000,54000
e5e6d3f83f95eafc4e5a0bb03015e5edcde37d28,1781.17,69.52,7.254337996,55000,54000
e5e6d3f83f95eafc4e5a0bb03015e5edcde37d28,1735.62,67.42,7.065119156,54000,54000
e5e6d3f83f95eafc4e5a0bb03015e5edcde37d28,1716.82,67.13,6.977515451,54000,54000
e5e6d3f83f95eafc4e5a0bb03015e5edcde37d28,1730.31,67.43,7.039261890,55000,54000
e5e6d3f83f95eafc4e5a0bb03015e5edcde37d28,1726.91,67.27,7.021155437,54000,54000
681e4eb04e4ea046e3be67bbcbbbc2d1712c24e4,1716.96,66.98,6.988702137,54000,55000
681e4eb04e4ea046e3be67bbcbbbc2d1712c24e4,1714.76,67.06,6.979487682,54000,55000
681e4eb04e4ea046e3be67bbcbbbc2d1712c24e4,1729.12,67.08,7.040892566,55000,54000
681e4eb04e4ea046e3be67bbcbbbc2d1712c24e4,1723.38,67.10,7.009932854,54000,55000
681e4eb04e4ea046e3be67bbcbbbc2d1712c24e4,1730.36,67.45,7.060735307,54000,54000
681e4eb04e4ea046e3be67bbcbbbc2d1712c24e4,1718.02,66.58,7.000524841,54000,54000
681e4eb04e4ea046e3be67bbcbbbc2d1712c24e4,1721.35,67.05,7.004035812,55000,55000
681e4eb04e4ea046e3be67bbcbbbc2d1712c24e4,1708.53,66.30,6.963176482,55000,55000
681e4eb04e4ea046e3be67bbcbbbc2d1712c24e4,1744.98,67.76,7.125710936,54000,55000
681e4eb04e4ea046e3be67bbcbbbc2d1712c24e4,1731.42,67.29,7.048581329,54000,54000
681e4eb04e4ea046e3be67bbcbbbc2d1712c24e4,1731.06,67.32,7.038580499,55000,56000
681e4eb04e4ea046e3be67bbcbbbc2d1712c24e4,1730.27,67.15,7.042778578,55000,54000
681e4eb04e4ea046e3be67bbcbbbc2d1712c24e4,1733.09,67.18,7.053799931,54000,53000
681e4eb04e4ea046e3be67bbcbbbc2d1712c24e4,1736.83,67.43,7.075927255,54000,54000
681e4eb04e4ea046e3be67bbcbbbc2d1712c24e4,1709.16,66.39,6.962250029,53000,54000
681e4eb04e4ea046e3be67bbcbbbc2d1712c24e4,1715.45,66.88,6.993089053,54000,54000
681e4eb04e4ea046e3be67bbcbbbc2d1712c24e4,1727.47,67.02,7.039421854,54000,54000
681e4eb04e4ea046e3be67bbcbbbc2d1712c24e4,1728.58,67.28,7.026156674,55000,55000
681e4eb04e4ea046e3be67bbcbbbc2d1712c24e4,1736.81,67.88,7.065647462,55000,54000
681e4eb04e4ea046e3be67bbcbbbc2d1712c24e4,1725.45,67.24,7.038142539,54000,55000
681e4eb04e4ea046e3be67bbcbbbc2d1712c24e4,1727.70,67.34,7.029320279,54000,54000
681e4eb04e4ea046e3be67bbcbbbc2d1712c24e4,1725.73,67.49,7.027296701,54000,55000
681e4eb04e4ea046e3be67bbcbbbc2d1712c24e4,1731.31,67.26,7.056884176,56000,54000
681e4eb04e4ea046e3be67bbcbbbc2d1712c24e4,1697.92,66.30,6.925192875,55000,54000
681e4eb04e4ea046e3be67bbcbbbc2d1712c24e4,1752.06,68.22,7.139304127,55000,56000
681e4eb04e4ea046e3be67bbcbbbc2d1712c24e4,1722.29,66.98,7.019086918,55000,54000
681e4eb04e4ea046e3be67bbcbbbc2d1712c24e4,1724.43,67.06,7.012439001,54000,54000
681e4eb04e4ea046e3be67bbcbbbc2d1712c24e4,1728.70,67.37,7.039880205,54000,55000
681e4eb04e4ea046e3be67bbcbbbc2d1712c24e4,1710.78,66.52,6.977112085,55000,54000
681e4eb04e4ea046e3be67bbcbbbc2d1712c24e4,1713.74,66.66,6.987762887,55000,54000
58b67e5a07614354006880ae4b8cb1a16db15c87,1721.11,67.09,7.014359551,54000,54000
58b67e5a07614354006880ae4b8cb1a16db15c87,1730.31,67.15,7.045645461,54000,56000
58b67e5a07614354006880ae4b8cb1a16db15c87,1727.52,67.20,7.044132563,54000,54000
58b67e5a07614354006880ae4b8cb1a16db15c87,1749.06,68.37,7.114392855,54000,55000
58b67e5a07614354006880ae4b8cb1a16db15c87,1728.64,67.33,7.046973440,55000,54000
58b67e5a07614354006880ae4b8cb1a16db15c87,1724.00,67.16,7.028469543,54000,55000
58b67e5a07614354006880ae4b8cb1a16db15c87,1721.65,67.06,7.018164474,55000,54000
58b67e5a07614354006880ae4b8cb1a16db15c87,1732.00,67.14,7.068642315,54000,54000
58b67e5a07614354006880ae4b8cb1a16db15c87,1754.78,68.28,7.164458009,54000,54000
58b67e5a07614354006880ae4b8cb1a16db15c87,1730.02,66.93,7.060513930,55000,54000
58b67e5a07614354006880ae4b8cb1a16db15c87,1731.44,67.48,7.041500105,55000,55000
58b67e5a07614354006880ae4b8cb1a16db15c87,1709.53,66.45,6.958535170,55000,55000
58b67e5a07614354006880ae4b8cb1a16db15c87,1740.46,68.09,7.080091757,55000,54000
58b67e5a07614354006880ae4b8cb1a16db15c87,1723.08,67.25,7.014016352,54000,55000
58b67e5a07614354006880ae4b8cb1a16db15c87,1707.98,66.43,6.962204927,54000,54000
58b67e5a07614354006880ae4b8cb1a16db15c87,1699.31,65.80,6.937595754,54000,55000
58b67e5a07614354006880ae4b8cb1a16db15c87,1733.06,67.08,7.069190473,55000,54000
58b67e5a07614354006880ae4b8cb1a16db15c87,1746.19,67.67,7.119584712,54000,54000
58b67e5a07614354006880ae4b8cb1a16db15c87,1723.86,67.05,7.021403589,54000,55000
58b67e5a07614354006880ae4b8cb1a16db15c87,1734.32,67.27,7.069133665,54000,54000
58b67e5a07614354006880ae4b8cb1a16db15c87,1723.60,67.18,7.006285787,54000,55000
58b67e5a07614354006880ae4b8cb1a16db15c87,1724.66,67.14,7.015395176,56000,55000
58b67e5a07614354006880ae4b8cb1a16db15c87,1728.27,67.24,7.030054810,54000,55000
58b67e5a07614354006880ae4b8cb1a16db15c87,1724.68,67.30,7.032213786,54000,54000
58b67e5a07614354006880ae4b8cb1a16db15c87,1714.25,66.68,6.986564609,55000,55000
58b67e5a07614354006880ae4b8cb1a16db15c87,1743.84,68.36,7.074344876,54000,55000
58b67e5a07614354006880ae4b8cb1a16db15c87,1710.45,67.07,6.970040324,54000,54000
58b67e5a07614354006880ae4b8cb1a16db15c87,1732.00,67.52,7.074393304,54000,54000
58b67e5a07614354006880ae4b8cb1a16db15c87,1725.30,66.98,7.032243655,55000,55000
58b67e5a07614354006880ae4b8cb1a16db15c87,1741.09,67.84,7.084987517,55000,55000
8ee671c4dd81d3d109a3adda8053479c4ede9881,1712.41,66.60,6.992035627,54000,55000
8ee671c4dd81d3d109a3adda8053479c4ede9881,1728.87,67.34,7.043615729,55000,55000
8ee671c4dd81d3d109a3adda8053479c4ede9881,1726.63,67.09,7.039618054,55000,55000
8ee671c4dd81d3d109a3adda8053479c4ede9881,1746.34,67.84,7.126528541,54000,54000
8ee671c4dd81d3d109a3adda8053479c4ede9881,1744.62,67.79,7.105491629,54000,55000
8ee671c4dd81d3d109a3adda8053479c4ede9881,1746.83,67.77,7.129370625,55000,54000
8ee671c4dd81d3d109a3adda8053479c4ede9881,1735.87,67.49,7.059075257,54000,55000
8ee671c4dd81d3d109a3adda8053479c4ede9881,1725.55,67.05,7.045675178,55000,54000
8ee671c4dd81d3d109a3adda8053479c4ede9881,1706.26,66.19,6.952810249,55000,54000
8ee671c4dd81d3d109a3adda8053479c4ede9881,1723.91,67.35,7.010476683,54000,54000
8ee671c4dd81d3d109a3adda8053479c4ede9881,1734.02,67.29,7.054257729,55000,54000
8ee671c4dd81d3d109a3adda8053479c4ede9881,1710.08,66.40,6.963056224,54000,54000
8ee671c4dd81d3d109a3adda8053479c4ede9881,1722.58,67.24,7.002942652,54000,54000
8ee671c4dd81d3d109a3adda8053479c4ede9881,1737.21,67.64,7.080645753,54000,54000
8ee671c4dd81d3d109a3adda8053479c4ede9881,1736.08,67.50,7.063171617,56000,55000
8ee671c4dd81d3d109a3adda8053479c4ede9881,1729.81,67.31,7.044757641,54000,55000
8ee671c4dd81d3d109a3adda8053479c4ede9881,1723.38,67.12,7.012420106,54000,54000
8ee671c4dd81d3d109a3adda8053479c4ede9881,1739.96,67.88,7.074389053,54000,54000
8ee671c4dd81d3d109a3adda8053479c4ede9881,1713.71,66.68,6.979173985,54000,54000
8ee671c4dd81d3d109a3adda8053479c4ede9881,1721.23,67.12,6.999434482,55000,56000
8ee671c4dd81d3d109a3adda8053479c4ede9881,1723.49,67.16,7.010883623,56000,55000
8ee671c4dd81d3d109a3adda8053479c4ede9881,1740.33,67.82,7.097422286,55000,54000
8ee671c4dd81d3d109a3adda8053479c4ede9881,1725.39,67.32,7.022606427,54000,54000
8ee671c4dd81d3d109a3adda8053479c4ede9881,1725.39,67.46,7.010481503,54000,54000
8ee671c4dd81d3d109a3adda8053479c4ede9881,1732.11,67.39,7.050998540,54000,54000
8ee671c4dd81d3d109a3adda8053479c4ede9881,1704.70,66.51,6.945377641,54000,54000
8ee671c4dd81d3d109a3adda8053479c4ede9881,1732.84,67.79,7.069423552,54000,54000
8ee671c4dd81d3d109a3adda8053479c4ede9881,1730.59,67.68,7.038614379,54000,54000
8ee671c4dd81d3d109a3adda8053479c4ede9881,1715.44,66.85,6.990021942,55000,55000
8ee671c4dd81d3d109a3adda8053479c4ede9881,1742.08,67.87,7.111061818,55000,54000
ca99f001f1ec22971d716d4177613f3dc19664cb,1751.80,68.12,7.146572195,54000,54000
ca99f001f1ec22971d716d4177613f3dc19664cb,1721.46,67.11,7.006953804,55000,54000
ca99f001f1ec22971d716d4177613f3dc19664cb,1710.23,66.34,6.964046514,54000,54000
ca99f001f1ec22971d716d4177613f3dc19664cb,1721.82,67.01,7.002540566,54000,55000
ca99f001f1ec22971d716d4177613f3dc19664cb,1729.18,67.34,7.022737836,54000,55000
ca99f001f1ec22971d716d4177613f3dc19664cb,1729.59,67.37,7.034110469,54000,54000
ca99f001f1ec22971d716d4177613f3dc19664cb,1711.42,66.34,6.973900558,54000,54000
ca99f001f1ec22971d716d4177613f3dc19664cb,1734.76,67.13,7.089340286,54000,55000
ca99f001f1ec22971d716d4177613f3dc19664cb,1741.71,67.82,7.089858279,54000,54000
ca99f001f1ec22971d716d4177613f3dc19664cb,1756.24,68.31,7.157753624,54000,55000
ca99f001f1ec22971d716d4177613f3dc19664cb,1712.49,66.99,6.977351220,55000,54000
ca99f001f1ec22971d716d4177613f3dc19664cb,1732.85,67.33,7.051864527,55000,54000
ca99f001f1ec22971d716d4177613f3dc19664cb,1715.31,66.88,6.992668098,55000,55000
ca99f001f1ec22971d716d4177613f3dc19664cb,1724.71,67.07,7.037059560,55000,54000
ca99f001f1ec22971d716d4177613f3dc19664cb,1720.83,66.85,7.010788447,54000,54000
ca99f001f1ec22971d716d4177613f3dc19664cb,1716.65,66.58,6.987274963,54000,54000
ca99f001f1ec22971d716d4177613f3dc19664cb,1714.74,66.52,6.991108247,54000,54000
ca99f001f1ec22971d716d4177613f3dc19664cb,1714.46,66.90,6.988123466,54000,55000
ca99f001f1ec22971d716d4177613f3dc19664cb,1719.51,66.92,7.015334187,54000,55000
ca99f001f1ec22971d716d4177613f3dc19664cb,1756.77,68.42,7.161329322,54000,54000
ca99f001f1ec22971d716d4177613f3dc19664cb,1708.67,66.44,6.955626862,54000,54000
ca99f001f1ec22971d716d4177613f3dc19664cb,1723.82,67.17,7.016223386,54000,54000
ca99f001f1ec22971d716d4177613f3dc19664cb,1699.27,65.86,6.922311738,55000,55000
ca99f001f1ec22971d716d4177613f3dc19664cb,1709.33,66.62,6.951161363,54000,55000
ca99f001f1ec22971d716d4177613f3dc19664cb,1723.53,67.26,7.012137592,55000,56000
ca99f001f1ec22971d716d4177613f3dc19664cb,1717.65,66.76,6.989543808,54000,54000
ca99f001f1ec22971d716d4177613f3dc19664cb,1701.26,66.11,6.939541433,54000,55000
ca99f001f1ec22971d716d4177613f3dc19664cb,1706.51,66.46,6.939653220,54000,54000
ca99f001f1ec22971d716d4177613f3dc19664cb,1734.68,67.84,7.063486092,55000,55000
ca99f001f1ec22971d716d4177613f3dc19664cb,1709.37,66.62,6.944836367,56000,55000
b7995f126fcf73b49cd149f921ccb1ff59ef1c06,1712.93,66.46,6.976691730,54000,54000
b7995f126fcf73b49cd149f921ccb1ff59ef1c06,1741.59,67.70,7.105635725,54000,54000
b7995f126fcf73b49cd149f921ccb1ff59ef1c06,1711.12,66.27,6.984772152,55000,54000
b7995f126fcf73b49cd149f921ccb1ff59ef1c06,1727.53,67.04,7.043229713,54000,54000
b7995f126fcf73b49cd149f921ccb1ff59ef1c06,1718.78,66.59,7.002968228,55000,54000
b7995f126fcf73b49cd149f921ccb1ff59ef1c06,1728.45,67.12,7.058802439,54000,54000
b7995f126fcf73b49cd149f921ccb1ff59ef1c06,1720.73,66.77,7.007332209,55000,54000
b7995f126fcf73b49cd149f921ccb1ff59ef1c06,1722.00,66.90,7.012981953,54000,54000
b7995f126fcf73b49cd149f921ccb1ff59ef1c06,1722.12,66.52,7.002307536,54000,54000
b7995f126fcf73b49cd149f921ccb1ff59ef1c06,1740.89,67.51,7.090965464,54000,54000
b7995f126fcf73b49cd149f921ccb1ff59ef1c06,1736.23,67.42,7.062029091,54000,54000
b7995f126fcf73b49cd149f921ccb1ff59ef1c06,1718.07,66.66,6.985769222,54000,55000
b7995f126fcf73b49cd149f921ccb1ff59ef1c06,1725.05,67.01,7.031716158,54000,54000
b7995f126fcf73b49cd149f921ccb1ff59ef1c06,1745.83,67.82,7.100530363,55000,54000
b7995f126fcf73b49cd149f921ccb1ff59ef1c06,1733.54,67.65,7.063353034,54000,56000
b7995f126fcf73b49cd149f921ccb1ff59ef1c06,1712.48,66.87,6.970003033,56000,54000
b7995f126fcf73b49cd149f921ccb1ff59ef1c06,1717.14,66.84,6.989291710,55000,55000
b7995f126fcf73b49cd149f921ccb1ff59ef1c06,1708.08,66.31,6.950461063,55000,54000
b7995f126fcf73b49cd149f921ccb1ff59ef1c06,1712.54,67.23,6.962840031,55000,54000
b7995f126fcf73b49cd149f921ccb1ff59ef1c06,1725.71,67.08,7.027094232,55000,54000
b7995f126fcf73b49cd149f921ccb1ff59ef1c06,1725.15,67.26,7.022006982,54000,55000
b7995f126fcf73b49cd149f921ccb1ff59ef1c06,1715.77,67.16,6.985950364,55000,56000
b7995f126fcf73b49cd149f921ccb1ff59ef1c06,1726.89,67.39,7.037111947,54000,54000
b7995f126fcf73b49cd149f921ccb1ff59ef1c06,1716.62,67.05,6.989812366,54000,54000
b7995f126fcf73b49cd149f921ccb1ff59ef1c06,1723.85,67.22,7.027033064,54000,54000
b7995f126fcf73b49cd149f921ccb1ff59ef1c06,1713.50,66.69,6.988370307,54000,55000
b7995f126fcf73b49cd149f921ccb1ff59ef1c06,1725.46,67.52,7.000283006,55000,55000
b7995f126fcf73b49cd149f921ccb1ff59ef1c06,1723.62,67.16,7.017035468,54000,54000
b7995f126fcf73b49cd149f921ccb1ff59ef1c06,1730.73,67.70,7.042151312,55000,55000
b7995f126fcf73b49cd149f921ccb1ff59ef1c06,1733.98,67.69,7.068638340,55000,55000
e88e2671831c6b634e067a5e346e8ffdb09d05b1,1729.40,67.24,7.037200795,56000,54000
e88e2671831c6b634e067a5e346e8ffdb09d05b1,1720.31,67.17,7.008212176,55000,55000
e88e2671831c6b634e067a5e346e8ffdb09d05b1,1731.54,67.75,7.045588765,55000,55000
e88e2671831c6b634e067a5e346e8ffdb09d05b1,1729.86,67.42,7.035327194,54000,55000
e88e2671831c6b634e067a5e346e8ffdb09d05b1,1743.37,67.71,7.109720252,54000,55000
e88e2671831c6b634e067a5e346e8ffdb09d05b1,1747.45,68.06,7.112406399,55000,54000
e88e2671831c6b634e067a5e346e8ffdb09d05b1,1736.18,67.52,7.085034197,54000,55000
e88e2671831c6b634e067a5e346e8ffdb09d05b1,1771.84,68.91,7.217131223,54000,54000
e88e2671831c6b634e067a5e346e8ffdb09d05b1,1741.84,67.94,7.098282920,54000,54000
e88e2671831c6b634e067a5e346e8ffdb09d05b1,1728.94,67.23,7.025305576,54000,55000
e88e2671831c6b634e067a5e346e8ffdb09d05b1,1718.43,66.87,6.988900615,55000,54000
e88e2671831c6b634e067a5e346e8ffdb09d05b1,1738.76,67.29,7.089271668,55000,55000
e88e2671831c6b634e067a5e346e8ffdb09d05b1,1737.29,67.61,7.076336241,54000,55000
e88e2671831c6b634e067a5e346e8ffdb09d05b1,1736.84,67.71,7.058298692,54000,55000
e88e2671831c6b634e067a5e346e8ffdb09d05b1,1720.95,67.21,7.007030847,55000,54000
e88e2671831c6b634e067a5e346e8ffdb09d05b1,1724.56,67.12,7.034902617,55000,54000
e88e2671831c6b634e067a5e346e8ffdb09d05b1,1700.41,66.10,6.937177172,55000,54000
e88e2671831c6b634e067a5e346e8ffdb09d05b1,1715.12,67.15,6.975974633,55000,55000
e88e2671831c6b634e067a5e346e8ffdb09d05b1,1722.54,67.16,7.019965054,55000,54000
e88e2671831c6b634e067a5e346e8ffdb09d05b1,1718.19,67.44,6.991857857,54000,54000
e88e2671831c6b634e067a5e346e8ffdb09d05b1,1724.57,67.62,7.027835419,55000,55000
e88e2671831c6b634e067a5e346e8ffdb09d05b1,1728.69,67.46,7.031930014,54000,54000
e88e2671831c6b634e067a5e346e8ffdb09d05b1,1714.05,66.60,6.983780279,54000,55000
e88e2671831c6b634e067a5e346e8ffdb09d05b1,1724.69,67.05,7.013929588,54000,54000
e88e2671831c6b634e067a5e346e8ffdb09d05b1,1722.21,66.91,7.008869831,55000,55000
e88e2671831c6b634e067a5e346e8ffdb09d05b1,1718.53,66.93,7.004520423,54000,54000
e88e2671831c6b634e067a5e346e8ffdb09d05b1,1718.20,67.20,6.985890946,55000,55000
e88e2671831c6b634e067a5e346e8ffdb09d05b1,1727.11,67.28,7.031564398,55000,55000
e88e2671831c6b634e067a5e346e8ffdb09d05b1,1743.41,67.80,7.116362087,54000,54000
e88e2671831c6b634e067a5e346e8ffdb09d05b1,1719.12,66.61,7.008148624,55000,54000
ff855df514cdec5c3c5cbe65f80214e77c2f9366,1725.08,67.20,7.020471058,55000,54000
ff855df514cdec5c3c5cbe65f80214e77c2f9366,1734.23,67.53,7.072312900,55000,55000
ff855df514cdec5c3c5cbe65f80214e77c2f9366,1720.06,67.11,6.992846210,54000,55000
ff855df514cdec5c3c5cbe65f80214e77c2f9366,1721.00,66.82,7.009241978,54000,54000
ff855df514cdec5c3c5cbe65f80214e77c2f9366,1743.15,67.85,7.103786159,54000,54000
ff855df514cdec5c3c5cbe65f80214e77c2f9366,1740.84,67.63,7.087478502,55000,56000
ff855df514cdec5c3c5cbe65f80214e77c2f9366,1711.82,66.44,6.981393575,54000,55000
ff855df514cdec5c3c5cbe65f80214e77c2f9366,1720.40,66.96,7.009500195,55000,54000
ff855df514cdec5c3c5cbe65f80214e77c2f9366,1715.57,66.77,6.974446808,54000,54000
ff855df514cdec5c3c5cbe65f80214e77c2f9366,1731.06,67.19,7.052036204,54000,55000
ff855df514cdec5c3c5cbe65f80214e77c2f9366,1709.69,66.53,6.946512682,54000,55000
ff855df514cdec5c3c5cbe65f80214e77c2f9366,1707.76,66.55,6.955981581,55000,54000
ff855df514cdec5c3c5cbe65f80214e77c2f9366,1734.79,67.52,7.065637705,54000,55000
ff855df514cdec5c3c5cbe65f80214e77c2f9366,1728.18,67.18,7.032951125,54000,54000
ff855df514cdec5c3c5cbe65f80214e77c2f9366,1732.74,67.36,7.045611687,54000,55000
ff855df514cdec5c3c5cbe65f80214e77c2f9366,1717.74,66.85,6.997266530,55000,54000
ff855df514cdec5c3c5cbe65f80214e77c2f9366,1718.25,66.75,7.006940464,55000,54000
ff855df514cdec5c3c5cbe65f80214e77c2f9366,1725.46,67.29,7.031225156,54000,54000
ff855df514cdec5c3c5cbe65f80214e77c2f9366,1709.68,66.43,6.958252359,54000,55000
ff855df514cdec5c3c5cbe65f80214e77c2f9366,1722.07,67.32,7.020811945,55000,54000
ff855df514cdec5c3c5cbe65f80214e77c2f9366,1726.26,67.14,7.017787415,55000,54000
ff855df514cdec5c3c5cbe65f80214e77c2f9366,1729.82,67.32,7.034659292,54000,55000
ff855df514cdec5c3c5cbe65f80214e77c2f9366,1742.97,67.68,7.099166641,54000,54000
ff855df514cdec5c3c5cbe65f80214e77c2f9366,1725.23,67.27,7.015177614,55000,55000
ff855df514cdec5c3c5cbe65f80214e77c2f9366,1727.17,67.39,7.015220507,54000,55000
ff855df514cdec5c3c5cbe65f80214e77c2f9366,1715.46,66.80,6.992919347,55000,55000
ff855df514cdec5c3c5cbe65f80214e77c2f9366,1746.09,68.19,7.099958973,54000,54000
ff855df514cdec5c3c5cbe65f80214e77c2f9366,1721.47,67.12,6.993681907,54000,56000
ff855df514cdec5c3c5cbe65f80214e77c2f9366,1728.85,67.27,7.050101326,55000,54000
ff855df514cdec5c3c5cbe65f80214e77c2f9366,1729.84,67.06,7.042541867,54000,55000
1473872dda3b8e8585518ed95534b5cf8d7a34a8,1739.01,67.38,7.089040158,55000,54000
1473872dda3b8e8585518ed95534b5cf8d7a34a8,1710.56,66.75,6.970262565,54000,54000
1473872dda3b8e8585518ed95534b5cf8d7a34a8,1730.83,67.54,7.048568544,54000,55000
1473872dda3b8e8585518ed95534b5cf8d7a34a8,1704.45,66.63,6.943111668,54000,54000
1473872dda3b8e8585518ed95534b5cf8d7a34a8,1728.23,67.00,7.055390229,55000,54000
1473872dda3b8e8585518ed95534b5cf8d7a34a8,1723.95,67.20,7.017930871,55000,55000
1473872dda3b8e8585518ed95534b5cf8d7a34a8,1736.12,67.69,7.061632735,54000,54000
1473872dda3b8e8585518ed95534b5cf8d7a34a8,1713.80,66.45,6.961195947,55000,54000
1473872dda3b8e8585518ed95534b5cf8d7a34a8,1698.39,65.97,6.928520572,54000,55000
1473872dda3b8e8585518ed95534b5cf8d7a34a8,1721.92,66.77,7.027524438,54000,55000
1473872dda3b8e8585518ed95534b5cf8d7a34a8,1720.68,66.83,7.013166261,55000,54000
1473872dda3b8e8585518ed95534b5cf8d7a34a8,1749.64,68.13,7.145298360,55000,55000
1473872dda3b8e8585518ed95534b5cf8d7a34a8,1739.42,67.78,7.071898543,55000,54000
1473872dda3b8e8585518ed95534b5cf8d7a34a8,1725.59,67.03,7.047417053,54000,54000
1473872dda3b8e8585518ed95534b5cf8d7a34a8,1720.59,66.78,7.036215702,55000,54000
1473872dda3b8e8585518ed95534b5cf8d7a34a8,1713.89,66.65,6.985617558,54000,54000
1473872dda3b8e8585518ed95534b5cf8d7a34a8,1746.65,68.27,7.105308185,55000,55000
1473872dda3b8e8585518ed95534b5cf8d7a34a8,1727.74,67.40,7.030097736,56000,55000
1473872dda3b8e8585518ed95534b5cf8d7a34a8,1730.15,67.25,7.049975446,54000,55000
1473872dda3b8e8585518ed95534b5cf8d7a34a8,1729.02,67.38,7.041672786,55000,54000
1473872dda3b8e8585518ed95534b5cf8d7a34a8,1724.08,67.09,7.025154010,55000,54000
1473872dda3b8e8585518ed95534b5cf8d7a34a8,1735.34,67.46,7.080158910,55000,56000
1473872dda3b8e8585518ed95534b5cf8d7a34a8,1716.77,66.87,6.991211046,55000,56000
1473872dda3b8e8585518ed95534b5cf8d7a34a8,1731.55,67.58,7.046078713,54000,54000
1473872dda3b8e8585518ed95534b5cf8d7a34a8,1723.20,67.06,7.017216386,55000,55000
1473872dda3b8e8585518ed95534b5cf8d7a34a8,1734.59,67.41,7.088618657,54000,55000
1473872dda3b8e8585518ed95534b5cf8d7a34a8,1729.69,67.92,7.043923230,56000,54000
1473872dda3b8e8585518ed95534b5cf8d7a34a8,1719.70,67.16,7.004520578,55000,55000
1473872dda3b8e8585518ed95534b5cf8d7a34a8,1717.05,66.58,6.999865385,54000,55000
1473872dda3b8e8585518ed95534b5cf8d7a34a8,1702.06,66.26,6.948165540,56000,56000
51e199adaf52b1470c436a1c590b231cc2b4ca3e,1719.07,67.03,7.019720719,54000,55000
51e199adaf52b1470c436a1c590b231cc2b4ca3e,1724.35,67.14,7.023763634,54000,54000
51e199adaf52b1470c436a1c590b231cc2b4ca3e,1720.36,66.93,7.004453929,54000,54000
51e199adaf52b1470c436a1c590b231cc2b4ca3e,1722.38,66.62,7.030188788,55000,54000
51e199adaf52b1470c436a1c590b231cc2b4ca3e,1730.90,67.28,7.050208595,55000,54000
51e199adaf52b1470c436a1c590b231cc2b4ca3e,1720.50,66.83,6.998329487,55000,55000
51e199adaf52b1470c436a1c590b231cc2b4ca3e,1716.75,66.15,7.002661130,54000,54000
51e199adaf52b1470c436a1c590b231cc2b4ca3e,1744.80,67.86,7.112561210,54000,55000
51e199adaf52b1470c436a1c590b231cc2b4ca3e,1721.43,67.01,7.003549860,54000,54000
51e199adaf52b1470c436a1c590b231cc2b4ca3e,1710.50,66.38,6.973772124,54000,54000
51e199adaf52b1470c436a1c590b231cc2b4ca3e,1704.37,66.37,6.945786559,54000,54000
51e199adaf52b1470c436a1c590b231cc2b4ca3e,1725.02,67.20,7.009030562,54000,55000
51e199adaf52b1470c436a1c590b231cc2b4ca3e,1724.95,67.12,7.028615819,54000,54000
51e199adaf52b1470c436a1c590b231cc2b4ca3e,1735.13,67.69,7.067022881,55000,54000
51e199adaf52b1470c436a1c590b231cc2b4ca3e,1728.24,66.96,7.032009151,54000,54000
51e199adaf52b1470c436a1c590b231cc2b4ca3e,1719.90,66.81,7.012570462,55000,55000
51e199adaf52b1470c436a1c590b231cc2b4ca3e,1718.40,66.77,7.003152694,54000,54000
51e199adaf52b1470c436a1c590b231cc2b4ca3e,1722.66,67.15,7.013589611,54000,54000
51e199adaf52b1470c436a1c590b231cc2b4ca3e,1751.89,68.24,7.130049945,55000,55000
51e199adaf52b1470c436a1c590b231cc2b4ca3e,1733.73,67.62,7.051229100,54000,55000
51e199adaf52b1470c436a1c590b231cc2b4ca3e,1707.70,66.35,6.960946249,54000,54000
51e199adaf52b1470c436a1c590b231cc2b4ca3e,1719.20,66.91,6.996455016,55000,54000
51e199adaf52b1470c436a1c590b231cc2b4ca3e,1714.62,66.70,6.992207878,55000,54000
51e199adaf52b1470c436a1c590b231cc2b4ca3e,1740.74,68.05,7.081225042,55000,54000
51e199adaf52b1470c436a1c590b231cc2b4ca3e,1726.80,67.35,7.041810422,54000,54000
51e199adaf52b1470c436a1c590b231cc2b4ca3e,1714.98,66.98,6.983659084,55000,55000
51e199adaf52b1470c436a1c590b231cc2b4ca3e,1725.02,67.35,6.993969627,54000,55000
51e199adaf52b1470c436a1c590b231cc2b4ca3e,1725.17,67.12,7.051315465,54000,54000
51e199adaf52b1470c436a1c590b231cc2b4ca3e,1728.16,67.75,7.033756801,55000,54000
51e199adaf52b1470c436a1c590b231cc2b4ca3e,1740.01,67.54,7.079026493,55000,55000
850c290d7a5f1d17d23ac9e111170d8f664cdcce,1735.63,67.76,7.073953776,54000,54000
850c290d7a5f1d17d23ac9e111170d8f664cdcce,1724.07,67.17,7.020689864,54000,54000
850c290d7a5f1d17d23ac9e111170d8f664cdcce,1738.48,67.85,7.079197603,54000,55000
850c290d7a5f1d17d23ac9e111170d8f664cdcce,1712.12,66.73,6.959110753,54000,54000
850c290d7a5f1d17d23ac9e111170d8f664cdcce,1726.31,66.93,7.043303791,55000,54000
850c290d7a5f1d17d23ac9e111170d8f664cdcce,1719.59,66.88,6.997271864,55000,54000
850c290d7a5f1d17d23ac9e111170d8f664cdcce,1735.17,67.82,7.063930065,54000,55000
850c290d7a5f1d17d23ac9e111170d8f664cdcce,1716.00,66.93,6.988474684,54000,54000
850c290d7a5f1d17d23ac9e111170d8f664cdcce,1712.34,66.57,6.978616583,54000,56000
850c290d7a5f1d17d23ac9e111170d8f664cdcce,1725.42,67.02,7.009921553,56000,55000
850c290d7a5f1d17d23ac9e111170d8f664cdcce,1710.62,66.93,6.955511856,54000,54000
850c290d7a5f1d17d23ac9e111170d8f664cdcce,1724.32,67.13,7.014793405,54000,55000
850c290d7a5f1d17d23ac9e111170d8f664cdcce,1740.09,67.84,7.069373856,54000,55000
850c290d7a5f1d17d23ac9e111170d8f664cdcce,1716.47,66.57,7.005562908,54000,54000
850c290d7a5f1d17d23ac9e111170d8f664cdcce,1742.18,67.88,7.085301607,54000,55000
850c290d7a5f1d17d23ac9e111170d8f664cdcce,1730.95,67.56,7.044320099,54000,54000
850c290d7a5f1d17d23ac9e111170d8f664cdcce,1725.94,67.41,7.021820944,54000,55000
850c290d7a5f1d17d23ac9e111170d8f664cdcce,1732.34,67.19,7.056945551,54000,54000
850c290d7a5f1d17d23ac9e111170d8f664cdcce,1714.48,66.80,6.966784234,55000,55000
850c290d7a5f1d17d23ac9e111170d8f664cdcce,1725.06,67.39,7.029036989,55000,55000
850c290d7a5f1d17d23ac9e111170d8f664cdcce,1730.65,67.36,7.050355023,55000,54000
850c290d7a5f1d17d23ac9e111170d8f664cdcce,1733.82,67.38,7.082069972,55000,54000
850c290d7a5f1d17d23ac9e111170d8f664cdcce,1728.60,67.52,7.038631825,54000,55000
850c290d7a5f1d17d23ac9e111170d8f664cdcce,1719.86,67.05,7.021451222,55000,54000
850c290d7a5f1d17d23ac9e111170d8f664cdcce,1745.88,68.09,7.105964440,54000,54000
850c290d7a5f1d17d23ac9e111170d8f664cdcce,1726.44,67.66,7.032861560,55000,54000
850c290d7a5f1d17d23ac9e111170d8f664cdcce,1742.76,68.20,7.100431303,54000,55000
850c290d7a5f1d17d23ac9e111170d8f664cdcce,1724.26,67.52,7.007339965,54000,55000
850c290d7a5f1d17d23ac9e111170d8f664cdcce,1728.32,67.27,7.038245827,56000,55000
850c290d7a5f1d17d23ac9e111170d8f664cdcce,1746.77,68.27,7.099757358,55000,54000
ded5549b0f8120e7080ddd4080250d6d531bb7b2,1737.48,67.77,7.060603362,54000,55000
ded5549b0f8120e7080ddd4080250d6d531bb7b2,1732.46,67.76,7.040271290,55000,55000
ded5549b0f8120e7080ddd4080250d6d531bb7b2,1727.88,67.33,7.030430861,54000,54000
ded5549b0f8120e7080ddd4080250d6d531bb7b2,1724.06,67.13,7.030017082,55000,54000
ded5549b0f8120e7080ddd4080250d6d531bb7b2,1732.22,67.55,7.048134197,54000,54000
ded5549b0f8120e7080ddd4080250d6d531bb7b2,1729.39,67.15,7.039081062,54000,54000
ded5549b0f8120e7080ddd4080250d6d531bb7b2,1733.71,67.70,7.044001340,54000,54000
ded5549b0f8120e7080ddd4080250d6d531bb7b2,1710.98,66.65,6.963491645,55000,55000
ded5549b0f8120e7080ddd4080250d6d531bb7b2,1723.01,67.17,7.009294427,54000,55000
ded5549b0f8120e7080ddd4080250d6d531bb7b2,1744.79,68.32,7.089030005,54000,55000
ded5549b0f8120e7080ddd4080250d6d531bb7b2,1757.61,68.31,7.151379848,54000,55000
ded5549b0f8120e7080ddd4080250d6d531bb7b2,1722.75,67.13,7.010178187,54000,54000
ded5549b0f8120e7080ddd4080250d6d531bb7b2,1745.55,67.69,7.104546135,54000,54000
ded5549b0f8120e7080ddd4080250d6d531bb7b2,1728.43,67.13,7.040296788,55000,55000
ded5549b0f8120e7080ddd4080250d6d531bb7b2,1738.61,67.85,7.055882511,54000,55000
ded5549b0f8120e7080ddd4080250d6d531bb7b2,1724.03,67.13,7.010215001,54000,54000
ded5549b0f8120e7080ddd4080250d6d531bb7b2,1735.65,67.57,7.078207097,54000,54000
ded5549b0f8120e7080ddd4080250d6d531bb7b2,1740.14,68.02,7.069096291,54000,54000
ded5549b0f8120e7080ddd4080250d6d531bb7b2,1739.57,67.86,7.070967972,55000,54000
ded5549b0f8120e7080ddd4080250d6d531bb7b2,1736.71,68.12,7.063524168,54000,55000
ded5549b0f8120e7080ddd4080250d6d531bb7b2,1744.16,68.21,7.080624722,54000,54000
ded5549b0f8120e7080ddd4080250d6d531bb7b2,1734.55,67.68,7.055320789,55000,56000
ded5549b0f8120e7080ddd4080250d6d531bb7b2,1717.07,67.03,6.988651470,54000,55000
ded5549b0f8120e7080ddd4080250d6d531bb7b2,1731.24,67.55,7.037882659,54000,54000
ded5549b0f8120e7080ddd4080250d6d531bb7b2,1725.52,67.35,7.023580889,55000,55000
ded5549b0f8120e7080ddd4080250d6d531bb7b2,1739.60,67.82,7.077948854,55000,55000
ded5549b0f8120e7080ddd4080250d6d531bb7b2,1748.58,68.13,7.129249830,56000,55000
ded5549b0f8120e7080ddd4080250d6d531bb7b2,1707.78,66.64,6.965460657,56000,54000
ded5549b0f8120e7080ddd4080250d6d531bb7b2,1711.38,66.78,6.972591286,56000,54000
ded5549b0f8120e7080ddd4080250d6d531bb7b2,1754.98,68.17,7.155618064,55000,54000
b6ebd74500dd582156a8438288b0db2389243e7e,1732.69,67.54,7.049058949,54000,55000
b6ebd74500dd582156a8438288b0db2389243e7e,1737.95,67.44,7.070990925,54000,55000
b6ebd74500dd582156a8438288b0db2389243e7e,1748.92,68.17,7.111910196,55000,54000
b6ebd74500dd582156a8438288b0db2389243e7e,1719.18,66.81,7.007017380,54000,55000
b6ebd74500dd582156a8438288b0db2389243e7e,1714.99,66.71,6.992179501,55000,55000
b6ebd74500dd582156a8438288b0db2389243e7e,1771.80,68.91,7.218131442,54000,54000
b6ebd74500dd582156a8438288b0db2389243e7e,1790.27,69.68,7.295204317,55000,54000
b6ebd74500dd582156a8438288b0db2389243e7e,1739.34,68.04,7.079547010,54000,54000
b6ebd74500dd582156a8438288b0db2389243e7e,1740.68,67.49,7.096698366,54000,54000
b6ebd74500dd582156a8438288b0db2389243e7e,1731.96,67.29,7.055844021,55000,54000
b6ebd74500dd582156a8438288b0db2389243e7e,1734.93,67.83,7.051752771,54000,55000
b6ebd74500dd582156a8438288b0db2389243e7e,1726.40,67.13,7.035712837,54000,55000
b6ebd74500dd582156a8438288b0db2389243e7e,1736.97,67.77,7.058239370,54000,55000
b6ebd74500dd582156a8438288b0db2389243e7e,1735.62,67.54,7.070517204,54000,54000
b6ebd74500dd582156a8438288b0db2389243e7e,1752.17,68.01,7.127577794,55000,54000
b6ebd74500dd582156a8438288b0db2389243e7e,1724.18,67.33,7.040333855,54000,55000
b6ebd74500dd582156a8438288b0db2389243e7e,1746.12,67.81,7.114844957,54000,54000
b6ebd74500dd582156a8438288b0db2389243e7e,1734.77,67.53,7.074589413,56000,55000
b6ebd74500dd582156a8438288b0db2389243e7e,1742.67,67.67,7.096428284,55000,55000
b6ebd74500dd582156a8438288b0db2389243e7e,1738.96,67.79,7.070483819,56000,55000
b6ebd74500dd582156a8438288b0db2389243e7e,1716.86,66.82,6.986437961,56000,54000
b6ebd74500dd582156a8438288b0db2389243e7e,1732.12,67.80,7.048716821,55000,55000
b6ebd74500dd582156a8438288b0db2389243e7e,1732.69,67.79,7.054287420,54000,54000
b6ebd74500dd582156a8438288b0db2389243e7e,1720.86,67.17,7.003429286,55000,55000
b6ebd74500dd582156a8438288b0db2389243e7e,1726.08,67.35,7.025099496,54000,54000
b6ebd74500dd582156a8438288b0db2389243e7e,1742.29,67.92,7.112176729,54000,54000
b6ebd74500dd582156a8438288b0db2389243e7e,1745.75,68.20,7.101026556,54000,54000
b6ebd74500dd582156a8438288b0db2389243e7e,1738.16,67.76,7.076340635,55000,54000
b6ebd74500dd582156a8438288b0db2389243e7e,1725.94,67.71,7.012940112,54000,54000
b6ebd74500dd582156a8438288b0db2389243e7e,1735.98,67.54,7.069346210,54000,54000
3fb49182d8a158aee9017781a2c796429a71ad8f,1748.43,68.08,7.105450349,54000,55000
3fb49182d8a158aee9017781a2c796429a71ad8f,1746.33,67.92,7.097461905,55000,55000
3fb49182d8a158aee9017781a2c796429a71ad8f,1734.16,67.45,7.070048470,54000,55000
3fb49182d8a158aee9017781a2c796429a71ad8f,1726.02,67.31,7.010301892,54000,55000
3fb49182d8a158aee9017781a2c796429a71ad8f,1713.49,66.79,6.967787721,54000,54000
3fb49182d8a158aee9017781a2c796429a71ad8f,1747.75,68.06,7.116177041,55000,55000
3fb49182d8a158aee9017781a2c796429a71ad8f,1722.80,67.17,6.999961127,54000,54000
3fb49182d8a158aee9017781a2c796429a71ad8f,1724.83,67.24,7.017349631,55000,56000
3fb49182d8a158aee9017781a2c796429a71ad8f,1722.33,67.01,7.013847811,55000,54000
3fb49182d8a158aee9017781a2c796429a71ad8f,1730.47,67.41,7.048448517,54000,54000
3fb49182d8a158aee9017781a2c796429a71ad8f,1722.84,66.72,7.010371676,54000,54000
3fb49182d8a158aee9017781a2c796429a71ad8f,1734.05,67.92,7.034104098,55000,54000
3fb49182d8a158aee9017781a2c796429a71ad8f,1758.59,68.57,7.165340112,54000,55000
3fb49182d8a158aee9017781a2c796429a71ad8f,1742.62,67.75,7.074560196,55000,54000
3fb49182d8a158aee9017781a2c796429a71ad8f,1739.48,67.84,7.074075713,54000,54000
3fb49182d8a158aee9017781a2c796429a71ad8f,1730.69,67.21,7.050233479,54000,56000
3fb49182d8a158aee9017781a2c796429a71ad8f,1737.25,67.92,7.074593034,54000,54000
3fb49182d8a158aee9017781a2c796429a71ad8f,1736.00,67.81,7.067171837,55000,55000
3fb49182d8a158aee9017781a2c796429a71ad8f,1721.02,66.98,7.007142152,55000,54000
3fb49182d8a158aee9017781a2c796429a71ad8f,1755.84,68.40,7.146634892,54000,55000
3fb49182d8a158aee9017781a2c796429a71ad8f,1727.19,67.31,7.033096688,55000,55000
3fb49182d8a158aee9017781a2c796429a71ad8f,1728.41,67.78,7.034452935,55000,54000
3fb49182d8a158aee9017781a2c796429a71ad8f,1735.99,67.68,7.072164043,54000,54000
3fb49182d8a158aee9017781a2c796429a71ad8f,1726.00,67.07,7.048353339,54000,54000
3fb49182d8a158aee9017781a2c796429a71ad8f,1730.71,67.45,7.055460859,55000,54000
3fb49182d8a158aee9017781a2c796429a71ad8f,1750.01,68.45,7.119103455,55000,55000
3fb49182d8a158aee9017781a2c796429a71ad8f,1717.57,66.94,6.976430507,54000,55000
3fb49182d8a158aee9017781a2c796429a71ad8f,1708.05,66.53,6.953296136,55000,56000
3fb49182d8a158aee9017781a2c796429a71ad8f,1729.90,67.70,7.042071053,55000,54000
3fb49182d8a158aee9017781a2c796429a71ad8f,1730.53,67.50,7.047893870,55000,55000
da5dde05ff7d37738e3694649da95a15549b0c40,1742.72,68.18,7.092481505,54000,54000
da5dde05ff7d37738e3694649da95a15549b0c40,1716.47,66.72,6.994303678,54000,55000
da5dde05ff7d37738e3694649da95a15549b0c40,1708.70,66.61,6.961857029,54000,55000
da5dde05ff7d37738e3694649da95a15549b0c40,1721.33,67.20,7.012355793,56000,54000
da5dde05ff7d37738e3694649da95a15549b0c40,1742.78,67.55,7.103514311,55000,54000
da5dde05ff7d37738e3694649da95a15549b0c40,1713.81,66.83,6.975922613,54000,54000
da5dde05ff7d37738e3694649da95a15549b0c40,1743.69,68.11,7.088837846,54000,54000
da5dde05ff7d37738e3694649da95a15549b0c40,1732.35,67.34,7.046955026,54000,54000
da5dde05ff7d37738e3694649da95a15549b0c40,1729.60,67.16,7.041027490,54000,55000
da5dde05ff7d37738e3694649da95a15549b0c40,1720.65,66.87,7.005124143,54000,54000
da5dde05ff7d37738e3694649da95a15549b0c40,1722.79,66.78,7.011815490,55000,55000
da5dde05ff7d37738e3694649da95a15549b0c40,1731.93,67.29,7.042271356,54000,54000
da5dde05ff7d37738e3694649da95a15549b0c40,1727.49,67.06,7.020381637,55000,54000
da5dde05ff7d37738e3694649da95a15549b0c40,1736.43,67.86,7.059189844,54000,55000
da5dde05ff7d37738e3694649da95a15549b0c40,1758.47,68.55,7.143705913,54000,54000
da5dde05ff7d37738e3694649da95a15549b0c40,1722.44,66.96,7.006689105,55000,55000
da5dde05ff7d37738e3694649da95a15549b0c40,1725.46,67.17,6.997733009,55000,54000
da5dde05ff7d37738e3694649da95a15549b0c40,1742.24,67.97,7.085188528,54000,55000
da5dde05ff7d37738e3694649da95a15549b0c40,1724.31,67.08,7.006578378,54000,54000
da5dde05ff7d37738e3694649da95a15549b0c40,1737.33,67.54,7.074359323,56000,55000
da5dde05ff7d37738e3694649da95a15549b0c40,1720.55,67.00,7.011949722,54000,54000
da5dde05ff7d37738e3694649da95a15549b0c40,1728.93,67.42,7.039898118,55000,56000
da5dde05ff7d37738e3694649da95a15549b0c40,1732.20,67.44,7.051639960,55000,54000
da5dde05ff7d37738e3694649da95a15549b0c40,1715.69,66.77,6.991637346,54000,55000
da5dde05ff7d37738e3694649da95a15549b0c40,1720.34,66.99,7.005320856,55000,55000
da5dde05ff7d37738e3694649da95a15549b0c40,1732.82,67.83,7.059091078,54000,54000
da5dde05ff7d37738e3694649da95a15549b0c40,1721.28,67.14,7.006932013,54000,54000
da5dde05ff7d37738e3694649da95a15549b0c40,1734.13,67.83,7.058049388,54000,54000
da5dde05ff7d37738e3694649da95a15549b0c40,1731.07,67.37,7.035889177,55000,54000
da5dde05ff7d37738e3694649da95a15549b0c40,1742.11,67.83,7.102229170,55000,54000
4baee932c5809bc3b7c6b2f2c486f7330be76778,1745.18,68.15,7.085115680,55000,55000
4baee932c5809bc3b7c6b2f2c486f7330be76778,1725.22,67.34,7.022453138,55000,55000
4baee932c5809bc3b7c6b2f2c486f7330be76778,1735.32,67.52,7.049670494,54000,54000
4baee932c5809bc3b7c6b2f2c486f7330be76778,1749.98,68.07,7.119053127,55000,54000
4baee932c5809bc3b7c6b2f2c486f7330be76778,1723.06,67.39,7.014043226,54000,54000
4baee932c5809bc3b7c6b2f2c486f7330be76778,1713.28,66.80,6.974007843,54000,54000
4baee932c5809bc3b7c6b2f2c486f7330be76778,1740.14,67.63,7.088317119,54000,54000
4baee932c5809bc3b7c6b2f2c486f7330be76778,1731.45,67.07,7.032557953,55000,54000
4baee932c5809bc3b7c6b2f2c486f7330be76778,1737.17,67.87,7.080902054,55000,54000
4baee932c5809bc3b7c6b2f2c486f7330be76778,1743.12,67.94,7.091941126,56000,54000
4baee932c5809bc3b7c6b2f2c486f7330be76778,1736.98,67.73,7.071803959,54000,55000
4baee932c5809bc3b7c6b2f2c486f7330be76778,1738.89,67.90,7.077104266,54000,54000
4baee932c5809bc3b7c6b2f2c486f7330be76778,1724.31,67.20,7.019940787,55000,54000
4baee932c5809bc3b7c6b2f2c486f7330be76778,1725.43,67.27,7.023689414,55000,55000
4baee932c5809bc3b7c6b2f2c486f7330be76778,1741.84,68.11,7.072372535,54000,54000
4baee932c5809bc3b7c6b2f2c486f7330be76778,1731.81,67.62,7.055706438,55000,55000
4baee932c5809bc3b7c6b2f2c486f7330be76778,1733.72,67.76,7.038409168,55000,54000
4baee932c5809bc3b7c6b2f2c486f7330be76778,1745.06,68.14,7.097299630,54000,55000
4baee932c5809bc3b7c6b2f2c486f7330be76778,1721.36,67.02,7.012346095,55000,55000
4baee932c5809bc3b7c6b2f2c486f7330be76778,1705.50,66.41,6.948669235,54000,55000
4baee932c5809bc3b7c6b2f2c486f7330be76778,1735.15,67.66,7.057283443,54000,54000
4baee932c5809bc3b7c6b2f2c486f7330be76778,1718.45,66.95,6.994055415,55000,54000
4baee932c5809bc3b7c6b2f2c486f7330be76778,1725.33,67.53,7.017950834,54000,54000
4baee932c5809bc3b7c6b2f2c486f7330be76778,1733.90,67.58,7.066684184,54000,55000
4baee932c5809bc3b7c6b2f2c486f7330be76778,1728.09,67.43,7.050623996,54000,54000
4baee932c5809bc3b7c6b2f2c486f7330be76778,1712.18,66.62,6.960208034,55000,55000
4baee932c5809bc3b7c6b2f2c486f7330be76778,1743.61,68.00,7.083570240,54000,54000
4baee932c5809bc3b7c6b2f2c486f7330be76778,1733.57,67.65,7.043616843,55000,54000
4baee932c5809bc3b7c6b2f2c486f7330be76778,1717.67,66.86,6.996834376,55000,55000
4baee932c5809bc3b7c6b2f2c486f7330be76778,1736.38,68.21,7.065653569,56000,55000
7ff33f11e6cabc77fc15befa274b8b72cc5c7a47,1742.42,67.82,7.079304587,54000,54000
7ff33f11e6cabc77fc15befa274b8b72cc5c7a47,1721.47,67.14,7.019441765,54000,55000
7ff33f11e6cabc77fc15befa274b8b72cc5c7a47,1738.00,67.88,7.075257366,54000,54000
7ff33f11e6cabc77fc15befa274b8b72cc5c7a47,1732.62,67.80,7.050833453,54000,54000
7ff33f11e6cabc77fc15befa274b8b72cc5c7a47,1727.08,67.35,7.012042589,55000,54000
7ff33f11e6cabc77fc15befa274b8b72cc5c7a47,1736.16,67.61,7.068644905,55000,56000
7ff33f11e6cabc77fc15befa274b8b72cc5c7a47,1737.47,67.36,7.068392533,54000,54000
7ff33f11e6cabc77fc15befa274b8b72cc5c7a47,1721.38,66.82,6.998729342,54000,55000
7ff33f11e6cabc77fc15befa274b8b72cc5c7a47,1745.81,68.09,7.113409968,54000,55000
7ff33f11e6cabc77fc15befa274b8b72cc5c7a47,1726.09,66.99,7.023055346,54000,54000
7ff33f11e6cabc77fc15befa274b8b72cc5c7a47,1717.37,66.70,6.994467841,55000,55000
7ff33f11e6cabc77fc15befa274b8b72cc5c7a47,1724.03,67.18,7.029307334,54000,54000
7ff33f11e6cabc77fc15befa274b8b72cc5c7a47,1755.19,68.32,7.144539737,54000,53000
7ff33f11e6cabc77fc15befa274b8b72cc5c7a47,1763.11,68.82,7.156912726,55000,55000
7ff33f11e6cabc77fc15befa274b8b72cc5c7a47,1730.68,67.51,7.038630141,55000,55000
7ff33f11e6cabc77fc15befa274b8b72cc5c7a47,1733.90,67.42,7.067210241,54000,54000
7ff33f11e6cabc77fc15befa274b8b72cc5c7a47,1728.06,67.09,7.016261518,55000,55000
7ff33f11e6cabc77fc15befa274b8b72cc5c7a47,1731.91,67.55,7.035917693,55000,55000
7ff33f11e6cabc77fc15befa274b8b72cc5c7a47,1717.97,66.90,6.996932038,54000,54000
7ff33f11e6cabc77fc15befa274b8b72cc5c7a47,1750.60,68.16,7.129457251,55000,55000
7ff33f11e6cabc77fc15befa274b8b72cc5c7a47,1727.59,67.37,7.018974315,54000,55000
7ff33f11e6cabc77fc15befa274b8b72cc5c7a47,1748.45,68.17,7.114904110,55000,55000
7ff33f11e6cabc77fc15befa274b8b72cc5c7a47,1729.56,67.60,7.035851075,56000,55000
7ff33f11e6cabc77fc15befa274b8b72cc5c7a47,1732.24,67.60,7.053806344,54000,54000
7ff33f11e6cabc77fc15befa274b8b72cc5c7a47,1731.84,67.68,7.063174537,54000,55000
7ff33f11e6cabc77fc15befa274b8b72cc5c7a47,1746.22,68.26,7.102816225,54000,54000
7ff33f11e6cabc77fc15befa274b8b72cc5c7a47,1722.99,67.26,7.020687150,54000,54000
7ff33f11e6cabc77fc15befa274b8b72cc5c7a47,1724.97,67.32,7.022029214,55000,55000
7ff33f11e6cabc77fc15befa274b8b72cc5c7a47,1720.25,66.95,7.005883144,55000,55000
7ff33f11e6cabc77fc15befa274b8b72cc5c7a47,1741.97,67.85,7.092838097,55000,55000
64cabcbc20f52be61375ff24df6f2bf47eae69e7,1729.76,67.51,7.040433745,55000,55000
64cabcbc20f52be61375ff24df6f2bf47eae69e7,1729.39,67.46,7.031170586,54000,55000
64cabcbc20f52be61375ff24df6f2bf47eae69e7,1743.32,67.95,7.101729051,54000,55000
64cabcbc20f52be61375ff24df6f2bf47eae69e7,1714.23,66.43,6.979042925,54000,54000
64cabcbc20f52be61375ff24df6f2bf47eae69e7,1727.82,67.31,7.032270765,54000,55000
64cabcbc20f52be61375ff24df6f2bf47eae69e7,1734.40,67.41,7.057955912,54000,54000
64cabcbc20f52be61375ff24df6f2bf47eae69e7,1729.01,67.47,7.043676413,54000,55000
64cabcbc20f52be61375ff24df6f2bf47eae69e7,1730.36,67.22,7.035212123,54000,55000
64cabcbc20f52be61375ff24df6f2bf47eae69e7,1747.78,68.02,7.111891195,54000,54000
64cabcbc20f52be61375ff24df6f2bf47eae69e7,1725.50,67.11,7.035698052,54000,55000
64cabcbc20f52be61375ff24df6f2bf47eae69e7,1736.38,67.72,7.055566142,55000,54000
64cabcbc20f52be61375ff24df6f2bf47eae69e7,1733.35,67.64,7.052190118,54000,55000
64cabcbc20f52be61375ff24df6f2bf47eae69e7,1727.95,66.97,7.042681451,54000,54000
64cabcbc20f52be61375ff24df6f2bf47eae69e7,1725.95,67.15,7.026377736,54000,55000
64cabcbc20f52be61375ff24df6f2bf47eae69e7,1721.49,67.12,6.992085437,56000,54000
64cabcbc20f52be61375ff24df6f2bf47eae69e7,1736.30,67.69,7.057211889,54000,55000
64cabcbc20f52be61375ff24df6f2bf47eae69e7,1721.36,67.07,6.997212179,55000,54000
64cabcbc20f52be61375ff24df6f2bf47eae69e7,1726.15,67.21,7.024166892,54000,54000
64cabcbc20f52be61375ff24df6f2bf47eae69e7,1720.28,67.11,6.985508614,54000,54000
64cabcbc20f52be61375ff24df6f2bf47eae69e7,1715.20,66.51,6.988166810,54000,54000
64cabcbc20f52be61375ff24df6f2bf47eae69e7,1712.71,66.59,6.966324750,54000,54000
64cabcbc20f52be61375ff24df6f2bf47eae69e7,1754.94,68.35,7.122483633,56000,55000
64cabcbc20f52be61375ff24df6f2bf47eae69e7,1730.01,67.73,7.034830243,55000,54000
64cabcbc20f52be61375ff24df6f2bf47eae69e7,1734.94,67.73,7.047033038,54000,54000
64cabcbc20f52be61375ff24df6f2bf47eae69e7,1732.95,67.68,7.036425268,54000,56000
64cabcbc20f52be61375ff24df6f2bf47eae69e7,1737.39,67.70,7.071556034,54000,55000
64cabcbc20f52be61375ff24df6f2bf47eae69e7,1725.35,67.09,7.016109489,55000,55000
64cabcbc20f52be61375ff24df6f2bf47eae69e7,1731.00,67.40,7.046423216,54000,55000
64cabcbc20f52be61375ff24df6f2bf47eae69e7,1719.27,67.12,7.013412118,55000,55000
64cabcbc20f52be61375ff24df6f2bf47eae69e7,1725.55,67.15,7.025120414,55000,55000
3b89ff68c70c4fb9bce5aaf169198ac1dd41a010,1723.30,67.15,7.004291076,54000,54000
3b89ff68c70c4fb9bce5aaf169198ac1dd41a010,1728.22,67.21,7.038442404,55000,55000
3b89ff68c70c4fb9bce5aaf169198ac1dd41a010,1740.25,67.88,7.077669883,54000,54000
3b89ff68c70c4fb9bce5aaf169198ac1dd41a010,1729.58,67.44,7.024718657,54000,54000
3b89ff68c70c4fb9bce5aaf169198ac1dd41a010,1779.07,69.24,7.248096348,54000,54000
3b89ff68c70c4fb9bce5aaf169198ac1dd41a010,1729.05,67.51,7.037632784,55000,54000
3b89ff68c70c4fb9bce5aaf169198ac1dd41a010,1728.28,67.33,7.043686989,54000,54000
3b89ff68c70c4fb9bce5aaf169198ac1dd41a010,1725.15,66.99,7.025237792,55000,54000
3b89ff68c70c4fb9bce5aaf169198ac1dd41a010,1716.31,66.55,6.976974629,55000,54000
3b89ff68c70c4fb9bce5aaf169198ac1dd41a010,1729.60,67.10,7.033860697,54000,54000
3b89ff68c70c4fb9bce5aaf169198ac1dd41a010,1713.05,66.70,6.971050907,54000,54000
3b89ff68c70c4fb9bce5aaf169198ac1dd41a010,1726.32,67.25,7.019650465,54000,55000
3b89ff68c70c4fb9bce5aaf169198ac1dd41a010,1736.43,67.63,7.088188428,55000,54000
3b89ff68c70c4fb9bce5aaf169198ac1dd41a010,1731.55,67.74,7.053569904,55000,55000
3b89ff68c70c4fb9bce5aaf169198ac1dd41a010,1739.01,67.64,7.067394614,54000,55000
3b89ff68c70c4fb9bce5aaf169198ac1dd41a010,1748.51,68.14,7.134475987,54000,56000
3b89ff68c70c4fb9bce5aaf169198ac1dd41a010,1723.04,67.00,7.034652073,53000,54000
3b89ff68c70c4fb9bce5aaf169198ac1dd41a010,1769.20,68.61,7.221065307,55000,55000
3b89ff68c70c4fb9bce5aaf169198ac1dd41a010,1733.63,67.64,7.053369743,54000,54000
3b89ff68c70c4fb9bce5aaf169198ac1dd41a010,1711.34,66.83,6.966518533,54000,54000
3b89ff68c70c4fb9bce5aaf169198ac1dd41a010,1743.68,67.61,7.099042207,54000,55000
3b89ff68c70c4fb9bce5aaf169198ac1dd41a010,1746.32,68.11,7.096280094,55000,55000
3b89ff68c70c4fb9bce5aaf169198ac1dd41a010,1713.05,66.86,6.987416722,55000,54000
3b89ff68c70c4fb9bce5aaf169198ac1dd41a010,1740.95,67.92,7.074655136,55000,55000
3b89ff68c70c4fb9bce5aaf169198ac1dd41a010,1724.82,67.44,7.016043893,55000,55000
3b89ff68c70c4fb9bce5aaf169198ac1dd41a010,1714.83,67.16,6.971669278,55000,54000
3b89ff68c70c4fb9bce5aaf169198ac1dd41a010,1720.47,67.14,7.005450280,55000,54000
3b89ff68c70c4fb9bce5aaf169198ac1dd41a010,1716.54,67.09,6.984909150,55000,54000
3b89ff68c70c4fb9bce5aaf169198ac1dd41a010,1729.38,67.50,7.041590181,55000,55000
3b89ff68c70c4fb9bce5aaf169198ac1dd41a010,1737.42,67.82,7.061077097,55000,55000
d8ba9db08e9572384037d602e9124741af0bbf83,1729.01,67.47,7.043788361,54000,54000
d8ba9db08e9572384037d602e9124741af0bbf83,1764.27,68.81,7.192834887,54000,55000
d8ba9db08e9572384037d602e9124741af0bbf83,1724.93,66.85,7.019925664,54000,54000
d8ba9db08e9572384037d602e9124741af0bbf83,1735.72,67.46,7.054870120,54000,54000
d8ba9db08e9572384037d602e9124741af0bbf83,1736.43,67.88,7.066506581,55000,55000
d8ba9db08e9572384037d602e9124741af0bbf83,1752.37,68.37,7.143924117,54000,54000
d8ba9db08e9572384037d602e9124741af0bbf83,1723.69,67.19,7.009969130,54000,54000
d8ba9db08e9572384037d602e9124741af0bbf83,1717.12,66.85,6.982021847,54000,53000
d8ba9db08e9572384037d602e9124741af0bbf83,1744.99,67.79,7.112197341,55000,54000
d8ba9db08e9572384037d602e9124741af0bbf83,1720.86,66.71,7.001910491,54000,54000
d8ba9db08e9572384037d602e9124741af0bbf83,1725.68,67.25,7.024583601,54000,54000
d8ba9db08e9572384037d602e9124741af0bbf83,1749.66,68.12,7.126581845,54000,54000
d8ba9db08e9572384037d602e9124741af0bbf83,1707.29,66.89,6.949912295,54000,54000
d8ba9db08e9572384037d602e9124741af0bbf83,1728.80,67.21,7.044961703,54000,54000
d8ba9db08e9572384037d602e9124741af0bbf83,1728.62,67.18,7.040643085,54000,56000
d8ba9db08e9572384037d602e9124741af0bbf83,1734.68,67.44,7.042304292,54000,55000
d8ba9db08e9572384037d602e9124741af0bbf83,1740.53,67.36,7.085466422,54000,55000
d8ba9db08e9572384037d602e9124741af0bbf83,1739.91,67.77,7.080734017,55000,55000
d8ba9db08e9572384037d602e9124741af0bbf83,1725.46,67.17,7.026962313,54000,55000
d8ba9db08e9572384037d602e9124741af0bbf83,1723.51,67.21,7.017536353,55000,54000
d8ba9db08e9572384037d602e9124741af0bbf83,1729.64,67.71,7.048110393,54000,55000
d8ba9db08e9572384037d602e9124741af0bbf83,1729.99,67.57,7.041077057,54000,54000
d8ba9db08e9572384037d602e9124741af0bbf83,1742.14,67.67,7.101540961,55000,56000
d8ba9db08e9572384037d602e9124741af0bbf83,1728.45,67.28,7.036656997,55000,55000
d8ba9db08e9572384037d602e9124741af0bbf83,1717.55,66.93,6.983065314,55000,54000
d8ba9db08e9572384037d602e9124741af0bbf83,1757.53,68.47,7.180616314,55000,54000
d8ba9db08e9572384037d602e9124741af0bbf83,1739.76,68.05,7.077469752,55000,54000
d8ba9db08e9572384037d602e9124741af0bbf83,1706.15,66.77,6.959445309,54000,55000
d8ba9db08e9572384037d602e9124741af0bbf83,1738.13,67.66,7.081359649,55000,54000
d8ba9db08e9572384037d602e9124741af0bbf83,1734.69,67.41,7.055815776,55000,54000
8b269fb2ac77b8a2666c03ac1998c5c7312c154a,1726.28,67.11,7.033602679,54000,55000
8b269fb2ac77b8a2666c03ac1998c5c7312c154a,1715.43,66.76,6.994820278,54000,54000
8b269fb2ac77b8a2666c03ac1998c5c7312c154a,1738.29,67.73,7.067384072,55000,55000
8b269fb2ac77b8a2666c03ac1998c5c7312c154a,1735.94,67.36,7.065624644,54000,54000
8b269fb2ac77b8a2666c03ac1998c5c7312c154a,1725.10,67.20,7.021906267,54000,55000
8b269fb2ac77b8a2666c03ac1998c5c7312c154a,1714.13,66.49,6.988884217,54000,55000
8b269fb2ac77b8a2666c03ac1998c5c7312c154a,1750.57,68.34,7.128691838,54000,54000
8b269fb2ac77b8a2666c03ac1998c5c7312c154a,1720.57,66.89,6.993861319,55000,54000
8b269fb2ac77b8a2666c03ac1998c5c7312c154a,1722.38,66.91,7.020154893,54000,55000
8b269fb2ac77b8a2666c03ac1998c5c7312c154a,1752.86,68.47,7.118253880,54000,54000
8b269fb2ac77b8a2666c03ac1998c5c7312c154a,1736.72,67.86,7.067054268,55000,55000
8b269fb2ac77b8a2666c03ac1998c5c7312c154a,1746.32,68.00,7.129469673,55000,54000
8b269fb2ac77b8a2666c03ac1998c5c7312c154a,1737.10,67.66,7.060768671,55000,55000
8b269fb2ac77b8a2666c03ac1998c5c7312c154a,1733.64,67.41,7.045493633,54000,56000
8b269fb2ac77b8a2666c03ac1998c5c7312c154a,1735.33,67.76,7.056562015,55000,54000
8b269fb2ac77b8a2666c03ac1998c5c7312c154a,1729.19,67.17,7.030672956,55000,54000
8b269fb2ac77b8a2666c03ac1998c5c7312c154a,1724.92,67.53,7.019638109,56000,54000
8b269fb2ac77b8a2666c03ac1998c5c7312c154a,1716.67,66.69,6.979380218,55000,55000
8b269fb2ac77b8a2666c03ac1998c5c7312c154a,1734.08,67.58,7.063046042,55000,54000
8b269fb2ac77b8a2666c03ac1998c5c7312c154a,1740.38,67.78,7.075242166,54000,54000
8b269fb2ac77b8a2666c03ac1998c5c7312c154a,1715.11,67.03,6.973176988,55000,55000
8b269fb2ac77b8a2666c03ac1998c5c7312c154a,1730.94,67.82,7.047397902,55000,54000
8b269fb2ac77b8a2666c03ac1998c5c7312c154a,1765.27,69.01,7.195669947,55000,54000
8b269fb2ac77b8a2666c03ac1998c5c7312c154a,1745.24,68.25,7.089677625,55000,54000
8b269fb2ac77b8a2666c03ac1998c5c7312c154a,1728.35,67.49,7.034828143,55000,54000
8b269fb2ac77b8a2666c03ac1998c5c7312c154a,1749.62,68.60,7.110177463,56000,55000
8b269fb2ac77b8a2666c03ac1998c5c7312c154a,1718.75,67.27,7.001182383,54000,54000
8b269fb2ac77b8a2666c03ac1998c5c7312c154a,1740.93,68.03,7.101954289,54000,54000
8b269fb2ac77b8a2666c03ac1998c5c7312c154a,1737.53,67.88,7.064485546,56000,55000
8b269fb2ac77b8a2666c03ac1998c5c7312c154a,1733.94,67.41,7.062236006,54000,55000
00e1132799cad2884a6fab80fa84459abcacd2af,1723.19,67.09,7.017815411,55000,55000
00e1132799cad2884a6fab80fa84459abcacd2af,1758.43,68.24,7.159822909,55000,54000
00e1132799cad2884a6fab80fa84459abcacd2af,1735.61,67.48,7.062376551,55000,55000
00e1132799cad2884a6fab80fa84459abcacd2af,1734.52,67.37,7.056111251,54000,54000
00e1132799cad2884a6fab80fa84459abcacd2af,1745.30,67.96,7.102553670,54000,55000
00e1132799cad2884a6fab80fa84459abcacd2af,1715.54,66.71,6.981931395,55000,54000
00e1132799cad2884a6fab80fa84459abcacd2af,1741.48,67.69,7.095643210,55000,54000
00e1132799cad2884a6fab80fa84459abcacd2af,1726.31,67.00,7.012972108,54000,54000
00e1132799cad2884a6fab80fa84459abcacd2af,1734.51,67.45,7.054752397,55000,54000
00e1132799cad2884a6fab80fa84459abcacd2af,1737.20,67.79,7.069343247,54000,54000
00e1132799cad2884a6fab80fa84459abcacd2af,1744.46,67.99,7.090289760,56000,54000
00e1132799cad2884a6fab80fa84459abcacd2af,1724.37,67.04,7.022585275,54000,54000
00e1132799cad2884a6fab80fa84459abcacd2af,1740.06,67.56,7.089876130,55000,55000
00e1132799cad2884a6fab80fa84459abcacd2af,1754.17,68.50,7.136870119,54000,55000
00e1132799cad2884a6fab80fa84459abcacd2af,1746.50,67.74,7.111141381,54000,55000
00e1132799cad2884a6fab80fa84459abcacd2af,1728.64,67.44,7.046119919,55000,55000
00e1132799cad2884a6fab80fa84459abcacd2af,1728.78,67.27,7.027975483,55000,55000
00e1132799cad2884a6fab80fa84459abcacd2af,1732.63,67.66,7.045029588,54000,55000
00e1132799cad2884a6fab80fa84459abcacd2af,1746.63,67.84,7.111015609,54000,55000
00e1132799cad2884a6fab80fa84459abcacd2af,1728.41,67.34,7.025366928,54000,54000
00e1132799cad2884a6fab80fa84459abcacd2af,1741.34,67.58,7.092542457,54000,55000
00e1132799cad2884a6fab80fa84459abcacd2af,1737.15,67.77,7.065188938,54000,55000
00e1132799cad2884a6fab80fa84459abcacd2af,1736.57,67.66,7.073400979,55000,55000
00e1132799cad2884a6fab80fa84459abcacd2af,1736.54,67.89,7.057293675,54000,55000
00e1132799cad2884a6fab80fa84459abcacd2af,1726.25,67.45,7.018370946,54000,54000
00e1132799cad2884a6fab80fa84459abcacd2af,1735.35,68.04,7.067013072,55000,55000
00e1132799cad2884a6fab80fa84459abcacd2af,1751.23,68.24,7.119831440,54000,54000
00e1132799cad2884a6fab80fa84459abcacd2af,1732.55,67.76,7.048219103,56000,54000
00e1132799cad2884a6fab80fa84459abcacd2af,1737.64,67.69,7.073092414,55000,54000
00e1132799cad2884a6fab80fa84459abcacd2af,1745.42,67.71,7.111460731,54000,55000
380dabfaae03b7024838faa506c70d2b08b685ba,1716.58,67.03,6.986407809,55000,54000
380dabfaae03b7024838faa506c70d2b08b685ba,1724.71,67.51,7.009839355,55000,55000
380dabfaae03b7024838faa506c70d2b08b685ba,1741.53,67.60,7.095777152,55000,55000
380dabfaae03b7024838faa506c70d2b08b685ba,1716.20,66.97,6.985202821,54000,55000
380dabfaae03b7024838faa506c70d2b08b685ba,1728.01,67.36,7.030228747,54000,54000
380dabfaae03b7024838faa506c70d2b08b685ba,1716.63,67.02,6.982662321,55000,54000
380dabfaae03b7024838faa506c70d2b08b685ba,1715.03,66.68,6.976127236,54000,54000
380dabfaae03b7024838faa506c70d2b08b685ba,1729.92,67.32,7.040293836,55000,54000
380dabfaae03b7024838faa506c70d2b08b685ba,1750.86,68.13,7.116512212,54000,54000
380dabfaae03b7024838faa506c70d2b08b685ba,1711.98,66.28,6.965211620,54000,54000
380dabfaae03b7024838faa506c70d2b08b685ba,1721.85,66.97,7.003173330,54000,55000
380dabfaae03b7024838faa506c70d2b08b685ba,1721.18,66.55,7.007526450,54000,54000
380dabfaae03b7024838faa506c70d2b08b685ba,1733.07,67.20,7.066595253,55000,54000
380dabfaae03b7024838faa506c70d2b08b685ba,1722.69,67.33,7.002144600,54000,55000
380dabfaae03b7024838faa506c70d2b08b685ba,1726.73,67.11,7.043420760,54000,54000
380dabfaae03b7024838faa506c70d2b08b685ba,1718.20,66.96,7.001965700,54000,55000
380dabfaae03b7024838faa506c70d2b08b685ba,1731.98,67.42,7.048177547,55000,54000
380dabfaae03b7024838faa506c70d2b08b685ba,1731.85,67.24,7.043975714,55000,54000
380dabfaae03b7024838faa506c70d2b08b685ba,1728.77,67.50,7.036798228,54000,54000
380dabfaae03b7024838faa506c70d2b08b685ba,1740.04,67.81,7.066080734,55000,54000
380dabfaae03b7024838faa506c70d2b08b685ba,1739.98,67.57,7.107548985,54000,54000
380dabfaae03b7024838faa506c70d2b08b685ba,1738.95,67.87,7.071851577,54000,55000
380dabfaae03b7024838faa506c70d2b08b685ba,1727.10,67.54,7.013073146,54000,54000
380dabfaae03b7024838faa506c70d2b08b685ba,1740.67,67.90,7.102018584,54000,55000
380dabfaae03b7024838faa506c70d2b08b685ba,1748.01,68.32,7.114921315,56000,54000
380dabfaae03b7024838faa506c70d2b08b685ba,1735.51,67.99,7.063175367,55000,54000
380dabfaae03b7024838faa506c70d2b08b685ba,1759.49,68.71,7.148404218,54000,54000
380dabfaae03b7024838faa506c70d2b08b685ba,1734.70,67.54,7.053600122,54000,55000
380dabfaae03b7024838faa506c70d2b08b685ba,1729.09,67.83,7.052669862,54000,55000
380dabfaae03b7024838faa506c70d2b08b685ba,1742.06,68.16,7.103742626,55000,54000
08fee44f007846e7686f5eae83a0b13f349ba156,1754.64,68.35,7.138182336,55000,55000
08fee44f007846e7686f5eae83a0b13f349ba156,1744.77,68.27,7.080225629,55000,55000
08fee44f007846e7686f5eae83a0b13f349ba156,1724.05,66.89,7.025168956,54000,54000
08fee44f007846e7686f5eae83a0b13f349ba156,1726.58,67.41,7.033882289,54000,54000
08fee44f007846e7686f5eae83a0b13f349ba156,1723.14,67.09,7.010350759,54000,54000
08fee44f007846e7686f5eae83a0b13f349ba156,1728.97,67.24,7.040962785,55000,55000
08fee44f007846e7686f5eae83a0b13f349ba156,1741.24,67.68,7.083258844,54000,54000
08fee44f007846e7686f5eae83a0b13f349ba156,1718.80,66.70,7.023018393,56000,56000
08fee44f007846e7686f5eae83a0b13f349ba156,1735.38,67.73,7.063572053,54000,55000
08fee44f007846e7686f5eae83a0b13f349ba156,1729.45,67.38,7.035256621,55000,55000
08fee44f007846e7686f5eae83a0b13f349ba156,1746.33,68.27,7.094113908,55000,55000
08fee44f007846e7686f5eae83a0b13f349ba156,1743.15,67.88,7.104110443,56000,55000
08fee44f007846e7686f5eae83a0b13f349ba156,1734.58,67.70,7.057467806,54000,54000
08fee44f007846e7686f5eae83a0b13f349ba156,1718.83,66.90,6.995332027,55000,54000
08fee44f007846e7686f5eae83a0b13f349ba156,1734.74,67.63,7.056588986,56000,55000
08fee44f007846e7686f5eae83a0b13f349ba156,1715.24,66.53,6.990078010,55000,54000
08fee44f007846e7686f5eae83a0b13f349ba156,1723.78,67.39,6.995931398,55000,55000
08fee44f007846e7686f5eae83a0b13f349ba156,1721.68,66.93,7.001015471,55000,55000
08fee44f007846e7686f5eae83a0b13f349ba156,1728.06,67.34,7.027456331,54000,55000
08fee44f007846e7686f5eae83a0b13f349ba156,1752.56,68.33,7.128880509,54000,54000
08fee44f007846e7686f5eae83a0b13f349ba156,1720.32,67.07,7.007291822,55000,54000
08fee44f007846e7686f5eae83a0b13f349ba156,1723.25,66.96,7.007259266,54000,54000
08fee44f007846e7686f5eae83a0b13f349ba156,1732.37,67.69,7.059789669,53000,54000
08fee44f007846e7686f5eae83a0b13f349ba156,1725.63,67.30,7.030212553,55000,54000
08fee44f007846e7686f5eae83a0b13f349ba156,1743.58,68.27,7.094874691,55000,54000
08fee44f007846e7686f5eae83a0b13f349ba156,1763.77,68.87,7.193096296,55000,56000
08fee44f007846e7686f5eae83a0b13f349ba156,1747.81,68.47,7.108966781,55000,56000
08fee44f007846e7686f5eae83a0b13f349ba156,1711.14,66.78,6.962732703,54000,55000
08fee44f007846e7686f5eae83a0b13f349ba156,1731.03,67.64,7.046016493,54000,56000
08fee44f007846e7686f5eae83a0b13f349ba156,1741.47,67.69,7.113477522,55000,56000
df6ef42281a16cb0807cf5ebc71e5a19ee4898c0,1733.26,67.76,7.056238988,54000,54000
df6ef42281a16cb0807cf5ebc71e5a19ee4898c0,1720.46,66.97,7.013711260,55000,55000
df6ef42281a16cb0807cf5ebc71e5a19ee4898c0,1728.77,67.12,7.040497979,55000,55000
df6ef42281a16cb0807cf5ebc71e5a19ee4898c0,1729.11,67.08,7.049550584,55000,54000
df6ef42281a16cb0807cf5ebc71e5a19ee4898c0,1746.87,67.81,7.122133890,54000,55000
df6ef42281a16cb0807cf5ebc71e5a19ee4898c0,1726.72,67.06,7.027581627,54000,55000
df6ef42281a16cb0807cf5ebc71e5a19ee4898c0,1728.57,67.12,7.037278222,55000,55000
df6ef42281a16cb0807cf5ebc71e5a19ee4898c0,1740.21,67.42,7.099486802,54000,54000
df6ef42281a16cb0807cf5ebc71e5a19ee4898c0,1723.46,67.04,7.031890467,55000,54000
df6ef42281a16cb0807cf5ebc71e5a19ee4898c0,1726.04,66.88,7.042584448,55000,55000
df6ef42281a16cb0807cf5ebc71e5a19ee4898c0,1722.84,67.09,7.021100291,55000,54000
df6ef42281a16cb0807cf5ebc71e5a19ee4898c0,1731.41,67.50,7.052330796,55000,54000
df6ef42281a16cb0807cf5ebc71e5a19ee4898c0,1717.95,66.89,7.011338472,55000,54000
df6ef42281a16cb0807cf5ebc71e5a19ee4898c0,1732.49,67.33,7.062576189,55000,54000
df6ef42281a16cb0807cf5ebc71e5a19ee4898c0,1718.46,66.64,6.998029657,54000,55000
df6ef42281a16cb0807cf5ebc71e5a19ee4898c0,1713.38,66.92,6.990113563,54000,55000
df6ef42281a16cb0807cf5ebc71e5a19ee4898c0,1724.60,67.40,7.029011785,55000,55000
df6ef42281a16cb0807cf5ebc71e5a19ee4898c0,1704.87,66.27,6.951564343,54000,55000
df6ef42281a16cb0807cf5ebc71e5a19ee4898c0,1722.14,67.29,6.999388813,55000,54000
df6ef42281a16cb0807cf5ebc71e5a19ee4898c0,1744.66,67.86,7.114008691,54000,54000
df6ef42281a16cb0807cf5ebc71e5a19ee4898c0,1729.70,67.43,7.045691530,54000,54000
df6ef42281a16cb0807cf5ebc71e5a19ee4898c0,1727.02,67.52,7.030375031,55000,54000
df6ef42281a16cb0807cf5ebc71e5a19ee4898c0,1723.04,66.96,7.029918941,54000,54000
df6ef42281a16cb0807cf5ebc71e5a19ee4898c0,1745.20,68.29,7.092054856,54000,54000
df6ef42281a16cb0807cf5ebc71e5a19ee4898c0,1732.22,67.54,7.062687930,54000,55000
df6ef42281a16cb0807cf5ebc71e5a19ee4898c0,1733.21,67.22,7.078473058,55000,55000
df6ef42281a16cb0807cf5ebc71e5a19ee4898c0,1746.01,67.88,7.117050452,54000,54000
df6ef42281a16cb0807cf5ebc71e5a19ee4898c0,1721.91,67.26,7.008188318,56000,55000
df6ef42281a16cb0807cf5ebc71e5a19ee4898c0,1724.62,67.30,7.023572430,54000,56000
df6ef42281a16cb0807cf5ebc71e5a19ee4898c0,1733.52,67.26,7.076030410,55000,54000
92f2d046ce9cd0a7db2d580d445c0dc14e5d5007,1731.67,67.75,7.044151925,54000,55000
92f2d046ce9cd0a7db2d580d445c0dc14e5d5007,1727.66,67.33,7.037765122,55000,54000
92f2d046ce9cd0a7db2d580d445c0dc14e5d5007,1717.71,66.99,7.001452755,54000,55000
92f2d046ce9cd0a7db2d580d445c0dc14e5d5007,1753.80,68.11,7.152536389,54000,55000
92f2d046ce9cd0a7db2d580d445c0dc14e5d5007,1727.43,67.03,7.029924157,54000,54000
92f2d046ce9cd0a7db2d580d445c0dc14e5d5007,1740.98,67.35,7.110719145,54000,55000
92f2d046ce9cd0a7db2d580d445c0dc14e5d5007,1716.29,66.79,6.997566230,54000,54000
92f2d046ce9cd0a7db2d580d445c0dc14e5d5007,1748.07,67.99,7.112033952,54000,54000
92f2d046ce9cd0a7db2d580d445c0dc14e5d5007,1730.36,67.33,7.046823185,54000,55000
92f2d046ce9cd0a7db2d580d445c0dc14e5d5007,1720.79,66.92,7.019711316,55000,55000
92f2d046ce9cd0a7db2d580d445c0dc14e5d5007,1723.43,66.91,7.032535592,54000,54000
92f2d046ce9cd0a7db2d580d445c0dc14e5d5007,1736.58,67.77,7.062921834,55000,54000
92f2d046ce9cd0a7db2d580d445c0dc14e5d5007,1733.85,66.98,7.076758861,54000,55000
92f2d046ce9cd0a7db2d580d445c0dc14e5d5007,1723.64,67.08,7.006053178,54000,54000
92f2d046ce9cd0a7db2d580d445c0dc14e5d5007,1745.51,67.95,7.105869298,55000,54000
92f2d046ce9cd0a7db2d580d445c0dc14e5d5007,1702.07,66.17,6.938957718,54000,54000
92f2d046ce9cd0a7db2d580d445c0dc14e5d5007,1763.30,68.72,7.165321349,54000,56000
92f2d046ce9cd0a7db2d580d445c0dc14e5d5007,1719.93,66.99,7.021260972,54000,55000
92f2d046ce9cd0a7db2d580d445c0dc14e5d5007,1748.50,68.13,7.117530141,55000,54000
92f2d046ce9cd0a7db2d580d445c0dc14e5d5007,1728.73,67.58,7.033902663,54000,54000
92f2d046ce9cd0a7db2d580d445c0dc14e5d5007,1744.72,67.94,7.121433434,54000,54000
92f2d046ce9cd0a7db2d580d445c0dc14e5d5007,1731.94,67.73,7.042740027,54000,55000
92f2d046ce9cd0a7db2d580d445c0dc14e5d5007,1736.45,68.17,7.069661691,55000,54000
92f2d046ce9cd0a7db2d580d445c0dc14e5d5007,1740.02,68.14,7.083156224,54000,54000
92f2d046ce9cd0a7db2d580d445c0dc14e5d5007,1724.44,67.86,7.016540140,55000,54000
92f2d046ce9cd0a7db2d580d445c0dc14e5d5007,1742.40,67.99,7.087538522,55000,55000
92f2d046ce9cd0a7db2d580d445c0dc14e5d5007,1726.03,67.17,7.045214220,54000,55000
92f2d046ce9cd0a7db2d580d445c0dc14e5d5007,1732.63,67.39,7.055505996,55000,55000
92f2d046ce9cd0a7db2d580d445c0dc14e5d5007,1718.54,66.85,6.985457772,55000,54000
92f2d046ce9cd0a7db2d580d445c0dc14e5d5007,1738.75,67.83,7.090561961,55000,54000
b7224bd88baee6ccc731274b11081a0265b7984c,1731.30,67.47,7.037397300,54000,54000
b7224bd88baee6ccc731274b11081a0265b7984c,1746.32,68.12,7.109632131,55000,55000
b7224bd88baee6ccc731274b11081a0265b7984c,1728.33,67.45,7.026623738,55000,54000
b7224bd88baee6ccc731274b11081a0265b7984c,1740.69,67.55,7.074347985,54000,54000
b7224bd88baee6ccc731274b11081a0265b7984c,1715.31,66.69,6.993532088,54000,55000
b7224bd88baee6ccc731274b11081a0265b7984c,1732.73,67.60,7.046280086,54000,55000
b7224bd88baee6ccc731274b11081a0265b7984c,1727.97,67.00,7.034474546,54000,54000
b7224bd88baee6ccc731274b11081a0265b7984c,1725.95,67.25,7.027019051,55000,54000
b7224bd88baee6ccc731274b11081a0265b7984c,1736.33,67.31,7.082113468,55000,54000
b7224bd88baee6ccc731274b11081a0265b7984c,1713.35,66.66,6.983347612,55000,54000
b7224bd88baee6ccc731274b11081a0265b7984c,1743.46,67.62,7.111158496,55000,55000
b7224bd88baee6ccc731274b11081a0265b7984c,1753.77,68.27,7.152520367,54000,54000
b7224bd88baee6ccc731274b11081a0265b7984c,1754.41,68.31,7.138939917,55000,54000
b7224bd88baee6ccc731274b11081a0265b7984c,1743.90,67.70,7.100145346,54000,54000
b7224bd88baee6ccc731274b11081a0265b7984c,1769.79,68.99,7.208770090,54000,54000
b7224bd88baee6ccc731274b11081a0265b7984c,1709.94,66.15,6.979142167,54000,54000
b7224bd88baee6ccc731274b11081a0265b7984c,1741.85,67.42,7.103853490,55000,55000
b7224bd88baee6ccc731274b11081a0265b7984c,1736.38,67.35,7.079534461,54000,56000
b7224bd88baee6ccc731274b11081a0265b7984c,1754.10,68.13,7.126997140,55000,54000
b7224bd88baee6ccc731274b11081a0265b7984c,1754.20,68.30,7.136436635,54000,55000
b7224bd88baee6ccc731274b11081a0265b7984c,1725.76,67.32,7.022471836,54000,54000
b7224bd88baee6ccc731274b11081a0265b7984c,1729.33,67.42,7.029366388,54000,54000
b7224bd88baee6ccc731274b11081a0265b7984c,1740.72,67.86,7.074568247,55000,54000
b7224bd88baee6ccc731274b11081a0265b7984c,1725.81,67.04,7.021864264,54000,54000
b7224bd88baee6ccc731274b11081a0265b7984c,1754.00,68.33,7.152991639,55000,54000
b7224bd88baee6ccc731274b11081a0265b7984c,1739.13,67.74,7.079508309,54000,55000
b7224bd88baee6ccc731274b11081a0265b7984c,1717.11,66.97,6.994424795,55000,54000
b7224bd88baee6ccc731274b11081a0265b7984c,1760.58,68.61,7.184222888,55000,55000
b7224bd88baee6ccc731274b11081a0265b7984c,1719.96,66.84,7.007957765,54000,54000
b7224bd88baee6ccc731274b11081a0265b7984c,1725.88,67.15,7.003819848,55000,55000
99f9dff840dd220db89122c00b567e10295e0a20,1743.34,67.95,7.109138646,54000,54000
99f9dff840dd220db89122c00b567e10295e0a20,1725.32,67.19,7.022870869,55000,54000
99f9dff840dd220db89122c00b567e10295e0a20,1723.28,67.15,7.009016777,55000,55000
99f9dff840dd220db89122c00b567e10295e0a20,1757.94,68.65,7.170095075,55000,54000
99f9dff840dd220db89122c00b567e10295e0a20,1724.04,67.10,7.039119613,54000,55000
99f9dff840dd220db89122c00b567e10295e0a20,1750.96,68.06,7.138617560,55000,54000
99f9dff840dd220db89122c00b567e10295e0a20,1741.62,67.84,7.098518650,54000,54000
99f9dff840dd220db89122c00b567e10295e0a20,1740.06,67.46,7.099649535,55000,55000
99f9dff840dd220db89122c00b567e10295e0a20,1728.03,67.09,7.037026094,55000,54000
99f9dff840dd220db89122c00b567e10295e0a20,1729.02,66.90,7.046851126,54000,54000
99f9dff840dd220db89122c00b567e10295e0a20,1740.65,67.73,7.095009261,54000,55000
99f9dff840dd220db89122c00b567e10295e0a20,1735.26,67.47,7.053829916,54000,55000
99f9dff840dd220db89122c00b567e10295e0a20,1745.80,68.01,7.105134063,54000,54000
99f9dff840dd220db89122c00b567e10295e0a20,1729.76,67.42,7.057729828,54000,54000
99f9dff840dd220db89122c00b567e10295e0a20,1726.28,67.01,7.029785607,54000,54000
99f9dff840dd220db89122c00b567e10295e0a20,1752.31,68.05,7.152224343,55000,54000
99f9dff840dd220db89122c00b567e10295e0a20,1740.04,67.78,7.096498813,54000,55000
99f9dff840dd220db89122c00b567e10295e0a20,1730.81,67.30,7.054280469,54000,55000
99f9dff840dd220db89122c00b567e10295e0a20,1760.77,68.66,7.170254270,54000,54000
99f9dff840dd220db89122c00b567e10295e0a20,1732.53,67.44,7.056710078,54000,55000
99f9dff840dd220db89122c00b567e10295e0a20,1707.36,66.70,6.938581229,55000,55000
99f9dff840dd220db89122c00b567e10295e0a20,1748.06,68.12,7.103192992,54000,55000
99f9dff840dd220db89122c00b567e10295e0a20,1737.91,67.94,7.067023385,54000,54000
99f9dff840dd220db89122c00b567e10295e0a20,1724.61,67.37,7.018704041,56000,54000
99f9dff840dd220db89122c00b567e10295e0a20,1753.97,68.39,7.137244871,54000,54000
99f9dff840dd220db89122c00b567e10295e0a20,1722.53,67.07,7.030669220,54000,54000
99f9dff840dd220db89122c00b567e10295e0a20,1734.69,67.89,7.065424345,55000,54000
99f9dff840dd220db89122c00b567e10295e0a20,1723.57,67.06,7.009553837,55000,54000
99f9dff840dd220db89122c00b567e10295e0a20,1730.22,67.27,7.053878729,56000,56000
99f9dff840dd220db89122c00b567e10295e0a20,1734.94,67.55,7.089223925,55000,56000
f3ccae86f06b3f2724bfe61a5c56c6908dac613c,1700.06,66.49,6.916020559,54000,54000
f3ccae86f06b3f2724bfe61a5c56c6908dac613c,1684.07,65.78,6.850942081,55000,55000
f3ccae86f06b3f2724bfe61a5c56c6908dac613c,1673.10,65.28,6.801169700,55000,55000
f3ccae86f06b3f2724bfe61a5c56c6908dac613c,1691.45,65.94,6.884328468,55000,54000
f3ccae86f06b3f2724bfe61a5c56c6908dac613c,1681.30,65.61,6.832020532,54000,55000
f3ccae86f06b3f2724bfe61a5c56c6908dac613c,1698.34,66.16,6.906277053,54000,55000
f3ccae86f06b3f2724bfe61a5c56c6908dac613c,1695.61,66.13,6.893065285,55000,54000
f3ccae86f06b3f2724bfe61a5c56c6908dac613c,1700.71,66.36,6.904693061,54000,55000
f3ccae86f06b3f2724bfe61a5c56c6908dac613c,1675.25,64.98,6.832788938,54000,55000
f3ccae86f06b3f2724bfe61a5c56c6908dac613c,1693.78,66.31,6.896705423,55000,55000
f3ccae86f06b3f2724bfe61a5c56c6908dac613c,1719.91,67.21,6.989809373,55000,56000
f3ccae86f06b3f2724bfe61a5c56c6908dac613c,1676.67,65.40,6.815312333,55000,54000
f3ccae86f06b3f2724bfe61a5c56c6908dac613c,1669.45,65.12,6.790515899,56000,55000
f3ccae86f06b3f2724bfe61a5c56c6908dac613c,1690.27,65.68,6.875115648,55000,54000
f3ccae86f06b3f2724bfe61a5c56c6908dac613c,1677.13,65.55,6.819914326,54000,54000
f3ccae86f06b3f2724bfe61a5c56c6908dac613c,1673.25,65.22,6.807802550,55000,54000
f3ccae86f06b3f2724bfe61a5c56c6908dac613c,1670.43,65.33,6.802775328,54000,54000
f3ccae86f06b3f2724bfe61a5c56c6908dac613c,1678.52,65.62,6.822419290,54000,55000
f3ccae86f06b3f2724bfe61a5c56c6908dac613c,1661.77,64.74,6.753345635,55000,54000
f3ccae86f06b3f2724bfe61a5c56c6908dac613c,1687.65,66.03,6.866912822,54000,54000
f3ccae86f06b3f2724bfe61a5c56c6908dac613c,1663.06,64.39,6.773877890,55000,55000
f3ccae86f06b3f2724bfe61a5c56c6908dac613c,1681.80,65.74,6.845011711,54000,55000
f3ccae86f06b3f2724bfe61a5c56c6908dac613c,1682.31,65.77,6.848709042,54000,54000
f3ccae86f06b3f2724bfe61a5c56c6908dac613c,1689.92,66.24,6.879938874,54000,55000
f3ccae86f06b3f2724bfe61a5c56c6908dac613c,1685.52,65.97,6.854777314,54000,54000
f3ccae86f06b3f2724bfe61a5c56c6908dac613c,1680.55,65.71,6.833929893,55000,55000
f3ccae86f06b3f2724bfe61a5c56c6908dac613c,1685.45,65.74,6.838786797,54000,54000
f3ccae86f06b3f2724bfe61a5c56c6908dac613c,1700.94,66.90,6.915024982,56000,54000
f3ccae86f06b3f2724bfe61a5c56c6908dac613c,1683.31,65.82,6.854245433,54000,56000
f3ccae86f06b3f2724bfe61a5c56c6908dac613c,1694.78,65.92,6.887920735,55000,54000
dad58a05eb5578df97674eb06e9700e85dce1de3,3623.94,138.84,15.145222157,54000,54000
dad58a05eb5578df97674eb06e9700e85dce1de3,3669.33,140.38,15.338805537,55000,55000
dad58a05eb5578df97674eb06e9700e85dce1de3,3642.12,139.71,15.231070547,54000,55000
dad58a05eb5578df97674eb06e9700e85dce1de3,3626.47,138.99,15.171711324,55000,54000
dad58a05eb5578df97674eb06e9700e85dce1de3,3662.66,140.37,15.319864517,54000,54000
dad58a05eb5578df97674eb06e9700e85dce1de3,3650.25,139.45,15.249378600,54000,55000
dad58a05eb5578df97674eb06e9700e85dce1de3,3661.93,139.39,15.296656440,54000,54000
dad58a05eb5578df97674eb06e9700e85dce1de3,3636.74,138.94,15.190126636,55000,54000
dad58a05eb5578df97674eb06e9700e85dce1de3,3648.53,139.74,15.268368607,55000,54000
dad58a05eb5578df97674eb06e9700e85dce1de3,3651.47,139.57,15.261353079,56000,55000
dad58a05eb5578df97674eb06e9700e85dce1de3,3645.53,139.55,15.245298451,55000,56000
dad58a05eb5578df97674eb06e9700e85dce1de3,3638.88,139.26,15.221919379,55000,54000
dad58a05eb5578df97674eb06e9700e85dce1de3,3637.65,139.14,15.195942229,54000,55000
dad58a05eb5578df97674eb06e9700e85dce1de3,3659.21,139.94,15.299292854,54000,55000
dad58a05eb5578df97674eb06e9700e85dce1de3,3630.72,138.72,15.185253022,54000,54000
dad58a05eb5578df97674eb06e9700e85dce1de3,3629.75,138.93,15.180294195,54000,54000
dad58a05eb5578df97674eb06e9700e85dce1de3,3675.70,140.74,15.382572166,54000,55000
dad58a05eb5578df97674eb06e9700e85dce1de3,3682.12,140.86,15.382294567,55000,55000
dad58a05eb5578df97674eb06e9700e85dce1de3,3672.41,140.29,15.351109017,54000,54000
dad58a05eb5578df97674eb06e9700e85dce1de3,3628.94,138.88,15.171685744,54000,54000
dad58a05eb5578df97674eb06e9700e85dce1de3,3648.34,140.34,15.237597039,55000,54000
dad58a05eb5578df97674eb06e9700e85dce1de3,3655.33,140.21,15.288972904,54000,55000
dad58a05eb5578df97674eb06e9700e85dce1de3,3652.62,139.94,15.250722035,55000,54000
dad58a05eb5578df97674eb06e9700e85dce1de3,3675.50,140.90,15.380221573,54000,54000
dad58a05eb5578df97674eb06e9700e85dce1de3,3631.52,139.14,15.192518968,55000,54000
dad58a05eb5578df97674eb06e9700e85dce1de3,3703.63,142.27,15.490016406,56000,54000
dad58a05eb5578df97674eb06e9700e85dce1de3,3658.44,140.62,15.295580252,55000,55000
dad58a05eb5578df97674eb06e9700e85dce1de3,3649.25,139.80,15.255235005,55000,54000
dad58a05eb5578df97674eb06e9700e85dce1de3,3640.45,139.34,15.210630773,54000,56000
dad58a05eb5578df97674eb06e9700e85dce1de3,3649.59,139.96,15.264375682,55000,56000
87df2cef0930b70ec768530bca9b5c864733296f,3644.55,139.66,15.237463589,55000,54000
87df2cef0930b70ec768530bca9b5c864733296f,3639.51,139.67,15.214523552,54000,54000
87df2cef0930b70ec768530bca9b5c864733296f,3631.74,138.90,15.180040900,55000,54000
87df2cef0930b70ec768530bca9b5c864733296f,3666.42,140.63,15.305127990,54000,54000
87df2cef0930b70ec768530bca9b5c864733296f,3636.15,139.11,15.194115774,54000,54000
87df2cef0930b70ec768530bca9b5c864733296f,3656.36,139.36,15.289518750,54000,54000
87df2cef0930b70ec768530bca9b5c864733296f,3656.70,139.57,15.298763502,55000,54000
87df2cef0930b70ec768530bca9b5c864733296f,3632.27,138.58,15.199862464,55000,54000
87df2cef0930b70ec768530bca9b5c864733296f,3658.34,139.56,15.285166626,54000,54000
87df2cef0930b70ec768530bca9b5c864733296f,3652.29,139.32,15.268195079,55000,55000
87df2cef0930b70ec768530bca9b5c864733296f,3643.82,139.62,15.223187507,55000,55000
87df2cef0930b70ec768530bca9b5c864733296f,3639.57,139.57,15.214776502,54000,54000
87df2cef0930b70ec768530bca9b5c864733296f,3638.75,139.17,15.209913889,54000,54000
87df2cef0930b70ec768530bca9b5c864733296f,3659.55,139.85,15.299995538,54000,54000
87df2cef0930b70ec768530bca9b5c864733296f,3647.35,138.99,15.254955014,54000,55000
87df2cef0930b70ec768530bca9b5c864733296f,3679.78,140.32,15.389974906,55000,55000
87df2cef0930b70ec768530bca9b5c864733296f,3666.34,139.78,15.310775520,55000,55000
87df2cef0930b70ec768530bca9b5c864733296f,3657.36,139.45,15.282546404,55000,54000
87df2cef0930b70ec768530bca9b5c864733296f,3671.41,140.14,15.363759147,54000,54000
87df2cef0930b70ec768530bca9b5c864733296f,3674.82,140.88,15.350234696,54000,54000
87df2cef0930b70ec768530bca9b5c864733296f,3640.21,139.80,15.210063156,54000,54000
87df2cef0930b70ec768530bca9b5c864733296f,3644.10,139.70,15.221766904,54000,55000
87df2cef0930b70ec768530bca9b5c864733296f,3663.02,140.45,15.316512611,54000,54000
87df2cef0930b70ec768530bca9b5c864733296f,3630.56,138.83,15.176672142,54000,54000
87df2cef0930b70ec768530bca9b5c864733296f,3640.53,139.41,15.216174104,54000,54000
87df2cef0930b70ec768530bca9b5c864733296f,3627.83,139.15,15.167581976,54000,54000
87df2cef0930b70ec768530bca9b5c864733296f,3685.20,141.45,15.403472758,55000,55000
87df2cef0930b70ec768530bca9b5c864733296f,3652.03,139.87,15.263303144,55000,54000
87df2cef0930b70ec768530bca9b5c864733296f,3640.25,139.08,15.231996643,55000,56000
87df2cef0930b70ec768530bca9b5c864733296f,3662.27,140.41,15.305167560,54000,56000
c8d98dcb3ed65054cb9814f272b5027ea4a8fc54,3650.36,139.44,15.266766546,55000,54000
c8d98dcb3ed65054cb9814f272b5027ea4a8fc54,3646.82,139.35,15.231813834,54000,55000
c8d98dcb3ed65054cb9814f272b5027ea4a8fc54,3674.59,140.40,15.371476744,54000,54000
c8d98dcb3ed65054cb9814f272b5027ea4a8fc54,3638.44,139.35,15.196860817,55000,55000
c8d98dcb3ed65054cb9814f272b5027ea4a8fc54,3682.48,140.65,15.402616135,54000,54000
c8d98dcb3ed65054cb9814f272b5027ea4a8fc54,3644.04,139.13,15.242797935,54000,54000
c8d98dcb3ed65054cb9814f272b5027ea4a8fc54,3647.30,139.65,15.256340064,55000,55000
c8d98dcb3ed65054cb9814f272b5027ea4a8fc54,3665.11,140.17,15.295525755,54000,54000
c8d98dcb3ed65054cb9814f272b5027ea4a8fc54,3671.22,140.59,15.357424993,55000,55000
c8d98dcb3ed65054cb9814f272b5027ea4a8fc54,3624.51,138.30,15.180133833,54000,54000
c8d98dcb3ed65054cb9814f272b5027ea4a8fc54,3647.43,139.48,15.250935395,55000,54000
c8d98dcb3ed65054cb9814f272b5027ea4a8fc54,3651.24,139.42,15.247779163,55000,55000
c8d98dcb3ed65054cb9814f272b5027ea4a8fc54,3637.89,139.25,15.190203968,54000,54000
c8d98dcb3ed65054cb9814f272b5027ea4a8fc54,3641.97,139.72,15.230027697,54000,54000
c8d98dcb3ed65054cb9814f272b5027ea4a8fc54,3675.30,140.20,15.350470969,55000,55000
c8d98dcb3ed65054cb9814f272b5027ea4a8fc54,3634.58,139.24,15.196053488,56000,54000
c8d98dcb3ed65054cb9814f272b5027ea4a8fc54,3657.54,140.51,15.281032870,54000,55000
c8d98dcb3ed65054cb9814f272b5027ea4a8fc54,3636.26,139.41,15.206657922,56000,56000
c8d98dcb3ed65054cb9814f272b5027ea4a8fc54,3635.78,138.63,15.208275739,54000,54000
c8d98dcb3ed65054cb9814f272b5027ea4a8fc54,3665.87,140.42,15.332601181,54000,54000
c8d98dcb3ed65054cb9814f272b5027ea4a8fc54,3643.74,139.58,15.229466677,54000,54000
c8d98dcb3ed65054cb9814f272b5027ea4a8fc54,3655.67,139.91,15.289003371,55000,54000
c8d98dcb3ed65054cb9814f272b5027ea4a8fc54,3621.66,138.91,15.155384761,54000,54000
c8d98dcb3ed65054cb9814f272b5027ea4a8fc54,3640.02,139.53,15.224133921,54000,55000
c8d98dcb3ed65054cb9814f272b5027ea4a8fc54,3654.71,140.43,15.275383328,55000,55000
c8d98dcb3ed65054cb9814f272b5027ea4a8fc54,3654.51,139.79,15.251503837,54000,54000
c8d98dcb3ed65054cb9814f272b5027ea4a8fc54,3661.20,140.16,15.307404682,55000,55000
c8d98dcb3ed65054cb9814f272b5027ea4a8fc54,3672.05,140.58,15.334439169,54000,55000
c8d98dcb3ed65054cb9814f272b5027ea4a8fc54,3630.92,138.90,15.188186671,55000,55000
c8d98dcb3ed65054cb9814f272b5027ea4a8fc54,3672.84,140.05,15.339631903,54000,55000
7bc6273f4d59b7981df8b64d49a7fbdad0b47442,3650.83,140.16,15.242837399,55000,54000
7bc6273f4d59b7981df8b64d49a7fbdad0b47442,3651.14,139.57,15.284153859,54000,55000
7bc6273f4d59b7981df8b64d49a7fbdad0b47442,3652.70,140.05,15.285007694,54000,55000
7bc6273f4d59b7981df8b64d49a7fbdad0b47442,3646.57,139.72,15.241124594,56000,54000
7bc6273f4d59b7981df8b64d49a7fbdad0b47442,3650.79,139.83,15.269456135,55000,54000
7bc6273f4d59b7981df8b64d49a7fbdad0b47442,3642.23,139.19,15.225245379,55000,55000
7bc6273f4d59b7981df8b64d49a7fbdad0b47442,3643.26,139.22,15.238450859,54000,54000
7bc6273f4d59b7981df8b64d49a7fbdad0b47442,3630.45,138.13,15.219286939,54000,54000
7bc6273f4d59b7981df8b64d49a7fbdad0b47442,3632.68,138.95,15.198906512,54000,54000
7bc6273f4d59b7981df8b64d49a7fbdad0b47442,3657.85,139.82,15.302618784,55000,56000
7bc6273f4d59b7981df8b64d49a7fbdad0b47442,3638.99,139.05,15.216659377,54000,55000
7bc6273f4d59b7981df8b64d49a7fbdad0b47442,3626.96,138.54,15.176335688,54000,54000
7bc6273f4d59b7981df8b64d49a7fbdad0b47442,3632.94,138.55,15.190430466,55000,54000
7bc6273f4d59b7981df8b64d49a7fbdad0b47442,3655.28,140.11,15.279323957,54000,55000
7bc6273f4d59b7981df8b64d49a7fbdad0b47442,3645.75,139.48,15.224575836,54000,54000
7bc6273f4d59b7981df8b64d49a7fbdad0b47442,3653.20,140.13,15.257774390,54000,55000
7bc6273f4d59b7981df8b64d49a7fbdad0b47442,3660.94,140.21,15.296256842,55000,54000
7bc6273f4d59b7981df8b64d49a7fbdad0b47442,3649.84,140.24,15.250491992,55000,55000
7bc6273f4d59b7981df8b64d49a7fbdad0b47442,3674.16,140.84,15.357199926,54000,55000
7bc6273f4d59b7981df8b64d49a7fbdad0b47442,3638.92,139.17,15.212628346,54000,55000
7bc6273f4d59b7981df8b64d49a7fbdad0b47442,3665.80,140.21,15.302624501,55000,55000
7bc6273f4d59b7981df8b64d49a7fbdad0b47442,3662.99,140.65,15.297253126,54000,55000
7bc6273f4d59b7981df8b64d49a7fbdad0b47442,3666.80,140.72,15.349131145,54000,55000
7bc6273f4d59b7981df8b64d49a7fbdad0b47442,3642.76,139.46,15.249389358,54000,54000
7bc6273f4d59b7981df8b64d49a7fbdad0b47442,3645.79,139.82,15.248845430,54000,55000
7bc6273f4d59b7981df8b64d49a7fbdad0b47442,3642.36,139.77,15.224942224,54000,55000
7bc6273f4d59b7981df8b64d49a7fbdad0b47442,3654.43,139.97,15.295863301,55000,54000
7bc6273f4d59b7981df8b64d49a7fbdad0b47442,3667.02,140.47,15.327698084,54000,55000
7bc6273f4d59b7981df8b64d49a7fbdad0b47442,3655.69,140.00,15.268664412,54000,54000
7bc6273f4d59b7981df8b64d49a7fbdad0b47442,3654.22,139.70,15.284009010,56000,55000
b90aaa22c46e73fb0596ffa754dbf260c3c7ae14,3643.01,139.42,15.220340858,55000,54000
b90aaa22c46e73fb0596ffa754dbf260c3c7ae14,3636.97,139.22,15.217571286,54000,54000
b90aaa22c46e73fb0596ffa754dbf260c3c7ae14,3656.69,139.05,15.277486913,54000,54000
b90aaa22c46e73fb0596ffa754dbf260c3c7ae14,3638.81,138.94,15.200443083,54000,54000
b90aaa22c46e73fb0596ffa754dbf260c3c7ae14,3658.37,140.23,15.291841772,55000,54000
b90aaa22c46e73fb0596ffa754dbf260c3c7ae14,3647.24,139.48,15.243078534,54000,54000
b90aaa22c46e73fb0596ffa754dbf260c3c7ae14,3683.85,141.17,15.402215477,55000,54000
b90aaa22c46e73fb0596ffa754dbf260c3c7ae14,3657.95,140.06,15.271611239,54000,56000
b90aaa22c46e73fb0596ffa754dbf260c3c7ae14,3656.53,139.57,15.273268973,54000,54000
b90aaa22c46e73fb0596ffa754dbf260c3c7ae14,3672.40,140.01,15.358410311,54000,54000
b90aaa22c46e73fb0596ffa754dbf260c3c7ae14,3668.61,140.19,15.328052393,54000,55000
b90aaa22c46e73fb0596ffa754dbf260c3c7ae14,3661.53,140.02,15.286732978,54000,54000
b90aaa22c46e73fb0596ffa754dbf260c3c7ae14,3659.28,140.28,15.287598713,56000,54000
b90aaa22c46e73fb0596ffa754dbf260c3c7ae14,3626.99,138.82,15.149334034,54000,55000
b90aaa22c46e73fb0596ffa754dbf260c3c7ae14,3642.49,139.56,15.222137882,54000,54000
b90aaa22c46e73fb0596ffa754dbf260c3c7ae14,3653.72,139.87,15.272904338,55000,55000
b90aaa22c46e73fb0596ffa754dbf260c3c7ae14,3652.72,139.71,15.259489178,54000,54000
b90aaa22c46e73fb0596ffa754dbf260c3c7ae14,3665.29,141.05,15.314316571,54000,55000
b90aaa22c46e73fb0596ffa754dbf260c3c7ae14,3647.74,140.03,15.242804401,54000,55000
b90aaa22c46e73fb0596ffa754dbf260c3c7ae14,3647.30,139.83,15.239709011,55000,55000
b90aaa22c46e73fb0596ffa754dbf260c3c7ae14,3644.23,139.73,15.230378857,55000,54000
b90aaa22c46e73fb0596ffa754dbf260c3c7ae14,3671.11,141.16,15.336960319,55000,55000
b90aaa22c46e73fb0596ffa754dbf260c3c7ae14,3627.67,139.12,15.177565073,54000,54000
b90aaa22c46e73fb0596ffa754dbf260c3c7ae14,3641.98,139.44,15.235469063,55000,55000
b90aaa22c46e73fb0596ffa754dbf260c3c7ae14,3680.59,141.04,15.393365575,55000,55000
b90aaa22c46e73fb0596ffa754dbf260c3c7ae14,3650.99,139.90,15.273808721,55000,56000
b90aaa22c46e73fb0596ffa754dbf260c3c7ae14,3690.34,141.18,15.437903665,54000,54000
b90aaa22c46e73fb0596ffa754dbf260c3c7ae14,3644.50,138.94,15.228466679,56000,54000
b90aaa22c46e73fb0596ffa754dbf260c3c7ae14,3664.99,140.17,15.319195224,54000,56000
b90aaa22c46e73fb0596ffa754dbf260c3c7ae14,3685.68,140.62,15.396157753,54000,55000
defed737f4416af8031294ab2d829157abf6013d,3665.81,140.42,15.317721519,55000,54000
defed737f4416af8031294ab2d829157abf6013d,3662.91,139.86,15.330841550,54000,55000
defed737f4416af8031294ab2d829157abf6013d,3650.23,139.53,15.242926107,54000,54000
defed737f4416af8031294ab2d829157abf6013d,3638.01,138.96,15.198520552,54000,55000
defed737f4416af8031294ab2d829157abf6013d,3637.04,138.80,15.199654321,54000,55000
defed737f4416af8031294ab2d829157abf6013d,3638.80,138.64,15.215059048,55000,54000
defed737f4416af8031294ab2d829157abf6013d,3643.00,139.56,15.228505796,54000,55000
defed737f4416af8031294ab2d829157abf6013d,3658.01,140.08,15.289946804,55000,55000
defed737f4416af8031294ab2d829157abf6013d,3633.56,139.11,15.205138745,54000,54000
defed737f4416af8031294ab2d829157abf6013d,3654.60,139.25,15.281155988,54000,55000
defed737f4416af8031294ab2d829157abf6013d,3658.80,139.85,15.290970893,54000,54000
defed737f4416af8031294ab2d829157abf6013d,3631.47,138.93,15.201445770,55000,54000
defed737f4416af8031294ab2d829157abf6013d,3640.78,138.91,15.223073980,55000,54000
defed737f4416af8031294ab2d829157abf6013d,3639.49,139.16,15.224293705,55000,54000
defed737f4416af8031294ab2d829157abf6013d,3644.06,139.90,15.243297132,55000,54000
defed737f4416af8031294ab2d829157abf6013d,3658.89,140.10,15.272714746,54000,56000
defed737f4416af8031294ab2d829157abf6013d,3646.45,139.64,15.218071143,55000,54000
defed737f4416af8031294ab2d829157abf6013d,3653.58,140.01,15.258786270,55000,55000
defed737f4416af8031294ab2d829157abf6013d,3647.73,139.67,15.245296387,55000,54000
defed737f4416af8031294ab2d829157abf6013d,3662.54,140.26,15.318375727,55000,54000
defed737f4416af8031294ab2d829157abf6013d,3650.05,139.31,15.270924648,55000,54000
defed737f4416af8031294ab2d829157abf6013d,3637.02,139.81,15.208811349,55000,55000
defed737f4416af8031294ab2d829157abf6013d,3646.15,139.85,15.242441763,54000,55000
defed737f4416af8031294ab2d829157abf6013d,3671.76,140.59,15.345078971,54000,55000
defed737f4416af8031294ab2d829157abf6013d,3644.96,139.70,15.233030181,54000,54000
defed737f4416af8031294ab2d829157abf6013d,3663.81,140.41,15.307103855,55000,55000
defed737f4416af8031294ab2d829157abf6013d,3651.86,139.51,15.274176875,54000,55000
defed737f4416af8031294ab2d829157abf6013d,3659.20,140.14,15.292282556,56000,55000
defed737f4416af8031294ab2d829157abf6013d,3644.17,139.60,15.245841333,55000,54000
defed737f4416af8031294ab2d829157abf6013d,3650.51,139.22,15.240984690,55000,55000
99cfd71854b8ad7351e749575831ddcdf7e28173,3652.83,139.90,15.272258153,54000,55000
99cfd71854b8ad7351e749575831ddcdf7e28173,3642.35,139.59,15.210314483,54000,55000
99cfd71854b8ad7351e749575831ddcdf7e28173,3644.93,139.34,15.270418739,54000,54000
99cfd71854b8ad7351e749575831ddcdf7e28173,3643.43,139.20,15.232895893,54000,55000
99cfd71854b8ad7351e749575831ddcdf7e28173,3652.52,139.93,15.259694139,55000,54000
99cfd71854b8ad7351e749575831ddcdf7e28173,3645.31,139.51,15.221942244,54000,54000
99cfd71854b8ad7351e749575831ddcdf7e28173,3663.92,139.15,15.300549313,54000,54000
99cfd71854b8ad7351e749575831ddcdf7e28173,3651.50,138.85,15.259115762,55000,55000
99cfd71854b8ad7351e749575831ddcdf7e28173,3628.56,138.35,15.176326883,54000,54000
99cfd71854b8ad7351e749575831ddcdf7e28173,3628.49,138.50,15.165259485,54000,55000
99cfd71854b8ad7351e749575831ddcdf7e28173,3664.81,140.42,15.315049056,55000,56000
99cfd71854b8ad7351e749575831ddcdf7e28173,3657.43,139.68,15.292490713,55000,55000
99cfd71854b8ad7351e749575831ddcdf7e28173,3667.80,139.75,15.317039902,54000,54000
99cfd71854b8ad7351e749575831ddcdf7e28173,3658.71,139.58,15.303614103,54000,55000
99cfd71854b8ad7351e749575831ddcdf7e28173,3675.70,140.29,15.359243446,54000,55000
99cfd71854b8ad7351e749575831ddcdf7e28173,3670.56,140.09,15.335287435,54000,55000
99cfd71854b8ad7351e749575831ddcdf7e28173,3641.42,139.18,15.232920890,54000,54000
99cfd71854b8ad7351e749575831ddcdf7e28173,3663.77,139.74,15.296147288,54000,54000
99cfd71854b8ad7351e749575831ddcdf7e28173,3641.29,139.37,15.211791012,55000,55000
99cfd71854b8ad7351e749575831ddcdf7e28173,3652.05,140.04,15.257208343,54000,54000
99cfd71854b8ad7351e749575831ddcdf7e28173,3667.48,140.36,15.339029711,56000,54000
99cfd71854b8ad7351e749575831ddcdf7e28173,3627.36,138.73,15.173769503,55000,54000
99cfd71854b8ad7351e749575831ddcdf7e28173,3653.62,140.25,15.286499577,54000,54000
99cfd71854b8ad7351e749575831ddcdf7e28173,3634.85,139.61,15.200364817,55000,54000
99cfd71854b8ad7351e749575831ddcdf7e28173,3658.75,140.50,15.282640396,55000,54000
99cfd71854b8ad7351e749575831ddcdf7e28173,3665.61,140.90,15.348508064,54000,54000
99cfd71854b8ad7351e749575831ddcdf7e28173,3662.64,140.61,15.303407200,55000,55000
99cfd71854b8ad7351e749575831ddcdf7e28173,3674.77,141.21,15.351117382,55000,55000
99cfd71854b8ad7351e749575831ddcdf7e28173,3665.35,140.47,15.325545789,54000,54000
99cfd71854b8ad7351e749575831ddcdf7e28173,3650.95,139.42,15.247489340,55000,56000
cd3f1cc1271d5df2bd4dea2c8684a01ee06f0ef4,3667.18,140.16,15.313167505,54000,54000
cd3f1cc1271d5df2bd4dea2c8684a01ee06f0ef4,3663.10,139.75,15.312306235,54000,54000
cd3f1cc1271d5df2bd4dea2c8684a01ee06f0ef4,3643.91,138.93,15.215662918,54000,54000
cd3f1cc1271d5df2bd4dea2c8684a01ee06f0ef4,3649.90,139.40,15.268415365,54000,55000
cd3f1cc1271d5df2bd4dea2c8684a01ee06f0ef4,3663.93,139.55,15.315245183,55000,54000
cd3f1cc1271d5df2bd4dea2c8684a01ee06f0ef4,3642.76,138.62,15.230721937,54000,55000
cd3f1cc1271d5df2bd4dea2c8684a01ee06f0ef4,3638.68,138.53,15.221670251,55000,56000
cd3f1cc1271d5df2bd4dea2c8684a01ee06f0ef4,3649.68,139.14,15.250094842,54000,55000
cd3f1cc1271d5df2bd4dea2c8684a01ee06f0ef4,3647.62,139.14,15.265355634,54000,56000
cd3f1cc1271d5df2bd4dea2c8684a01ee06f0ef4,3671.29,140.24,15.357542767,55000,55000
cd3f1cc1271d5df2bd4dea2c8684a01ee06f0ef4,3655.61,139.88,15.281561776,55000,54000
cd3f1cc1271d5df2bd4dea2c8684a01ee06f0ef4,3674.62,140.07,15.354991073,54000,55000
cd3f1cc1271d5df2bd4dea2c8684a01ee06f0ef4,3630.67,138.40,15.195366304,54000,54000
cd3f1cc1271d5df2bd4dea2c8684a01ee06f0ef4,3669.48,140.15,15.355560896,54000,55000
cd3f1cc1271d5df2bd4dea2c8684a01ee06f0ef4,3652.68,139.53,15.264457249,56000,54000
cd3f1cc1271d5df2bd4dea2c8684a01ee06f0ef4,3648.16,139.63,15.246536815,54000,55000
cd3f1cc1271d5df2bd4dea2c8684a01ee06f0ef4,3641.70,139.79,15.229153110,55000,55000
cd3f1cc1271d5df2bd4dea2c8684a01ee06f0ef4,3634.54,139.25,15.213089822,54000,55000
cd3f1cc1271d5df2bd4dea2c8684a01ee06f0ef4,3657.70,140.10,15.302411895,55000,54000
cd3f1cc1271d5df2bd4dea2c8684a01ee06f0ef4,3652.42,140.29,15.261669515,56000,55000
cd3f1cc1271d5df2bd4dea2c8684a01ee06f0ef4,3666.25,140.39,15.321891392,54000,54000
cd3f1cc1271d5df2bd4dea2c8684a01ee06f0ef4,3632.62,139.31,15.203684698,54000,54000
cd3f1cc1271d5df2bd4dea2c8684a01ee06f0ef4,3662.87,140.89,15.322130372,54000,54000
cd3f1cc1271d5df2bd4dea2c8684a01ee06f0ef4,3657.03,140.33,15.299847237,55000,54000
cd3f1cc1271d5df2bd4dea2c8684a01ee06f0ef4,3646.16,139.97,15.246752433,54000,55000
cd3f1cc1271d5df2bd4dea2c8684a01ee06f0ef4,3641.86,139.13,15.217369812,54000,54000
cd3f1cc1271d5df2bd4dea2c8684a01ee06f0ef4,3667.40,140.51,15.319103911,55000,54000
cd3f1cc1271d5df2bd4dea2c8684a01ee06f0ef4,3645.92,140.10,15.238326684,55000,54000
cd3f1cc1271d5df2bd4dea2c8684a01ee06f0ef4,3660.21,139.99,15.297138787,55000,54000
cd3f1cc1271d5df2bd4dea2c8684a01ee06f0ef4,3648.65,139.35,15.272193267,54000,55000
f18b9b593522f79258607781c2bc40fdc54ee0da,3639.91,139.62,15.213044941,54000,54000
f18b9b593522f79258607781c2bc40fdc54ee0da,3634.57,138.68,15.195507718,54000,54000
f18b9b593522f79258607781c2bc40fdc54ee0da,3655.55,139.97,15.261310676,55000,56000
f18b9b593522f79258607781c2bc40fdc54ee0da,3668.12,140.14,15.329667667,55000,55000
f18b9b593522f79258607781c2bc40fdc54ee0da,3647.31,139.45,15.238898768,54000,55000
f18b9b593522f79258607781c2bc40fdc54ee0da,3650.91,140.14,15.255148229,54000,54000
f18b9b593522f79258607781c2bc40fdc54ee0da,3659.03,140.01,15.292304622,55000,54000
f18b9b593522f79258607781c2bc40fdc54ee0da,3667.46,140.20,15.331181773,54000,54000
f18b9b593522f79258607781c2bc40fdc54ee0da,3643.21,138.97,15.228660385,54000,55000
f18b9b593522f79258607781c2bc40fdc54ee0da,3646.68,139.10,15.250789225,55000,55000
f18b9b593522f79258607781c2bc40fdc54ee0da,3633.26,138.31,15.211672390,54000,54000
f18b9b593522f79258607781c2bc40fdc54ee0da,3644.57,139.22,15.218501626,55000,54000
f18b9b593522f79258607781c2bc40fdc54ee0da,3651.87,139.51,15.244560491,54000,54000
f18b9b593522f79258607781c2bc40fdc54ee0da,3639.82,138.48,15.211787330,55000,55000
f18b9b593522f79258607781c2bc40fdc54ee0da,3658.64,139.41,15.287846477,54000,54000
f18b9b593522f79258607781c2bc40fdc54ee0da,3664.80,140.05,15.314149035,55000,55000
f18b9b593522f79258607781c2bc40fdc54ee0da,3645.04,139.04,15.249847922,54000,55000
f18b9b593522f79258607781c2bc40fdc54ee0da,3654.54,139.46,15.290203300,55000,54000
f18b9b593522f79258607781c2bc40fdc54ee0da,3635.24,138.89,15.165181177,54000,55000
f18b9b593522f79258607781c2bc40fdc54ee0da,3683.20,140.79,15.409454318,54000,54000
f18b9b593522f79258607781c2bc40fdc54ee0da,3642.66,139.16,15.237199334,54000,55000
f18b9b593522f79258607781c2bc40fdc54ee0da,3673.74,140.79,15.356343080,55000,55000
f18b9b593522f79258607781c2bc40fdc54ee0da,3634.24,139.78,15.189401172,54000,54000
f18b9b593522f79258607781c2bc40fdc54ee0da,3647.26,139.77,15.270519266,54000,55000
f18b9b593522f79258607781c2bc40fdc54ee0da,3640.74,139.50,15.219032340,54000,54000
f18b9b593522f79258607781c2bc40fdc54ee0da,3673.58,141.01,15.351867735,55000,55000
f18b9b593522f79258607781c2bc40fdc54ee0da,3650.86,140.32,15.263851177,54000,55000
f18b9b593522f79258607781c2bc40fdc54ee0da,3661.86,140.04,15.295551729,54000,54000
f18b9b593522f79258607781c2bc40fdc54ee0da,3627.19,138.55,15.159199416,54000,54000
f18b9b593522f79258607781c2bc40fdc54ee0da,3632.83,138.92,15.189598634,54000,54000
ef1c2273f6bb0acc25caaabf9fcb9ebba452a068,3634.90,138.99,15.202986462,55000,54000
ef1c2273f6bb0acc25caaabf9fcb9ebba452a068,3636.69,138.96,15.200753032,54000,54000
ef1c2273f6bb0acc25caaabf9fcb9ebba452a068,3641.69,139.36,15.234445252,55000,54000
ef1c2273f6bb0acc25caaabf9fcb9ebba452a068,3646.58,139.56,15.252311137,54000,54000
ef1c2273f6bb0acc25caaabf9fcb9ebba452a068,3655.49,139.50,15.285209561,55000,54000
ef1c2273f6bb0acc25caaabf9fcb9ebba452a068,3674.57,140.16,15.373896735,55000,55000
ef1c2273f6bb0acc25caaabf9fcb9ebba452a068,3656.05,139.54,15.282128878,54000,54000
ef1c2273f6bb0acc25caaabf9fcb9ebba452a068,3638.91,138.17,15.205291694,54000,55000
ef1c2273f6bb0acc25caaabf9fcb9ebba452a068,3649.47,138.88,15.244424992,55000,55000
ef1c2273f6bb0acc25caaabf9fcb9ebba452a068,3642.60,138.59,15.238192965,55000,54000
ef1c2273f6bb0acc25caaabf9fcb9ebba452a068,3642.79,138.72,15.231872682,54000,54000
ef1c2273f6bb0acc25caaabf9fcb9ebba452a068,3663.95,139.92,15.323850823,54000,54000
ef1c2273f6bb0acc25caaabf9fcb9ebba452a068,3630.77,138.89,15.186037567,54000,54000
ef1c2273f6bb0acc25caaabf9fcb9ebba452a068,3637.38,138.93,15.205073917,54000,54000
ef1c2273f6bb0acc25caaabf9fcb9ebba452a068,3654.14,139.10,15.304428366,54000,54000
ef1c2273f6bb0acc25caaabf9fcb9ebba452a068,3649.77,139.23,15.272042014,54000,54000
ef1c2273f6bb0acc25caaabf9fcb9ebba452a068,3630.45,138.57,15.176758547,54000,54000
ef1c2273f6bb0acc25caaabf9fcb9ebba452a068,3648.20,139.39,15.256280309,54000,54000
ef1c2273f6bb0acc25caaabf9fcb9ebba452a068,3645.53,139.66,15.253525857,55000,54000
ef1c2273f6bb0acc25caaabf9fcb9ebba452a068,3642.09,139.98,15.218467159,54000,54000
ef1c2273f6bb0acc25caaabf9fcb9ebba452a068,3659.04,140.58,15.288199162,54000,55000
ef1c2273f6bb0acc25caaabf9fcb9ebba452a068,3655.51,139.74,15.284730170,55000,54000
ef1c2273f6bb0acc25caaabf9fcb9ebba452a068,3659.35,140.57,15.282960467,54000,54000
ef1c2273f6bb0acc25caaabf9fcb9ebba452a068,3650.98,139.81,15.258493647,55000,54000
ef1c2273f6bb0acc25caaabf9fcb9ebba452a068,3633.08,139.39,15.199468127,54000,54000
ef1c2273f6bb0acc25caaabf9fcb9ebba452a068,3652.02,140.35,15.276983390,54000,54000
ef1c2273f6bb0acc25caaabf9fcb9ebba452a068,3660.99,140.58,15.314543755,54000,55000
ef1c2273f6bb0acc25caaabf9fcb9ebba452a068,3648.90,139.80,15.266016971,54000,54000
ef1c2273f6bb0acc25caaabf9fcb9ebba452a068,3648.50,139.68,15.251235801,55000,54000
ef1c2273f6bb0acc25caaabf9fcb9ebba452a068,3655.87,139.89,15.298635864,55000,55000
5a2ffaec0392aa18320a5f4099d28bb0fef297ab,3668.16,140.28,15.324036899,55000,55000
5a2ffaec0392aa18320a5f4099d28bb0fef297ab,3657.12,139.81,15.295289861,54000,54000
5a2ffaec0392aa18320a5f4099d28bb0fef297ab,3637.76,138.84,15.213743236,54000,54000
5a2ffaec0392aa18320a5f4099d28bb0fef297ab,3639.78,139.33,15.210951368,55000,54000
5a2ffaec0392aa18320a5f4099d28bb0fef297ab,3663.85,139.64,15.319483566,54000,54000
5a2ffaec0392aa18320a5f4099d28bb0fef297ab,3653.85,139.17,15.258786436,55000,54000
5a2ffaec0392aa18320a5f4099d28bb0fef297ab,3647.69,139.43,15.244068567,55000,56000
5a2ffaec0392aa18320a5f4099d28bb0fef297ab,3641.04,138.99,15.205851247,55000,55000
5a2ffaec0392aa18320a5f4099d28bb0fef297ab,3660.88,140.01,15.305562440,54000,54000
5a2ffaec0392aa18320a5f4099d28bb0fef297ab,3669.65,140.49,15.367917211,54000,54000
5a2ffaec0392aa18320a5f4099d28bb0fef297ab,3636.31,139.14,15.214609387,54000,54000
5a2ffaec0392aa18320a5f4099d28bb0fef297ab,3654.32,139.17,15.270921748,54000,54000
5a2ffaec0392aa18320a5f4099d28bb0fef297ab,3621.34,138.22,15.142350255,54000,54000
5a2ffaec0392aa18320a5f4099d28bb0fef297ab,3636.20,139.01,15.213336992,55000,55000
5a2ffaec0392aa18320a5f4099d28bb0fef297ab,3664.34,140.00,15.309566173,55000,54000
5a2ffaec0392aa18320a5f4099d28bb0fef297ab,3638.49,139.38,15.195331330,55000,55000
5a2ffaec0392aa18320a5f4099d28bb0fef297ab,3642.49,139.45,15.237049857,55000,54000
5a2ffaec0392aa18320a5f4099d28bb0fef297ab,3660.65,140.53,15.306875859,54000,54000
5a2ffaec0392aa18320a5f4099d28bb0fef297ab,3660.51,140.06,15.306095247,54000,54000
5a2ffaec0392aa18320a5f4099d28bb0fef297ab,3633.91,139.02,15.185979575,54000,55000
5a2ffaec0392aa18320a5f4099d28bb0fef297ab,3641.48,139.23,15.235939814,54000,54000
5a2ffaec0392aa18320a5f4099d28bb0fef297ab,3651.94,140.16,15.271846840,54000,55000
5a2ffaec0392aa18320a5f4099d28bb0fef297ab,3671.28,140.65,15.337746305,54000,54000
5a2ffaec0392aa18320a5f4099d28bb0fef297ab,3652.57,140.18,15.277353889,54000,54000
5a2ffaec0392aa18320a5f4099d28bb0fef297ab,3636.06,139.19,15.208336824,54000,54000
5a2ffaec0392aa18320a5f4099d28bb0fef297ab,3650.43,139.71,15.276766300,54000,54000
5a2ffaec0392aa18320a5f4099d28bb0fef297ab,3665.37,139.99,15.334325010,54000,55000
5a2ffaec0392aa18320a5f4099d28bb0fef297ab,3651.25,139.92,15.270205137,55000,55000
5a2ffaec0392aa18320a5f4099d28bb0fef297ab,3648.34,140.13,15.266588107,55000,54000
5a2ffaec0392aa18320a5f4099d28bb0fef297ab,3641.17,139.72,15.213481870,55000,55000
9ef13475510a73e53baa8571346b79d07163252d,3659.05,139.92,15.296434581,54000,55000
9ef13475510a73e53baa8571346b79d07163252d,3633.65,139.38,15.200143220,54000,54000
9ef13475510a73e53baa8571346b79d07163252d,3634.41,139.02,15.214383972,55000,54000
9ef13475510a73e53baa8571346b79d07163252d,3647.61,139.24,15.252288750,54000,54000
9ef13475510a73e53baa8571346b79d07163252d,3695.21,141.53,15.454782071,54000,54000
9ef13475510a73e53baa8571346b79d07163252d,3644.45,139.16,15.232906101,54000,54000
9ef13475510a73e53baa8571346b79d07163252d,3629.51,138.72,15.169115443,55000,55000
9ef13475510a73e53baa8571346b79d07163252d,3627.71,138.36,15.178131110,54000,54000
9ef13475510a73e53baa8571346b79d07163252d,3649.62,139.37,15.260636512,55000,55000
9ef13475510a73e53baa8571346b79d07163252d,3654.60,139.80,15.272894870,55000,54000
9ef13475510a73e53baa8571346b79d07163252d,3661.37,139.92,15.291298817,54000,56000
9ef13475510a73e53baa8571346b79d07163252d,3683.87,140.92,15.402888879,54000,55000
9ef13475510a73e53baa8571346b79d07163252d,3658.34,139.93,15.286156560,54000,54000
9ef13475510a73e53baa8571346b79d07163252d,3630.87,138.06,15.183954110,54000,55000
9ef13475510a73e53baa8571346b79d07163252d,3649.23,139.42,15.274431770,54000,55000
9ef13475510a73e53baa8571346b79d07163252d,3655.31,139.41,15.274390678,55000,54000
9ef13475510a73e53baa8571346b79d07163252d,3674.00,140.66,15.372419537,55000,55000
9ef13475510a73e53baa8571346b79d07163252d,3660.73,140.04,15.282614800,55000,54000
9ef13475510a73e53baa8571346b79d07163252d,3636.86,139.08,15.203497608,54000,54000
9ef13475510a73e53baa8571346b79d07163252d,3662.90,140.22,15.314358666,54000,54000
9ef13475510a73e53baa8571346b79d07163252d,3655.70,140.09,15.284018183,55000,54000
9ef13475510a73e53baa8571346b79d07163252d,3654.69,140.29,15.271656285,56000,56000
9ef13475510a73e53baa8571346b79d07163252d,3636.89,139.30,15.191428615,55000,55000
9ef13475510a73e53baa8571346b79d07163252d,3651.80,140.02,15.271182294,54000,56000
9ef13475510a73e53baa8571346b79d07163252d,3650.68,139.64,15.272679084,55000,55000
9ef13475510a73e53baa8571346b79d07163252d,3670.50,140.99,15.332064969,54000,54000
9ef13475510a73e53baa8571346b79d07163252d,3646.91,139.56,15.249103812,54000,54000
9ef13475510a73e53baa8571346b79d07163252d,3647.27,139.55,15.241621950,55000,55000
9ef13475510a73e53baa8571346b79d07163252d,3661.82,140.15,15.309868505,55000,55000
9ef13475510a73e53baa8571346b79d07163252d,3661.48,140.38,15.305449206,55000,55000
fcf6c5a1776fd9dfe3c8367871d15e5f70ca10ec,3643.45,138.84,15.232871298,54000,54000
fcf6c5a1776fd9dfe3c8367871d15e5f70ca10ec,3616.29,138.23,15.133792498,54000,55000
fcf6c5a1776fd9dfe3c8367871d15e5f70ca10ec,3626.73,138.54,15.165442005,55000,54000
fcf6c5a1776fd9dfe3c8367871d15e5f70ca10ec,3642.12,139.63,15.220479193,54000,55000
fcf6c5a1776fd9dfe3c8367871d15e5f70ca10ec,3651.57,140.05,15.250962926,54000,54000
fcf6c5a1776fd9dfe3c8367871d15e5f70ca10ec,3636.02,139.14,15.228923214,54000,55000
fcf6c5a1776fd9dfe3c8367871d15e5f70ca10ec,3640.88,139.04,15.227479033,54000,56000
fcf6c5a1776fd9dfe3c8367871d15e5f70ca10ec,3641.25,138.85,15.227338620,54000,54000
fcf6c5a1776fd9dfe3c8367871d15e5f70ca10ec,3644.87,138.88,15.218009864,55000,54000
fcf6c5a1776fd9dfe3c8367871d15e5f70ca10ec,3646.02,138.95,15.232995717,54000,54000
fcf6c5a1776fd9dfe3c8367871d15e5f70ca10ec,3641.95,138.86,15.219748850,54000,54000
fcf6c5a1776fd9dfe3c8367871d15e5f70ca10ec,3691.11,141.06,15.444373664,54000,54000
fcf6c5a1776fd9dfe3c8367871d15e5f70ca10ec,3639.43,139.06,15.214380559,54000,54000
fcf6c5a1776fd9dfe3c8367871d15e5f70ca10ec,3697.41,140.96,15.461678286,55000,54000
fcf6c5a1776fd9dfe3c8367871d15e5f70ca10ec,3662.50,139.74,15.322032173,54000,55000
fcf6c5a1776fd9dfe3c8367871d15e5f70ca10ec,3648.69,139.07,15.267775580,55000,54000
fcf6c5a1776fd9dfe3c8367871d15e5f70ca10ec,3665.54,140.52,15.318636182,55000,54000
fcf6c5a1776fd9dfe3c8367871d15e5f70ca10ec,3654.37,139.65,15.270837137,55000,56000
fcf6c5a1776fd9dfe3c8367871d15e5f70ca10ec,3645.19,139.67,15.230897455,54000,54000
fcf6c5a1776fd9dfe3c8367871d15e5f70ca10ec,3661.06,139.95,15.317251660,55000,56000
fcf6c5a1776fd9dfe3c8367871d15e5f70ca10ec,3660.26,140.06,15.300188777,55000,55000
fcf6c5a1776fd9dfe3c8367871d15e5f70ca10ec,3651.13,139.66,15.268730316,55000,55000
fcf6c5a1776fd9dfe3c8367871d15e5f70ca10ec,3651.63,140.02,15.268511186,55000,54000
fcf6c5a1776fd9dfe3c8367871d15e5f70ca10ec,3640.88,139.82,15.211171183,54000,54000
fcf6c5a1776fd9dfe3c8367871d15e5f70ca10ec,3650.92,139.76,15.264368102,54000,54000
fcf6c5a1776fd9dfe3c8367871d15e5f70ca10ec,3652.06,140.11,15.271764252,54000,54000
fcf6c5a1776fd9dfe3c8367871d15e5f70ca10ec,3635.98,138.91,15.213207277,54000,54000
fcf6c5a1776fd9dfe3c8367871d15e5f70ca10ec,3649.74,139.97,15.257794662,55000,55000
fcf6c5a1776fd9dfe3c8367871d15e5f70ca10ec,3656.18,139.47,15.298109260,56000,55000
fcf6c5a1776fd9dfe3c8367871d15e5f70ca10ec,3635.18,139.28,15.213434053,54000,56000
e2d29871b957e38145b105bd54d0d4529bd07da9,3639.50,139.32,15.213276111,55000,54000
e2d29871b957e38145b105bd54d0d4529bd07da9,3645.13,139.92,15.255045973,55000,54000
e2d29871b957e38145b105bd54d0d4529bd07da9,3667.87,140.46,15.324889832,54000,55000
e2d29871b957e38145b105bd54d0d4529bd07da9,3648.51,139.09,15.251720537,55000,55000
e2d29871b957e38145b105bd54d0d4529bd07da9,3644.67,139.18,15.225969725,54000,54000
e2d29871b957e38145b105bd54d0d4529bd07da9,3630.05,138.49,15.184588153,54000,54000
e2d29871b957e38145b105bd54d0d4529bd07da9,3660.50,139.40,15.311755376,55000,54000
e2d29871b957e38145b105bd54d0d4529bd07da9,3688.05,140.54,15.411590869,55000,54000
e2d29871b957e38145b105bd54d0d4529bd07da9,3640.90,138.84,15.230290242,55000,55000
e2d29871b957e38145b105bd54d0d4529bd07da9,3632.26,138.60,15.198825805,55000,55000
e2d29871b957e38145b105bd54d0d4529bd07da9,3653.51,139.57,15.273062070,55000,55000
e2d29871b957e38145b105bd54d0d4529bd07da9,3654.30,139.66,15.272638587,55000,54000
e2d29871b957e38145b105bd54d0d4529bd07da9,3638.33,139.30,15.208350886,56000,54000
e2d29871b957e38145b105bd54d0d4529bd07da9,3674.32,140.24,15.368953492,55000,54000
e2d29871b957e38145b105bd54d0d4529bd07da9,3643.73,139.14,15.234330245,54000,55000
e2d29871b957e38145b105bd54d0d4529bd07da9,3665.00,140.26,15.330848431,56000,54000
e2d29871b957e38145b105bd54d0d4529bd07da9,3671.01,140.62,15.363659963,55000,54000
e2d29871b957e38145b105bd54d0d4529bd07da9,3656.13,140.12,15.276140680,54000,54000
e2d29871b957e38145b105bd54d0d4529bd07da9,3654.93,140.13,15.278597219,54000,55000
e2d29871b957e38145b105bd54d0d4529bd07da9,3656.05,139.80,15.289946233,55000,55000
e2d29871b957e38145b105bd54d0d4529bd07da9,3651.50,139.91,15.239763235,55000,56000
e2d29871b957e38145b105bd54d0d4529bd07da9,3643.14,139.17,15.230313239,55000,54000
e2d29871b957e38145b105bd54d0d4529bd07da9,3676.06,140.70,15.389217738,55000,54000
e2d29871b957e38145b105bd54d0d4529bd07da9,3660.86,140.33,15.307251283,54000,54000
e2d29871b957e38145b105bd54d0d4529bd07da9,3639.64,139.48,15.224658158,54000,54000
e2d29871b957e38145b105bd54d0d4529bd07da9,3635.18,139.11,15.208777515,55000,55000
e2d29871b957e38145b105bd54d0d4529bd07da9,3637.36,139.15,15.208807008,54000,55000
e2d29871b957e38145b105bd54d0d4529bd07da9,3668.22,140.52,15.333059764,55000,55000
e2d29871b957e38145b105bd54d0d4529bd07da9,3685.50,141.23,15.400590099,56000,55000
e2d29871b957e38145b105bd54d0d4529bd07da9,3647.00,139.79,15.246466516,55000,55000
32c15ac93a1c665f91b104c5b537fd1161a044bb,3650.56,139.53,15.265685111,54000,55000
32c15ac93a1c665f91b104c5b537fd1161a044bb,3627.30,138.55,15.172518976,54000,54000
32c15ac93a1c665f91b104c5b537fd1161a044bb,3659.44,139.99,15.306736786,54000,55000
32c15ac93a1c665f91b104c5b537fd1161a044bb,3616.18,138.03,15.132944266,55000,55000
32c15ac93a1c665f91b104c5b537fd1161a044bb,3647.69,138.82,15.259365152,54000,54000
32c15ac93a1c665f91b104c5b537fd1161a044bb,3647.70,139.61,15.265524346,55000,55000
32c15ac93a1c665f91b104c5b537fd1161a044bb,3643.63,139.29,15.227461626,54000,54000
32c15ac93a1c665f91b104c5b537fd1161a044bb,3647.37,138.68,15.265977984,54000,56000
32c15ac93a1c665f91b104c5b537fd1161a044bb,3681.74,140.11,15.433227397,54000,54000
32c15ac93a1c665f91b104c5b537fd1161a044bb,3656.92,139.47,15.283643895,54000,54000
32c15ac93a1c665f91b104c5b537fd1161a044bb,3657.41,139.49,15.312239579,55000,54000
32c15ac93a1c665f91b104c5b537fd1161a044bb,3638.65,139.54,15.205959564,54000,56000
32c15ac93a1c665f91b104c5b537fd1161a044bb,3624.70,138.53,15.148431692,55000,55000
32c15ac93a1c665f91b104c5b537fd1161a044bb,3635.81,139.06,15.197012896,55000,54000
32c15ac93a1c665f91b104c5b537fd1161a044bb,3624.25,139.13,15.166647257,55000,55000
32c15ac93a1c665f91b104c5b537fd1161a044bb,3628.92,139.14,15.165312818,55000,55000
32c15ac93a1c665f91b104c5b537fd1161a044bb,3627.73,139.04,15.164283448,54000,54000
32c15ac93a1c665f91b104c5b537fd1161a044bb,3658.68,140.15,15.284632972,54000,55000
32c15ac93a1c665f91b104c5b537fd1161a044bb,3672.69,140.74,15.354163393,55000,55000
32c15ac93a1c665f91b104c5b537fd1161a044bb,3664.89,140.71,15.320069177,55000,54000
32c15ac93a1c665f91b104c5b537fd1161a044bb,3635.72,139.15,15.174488123,54000,55000
32c15ac93a1c665f91b104c5b537fd1161a044bb,3643.74,140.03,15.236528511,55000,54000
32c15ac93a1c665f91b104c5b537fd1161a044bb,3661.80,140.22,15.330773766,54000,55000
32c15ac93a1c665f91b104c5b537fd1161a044bb,3644.73,139.56,15.241305711,55000,54000
32c15ac93a1c665f91b104c5b537fd1161a044bb,3662.37,140.52,15.288819044,54000,54000
32c15ac93a1c665f91b104c5b537fd1161a044bb,3641.71,139.83,15.232592135,54000,54000
32c15ac93a1c665f91b104c5b537fd1161a044bb,3639.88,139.80,15.222121162,54000,54000
32c15ac93a1c665f91b104c5b537fd1161a044bb,3619.81,138.95,15.157573694,55000,54000
32c15ac93a1c665f91b104c5b537fd1161a044bb,3636.35,138.96,15.216650241,56000,54000
32c15ac93a1c665f91b104c5b537fd1161a044bb,3638.37,139.13,15.211590994,55000,54000
f59fbba7be29ef66a5d43f4d6314244f640e72e6,3647.55,139.31,15.266269444,54000,54000
f59fbba7be29ef66a5d43f4d6314244f640e72e6,3621.15,138.98,15.145183310,54000,55000
f59fbba7be29ef66a5d43f4d6314244f640e72e6,3637.12,139.33,15.194841055,54000,55000
f59fbba7be29ef66a5d43f4d6314244f640e72e6,3628.16,138.44,15.160431494,55000,55000
f59fbba7be29ef66a5d43f4d6314244f640e72e6,3613.04,138.00,15.114948490,55000,55000
f59fbba7be29ef66a5d43f4d6314244f640e72e6,3665.16,139.75,15.325036417,54000,55000
f59fbba7be29ef66a5d43f4d6314244f640e72e6,3646.26,139.36,15.246128456,54000,54000
f59fbba7be29ef66a5d43f4d6314244f640e72e6,3649.61,139.20,15.256140273,54000,55000
f59fbba7be29ef66a5d43f4d6314244f640e72e6,3659.77,139.56,15.319734340,55000,54000
f59fbba7be29ef66a5d43f4d6314244f640e72e6,3623.26,138.50,15.158965105,54000,55000
f59fbba7be29ef66a5d43f4d6314244f640e72e6,3631.12,138.68,15.184149743,55000,54000
f59fbba7be29ef66a5d43f4d6314244f640e72e6,3637.73,138.29,15.202232181,54000,55000
f59fbba7be29ef66a5d43f4d6314244f640e72e6,3626.30,138.49,15.168316867,55000,55000
f59fbba7be29ef66a5d43f4d6314244f640e72e6,3638.79,138.91,15.199709752,54000,54000
f59fbba7be29ef66a5d43f4d6314244f640e72e6,3645.47,139.10,15.236597174,55000,54000
f59fbba7be29ef66a5d43f4d6314244f640e72e6,3645.59,139.17,15.252930383,54000,55000
f59fbba7be29ef66a5d43f4d6314244f640e72e6,3670.89,140.00,15.341407986,54000,55000
f59fbba7be29ef66a5d43f4d6314244f640e72e6,3660.57,139.88,15.319820825,55000,55000
f59fbba7be29ef66a5d43f4d6314244f640e72e6,3647.88,139.88,15.246135023,55000,54000
f59fbba7be29ef66a5d43f4d6314244f640e72e6,3644.93,139.26,15.233427726,56000,55000
f59fbba7be29ef66a5d43f4d6314244f640e72e6,3638.23,139.58,15.205609270,55000,54000
f59fbba7be29ef66a5d43f4d6314244f640e72e6,3619.47,138.49,15.128457762,54000,54000
f59fbba7be29ef66a5d43f4d6314244f640e72e6,3634.32,139.31,15.191713750,55000,54000
f59fbba7be29ef66a5d43f4d6314244f640e72e6,3661.52,139.94,15.316251618,55000,55000
f59fbba7be29ef66a5d43f4d6314244f640e72e6,3633.64,139.64,15.198062423,54000,54000
f59fbba7be29ef66a5d43f4d6314244f640e72e6,3625.33,139.47,15.164807600,54000,54000
f59fbba7be29ef66a5d43f4d6314244f640e72e6,3664.19,140.45,15.331580515,54000,54000
f59fbba7be29ef66a5d43f4d6314244f640e72e6,3639.70,139.85,15.225470761,54000,54000
f59fbba7be29ef66a5d43f4d6314244f640e72e6,3637.52,139.08,15.219521864,55000,55000
f59fbba7be29ef66a5d43f4d6314244f640e72e6,3621.50,138.37,15.138659469,55000,56000
e4b7555f6dbbca28c5e352c3d30ffc844abdb1ba,3619.61,138.81,15.133228919,54000,54000
e4b7555f6dbbca28c5e352c3d30ffc844abdb1ba,3641.21,139.18,15.229855575,55000,54000
e4b7555f6dbbca28c5e352c3d30ffc844abdb1ba,3670.97,140.30,15.350865335,54000,55000
e4b7555f6dbbca28c5e352c3d30ffc844abdb1ba,3647.24,139.20,15.247194877,54000,55000
e4b7555f6dbbca28c5e352c3d30ffc844abdb1ba,3657.71,139.60,15.285349320,55000,55000
e4b7555f6dbbca28c5e352c3d30ffc844abdb1ba,3659.05,139.26,15.304107723,54000,55000
e4b7555f6dbbca28c5e352c3d30ffc844abdb1ba,3620.46,137.89,15.146529623,54000,54000
e4b7555f6dbbca28c5e352c3d30ffc844abdb1ba,3650.19,138.50,15.269932138,54000,54000
e4b7555f6dbbca28c5e352c3d30ffc844abdb1ba,3638.00,138.49,15.217385567,55000,55000
e4b7555f6dbbca28c5e352c3d30ffc844abdb1ba,3618.42,138.76,15.137958024,55000,54000
e4b7555f6dbbca28c5e352c3d30ffc844abdb1ba,3635.86,138.82,15.214007848,54000,55000
e4b7555f6dbbca28c5e352c3d30ffc844abdb1ba,3649.77,139.26,15.251894371,54000,54000
e4b7555f6dbbca28c5e352c3d30ffc844abdb1ba,3618.44,138.01,15.129461819,54000,54000
e4b7555f6dbbca28c5e352c3d30ffc844abdb1ba,3640.42,138.68,15.208927913,54000,54000
e4b7555f6dbbca28c5e352c3d30ffc844abdb1ba,3643.30,138.92,15.247111556,54000,54000
e4b7555f6dbbca28c5e352c3d30ffc844abdb1ba,3637.71,139.35,15.208950044,55000,54000
e4b7555f6dbbca28c5e352c3d30ffc844abdb1ba,3634.92,138.32,15.198942330,54000,54000
e4b7555f6dbbca28c5e352c3d30ffc844abdb1ba,3640.72,139.15,15.208788774,54000,54000
e4b7555f6dbbca28c5e352c3d30ffc844abdb1ba,3648.21,139.42,15.261931895,54000,54000
e4b7555f6dbbca28c5e352c3d30ffc844abdb1ba,3624.45,138.98,15.155113357,55000,55000
e4b7555f6dbbca28c5e352c3d30ffc844abdb1ba,3653.94,139.90,15.290572279,55000,54000
e4b7555f6dbbca28c5e352c3d30ffc844abdb1ba,3679.71,141.36,15.385774618,54000,54000
e4b7555f6dbbca28c5e352c3d30ffc844abdb1ba,3634.64,139.25,15.206395722,54000,55000
e4b7555f6dbbca28c5e352c3d30ffc844abdb1ba,3652.57,140.11,15.289943548,54000,55000
e4b7555f6dbbca28c5e352c3d30ffc844abdb1ba,3645.10,139.71,15.220887867,55000,55000
e4b7555f6dbbca28c5e352c3d30ffc844abdb1ba,3635.31,139.11,15.204980004,54000,54000
e4b7555f6dbbca28c5e352c3d30ffc844abdb1ba,3636.77,139.24,15.206650684,54000,55000
e4b7555f6dbbca28c5e352c3d30ffc844abdb1ba,3641.91,139.53,15.214081464,54000,54000
e4b7555f6dbbca28c5e352c3d30ffc844abdb1ba,3620.77,138.60,15.128969259,55000,55000
e4b7555f6dbbca28c5e352c3d30ffc844abdb1ba,3651.73,139.93,15.264709771,54000,55000
90a95f0f09958791e478c81c0d786fd604ad00b2,3631.71,138.81,15.188653160,54000,54000
90a95f0f09958791e478c81c0d786fd604ad00b2,3624.72,138.85,15.163604509,55000,55000
90a95f0f09958791e478c81c0d786fd604ad00b2,3654.95,139.97,15.296708326,54000,54000
90a95f0f09958791e478c81c0d786fd604ad00b2,3665.15,139.98,15.342480418,55000,54000
90a95f0f09958791e478c81c0d786fd604ad00b2,3644.18,139.32,15.232424254,55000,54000
90a95f0f09958791e478c81c0d786fd604ad00b2,3642.45,139.02,15.209578011,55000,54000
90a95f0f09958791e478c81c0d786fd604ad00b2,3628.10,138.22,15.168972064,54000,54000
90a95f0f09958791e478c81c0d786fd604ad00b2,3632.52,138.67,15.178915161,54000,54000
90a95f0f09958791e478c81c0d786fd604ad00b2,3637.67,138.85,15.210431675,54000,55000
90a95f0f09958791e478c81c0d786fd604ad00b2,3630.15,138.56,15.171531684,55000,54000
90a95f0f09958791e478c81c0d786fd604ad00b2,3624.59,138.65,15.151420177,54000,54000
90a95f0f09958791e478c81c0d786fd604ad00b2,3664.02,140.28,15.317741847,56000,56000
90a95f0f09958791e478c81c0d786fd604ad00b2,3662.69,140.25,15.321761467,55000,55000
90a95f0f09958791e478c81c0d786fd604ad00b2,3629.63,138.38,15.168808904,54000,54000
90a95f0f09958791e478c81c0d786fd604ad00b2,3629.23,138.28,15.173551467,55000,54000
90a95f0f09958791e478c81c0d786fd604ad00b2,3634.63,138.65,15.195683431,55000,54000
90a95f0f09958791e478c81c0d786fd604ad00b2,3638.70,139.06,15.200170113,54000,54000
90a95f0f09958791e478c81c0d786fd604ad00b2,3632.84,138.65,15.168797435,55000,54000
90a95f0f09958791e478c81c0d786fd604ad00b2,3631.37,139.13,15.189574299,54000,54000
90a95f0f09958791e478c81c0d786fd604ad00b2,3659.60,139.80,15.296144860,55000,54000
90a95f0f09958791e478c81c0d786fd604ad00b2,3643.53,139.48,15.224346059,55000,55000
90a95f0f09958791e478c81c0d786fd604ad00b2,3661.09,139.89,15.286484664,55000,54000
90a95f0f09958791e478c81c0d786fd604ad00b2,3644.36,139.54,15.242209759,55000,55000
90a95f0f09958791e478c81c0d786fd604ad00b2,3623.04,138.73,15.151794325,55000,54000
90a95f0f09958791e478c81c0d786fd604ad00b2,3659.58,140.62,15.289533817,54000,55000
90a95f0f09958791e478c81c0d786fd604ad00b2,3629.59,139.10,15.178461963,54000,55000
90a95f0f09958791e478c81c0d786fd604ad00b2,3641.29,139.46,15.226722756,54000,55000
90a95f0f09958791e478c81c0d786fd604ad00b2,3631.04,138.53,15.184818315,56000,54000
90a95f0f09958791e478c81c0d786fd604ad00b2,3637.98,138.89,15.214638826,56000,54000
90a95f0f09958791e478c81c0d786fd604ad00b2,3660.74,140.01,15.301997876,55000,55000
5d9a1ff49ef99a65d3bcbf59927b6449844b8908,3650.23,139.59,15.268469498,54000,54000
5d9a1ff49ef99a65d3bcbf59927b6449844b8908,3633.76,139.37,15.192681225,54000,54000
5d9a1ff49ef99a65d3bcbf59927b6449844b8908,3636.45,138.90,15.194974400,54000,54000
5d9a1ff49ef99a65d3bcbf59927b6449844b8908,3638.12,139.04,15.204266309,54000,54000
5d9a1ff49ef99a65d3bcbf59927b6449844b8908,3643.63,139.17,15.240891999,54000,55000
5d9a1ff49ef99a65d3bcbf59927b6449844b8908,3635.41,138.71,15.195498758,55000,54000
5d9a1ff49ef99a65d3bcbf59927b6449844b8908,3634.43,138.28,15.196268830,54000,55000
5d9a1ff49ef99a65d3bcbf59927b6449844b8908,3626.20,138.28,15.163799734,54000,54000
5d9a1ff49ef99a65d3bcbf59927b6449844b8908,3649.51,139.40,15.254693499,54000,54000
5d9a1ff49ef99a65d3bcbf59927b6449844b8908,3635.76,139.01,15.195425285,55000,55000
5d9a1ff49ef99a65d3bcbf59927b6449844b8908,3618.55,138.26,15.153867719,54000,55000
5d9a1ff49ef99a65d3bcbf59927b6449844b8908,3664.68,140.04,15.310001383,54000,54000
5d9a1ff49ef99a65d3bcbf59927b6449844b8908,3622.61,138.01,15.135096470,54000,54000
5d9a1ff49ef99a65d3bcbf59927b6449844b8908,3613.21,138.10,15.125927741,54000,54000
5d9a1ff49ef99a65d3bcbf59927b6449844b8908,3632.49,138.73,15.184304668,56000,54000
5d9a1ff49ef99a65d3bcbf59927b6449844b8908,3655.65,139.58,15.290380363,54000,55000
5d9a1ff49ef99a65d3bcbf59927b6449844b8908,3620.65,138.32,15.141767888,54000,54000
5d9a1ff49ef99a65d3bcbf59927b6449844b8908,3636.85,139.34,15.202267268,55000,54000
5d9a1ff49ef99a65d3bcbf59927b6449844b8908,3620.19,138.34,15.141171768,55000,55000
5d9a1ff49ef99a65d3bcbf59927b6449844b8908,3651.39,139.69,15.269358286,55000,54000
5d9a1ff49ef99a65d3bcbf59927b6449844b8908,3652.83,140.14,15.253596344,54000,55000
5d9a1ff49ef99a65d3bcbf59927b6449844b8908,3639.73,139.54,15.208873403,54000,55000
5d9a1ff49ef99a65d3bcbf59927b6449844b8908,3630.54,139.18,15.173911800,54000,55000
5d9a1ff49ef99a65d3bcbf59927b6449844b8908,3634.76,139.13,15.198677255,54000,54000
5d9a1ff49ef99a65d3bcbf59927b6449844b8908,3643.96,139.30,15.232568028,54000,56000
5d9a1ff49ef99a65d3bcbf59927b6449844b8908,3653.73,139.64,15.266382554,54000,55000
5d9a1ff49ef99a65d3bcbf59927b6449844b8908,3641.28,140.12,15.221706680,54000,55000
5d9a1ff49ef99a65d3bcbf59927b6449844b8908,3650.20,140.18,15.262491617,54000,54000
5d9a1ff49ef99a65d3bcbf59927b6449844b8908,3626.68,138.67,15.165223479,55000,54000
5d9a1ff49ef99a65d3bcbf59927b6449844b8908,3626.50,138.14,15.144701220,55000,54000
b0facc54d7b5bfd48da5912914e4202b251b9190,3645.40,139.68,15.240664187,54000,55000
b0facc54d7b5bfd48da5912914e4202b251b9190,3630.55,138.95,15.189377484,54000,55000
b0facc54d7b5bfd48da5912914e4202b251b9190,3637.60,139.65,15.211663792,54000,54000
b0facc54d7b5bfd48da5912914e4202b251b9190,3640.94,139.64,15.194073984,54000,54000
b0facc54d7b5bfd48da5912914e4202b251b9190,3632.83,138.90,15.174382684,55000,55000
b0facc54d7b5bfd48da5912914e4202b251b9190,3639.68,138.61,15.211568647,55000,55000
b0facc54d7b5bfd48da5912914e4202b251b9190,3663.73,139.57,15.313634598,55000,54000
b0facc54d7b5bfd48da5912914e4202b251b9190,3637.51,138.61,15.221595313,55000,55000
b0facc54d7b5bfd48da5912914e4202b251b9190,3649.53,139.15,15.258446196,55000,55000
b0facc54d7b5bfd48da5912914e4202b251b9190,3654.89,139.62,15.286170466,55000,55000
b0facc54d7b5bfd48da5912914e4202b251b9190,3635.19,139.05,15.175330920,54000,54000
b0facc54d7b5bfd48da5912914e4202b251b9190,3641.02,139.21,15.242640371,54000,54000
b0facc54d7b5bfd48da5912914e4202b251b9190,3658.08,140.41,15.295396365,54000,54000
b0facc54d7b5bfd48da5912914e4202b251b9190,3625.76,138.33,15.183499122,54000,54000
b0facc54d7b5bfd48da5912914e4202b251b9190,3651.42,139.46,15.271014503,54000,55000
b0facc54d7b5bfd48da5912914e4202b251b9190,3665.12,139.99,15.336804194,54000,54000
b0facc54d7b5bfd48da5912914e4202b251b9190,3640.21,138.90,15.208876900,55000,54000
b0facc54d7b5bfd48da5912914e4202b251b9190,3626.21,138.73,15.158432920,55000,55000
b0facc54d7b5bfd48da5912914e4202b251b9190,3650.03,140.03,15.273207363,55000,54000
b0facc54d7b5bfd48da5912914e4202b251b9190,3632.98,138.98,15.184381385,54000,55000
b0facc54d7b5bfd48da5912914e4202b251b9190,3636.32,138.96,15.224386169,54000,54000
b0facc54d7b5bfd48da5912914e4202b251b9190,3634.05,139.03,15.185130563,54000,54000
b0facc54d7b5bfd48da5912914e4202b251b9190,3640.15,139.41,15.221461839,54000,54000
b0facc54d7b5bfd48da5912914e4202b251b9190,3641.87,139.38,15.229605755,54000,54000
b0facc54d7b5bfd48da5912914e4202b251b9190,3646.90,139.85,15.234002519,54000,54000
b0facc54d7b5bfd48da5912914e4202b251b9190,3637.11,139.74,15.196145794,54000,54000
b0facc54d7b5bfd48da5912914e4202b251b9190,3637.94,139.05,15.204552144,54000,54000
b0facc54d7b5bfd48da5912914e4202b251b9190,3639.41,139.41,15.207720535,54000,54000
b0facc54d7b5bfd48da5912914e4202b251b9190,3667.25,140.98,15.331298565,55000,54000
b0facc54d7b5bfd48da5912914e4202b251b9190,3644.51,138.91,15.240937974,56000,55000
8beed569558d4b6520cf5b5447de2b4cf6ff15ef,3638.57,139.37,15.204435488,54000,54000
8beed569558d4b6520cf5b5447de2b4cf6ff15ef,3639.78,139.58,15.235548422,55000,54000
8beed569558d4b6520cf5b5447de2b4cf6ff15ef,3630.89,138.40,15.198734898,55000,54000
8beed569558d4b6520cf5b5447de2b4cf6ff15ef,3648.31,139.63,15.229455723,55000,54000
8beed569558d4b6520cf5b5447de2b4cf6ff15ef,3632.64,138.40,15.195977456,54000,54000
8beed569558d4b6520cf5b5447de2b4cf6ff15ef,3642.22,138.81,15.219050320,54000,55000
8beed569558d4b6520cf5b5447de2b4cf6ff15ef,3655.60,139.28,15.286277071,55000,54000
8beed569558d4b6520cf5b5447de2b4cf6ff15ef,3657.26,140.20,15.271812687,55000,55000
8beed569558d4b6520cf5b5447de2b4cf6ff15ef,3646.88,139.48,15.244022024,55000,55000
8beed569558d4b6520cf5b5447de2b4cf6ff15ef,3633.39,138.74,15.203242387,54000,54000
8beed569558d4b6520cf5b5447de2b4cf6ff15ef,3638.35,138.78,15.217391619,54000,55000
8beed569558d4b6520cf5b5447de2b4cf6ff15ef,3646.10,139.72,15.238527095,54000,54000
8beed569558d4b6520cf5b5447de2b4cf6ff15ef,3641.41,138.59,15.222277571,54000,54000
8beed569558d4b6520cf5b5447de2b4cf6ff15ef,3665.39,139.79,15.326848718,54000,54000
8beed569558d4b6520cf5b5447de2b4cf6ff15ef,3636.57,138.95,15.182415338,54000,55000
8beed569558d4b6520cf5b5447de2b4cf6ff15ef,3626.37,138.67,15.146421704,54000,55000
8beed569558d4b6520cf5b5447de2b4cf6ff15ef,3648.67,140.08,15.247891938,56000,54000
8beed569558d4b6520cf5b5447de2b4cf6ff15ef,3659.72,140.29,15.294449082,55000,55000
8beed569558d4b6520cf5b5447de2b4cf6ff15ef,3637.71,139.06,15.214672847,55000,55000
8beed569558d4b6520cf5b5447de2b4cf6ff15ef,3647.18,139.80,15.241382194,54000,56000
8beed569558d4b6520cf5b5447de2b4cf6ff15ef,3638.12,139.68,15.212614911,55000,55000
8beed569558d4b6520cf5b5447de2b4cf6ff15ef,3628.81,138.74,15.172578839,53000,55000
8beed569558d4b6520cf5b5447de2b4cf6ff15ef,3637.42,139.31,15.200825292,54000,55000
8beed569558d4b6520cf5b5447de2b4cf6ff15ef,3647.30,140.31,15.249480816,55000,54000
8beed569558d4b6520cf5b5447de2b4cf6ff15ef,3644.04,139.18,15.249135963,54000,54000
8beed569558d4b6520cf5b5447de2b4cf6ff15ef,3664.93,140.58,15.316133773,55000,55000
8beed569558d4b6520cf5b5447de2b4cf6ff15ef,3635.91,138.97,15.202251197,54000,54000
8beed569558d4b6520cf5b5447de2b4cf6ff15ef,3641.30,139.27,15.240326471,54000,54000
8beed569558d4b6520cf5b5447de2b4cf6ff15ef,3625.26,138.79,15.159669971,56000,54000
8beed569558d4b6520cf5b5447de2b4cf6ff15ef,3625.81,138.41,15.189341524,56000,54000
daf249f4c8055ea27e0b1b67d85a52eab120004a,3654.11,139.82,15.265302128,54000,54000
daf249f4c8055ea27e0b1b67d85a52eab120004a,3638.88,139.14,15.219887101,55000,55000
daf249f4c8055ea27e0b1b67d85a52eab120004a,3643.04,139.39,15.218842194,55000,55000
daf249f4c8055ea27e0b1b67d85a52eab120004a,3641.49,139.06,15.213803054,54000,55000
daf249f4c8055ea27e0b1b67d85a52eab120004a,3645.40,139.28,15.237534557,54000,55000
daf249f4c8055ea27e0b1b67d85a52eab120004a,3644.25,139.38,15.229541864,54000,55000
daf249f4c8055ea27e0b1b67d85a52eab120004a,3633.88,138.67,15.203297438,54000,54000
daf249f4c8055ea27e0b1b67d85a52eab120004a,3635.38,138.59,15.209501854,54000,54000
daf249f4c8055ea27e0b1b67d85a52eab120004a,3643.10,138.48,15.246230846,54000,55000
daf249f4c8055ea27e0b1b67d85a52eab120004a,3658.94,139.65,15.286200295,55000,54000
daf249f4c8055ea27e0b1b67d85a52eab120004a,3698.31,141.62,15.441764316,54000,55000
daf249f4c8055ea27e0b1b67d85a52eab120004a,3645.53,139.25,15.251595351,55000,54000
daf249f4c8055ea27e0b1b67d85a52eab120004a,3625.90,138.71,15.163344580,55000,54000
daf249f4c8055ea27e0b1b67d85a52eab120004a,3635.14,139.40,15.194380111,54000,56000
daf249f4c8055ea27e0b1b67d85a52eab120004a,3649.65,139.02,15.263721439,56000,54000
daf249f4c8055ea27e0b1b67d85a52eab120004a,3642.61,139.28,15.238179699,55000,54000
daf249f4c8055ea27e0b1b67d85a52eab120004a,3639.02,139.04,15.203160850,55000,55000
daf249f4c8055ea27e0b1b67d85a52eab120004a,3635.97,139.30,15.182171958,54000,55000
daf249f4c8055ea27e0b1b67d85a52eab120004a,3638.17,138.92,15.206089585,54000,54000
daf249f4c8055ea27e0b1b67d85a52eab120004a,3640.62,138.95,15.196601505,54000,55000
daf249f4c8055ea27e0b1b67d85a52eab120004a,3638.14,139.06,15.208427672,55000,54000
daf249f4c8055ea27e0b1b67d85a52eab120004a,3673.16,140.50,15.366757012,54000,54000
daf249f4c8055ea27e0b1b67d85a52eab120004a,3640.50,139.34,15.233429747,55000,54000
daf249f4c8055ea27e0b1b67d85a52eab120004a,3649.86,140.13,15.239059594,55000,55000
daf249f4c8055ea27e0b1b67d85a52eab120004a,3627.91,138.88,15.158144683,55000,54000
daf249f4c8055ea27e0b1b67d85a52eab120004a,3654.76,140.18,15.280748392,55000,55000
daf249f4c8055ea27e0b1b67d85a52eab120004a,3628.18,138.97,15.147663557,54000,54000
daf249f4c8055ea27e0b1b67d85a52eab120004a,3647.43,139.25,15.242774033,54000,55000
daf249f4c8055ea27e0b1b67d85a52eab120004a,3637.42,139.04,15.216744757,56000,54000
daf249f4c8055ea27e0b1b67d85a52eab120004a,3639.41,139.62,15.214012064,54000,54000
0948fc6dd869a1b6fa5301aec29bb8ef90d229cf,3635.53,139.02,15.185531229,54000,54000
0948fc6dd869a1b6fa5301aec29bb8ef90d229cf,3644.62,139.43,15.247207480,55000,54000
0948fc6dd869a1b6fa5301aec29bb8ef90d229cf,3624.11,138.59,15.160681382,54000,54000
0948fc6dd869a1b6fa5301aec29bb8ef90d229cf,3641.80,139.37,15.231108243,54000,54000
0948fc6dd869a1b6fa5301aec29bb8ef90d229cf,3628.03,138.80,15.186299762,54000,54000
0948fc6dd869a1b6fa5301aec29bb8ef90d229cf,3649.60,139.28,15.260137234,54000,55000
0948fc6dd869a1b6fa5301aec29bb8ef90d229cf,3649.68,139.09,15.267297850,54000,54000
0948fc6dd869a1b6fa5301aec29bb8ef90d229cf,3650.96,139.25,15.266514255,54000,54000
0948fc6dd869a1b6fa5301aec29bb8ef90d229cf,3642.87,139.49,15.224249514,56000,55000
0948fc6dd869a1b6fa5301aec29bb8ef90d229cf,3649.97,139.27,15.258407720,54000,55000
0948fc6dd869a1b6fa5301aec29bb8ef90d229cf,3638.85,139.31,15.197681733,54000,55000
0948fc6dd869a1b6fa5301aec29bb8ef90d229cf,3646.38,138.90,15.246731789,55000,54000
0948fc6dd869a1b6fa5301aec29bb8ef90d229cf,3673.53,140.45,15.369065207,54000,54000
0948fc6dd869a1b6fa5301aec29bb8ef90d229cf,3653.80,139.72,15.256236239,54000,54000
0948fc6dd869a1b6fa5301aec29bb8ef90d229cf,3627.72,138.68,15.182098481,55000,55000
0948fc6dd869a1b6fa5301aec29bb8ef90d229cf,3630.38,138.98,15.183380627,54000,55000
0948fc6dd869a1b6fa5301aec29bb8ef90d229cf,3645.89,139.40,15.221811272,54000,56000
0948fc6dd869a1b6fa5301aec29bb8ef90d229cf,3643.11,140.32,15.230012514,55000,54000
0948fc6dd869a1b6fa5301aec29bb8ef90d229cf,3655.16,139.97,15.267131396,55000,54000
0948fc6dd869a1b6fa5301aec29bb8ef90d229cf,3639.56,139.84,15.213459124,55000,55000
0948fc6dd869a1b6fa5301aec29bb8ef90d229cf,3622.15,138.44,15.147208041,54000,54000
0948fc6dd869a1b6fa5301aec29bb8ef90d229cf,3655.21,140.16,15.279241050,54000,54000
0948fc6dd869a1b6fa5301aec29bb8ef90d229cf,3638.85,139.57,15.225413156,54000,54000
0948fc6dd869a1b6fa5301aec29bb8ef90d229cf,3637.18,139.46,15.225777265,54000,54000
0948fc6dd869a1b6fa5301aec29bb8ef90d229cf,3654.26,140.15,15.276541821,54000,55000
0948fc6dd869a1b6fa5301aec29bb8ef90d229cf,3655.26,139.97,15.262966441,54000,54000
0948fc6dd869a1b6fa5301aec29bb8ef90d229cf,3640.21,139.75,15.222531395,55000,55000
0948fc6dd869a1b6fa5301aec29bb8ef90d229cf,3663.67,139.81,15.323923635,55000,55000
0948fc6dd869a1b6fa5301aec29bb8ef90d229cf,3633.02,139.17,15.197220248,56000,54000
0948fc6dd869a1b6fa5301aec29bb8ef90d229cf,3659.24,139.83,15.311939196,55000,55000
a126e8daa78acdf03c4e33665437523d16f5f8ac,3664.25,140.14,15.309910942,54000,54000
a126e8daa78acdf03c4e33665437523d16f5f8ac,3628.32,138.81,15.158587862,54000,54000
a126e8daa78acdf03c4e33665437523d16f5f8ac,3661.13,140.44,15.286433719,54000,54000
a126e8daa78acdf03c4e33665437523d16f5f8ac,3627.83,138.78,15.188000734,54000,55000
a126e8daa78acdf03c4e33665437523d16f5f8ac,3633.98,139.07,15.206037044,54000,55000
a126e8daa78acdf03c4e33665437523d16f5f8ac,3631.75,138.70,15.199857897,54000,54000
a126e8daa78acdf03c4e33665437523d16f5f8ac,3649.71,140.03,15.251117297,54000,54000
a126e8daa78acdf03c4e33665437523d16f5f8ac,3644.34,139.50,15.223887381,54000,54000
a126e8daa78acdf03c4e33665437523d16f5f8ac,3650.04,139.44,15.268166426,54000,54000
a126e8daa78acdf03c4e33665437523d16f5f8ac,3679.43,140.20,15.395792212,53000,54000
a126e8daa78acdf03c4e33665437523d16f5f8ac,3654.23,139.73,15.257885292,55000,55000
a126e8daa78acdf03c4e33665437523d16f5f8ac,3643.61,139.09,15.209572727,54000,54000
a126e8daa78acdf03c4e33665437523d16f5f8ac,3652.91,140.23,15.239643076,54000,54000
a126e8daa78acdf03c4e33665437523d16f5f8ac,3637.26,138.82,15.204845883,54000,54000
a126e8daa78acdf03c4e33665437523d16f5f8ac,3650.04,139.80,15.250322132,54000,54000
a126e8daa78acdf03c4e33665437523d16f5f8ac,3676.47,140.79,15.360376863,54000,54000
a126e8daa78acdf03c4e33665437523d16f5f8ac,3649.56,139.49,15.256603801,55000,55000
a126e8daa78acdf03c4e33665437523d16f5f8ac,3643.17,139.59,15.226040171,54000,54000
a126e8daa78acdf03c4e33665437523d16f5f8ac,3639.82,139.31,15.212323049,54000,55000
a126e8daa78acdf03c4e33665437523d16f5f8ac,3645.17,139.40,15.242396974,54000,54000
a126e8daa78acdf03c4e33665437523d16f5f8ac,3661.88,140.45,15.287911231,55000,55000
a126e8daa78acdf03c4e33665437523d16f5f8ac,3664.17,140.07,15.317895842,55000,54000
a126e8daa78acdf03c4e33665437523d16f5f8ac,3643.34,139.74,15.240392344,54000,54000
a126e8daa78acdf03c4e33665437523d16f5f8ac,3654.08,140.31,15.269036243,54000,54000
a126e8daa78acdf03c4e33665437523d16f5f8ac,3604.07,138.17,15.057312693,55000,54000
a126e8daa78acdf03c4e33665437523d16f5f8ac,3652.47,139.87,15.255840164,55000,54000
a126e8daa78acdf03c4e33665437523d16f5f8ac,3641.42,139.41,15.214635490,56000,55000
a126e8daa78acdf03c4e33665437523d16f5f8ac,3643.06,140.08,15.242335779,55000,54000
a126e8daa78acdf03c4e33665437523d16f5f8ac,3683.45,140.90,15.405850402,55000,55000
a126e8daa78acdf03c4e33665437523d16f5f8ac,3653.84,139.33,15.263287727,54000,54000
cda9fb5d2a0e41309851a23db8cdd1b620fde3e8,3643.15,139.61,15.231349185,54000,54000
cda9fb5d2a0e41309851a23db8cdd1b620fde3e8,3636.15,138.84,15.208028641,54000,55000
cda9fb5d2a0e41309851a23db8cdd1b620fde3e8,3643.97,139.49,15.248306991,54000,54000
cda9fb5d2a0e41309851a23db8cdd1b620fde3e8,3652.80,139.66,15.277996906,55000,54000
cda9fb5d2a0e41309851a23db8cdd1b620fde3e8,3628.27,138.66,15.165806179,54000,55000
cda9fb5d2a0e41309851a23db8cdd1b620fde3e8,3627.51,138.38,15.171873431,54000,54000
cda9fb5d2a0e41309851a23db8cdd1b620fde3e8,3639.43,139.20,15.216351412,54000,54000
cda9fb5d2a0e41309851a23db8cdd1b620fde3e8,3637.30,138.52,15.204909984,54000,54000
cda9fb5d2a0e41309851a23db8cdd1b620fde3e8,3647.51,139.00,15.247630639,54000,54000
cda9fb5d2a0e41309851a23db8cdd1b620fde3e8,3642.10,138.79,15.228249972,54000,54000
cda9fb5d2a0e41309851a23db8cdd1b620fde3e8,3644.77,139.69,15.226883678,55000,55000
cda9fb5d2a0e41309851a23db8cdd1b620fde3e8,3650.86,139.30,15.277724027,54000,55000
cda9fb5d2a0e41309851a23db8cdd1b620fde3e8,3631.47,139.00,15.189484625,54000,54000
cda9fb5d2a0e41309851a23db8cdd1b620fde3e8,3645.55,139.73,15.234843427,54000,55000
cda9fb5d2a0e41309851a23db8cdd1b620fde3e8,3632.85,139.04,15.183176504,54000,54000
cda9fb5d2a0e41309851a23db8cdd1b620fde3e8,3638.41,138.77,15.193042848,55000,54000
cda9fb5d2a0e41309851a23db8cdd1b620fde3e8,3646.02,139.12,15.243660605,54000,54000
cda9fb5d2a0e41309851a23db8cdd1b620fde3e8,3653.29,139.68,15.263865645,54000,54000
cda9fb5d2a0e41309851a23db8cdd1b620fde3e8,3649.40,139.43,15.269417271,55000,54000
cda9fb5d2a0e41309851a23db8cdd1b620fde3e8,3638.32,139.65,15.235494959,55000,55000
cda9fb5d2a0e41309851a23db8cdd1b620fde3e8,3639.12,139.61,15.228562126,54000,54000
cda9fb5d2a0e41309851a23db8cdd1b620fde3e8,3652.97,139.53,15.280340975,54000,54000
cda9fb5d2a0e41309851a23db8cdd1b620fde3e8,3659.54,140.37,15.283318394,56000,54000
cda9fb5d2a0e41309851a23db8cdd1b620fde3e8,3632.84,139.16,15.190096585,56000,56000
cda9fb5d2a0e41309851a23db8cdd1b620fde3e8,3643.07,139.74,15.230176555,54000,54000
cda9fb5d2a0e41309851a23db8cdd1b620fde3e8,3630.95,139.29,15.189746043,54000,54000
cda9fb5d2a0e41309851a23db8cdd1b620fde3e8,3638.29,139.73,15.226039393,55000,55000
cda9fb5d2a0e41309851a23db8cdd1b620fde3e8,3651.32,139.57,15.267859683,54000,54000
cda9fb5d2a0e41309851a23db8cdd1b620fde3e8,3623.87,138.56,15.153490730,55000,55000
cda9fb5d2a0e41309851a23db8cdd1b620fde3e8,3643.92,138.98,15.229331479,55000,55000
5539c994db242bee87c58de79400a8416ffccdc3,3661.10,139.67,15.308038450,54000,54000
5539c994db242bee87c58de79400a8416ffccdc3,3646.20,139.58,15.246131196,55000,54000
5539c994db242bee87c58de79400a8416ffccdc3,3639.23,139.31,15.234785528,56000,55000
5539c994db242bee87c58de79400a8416ffccdc3,3642.40,139.26,15.217858517,54000,54000
5539c994db242bee87c58de79400a8416ffccdc3,3667.13,140.46,15.324184612,55000,55000
5539c994db242bee87c58de79400a8416ffccdc3,3655.34,139.89,15.263106353,54000,54000
5539c994db242bee87c58de79400a8416ffccdc3,3656.07,139.43,15.263755889,55000,55000
5539c994db242bee87c58de79400a8416ffccdc3,3659.13,139.74,15.292702806,54000,54000
5539c994db242bee87c58de79400a8416ffccdc3,3645.69,139.60,15.237431252,56000,54000
5539c994db242bee87c58de79400a8416ffccdc3,3643.05,139.49,15.237094543,54000,55000
5539c994db242bee87c58de79400a8416ffccdc3,3637.02,139.23,15.208836086,54000,55000
5539c994db242bee87c58de79400a8416ffccdc3,3641.75,139.00,15.213943462,55000,54000
5539c994db242bee87c58de79400a8416ffccdc3,3656.24,139.28,15.274382718,54000,55000
5539c994db242bee87c58de79400a8416ffccdc3,3632.10,138.46,15.181706444,55000,55000
5539c994db242bee87c58de79400a8416ffccdc3,3651.60,139.42,15.268028825,55000,55000
5539c994db242bee87c58de79400a8416ffccdc3,3656.54,139.48,15.284150143,54000,55000
5539c994db242bee87c58de79400a8416ffccdc3,3642.86,139.24,15.237106085,55000,55000
5539c994db242bee87c58de79400a8416ffccdc3,3637.60,139.45,15.197695864,54000,54000
5539c994db242bee87c58de79400a8416ffccdc3,3648.41,139.28,15.258963319,54000,55000
5539c994db242bee87c58de79400a8416ffccdc3,3631.87,139.34,15.176528149,54000,55000
5539c994db242bee87c58de79400a8416ffccdc3,3647.82,140.19,15.246347196,54000,54000
5539c994db242bee87c58de79400a8416ffccdc3,3648.25,139.74,15.246221163,54000,55000
5539c994db242bee87c58de79400a8416ffccdc3,3635.29,139.28,15.194938665,54000,54000
5539c994db242bee87c58de79400a8416ffccdc3,3667.70,140.50,15.328052568,55000,54000
5539c994db242bee87c58de79400a8416ffccdc3,3634.73,139.45,15.199835466,54000,55000
5539c994db242bee87c58de79400a8416ffccdc3,3624.90,138.74,15.171736004,55000,54000
5539c994db242bee87c58de79400a8416ffccdc3,3657.70,140.23,15.304000077,55000,55000
5539c994db242bee87c58de79400a8416ffccdc3,3660.81,140.42,15.281997854,56000,55000
5539c994db242bee87c58de79400a8416ffccdc3,3624.83,138.62,15.147239236,54000,55000
5539c994db242bee87c58de79400a8416ffccdc3,3659.64,139.85,15.300967775,54000,55000
046a6bfaa6a67b9e6739df65aae336b2a5155823,3645.09,138.93,15.237914358,54000,54000
046a6bfaa6a67b9e6739df65aae336b2a5155823,3651.31,139.58,15.254130390,54000,54000
046a6bfaa6a67b9e6739df65aae336b2a5155823,3682.20,140.99,15.381507555,54000,55000
046a6bfaa6a67b9e6739df65aae336b2a5155823,3648.22,139.69,15.260485474,54000,54000
046a6bfaa6a67b9e6739df65aae336b2a5155823,3648.02,140.04,15.236618289,55000,54000
046a6bfaa6a67b9e6739df65aae336b2a5155823,3636.96,139.54,15.196566209,55000,54000
046a6bfaa6a67b9e6739df65aae336b2a5155823,3624.00,138.70,15.177877869,54000,55000
046a6bfaa6a67b9e6739df65aae336b2a5155823,3645.37,139.77,15.226369006,55000,54000
046a6bfaa6a67b9e6739df65aae336b2a5155823,3633.57,139.11,15.184556166,54000,54000
046a6bfaa6a67b9e6739df65aae336b2a5155823,3654.71,139.34,15.283037768,54000,55000
046a6bfaa6a67b9e6739df65aae336b2a5155823,3636.81,138.49,15.216339623,54000,54000
046a6bfaa6a67b9e6739df65aae336b2a5155823,3666.45,140.28,15.316009000,55000,54000
046a6bfaa6a67b9e6739df65aae336b2a5155823,3648.54,139.11,15.268659365,54000,54000
046a6bfaa6a67b9e6739df65aae336b2a5155823,3637.49,139.09,15.218134648,55000,54000
046a6bfaa6a67b9e6739df65aae336b2a5155823,3670.92,140.27,15.363582791,55000,54000
046a6bfaa6a67b9e6739df65aae336b2a5155823,3644.66,139.74,15.248337448,54000,55000
046a6bfaa6a67b9e6739df65aae336b2a5155823,3641.24,139.36,15.223858323,54000,54000
046a6bfaa6a67b9e6739df65aae336b2a5155823,3647.75,139.38,15.249297958,54000,54000
046a6bfaa6a67b9e6739df65aae336b2a5155823,3637.91,138.56,15.238063995,54000,54000
046a6bfaa6a67b9e6739df65aae336b2a5155823,3665.81,140.44,15.305250735,55000,55000
046a6bfaa6a67b9e6739df65aae336b2a5155823,3683.99,140.94,15.407676328,54000,55000
046a6bfaa6a67b9e6739df65aae336b2a5155823,3644.34,140.11,15.217341952,55000,54000
046a6bfaa6a67b9e6739df65aae336b2a5155823,3642.12,139.28,15.220412428,55000,55000
046a6bfaa6a67b9e6739df65aae336b2a5155823,3656.84,139.77,15.288729567,54000,55000
046a6bfaa6a67b9e6739df65aae336b2a5155823,3649.09,139.88,15.276013169,54000,54000
046a6bfaa6a67b9e6739df65aae336b2a5155823,3640.22,139.61,15.224426149,55000,56000
046a6bfaa6a67b9e6739df65aae336b2a5155823,3665.45,140.36,15.307151819,55000,54000
046a6bfaa6a67b9e6739df65aae336b2a5155823,3653.52,140.09,15.255666012,54000,55000
046a6bfaa6a67b9e6739df65aae336b2a5155823,3673.17,140.47,15.353142076,54000,54000
046a6bfaa6a67b9e6739df65aae336b2a5155823,3663.27,140.53,15.293678479,55000,55000
ee6501aef92fb1b6a32f0afa473ce100ac07c225,3630.66,138.92,15.173783906,54000,54000
ee6501aef92fb1b6a32f0afa473ce100ac07c225,3651.27,139.81,15.273046888,54000,55000
ee6501aef92fb1b6a32f0afa473ce100ac07c225,3635.35,139.04,15.201531479,54000,54000
ee6501aef92fb1b6a32f0afa473ce100ac07c225,3647.31,139.14,15.256683602,55000,54000
ee6501aef92fb1b6a32f0afa473ce100ac07c225,3639.99,139.02,15.215725019,54000,55000
ee6501aef92fb1b6a32f0afa473ce100ac07c225,3639.97,138.49,15.216612884,55000,54000
ee6501aef92fb1b6a32f0afa473ce100ac07c225,3650.89,139.16,15.249945726,54000,55000
ee6501aef92fb1b6a32f0afa473ce100ac07c225,3640.98,138.81,15.223224018,54000,54000
ee6501aef92fb1b6a32f0afa473ce100ac07c225,3647.82,139.41,15.256060860,55000,54000
ee6501aef92fb1b6a32f0afa473ce100ac07c225,3650.89,139.45,15.258310805,54000,54000
ee6501aef92fb1b6a32f0afa473ce100ac07c225,3657.98,139.86,15.284482378,54000,54000
ee6501aef92fb1b6a32f0afa473ce100ac07c225,3659.69,139.86,15.297919224,54000,55000
ee6501aef92fb1b6a32f0afa473ce100ac07c225,3663.73,140.10,15.335431414,55000,54000
ee6501aef92fb1b6a32f0afa473ce100ac07c225,3643.33,139.12,15.229005391,55000,55000
ee6501aef92fb1b6a32f0afa473ce100ac07c225,3636.20,139.02,15.198747712,54000,55000
ee6501aef92fb1b6a32f0afa473ce100ac07c225,3694.84,140.67,15.458698672,54000,55000
ee6501aef92fb1b6a32f0afa473ce100ac07c225,3661.86,140.33,15.289343332,54000,54000
ee6501aef92fb1b6a32f0afa473ce100ac07c225,3664.25,140.43,15.315469127,54000,54000
ee6501aef92fb1b6a32f0afa473ce100ac07c225,3642.16,139.65,15.226045532,54000,55000
ee6501aef92fb1b6a32f0afa473ce100ac07c225,3632.24,138.63,15.186190613,54000,55000
ee6501aef92fb1b6a32f0afa473ce100ac07c225,3639.12,139.43,15.233815758,55000,54000
ee6501aef92fb1b6a32f0afa473ce100ac07c225,3648.69,140.24,15.244280666,54000,55000
ee6501aef92fb1b6a32f0afa473ce100ac07c225,3656.92,139.93,15.278173955,55000,55000
ee6501aef92fb1b6a32f0afa473ce100ac07c225,3647.10,140.12,15.237846394,54000,54000
ee6501aef92fb1b6a32f0afa473ce100ac07c225,3660.69,139.89,15.319702353,54000,55000
ee6501aef92fb1b6a32f0afa473ce100ac07c225,3656.63,140.23,15.284898580,55000,54000
ee6501aef92fb1b6a32f0afa473ce100ac07c225,3671.15,141.36,15.345310318,54000,55000
ee6501aef92fb1b6a32f0afa473ce100ac07c225,3651.98,139.74,15.265130415,54000,54000
ee6501aef92fb1b6a32f0afa473ce100ac07c225,3628.17,138.77,15.174636257,55000,54000
ee6501aef92fb1b6a32f0afa473ce100ac07c225,3636.11,139.10,15.208802698,55000,55000
4a55d52107c603f142e40c24d373a2ed5acdb2c9,3666.44,140.55,15.330087379,54000,54000
4a55d52107c603f142e40c24d373a2ed5acdb2c9,3658.18,139.52,15.296612607,54000,54000
4a55d52107c603f142e40c24d373a2ed5acdb2c9,3650.39,139.38,15.255536668,55000,55000
4a55d52107c603f142e40c24d373a2ed5acdb2c9,3683.37,140.78,15.401910619,54000,54000
4a55d52107c603f142e40c24d373a2ed5acdb2c9,3643.03,138.84,15.223753881,54000,54000
4a55d52107c603f142e40c24d373a2ed5acdb2c9,3653.62,139.13,15.277737705,54000,54000
4a55d52107c603f142e40c24d373a2ed5acdb2c9,3684.68,141.27,15.396512688,55000,55000
4a55d52107c603f142e40c24d373a2ed5acdb2c9,3662.87,139.94,15.318634647,55000,54000
4a55d52107c603f142e40c24d373a2ed5acdb2c9,3675.79,140.48,15.385822240,54000,55000
4a55d52107c603f142e40c24d373a2ed5acdb2c9,3645.57,139.27,15.230795525,55000,55000
4a55d52107c603f142e40c24d373a2ed5acdb2c9,3630.49,138.47,15.188722940,55000,55000
4a55d52107c603f142e40c24d373a2ed5acdb2c9,3682.63,140.66,15.402571570,55000,56000
4a55d52107c603f142e40c24d373a2ed5acdb2c9,3635.82,139.13,15.194607584,56000,55000
4a55d52107c603f142e40c24d373a2ed5acdb2c9,3662.44,139.54,15.317777277,54000,55000
4a55d52107c603f142e40c24d373a2ed5acdb2c9,3648.81,139.30,15.253925634,55000,54000
4a55d52107c603f142e40c24d373a2ed5acdb2c9,3667.24,140.27,15.339369440,55000,54000
4a55d52107c603f142e40c24d373a2ed5acdb2c9,3640.88,139.45,15.202819649,55000,54000
4a55d52107c603f142e40c24d373a2ed5acdb2c9,3635.45,139.51,15.202926643,54000,54000
4a55d52107c603f142e40c24d373a2ed5acdb2c9,3662.47,140.66,15.297510019,55000,54000
4a55d52107c603f142e40c24d373a2ed5acdb2c9,3679.64,140.95,15.384706909,54000,56000
4a55d52107c603f142e40c24d373a2ed5acdb2c9,3641.83,139.98,15.220450924,54000,55000
4a55d52107c603f142e40c24d373a2ed5acdb2c9,3648.00,139.50,15.261622992,55000,54000
4a55d52107c603f142e40c24d373a2ed5acdb2c9,3634.02,139.34,15.195581584,54000,55000
4a55d52107c603f142e40c24d373a2ed5acdb2c9,3655.23,140.76,15.293600447,54000,54000
4a55d52107c603f142e40c24d373a2ed5acdb2c9,3671.75,140.56,15.354210389,55000,55000
4a55d52107c603f142e40c24d373a2ed5acdb2c9,3671.46,140.81,15.327798366,55000,55000
4a55d52107c603f142e40c24d373a2ed5acdb2c9,3647.53,140.02,15.246448784,55000,54000
4a55d52107c603f142e40c24d373a2ed5acdb2c9,3666.30,140.11,15.355329018,55000,56000
4a55d52107c603f142e40c24d373a2ed5acdb2c9,3643.45,139.05,15.229383491,55000,55000
4a55d52107c603f142e40c24d373a2ed5acdb2c9,3644.44,139.39,15.254563235,55000,56000
2667c1f83a85cdfa96a652b939e9d9d8da21de42,3627.25,138.53,15.177368478,54000,54000
2667c1f83a85cdfa96a652b939e9d9d8da21de42,3671.90,140.33,15.368478473,55000,55000
2667c1f83a85cdfa96a652b939e9d9d8da21de42,3678.29,140.63,15.360635442,54000,56000
2667c1f83a85cdfa96a652b939e9d9d8da21de42,3632.11,138.38,15.185916649,54000,54000
2667c1f83a85cdfa96a652b939e9d9d8da21de42,3642.09,138.59,15.222075553,54000,54000
2667c1f83a85cdfa96a652b939e9d9d8da21de42,3635.73,138.93,15.201676446,54000,54000
2667c1f83a85cdfa96a652b939e9d9d8da21de42,3664.16,139.57,15.315436252,54000,55000
2667c1f83a85cdfa96a652b939e9d9d8da21de42,3647.54,139.12,15.246691087,54000,54000
2667c1f83a85cdfa96a652b939e9d9d8da21de42,3654.60,139.78,15.268704652,55000,54000
2667c1f83a85cdfa96a652b939e9d9d8da21de42,3641.80,139.43,15.214374289,54000,54000
2667c1f83a85cdfa96a652b939e9d9d8da21de42,3650.52,139.35,15.268130694,55000,55000
2667c1f83a85cdfa96a652b939e9d9d8da21de42,3642.69,139.09,15.222841578,55000,55000
2667c1f83a85cdfa96a652b939e9d9d8da21de42,3655.36,139.66,15.255109621,54000,54000
2667c1f83a85cdfa96a652b939e9d9d8da21de42,3647.98,139.14,15.264359301,54000,54000
2667c1f83a85cdfa96a652b939e9d9d8da21de42,3677.58,140.17,15.382356016,54000,54000
2667c1f83a85cdfa96a652b939e9d9d8da21de42,3650.48,139.73,15.257523119,55000,55000
2667c1f83a85cdfa96a652b939e9d9d8da21de42,3647.47,139.24,15.259637573,54000,54000
2667c1f83a85cdfa96a652b939e9d9d8da21de42,3661.56,140.00,15.305010263,55000,55000
2667c1f83a85cdfa96a652b939e9d9d8da21de42,3670.75,140.73,15.335638500,56000,56000
2667c1f83a85cdfa96a652b939e9d9d8da21de42,3648.44,139.64,15.250147337,54000,55000
2667c1f83a85cdfa96a652b939e9d9d8da21de42,3682.67,140.81,15.396789316,54000,54000
2667c1f83a85cdfa96a652b939e9d9d8da21de42,3671.79,140.21,15.351584888,54000,54000
2667c1f83a85cdfa96a652b939e9d9d8da21de42,3638.28,139.45,15.213081168,54000,55000
2667c1f83a85cdfa96a652b939e9d9d8da21de42,3653.85,140.24,15.271936376,55000,55000
2667c1f83a85cdfa96a652b939e9d9d8da21de42,3667.93,140.74,15.327187226,54000,54000
2667c1f83a85cdfa96a652b939e9d9d8da21de42,3640.19,139.68,15.211807102,55000,54000
2667c1f83a85cdfa96a652b939e9d9d8da21de42,3658.74,139.90,15.311167862,55000,56000
2667c1f83a85cdfa96a652b939e9d9d8da21de42,3654.41,139.87,15.281609615,54000,55000
2667c1f83a85cdfa96a652b939e9d9d8da21de42,3648.54,139.52,15.254997295,54000,55000
2667c1f83a85cdfa96a652b939e9d9d8da21de42,3641.11,138.71,15.213734591,55000,54000
5db4c2c4b7ce5bf5269ff9eb704ba6c631ec1e82,3622.47,139.11,15.161028447,54000,55000
5db4c2c4b7ce5bf5269ff9eb704ba6c631ec1e82,3634.90,138.82,15.197723261,54000,54000
5db4c2c4b7ce5bf5269ff9eb704ba6c631ec1e82,3640.68,139.04,15.217617019,54000,55000
5db4c2c4b7ce5bf5269ff9eb704ba6c631ec1e82,3657.92,139.52,15.294573793,55000,56000
5db4c2c4b7ce5bf5269ff9eb704ba6c631ec1e82,3664.27,139.49,15.332694314,54000,54000
5db4c2c4b7ce5bf5269ff9eb704ba6c631ec1e82,3667.85,139.92,15.328050994,55000,55000
5db4c2c4b7ce5bf5269ff9eb704ba6c631ec1e82,3648.15,139.09,15.239306126,54000,56000
5db4c2c4b7ce5bf5269ff9eb704ba6c631ec1e82,3647.68,139.39,15.272580369,54000,54000
5db4c2c4b7ce5bf5269ff9eb704ba6c631ec1e82,3661.89,140.45,15.301728710,54000,54000
5db4c2c4b7ce5bf5269ff9eb704ba6c631ec1e82,3652.13,139.79,15.278160633,54000,54000
5db4c2c4b7ce5bf5269ff9eb704ba6c631ec1e82,3640.78,138.83,15.216063346,55000,54000
5db4c2c4b7ce5bf5269ff9eb704ba6c631ec1e82,3641.33,138.59,15.216013514,55000,55000
5db4c2c4b7ce5bf5269ff9eb704ba6c631ec1e82,3642.57,138.99,15.215640007,55000,54000
5db4c2c4b7ce5bf5269ff9eb704ba6c631ec1e82,3637.52,139.03,15.207591334,56000,55000
5db4c2c4b7ce5bf5269ff9eb704ba6c631ec1e82,3635.86,139.26,15.193008946,54000,54000
5db4c2c4b7ce5bf5269ff9eb704ba6c631ec1e82,3647.69,139.83,15.251858003,55000,54000
5db4c2c4b7ce5bf5269ff9eb704ba6c631ec1e82,3632.95,138.94,15.180762636,55000,56000
5db4c2c4b7ce5bf5269ff9eb704ba6c631ec1e82,3653.00,140.10,15.277713385,54000,54000
5db4c2c4b7ce5bf5269ff9eb704ba6c631ec1e82,3642.84,139.52,15.248124301,54000,54000
5db4c2c4b7ce5bf5269ff9eb704ba6c631ec1e82,3652.01,139.66,15.256253309,55000,54000
5db4c2c4b7ce5bf5269ff9eb704ba6c631ec1e82,3649.03,140.11,15.253311306,54000,54000
5db4c2c4b7ce5bf5269ff9eb704ba6c631ec1e82,3644.63,139.67,15.228512891,54000,55000
5db4c2c4b7ce5bf5269ff9eb704ba6c631ec1e82,3653.23,139.94,15.274180586,56000,55000
5db4c2c4b7ce5bf5269ff9eb704ba6c631ec1e82,3646.59,139.50,15.250303549,55000,54000
5db4c2c4b7ce5bf5269ff9eb704ba6c631ec1e82,3643.75,139.28,15.255517695,55000,55000
5db4c2c4b7ce5bf5269ff9eb704ba6c631ec1e82,3669.68,140.77,15.341913031,55000,54000
5db4c2c4b7ce5bf5269ff9eb704ba6c631ec1e82,3651.88,139.66,15.267358227,55000,54000
5db4c2c4b7ce5bf5269ff9eb704ba6c631ec1e82,3645.83,139.40,15.235821262,55000,56000
5db4c2c4b7ce5bf5269ff9eb704ba6c631ec1e82,3649.65,140.24,15.279510409,55000,54000
5db4c2c4b7ce5bf5269ff9eb704ba6c631ec1e82,3666.68,140.41,15.305127698,55000,55000
064c11baade05531f530feffa2377e652bedc3b6,3655.99,139.74,15.281165030,54000,54000
064c11baade05531f530feffa2377e652bedc3b6,3664.07,140.34,15.300957367,55000,55000
064c11baade05531f530feffa2377e652bedc3b6,3629.69,139.23,15.184089596,55000,55000
064c11baade05531f530feffa2377e652bedc3b6,3658.91,140.33,15.299127772,55000,55000
064c11baade05531f530feffa2377e652bedc3b6,3661.25,139.98,15.292078341,54000,54000
064c11baade05531f530feffa2377e652bedc3b6,3647.13,139.35,15.240151182,56000,54000
064c11baade05531f530feffa2377e652bedc3b6,3636.88,138.78,15.202327639,55000,55000
064c11baade05531f530feffa2377e652bedc3b6,3662.85,140.05,15.317759805,54000,54000
064c11baade05531f530feffa2377e652bedc3b6,3654.45,139.60,15.299171267,54000,54000
064c11baade05531f530feffa2377e652bedc3b6,3657.34,140.07,15.281753501,54000,54000
064c11baade05531f530feffa2377e652bedc3b6,3645.23,139.93,15.248927032,54000,54000
064c11baade05531f530feffa2377e652bedc3b6,3651.77,139.56,15.262400296,54000,56000
064c11baade05531f530feffa2377e652bedc3b6,3639.75,139.52,15.221527590,54000,54000
064c11baade05531f530feffa2377e652bedc3b6,3676.15,140.41,15.341968049,55000,54000
064c11baade05531f530feffa2377e652bedc3b6,3665.14,140.65,15.325557379,54000,54000
064c11baade05531f530feffa2377e652bedc3b6,3657.22,140.05,15.298417996,55000,56000
064c11baade05531f530feffa2377e652bedc3b6,3642.87,139.42,15.228321901,55000,54000
064c11baade05531f530feffa2377e652bedc3b6,3674.04,140.26,15.347246528,54000,54000
064c11baade05531f530feffa2377e652bedc3b6,3681.01,141.36,15.395120078,55000,55000
064c11baade05531f530feffa2377e652bedc3b6,3652.39,140.11,15.254570965,54000,55000
064c11baade05531f530feffa2377e652bedc3b6,3634.22,139.41,15.193897228,54000,55000
064c11baade05531f530feffa2377e652bedc3b6,3653.76,139.90,15.269360118,54000,55000
064c11baade05531f530feffa2377e652bedc3b6,3642.68,139.97,15.223642117,54000,55000
064c11baade05531f530feffa2377e652bedc3b6,3642.98,139.96,15.223849164,54000,55000
064c11baade05531f530feffa2377e652bedc3b6,3642.31,140.24,15.237072952,54000,55000
064c11baade05531f530feffa2377e652bedc3b6,3645.16,139.40,15.243098878,55000,55000
064c11baade05531f530feffa2377e652bedc3b6,3640.90,139.24,15.232469731,55000,56000
064c11baade05531f530feffa2377e652bedc3b6,3659.19,140.32,15.284427803,55000,55000
064c11baade05531f530feffa2377e652bedc3b6,3644.72,139.41,15.235644038,55000,55000
064c11baade05531f530feffa2377e652bedc3b6,3656.49,139.95,15.274922136,55000,55000
231a5eafbe19f197bd8d861be0bb446b9dcfb38e,3650.32,139.34,15.245249797,55000,55000
231a5eafbe19f197bd8d861be0bb446b9dcfb38e,3649.78,139.53,15.262947931,54000,54000
231a5eafbe19f197bd8d861be0bb446b9dcfb38e,3654.95,139.98,15.280525672,55000,55000
231a5eafbe19f197bd8d861be0bb446b9dcfb38e,3644.19,139.32,15.237758125,54000,55000
231a5eafbe19f197bd8d861be0bb446b9dcfb38e,3658.77,139.22,15.322706236,54000,54000
231a5eafbe19f197bd8d861be0bb446b9dcfb38e,3661.78,139.95,15.306458979,55000,55000
231a5eafbe19f197bd8d861be0bb446b9dcfb38e,3654.02,139.90,15.269194708,54000,54000
231a5eafbe19f197bd8d861be0bb446b9dcfb38e,3664.43,140.02,15.300598505,55000,54000
231a5eafbe19f197bd8d861be0bb446b9dcfb38e,3657.42,139.85,15.270665714,55000,55000
231a5eafbe19f197bd8d861be0bb446b9dcfb38e,3663.30,140.14,15.312777418,53000,54000
231a5eafbe19f197bd8d861be0bb446b9dcfb38e,3652.35,139.85,15.269494706,54000,55000
231a5eafbe19f197bd8d861be0bb446b9dcfb38e,3662.51,140.01,15.287468742,55000,54000
231a5eafbe19f197bd8d861be0bb446b9dcfb38e,3639.21,139.08,15.214316484,54000,55000
231a5eafbe19f197bd8d861be0bb446b9dcfb38e,3669.65,140.20,15.326862148,54000,54000
231a5eafbe19f197bd8d861be0bb446b9dcfb38e,3656.39,139.67,15.293978543,54000,55000
231a5eafbe19f197bd8d861be0bb446b9dcfb38e,3639.44,139.48,15.231336272,54000,55000
231a5eafbe19f197bd8d861be0bb446b9dcfb38e,3653.74,139.90,15.280093971,54000,54000
231a5eafbe19f197bd8d861be0bb446b9dcfb38e,3638.98,139.85,15.224426928,54000,55000
231a5eafbe19f197bd8d861be0bb446b9dcfb38e,3661.18,140.74,15.290562557,55000,54000
231a5eafbe19f197bd8d861be0bb446b9dcfb38e,3677.10,141.18,15.347115591,54000,54000
231a5eafbe19f197bd8d861be0bb446b9dcfb38e,3655.70,140.08,15.283171226,55000,54000
231a5eafbe19f197bd8d861be0bb446b9dcfb38e,3664.74,140.28,15.310806172,55000,54000
231a5eafbe19f197bd8d861be0bb446b9dcfb38e,3665.31,140.22,15.326956605,54000,54000
231a5eafbe19f197bd8d861be0bb446b9dcfb38e,3664.16,140.34,15.328667376,54000,54000
231a5eafbe19f197bd8d861be0bb446b9dcfb38e,3673.57,141.08,15.366699905,54000,54000
231a5eafbe19f197bd8d861be0bb446b9dcfb38e,3645.05,139.82,15.234806130,54000,54000
231a5eafbe19f197bd8d861be0bb446b9dcfb38e,3645.89,139.56,15.250012268,55000,54000
231a5eafbe19f197bd8d861be0bb446b9dcfb38e,3666.69,140.59,15.326122191,54000,54000
231a5eafbe19f197bd8d861be0bb446b9dcfb38e,3649.76,139.77,15.257933840,55000,55000
231a5eafbe19f197bd8d861be0bb446b9dcfb38e,3691.91,140.81,15.430988863,55000,55000
4590b04bba1aad94c52b288ddd14cc4fe49982df,3648.48,139.50,15.245754943,54000,55000
4590b04bba1aad94c52b288ddd14cc4fe49982df,3634.17,139.54,15.202064154,56000,55000
4590b04bba1aad94c52b288ddd14cc4fe49982df,3640.90,139.51,15.231179215,54000,55000
4590b04bba1aad94c52b288ddd14cc4fe49982df,3637.15,139.14,15.204919213,55000,55000
4590b04bba1aad94c52b288ddd14cc4fe49982df,3649.66,139.68,15.252629876,55000,54000
4590b04bba1aad94c52b288ddd14cc4fe49982df,3647.02,139.50,15.253693175,55000,55000
4590b04bba1aad94c52b288ddd14cc4fe49982df,3658.25,139.62,15.269598965,54000,54000
4590b04bba1aad94c52b288ddd14cc4fe49982df,3635.59,138.70,15.204509192,54000,54000
4590b04bba1aad94c52b288ddd14cc4fe49982df,3661.39,139.81,15.312272243,55000,54000
4590b04bba1aad94c52b288ddd14cc4fe49982df,3650.46,139.68,15.253117831,55000,54000
4590b04bba1aad94c52b288ddd14cc4fe49982df,3651.02,139.21,15.254487954,55000,54000
4590b04bba1aad94c52b288ddd14cc4fe49982df,3643.97,139.22,15.231984597,54000,54000
4590b04bba1aad94c52b288ddd14cc4fe49982df,3660.97,139.97,15.290132692,54000,54000
4590b04bba1aad94c52b288ddd14cc4fe49982df,3646.68,139.23,15.233032752,54000,54000
4590b04bba1aad94c52b288ddd14cc4fe49982df,3655.12,139.46,15.279150774,54000,54000
4590b04bba1aad94c52b288ddd14cc4fe49982df,3643.80,139.17,15.239154999,54000,54000
4590b04bba1aad94c52b288ddd14cc4fe49982df,3638.15,139.00,15.193551436,54000,54000
4590b04bba1aad94c52b288ddd14cc4fe49982df,3651.68,139.89,15.260887548,54000,55000
4590b04bba1aad94c52b288ddd14cc4fe49982df,3637.46,139.12,15.210584064,55000,54000
4590b04bba1aad94c52b288ddd14cc4fe49982df,3641.45,139.59,15.207188240,54000,54000
4590b04bba1aad94c52b288ddd14cc4fe49982df,3660.15,140.18,15.292057249,54000,55000
4590b04bba1aad94c52b288ddd14cc4fe49982df,3651.18,139.89,15.254498452,55000,55000
4590b04bba1aad94c52b288ddd14cc4fe49982df,3639.45,139.31,15.195694340,54000,54000
4590b04bba1aad94c52b288ddd14cc4fe49982df,3659.16,140.25,15.288144794,55000,55000
4590b04bba1aad94c52b288ddd14cc4fe49982df,3655.85,140.13,15.280543018,54000,54000
4590b04bba1aad94c52b288ddd14cc4fe49982df,3642.21,140.13,15.219098759,55000,55000
4590b04bba1aad94c52b288ddd14cc4fe49982df,3648.04,139.74,15.233878327,55000,55000
4590b04bba1aad94c52b288ddd14cc4fe49982df,3655.01,140.41,15.253144303,54000,54000
4590b04bba1aad94c52b288ddd14cc4fe49982df,3661.53,140.55,15.309739031,54000,55000
4590b04bba1aad94c52b288ddd14cc4fe49982df,3650.24,139.48,15.260347598,54000,55000
4421489c88ade67bdeab8a0c44cec7d7122d8d20,3640.97,139.67,15.225766879,54000,54000
4421489c88ade67bdeab8a0c44cec7d7122d8d20,3634.68,139.07,15.190070926,55000,55000
4421489c88ade67bdeab8a0c44cec7d7122d8d20,3636.77,139.58,15.200744490,54000,54000
4421489c88ade67bdeab8a0c44cec7d7122d8d20,3629.60,138.65,15.191894855,54000,55000
4421489c88ade67bdeab8a0c44cec7d7122d8d20,3645.55,139.30,15.242465126,54000,54000
4421489c88ade67bdeab8a0c44cec7d7122d8d20,3645.88,138.63,15.250406856,54000,54000
4421489c88ade67bdeab8a0c44cec7d7122d8d20,3692.43,140.70,15.430416784,54000,54000
4421489c88ade67bdeab8a0c44cec7d7122d8d20,3644.23,139.10,15.243525377,54000,54000
4421489c88ade67bdeab8a0c44cec7d7122d8d20,3655.69,139.79,15.288914740,54000,54000
4421489c88ade67bdeab8a0c44cec7d7122d8d20,3632.31,139.34,15.197407126,54000,54000
4421489c88ade67bdeab8a0c44cec7d7122d8d20,3639.92,138.72,15.204226595,54000,55000
4421489c88ade67bdeab8a0c44cec7d7122d8d20,3659.13,139.52,15.284626856,55000,54000
4421489c88ade67bdeab8a0c44cec7d7122d8d20,3650.07,139.95,15.257626252,55000,54000
4421489c88ade67bdeab8a0c44cec7d7122d8d20,3638.43,139.20,15.208853139,54000,54000
4421489c88ade67bdeab8a0c44cec7d7122d8d20,3652.76,139.66,15.257666001,54000,54000
4421489c88ade67bdeab8a0c44cec7d7122d8d20,3646.53,139.63,15.232129766,54000,55000
4421489c88ade67bdeab8a0c44cec7d7122d8d20,3638.29,139.27,15.202871202,54000,54000
4421489c88ade67bdeab8a0c44cec7d7122d8d20,3656.37,139.95,15.280890314,56000,55000
4421489c88ade67bdeab8a0c44cec7d7122d8d20,3640.25,139.40,15.203876968,55000,54000
4421489c88ade67bdeab8a0c44cec7d7122d8d20,3654.25,139.95,15.264985394,55000,54000
4421489c88ade67bdeab8a0c44cec7d7122d8d20,3643.74,139.45,15.230425837,55000,54000
4421489c88ade67bdeab8a0c44cec7d7122d8d20,3659.90,140.14,15.298064769,55000,55000
4421489c88ade67bdeab8a0c44cec7d7122d8d20,3648.96,140.43,15.254286470,55000,54000
4421489c88ade67bdeab8a0c44cec7d7122d8d20,3634.28,139.93,15.197213260,54000,54000
4421489c88ade67bdeab8a0c44cec7d7122d8d20,3662.45,140.70,15.298002379,54000,54000
4421489c88ade67bdeab8a0c44cec7d7122d8d20,3651.91,139.95,15.250997830,54000,54000
4421489c88ade67bdeab8a0c44cec7d7122d8d20,3662.03,139.72,15.320701290,55000,55000
4421489c88ade67bdeab8a0c44cec7d7122d8d20,3644.06,139.91,15.228377752,55000,55000
4421489c88ade67bdeab8a0c44cec7d7122d8d20,3647.51,139.24,15.259126461,55000,55000
4421489c88ade67bdeab8a0c44cec7d7122d8d20,3639.72,139.26,15.209507518,55000,55000
f8b29c95f9668a19243945c7e12d7aeeb6d92c8d,3660.05,140.17,15.310783498,54000,54000
f8b29c95f9668a19243945c7e12d7aeeb6d92c8d,3642.09,139.71,15.213178941,55000,55000
f8b29c95f9668a19243945c7e12d7aeeb6d92c8d,3637.51,139.12,15.197207463,55000,54000
f8b29c95f9668a19243945c7e12d7aeeb6d92c8d,3643.20,139.04,15.232676236,55000,55000
f8b29c95f9668a19243945c7e12d7aeeb6d92c8d,3652.93,139.89,15.243601184,54000,54000
f8b29c95f9668a19243945c7e12d7aeeb6d92c8d,3643.63,138.95,15.218323402,54000,54000
f8b29c95f9668a19243945c7e12d7aeeb6d92c8d,3653.23,139.52,15.263980360,54000,54000
f8b29c95f9668a19243945c7e12d7aeeb6d92c8d,3628.29,138.72,15.155864745,54000,54000
f8b29c95f9668a19243945c7e12d7aeeb6d92c8d,3629.08,138.24,15.175865716,54000,54000
f8b29c95f9668a19243945c7e12d7aeeb6d92c8d,3641.48,138.72,15.220763023,54000,54000
f8b29c95f9668a19243945c7e12d7aeeb6d92c8d,3651.29,139.34,15.254879660,54000,55000
f8b29c95f9668a19243945c7e12d7aeeb6d92c8d,3678.76,140.27,15.380515124,54000,54000
f8b29c95f9668a19243945c7e12d7aeeb6d92c8d,3647.72,139.32,15.245152506,55000,54000
f8b29c95f9668a19243945c7e12d7aeeb6d92c8d,3655.13,139.94,15.278328884,55000,54000
f8b29c95f9668a19243945c7e12d7aeeb6d92c8d,3660.35,139.69,15.300777728,55000,54000
f8b29c95f9668a19243945c7e12d7aeeb6d92c8d,3633.21,139.06,15.185063732,54000,54000
f8b29c95f9668a19243945c7e12d7aeeb6d92c8d,3637.82,139.07,15.197093538,54000,54000
f8b29c95f9668a19243945c7e12d7aeeb6d92c8d,3655.47,139.69,15.275839258,55000,55000
f8b29c95f9668a19243945c7e12d7aeeb6d92c8d,3630.72,138.88,15.172220769,54000,55000
f8b29c95f9668a19243945c7e12d7aeeb6d92c8d,3638.91,139.52,15.225589000,54000,55000
f8b29c95f9668a19243945c7e12d7aeeb6d92c8d,3658.86,139.85,15.302855410,55000,55000
f8b29c95f9668a19243945c7e12d7aeeb6d92c8d,3656.02,140.16,15.263951648,56000,55000
f8b29c95f9668a19243945c7e12d7aeeb6d92c8d,3662.01,140.35,15.317105157,54000,54000
f8b29c95f9668a19243945c7e12d7aeeb6d92c8d,3659.80,139.76,15.290483570,54000,55000
f8b29c95f9668a19243945c7e12d7aeeb6d92c8d,3657.27,140.64,15.291923814,54000,54000
f8b29c95f9668a19243945c7e12d7aeeb6d92c8d,3652.98,140.32,15.249845147,54000,54000
f8b29c95f9668a19243945c7e12d7aeeb6d92c8d,3656.66,139.96,15.294904671,55000,54000
f8b29c95f9668a19243945c7e12d7aeeb6d92c8d,3651.32,139.52,15.265323009,54000,54000
f8b29c95f9668a19243945c7e12d7aeeb6d92c8d,3648.28,139.77,15.251866821,54000,55000
f8b29c95f9668a19243945c7e12d7aeeb6d92c8d,3633.55,138.53,15.176011686,55000,56000
ccd4df76a897971f9aa14b42279eba46eb89d8cc,3647.64,139.58,15.255525411,54000,55000
ccd4df76a897971f9aa14b42279eba46eb89d8cc,3641.64,139.48,15.231859779,55000,55000
ccd4df76a897971f9aa14b42279eba46eb89d8cc,3637.44,139.57,15.204559862,54000,55000
ccd4df76a897971f9aa14b42279eba46eb89d8cc,3651.55,139.91,15.267762826,55000,55000
ccd4df76a897971f9aa14b42279eba46eb89d8cc,3666.45,140.19,15.309982380,54000,54000
ccd4df76a897971f9aa14b42279eba46eb89d8cc,3640.10,138.99,15.218389190,54000,54000
ccd4df76a897971f9aa14b42279eba46eb89d8cc,3702.69,141.05,15.475365963,54000,54000
ccd4df76a897971f9aa14b42279eba46eb89d8cc,3643.98,138.84,15.233993449,55000,54000
ccd4df76a897971f9aa14b42279eba46eb89d8cc,3662.05,140.32,15.298845635,56000,55000
ccd4df76a897971f9aa14b42279eba46eb89d8cc,3642.33,139.52,15.226350575,55000,55000
ccd4df76a897971f9aa14b42279eba46eb89d8cc,3660.59,139.77,15.279900436,55000,54000
ccd4df76a897971f9aa14b42279eba46eb89d8cc,3656.48,139.50,15.271043083,55000,54000
ccd4df76a897971f9aa14b42279eba46eb89d8cc,3668.87,140.01,15.348297103,54000,55000
ccd4df76a897971f9aa14b42279eba46eb89d8cc,3662.71,140.49,15.304614607,54000,54000
ccd4df76a897971f9aa14b42279eba46eb89d8cc,3637.81,139.18,15.217519878,54000,54000
ccd4df76a897971f9aa14b42279eba46eb89d8cc,3633.15,139.26,15.187219415,54000,54000
ccd4df76a897971f9aa14b42279eba46eb89d8cc,3656.20,139.78,15.279831446,55000,55000
ccd4df76a897971f9aa14b42279eba46eb89d8cc,3655.11,140.11,15.265899361,55000,54000
ccd4df76a897971f9aa14b42279eba46eb89d8cc,3688.61,141.59,15.421403803,56000,55000
ccd4df76a897971f9aa14b42279eba46eb89d8cc,3652.56,140.18,15.260210385,55000,54000
ccd4df76a897971f9aa14b42279eba46eb89d8cc,3660.67,140.33,15.290873777,55000,55000
ccd4df76a897971f9aa14b42279eba46eb89d8cc,3645.73,139.70,15.239359573,55000,55000
ccd4df76a897971f9aa14b42279eba46eb89d8cc,3671.98,141.18,15.335838111,54000,55000
ccd4df76a897971f9aa14b42279eba46eb89d8cc,3646.64,139.98,15.253065813,55000,54000
ccd4df76a897971f9aa14b42279eba46eb89d8cc,3650.40,140.06,15.260688950,54000,54000
ccd4df76a897971f9aa14b42279eba46eb89d8cc,3657.72,139.52,15.295933859,55000,54000
ccd4df76a897971f9aa14b42279eba46eb89d8cc,3655.72,140.11,15.283313480,55000,56000
ccd4df76a897971f9aa14b42279eba46eb89d8cc,3634.75,139.54,15.202619484,54000,55000
ccd4df76a897971f9aa14b42279eba46eb89d8cc,3651.67,139.97,15.250360124,55000,55000
ccd4df76a897971f9aa14b42279eba46eb89d8cc,3656.84,140.18,15.274368317,55000,55000
2b44e55621c194cdb3abcdbfe4579d3e76421f00,3659.25,139.63,15.319552696,54000,54000
2b44e55621c194cdb3abcdbfe4579d3e76421f00,3662.08,140.17,15.324728471,54000,54000
2b44e55621c194cdb3abcdbfe4579d3e76421f00,3675.31,140.62,15.360195439,54000,55000
2b44e55621c194cdb3abcdbfe4579d3e76421f00,3640.05,139.15,15.221085651,54000,55000
2b44e55621c194cdb3abcdbfe4579d3e76421f00,3646.59,139.45,15.239569655,55000,54000
2b44e55621c194cdb3abcdbfe4579d3e76421f00,3648.24,139.12,15.263749743,55000,56000
2b44e55621c194cdb3abcdbfe4579d3e76421f00,3664.52,139.98,15.312153598,55000,55000
2b44e55621c194cdb3abcdbfe4579d3e76421f00,3649.01,139.56,15.235514651,54000,55000
2b44e55621c194cdb3abcdbfe4579d3e76421f00,3650.38,139.57,15.264744910,55000,55000
2b44e55621c194cdb3abcdbfe4579d3e76421f00,3647.46,139.49,15.262322945,55000,54000
2b44e55621c194cdb3abcdbfe4579d3e76421f00,3637.40,139.42,15.212428487,54000,54000
2b44e55621c194cdb3abcdbfe4579d3e76421f00,3663.50,140.13,15.296329058,54000,54000
2b44e55621c194cdb3abcdbfe4579d3e76421f00,3675.02,140.49,15.361366253,55000,55000
2b44e55621c194cdb3abcdbfe4579d3e76421f00,3664.43,140.05,15.314516297,54000,55000
2b44e55621c194cdb3abcdbfe4579d3e76421f00,3650.63,139.32,15.267176671,54000,55000
2b44e55621c194cdb3abcdbfe4579d3e76421f00,3654.66,139.85,15.277092336,55000,55000
2b44e55621c194cdb3abcdbfe4579d3e76421f00,3649.68,140.03,15.244401349,55000,56000
2b44e55621c194cdb3abcdbfe4579d3e76421f00,3655.98,140.47,15.278689739,55000,55000
2b44e55621c194cdb3abcdbfe4579d3e76421f00,3680.35,141.22,15.391453527,54000,55000
2b44e55621c194cdb3abcdbfe4579d3e76421f00,3691.63,141.44,15.430134385,54000,54000
2b44e55621c194cdb3abcdbfe4579d3e76421f00,3689.29,141.42,15.410861028,54000,54000
2b44e55621c194cdb3abcdbfe4579d3e76421f00,3673.07,140.39,15.370348358,55000,55000
2b44e55621c194cdb3abcdbfe4579d3e76421f00,3644.55,139.70,15.226822354,54000,55000
2b44e55621c194cdb3abcdbfe4579d3e76421f00,3649.30,140.05,15.259348843,54000,54000
2b44e55621c194cdb3abcdbfe4579d3e76421f00,3667.24,140.62,15.342452285,55000,55000
2b44e55621c194cdb3abcdbfe4579d3e76421f00,3630.95,139.22,15.182843929,54000,54000
2b44e55621c194cdb3abcdbfe4579d3e76421f00,3653.65,139.93,15.258317578,54000,55000
2b44e55621c194cdb3abcdbfe4579d3e76421f00,3684.71,141.79,15.383423487,55000,55000
2b44e55621c194cdb3abcdbfe4579d3e76421f00,3669.70,140.48,15.361233150,55000,55000
2b44e55621c194cdb3abcdbfe4579d3e76421f00,3648.67,139.22,15.246147515,54000,54000
62b80a388778c5f4da55d708837769f53ab5f1d5,3648.77,139.46,15.255803513,54000,55000
62b80a388778c5f4da55d708837769f53ab5f1d5,3668.69,140.27,15.337436194,55000,54000
62b80a388778c5f4da55d708837769f53ab5f1d5,3640.74,138.95,15.208770861,55000,54000
62b80a388778c5f4da55d708837769f53ab5f1d5,3669.89,140.49,15.334076793,55000,55000
62b80a388778c5f4da55d708837769f53ab5f1d5,3640.31,139.18,15.239916988,54000,55000
62b80a388778c5f4da55d708837769f53ab5f1d5,3633.95,137.95,15.191015688,54000,54000
62b80a388778c5f4da55d708837769f53ab5f1d5,3644.23,138.78,15.249523983,55000,54000
62b80a388778c5f4da55d708837769f53ab5f1d5,3644.02,138.93,15.231400800,54000,55000
62b80a388778c5f4da55d708837769f53ab5f1d5,3646.38,138.89,15.246185643,55000,54000
62b80a388778c5f4da55d708837769f53ab5f1d5,3630.08,138.35,15.195494800,54000,55000
62b80a388778c5f4da55d708837769f53ab5f1d5,3653.53,139.53,15.269183431,55000,55000
62b80a388778c5f4da55d708837769f53ab5f1d5,3658.91,139.82,15.293840519,55000,55000
62b80a388778c5f4da55d708837769f53ab5f1d5,3669.10,140.11,15.318408649,54000,54000
62b80a388778c5f4da55d708837769f53ab5f1d5,3644.17,138.48,15.237947713,54000,54000
62b80a388778c5f4da55d708837769f53ab5f1d5,3641.47,138.58,15.237662345,55000,55000
62b80a388778c5f4da55d708837769f53ab5f1d5,3637.21,139.42,15.198885593,54000,54000
62b80a388778c5f4da55d708837769f53ab5f1d5,3667.77,139.76,15.341314055,55000,55000
62b80a388778c5f4da55d708837769f53ab5f1d5,3639.10,138.90,15.219696571,54000,54000
62b80a388778c5f4da55d708837769f53ab5f1d5,3633.12,139.35,15.196483856,54000,54000
62b80a388778c5f4da55d708837769f53ab5f1d5,3634.80,139.10,15.204505014,54000,55000
62b80a388778c5f4da55d708837769f53ab5f1d5,3668.32,140.16,15.327679746,54000,54000
62b80a388778c5f4da55d708837769f53ab5f1d5,3683.94,141.05,15.404216214,54000,55000
62b80a388778c5f4da55d708837769f53ab5f1d5,3651.15,139.87,15.269978244,55000,54000
62b80a388778c5f4da55d708837769f53ab5f1d5,3640.05,139.47,15.235031587,54000,54000
62b80a388778c5f4da55d708837769f53ab5f1d5,3672.27,141.32,15.346740927,55000,55000
62b80a388778c5f4da55d708837769f53ab5f1d5,3648.45,139.65,15.247980077,55000,55000
62b80a388778c5f4da55d708837769f53ab5f1d5,3627.52,138.39,15.174135548,55000,55000
62b80a388778c5f4da55d708837769f53ab5f1d5,3630.08,139.05,15.177836020,55000,55000
62b80a388778c5f4da55d708837769f53ab5f1d5,3648.01,140.17,15.262680189,55000,55000
62b80a388778c5f4da55d708837769f53ab5f1d5,3649.53,138.86,15.255702353,55000,55000
0c7f74d32c7dcae8286cf2535468bf3e6bb5f362,3645.29,139.64,15.250606622,54000,54000
0c7f74d32c7dcae8286cf2535468bf3e6bb5f362,3655.62,139.66,15.281115248,54000,55000
0c7f74d32c7dcae8286cf2535468bf3e6bb5f362,3645.99,139.29,15.246428056,54000,54000
0c7f74d32c7dcae8286cf2535468bf3e6bb5f362,3649.18,139.31,15.259267360,55000,54000
0c7f74d32c7dcae8286cf2535468bf3e6bb5f362,3640.56,138.93,15.242667967,55000,54000
0c7f74d32c7dcae8286cf2535468bf3e6bb5f362,3630.08,138.33,15.186662495,55000,54000
0c7f74d32c7dcae8286cf2535468bf3e6bb5f362,3621.62,138.22,15.139400469,55000,54000
0c7f74d32c7dcae8286cf2535468bf3e6bb5f362,3657.13,139.38,15.288344993,54000,54000
0c7f74d32c7dcae8286cf2535468bf3e6bb5f362,3653.80,139.41,15.274766169,54000,54000
0c7f74d32c7dcae8286cf2535468bf3e6bb5f362,3630.46,138.86,15.182472583,55000,54000
0c7f74d32c7dcae8286cf2535468bf3e6bb5f362,3625.56,138.59,15.186839977,54000,55000
0c7f74d32c7dcae8286cf2535468bf3e6bb5f362,3650.23,139.32,15.261216800,54000,55000
0c7f74d32c7dcae8286cf2535468bf3e6bb5f362,3668.04,140.45,15.339124889,54000,54000
0c7f74d32c7dcae8286cf2535468bf3e6bb5f362,3646.39,139.15,15.244649872,56000,55000
0c7f74d32c7dcae8286cf2535468bf3e6bb5f362,3692.54,141.20,15.454403296,55000,56000
0c7f74d32c7dcae8286cf2535468bf3e6bb5f362,3660.38,140.16,15.295282138,55000,55000
0c7f74d32c7dcae8286cf2535468bf3e6bb5f362,3639.10,139.10,15.206778009,54000,55000
0c7f74d32c7dcae8286cf2535468bf3e6bb5f362,3640.36,139.02,15.230513002,55000,54000
0c7f74d32c7dcae8286cf2535468bf3e6bb5f362,3638.38,138.36,15.216878677,54000,54000
0c7f74d32c7dcae8286cf2535468bf3e6bb5f362,3664.89,139.46,15.335732065,55000,56000
0c7f74d32c7dcae8286cf2535468bf3e6bb5f362,3645.80,139.23,15.257136747,54000,53000
0c7f74d32c7dcae8286cf2535468bf3e6bb5f362,3645.14,139.58,15.225099752,54000,54000
0c7f74d32c7dcae8286cf2535468bf3e6bb5f362,3663.43,140.43,15.325217848,54000,55000
0c7f74d32c7dcae8286cf2535468bf3e6bb5f362,3649.39,139.64,15.250842515,54000,54000
0c7f74d32c7dcae8286cf2535468bf3e6bb5f362,3647.33,140.30,15.251196899,55000,56000
0c7f74d32c7dcae8286cf2535468bf3e6bb5f362,3654.70,139.92,15.266524197,55000,55000
0c7f74d32c7dcae8286cf2535468bf3e6bb5f362,3644.07,139.94,15.229388164,55000,55000
0c7f74d32c7dcae8286cf2535468bf3e6bb5f362,3636.88,139.11,15.217174378,54000,55000
0c7f74d32c7dcae8286cf2535468bf3e6bb5f362,3660.72,140.16,15.308945064,55000,55000
0c7f74d32c7dcae8286cf2535468bf3e6bb5f362,3636.54,139.57,15.202056247,54000,54000
44cd3eb3f2324490eccf6181fcb9b6f6ccdd7228,3664.05,139.99,15.322600938,54000,54000
44cd3eb3f2324490eccf6181fcb9b6f6ccdd7228,3617.28,138.50,15.132610676,55000,55000
44cd3eb3f2324490eccf6181fcb9b6f6ccdd7228,3655.08,139.95,15.279773458,56000,54000
44cd3eb3f2324490eccf6181fcb9b6f6ccdd7228,3651.61,139.82,15.250854041,55000,55000
44cd3eb3f2324490eccf6181fcb9b6f6ccdd7228,3653.24,139.58,15.269018190,55000,55000
44cd3eb3f2324490eccf6181fcb9b6f6ccdd7228,3647.74,138.66,15.246139797,54000,54000
44cd3eb3f2324490eccf6181fcb9b6f6ccdd7228,3635.08,138.37,15.195202517,54000,54000
44cd3eb3f2324490eccf6181fcb9b6f6ccdd7228,3640.00,138.38,15.224937629,55000,54000
44cd3eb3f2324490eccf6181fcb9b6f6ccdd7228,3666.01,139.73,15.339536237,55000,54000
44cd3eb3f2324490eccf6181fcb9b6f6ccdd7228,3672.51,140.55,15.351985136,55000,56000
44cd3eb3f2324490eccf6181fcb9b6f6ccdd7228,3648.52,139.93,15.271240133,55000,54000
44cd3eb3f2324490eccf6181fcb9b6f6ccdd7228,3653.29,139.26,15.277686753,55000,55000
44cd3eb3f2324490eccf6181fcb9b6f6ccdd7228,3652.72,139.49,15.269121784,54000,54000
44cd3eb3f2324490eccf6181fcb9b6f6ccdd7228,3634.08,138.58,15.193455168,54000,55000
44cd3eb3f2324490eccf6181fcb9b6f6ccdd7228,3667.97,140.25,15.351184766,54000,55000
44cd3eb3f2324490eccf6181fcb9b6f6ccdd7228,3657.67,139.47,15.280115669,54000,54000
44cd3eb3f2324490eccf6181fcb9b6f6ccdd7228,3660.99,139.69,15.292456151,54000,55000
44cd3eb3f2324490eccf6181fcb9b6f6ccdd7228,3650.44,139.29,15.278835994,54000,54000
44cd3eb3f2324490eccf6181fcb9b6f6ccdd7228,3665.60,140.09,15.321488423,54000,54000
44cd3eb3f2324490eccf6181fcb9b6f6ccdd7228,3641.09,139.40,15.224729741,54000,54000
44cd3eb3f2324490eccf6181fcb9b6f6ccdd7228,3645.19,139.72,15.234449700,54000,54000
44cd3eb3f2324490eccf6181fcb9b6f6ccdd7228,3640.44,139.37,15.236088044,56000,54000
44cd3eb3f2324490eccf6181fcb9b6f6ccdd7228,3655.40,140.25,15.292472130,55000,55000
44cd3eb3f2324490eccf6181fcb9b6f6ccdd7228,3624.72,138.97,15.158292062,55000,54000
44cd3eb3f2324490eccf6181fcb9b6f6ccdd7228,3655.92,140.22,15.267158053,55000,55000
44cd3eb3f2324490eccf6181fcb9b6f6ccdd7228,3669.18,140.77,15.348521892,54000,54000
44cd3eb3f2324490eccf6181fcb9b6f6ccdd7228,3692.53,141.25,15.437023800,54000,54000
44cd3eb3f2324490eccf6181fcb9b6f6ccdd7228,3645.28,140.12,15.249712545,55000,54000
44cd3eb3f2324490eccf6181fcb9b6f6ccdd7228,3641.92,139.10,15.242257171,55000,55000
44cd3eb3f2324490eccf6181fcb9b6f6ccdd7228,3622.06,138.48,15.145732908,56000,54000
ee2505941ccfaa05f25d313c6ebe66babed5c2c8,3645.09,139.28,15.240611842,54000,55000
ee2505941ccfaa05f25d313c6ebe66babed5c2c8,3650.13,139.13,15.264100026,54000,54000
ee2505941ccfaa05f25d313c6ebe66babed5c2c8,3653.73,139.62,15.281354365,54000,54000
ee2505941ccfaa05f25d313c6ebe66babed5c2c8,3639.85,139.22,15.228144159,54000,54000
ee2505941ccfaa05f25d313c6ebe66babed5c2c8,3665.97,139.98,15.322369135,54000,55000
ee2505941ccfaa05f25d313c6ebe66babed5c2c8,3639.37,139.30,15.224266059,54000,54000
ee2505941ccfaa05f25d313c6ebe66babed5c2c8,3646.44,139.13,15.239016965,54000,54000
ee2505941ccfaa05f25d313c6ebe66babed5c2c8,3652.58,139.55,15.265699693,54000,55000
ee2505941ccfaa05f25d313c6ebe66babed5c2c8,3642.89,139.42,15.234727822,54000,55000
ee2505941ccfaa05f25d313c6ebe66babed5c2c8,3641.58,139.51,15.232716119,54000,54000
ee2505941ccfaa05f25d313c6ebe66babed5c2c8,3652.85,139.84,15.269704555,54000,54000
ee2505941ccfaa05f25d313c6ebe66babed5c2c8,3646.28,139.59,15.252822502,55000,54000
ee2505941ccfaa05f25d313c6ebe66babed5c2c8,3635.99,138.27,15.213055494,56000,54000
ee2505941ccfaa05f25d313c6ebe66babed5c2c8,3655.05,139.95,15.273749140,54000,55000
ee2505941ccfaa05f25d313c6ebe66babed5c2c8,3646.18,139.04,15.228690334,55000,54000
ee2505941ccfaa05f25d313c6ebe66babed5c2c8,3682.86,140.49,15.386575834,55000,55000
ee2505941ccfaa05f25d313c6ebe66babed5c2c8,3636.15,139.25,15.212441835,56000,55000
ee2505941ccfaa05f25d313c6ebe66babed5c2c8,3660.82,139.79,15.317946768,55000,54000
ee2505941ccfaa05f25d313c6ebe66babed5c2c8,3648.71,139.17,15.245959572,54000,54000
ee2505941ccfaa05f25d313c6ebe66babed5c2c8,3637.46,139.17,15.211754650,55000,54000
ee2505941ccfaa05f25d313c6ebe66babed5c2c8,3640.80,139.65,15.222968942,55000,55000
ee2505941ccfaa05f25d313c6ebe66babed5c2c8,3661.85,140.30,15.303874825,54000,54000
ee2505941ccfaa05f25d313c6ebe66babed5c2c8,3661.23,140.58,15.299344478,56000,54000
ee2505941ccfaa05f25d313c6ebe66babed5c2c8,3643.80,139.57,15.240338789,54000,54000
ee2505941ccfaa05f25d313c6ebe66babed5c2c8,3647.44,139.91,15.256764384,54000,54000
ee2505941ccfaa05f25d313c6ebe66babed5c2c8,3641.98,139.49,15.231119713,55000,54000
ee2505941ccfaa05f25d313c6ebe66babed5c2c8,3654.46,140.08,15.280463384,55000,55000
ee2505941ccfaa05f25d313c6ebe66babed5c2c8,3678.85,140.98,15.363968822,54000,55000
ee2505941ccfaa05f25d313c6ebe66babed5c2c8,3651.99,139.88,15.277914411,55000,54000
ee2505941ccfaa05f25d313c6ebe66babed5c2c8,3662.61,140.30,15.332118758,56000,55000
e5ea840f08253453f3cb9c55f7cf30d3ae025f87,3645.47,139.27,15.243351279,54000,54000
e5ea840f08253453f3cb9c55f7cf30d3ae025f87,3674.11,140.95,15.374171446,55000,54000
e5ea840f08253453f3cb9c55f7cf30d3ae025f87,3644.12,139.41,15.235338281,54000,54000
e5ea840f08253453f3cb9c55f7cf30d3ae025f87,3653.49,139.60,15.302836752,54000,55000
e5ea840f08253453f3cb9c55f7cf30d3ae025f87,3653.60,139.30,15.271700175,55000,55000
e5ea840f08253453f3cb9c55f7cf30d3ae025f87,3654.86,139.84,15.268067712,54000,55000
e5ea840f08253453f3cb9c55f7cf30d3ae025f87,3665.07,139.62,15.318918100,55000,55000
e5ea840f08253453f3cb9c55f7cf30d3ae025f87,3659.87,139.96,15.301568353,54000,54000
e5ea840f08253453f3cb9c55f7cf30d3ae025f87,3641.39,139.16,15.227724346,54000,54000
e5ea840f08253453f3cb9c55f7cf30d3ae025f87,3668.57,140.20,15.332360581,54000,54000
e5ea840f08253453f3cb9c55f7cf30d3ae025f87,3645.21,138.57,15.240358018,54000,55000
e5ea840f08253453f3cb9c55f7cf30d3ae025f87,3650.76,139.54,15.253856587,54000,54000
e5ea840f08253453f3cb9c55f7cf30d3ae025f87,3635.18,138.94,15.200112199,55000,55000
e5ea840f08253453f3cb9c55f7cf30d3ae025f87,3648.12,139.27,15.261690695,55000,54000
e5ea840f08253453f3cb9c55f7cf30d3ae025f87,3648.82,139.81,15.252863918,54000,54000
e5ea840f08253453f3cb9c55f7cf30d3ae025f87,3659.14,139.77,15.297159918,55000,55000
e5ea840f08253453f3cb9c55f7cf30d3ae025f87,3649.09,139.18,15.271781839,54000,54000
e5ea840f08253453f3cb9c55f7cf30d3ae025f87,3656.31,139.38,15.299117651,54000,54000
e5ea840f08253453f3cb9c55f7cf30d3ae025f87,3661.70,139.48,15.305995619,54000,55000
e5ea840f08253453f3cb9c55f7cf30d3ae025f87,3638.23,139.17,15.219436203,54000,54000
e5ea840f08253453f3cb9c55f7cf30d3ae025f87,3658.29,139.87,15.296334287,54000,54000
e5ea840f08253453f3cb9c55f7cf30d3ae025f87,3661.41,140.58,15.301309428,55000,55000
e5ea840f08253453f3cb9c55f7cf30d3ae025f87,3636.20,139.65,15.194450537,55000,54000
e5ea840f08253453f3cb9c55f7cf30d3ae025f87,3651.70,140.33,15.266378768,54000,54000
e5ea840f08253453f3cb9c55f7cf30d3ae025f87,3651.64,140.31,15.270539617,55000,55000
e5ea840f08253453f3cb9c55f7cf30d3ae025f87,3660.44,139.85,15.296250848,54000,54000
e5ea840f08253453f3cb9c55f7cf30d3ae025f87,3654.84,139.89,15.270068585,54000,55000
e5ea840f08253453f3cb9c55f7cf30d3ae025f87,3641.49,139.40,15.227713691,54000,55000
e5ea840f08253453f3cb9c55f7cf30d3ae025f87,3669.02,140.21,15.332756792,56000,55000
e5ea840f08253453f3cb9c55f7cf30d3ae025f87,3658.86,140.10,15.303059859,54000,54000
77f5100016b2117a7a8a633c2397476c10a84e2e,3663.60,139.84,15.322114730,54000,54000
77f5100016b2117a7a8a633c2397476c10a84e2e,3660.61,139.96,15.327340331,56000,55000
77f5100016b2117a7a8a633c2397476c10a84e2e,3642.48,139.04,15.249671104,54000,56000
77f5100016b2117a7a8a633c2397476c10a84e2e,3654.60,139.94,15.301927164,54000,54000
77f5100016b2117a7a8a633c2397476c10a84e2e,3653.99,140.29,15.298917605,54000,54000
77f5100016b2117a7a8a633c2397476c10a84e2e,3632.08,139.30,15.215416949,54000,54000
77f5100016b2117a7a8a633c2397476c10a84e2e,3673.28,141.08,15.402157854,54000,54000
77f5100016b2117a7a8a633c2397476c10a84e2e,3646.80,139.95,15.282834446,54000,54000
77f5100016b2117a7a8a633c2397476c10a84e2e,3634.24,139.75,15.224800743,54000,54000
77f5100016b2117a7a8a633c2397476c10a84e2e,3642.57,139.60,15.282284231,54000,54000
77f5100016b2117a7a8a633c2397476c10a84e2e,3656.91,140.20,15.345078264,54000,54000
77f5100016b2117a7a8a633c2397476c10a84e2e,3661.87,140.32,15.352292671,54000,54000
77f5100016b2117a7a8a633c2397476c10a84e2e,3643.62,139.73,15.253202567,54000,54000
77f5100016b2117a7a8a633c2397476c10a84e2e,3637.26,139.38,15.236095294,55000,54000
77f5100016b2117a7a8a633c2397476c10a84e2e,3635.08,139.39,15.233996769,54000,54000
77f5100016b2117a7a8a633c2397476c10a84e2e,3635.91,139.58,15.238198355,54000,54000
77f5100016b2117a7a8a633c2397476c10a84e2e,3648.60,140.40,15.285329784,54000,54000
77f5100016b2117a7a8a633c2397476c10a84e2e,3669.68,140.68,15.390080775,54000,54000
77f5100016b2117a7a8a633c2397476c10a84e2e,3635.36,139.43,15.252694118,53000,54000
77f5100016b2117a7a8a633c2397476c10a84e2e,3658.74,140.16,15.318435852,54000,54000
77f5100016b2117a7a8a633c2397476c10a84e2e,3632.84,139.43,15.231002838,54000,54000
77f5100016b2117a7a8a633c2397476c10a84e2e,3659.33,140.06,15.343795558,54000,55000
77f5100016b2117a7a8a633c2397476c10a84e2e,3645.35,139.08,15.288585550,54000,54000
77f5100016b2117a7a8a633c2397476c10a84e2e,3666.72,140.17,15.352314828,54000,54000
77f5100016b2117a7a8a633c2397476c10a84e2e,3670.05,140.42,15.367283007,54000,54000
77f5100016b2117a7a8a633c2397476c10a84e2e,3639.46,139.29,15.261984363,53000,54000
77f5100016b2117a7a8a633c2397476c10a84e2e,3668.32,140.88,15.375685425,54000,54000
77f5100016b2117a7a8a633c2397476c10a84e2e,3643.14,139.63,15.256432390,54000,54000
77f5100016b2117a7a8a633c2397476c10a84e2e,3623.85,138.76,15.192564711,53000,54000
77f5100016b2117a7a8a633c2397476c10a84e2e,3668.45,140.63,15.358473081,54000,54000
2f75e608f16e9768e23d2858838ab48e11046750,3659.41,140.48,15.299066204,54000,55000
2f75e608f16e9768e23d2858838ab48e11046750,3637.10,138.61,15.246316382,54000,54000
2f75e608f16e9768e23d2858838ab48e11046750,3661.97,140.37,15.343024560,54000,54000
2f75e608f16e9768e23d2858838ab48e11046750,3641.70,139.71,15.268868090,54000,54000
2f75e608f16e9768e23d2858838ab48e11046750,3632.65,139.33,15.243912638,54000,54000
2f75e608f16e9768e23d2858838ab48e11046750,3627.84,139.50,15.218992149,54000,54000
2f75e608f16e9768e23d2858838ab48e11046750,3647.86,139.78,15.275583527,54000,54000
2f75e608f16e9768e23d2858838ab48e11046750,3637.86,139.67,15.251821326,54000,54000
2f75e608f16e9768e23d2858838ab48e11046750,3646.08,140.17,15.280125633,54000,55000
2f75e608f16e9768e23d2858838ab48e11046750,3652.38,140.24,15.311719732,54000,54000
2f75e608f16e9768e23d2858838ab48e11046750,3661.27,140.54,15.315455256,54000,55000
2f75e608f16e9768e23d2858838ab48e11046750,3659.14,140.68,15.332635201,54000,54000
2f75e608f16e9768e23d2858838ab48e11046750,3647.28,140.11,15.298492579,54000,54000
2f75e608f16e9768e23d2858838ab48e11046750,3646.34,140.31,15.282454408,54000,54000
2f75e608f16e9768e23d2858838ab48e11046750,3650.49,139.99,15.285776866,54000,54000
2f75e608f16e9768e23d2858838ab48e11046750,3655.04,140.63,15.332878642,54000,54000
2f75e608f16e9768e23d2858838ab48e11046750,3655.99,140.19,15.312266406,54000,54000
2f75e608f16e9768e23d2858838ab48e11046750,3650.22,139.89,15.294577432,54000,54000
2f75e608f16e9768e23d2858838ab48e11046750,3645.08,139.71,15.283025009,54000,54000
2f75e608f16e9768e23d2858838ab48e11046750,3654.56,140.01,15.329647336,54000,54000
2f75e608f16e9768e23d2858838ab48e11046750,3665.41,140.30,15.354298580,54000,54000
2f75e608f16e9768e23d2858838ab48e11046750,3643.21,139.37,15.284462220,54000,54000
2f75e608f16e9768e23d2858838ab48e11046750,3652.58,139.73,15.291665356,54000,54000
2f75e608f16e9768e23d2858838ab48e11046750,3648.95,139.88,15.291802808,54000,54000
2f75e608f16e9768e23d2858838ab48e11046750,3663.57,140.25,15.336383782,54000,54000
2f75e608f16e9768e23d2858838ab48e11046750,3639.11,139.02,15.256758914,54000,54000
2f75e608f16e9768e23d2858838ab48e11046750,3651.10,140.00,15.297861239,54000,54000
2f75e608f16e9768e23d2858838ab48e11046750,3669.65,140.07,15.388965812,54000,54000
2f75e608f16e9768e23d2858838ab48e11046750,3667.05,140.65,15.367033513,54000,54000
2f75e608f16e9768e23d2858838ab48e11046750,3653.43,140.50,15.295485540,54000,54000
4aced43f54f535b08cb951119d8b6a73bec87501,3637.90,139.39,15.220814861,55000,55000
4aced43f54f535b08cb951119d8b6a73bec87501,3640.98,138.75,15.235996450,54000,55000
4aced43f54f535b08cb951119d8b6a73bec87501,3676.03,140.45,15.375304424,56000,55000
4aced43f54f535b08cb951119d8b6a73bec87501,3634.71,139.58,15.239391246,54000,54000
4aced43f54f535b08cb951119d8b6a73bec87501,3638.14,139.42,15.252171715,54000,54000
4aced43f54f535b08cb951119d8b6a73bec87501,3649.54,139.54,15.287828814,54000,54000
4aced43f54f535b08cb951119d8b6a73bec87501,3649.07,140.18,15.297118205,54000,54000
4aced43f54f535b08cb951119d8b6a73bec87501,3643.41,140.33,15.284987031,54000,54000
4aced43f54f535b08cb951119d8b6a73bec87501,3642.12,140.16,15.255741433,55000,55000
4aced43f54f535b08cb951119d8b6a73bec87501,3638.01,139.76,15.235175138,54000,54000
4aced43f54f535b08cb951119d8b6a73bec87501,3660.79,140.49,15.346703842,54000,54000
4aced43f54f535b08cb951119d8b6a73bec87501,3642.92,139.78,15.308110735,54000,54000
4aced43f54f535b08cb951119d8b6a73bec87501,3659.19,140.46,15.324940330,54000,54000
4aced43f54f535b08cb951119d8b6a73bec87501,3648.79,139.94,15.292281550,54000,54000
4aced43f54f535b08cb951119d8b6a73bec87501,3650.84,139.85,15.301501190,54000,54000
4aced43f54f535b08cb951119d8b6a73bec87501,3642.81,139.70,15.245370799,53000,54000
4aced43f54f535b08cb951119d8b6a73bec87501,3658.99,140.03,15.344926118,53000,54000
4aced43f54f535b08cb951119d8b6a73bec87501,3639.49,139.65,15.254082849,54000,54000
4aced43f54f535b08cb951119d8b6a73bec87501,3623.72,138.62,15.176344677,54000,54000
4aced43f54f535b08cb951119d8b6a73bec87501,3660.11,140.13,15.342690894,54000,54000
4aced43f54f535b08cb951119d8b6a73bec87501,3628.88,138.52,15.213226645,54000,54000
4aced43f54f535b08cb951119d8b6a73bec87501,3643.19,139.82,15.281129431,54000,54000
4aced43f54f535b08cb951119d8b6a73bec87501,3633.33,139.33,15.254579876,54000,54000
4aced43f54f535b08cb951119d8b6a73bec87501,3655.81,140.07,15.299424014,54000,54000
4aced43f54f535b08cb951119d8b6a73bec87501,3672.78,139.72,15.399696730,54000,54000
4aced43f54f535b08cb951119d8b6a73bec87501,3646.86,139.92,15.265423206,54000,54000
4aced43f54f535b08cb951119d8b6a73bec87501,3653.99,140.33,15.300642249,54000,54000
4aced43f54f535b08cb951119d8b6a73bec87501,3651.55,139.70,15.297965744,54000,54000
4aced43f54f535b08cb951119d8b6a73bec87501,3647.62,139.60,15.291079712,54000,54000
4aced43f54f535b08cb951119d8b6a73bec87501,3647.87,140.00,15.285533824,54000,54000
2cdf5a0cd8c730fc5fbc9e4b24f065f8ef411b4d,3629.20,139.25,15.218233894,54000,55000
2cdf5a0cd8c730fc5fbc9e4b24f065f8ef411b4d,3643.13,139.47,15.252822596,54000,54000
2cdf5a0cd8c730fc5fbc9e4b24f065f8ef411b4d,3660.78,140.76,15.344835990,54000,54000
2cdf5a0cd8c730fc5fbc9e4b24f065f8ef411b4d,3627.39,139.57,15.225464166,54000,55000
2cdf5a0cd8c730fc5fbc9e4b24f065f8ef411b4d,3639.58,139.71,15.263172614,54000,54000
2cdf5a0cd8c730fc5fbc9e4b24f065f8ef411b4d,3635.68,138.94,15.244906489,54000,54000
2cdf5a0cd8c730fc5fbc9e4b24f065f8ef411b4d,3652.86,140.48,15.304158861,54000,54000
2cdf5a0cd8c730fc5fbc9e4b24f065f8ef411b4d,3662.09,140.20,15.349654451,54000,54000
2cdf5a0cd8c730fc5fbc9e4b24f065f8ef411b4d,3642.12,139.61,15.265246720,54000,54000
2cdf5a0cd8c730fc5fbc9e4b24f065f8ef411b4d,3638.17,139.02,15.262155045,54000,54000
2cdf5a0cd8c730fc5fbc9e4b24f065f8ef411b4d,3624.57,139.10,15.205957089,54000,54000
2cdf5a0cd8c730fc5fbc9e4b24f065f8ef411b4d,3645.13,139.70,15.266947735,54000,54000
2cdf5a0cd8c730fc5fbc9e4b24f065f8ef411b4d,3650.04,140.55,15.295896722,54000,54000
2cdf5a0cd8c730fc5fbc9e4b24f065f8ef411b4d,3642.86,139.63,15.284923009,54000,54000
2cdf5a0cd8c730fc5fbc9e4b24f065f8ef411b4d,3637.10,139.47,15.258685650,53000,54000
2cdf5a0cd8c730fc5fbc9e4b24f065f8ef411b4d,3644.96,139.81,15.269974631,54000,54000
2cdf5a0cd8c730fc5fbc9e4b24f065f8ef411b4d,3650.04,139.81,15.312842178,54000,54000
2cdf5a0cd8c730fc5fbc9e4b24f065f8ef411b4d,3660.10,139.92,15.351673250,53000,54000
2cdf5a0cd8c730fc5fbc9e4b24f065f8ef411b4d,3656.96,140.25,15.315601783,54000,54000
2cdf5a0cd8c730fc5fbc9e4b24f065f8ef411b4d,3653.78,139.71,15.319024491,54000,54000
2cdf5a0cd8c730fc5fbc9e4b24f065f8ef411b4d,3647.11,139.84,15.304172842,53000,54000
2cdf5a0cd8c730fc5fbc9e4b24f065f8ef411b4d,3642.00,139.03,15.267433956,54000,54000
2cdf5a0cd8c730fc5fbc9e4b24f065f8ef411b4d,3632.40,139.18,15.215472104,54000,54000
2cdf5a0cd8c730fc5fbc9e4b24f065f8ef411b4d,3651.66,140.08,15.284482203,54000,54000
2cdf5a0cd8c730fc5fbc9e4b24f065f8ef411b4d,3629.60,138.87,15.221692224,54000,54000
2cdf5a0cd8c730fc5fbc9e4b24f065f8ef411b4d,3664.68,140.72,15.354436651,54000,54000
2cdf5a0cd8c730fc5fbc9e4b24f065f8ef411b4d,3632.87,139.37,15.245055880,54000,54000
2cdf5a0cd8c730fc5fbc9e4b24f065f8ef411b4d,3666.76,140.55,15.355657561,54000,54000
2cdf5a0cd8c730fc5fbc9e4b24f065f8ef411b4d,3649.62,140.06,15.289843299,54000,54000
2cdf5a0cd8c730fc5fbc9e4b24f065f8ef411b4d,3666.21,140.42,15.371273587,54000,54000
a53da42ac5c6572e4ff6aa081d3184d6b73c5ca3,3662.25,140.63,15.318352713,55000,55000
a53da42ac5c6572e4ff6aa081d3184d6b73c5ca3,3672.70,140.71,15.330520340,55000,54000
a53da42ac5c6572e4ff6aa081d3184d6b73c5ca3,3654.45,139.61,15.315341868,54000,55000
a53da42ac5c6572e4ff6aa081d3184d6b73c5ca3,3658.70,140.26,15.330893110,54000,54000
a53da42ac5c6572e4ff6aa081d3184d6b73c5ca3,3658.12,139.87,15.312329405,54000,55000
a53da42ac5c6572e4ff6aa081d3184d6b73c5ca3,3657.03,139.73,15.315141006,54000,54000
a53da42ac5c6572e4ff6aa081d3184d6b73c5ca3,3667.51,140.78,15.376504092,54000,54000
a53da42ac5c6572e4ff6aa081d3184d6b73c5ca3,3625.49,138.53,15.201679236,54000,54000
a53da42ac5c6572e4ff6aa081d3184d6b73c5ca3,3636.87,139.62,15.228346335,54000,54000
a53da42ac5c6572e4ff6aa081d3184d6b73c5ca3,3653.15,139.85,15.307463612,54000,54000
a53da42ac5c6572e4ff6aa081d3184d6b73c5ca3,3650.70,139.84,15.282243513,54000,54000
a53da42ac5c6572e4ff6aa081d3184d6b73c5ca3,3629.70,138.76,15.218201504,53000,54000
a53da42ac5c6572e4ff6aa081d3184d6b73c5ca3,3629.60,138.90,15.222151741,54000,54000
a53da42ac5c6572e4ff6aa081d3184d6b73c5ca3,3670.58,140.89,15.397133692,54000,54000
a53da42ac5c6572e4ff6aa081d3184d6b73c5ca3,3673.85,140.32,15.395390411,54000,54000
a53da42ac5c6572e4ff6aa081d3184d6b73c5ca3,3643.21,139.26,15.265179043,54000,54000
a53da42ac5c6572e4ff6aa081d3184d6b73c5ca3,3632.93,138.94,15.227751774,54000,54000
a53da42ac5c6572e4ff6aa081d3184d6b73c5ca3,3645.13,139.67,15.273505182,54000,54000
a53da42ac5c6572e4ff6aa081d3184d6b73c5ca3,3638.09,139.57,15.229344146,54000,54000
a53da42ac5c6572e4ff6aa081d3184d6b73c5ca3,3684.07,141.54,15.451754893,54000,54000
a53da42ac5c6572e4ff6aa081d3184d6b73c5ca3,3647.12,139.09,15.286341299,54000,54000
a53da42ac5c6572e4ff6aa081d3184d6b73c5ca3,3666.64,140.23,15.379891258,54000,54000
a53da42ac5c6572e4ff6aa081d3184d6b73c5ca3,3628.71,139.69,15.238958152,54000,54000
a53da42ac5c6572e4ff6aa081d3184d6b73c5ca3,3649.18,139.65,15.284935347,54000,54000
a53da42ac5c6572e4ff6aa081d3184d6b73c5ca3,3644.47,139.70,15.297754967,54000,54000
a53da42ac5c6572e4ff6aa081d3184d6b73c5ca3,3651.75,139.58,15.296751431,54000,54000
a53da42ac5c6572e4ff6aa081d3184d6b73c5ca3,3635.09,138.91,15.237451661,54000,55000
a53da42ac5c6572e4ff6aa081d3184d6b73c5ca3,3652.77,139.95,15.305190932,54000,54000
a53da42ac5c6572e4ff6aa081d3184d6b73c5ca3,3660.86,140.36,15.353680972,54000,54000
a53da42ac5c6572e4ff6aa081d3184d6b73c5ca3,3630.63,138.70,15.229302401,54000,55000
f46c7c19185afbe23e4e0a0cc2636a4b04ef7409,3667.26,140.05,15.332417266,54000,55000
f46c7c19185afbe23e4e0a0cc2636a4b04ef7409,3664.31,140.52,15.320904143,56000,55000
f46c7c19185afbe23e4e0a0cc2636a4b04ef7409,3657.36,139.73,15.291572702,55000,55000
f46c7c19185afbe23e4e0a0cc2636a4b04ef7409,3635.75,139.45,15.251806739,55000,54000
f46c7c19185afbe23e4e0a0cc2636a4b04ef7409,3674.38,141.23,15.388482618,54000,54000
f46c7c19185afbe23e4e0a0cc2636a4b04ef7409,3639.90,139.39,15.251785575,54000,54000
f46c7c19185afbe23e4e0a0cc2636a4b04ef7409,3644.57,140.05,15.290125648,54000,54000
f46c7c19185afbe23e4e0a0cc2636a4b04ef7409,3694.73,141.79,15.499208205,55000,54000
f46c7c19185afbe23e4e0a0cc2636a4b04ef7409,3652.73,139.70,15.293331121,54000,54000
f46c7c19185afbe23e4e0a0cc2636a4b04ef7409,3657.99,140.53,15.328045219,54000,54000
f46c7c19185afbe23e4e0a0cc2636a4b04ef7409,3652.30,139.92,15.296670218,55000,54000
f46c7c19185afbe23e4e0a0cc2636a4b04ef7409,3665.75,140.96,15.331154922,54000,54000
f46c7c19185afbe23e4e0a0cc2636a4b04ef7409,3651.76,139.85,15.316073814,54000,54000
f46c7c19185afbe23e4e0a0cc2636a4b04ef7409,3662.05,140.30,15.323581953,54000,54000
f46c7c19185afbe23e4e0a0cc2636a4b04ef7409,3630.77,139.07,15.219665088,54000,55000
f46c7c19185afbe23e4e0a0cc2636a4b04ef7409,3627.92,139.14,15.225032465,54000,54000
f46c7c19185afbe23e4e0a0cc2636a4b04ef7409,3661.18,140.37,15.328300993,54000,54000
f46c7c19185afbe23e4e0a0cc2636a4b04ef7409,3640.08,139.36,15.256794146,54000,54000
f46c7c19185afbe23e4e0a0cc2636a4b04ef7409,3684.01,140.85,15.428756133,54000,54000
f46c7c19185afbe23e4e0a0cc2636a4b04ef7409,3645.05,139.13,15.268797752,54000,54000
f46c7c19185afbe23e4e0a0cc2636a4b04ef7409,3680.70,140.57,15.432014433,54000,54000
f46c7c19185afbe23e4e0a0cc2636a4b04ef7409,3642.49,139.43,15.254756507,54000,54000
f46c7c19185afbe23e4e0a0cc2636a4b04ef7409,3641.26,139.00,15.264409644,54000,54000
f46c7c19185afbe23e4e0a0cc2636a4b04ef7409,3643.77,139.06,15.265437732,54000,54000
f46c7c19185afbe23e4e0a0cc2636a4b04ef7409,3626.27,138.34,15.204532954,54000,54000
f46c7c19185afbe23e4e0a0cc2636a4b04ef7409,3668.75,140.90,15.380568936,54000,54000
f46c7c19185afbe23e4e0a0cc2636a4b04ef7409,3659.99,139.97,15.346467278,54000,54000
f46c7c19185afbe23e4e0a0cc2636a4b04ef7409,3686.89,141.68,15.448354014,54000,54000
f46c7c19185afbe23e4e0a0cc2636a4b04ef7409,3675.48,140.98,15.388011855,54000,54000
f46c7c19185afbe23e4e0a0cc2636a4b04ef7409,3668.14,140.12,15.386150043,54000,54000
6556b5cca52b7345b9268ee310e8c3f2445b5e9b,3672.10,140.81,15.358518779,54000,54000
6556b5cca52b7345b9268ee310e8c3f2445b5e9b,3683.47,140.97,15.436655560,54000,55000
6556b5cca52b7345b9268ee310e8c3f2445b5e9b,3658.11,140.08,15.323761731,56000,55000
6556b5cca52b7345b9268ee310e8c3f2445b5e9b,3667.01,140.78,15.372983668,54000,55000
6556b5cca52b7345b9268ee310e8c3f2445b5e9b,3658.92,140.43,15.357346344,54000,55000
6556b5cca52b7345b9268ee310e8c3f2445b5e9b,3671.99,141.14,15.399737713,54000,54000
6556b5cca52b7345b9268ee310e8c3f2445b5e9b,3674.36,140.91,15.361085293,55000,54000
6556b5cca52b7345b9268ee310e8c3f2445b5e9b,3651.58,140.01,15.291010408,54000,54000
6556b5cca52b7345b9268ee310e8c3f2445b5e9b,3735.88,143.42,15.652056720,54000,54000
6556b5cca52b7345b9268ee310e8c3f2445b5e9b,3651.72,140.41,15.298762933,55000,54000
6556b5cca52b7345b9268ee310e8c3f2445b5e9b,3689.38,141.24,15.465516273,54000,54000
6556b5cca52b7345b9268ee310e8c3f2445b5e9b,3644.48,139.83,15.279437288,54000,53000
6556b5cca52b7345b9268ee310e8c3f2445b5e9b,3672.30,140.82,15.361422386,54000,54000
6556b5cca52b7345b9268ee310e8c3f2445b5e9b,3665.39,140.76,15.368967508,54000,54000
6556b5cca52b7345b9268ee310e8c3f2445b5e9b,3660.36,139.93,15.320063733,54000,54000
6556b5cca52b7345b9268ee310e8c3f2445b5e9b,3670.39,140.89,15.373936737,54000,54000
6556b5cca52b7345b9268ee310e8c3f2445b5e9b,3701.39,141.94,15.500200587,54000,54000
6556b5cca52b7345b9268ee310e8c3f2445b5e9b,3658.56,139.87,15.346006843,54000,54000
6556b5cca52b7345b9268ee310e8c3f2445b5e9b,3686.62,141.27,15.461496714,54000,54000
6556b5cca52b7345b9268ee310e8c3f2445b5e9b,3669.00,140.53,15.367075595,54000,53000
6556b5cca52b7345b9268ee310e8c3f2445b5e9b,3666.66,139.61,15.374323327,54000,54000
6556b5cca52b7345b9268ee310e8c3f2445b5e9b,3668.34,139.83,15.372595218,54000,54000
6556b5cca52b7345b9268ee310e8c3f2445b5e9b,3664.37,140.46,15.349830992,54000,54000
6556b5cca52b7345b9268ee310e8c3f2445b5e9b,3686.06,141.36,15.421713840,54000,54000
6556b5cca52b7345b9268ee310e8c3f2445b5e9b,3663.95,140.75,15.322811451,54000,54000
6556b5cca52b7345b9268ee310e8c3f2445b5e9b,3652.52,140.67,15.302177072,53000,54000
6556b5cca52b7345b9268ee310e8c3f2445b5e9b,3655.67,140.13,15.308025615,54000,54000
6556b5cca52b7345b9268ee310e8c3f2445b5e9b,3670.02,140.08,15.386725222,54000,54000
6556b5cca52b7345b9268ee310e8c3f2445b5e9b,3677.19,141.71,15.412307158,54000,54000
6556b5cca52b7345b9268ee310e8c3f2445b5e9b,3658.89,140.21,15.342357178,54000,54000
87c578b45b9e3cdb5255eeb32a2d989ac8e45f09,3661.43,139.85,15.306367265,56000,55000
87c578b45b9e3cdb5255eeb32a2d989ac8e45f09,3673.46,140.94,15.380133626,54000,54000
87c578b45b9e3cdb5255eeb32a2d989ac8e45f09,3683.28,141.62,15.446632702,54000,55000
87c578b45b9e3cdb5255eeb32a2d989ac8e45f09,3688.25,141.95,15.467968408,54000,54000
87c578b45b9e3cdb5255eeb32a2d989ac8e45f09,3655.83,140.01,15.309814328,54000,54000
87c578b45b9e3cdb5255eeb32a2d989ac8e45f09,3676.71,140.83,15.409358461,54000,54000
87c578b45b9e3cdb5255eeb32a2d989ac8e45f09,3657.86,140.67,15.334846718,54000,55000
87c578b45b9e3cdb5255eeb32a2d989ac8e45f09,3673.25,140.90,15.382004325,54000,54000
87c578b45b9e3cdb5255eeb32a2d989ac8e45f09,3674.15,140.89,15.384802125,54000,54000
87c578b45b9e3cdb5255eeb32a2d989ac8e45f09,3674.57,141.22,15.379041595,54000,55000
87c578b45b9e3cdb5255eeb32a2d989ac8e45f09,3657.05,140.69,15.355410693,54000,54000
87c578b45b9e3cdb5255eeb32a2d989ac8e45f09,3694.73,142.10,15.472447422,54000,54000
87c578b45b9e3cdb5255eeb32a2d989ac8e45f09,3671.06,140.43,15.366155915,54000,54000
87c578b45b9e3cdb5255eeb32a2d989ac8e45f09,3672.26,141.10,15.375502018,54000,54000
87c578b45b9e3cdb5255eeb32a2d989ac8e45f09,3679.68,140.95,15.410541419,54000,54000
87c578b45b9e3cdb5255eeb32a2d989ac8e45f09,3660.51,140.06,15.349200976,54000,54000
87c578b45b9e3cdb5255eeb32a2d989ac8e45f09,3657.16,140.05,15.344396854,54000,54000
87c578b45b9e3cdb5255eeb32a2d989ac8e45f09,3665.94,140.26,15.340456385,54000,54000
87c578b45b9e3cdb5255eeb32a2d989ac8e45f09,3684.50,140.96,15.428436031,54000,54000
87c578b45b9e3cdb5255eeb32a2d989ac8e45f09,3679.72,140.68,15.396142829,54000,54000
87c578b45b9e3cdb5255eeb32a2d989ac8e45f09,3656.60,139.91,15.317086554,54000,54000
87c578b45b9e3cdb5255eeb32a2d989ac8e45f09,3662.82,140.18,15.349579739,54000,54000
87c578b45b9e3cdb5255eeb32a2d989ac8e45f09,3661.16,140.52,15.320672194,54000,54000
87c578b45b9e3cdb5255eeb32a2d989ac8e45f09,3665.92,140.82,15.350831890,54000,54000
87c578b45b9e3cdb5255eeb32a2d989ac8e45f09,3674.99,141.17,15.396032830,54000,54000
87c578b45b9e3cdb5255eeb32a2d989ac8e45f09,3667.75,140.41,15.382575118,55000,54000
87c578b45b9e3cdb5255eeb32a2d989ac8e45f09,3645.17,139.92,15.291764756,54000,55000
87c578b45b9e3cdb5255eeb32a2d989ac8e45f09,3670.70,140.55,15.383585068,54000,54000
87c578b45b9e3cdb5255eeb32a2d989ac8e45f09,3676.87,140.54,15.415098324,54000,54000
87c578b45b9e3cdb5255eeb32a2d989ac8e45f09,3700.15,141.89,15.518460194,54000,54000
d7620436d9c14a91836631adc241d775f442ec94,3666.76,140.39,15.352754251,56000,55000
d7620436d9c14a91836631adc241d775f442ec94,3661.84,139.86,15.319165697,55000,55000
d7620436d9c14a91836631adc241d775f442ec94,3677.05,140.62,15.383101450,55000,56000
d7620436d9c14a91836631adc241d775f442ec94,3666.61,141.02,15.370860929,54000,54000
d7620436d9c14a91836631adc241d775f442ec94,3661.90,140.20,15.327666410,54000,54000
d7620436d9c14a91836631adc241d775f442ec94,3666.20,140.98,15.370827140,54000,54000
d7620436d9c14a91836631adc241d775f442ec94,3648.11,140.10,15.307519223,54000,54000
d7620436d9c14a91836631adc241d775f442ec94,3673.31,140.70,15.421407523,54000,54000
d7620436d9c14a91836631adc241d775f442ec94,3656.59,140.19,15.323324427,55000,55000
d7620436d9c14a91836631adc241d775f442ec94,3691.50,141.58,15.452773835,54000,54000
d7620436d9c14a91836631adc241d775f442ec94,3687.40,141.63,15.436469260,53000,54000
d7620436d9c14a91836631adc241d775f442ec94,3656.32,140.13,15.315844115,54000,54000
d7620436d9c14a91836631adc241d775f442ec94,3661.19,140.45,15.356278254,53000,54000
d7620436d9c14a91836631adc241d775f442ec94,3661.94,140.71,15.321558950,54000,54000
d7620436d9c14a91836631adc241d775f442ec94,3670.27,140.69,15.390174294,54000,54000
d7620436d9c14a91836631adc241d775f442ec94,3638.16,139.93,15.261544104,54000,54000
d7620436d9c14a91836631adc241d775f442ec94,3674.39,141.14,15.410906734,54000,54000
d7620436d9c14a91836631adc241d775f442ec94,3658.28,140.32,15.341209647,54000,54000
d7620436d9c14a91836631adc241d775f442ec94,3671.74,140.64,15.380694738,53000,54000
d7620436d9c14a91836631adc241d775f442ec94,3717.22,142.78,15.564956564,54000,54000
d7620436d9c14a91836631adc241d775f442ec94,3655.71,139.85,15.337392234,53000,54000
d7620436d9c14a91836631adc241d775f442ec94,3659.88,140.27,15.369266452,54000,54000
d7620436d9c14a91836631adc241d775f442ec94,3659.73,140.29,15.331790811,54000,54000
d7620436d9c14a91836631adc241d775f442ec94,3646.51,139.87,15.287524315,54000,54000
d7620436d9c14a91836631adc241d775f442ec94,3666.16,140.72,15.352435880,54000,54000
d7620436d9c14a91836631adc241d775f442ec94,3653.63,140.12,15.305859855,54000,54000
d7620436d9c14a91836631adc241d775f442ec94,3692.64,141.40,15.461801469,54000,54000
d7620436d9c14a91836631adc241d775f442ec94,3643.73,139.59,15.287130799,54000,54000
d7620436d9c14a91836631adc241d775f442ec94,3679.98,141.45,15.436723259,54000,53000
d7620436d9c14a91836631adc241d775f442ec94,3646.43,140.13,15.278652017,53000,54000
f4b78c1223ece13c1f80e894753dbb34686986ba,3649.92,139.78,15.275257128,55000,56000
f4b78c1223ece13c1f80e894753dbb34686986ba,3669.07,140.33,15.354861457,54000,55000
f4b78c1223ece13c1f80e894753dbb34686986ba,3656.51,140.28,15.312057329,54000,55000
f4b78c1223ece13c1f80e894753dbb34686986ba,3672.77,140.57,15.367346074,54000,54000
f4b78c1223ece13c1f80e894753dbb34686986ba,3646.56,140.34,15.294825561,54000,54000
f4b78c1223ece13c1f80e894753dbb34686986ba,3655.22,140.13,15.313185106,55000,54000
f4b78c1223ece13c1f80e894753dbb34686986ba,3656.77,140.39,15.300168323,54000,54000
f4b78c1223ece13c1f80e894753dbb34686986ba,3679.07,141.83,15.399798671,54000,54000
f4b78c1223ece13c1f80e894753dbb34686986ba,3652.86,140.06,15.291456734,55000,54000
f4b78c1223ece13c1f80e894753dbb34686986ba,3655.42,140.05,15.304732275,54000,54000
f4b78c1223ece13c1f80e894753dbb34686986ba,3677.57,141.53,15.414539575,54000,53000
f4b78c1223ece13c1f80e894753dbb34686986ba,3653.21,140.60,15.319721885,54000,54000
f4b78c1223ece13c1f80e894753dbb34686986ba,3665.47,140.86,15.329646476,54000,54000
f4b78c1223ece13c1f80e894753dbb34686986ba,3679.30,140.77,15.396675649,54000,54000
f4b78c1223ece13c1f80e894753dbb34686986ba,3676.69,140.53,15.387053841,54000,54000
f4b78c1223ece13c1f80e894753dbb34686986ba,3662.63,141.08,15.364959084,54000,54000
f4b78c1223ece13c1f80e894753dbb34686986ba,3678.33,141.21,15.388910760,54000,54000
f4b78c1223ece13c1f80e894753dbb34686986ba,3651.06,140.08,15.324116836,54000,54000
f4b78c1223ece13c1f80e894753dbb34686986ba,3654.40,140.10,15.303788231,53000,54000
f4b78c1223ece13c1f80e894753dbb34686986ba,3659.80,140.11,15.331323920,55000,54000
f4b78c1223ece13c1f80e894753dbb34686986ba,3682.21,140.71,15.410423777,54000,54000
f4b78c1223ece13c1f80e894753dbb34686986ba,3676.50,141.03,15.392565236,54000,54000
f4b78c1223ece13c1f80e894753dbb34686986ba,3645.95,139.12,15.283159301,54000,54000
f4b78c1223ece13c1f80e894753dbb34686986ba,3678.68,141.11,15.407107555,54000,54000
f4b78c1223ece13c1f80e894753dbb34686986ba,3661.54,139.85,15.328021680,54000,54000
f4b78c1223ece13c1f80e894753dbb34686986ba,3659.19,140.14,15.356270011,54000,54000
f4b78c1223ece13c1f80e894753dbb34686986ba,3679.42,140.74,15.389844655,54000,54000
f4b78c1223ece13c1f80e894753dbb34686986ba,3681.33,141.09,15.430866947,54000,54000
f4b78c1223ece13c1f80e894753dbb34686986ba,3666.19,140.56,15.388637553,54000,54000
f4b78c1223ece13c1f80e894753dbb34686986ba,3740.47,143.54,15.650120989,53000,54000
ead4737b70aa6a4d59916106fb1b5a8878e27513,3693.13,141.48,15.414284995,54000,55000
ead4737b70aa6a4d59916106fb1b5a8878e27513,3655.31,140.21,15.315882537,54000,55000
ead4737b70aa6a4d59916106fb1b5a8878e27513,3668.28,140.57,15.380619282,54000,55000
ead4737b70aa6a4d59916106fb1b5a8878e27513,3690.92,141.90,15.469034520,54000,54000
ead4737b70aa6a4d59916106fb1b5a8878e27513,3670.48,141.04,15.371624686,55000,54000
ead4737b70aa6a4d59916106fb1b5a8878e27513,3657.79,139.94,15.341178093,54000,54000
ead4737b70aa6a4d59916106fb1b5a8878e27513,3672.87,141.53,15.388711077,54000,54000
ead4737b70aa6a4d59916106fb1b5a8878e27513,3679.58,141.43,15.406829025,54000,54000
ead4737b70aa6a4d59916106fb1b5a8878e27513,3666.04,141.14,15.347484772,54000,54000
ead4737b70aa6a4d59916106fb1b5a8878e27513,3652.36,140.37,15.293127979,54000,54000
ead4737b70aa6a4d59916106fb1b5a8878e27513,3669.56,140.65,15.393867133,54000,54000
ead4737b70aa6a4d59916106fb1b5a8878e27513,3657.72,140.64,15.358272735,54000,54000
ead4737b70aa6a4d59916106fb1b5a8878e27513,3651.41,140.27,15.311700814,54000,54000
ead4737b70aa6a4d59916106fb1b5a8878e27513,3677.53,141.32,15.407552014,54000,54000
ead4737b70aa6a4d59916106fb1b5a8878e27513,3671.88,140.85,15.384412857,54000,54000
ead4737b70aa6a4d59916106fb1b5a8878e27513,3678.72,140.95,15.422061434,54000,54000
ead4737b70aa6a4d59916106fb1b5a8878e27513,3678.50,141.17,15.426633424,54000,54000
ead4737b70aa6a4d59916106fb1b5a8878e27513,3657.58,139.94,15.317941476,54000,54000
ead4737b70aa6a4d59916106fb1b5a8878e27513,3672.53,140.44,15.404023948,54000,54000
ead4737b70aa6a4d59916106fb1b5a8878e27513,3665.12,140.43,15.372328023,54000,55000
ead4737b70aa6a4d59916106fb1b5a8878e27513,3665.43,140.87,15.337393668,54000,53000
ead4737b70aa6a4d59916106fb1b5a8878e27513,3672.93,141.05,15.375798251,54000,54000
ead4737b70aa6a4d59916106fb1b5a8878e27513,3670.06,140.83,15.372119807,54000,54000
ead4737b70aa6a4d59916106fb1b5a8878e27513,3660.79,139.95,15.334664143,54000,54000
ead4737b70aa6a4d59916106fb1b5a8878e27513,3681.52,141.33,15.404609468,54000,54000
ead4737b70aa6a4d59916106fb1b5a8878e27513,3658.82,140.73,15.320767103,54000,54000
ead4737b70aa6a4d59916106fb1b5a8878e27513,3663.77,140.62,15.347468210,54000,54000
ead4737b70aa6a4d59916106fb1b5a8878e27513,3694.60,141.62,15.473283476,54000,54000
ead4737b70aa6a4d59916106fb1b5a8878e27513,3660.95,140.61,15.334122620,54000,54000
ead4737b70aa6a4d59916106fb1b5a8878e27513,3648.54,139.54,15.282494699,54000,54000
3ce516e601aadfbdb4ac958f225bfae3089e464d,3688.17,141.91,15.431571729,54000,54000
3ce516e601aadfbdb4ac958f225bfae3089e464d,3685.84,141.18,15.420784173,54000,55000
3ce516e601aadfbdb4ac958f225bfae3089e464d,3688.88,141.00,15.456696505,54000,54000
3ce516e601aadfbdb4ac958f225bfae3089e464d,3673.32,140.74,15.391220354,54000,55000
3ce516e601aadfbdb4ac958f225bfae3089e464d,3669.58,140.48,15.353858894,54000,54000
3ce516e601aadfbdb4ac958f225bfae3089e464d,3672.03,140.56,15.368712656,54000,54000
3ce516e601aadfbdb4ac958f225bfae3089e464d,3658.95,140.10,15.335645542,54000,54000
3ce516e601aadfbdb4ac958f225bfae3089e464d,3648.58,139.74,15.292497899,54000,54000
3ce516e601aadfbdb4ac958f225bfae3089e464d,3654.87,140.09,15.309986791,54000,54000
3ce516e601aadfbdb4ac958f225bfae3089e464d,3678.94,141.12,15.394276967,54000,54000
3ce516e601aadfbdb4ac958f225bfae3089e464d,3667.09,141.13,15.362613108,54000,54000
3ce516e601aadfbdb4ac958f225bfae3089e464d,3716.86,143.21,15.596071146,54000,54000
3ce516e601aadfbdb4ac958f225bfae3089e464d,3661.49,140.51,15.326436360,54000,54000
3ce516e601aadfbdb4ac958f225bfae3089e464d,3681.44,141.28,15.439813437,54000,54000
3ce516e601aadfbdb4ac958f225bfae3089e464d,3687.14,141.48,15.457893608,54000,54000
3ce516e601aadfbdb4ac958f225bfae3089e464d,3670.03,141.21,15.401600243,54000,54000
3ce516e601aadfbdb4ac958f225bfae3089e464d,3671.25,140.86,15.392048956,54000,54000
3ce516e601aadfbdb4ac958f225bfae3089e464d,3684.96,141.53,15.436814487,54000,54000
3ce516e601aadfbdb4ac958f225bfae3089e464d,3681.73,141.21,15.455578279,54000,54000
3ce516e601aadfbdb4ac958f225bfae3089e464d,3654.63,140.10,15.298827833,54000,54000
3ce516e601aadfbdb4ac958f225bfae3089e464d,3674.25,140.30,15.414864758,54000,54000
3ce516e601aadfbdb4ac958f225bfae3089e464d,3676.81,140.93,15.406930406,54000,54000
3ce516e601aadfbdb4ac958f225bfae3089e464d,3658.24,140.36,15.319594662,54000,54000
3ce516e601aadfbdb4ac958f225bfae3089e464d,3659.14,140.14,15.347224500,54000,54000
3ce516e601aadfbdb4ac958f225bfae3089e464d,3715.81,142.44,15.552599985,54000,54000
3ce516e601aadfbdb4ac958f225bfae3089e464d,3673.72,140.97,15.362278423,54000,54000
3ce516e601aadfbdb4ac958f225bfae3089e464d,3699.50,141.90,15.507049955,54000,54000
3ce516e601aadfbdb4ac958f225bfae3089e464d,3673.35,141.01,15.393290180,54000,54000
3ce516e601aadfbdb4ac958f225bfae3089e464d,3664.01,140.49,15.349417976,54000,54000
3ce516e601aadfbdb4ac958f225bfae3089e464d,3689.09,141.30,15.445432925,55000,54000
6d84d68985a3694a418bc46040fcd0f08123bb06,3678.42,140.98,15.371417602,54000,54000
6d84d68985a3694a418bc46040fcd0f08123bb06,3671.19,140.49,15.339173426,55000,56000
6d84d68985a3694a418bc46040fcd0f08123bb06,3646.16,140.05,15.290397685,54000,54000
6d84d68985a3694a418bc46040fcd0f08123bb06,3659.75,140.56,15.340928767,55000,55000
6d84d68985a3694a418bc46040fcd0f08123bb06,3669.30,140.46,15.338950874,54000,54000
6d84d68985a3694a418bc46040fcd0f08123bb06,3657.16,140.49,15.351802722,54000,54000
6d84d68985a3694a418bc46040fcd0f08123bb06,3645.51,139.61,15.278209192,54000,54000
6d84d68985a3694a418bc46040fcd0f08123bb06,3661.33,140.46,15.319343927,55000,54000
6d84d68985a3694a418bc46040fcd0f08123bb06,3660.60,140.57,15.341912936,54000,54000
6d84d68985a3694a418bc46040fcd0f08123bb06,3663.76,141.04,15.354319766,54000,55000
6d84d68985a3694a418bc46040fcd0f08123bb06,3650.38,140.45,15.314013724,54000,54000
6d84d68985a3694a418bc46040fcd0f08123bb06,3666.87,141.00,15.370312888,54000,54000
6d84d68985a3694a418bc46040fcd0f08123bb06,3648.94,139.58,15.273519347,54000,54000
6d84d68985a3694a418bc46040fcd0f08123bb06,3681.41,141.30,15.437174484,54000,54000
6d84d68985a3694a418bc46040fcd0f08123bb06,3671.19,141.14,15.397611725,54000,54000
6d84d68985a3694a418bc46040fcd0f08123bb06,3658.92,140.68,15.331630213,54000,54000
6d84d68985a3694a418bc46040fcd0f08123bb06,3659.64,140.52,15.350204077,54000,54000
6d84d68985a3694a418bc46040fcd0f08123bb06,3662.68,140.62,15.358527602,54000,54000
6d84d68985a3694a418bc46040fcd0f08123bb06,3680.18,141.17,15.400798373,54000,54000
6d84d68985a3694a418bc46040fcd0f08123bb06,3662.14,140.31,15.333759304,54000,54000
6d84d68985a3694a418bc46040fcd0f08123bb06,3687.47,142.00,15.450597747,54000,53000
6d84d68985a3694a418bc46040fcd0f08123bb06,3659.06,140.39,15.330541294,54000,54000
6d84d68985a3694a418bc46040fcd0f08123bb06,3657.16,139.81,15.311506454,54000,54000
6d84d68985a3694a418bc46040fcd0f08123bb06,3656.38,139.95,15.307264358,55000,54000
6d84d68985a3694a418bc46040fcd0f08123bb06,3659.16,140.08,15.325380699,54000,54000
6d84d68985a3694a418bc46040fcd0f08123bb06,3675.84,141.23,15.409663945,53000,54000
6d84d68985a3694a418bc46040fcd0f08123bb06,3656.29,140.28,15.308759465,54000,54000
6d84d68985a3694a418bc46040fcd0f08123bb06,3658.38,140.17,15.334780920,54000,54000
6d84d68985a3694a418bc46040fcd0f08123bb06,3661.26,140.58,15.358579457,54000,54000
6d84d68985a3694a418bc46040fcd0f08123bb06,3651.47,139.84,15.307445465,54000,54000
fbf8bdbd83bc1b09e3988dca700b7215e87a7bfe,3664.61,140.29,15.325443594,54000,55000
fbf8bdbd83bc1b09e3988dca700b7215e87a7bfe,3657.37,139.90,15.328833535,55000,56000
fbf8bdbd83bc1b09e3988dca700b7215e87a7bfe,3662.31,139.83,15.333076176,54000,54000
fbf8bdbd83bc1b09e3988dca700b7215e87a7bfe,3664.63,140.80,15.349120458,54000,54000
fbf8bdbd83bc1b09e3988dca700b7215e87a7bfe,3670.56,140.35,15.386292806,54000,54000
fbf8bdbd83bc1b09e3988dca700b7215e87a7bfe,3680.38,141.33,15.437132799,54000,54000
fbf8bdbd83bc1b09e3988dca700b7215e87a7bfe,3666.06,140.74,15.374559781,54000,55000
fbf8bdbd83bc1b09e3988dca700b7215e87a7bfe,3662.05,140.37,15.370250063,54000,54000
fbf8bdbd83bc1b09e3988dca700b7215e87a7bfe,3669.35,141.16,15.364737308,54000,54000
fbf8bdbd83bc1b09e3988dca700b7215e87a7bfe,3656.80,140.17,15.320421211,54000,54000
fbf8bdbd83bc1b09e3988dca700b7215e87a7bfe,3692.58,141.64,15.474281880,54000,54000
fbf8bdbd83bc1b09e3988dca700b7215e87a7bfe,3687.06,140.94,15.463700389,54000,54000
fbf8bdbd83bc1b09e3988dca700b7215e87a7bfe,3694.79,141.18,15.468778422,54000,54000
fbf8bdbd83bc1b09e3988dca700b7215e87a7bfe,3659.59,140.64,15.332957706,54000,54000
fbf8bdbd83bc1b09e3988dca700b7215e87a7bfe,3657.02,140.10,15.309138635,55000,54000
fbf8bdbd83bc1b09e3988dca700b7215e87a7bfe,3640.76,139.68,15.289241247,54000,54000
fbf8bdbd83bc1b09e3988dca700b7215e87a7bfe,3659.83,140.52,15.347648448,54000,54000
fbf8bdbd83bc1b09e3988dca700b7215e87a7bfe,3657.94,139.90,15.334334848,54000,54000
fbf8bdbd83bc1b09e3988dca700b7215e87a7bfe,3671.86,140.63,15.379763488,53000,54000
fbf8bdbd83bc1b09e3988dca700b7215e87a7bfe,3683.29,141.14,15.425829515,54000,54000
fbf8bdbd83bc1b09e3988dca700b7215e87a7bfe,3657.64,139.81,15.321512981,54000,55000
fbf8bdbd83bc1b09e3988dca700b7215e87a7bfe,3674.42,141.01,15.368602909,54000,54000
fbf8bdbd83bc1b09e3988dca700b7215e87a7bfe,3668.19,140.76,15.359041495,54000,54000
fbf8bdbd83bc1b09e3988dca700b7215e87a7bfe,3663.50,140.77,15.341691079,54000,54000
fbf8bdbd83bc1b09e3988dca700b7215e87a7bfe,3690.96,141.35,15.461332979,54000,54000
fbf8bdbd83bc1b09e3988dca700b7215e87a7bfe,3666.52,140.54,15.370474564,54000,54000
fbf8bdbd83bc1b09e3988dca700b7215e87a7bfe,3690.33,141.25,15.465001285,54000,54000
fbf8bdbd83bc1b09e3988dca700b7215e87a7bfe,3667.63,140.95,15.357670455,54000,54000
fbf8bdbd83bc1b09e3988dca700b7215e87a7bfe,3697.89,141.63,15.490739659,55000,54000
fbf8bdbd83bc1b09e3988dca700b7215e87a7bfe,3675.87,140.76,15.392845231,54000,54000
3a82eb4cc3bf941755af4e7f4b0bf78790049e4f,3674.31,140.57,15.356042511,55000,56000
3a82eb4cc3bf941755af4e7f4b0bf78790049e4f,3681.64,140.77,15.392827523,54000,54000
3a82eb4cc3bf941755af4e7f4b0bf78790049e4f,3689.70,141.24,15.453279353,54000,54000
3a82eb4cc3bf941755af4e7f4b0bf78790049e4f,3675.29,141.54,15.386953210,55000,55000
3a82eb4cc3bf941755af4e7f4b0bf78790049e4f,3667.09,140.46,15.368548451,54000,54000
3a82eb4cc3bf941755af4e7f4b0bf78790049e4f,3658.99,140.20,15.324855713,54000,54000
3a82eb4cc3bf941755af4e7f4b0bf78790049e4f,3661.62,140.47,15.359621098,54000,54000
3a82eb4cc3bf941755af4e7f4b0bf78790049e4f,3678.07,141.39,15.436497197,54000,54000
3a82eb4cc3bf941755af4e7f4b0bf78790049e4f,3655.19,140.07,15.316712677,54000,54000
3a82eb4cc3bf941755af4e7f4b0bf78790049e4f,3671.67,141.20,15.367788307,54000,54000
3a82eb4cc3bf941755af4e7f4b0bf78790049e4f,3649.42,140.10,15.289288058,54000,54000
3a82eb4cc3bf941755af4e7f4b0bf78790049e4f,3658.78,140.11,15.338450273,54000,54000
3a82eb4cc3bf941755af4e7f4b0bf78790049e4f,3662.62,140.86,15.356248929,54000,54000
3a82eb4cc3bf941755af4e7f4b0bf78790049e4f,3654.07,140.14,15.302829228,54000,54000
3a82eb4cc3bf941755af4e7f4b0bf78790049e4f,3668.55,140.75,15.394467386,54000,54000
3a82eb4cc3bf941755af4e7f4b0bf78790049e4f,3669.11,140.74,15.380437346,54000,53000
3a82eb4cc3bf941755af4e7f4b0bf78790049e4f,3652.65,139.65,15.310491662,54000,54000
3a82eb4cc3bf941755af4e7f4b0bf78790049e4f,3666.19,140.17,15.364285057,54000,54000
3a82eb4cc3bf941755af4e7f4b0bf78790049e4f,3671.89,141.07,15.406407073,54000,54000
3a82eb4cc3bf941755af4e7f4b0bf78790049e4f,3653.41,139.78,15.343563441,54000,54000
3a82eb4cc3bf941755af4e7f4b0bf78790049e4f,3663.34,140.46,15.335295267,54000,54000
3a82eb4cc3bf941755af4e7f4b0bf78790049e4f,3675.00,140.88,15.386908380,54000,54000
3a82eb4cc3bf941755af4e7f4b0bf78790049e4f,3690.45,141.34,15.453456695,54000,53000
3a82eb4cc3bf941755af4e7f4b0bf78790049e4f,3685.80,141.49,15.431462272,54000,54000
3a82eb4cc3bf941755af4e7f4b0bf78790049e4f,3653.82,139.81,15.305321870,54000,54000
3a82eb4cc3bf941755af4e7f4b0bf78790049e4f,3674.67,141.20,15.405678463,54000,54000
3a82eb4cc3bf941755af4e7f4b0bf78790049e4f,3700.29,142.42,15.507168583,54000,54000
3a82eb4cc3bf941755af4e7f4b0bf78790049e4f,3663.50,140.36,15.342381654,55000,54000
3a82eb4cc3bf941755af4e7f4b0bf78790049e4f,3701.89,142.10,15.503234270,54000,54000
3a82eb4cc3bf941755af4e7f4b0bf78790049e4f,3674.45,140.99,15.383232179,54000,54000
063f6d5798207fd3bc6e3f87144bc78efee7c5eb,3672.08,140.78,15.355496182,54000,54000
063f6d5798207fd3bc6e3f87144bc78efee7c5eb,3661.49,140.60,15.307561446,56000,55000
063f6d5798207fd3bc6e3f87144bc78efee7c5eb,3658.56,140.60,15.322486994,54000,54000
063f6d5798207fd3bc6e3f87144bc78efee7c5eb,3648.94,139.74,15.303735873,54000,55000
063f6d5798207fd3bc6e3f87144bc78efee7c5eb,3651.59,140.00,15.319621682,54000,54000
063f6d5798207fd3bc6e3f87144bc78efee7c5eb,3690.75,141.41,15.469687987,54000,55000
063f6d5798207fd3bc6e3f87144bc78efee7c5eb,3638.20,139.33,15.252106440,54000,54000
063f6d5798207fd3bc6e3f87144bc78efee7c5eb,3672.03,141.00,15.368111666,54000,54000
063f6d5798207fd3bc6e3f87144bc78efee7c5eb,3643.97,140.23,15.271598125,54000,54000
063f6d5798207fd3bc6e3f87144bc78efee7c5eb,3659.05,140.80,15.321459910,54000,54000
063f6d5798207fd3bc6e3f87144bc78efee7c5eb,3639.87,139.74,15.273527457,54000,54000
063f6d5798207fd3bc6e3f87144bc78efee7c5eb,3661.91,141.08,15.335143675,54000,54000
063f6d5798207fd3bc6e3f87144bc78efee7c5eb,3657.47,140.32,15.321381213,54000,54000
063f6d5798207fd3bc6e3f87144bc78efee7c5eb,3673.03,140.92,15.400225760,54000,54000
063f6d5798207fd3bc6e3f87144bc78efee7c5eb,3658.34,140.17,15.337208037,54000,54000
063f6d5798207fd3bc6e3f87144bc78efee7c5eb,3657.52,140.41,15.346020131,54000,54000
063f6d5798207fd3bc6e3f87144bc78efee7c5eb,3665.83,140.55,15.362553962,54000,54000
063f6d5798207fd3bc6e3f87144bc78efee7c5eb,3693.84,141.73,15.483030217,54000,54000
063f6d5798207fd3bc6e3f87144bc78efee7c5eb,3688.90,141.47,15.451580038,54000,54000
063f6d5798207fd3bc6e3f87144bc78efee7c5eb,3668.51,140.98,15.375572983,54000,54000
063f6d5798207fd3bc6e3f87144bc78efee7c5eb,3650.61,140.02,15.278636763,54000,54000
063f6d5798207fd3bc6e3f87144bc78efee7c5eb,3668.48,140.50,15.366811001,54000,54000
063f6d5798207fd3bc6e3f87144bc78efee7c5eb,3655.10,139.72,15.330847515,54000,54000
063f6d5798207fd3bc6e3f87144bc78efee7c5eb,3657.26,140.70,15.331693073,54000,54000
063f6d5798207fd3bc6e3f87144bc78efee7c5eb,3670.88,140.96,15.382137577,54000,54000
063f6d5798207fd3bc6e3f87144bc78efee7c5eb,3666.17,139.96,15.369428416,54000,54000
063f6d5798207fd3bc6e3f87144bc78efee7c5eb,3696.65,141.14,15.473054147,54000,54000
063f6d5798207fd3bc6e3f87144bc78efee7c5eb,3653.51,140.35,15.310433144,54000,54000
063f6d5798207fd3bc6e3f87144bc78efee7c5eb,3683.27,141.54,15.466437146,54000,54000
063f6d5798207fd3bc6e3f87144bc78efee7c5eb,3658.01,140.37,15.327287334,54000,54000
de562791ab3c5e39676f16cdeae72dc6070890d5,3673.68,140.56,15.381869171,54000,54000
de562791ab3c5e39676f16cdeae72dc6070890d5,3650.31,139.29,15.295348064,55000,55000
de562791ab3c5e39676f16cdeae72dc6070890d5,3649.30,139.63,15.283141132,54000,54000
de562791ab3c5e39676f16cdeae72dc6070890d5,3658.66,140.22,15.326035209,54000,54000
de562791ab3c5e39676f16cdeae72dc6070890d5,3651.25,140.00,15.299644584,54000,54000
de562791ab3c5e39676f16cdeae72dc6070890d5,3649.00,139.88,15.293202444,54000,54000
de562791ab3c5e39676f16cdeae72dc6070890d5,3682.61,141.29,15.418086586,54000,54000
de562791ab3c5e39676f16cdeae72dc6070890d5,3686.87,142.03,15.436971136,54000,54000
de562791ab3c5e39676f16cdeae72dc6070890d5,3661.33,141.00,15.343584602,54000,53000
de562791ab3c5e39676f16cdeae72dc6070890d5,3674.14,140.97,15.415973448,54000,54000
de562791ab3c5e39676f16cdeae72dc6070890d5,3659.54,140.32,15.313416887,54000,54000
de562791ab3c5e39676f16cdeae72dc6070890d5,3648.25,140.09,15.268267654,54000,54000
de562791ab3c5e39676f16cdeae72dc6070890d5,3673.29,141.17,15.409461050,54000,54000
de562791ab3c5e39676f16cdeae72dc6070890d5,3658.92,140.08,15.343743527,54000,54000
de562791ab3c5e39676f16cdeae72dc6070890d5,3669.87,140.66,15.390919987,54000,56000
de562791ab3c5e39676f16cdeae72dc6070890d5,3701.05,141.75,15.508428025,54000,54000
de562791ab3c5e39676f16cdeae72dc6070890d5,3669.31,140.77,15.392657839,53000,54000
de562791ab3c5e39676f16cdeae72dc6070890d5,3661.43,140.08,15.343613213,54000,53000
de562791ab3c5e39676f16cdeae72dc6070890d5,3680.33,141.08,15.414099253,54000,54000
de562791ab3c5e39676f16cdeae72dc6070890d5,3665.11,140.19,15.356963378,54000,54000
de562791ab3c5e39676f16cdeae72dc6070890d5,3670.37,140.90,15.362039929,54000,54000
de562791ab3c5e39676f16cdeae72dc6070890d5,3660.04,140.38,15.344827765,54000,54000
de562791ab3c5e39676f16cdeae72dc6070890d5,3654.31,139.88,15.323279108,54000,54000
de562791ab3c5e39676f16cdeae72dc6070890d5,3681.40,141.07,15.448252184,54000,54000
de562791ab3c5e39676f16cdeae72dc6070890d5,3667.20,140.20,15.378669215,54000,54000
de562791ab3c5e39676f16cdeae72dc6070890d5,3689.64,141.74,15.442756092,54000,54000
de562791ab3c5e39676f16cdeae72dc6070890d5,3664.23,140.47,15.370491854,54000,53000
de562791ab3c5e39676f16cdeae72dc6070890d5,3661.04,140.58,15.330484144,54000,54000
de562791ab3c5e39676f16cdeae72dc6070890d5,3704.77,142.26,15.529614369,54000,54000
de562791ab3c5e39676f16cdeae72dc6070890d5,3717.81,142.27,15.579996641,54000,54000
49d1168440c0fab846f78ac57191520f71d8f633,3683.18,140.85,15.394800838,55000,56000
49d1168440c0fab846f78ac57191520f71d8f633,3666.94,140.33,15.343515277,54000,55000
49d1168440c0fab846f78ac57191520f71d8f633,3660.73,140.34,15.300140196,54000,55000
49d1168440c0fab846f78ac57191520f71d8f633,3673.14,140.58,15.396706054,54000,54000
49d1168440c0fab846f78ac57191520f71d8f633,3674.43,140.99,15.392853054,54000,54000
49d1168440c0fab846f78ac57191520f71d8f633,3661.23,141.13,15.351967277,54000,54000
49d1168440c0fab846f78ac57191520f71d8f633,3656.55,140.66,15.330928173,54000,54000
49d1168440c0fab846f78ac57191520f71d8f633,3707.58,141.98,15.529211537,55000,54000
49d1168440c0fab846f78ac57191520f71d8f633,3647.31,139.85,15.295441026,55000,54000
49d1168440c0fab846f78ac57191520f71d8f633,3637.09,140.14,15.273549339,54000,54000
49d1168440c0fab846f78ac57191520f71d8f633,3665.15,140.48,15.368031610,54000,54000
49d1168440c0fab846f78ac57191520f71d8f633,3673.99,141.13,15.393846501,54000,54000
49d1168440c0fab846f78ac57191520f71d8f633,3652.17,139.90,15.302898516,54000,54000
49d1168440c0fab846f78ac57191520f71d8f633,3685.28,141.13,15.421285594,54000,54000
49d1168440c0fab846f78ac57191520f71d8f633,3666.98,140.31,15.377064922,53000,54000
49d1168440c0fab846f78ac57191520f71d8f633,3655.35,140.49,15.312427628,54000,54000
49d1168440c0fab846f78ac57191520f71d8f633,3655.97,139.79,15.320580982,54000,54000
49d1168440c0fab846f78ac57191520f71d8f633,3677.13,140.89,15.392517903,54000,54000
49d1168440c0fab846f78ac57191520f71d8f633,3668.25,140.21,15.371309676,54000,54000
49d1168440c0fab846f78ac57191520f71d8f633,3665.19,140.49,15.359544241,54000,54000
49d1168440c0fab846f78ac57191520f71d8f633,3668.44,140.84,15.393087404,54000,54000
49d1168440c0fab846f78ac57191520f71d8f633,3676.89,141.02,15.392301524,54000,54000
49d1168440c0fab846f78ac57191520f71d8f633,3659.00,140.83,15.322475556,54000,54000
49d1168440c0fab846f78ac57191520f71d8f633,3649.87,140.20,15.287657431,54000,54000
49d1168440c0fab846f78ac57191520f71d8f633,3649.50,139.70,15.291996273,54000,55000
49d1168440c0fab846f78ac57191520f71d8f633,3663.27,140.47,15.342753832,54000,54000
49d1168440c0fab846f78ac57191520f71d8f633,3658.25,140.59,15.341242370,54000,54000
49d1168440c0fab846f78ac57191520f71d8f633,3660.85,140.74,15.334322020,54000,54000
49d1168440c0fab846f78ac57191520f71d8f633,3672.49,140.81,15.391993829,54000,54000
49d1168440c0fab846f78ac57191520f71d8f633,3670.31,140.25,15.382877400,54000,54000
6012175da981bba159c86910458b786c8fabaa86,3660.79,140.59,15.326752417,54000,54000
6012175da981bba159c86910458b786c8fabaa86,3657.58,140.91,15.342931283,54000,54000
6012175da981bba159c86910458b786c8fabaa86,3636.05,139.15,15.254590008,54000,55000
6012175da981bba159c86910458b786c8fabaa86,3672.28,140.93,15.371031332,54000,54000
6012175da981bba159c86910458b786c8fabaa86,3670.22,140.40,15.390050228,54000,54000
6012175da981bba159c86910458b786c8fabaa86,3646.48,139.83,15.283915842,54000,54000
6012175da981bba159c86910458b786c8fabaa86,3695.17,141.91,15.473577662,54000,54000
6012175da981bba159c86910458b786c8fabaa86,3649.79,140.23,15.276058095,54000,54000
6012175da981bba159c86910458b786c8fabaa86,3673.46,141.12,15.395309213,55000,55000
6012175da981bba159c86910458b786c8fabaa86,3675.53,140.94,15.407548490,54000,54000
6012175da981bba159c86910458b786c8fabaa86,3679.33,141.14,15.417711514,54000,54000
6012175da981bba159c86910458b786c8fabaa86,3677.49,141.06,15.400544422,54000,54000
6012175da981bba159c86910458b786c8fabaa86,3651.91,139.89,15.313506172,54000,54000
6012175da981bba159c86910458b786c8fabaa86,3684.13,141.57,15.450301936,54000,54000
6012175da981bba159c86910458b786c8fabaa86,3663.54,140.39,15.347008678,54000,54000
6012175da981bba159c86910458b786c8fabaa86,3652.22,139.54,15.300015995,54000,54000
6012175da981bba159c86910458b786c8fabaa86,3649.95,139.97,15.337768520,54000,54000
6012175da981bba159c86910458b786c8fabaa86,3656.99,140.00,15.344520617,53000,54000
6012175da981bba159c86910458b786c8fabaa86,3658.75,140.52,15.321332044,54000,54000
6012175da981bba159c86910458b786c8fabaa86,3658.45,140.51,15.334814616,54000,54000
6012175da981bba159c86910458b786c8fabaa86,3674.03,140.64,15.413300908,53000,54000
6012175da981bba159c86910458b786c8fabaa86,3646.40,139.88,15.276324862,54000,54000
6012175da981bba159c86910458b786c8fabaa86,3666.60,140.66,15.363835164,54000,54000
6012175da981bba159c86910458b786c8fabaa86,3664.40,140.54,15.343721473,54000,54000
6012175da981bba159c86910458b786c8fabaa86,3667.63,140.91,15.354467142,53000,54000
6012175da981bba159c86910458b786c8fabaa86,3655.84,139.97,15.332389589,54000,54000
6012175da981bba159c86910458b786c8fabaa86,3641.76,139.66,15.257040474,54000,54000
6012175da981bba159c86910458b786c8fabaa86,3653.26,140.05,15.300696784,54000,54000
6012175da981bba159c86910458b786c8fabaa86,3659.95,140.14,15.342868974,54000,54000
6012175da981bba159c86910458b786c8fabaa86,3691.92,141.50,15.473946009,54000,54000
5bcbdc820d13da5b66092c3504dab5638220888a,3659.71,140.12,15.286279677,56000,54000
5bcbdc820d13da5b66092c3504dab5638220888a,3672.16,141.00,15.344313321,55000,55000
5bcbdc820d13da5b66092c3504dab5638220888a,3685.51,141.14,15.424297487,55000,55000
5bcbdc820d13da5b66092c3504dab5638220888a,3651.26,139.92,15.303520525,54000,54000
5bcbdc820d13da5b66092c3504dab5638220888a,3663.50,140.57,15.340865935,54000,55000
5bcbdc820d13da5b66092c3504dab5638220888a,3667.25,140.45,15.374671429,54000,54000
5bcbdc820d13da5b66092c3504dab5638220888a,3672.97,140.85,15.381779803,54000,54000
5bcbdc820d13da5b66092c3504dab5638220888a,3673.27,140.73,15.378485344,54000,54000
5bcbdc820d13da5b66092c3504dab5638220888a,3640.97,139.42,15.267369133,54000,54000
5bcbdc820d13da5b66092c3504dab5638220888a,3662.30,140.40,15.343406968,54000,54000
5bcbdc820d13da5b66092c3504dab5638220888a,3672.59,140.52,15.383125063,54000,54000
5bcbdc820d13da5b66092c3504dab5638220888a,3687.14,141.42,15.434331103,54000,55000
5bcbdc820d13da5b66092c3504dab5638220888a,3675.64,141.18,15.380090935,54000,54000
5bcbdc820d13da5b66092c3504dab5638220888a,3656.78,140.13,15.315217836,54000,54000
5bcbdc820d13da5b66092c3504dab5638220888a,3704.40,142.42,15.546767717,54000,54000
5bcbdc820d13da5b66092c3504dab5638220888a,3649.56,140.19,15.292893998,54000,54000
5bcbdc820d13da5b66092c3504dab5638220888a,3652.02,140.54,15.313249789,54000,55000
5bcbdc820d13da5b66092c3504dab5638220888a,3704.90,142.33,15.498642109,54000,54000
5bcbdc820d13da5b66092c3504dab5638220888a,3677.31,141.09,15.402738896,54000,54000
5bcbdc820d13da5b66092c3504dab5638220888a,3648.68,140.03,15.294942696,54000,53000
5bcbdc820d13da5b66092c3504dab5638220888a,3663.18,140.66,15.374048409,54000,54000
5bcbdc820d13da5b66092c3504dab5638220888a,3647.83,139.78,15.301144759,54000,54000
5bcbdc820d13da5b66092c3504dab5638220888a,3667.94,140.47,15.356567630,54000,54000
5bcbdc820d13da5b66092c3504dab5638220888a,3661.53,140.33,15.335541198,54000,54000
5bcbdc820d13da5b66092c3504dab5638220888a,3690.11,141.24,15.467681917,54000,54000
5bcbdc820d13da5b66092c3504dab5638220888a,3665.31,140.28,15.357101705,54000,54000
5bcbdc820d13da5b66092c3504dab5638220888a,3642.68,139.54,15.276700691,54000,54000
5bcbdc820d13da5b66092c3504dab5638220888a,3656.75,140.49,15.302803395,54000,54000
5bcbdc820d13da5b66092c3504dab5638220888a,3660.16,140.54,15.344512689,53000,53000
5bcbdc820d13da5b66092c3504dab5638220888a,3667.50,140.78,15.367033687,54000,54000
a92671de6a5132535713982717aeb63a73527ad7,3680.36,141.01,15.400855213,54000,55000
a92671de6a5132535713982717aeb63a73527ad7,3678.04,140.70,15.393780230,54000,54000
a92671de6a5132535713982717aeb63a73527ad7,3651.92,139.79,15.299195444,54000,54000
a92671de6a5132535713982717aeb63a73527ad7,3650.27,139.79,15.290967698,54000,54000
a92671de6a5132535713982717aeb63a73527ad7,3664.46,140.87,15.369099443,54000,54000
a92671de6a5132535713982717aeb63a73527ad7,3696.58,142.09,15.501489178,54000,54000
a92671de6a5132535713982717aeb63a73527ad7,3671.51,140.69,15.368017208,54000,54000
a92671de6a5132535713982717aeb63a73527ad7,3675.92,141.31,15.379693807,54000,54000
a92671de6a5132535713982717aeb63a73527ad7,3666.20,140.80,15.386278783,54000,54000
a92671de6a5132535713982717aeb63a73527ad7,3651.45,140.27,15.293858571,54000,54000
a92671de6a5132535713982717aeb63a73527ad7,3656.41,140.09,15.305586207,54000,54000
a92671de6a5132535713982717aeb63a73527ad7,3662.50,140.50,15.345514130,54000,54000
a92671de6a5132535713982717aeb63a73527ad7,3655.13,140.40,15.342879898,54000,54000
a92671de6a5132535713982717aeb63a73527ad7,3704.24,142.62,15.521186485,54000,54000
a92671de6a5132535713982717aeb63a73527ad7,3665.84,140.67,15.361072078,54000,54000
a92671de6a5132535713982717aeb63a73527ad7,3665.75,140.71,15.370641626,54000,54000
a92671de6a5132535713982717aeb63a73527ad7,3660.39,140.23,15.341779744,54000,54000
a92671de6a5132535713982717aeb63a73527ad7,3644.29,139.93,15.297059102,54000,53000
a92671de6a5132535713982717aeb63a73527ad7,3652.85,140.32,15.309997419,54000,54000
a92671de6a5132535713982717aeb63a73527ad7,3687.62,141.49,15.444991073,54000,54000
a92671de6a5132535713982717aeb63a73527ad7,3658.64,139.94,15.333790006,54000,53000
a92671de6a5132535713982717aeb63a73527ad7,3678.56,141.05,15.408221769,54000,54000
a92671de6a5132535713982717aeb63a73527ad7,3666.07,140.60,15.338536785,53000,54000
a92671de6a5132535713982717aeb63a73527ad7,3675.85,140.38,15.397754127,53000,54000
a92671de6a5132535713982717aeb63a73527ad7,3679.01,141.10,15.420510402,54000,54000
a92671de6a5132535713982717aeb63a73527ad7,3682.52,141.12,15.392867542,54000,54000
a92671de6a5132535713982717aeb63a73527ad7,3678.47,140.84,15.417623353,54000,54000
a92671de6a5132535713982717aeb63a73527ad7,3682.49,141.15,15.452451440,55000,54000
a92671de6a5132535713982717aeb63a73527ad7,3691.07,141.26,15.471368957,54000,54000
a92671de6a5132535713982717aeb63a73527ad7,3658.01,139.71,15.330205979,54000,54000
b1277511aa9ddc43857595c54b71669a87fbc33b,3660.47,140.28,15.306783037,55000,54000
b1277511aa9ddc43857595c54b71669a87fbc33b,3678.60,140.71,15.396803582,55000,55000
b1277511aa9ddc43857595c54b71669a87fbc33b,3687.72,141.41,15.439254314,55000,54000
b1277511aa9ddc43857595c54b71669a87fbc33b,3660.00,140.18,15.366620642,55000,54000
b1277511aa9ddc43857595c54b71669a87fbc33b,3654.71,139.93,15.323894257,56000,54000
b1277511aa9ddc43857595c54b71669a87fbc33b,3667.90,140.41,15.361653689,54000,53000
b1277511aa9ddc43857595c54b71669a87fbc33b,3653.39,140.57,15.307675180,54000,54000
b1277511aa9ddc43857595c54b71669a87fbc33b,3668.32,141.00,15.361108598,55000,54000
b1277511aa9ddc43857595c54b71669a87fbc33b,3656.98,140.07,15.317372174,54000,54000
b1277511aa9ddc43857595c54b71669a87fbc33b,3680.43,141.83,15.430234540,54000,54000
b1277511aa9ddc43857595c54b71669a87fbc33b,3642.58,140.67,15.278434096,54000,54000
b1277511aa9ddc43857595c54b71669a87fbc33b,3710.94,142.62,15.554534420,54000,54000
b1277511aa9ddc43857595c54b71669a87fbc33b,3660.73,140.56,15.345382075,54000,54000
b1277511aa9ddc43857595c54b71669a87fbc33b,3692.70,141.75,15.471662175,52000,54000
b1277511aa9ddc43857595c54b71669a87fbc33b,3645.78,139.40,15.283375037,54000,54000
b1277511aa9ddc43857595c54b71669a87fbc33b,3668.44,140.77,15.354655866,54000,54000
b1277511aa9ddc43857595c54b71669a87fbc33b,3668.68,140.12,15.381737853,54000,54000
b1277511aa9ddc43857595c54b71669a87fbc33b,3663.89,140.65,15.371109530,54000,54000
b1277511aa9ddc43857595c54b71669a87fbc33b,3660.23,140.07,15.323655519,54000,54000
b1277511aa9ddc43857595c54b71669a87fbc33b,3675.56,140.66,15.397582673,54000,54000
b1277511aa9ddc43857595c54b71669a87fbc33b,3661.59,140.12,15.348860541,54000,53000
b1277511aa9ddc43857595c54b71669a87fbc33b,3662.74,139.89,15.370013508,54000,54000
b1277511aa9ddc43857595c54b71669a87fbc33b,3687.81,141.40,15.438870092,54000,54000
b1277511aa9ddc43857595c54b71669a87fbc33b,3650.51,140.04,15.310827728,54000,55000
b1277511aa9ddc43857595c54b71669a87fbc33b,3681.68,141.43,15.429941302,54000,54000
b1277511aa9ddc43857595c54b71669a87fbc33b,3680.17,141.51,15.413337074,54000,54000
b1277511aa9ddc43857595c54b71669a87fbc33b,3654.57,140.20,15.329328311,54000,54000
b1277511aa9ddc43857595c54b71669a87fbc33b,3668.11,140.58,15.367973968,52000,53000
b1277511aa9ddc43857595c54b71669a87fbc33b,3656.45,139.91,15.317823798,54000,54000
b1277511aa9ddc43857595c54b71669a87fbc33b,3653.09,140.04,15.305583705,54000,54000
584ca5a4699aaaebd71fca0390726cfe4a9441a2,3785.31,145.12,15.837629467,54000,55000
584ca5a4699aaaebd71fca0390726cfe4a9441a2,3783.03,144.92,15.821358499,54000,55000
584ca5a4699aaaebd71fca0390726cfe4a9441a2,3795.05,145.64,15.871209340,55000,56000
584ca5a4699aaaebd71fca0390726cfe4a9441a2,3795.65,145.15,15.892533351,56000,56000
584ca5a4699aaaebd71fca0390726cfe4a9441a2,3773.73,143.91,15.812077758,54000,54000
584ca5a4699aaaebd71fca0390726cfe4a9441a2,3796.39,145.83,15.921782968,54000,54000
584ca5a4699aaaebd71fca0390726cfe4a9441a2,3787.01,145.84,15.873018452,54000,54000
584ca5a4699aaaebd71fca0390726cfe4a9441a2,3803.94,146.00,15.931278564,54000,54000
584ca5a4699aaaebd71fca0390726cfe4a9441a2,3768.37,144.64,15.799992922,53000,54000
584ca5a4699aaaebd71fca0390726cfe4a9441a2,3773.09,144.86,15.789589116,55000,54000
584ca5a4699aaaebd71fca0390726cfe4a9441a2,3786.12,145.41,15.854624792,54000,54000
584ca5a4699aaaebd71fca0390726cfe4a9441a2,3760.37,144.10,15.757901773,54000,54000
584ca5a4699aaaebd71fca0390726cfe4a9441a2,3801.26,145.91,15.925928887,54000,54000
584ca5a4699aaaebd71fca0390726cfe4a9441a2,3797.32,145.24,15.920832877,54000,54000
584ca5a4699aaaebd71fca0390726cfe4a9441a2,3782.64,145.39,15.846996986,54000,54000
584ca5a4699aaaebd71fca0390726cfe4a9441a2,3774.51,144.62,15.826517685,54000,54000
584ca5a4699aaaebd71fca0390726cfe4a9441a2,3808.27,146.24,15.946380784,54000,54000
584ca5a4699aaaebd71fca0390726cfe4a9441a2,3784.44,145.11,15.870622095,54000,54000
584ca5a4699aaaebd71fca0390726cfe4a9441a2,3747.83,143.73,15.722703502,54000,54000
584ca5a4699aaaebd71fca0390726cfe4a9441a2,3796.01,145.27,15.905411051,54000,54000
584ca5a4699aaaebd71fca0390726cfe4a9441a2,3770.63,144.06,15.812226439,54000,54000
584ca5a4699aaaebd71fca0390726cfe4a9441a2,3782.71,145.34,15.834937630,54000,54000
584ca5a4699aaaebd71fca0390726cfe4a9441a2,3772.98,144.45,15.811510846,54000,54000
584ca5a4699aaaebd71fca0390726cfe4a9441a2,3777.13,144.84,15.855979292,54000,54000
584ca5a4699aaaebd71fca0390726cfe4a9441a2,3774.35,144.42,15.836981739,54000,54000
584ca5a4699aaaebd71fca0390726cfe4a9441a2,3784.91,145.62,15.855867177,54000,54000
584ca5a4699aaaebd71fca0390726cfe4a9441a2,3770.81,144.57,15.807678635,54000,54000
584ca5a4699aaaebd71fca0390726cfe4a9441a2,3769.83,144.82,15.793083301,54000,53000
584ca5a4699aaaebd71fca0390726cfe4a9441a2,3793.02,145.41,15.879832547,54000,54000
584ca5a4699aaaebd71fca0390726cfe4a9441a2,3800.45,145.72,15.922547611,54000,54000
dc0292ba0f7d30146f90eb7ae3c342b9d4cb57e2,3775.48,144.80,15.792146600,54000,54000
dc0292ba0f7d30146f90eb7ae3c342b9d4cb57e2,3787.03,144.74,15.833481600,54000,56000
dc0292ba0f7d30146f90eb7ae3c342b9d4cb57e2,3773.74,145.23,15.832792116,54000,54000
dc0292ba0f7d30146f90eb7ae3c342b9d4cb57e2,3770.55,144.79,15.811017138,54000,54000
dc0292ba0f7d30146f90eb7ae3c342b9d4cb57e2,3769.44,144.64,15.802614582,54000,54000
dc0292ba0f7d30146f90eb7ae3c342b9d4cb57e2,3791.00,145.38,15.888165854,54000,53000
dc0292ba0f7d30146f90eb7ae3c342b9d4cb57e2,3788.68,145.37,15.876307002,54000,54000
dc0292ba0f7d30146f90eb7ae3c342b9d4cb57e2,3779.85,144.80,15.837549801,55000,54000
dc0292ba0f7d30146f90eb7ae3c342b9d4cb57e2,3771.21,144.89,15.816509607,54000,54000
dc0292ba0f7d30146f90eb7ae3c342b9d4cb57e2,3792.68,145.58,15.905269699,54000,54000
dc0292ba0f7d30146f90eb7ae3c342b9d4cb57e2,3767.50,145.20,15.786429083,54000,54000
dc0292ba0f7d30146f90eb7ae3c342b9d4cb57e2,3768.19,144.66,15.781574226,54000,54000
dc0292ba0f7d30146f90eb7ae3c342b9d4cb57e2,3810.07,147.06,15.993260999,54000,54000
dc0292ba0f7d30146f90eb7ae3c342b9d4cb57e2,3761.47,144.37,15.770380845,54000,54000
dc0292ba0f7d30146f90eb7ae3c342b9d4cb57e2,3785.93,145.39,15.868146076,53000,54000
dc0292ba0f7d30146f90eb7ae3c342b9d4cb57e2,3789.16,146.05,15.871159081,54000,54000
dc0292ba0f7d30146f90eb7ae3c342b9d4cb57e2,3797.29,145.47,15.906777479,54000,54000
dc0292ba0f7d30146f90eb7ae3c342b9d4cb57e2,3761.56,144.36,15.774453346,53000,54000
dc0292ba0f7d30146f90eb7ae3c342b9d4cb57e2,3773.81,144.30,15.807302992,53000,54000
dc0292ba0f7d30146f90eb7ae3c342b9d4cb57e2,3790.00,145.12,15.898180350,54000,54000
dc0292ba0f7d30146f90eb7ae3c342b9d4cb57e2,3790.15,145.15,15.906118999,54000,53000
dc0292ba0f7d30146f90eb7ae3c342b9d4cb57e2,3843.42,147.98,16.088904134,54000,54000
dc0292ba0f7d30146f90eb7ae3c342b9d4cb57e2,3773.01,144.57,15.842273363,54000,54000
dc0292ba0f7d30146f90eb7ae3c342b9d4cb57e2,3766.84,144.50,15.797478562,54000,54000
dc0292ba0f7d30146f90eb7ae3c342b9d4cb57e2,3754.80,144.46,15.747679089,54000,54000
dc0292ba0f7d30146f90eb7ae3c342b9d4cb57e2,3799.05,145.79,15.917511983,54000,54000
dc0292ba0f7d30146f90eb7ae3c342b9d4cb57e2,3778.10,144.33,15.866016079,54000,54000
dc0292ba0f7d30146f90eb7ae3c342b9d4cb57e2,3784.14,145.26,15.872197248,54000,55000
dc0292ba0f7d30146f90eb7ae3c342b9d4cb57e2,3784.76,145.63,15.848156569,54000,54000
dc0292ba0f7d30146f90eb7ae3c342b9d4cb57e2,3800.77,145.66,15.924174328,54000,54000
437f75f8dbf35b825f0a89d67ed6fa9f9a30a4d2,3793.70,145.12,15.860497860,56000,55000
437f75f8dbf35b825f0a89d67ed6fa9f9a30a4d2,3835.70,146.74,16.048163965,55000,55000
437f75f8dbf35b825f0a89d67ed6fa9f9a30a4d2,3754.96,144.21,15.741254688,54000,54000
437f75f8dbf35b825f0a89d67ed6fa9f9a30a4d2,3773.27,145.23,15.796802240,54000,54000
437f75f8dbf35b825f0a89d67ed6fa9f9a30a4d2,3776.06,144.61,15.838360369,54000,54000
437f75f8dbf35b825f0a89d67ed6fa9f9a30a4d2,3764.51,144.25,15.811861322,54000,54000
437f75f8dbf35b825f0a89d67ed6fa9f9a30a4d2,3766.42,144.44,15.791312152,54000,54000
437f75f8dbf35b825f0a89d67ed6fa9f9a30a4d2,3793.50,146.06,15.890036590,54000,55000
437f75f8dbf35b825f0a89d67ed6fa9f9a30a4d2,3788.44,145.80,15.877268088,54000,54000
437f75f8dbf35b825f0a89d67ed6fa9f9a30a4d2,3778.30,144.53,15.838056251,54000,54000
437f75f8dbf35b825f0a89d67ed6fa9f9a30a4d2,3804.38,145.87,15.970955824,55000,54000
437f75f8dbf35b825f0a89d67ed6fa9f9a30a4d2,3771.55,144.44,15.826464123,54000,54000
437f75f8dbf35b825f0a89d67ed6fa9f9a30a4d2,3803.54,146.42,15.946832821,55000,54000
437f75f8dbf35b825f0a89d67ed6fa9f9a30a4d2,3800.22,146.19,15.935511231,54000,54000
437f75f8dbf35b825f0a89d67ed6fa9f9a30a4d2,3765.65,144.74,15.800627216,54000,54000
437f75f8dbf35b825f0a89d67ed6fa9f9a30a4d2,3771.78,145.38,15.797454312,54000,54000
437f75f8dbf35b825f0a89d67ed6fa9f9a30a4d2,3785.59,145.24,15.867621382,53000,54000
437f75f8dbf35b825f0a89d67ed6fa9f9a30a4d2,3796.23,145.55,15.910987610,54000,54000
437f75f8dbf35b825f0a89d67ed6fa9f9a30a4d2,3782.24,145.16,15.876141868,54000,54000
437f75f8dbf35b825f0a89d67ed6fa9f9a30a4d2,3773.67,144.96,15.832023402,54000,54000
437f75f8dbf35b825f0a89d67ed6fa9f9a30a4d2,3789.18,145.07,15.879140743,54000,54000
437f75f8dbf35b825f0a89d67ed6fa9f9a30a4d2,3771.77,144.70,15.823039682,54000,54000
437f75f8dbf35b825f0a89d67ed6fa9f9a30a4d2,3761.71,144.21,15.774028132,54000,54000
437f75f8dbf35b825f0a89d67ed6fa9f9a30a4d2,3807.09,146.14,15.967571320,53000,54000
437f75f8dbf35b825f0a89d67ed6fa9f9a30a4d2,3783.86,144.91,15.846918451,54000,54000
437f75f8dbf35b825f0a89d67ed6fa9f9a30a4d2,3785.81,145.16,15.855633247,54000,54000
437f75f8dbf35b825f0a89d67ed6fa9f9a30a4d2,3780.22,145.20,15.849149602,54000,53000
437f75f8dbf35b825f0a89d67ed6fa9f9a30a4d2,3775.68,144.83,15.828435357,54000,54000
437f75f8dbf35b825f0a89d67ed6fa9f9a30a4d2,3803.54,146.12,15.934726094,54000,54000
437f75f8dbf35b825f0a89d67ed6fa9f9a30a4d2,3757.14,143.73,15.753218354,54000,54000
7692bdc9107c9d8d8c76fde96604191acbeb08f6,3780.73,144.68,15.852072837,55000,54000
7692bdc9107c9d8d8c76fde96604191acbeb08f6,3778.99,144.60,15.850199543,56000,55000
7692bdc9107c9d8d8c76fde96604191acbeb08f6,3787.71,145.24,15.874031593,55000,54000
7692bdc9107c9d8d8c76fde96604191acbeb08f6,3789.05,145.93,15.882010984,55000,54000
7692bdc9107c9d8d8c76fde96604191acbeb08f6,3797.35,145.98,15.936478390,54000,54000
7692bdc9107c9d8d8c76fde96604191acbeb08f6,3774.15,144.69,15.810292776,54000,55000
7692bdc9107c9d8d8c76fde96604191acbeb08f6,3804.87,146.01,15.940447419,54000,54000
7692bdc9107c9d8d8c76fde96604191acbeb08f6,3769.53,144.85,15.807041062,54000,54000
7692bdc9107c9d8d8c76fde96604191acbeb08f6,3766.55,144.62,15.795282725,54000,54000
7692bdc9107c9d8d8c76fde96604191acbeb08f6,3772.59,144.64,15.826427089,54000,54000
7692bdc9107c9d8d8c76fde96604191acbeb08f6,3798.67,145.67,15.916124859,54000,54000
7692bdc9107c9d8d8c76fde96604191acbeb08f6,3774.77,144.81,15.854261760,54000,54000
7692bdc9107c9d8d8c76fde96604191acbeb08f6,3778.20,145.02,15.828303518,54000,54000
7692bdc9107c9d8d8c76fde96604191acbeb08f6,3761.74,144.98,15.792680035,54000,55000
7692bdc9107c9d8d8c76fde96604191acbeb08f6,3814.47,146.09,15.999539871,54000,54000
7692bdc9107c9d8d8c76fde96604191acbeb08f6,3763.24,144.08,15.782837104,54000,54000
7692bdc9107c9d8d8c76fde96604191acbeb08f6,3768.82,144.93,15.820565120,54000,54000
7692bdc9107c9d8d8c76fde96604191acbeb08f6,3806.78,146.65,15.922659870,54000,54000
7692bdc9107c9d8d8c76fde96604191acbeb08f6,3778.41,145.62,15.830442145,54000,54000
7692bdc9107c9d8d8c76fde96604191acbeb08f6,3779.69,145.00,15.835098588,54000,54000
7692bdc9107c9d8d8c76fde96604191acbeb08f6,3796.12,145.88,15.905018076,54000,54000
7692bdc9107c9d8d8c76fde96604191acbeb08f6,3782.64,144.74,15.864221586,54000,54000
7692bdc9107c9d8d8c76fde96604191acbeb08f6,3770.06,144.67,15.800751123,54000,54000
7692bdc9107c9d8d8c76fde96604191acbeb08f6,3786.07,145.01,15.868314909,54000,54000
7692bdc9107c9d8d8c76fde96604191acbeb08f6,3756.26,143.36,15.755336029,54000,54000
7692bdc9107c9d8d8c76fde96604191acbeb08f6,3825.36,146.85,16.070134034,54000,54000
7692bdc9107c9d8d8c76fde96604191acbeb08f6,3802.72,146.19,15.928172025,54000,55000
7692bdc9107c9d8d8c76fde96604191acbeb08f6,3802.26,146.40,15.921966701,54000,54000
7692bdc9107c9d8d8c76fde96604191acbeb08f6,3787.89,145.60,15.879496019,54000,54000
7692bdc9107c9d8d8c76fde96604191acbeb08f6,3791.16,145.27,15.881870973,54000,54000
4163b8d140c454a7402856433414c06fea3cd497,3808.52,145.54,15.935840261,54000,54000
4163b8d140c454a7402856433414c06fea3cd497,3815.29,146.09,15.957108410,55000,56000
4163b8d140c454a7402856433414c06fea3cd497,3825.67,146.80,15.991769644,55000,54000
4163b8d140c454a7402856433414c06fea3cd497,3831.75,146.76,16.022463507,55000,55000
4163b8d140c454a7402856433414c06fea3cd497,3804.32,145.73,15.922959707,56000,56000
4163b8d140c454a7402856433414c06fea3cd497,3804.59,145.89,15.951140123,54000,54000
4163b8d140c454a7402856433414c06fea3cd497,3805.31,146.14,15.960284321,54000,54000
4163b8d140c454a7402856433414c06fea3cd497,3808.68,146.63,15.952461355,54000,54000
4163b8d140c454a7402856433414c06fea3cd497,3824.82,147.08,16.051210843,55000,54000
4163b8d140c454a7402856433414c06fea3cd497,3801.32,145.91,15.949505135,54000,54000
4163b8d140c454a7402856433414c06fea3cd497,3807.65,146.01,15.934964952,54000,55000
4163b8d140c454a7402856433414c06fea3cd497,3813.32,146.26,15.970050828,54000,54000
4163b8d140c454a7402856433414c06fea3cd497,3798.04,145.85,15.925874776,54000,54000
4163b8d140c454a7402856433414c06fea3cd497,3808.66,146.20,15.957318825,54000,54000
4163b8d140c454a7402856433414c06fea3cd497,3836.20,147.98,16.077442809,54000,54000
4163b8d140c454a7402856433414c06fea3cd497,3811.41,146.34,15.969926296,54000,54000
4163b8d140c454a7402856433414c06fea3cd497,3803.94,145.94,15.931603237,54000,55000
4163b8d140c454a7402856433414c06fea3cd497,3786.02,145.54,15.866806867,54000,54000
4163b8d140c454a7402856433414c06fea3cd497,3798.94,145.25,15.935538709,53000,54000
4163b8d140c454a7402856433414c06fea3cd497,3796.23,146.06,15.933304858,54000,53000
4163b8d140c454a7402856433414c06fea3cd497,3795.37,145.45,15.903487215,54000,54000
4163b8d140c454a7402856433414c06fea3cd497,3825.39,146.46,16.035655790,53000,54000
4163b8d140c454a7402856433414c06fea3cd497,3808.77,146.12,15.996862307,54000,54000
4163b8d140c454a7402856433414c06fea3cd497,3806.37,145.53,15.958511298,54000,54000
4163b8d140c454a7402856433414c06fea3cd497,3797.11,145.85,15.925474607,54000,54000
4163b8d140c454a7402856433414c06fea3cd497,3803.64,145.07,15.957961281,52000,54000
4163b8d140c454a7402856433414c06fea3cd497,3819.80,146.14,16.016909258,54000,54000
4163b8d140c454a7402856433414c06fea3cd497,3784.35,144.53,15.881205447,54000,54000
4163b8d140c454a7402856433414c06fea3cd497,3814.77,146.29,15.997174532,54000,54000
4163b8d140c454a7402856433414c06fea3cd497,3809.57,145.82,15.965083626,54000,54000
7f95c7b661b5b622fb703c6602aaa1eb19d32090,3824.98,146.45,16.007950032,56000,55000
7f95c7b661b5b622fb703c6602aaa1eb19d32090,3814.66,146.43,15.948451312,56000,55000
7f95c7b661b5b622fb703c6602aaa1eb19d32090,3818.92,146.39,15.998210479,55000,54000
7f95c7b661b5b622fb703c6602aaa1eb19d32090,3814.73,146.07,15.998315132,54000,54000
7f95c7b661b5b622fb703c6602aaa1eb19d32090,3840.73,147.42,16.102890556,54000,54000
7f95c7b661b5b622fb703c6602aaa1eb19d32090,3814.24,145.98,15.974690604,54000,54000
7f95c7b661b5b622fb703c6602aaa1eb19d32090,3806.93,145.82,15.941912328,54000,54000
7f95c7b661b5b622fb703c6602aaa1eb19d32090,3818.66,146.77,15.998450681,54000,54000
7f95c7b661b5b622fb703c6602aaa1eb19d32090,3818.08,146.71,15.985617111,54000,54000
7f95c7b661b5b622fb703c6602aaa1eb19d32090,3806.91,146.39,15.955325897,55000,54000
7f95c7b661b5b622fb703c6602aaa1eb19d32090,3815.89,146.73,15.982727382,54000,54000
7f95c7b661b5b622fb703c6602aaa1eb19d32090,3820.13,146.25,16.013156362,54000,54000
7f95c7b661b5b622fb703c6602aaa1eb19d32090,3858.46,148.73,16.162693486,54000,54000
7f95c7b661b5b622fb703c6602aaa1eb19d32090,3828.12,146.89,16.047978747,54000,54000
7f95c7b661b5b622fb703c6602aaa1eb19d32090,3797.21,145.12,15.919858107,54000,54000
7f95c7b661b5b622fb703c6602aaa1eb19d32090,3798.22,145.54,15.920698465,54000,53000
7f95c7b661b5b622fb703c6602aaa1eb19d32090,3810.87,146.06,15.963785861,54000,54000
7f95c7b661b5b622fb703c6602aaa1eb19d32090,3806.64,145.75,15.926382070,54000,54000
7f95c7b661b5b622fb703c6602aaa1eb19d32090,3838.45,146.65,16.065019434,53000,54000
7f95c7b661b5b622fb703c6602aaa1eb19d32090,3800.10,145.50,15.914953491,54000,54000
7f95c7b661b5b622fb703c6602aaa1eb19d32090,3796.08,145.28,15.903959480,54000,54000
7f95c7b661b5b622fb703c6602aaa1eb19d32090,3881.82,149.06,16.267568597,54000,54000
7f95c7b661b5b622fb703c6602aaa1eb19d32090,3816.48,145.77,15.995842034,54000,54000
7f95c7b661b5b622fb703c6602aaa1eb19d32090,3802.19,146.19,15.934713054,54000,54000
7f95c7b661b5b622fb703c6602aaa1eb19d32090,3798.97,145.57,15.923477484,54000,54000
7f95c7b661b5b622fb703c6602aaa1eb19d32090,3803.93,146.06,15.922812773,54000,54000
7f95c7b661b5b622fb703c6602aaa1eb19d32090,3803.66,146.08,15.923960289,54000,54000
7f95c7b661b5b622fb703c6602aaa1eb19d32090,3790.25,145.23,15.874475618,54000,54000
7f95c7b661b5b622fb703c6602aaa1eb19d32090,3802.33,145.65,15.932034065,54000,54000
7f95c7b661b5b622fb703c6602aaa1eb19d32090,3792.19,144.77,15.889224682,54000,54000
b7800bf7c373d09e5e9f9ba250fec5589174fd6d,3793.23,145.60,15.859141733,55000,55000
b7800bf7c373d09e5e9f9ba250fec5589174fd6d,3814.28,146.06,15.958609666,55000,54000
b7800bf7c373d09e5e9f9ba250fec5589174fd6d,3798.67,145.52,15.896811601,54000,55000
b7800bf7c373d09e5e9f9ba250fec5589174fd6d,3816.51,146.03,15.984616909,54000,54000
b7800bf7c373d09e5e9f9ba250fec5589174fd6d,3793.23,145.43,15.895061730,54000,54000
b7800bf7c373d09e5e9f9ba250fec5589174fd6d,3813.26,145.93,15.981472309,55000,55000
b7800bf7c373d09e5e9f9ba250fec5589174fd6d,3810.76,145.87,15.987427040,54000,54000
b7800bf7c373d09e5e9f9ba250fec5589174fd6d,3816.63,146.47,15.985781470,54000,54000
b7800bf7c373d09e5e9f9ba250fec5589174fd6d,3805.62,146.00,15.960723795,55000,54000
b7800bf7c373d09e5e9f9ba250fec5589174fd6d,3822.26,146.59,16.010759550,54000,55000
b7800bf7c373d09e5e9f9ba250fec5589174fd6d,3794.13,145.60,15.886026694,54000,54000
b7800bf7c373d09e5e9f9ba250fec5589174fd6d,3819.43,146.72,16.019129640,54000,54000
b7800bf7c373d09e5e9f9ba250fec5589174fd6d,3829.01,147.19,16.026361948,54000,54000
b7800bf7c373d09e5e9f9ba250fec5589174fd6d,3792.65,145.64,15.884721055,54000,55000
b7800bf7c373d09e5e9f9ba250fec5589174fd6d,3839.88,147.59,16.112129836,54000,54000
b7800bf7c373d09e5e9f9ba250fec5589174fd6d,3793.69,145.55,15.906347387,54000,54000
b7800bf7c373d09e5e9f9ba250fec5589174fd6d,3796.64,146.29,15.916923664,54000,54000
b7800bf7c373d09e5e9f9ba250fec5589174fd6d,3803.09,146.20,15.928509424,54000,54000
b7800bf7c373d09e5e9f9ba250fec5589174fd6d,3795.08,146.18,15.924830457,54000,54000
b7800bf7c373d09e5e9f9ba250fec5589174fd6d,3803.86,145.53,15.952994141,54000,54000
b7800bf7c373d09e5e9f9ba250fec5589174fd6d,3795.68,145.24,15.899025194,54000,54000
b7800bf7c373d09e5e9f9ba250fec5589174fd6d,3811.87,146.00,15.994667811,54000,54000
b7800bf7c373d09e5e9f9ba250fec5589174fd6d,3823.35,146.70,16.018548764,54000,54000
b7800bf7c373d09e5e9f9ba250fec5589174fd6d,3790.53,145.43,15.876305333,54000,54000
b7800bf7c373d09e5e9f9ba250fec5589174fd6d,3798.25,145.69,15.905237783,54000,54000
b7800bf7c373d09e5e9f9ba250fec5589174fd6d,3833.35,147.36,16.040722524,54000,55000
b7800bf7c373d09e5e9f9ba250fec5589174fd6d,3788.60,145.25,15.878892241,54000,54000
b7800bf7c373d09e5e9f9ba250fec5589174fd6d,3783.93,145.17,15.875239138,54000,55000
b7800bf7c373d09e5e9f9ba250fec5589174fd6d,3806.71,145.76,15.952451798,54000,54000
b7800bf7c373d09e5e9f9ba250fec5589174fd6d,3805.52,145.82,15.946360110,54000,54000
2cef25aa5a5c81641a74917a133c8ef09a79b82c,3836.25,146.81,16.078318068,54000,56000
2cef25aa5a5c81641a74917a133c8ef09a79b82c,3817.79,146.06,15.989522391,54000,54000
2cef25aa5a5c81641a74917a133c8ef09a79b82c,3810.67,146.59,15.967275461,54000,54000
2cef25aa5a5c81641a74917a133c8ef09a79b82c,3814.67,146.35,15.998992572,55000,54000
2cef25aa5a5c81641a74917a133c8ef09a79b82c,3800.45,146.07,15.957290510,54000,54000
2cef25aa5a5c81641a74917a133c8ef09a79b82c,3807.00,145.75,15.945303890,54000,54000
2cef25aa5a5c81641a74917a133c8ef09a79b82c,3815.76,146.53,15.971579815,54000,54000
2cef25aa5a5c81641a74917a133c8ef09a79b82c,3807.03,146.02,15.972354035,54000,55000
2cef25aa5a5c81641a74917a133c8ef09a79b82c,3829.25,146.80,16.038544998,54000,54000
2cef25aa5a5c81641a74917a133c8ef09a79b82c,3814.94,146.55,15.991292086,54000,54000
2cef25aa5a5c81641a74917a133c8ef09a79b82c,3824.00,146.58,16.009839484,54000,54000
2cef25aa5a5c81641a74917a133c8ef09a79b82c,3798.49,145.20,15.937091031,54000,54000
2cef25aa5a5c81641a74917a133c8ef09a79b82c,3848.70,147.60,16.144222870,54000,54000
2cef25aa5a5c81641a74917a133c8ef09a79b82c,3822.73,146.53,16.013179834,54000,54000
2cef25aa5a5c81641a74917a133c8ef09a79b82c,3797.39,145.75,15.912292253,54000,54000
2cef25aa5a5c81641a74917a133c8ef09a79b82c,3813.14,146.80,16.002256256,53000,54000
2cef25aa5a5c81641a74917a133c8ef09a79b82c,3844.50,147.91,16.112004694,54000,54000
2cef25aa5a5c81641a74917a133c8ef09a79b82c,3808.09,146.37,15.958460116,54000,54000
2cef25aa5a5c81641a74917a133c8ef09a79b82c,3806.71,146.00,15.958679532,54000,54000
2cef25aa5a5c81641a74917a133c8ef09a79b82c,3810.52,145.93,15.971972096,54000,54000
2cef25aa5a5c81641a74917a133c8ef09a79b82c,3844.96,146.66,16.126356617,53000,54000
2cef25aa5a5c81641a74917a133c8ef09a79b82c,3790.96,144.85,15.877765223,54000,54000
2cef25aa5a5c81641a74917a133c8ef09a79b82c,3812.06,145.64,15.970769070,54000,54000
2cef25aa5a5c81641a74917a133c8ef09a79b82c,3811.15,146.16,15.962695183,54000,54000
2cef25aa5a5c81641a74917a133c8ef09a79b82c,3827.96,146.47,16.027575145,54000,54000
2cef25aa5a5c81641a74917a133c8ef09a79b82c,3808.13,145.39,15.966841540,54000,54000
2cef25aa5a5c81641a74917a133c8ef09a79b82c,3805.22,146.03,15.921412689,54000,54000
2cef25aa5a5c81641a74917a133c8ef09a79b82c,3794.54,145.90,15.916105718,54000,54000
2cef25aa5a5c81641a74917a133c8ef09a79b82c,3845.26,147.08,16.125052026,54000,54000
2cef25aa5a5c81641a74917a133c8ef09a79b82c,3794.91,145.31,15.903484939,55000,55000
4ba09ee29398645ae3375d354925b7a2ecbcc9b4,3835.51,147.14,16.026481785,55000,54000
4ba09ee29398645ae3375d354925b7a2ecbcc9b4,3861.02,147.80,16.191069938,54000,54000
4ba09ee29398645ae3375d354925b7a2ecbcc9b4,3807.39,146.16,15.956888095,54000,54000
4ba09ee29398645ae3375d354925b7a2ecbcc9b4,3818.31,146.70,16.006275732,54000,54000
4ba09ee29398645ae3375d354925b7a2ecbcc9b4,3851.38,147.64,16.142538006,54000,54000
4ba09ee29398645ae3375d354925b7a2ecbcc9b4,3855.35,148.04,16.189593567,54000,54000
4ba09ee29398645ae3375d354925b7a2ecbcc9b4,3817.37,146.20,16.023689003,54000,54000
4ba09ee29398645ae3375d354925b7a2ecbcc9b4,3829.01,147.09,16.049782736,54000,54000
4ba09ee29398645ae3375d354925b7a2ecbcc9b4,3825.12,146.40,16.016696644,54000,54000
4ba09ee29398645ae3375d354925b7a2ecbcc9b4,3838.68,147.28,16.083142312,54000,54000
4ba09ee29398645ae3375d354925b7a2ecbcc9b4,3814.58,146.40,15.987926750,54000,54000
4ba09ee29398645ae3375d354925b7a2ecbcc9b4,3818.49,146.38,16.010386671,54000,54000
4ba09ee29398645ae3375d354925b7a2ecbcc9b4,3842.52,147.65,16.118849468,54000,54000
4ba09ee29398645ae3375d354925b7a2ecbcc9b4,3799.72,146.00,15.915072910,54000,55000
4ba09ee29398645ae3375d354925b7a2ecbcc9b4,3823.78,146.89,16.014528673,54000,54000
4ba09ee29398645ae3375d354925b7a2ecbcc9b4,3812.13,146.16,15.986859588,54000,54000
4ba09ee29398645ae3375d354925b7a2ecbcc9b4,3815.74,146.14,15.990656583,54000,54000
4ba09ee29398645ae3375d354925b7a2ecbcc9b4,3822.85,146.13,16.011442130,53000,54000
4ba09ee29398645ae3375d354925b7a2ecbcc9b4,3816.43,145.90,16.024947844,53000,54000
4ba09ee29398645ae3375d354925b7a2ecbcc9b4,3792.77,145.41,15.891973111,54000,54000
4ba09ee29398645ae3375d354925b7a2ecbcc9b4,3785.59,145.05,15.891043593,54000,54000
4ba09ee29398645ae3375d354925b7a2ecbcc9b4,3833.66,146.89,16.042256481,54000,54000
4ba09ee29398645ae3375d354925b7a2ecbcc9b4,3837.79,146.91,16.086744993,55000,54000
4ba09ee29398645ae3375d354925b7a2ecbcc9b4,3794.86,145.38,15.901098599,54000,54000
4ba09ee29398645ae3375d354925b7a2ecbcc9b4,3860.38,148.47,16.176910199,54000,54000
4ba09ee29398645ae3375d354925b7a2ecbcc9b4,3827.29,147.00,16.032383095,54000,54000
4ba09ee29398645ae3375d354925b7a2ecbcc9b4,3783.07,145.51,15.868510505,54000,54000
4ba09ee29398645ae3375d354925b7a2ecbcc9b4,3788.12,145.16,15.903574039,54000,54000
4ba09ee29398645ae3375d354925b7a2ecbcc9b4,3801.03,145.83,15.935356614,54000,54000
4ba09ee29398645ae3375d354925b7a2ecbcc9b4,3800.38,145.89,15.943002090,54000,54000
9a937fee40c6ad8608cf2671b06c5d236df0ece0,3804.44,145.93,15.932356286,55000,54000
9a937fee40c6ad8608cf2671b06c5d236df0ece0,3824.94,146.38,15.989957607,55000,55000
9a937fee40c6ad8608cf2671b06c5d236df0ece0,3825.33,146.50,16.012270557,54000,54000
9a937fee40c6ad8608cf2671b06c5d236df0ece0,3804.19,145.93,15.954224932,54000,54000
9a937fee40c6ad8608cf2671b06c5d236df0ece0,3823.02,146.64,16.025735606,54000,54000
9a937fee40c6ad8608cf2671b06c5d236df0ece0,3808.69,146.14,15.957720158,54000,54000
9a937fee40c6ad8608cf2671b06c5d236df0ece0,3815.63,146.16,15.991945532,54000,54000
9a937fee40c6ad8608cf2671b06c5d236df0ece0,3799.71,145.95,15.926187021,54000,54000
9a937fee40c6ad8608cf2671b06c5d236df0ece0,3795.53,146.01,15.927457033,54000,55000
9a937fee40c6ad8608cf2671b06c5d236df0ece0,3810.61,146.39,15.987754071,54000,54000
9a937fee40c6ad8608cf2671b06c5d236df0ece0,3809.34,146.07,15.935417114,55000,54000
9a937fee40c6ad8608cf2671b06c5d236df0ece0,3827.39,146.89,16.046147796,54000,54000
9a937fee40c6ad8608cf2671b06c5d236df0ece0,3813.81,146.28,15.969548171,54000,54000
9a937fee40c6ad8608cf2671b06c5d236df0ece0,3819.24,146.59,15.996421210,54000,54000
9a937fee40c6ad8608cf2671b06c5d236df0ece0,3799.11,146.12,15.923127457,54000,54000
9a937fee40c6ad8608cf2671b06c5d236df0ece0,3798.80,145.65,15.920318712,54000,55000
9a937fee40c6ad8608cf2671b06c5d236df0ece0,3825.48,146.54,16.042493365,54000,54000
9a937fee40c6ad8608cf2671b06c5d236df0ece0,3783.67,145.17,15.866598317,54000,54000
9a937fee40c6ad8608cf2671b06c5d236df0ece0,3794.49,145.26,15.896536921,54000,54000
9a937fee40c6ad8608cf2671b06c5d236df0ece0,3840.99,146.93,16.108370342,54000,54000
9a937fee40c6ad8608cf2671b06c5d236df0ece0,3805.83,146.13,15.967165257,54000,54000
9a937fee40c6ad8608cf2671b06c5d236df0ece0,3804.72,145.96,15.945855875,54000,54000
9a937fee40c6ad8608cf2671b06c5d236df0ece0,3804.19,145.88,15.928331119,54000,54000
9a937fee40c6ad8608cf2671b06c5d236df0ece0,3835.79,147.46,16.068879640,54000,55000
9a937fee40c6ad8608cf2671b06c5d236df0ece0,3828.29,146.91,16.033958156,54000,54000
9a937fee40c6ad8608cf2671b06c5d236df0ece0,3829.77,146.81,16.040346063,54000,54000
9a937fee40c6ad8608cf2671b06c5d236df0ece0,3803.68,145.84,15.933243885,54000,55000
9a937fee40c6ad8608cf2671b06c5d236df0ece0,3793.56,145.84,15.923713823,54000,54000
9a937fee40c6ad8608cf2671b06c5d236df0ece0,3784.81,144.82,15.855102132,54000,54000
9a937fee40c6ad8608cf2671b06c5d236df0ece0,3806.57,146.12,15.950611109,54000,54000
0a5b163f50d784f4fb9046388271f26d2327ec71,3850.02,147.16,16.099724993,56000,55000
0a5b163f50d784f4fb9046388271f26d2327ec71,3814.72,146.58,15.962451718,54000,54000
0a5b163f50d784f4fb9046388271f26d2327ec71,3803.64,145.98,15.955916918,54000,54000
0a5b163f50d784f4fb9046388271f26d2327ec71,3819.90,146.25,15.996724639,54000,54000
0a5b163f50d784f4fb9046388271f26d2327ec71,3832.86,146.88,16.065285866,54000,54000
0a5b163f50d784f4fb9046388271f26d2327ec71,3823.24,146.54,16.017690876,54000,54000
0a5b163f50d784f4fb9046388271f26d2327ec71,3814.29,146.52,15.979175632,54000,54000
0a5b163f50d784f4fb9046388271f26d2327ec71,3804.55,146.11,15.938769295,54000,54000
0a5b163f50d784f4fb9046388271f26d2327ec71,3822.76,146.68,16.003739840,54000,54000
0a5b163f50d784f4fb9046388271f26d2327ec71,3810.51,146.07,15.950749136,54000,54000
0a5b163f50d784f4fb9046388271f26d2327ec71,3798.80,145.86,15.913666528,54000,55000
0a5b163f50d784f4fb9046388271f26d2327ec71,3828.75,147.02,16.033407329,54000,54000
0a5b163f50d784f4fb9046388271f26d2327ec71,3785.86,145.74,15.875809377,54000,54000
0a5b163f50d784f4fb9046388271f26d2327ec71,3819.50,146.99,16.008545033,54000,54000
0a5b163f50d784f4fb9046388271f26d2327ec71,3850.86,147.82,16.126933325,54000,54000
0a5b163f50d784f4fb9046388271f26d2327ec71,3787.41,145.75,15.887378957,54000,54000
0a5b163f50d784f4fb9046388271f26d2327ec71,3838.35,147.14,16.086803821,54000,54000
0a5b163f50d784f4fb9046388271f26d2327ec71,3803.40,146.13,15.927154932,54000,54000
0a5b163f50d784f4fb9046388271f26d2327ec71,3802.76,146.09,15.927461826,54000,54000
0a5b163f50d784f4fb9046388271f26d2327ec71,3832.25,146.76,16.065238351,54000,54000
0a5b163f50d784f4fb9046388271f26d2327ec71,3818.70,146.22,16.029638131,54000,54000
0a5b163f50d784f4fb9046388271f26d2327ec71,3798.76,145.60,15.941608751,54000,52000
0a5b163f50d784f4fb9046388271f26d2327ec71,3818.83,145.85,16.009159419,54000,54000
0a5b163f50d784f4fb9046388271f26d2327ec71,3840.99,146.89,16.092140307,54000,54000
0a5b163f50d784f4fb9046388271f26d2327ec71,3832.84,147.13,16.078189174,54000,54000
0a5b163f50d784f4fb9046388271f26d2327ec71,3825.44,146.94,16.021854666,54000,54000
0a5b163f50d784f4fb9046388271f26d2327ec71,3798.20,145.67,15.895671479,55000,55000
0a5b163f50d784f4fb9046388271f26d2327ec71,3813.38,146.02,15.965557162,54000,54000
0a5b163f50d784f4fb9046388271f26d2327ec71,3813.46,145.97,15.975514808,54000,54000
0a5b163f50d784f4fb9046388271f26d2327ec71,3802.59,145.75,15.950751421,54000,54000
4f007cca51c75f255dc7539fa80303ee883952ee,3806.47,145.86,15.942115914,54000,54000
4f007cca51c75f255dc7539fa80303ee883952ee,3805.46,145.77,15.937537543,54000,54000
4f007cca51c75f255dc7539fa80303ee883952ee,3835.05,147.06,16.050384010,54000,55000
4f007cca51c75f255dc7539fa80303ee883952ee,3810.38,146.11,15.968545028,54000,54000
4f007cca51c75f255dc7539fa80303ee883952ee,3802.10,145.88,15.934892259,54000,54000
4f007cca51c75f255dc7539fa80303ee883952ee,3800.82,145.79,15.915042919,54000,54000
4f007cca51c75f255dc7539fa80303ee883952ee,3825.28,146.61,16.002470261,54000,54000
4f007cca51c75f255dc7539fa80303ee883952ee,3789.13,145.65,15.882032936,55000,54000
4f007cca51c75f255dc7539fa80303ee883952ee,3812.06,146.09,15.972371858,55000,54000
4f007cca51c75f255dc7539fa80303ee883952ee,3814.35,146.90,16.003171505,54000,54000
4f007cca51c75f255dc7539fa80303ee883952ee,3820.90,147.19,16.011278539,54000,54000
4f007cca51c75f255dc7539fa80303ee883952ee,3814.85,146.37,15.979703248,54000,54000
4f007cca51c75f255dc7539fa80303ee883952ee,3834.96,147.14,16.074258917,54000,54000
4f007cca51c75f255dc7539fa80303ee883952ee,3815.75,146.06,15.986182893,55000,54000
4f007cca51c75f255dc7539fa80303ee883952ee,3831.05,146.75,16.057629548,54000,54000
4f007cca51c75f255dc7539fa80303ee883952ee,3814.99,146.04,15.983192767,54000,54000
4f007cca51c75f255dc7539fa80303ee883952ee,3823.76,146.57,16.017019058,54000,54000
4f007cca51c75f255dc7539fa80303ee883952ee,3816.15,145.65,15.992692172,54000,54000
4f007cca51c75f255dc7539fa80303ee883952ee,3818.36,146.24,16.025338919,54000,54000
4f007cca51c75f255dc7539fa80303ee883952ee,3807.29,146.22,15.948936797,54000,54000
4f007cca51c75f255dc7539fa80303ee883952ee,3816.61,146.29,15.986373712,54000,54000
4f007cca51c75f255dc7539fa80303ee883952ee,3823.98,146.27,16.025685414,54000,54000
4f007cca51c75f255dc7539fa80303ee883952ee,3826.10,147.10,16.025034298,54000,54000
4f007cca51c75f255dc7539fa80303ee883952ee,3820.06,146.74,16.001634719,54000,55000
4f007cca51c75f255dc7539fa80303ee883952ee,3806.29,145.83,15.974436328,54000,54000
4f007cca51c75f255dc7539fa80303ee883952ee,3815.26,146.08,15.984204116,54000,54000
4f007cca51c75f255dc7539fa80303ee883952ee,3821.74,146.54,16.012216564,54000,54000
4f007cca51c75f255dc7539fa80303ee883952ee,3808.53,145.74,15.974090916,53000,53000
4f007cca51c75f255dc7539fa80303ee883952ee,3804.80,145.82,15.946797816,54000,54000
4f007cca51c75f255dc7539fa80303ee883952ee,3807.54,146.08,15.947397047,54000,54000
8c46ce7bef6c946a18f6a94fb10fee16792e4da5,3815.74,146.41,15.958803508,54000,54000
8c46ce7bef6c946a18f6a94fb10fee16792e4da5,3820.94,146.04,15.983823642,54000,55000
8c46ce7bef6c946a18f6a94fb10fee16792e4da5,3809.67,145.87,15.944764261,54000,55000
8c46ce7bef6c946a18f6a94fb10fee16792e4da5,3794.44,145.49,15.888099289,54000,54000
8c46ce7bef6c946a18f6a94fb10fee16792e4da5,3787.65,144.82,15.878808620,54000,55000
8c46ce7bef6c946a18f6a94fb10fee16792e4da5,3816.49,146.34,15.980026911,54000,54000
8c46ce7bef6c946a18f6a94fb10fee16792e4da5,3786.04,145.73,15.873247967,54000,55000
8c46ce7bef6c946a18f6a94fb10fee16792e4da5,3820.92,146.33,16.004989995,54000,55000
8c46ce7bef6c946a18f6a94fb10fee16792e4da5,3814.30,146.54,15.966740066,54000,54000
8c46ce7bef6c946a18f6a94fb10fee16792e4da5,3827.91,147.31,16.054896310,54000,55000
8c46ce7bef6c946a18f6a94fb10fee16792e4da5,3800.90,146.00,15.924313922,54000,54000
8c46ce7bef6c946a18f6a94fb10fee16792e4da5,3817.01,146.59,15.980197304,54000,54000
8c46ce7bef6c946a18f6a94fb10fee16792e4da5,3798.42,146.24,15.943654635,54000,54000
8c46ce7bef6c946a18f6a94fb10fee16792e4da5,3807.42,146.73,15.966844338,54000,54000
8c46ce7bef6c946a18f6a94fb10fee16792e4da5,3825.55,147.29,16.031474525,54000,54000
8c46ce7bef6c946a18f6a94fb10fee16792e4da5,3793.07,145.72,15.933384354,54000,54000
8c46ce7bef6c946a18f6a94fb10fee16792e4da5,3823.55,146.86,16.022151355,54000,54000
8c46ce7bef6c946a18f6a94fb10fee16792e4da5,3807.81,146.27,15.949791278,54000,54000
8c46ce7bef6c946a18f6a94fb10fee16792e4da5,3803.70,146.42,15.941992749,54000,54000
8c46ce7bef6c946a18f6a94fb10fee16792e4da5,3826.64,146.92,16.033997854,53000,54000
8c46ce7bef6c946a18f6a94fb10fee16792e4da5,3811.08,145.97,15.973179715,54000,54000
8c46ce7bef6c946a18f6a94fb10fee16792e4da5,3794.30,145.30,15.896323165,54000,54000
8c46ce7bef6c946a18f6a94fb10fee16792e4da5,3850.22,147.67,16.149220796,54000,54000
8c46ce7bef6c946a18f6a94fb10fee16792e4da5,3826.13,146.39,16.025695838,54000,54000
8c46ce7bef6c946a18f6a94fb10fee16792e4da5,3822.67,146.59,16.025534639,54000,54000
8c46ce7bef6c946a18f6a94fb10fee16792e4da5,3807.75,145.97,15.990524903,54000,54000
8c46ce7bef6c946a18f6a94fb10fee16792e4da5,3840.69,147.23,16.114675707,54000,54000
8c46ce7bef6c946a18f6a94fb10fee16792e4da5,3802.32,146.11,15.938513839,54000,55000
8c46ce7bef6c946a18f6a94fb10fee16792e4da5,3808.51,146.29,15.955668122,54000,54000
8c46ce7bef6c946a18f6a94fb10fee16792e4da5,3812.23,146.57,15.981246277,54000,54000
25fdead5c8778cecf4e0581b4760708b120831fd,3851.45,147.56,16.102969456,55000,54000
25fdead5c8778cecf4e0581b4760708b120831fd,3807.99,145.56,15.921960086,55000,55000
25fdead5c8778cecf4e0581b4760708b120831fd,3816.38,146.04,15.942077059,55000,56000
25fdead5c8778cecf4e0581b4760708b120831fd,3803.43,146.10,15.929460983,54000,54000
25fdead5c8778cecf4e0581b4760708b120831fd,3796.56,145.73,15.907576855,54000,54000
25fdead5c8778cecf4e0581b4760708b120831fd,3810.63,146.08,15.983181221,54000,54000
25fdead5c8778cecf4e0581b4760708b120831fd,3833.51,147.51,16.054041275,54000,54000
25fdead5c8778cecf4e0581b4760708b120831fd,3797.73,145.80,15.915526944,54000,54000
25fdead5c8778cecf4e0581b4760708b120831fd,3819.06,145.79,16.013690665,54000,54000
25fdead5c8778cecf4e0581b4760708b120831fd,3811.75,146.46,15.966748885,54000,54000
25fdead5c8778cecf4e0581b4760708b120831fd,3802.93,146.50,15.930488669,55000,55000
25fdead5c8778cecf4e0581b4760708b120831fd,3851.12,147.52,16.132999132,54000,55000
25fdead5c8778cecf4e0581b4760708b120831fd,3815.01,147.03,15.986780244,54000,54000
25fdead5c8778cecf4e0581b4760708b120831fd,3825.20,147.07,16.035823145,54000,54000
25fdead5c8778cecf4e0581b4760708b120831fd,3839.68,147.02,16.080854090,54000,54000
25fdead5c8778cecf4e0581b4760708b120831fd,3805.21,146.48,15.947530733,54000,55000
25fdead5c8778cecf4e0581b4760708b120831fd,3827.28,147.36,16.033058326,54000,54000
25fdead5c8778cecf4e0581b4760708b120831fd,3806.78,146.29,15.962474213,54000,54000
25fdead5c8778cecf4e0581b4760708b120831fd,3805.00,146.43,15.956215372,53000,54000
25fdead5c8778cecf4e0581b4760708b120831fd,3807.19,146.16,15.937194625,54000,54000
25fdead5c8778cecf4e0581b4760708b120831fd,3809.27,145.82,15.972337210,53000,54000
25fdead5c8778cecf4e0581b4760708b120831fd,3809.92,145.89,15.945004873,54000,54000
25fdead5c8778cecf4e0581b4760708b120831fd,3807.72,145.63,15.949054455,54000,54000
25fdead5c8778cecf4e0581b4760708b120831fd,3806.21,146.14,15.950950168,54000,54000
25fdead5c8778cecf4e0581b4760708b120831fd,3837.64,146.90,16.068716925,54000,54000
25fdead5c8778cecf4e0581b4760708b120831fd,3824.96,146.63,16.050323549,54000,54000
25fdead5c8778cecf4e0581b4760708b120831fd,3820.26,145.94,16.000746943,54000,55000
25fdead5c8778cecf4e0581b4760708b120831fd,3801.60,145.87,15.927766351,54000,54000
25fdead5c8778cecf4e0581b4760708b120831fd,3805.31,145.79,15.949640203,54000,54000
25fdead5c8778cecf4e0581b4760708b120831fd,3804.55,145.86,15.932926092,55000,54000
edf5f0d487c87a99e3ab0542fa10d1cf60e676b7,3830.80,146.73,16.019240248,55000,54000
edf5f0d487c87a99e3ab0542fa10d1cf60e676b7,3824.27,146.32,16.016046514,55000,55000
edf5f0d487c87a99e3ab0542fa10d1cf60e676b7,3797.85,146.04,15.918885185,54000,55000
edf5f0d487c87a99e3ab0542fa10d1cf60e676b7,3852.84,147.53,16.134719361,54000,55000
edf5f0d487c87a99e3ab0542fa10d1cf60e676b7,3787.45,145.40,15.883573248,54000,54000
edf5f0d487c87a99e3ab0542fa10d1cf60e676b7,3811.09,146.28,15.967674288,54000,54000
edf5f0d487c87a99e3ab0542fa10d1cf60e676b7,3804.88,146.12,15.948609062,54000,55000
edf5f0d487c87a99e3ab0542fa10d1cf60e676b7,3813.42,146.03,15.972127103,53000,54000
edf5f0d487c87a99e3ab0542fa10d1cf60e676b7,3823.45,147.11,16.018179508,54000,54000
edf5f0d487c87a99e3ab0542fa10d1cf60e676b7,3790.08,145.86,15.905650331,54000,54000
edf5f0d487c87a99e3ab0542fa10d1cf60e676b7,3818.36,146.66,15.982617847,54000,54000
edf5f0d487c87a99e3ab0542fa10d1cf60e676b7,3861.32,148.36,16.197655284,55000,54000
edf5f0d487c87a99e3ab0542fa10d1cf60e676b7,3833.91,147.59,16.070292013,54000,54000
edf5f0d487c87a99e3ab0542fa10d1cf60e676b7,3797.95,145.90,15.915426509,54000,54000
edf5f0d487c87a99e3ab0542fa10d1cf60e676b7,3808.38,146.17,15.946373691,54000,54000
edf5f0d487c87a99e3ab0542fa10d1cf60e676b7,3861.72,148.57,16.184991531,54000,54000
edf5f0d487c87a99e3ab0542fa10d1cf60e676b7,3834.79,147.29,16.069225653,54000,54000
edf5f0d487c87a99e3ab0542fa10d1cf60e676b7,3798.02,146.03,15.946781213,54000,54000
edf5f0d487c87a99e3ab0542fa10d1cf60e676b7,3795.47,145.35,15.943735637,54000,54000
edf5f0d487c87a99e3ab0542fa10d1cf60e676b7,3806.97,145.40,15.952170621,54000,54000
edf5f0d487c87a99e3ab0542fa10d1cf60e676b7,3810.53,146.54,15.975762942,54000,54000
edf5f0d487c87a99e3ab0542fa10d1cf60e676b7,3790.69,145.11,15.897487562,54000,54000
edf5f0d487c87a99e3ab0542fa10d1cf60e676b7,3852.52,147.28,16.152177512,54000,54000
edf5f0d487c87a99e3ab0542fa10d1cf60e676b7,3815.22,146.60,15.997077358,54000,54000
edf5f0d487c87a99e3ab0542fa10d1cf60e676b7,3818.20,145.88,16.002551410,54000,54000
edf5f0d487c87a99e3ab0542fa10d1cf60e676b7,3820.93,146.56,16.002864347,54000,54000
edf5f0d487c87a99e3ab0542fa10d1cf60e676b7,3817.47,146.65,16.006250765,54000,54000
edf5f0d487c87a99e3ab0542fa10d1cf60e676b7,3837.95,146.92,16.073141870,54000,54000
edf5f0d487c87a99e3ab0542fa10d1cf60e676b7,3810.32,146.06,15.966100633,54000,53000
edf5f0d487c87a99e3ab0542fa10d1cf60e676b7,3838.24,147.59,16.077913220,54000,53000
536f1bf1eb6f2f8c0c434fd0c554e6070a7e32e9,3889.51,148.86,16.309009365,54000,55000
536f1bf1eb6f2f8c0c434fd0c554e6070a7e32e9,3867.63,147.53,16.242343972,54000,55000
536f1bf1eb6f2f8c0c434fd0c554e6070a7e32e9,3869.71,147.59,16.225751490,54000,54000
536f1bf1eb6f2f8c0c434fd0c554e6070a7e32e9,3844.43,146.51,16.147826389,54000,54000
536f1bf1eb6f2f8c0c434fd0c554e6070a7e32e9,3853.07,147.32,16.168658743,54000,55000
536f1bf1eb6f2f8c0c434fd0c554e6070a7e32e9,3886.28,148.46,16.332378368,54000,54000
536f1bf1eb6f2f8c0c434fd0c554e6070a7e32e9,3843.65,147.58,16.138575474,54000,54000
536f1bf1eb6f2f8c0c434fd0c554e6070a7e32e9,3865.29,147.95,16.233865729,54000,55000
536f1bf1eb6f2f8c0c434fd0c554e6070a7e32e9,3863.96,148.28,16.233459762,54000,54000
536f1bf1eb6f2f8c0c434fd0c554e6070a7e32e9,3877.73,148.46,16.264021157,54000,54000
536f1bf1eb6f2f8c0c434fd0c554e6070a7e32e9,3860.71,147.45,16.197665709,54000,54000
536f1bf1eb6f2f8c0c434fd0c554e6070a7e32e9,3865.55,148.05,16.218402346,54000,54000
536f1bf1eb6f2f8c0c434fd0c554e6070a7e32e9,3867.92,148.52,16.249461114,54000,54000
536f1bf1eb6f2f8c0c434fd0c554e6070a7e32e9,3860.77,148.43,16.212943817,54000,54000
536f1bf1eb6f2f8c0c434fd0c554e6070a7e32e9,3848.99,146.97,16.162230875,54000,54000
536f1bf1eb6f2f8c0c434fd0c554e6070a7e32e9,3848.19,146.94,16.140946627,54000,53000
536f1bf1eb6f2f8c0c434fd0c554e6070a7e32e9,3832.10,146.59,16.140845857,54000,54000
536f1bf1eb6f2f8c0c434fd0c554e6070a7e32e9,3867.02,147.92,16.222220142,54000,54000
536f1bf1eb6f2f8c0c434fd0c554e6070a7e32e9,3852.69,147.24,16.160664771,54000,54000
536f1bf1eb6f2f8c0c434fd0c554e6070a7e32e9,3867.82,147.49,16.221945067,54000,54000
536f1bf1eb6f2f8c0c434fd0c554e6070a7e32e9,3892.58,148.49,16.318537670,54000,54000
536f1bf1eb6f2f8c0c434fd0c554e6070a7e32e9,3840.46,146.95,16.156041846,54000,54000
536f1bf1eb6f2f8c0c434fd0c554e6070a7e32e9,3867.82,147.85,16.234724821,53000,54000
536f1bf1eb6f2f8c0c434fd0c554e6070a7e32e9,3874.49,147.61,16.269032891,54000,54000
536f1bf1eb6f2f8c0c434fd0c554e6070a7e32e9,3871.76,148.13,16.258365105,54000,54000
536f1bf1eb6f2f8c0c434fd0c554e6070a7e32e9,3853.78,147.21,16.168673747,54000,54000
536f1bf1eb6f2f8c0c434fd0c554e6070a7e32e9,3897.81,149.02,16.363786002,54000,54000
536f1bf1eb6f2f8c0c434fd0c554e6070a7e32e9,3845.23,147.39,16.143962859,54000,55000
536f1bf1eb6f2f8c0c434fd0c554e6070a7e32e9,3852.83,147.49,16.191314402,53000,54000
536f1bf1eb6f2f8c0c434fd0c554e6070a7e32e9,3842.41,146.75,16.138251608,54000,54000
4d4b3f2001fda466b7a1de9ee00957a12ab14819,3853.97,147.66,16.183828744,55000,54000
4d4b3f2001fda466b7a1de9ee00957a12ab14819,3836.53,146.79,16.101722896,54000,54000
4d4b3f2001fda466b7a1de9ee00957a12ab14819,3840.75,146.94,16.141669039,54000,55000
4d4b3f2001fda466b7a1de9ee00957a12ab14819,3857.20,147.06,16.192612434,55000,54000
4d4b3f2001fda466b7a1de9ee00957a12ab14819,3887.27,148.89,16.322611222,54000,54000
4d4b3f2001fda466b7a1de9ee00957a12ab14819,3875.67,148.54,16.254997822,54000,54000
4d4b3f2001fda466b7a1de9ee00957a12ab14819,3867.08,148.10,16.225421014,54000,54000
4d4b3f2001fda466b7a1de9ee00957a12ab14819,3885.47,149.02,16.304485799,54000,54000
4d4b3f2001fda466b7a1de9ee00957a12ab14819,3868.30,148.60,16.247434507,54000,53000
4d4b3f2001fda466b7a1de9ee00957a12ab14819,3848.82,147.75,16.146879695,54000,54000
4d4b3f2001fda466b7a1de9ee00957a12ab14819,3844.50,147.26,16.142649943,54000,54000
4d4b3f2001fda466b7a1de9ee00957a12ab14819,3869.14,148.34,16.239208898,54000,55000
4d4b3f2001fda466b7a1de9ee00957a12ab14819,3862.58,148.35,16.232517172,54000,54000
4d4b3f2001fda466b7a1de9ee00957a12ab14819,3841.99,147.12,16.144335590,54000,54000
4d4b3f2001fda466b7a1de9ee00957a12ab14819,3868.43,147.77,16.237551055,54000,54000
4d4b3f2001fda466b7a1de9ee00957a12ab14819,3881.72,148.28,16.321543983,54000,54000
4d4b3f2001fda466b7a1de9ee00957a12ab14819,3859.99,147.41,16.235197491,54000,54000
4d4b3f2001fda466b7a1de9ee00957a12ab14819,3858.28,147.38,16.207790951,54000,54000
4d4b3f2001fda466b7a1de9ee00957a12ab14819,3854.69,147.30,16.205134961,54000,54000
4d4b3f2001fda466b7a1de9ee00957a12ab14819,3833.70,146.60,16.122618763,53000,54000
4d4b3f2001fda466b7a1de9ee00957a12ab14819,3853.10,147.52,16.184388800,54000,53000
4d4b3f2001fda466b7a1de9ee00957a12ab14819,3859.17,146.83,16.213627051,54000,54000
4d4b3f2001fda466b7a1de9ee00957a12ab14819,3863.57,147.57,16.239855620,54000,54000
4d4b3f2001fda466b7a1de9ee00957a12ab14819,3868.49,147.61,16.253980577,54000,54000
4d4b3f2001fda466b7a1de9ee00957a12ab14819,3856.17,147.35,16.175305669,54000,54000
4d4b3f2001fda466b7a1de9ee00957a12ab14819,3860.44,147.43,16.204031330,54000,54000
4d4b3f2001fda466b7a1de9ee00957a12ab14819,3860.77,147.60,16.204270920,54000,54000
4d4b3f2001fda466b7a1de9ee00957a12ab14819,3887.26,149.35,16.296600228,54000,55000
4d4b3f2001fda466b7a1de9ee00957a12ab14819,3870.86,148.17,16.244105450,54000,54000
4d4b3f2001fda466b7a1de9ee00957a12ab14819,3856.95,147.71,16.204071842,54000,55000
6b72b8cde5cf0c2c79995bf1de89ba267d3c3570,3879.10,148.31,16.258104261,54000,54000
6b72b8cde5cf0c2c79995bf1de89ba267d3c3570,3904.15,149.09,16.362663066,54000,55000
6b72b8cde5cf0c2c79995bf1de89ba267d3c3570,3884.90,148.20,16.278687531,54000,54000
6b72b8cde5cf0c2c79995bf1de89ba267d3c3570,3889.72,148.30,16.337791381,55000,54000
6b72b8cde5cf0c2c79995bf1de89ba267d3c3570,3868.45,147.68,16.221852148,55000,55000
6b72b8cde5cf0c2c79995bf1de89ba267d3c3570,3859.38,147.17,16.211631133,54000,54000
6b72b8cde5cf0c2c79995bf1de89ba267d3c3570,3891.27,149.40,16.312343328,54000,54000
6b72b8cde5cf0c2c79995bf1de89ba267d3c3570,3870.80,147.91,16.266547259,55000,54000
6b72b8cde5cf0c2c79995bf1de89ba267d3c3570,3859.39,147.90,16.194374092,54000,54000
6b72b8cde5cf0c2c79995bf1de89ba267d3c3570,3860.86,147.29,16.196101816,54000,54000
6b72b8cde5cf0c2c79995bf1de89ba267d3c3570,3879.26,148.38,16.275460381,54000,54000
6b72b8cde5cf0c2c79995bf1de89ba267d3c3570,3849.39,147.69,16.166475367,54000,54000
6b72b8cde5cf0c2c79995bf1de89ba267d3c3570,3850.36,147.48,16.172429867,54000,54000
6b72b8cde5cf0c2c79995bf1de89ba267d3c3570,3900.87,149.27,16.358404901,54000,54000
6b72b8cde5cf0c2c79995bf1de89ba267d3c3570,3877.54,148.40,16.277493305,54000,54000
6b72b8cde5cf0c2c79995bf1de89ba267d3c3570,3871.94,148.29,16.235953461,54000,54000
6b72b8cde5cf0c2c79995bf1de89ba267d3c3570,3880.48,148.11,16.282788246,54000,54000
6b72b8cde5cf0c2c79995bf1de89ba267d3c3570,3867.92,148.10,16.241254601,54000,54000
6b72b8cde5cf0c2c79995bf1de89ba267d3c3570,3850.59,147.31,16.153127733,54000,54000
6b72b8cde5cf0c2c79995bf1de89ba267d3c3570,3868.10,147.81,16.246899902,54000,54000
6b72b8cde5cf0c2c79995bf1de89ba267d3c3570,3863.48,147.56,16.229489675,54000,54000
6b72b8cde5cf0c2c79995bf1de89ba267d3c3570,3864.52,147.60,16.214719146,54000,54000
6b72b8cde5cf0c2c79995bf1de89ba267d3c3570,3850.95,147.66,16.188440349,54000,54000
6b72b8cde5cf0c2c79995bf1de89ba267d3c3570,3870.31,147.41,16.242393557,54000,54000
6b72b8cde5cf0c2c79995bf1de89ba267d3c3570,3895.16,148.44,16.366858415,54000,54000
6b72b8cde5cf0c2c79995bf1de89ba267d3c3570,3858.79,147.31,16.232237886,54000,54000
6b72b8cde5cf0c2c79995bf1de89ba267d3c3570,3916.70,150.10,16.439308418,54000,54000
6b72b8cde5cf0c2c79995bf1de89ba267d3c3570,3864.40,148.16,16.219853836,54000,54000
6b72b8cde5cf0c2c79995bf1de89ba267d3c3570,3861.23,148.07,16.245274464,54000,54000
6b72b8cde5cf0c2c79995bf1de89ba267d3c3570,3875.31,147.99,16.279543576,54000,54000
c1df0def5498a5e4d698fe2e21cdd0b980eadd94,3854.29,147.17,16.163143786,55000,55000
c1df0def5498a5e4d698fe2e21cdd0b980eadd94,3854.15,146.94,16.164843237,54000,54000
c1df0def5498a5e4d698fe2e21cdd0b980eadd94,3860.26,147.68,16.217771586,54000,55000
c1df0def5498a5e4d698fe2e21cdd0b980eadd94,3878.41,148.34,16.289672124,54000,54000
c1df0def5498a5e4d698fe2e21cdd0b980eadd94,3880.44,148.86,16.293820999,54000,54000
c1df0def5498a5e4d698fe2e21cdd0b980eadd94,3874.16,147.89,16.259700525,54000,54000
c1df0def5498a5e4d698fe2e21cdd0b980eadd94,3843.70,146.80,16.140366876,54000,55000
c1df0def5498a5e4d698fe2e21cdd0b980eadd94,3872.29,148.15,16.261234286,54000,54000
c1df0def5498a5e4d698fe2e21cdd0b980eadd94,3879.73,148.74,16.303357544,54000,54000
c1df0def5498a5e4d698fe2e21cdd0b980eadd94,3860.11,148.23,16.232143461,54000,54000
c1df0def5498a5e4d698fe2e21cdd0b980eadd94,3876.07,147.87,16.241577204,54000,54000
c1df0def5498a5e4d698fe2e21cdd0b980eadd94,3873.45,148.33,16.262560459,54000,54000
c1df0def5498a5e4d698fe2e21cdd0b980eadd94,3865.03,148.31,16.238275361,54000,54000
c1df0def5498a5e4d698fe2e21cdd0b980eadd94,3863.32,147.88,16.230268977,54000,54000
c1df0def5498a5e4d698fe2e21cdd0b980eadd94,3843.41,147.08,16.161294849,54000,54000
c1df0def5498a5e4d698fe2e21cdd0b980eadd94,3869.78,148.19,16.254154918,54000,54000
c1df0def5498a5e4d698fe2e21cdd0b980eadd94,3895.45,148.81,16.347883594,54000,54000
c1df0def5498a5e4d698fe2e21cdd0b980eadd94,3865.78,147.75,16.234751736,54000,54000
c1df0def5498a5e4d698fe2e21cdd0b980eadd94,3865.81,148.06,16.255028571,54000,54000
c1df0def5498a5e4d698fe2e21cdd0b980eadd94,3880.49,148.20,16.296022918,54000,53000
c1df0def5498a5e4d698fe2e21cdd0b980eadd94,3872.21,147.87,16.252420800,54000,54000
c1df0def5498a5e4d698fe2e21cdd0b980eadd94,3870.79,147.84,16.250679093,54000,54000
c1df0def5498a5e4d698fe2e21cdd0b980eadd94,3882.44,147.97,16.305402265,55000,54000
c1df0def5498a5e4d698fe2e21cdd0b980eadd94,3860.93,147.22,16.227305062,54000,54000
c1df0def5498a5e4d698fe2e21cdd0b980eadd94,3868.61,148.13,16.273737233,55000,54000
c1df0def5498a5e4d698fe2e21cdd0b980eadd94,3857.47,147.60,16.198032407,54000,54000
c1df0def5498a5e4d698fe2e21cdd0b980eadd94,3906.55,149.46,16.402786389,54000,54000
c1df0def5498a5e4d698fe2e21cdd0b980eadd94,3866.37,148.29,16.224082899,54000,55000
c1df0def5498a5e4d698fe2e21cdd0b980eadd94,3866.87,147.66,16.223563644,54000,54000
c1df0def5498a5e4d698fe2e21cdd0b980eadd94,3877.06,148.47,16.262380085,54000,54000
c7dcb58488a51fd1da5b99a3afcd0496d67f5bc2,3906.50,149.27,16.343371405,55000,55000
c7dcb58488a51fd1da5b99a3afcd0496d67f5bc2,3845.62,146.84,16.137827813,55000,55000
c7dcb58488a51fd1da5b99a3afcd0496d67f5bc2,3893.10,148.81,16.335655951,55000,54000
c7dcb58488a51fd1da5b99a3afcd0496d67f5bc2,3841.71,146.99,16.114565289,55000,55000
c7dcb58488a51fd1da5b99a3afcd0496d67f5bc2,3825.92,146.09,16.096178228,54000,54000
c7dcb58488a51fd1da5b99a3afcd0496d67f5bc2,3876.02,148.35,16.282548169,54000,54000
c7dcb58488a51fd1da5b99a3afcd0496d67f5bc2,3866.23,148.31,16.226816172,54000,54000
c7dcb58488a51fd1da5b99a3afcd0496d67f5bc2,3827.44,146.28,16.078720289,54000,54000
c7dcb58488a51fd1da5b99a3afcd0496d67f5bc2,3865.69,147.89,16.216550454,54000,54000
c7dcb58488a51fd1da5b99a3afcd0496d67f5bc2,3856.91,148.52,16.211137146,54000,54000
c7dcb58488a51fd1da5b99a3afcd0496d67f5bc2,3835.92,146.56,16.092030186,54000,54000
c7dcb58488a51fd1da5b99a3afcd0496d67f5bc2,3858.71,147.89,16.188516445,54000,54000
c7dcb58488a51fd1da5b99a3afcd0496d67f5bc2,3848.16,147.30,16.146260011,54000,54000
c7dcb58488a51fd1da5b99a3afcd0496d67f5bc2,3863.46,147.76,16.231169407,54000,54000
c7dcb58488a51fd1da5b99a3afcd0496d67f5bc2,3849.17,146.79,16.160343588,54000,54000
c7dcb58488a51fd1da5b99a3afcd0496d67f5bc2,3853.38,147.34,16.196252655,54000,54000
c7dcb58488a51fd1da5b99a3afcd0496d67f5bc2,3869.46,147.77,16.246868343,54000,54000
c7dcb58488a51fd1da5b99a3afcd0496d67f5bc2,3888.23,148.45,16.325746327,54000,54000
c7dcb58488a51fd1da5b99a3afcd0496d67f5bc2,3887.05,148.10,16.327415801,54000,54000
c7dcb58488a51fd1da5b99a3afcd0496d67f5bc2,3891.22,148.55,16.320208323,54000,53000
c7dcb58488a51fd1da5b99a3afcd0496d67f5bc2,3878.22,147.84,16.265219494,54000,54000
c7dcb58488a51fd1da5b99a3afcd0496d67f5bc2,3844.82,147.05,16.136590604,54000,54000
c7dcb58488a51fd1da5b99a3afcd0496d67f5bc2,3854.55,147.51,16.193209786,54000,54000
c7dcb58488a51fd1da5b99a3afcd0496d67f5bc2,3851.50,146.89,16.176541845,54000,54000
c7dcb58488a51fd1da5b99a3afcd0496d67f5bc2,3838.77,146.74,16.115199852,54000,54000
c7dcb58488a51fd1da5b99a3afcd0496d67f5bc2,3853.89,147.18,16.171561719,54000,54000
c7dcb58488a51fd1da5b99a3afcd0496d67f5bc2,3859.86,147.91,16.193536683,54000,54000
c7dcb58488a51fd1da5b99a3afcd0496d67f5bc2,3864.89,148.10,16.230092538,54000,54000
c7dcb58488a51fd1da5b99a3afcd0496d67f5bc2,3871.11,148.58,16.222168919,54000,54000
c7dcb58488a51fd1da5b99a3afcd0496d67f5bc2,3845.19,146.95,16.153645695,54000,54000
5b5ed4836b30721a6829aed7a588333af1c0b394,3869.29,147.61,16.199304165,54000,54000
5b5ed4836b30721a6829aed7a588333af1c0b394,3875.24,147.93,16.248658667,55000,56000
5b5ed4836b30721a6829aed7a588333af1c0b394,3871.50,147.60,16.227130721,54000,55000
5b5ed4836b30721a6829aed7a588333af1c0b394,3862.60,146.92,16.200246244,54000,54000
5b5ed4836b30721a6829aed7a588333af1c0b394,3884.56,148.75,16.292119464,55000,55000
5b5ed4836b30721a6829aed7a588333af1c0b394,3880.95,148.79,16.294600722,54000,54000
5b5ed4836b30721a6829aed7a588333af1c0b394,3868.03,148.18,16.222033304,54000,54000
5b5ed4836b30721a6829aed7a588333af1c0b394,3837.69,146.73,16.119742512,54000,54000
5b5ed4836b30721a6829aed7a588333af1c0b394,3892.97,149.13,16.366963619,54000,54000
5b5ed4836b30721a6829aed7a588333af1c0b394,3853.36,147.54,16.183572796,54000,54000
5b5ed4836b30721a6829aed7a588333af1c0b394,3850.93,147.62,16.176972705,54000,54000
5b5ed4836b30721a6829aed7a588333af1c0b394,3843.40,147.31,16.149421311,54000,54000
5b5ed4836b30721a6829aed7a588333af1c0b394,3873.86,148.43,16.268400176,54000,54000
5b5ed4836b30721a6829aed7a588333af1c0b394,3867.48,148.22,16.222752168,54000,54000
5b5ed4836b30721a6829aed7a588333af1c0b394,3855.15,147.25,16.166426301,54000,54000
5b5ed4836b30721a6829aed7a588333af1c0b394,3841.73,147.04,16.121471924,54000,54000
5b5ed4836b30721a6829aed7a588333af1c0b394,3884.94,148.76,16.320367059,54000,53000
5b5ed4836b30721a6829aed7a588333af1c0b394,3864.55,147.80,16.224214013,54000,54000
5b5ed4836b30721a6829aed7a588333af1c0b394,3873.61,148.09,16.248570609,54000,54000
5b5ed4836b30721a6829aed7a588333af1c0b394,3845.09,146.97,16.153734809,54000,54000
5b5ed4836b30721a6829aed7a588333af1c0b394,3851.18,146.68,16.182460875,54000,54000
5b5ed4836b30721a6829aed7a588333af1c0b394,3883.88,148.21,16.286817210,54000,54000
5b5ed4836b30721a6829aed7a588333af1c0b394,3872.41,147.77,16.261600521,54000,54000
5b5ed4836b30721a6829aed7a588333af1c0b394,3883.64,148.29,16.310569184,54000,54000
5b5ed4836b30721a6829aed7a588333af1c0b394,3852.03,147.41,16.174149387,54000,54000
5b5ed4836b30721a6829aed7a588333af1c0b394,3881.87,149.04,16.293744188,54000,53000
5b5ed4836b30721a6829aed7a588333af1c0b394,3861.42,147.77,16.205893282,54000,54000
5b5ed4836b30721a6829aed7a588333af1c0b394,3849.86,146.89,16.161517552,54000,54000
5b5ed4836b30721a6829aed7a588333af1c0b394,3871.79,148.57,16.266368727,54000,54000
5b5ed4836b30721a6829aed7a588333af1c0b394,3861.17,147.53,16.209561616,54000,54000
8a891b2c058c39bd822f71be4199baf1b01fccf8,3871.80,147.67,16.240148522,55000,54000
8a891b2c058c39bd822f71be4199baf1b01fccf8,3893.54,148.91,16.323832879,56000,55000
8a891b2c058c39bd822f71be4199baf1b01fccf8,3874.56,147.96,16.256786119,54000,54000
8a891b2c058c39bd822f71be4199baf1b01fccf8,3881.13,147.89,16.286173106,54000,54000
8a891b2c058c39bd822f71be4199baf1b01fccf8,3880.22,148.49,16.294764968,54000,54000
8a891b2c058c39bd822f71be4199baf1b01fccf8,3881.39,148.37,16.296816008,54000,54000
8a891b2c058c39bd822f71be4199baf1b01fccf8,3861.76,147.93,16.217887588,54000,54000
8a891b2c058c39bd822f71be4199baf1b01fccf8,3862.85,147.50,16.226819536,55000,54000
8a891b2c058c39bd822f71be4199baf1b01fccf8,3876.75,148.18,16.285697215,54000,54000
8a891b2c058c39bd822f71be4199baf1b01fccf8,3876.59,148.49,16.265072704,53000,54000
8a891b2c058c39bd822f71be4199baf1b01fccf8,3894.67,149.00,16.341813974,54000,54000
8a891b2c058c39bd822f71be4199baf1b01fccf8,3839.50,147.17,16.121992672,54000,54000
8a891b2c058c39bd822f71be4199baf1b01fccf8,3867.05,148.54,16.246506628,54000,54000
8a891b2c058c39bd822f71be4199baf1b01fccf8,3858.39,147.95,16.225097151,54000,54000
8a891b2c058c39bd822f71be4199baf1b01fccf8,3867.86,147.79,16.261351601,54000,54000
8a891b2c058c39bd822f71be4199baf1b01fccf8,3859.53,147.88,16.203703500,54000,54000
8a891b2c058c39bd822f71be4199baf1b01fccf8,3867.21,148.53,16.261512148,54000,54000
8a891b2c058c39bd822f71be4199baf1b01fccf8,3884.07,148.15,16.323657224,54000,53000
8a891b2c058c39bd822f71be4199baf1b01fccf8,3899.21,149.23,16.358642328,54000,54000
8a891b2c058c39bd822f71be4199baf1b01fccf8,3836.85,146.30,16.123849958,54000,54000
8a891b2c058c39bd822f71be4199baf1b01fccf8,3848.75,147.49,16.160113077,54000,54000
8a891b2c058c39bd822f71be4199baf1b01fccf8,3844.39,146.70,16.120591516,54000,54000
8a891b2c058c39bd822f71be4199baf1b01fccf8,3862.97,146.86,16.216412843,54000,54000
8a891b2c058c39bd822f71be4199baf1b01fccf8,3851.06,146.78,16.182098775,54000,54000
8a891b2c058c39bd822f71be4199baf1b01fccf8,3869.55,147.79,16.259671066,54000,54000
8a891b2c058c39bd822f71be4199baf1b01fccf8,3876.11,148.60,16.259751019,54000,54000
8a891b2c058c39bd822f71be4199baf1b01fccf8,3848.11,147.36,16.176285482,55000,54000
8a891b2c058c39bd822f71be4199baf1b01fccf8,3871.16,147.95,16.268527837,54000,54000
8a891b2c058c39bd822f71be4199baf1b01fccf8,3874.95,148.41,16.264702995,54000,54000
8a891b2c058c39bd822f71be4199baf1b01fccf8,3842.19,146.77,16.137680787,54000,54000
9325b2461cd09c3a68fb7b2eedc3caf1f3997559,3897.26,148.44,16.333272491,54000,55000
9325b2461cd09c3a68fb7b2eedc3caf1f3997559,3866.99,147.66,16.203774934,55000,54000
9325b2461cd09c3a68fb7b2eedc3caf1f3997559,3860.11,147.28,16.179988747,56000,55000
9325b2461cd09c3a68fb7b2eedc3caf1f3997559,3856.83,147.94,16.192096096,54000,54000
9325b2461cd09c3a68fb7b2eedc3caf1f3997559,3849.12,146.76,16.145792683,54000,54000
9325b2461cd09c3a68fb7b2eedc3caf1f3997559,3867.87,147.92,16.237958097,55000,54000
9325b2461cd09c3a68fb7b2eedc3caf1f3997559,3888.61,149.18,16.322254105,54000,54000
9325b2461cd09c3a68fb7b2eedc3caf1f3997559,3862.97,147.67,16.231901931,54000,55000
9325b2461cd09c3a68fb7b2eedc3caf1f3997559,3839.00,147.16,16.151033830,54000,54000
9325b2461cd09c3a68fb7b2eedc3caf1f3997559,3879.73,148.51,16.287964512,56000,54000
9325b2461cd09c3a68fb7b2eedc3caf1f3997559,3880.48,148.55,16.281548685,54000,54000
9325b2461cd09c3a68fb7b2eedc3caf1f3997559,3867.28,148.22,16.262830248,54000,54000
9325b2461cd09c3a68fb7b2eedc3caf1f3997559,3848.45,147.59,16.166366394,54000,54000
9325b2461cd09c3a68fb7b2eedc3caf1f3997559,3865.27,148.11,16.253591829,54000,54000
9325b2461cd09c3a68fb7b2eedc3caf1f3997559,3883.23,148.33,16.309555069,54000,54000
9325b2461cd09c3a68fb7b2eedc3caf1f3997559,3880.32,148.32,16.304450353,54000,54000
9325b2461cd09c3a68fb7b2eedc3caf1f3997559,3882.62,147.92,16.296077057,54000,53000
9325b2461cd09c3a68fb7b2eedc3caf1f3997559,3850.19,146.82,16.174620792,54000,54000
9325b2461cd09c3a68fb7b2eedc3caf1f3997559,3871.07,147.86,16.240599095,54000,54000
9325b2461cd09c3a68fb7b2eedc3caf1f3997559,3870.69,147.38,16.251475885,55000,54000
9325b2461cd09c3a68fb7b2eedc3caf1f3997559,3853.74,147.42,16.188727140,54000,54000
9325b2461cd09c3a68fb7b2eedc3caf1f3997559,3845.58,146.74,16.146895497,54000,54000
9325b2461cd09c3a68fb7b2eedc3caf1f3997559,3856.48,147.49,16.186017492,54000,54000
9325b2461cd09c3a68fb7b2eedc3caf1f3997559,3881.90,148.38,16.303554586,54000,54000
9325b2461cd09c3a68fb7b2eedc3caf1f3997559,3860.13,147.13,16.220772107,54000,54000
9325b2461cd09c3a68fb7b2eedc3caf1f3997559,3875.25,148.31,16.261109073,54000,54000
9325b2461cd09c3a68fb7b2eedc3caf1f3997559,3858.41,147.77,16.196217236,54000,54000
9325b2461cd09c3a68fb7b2eedc3caf1f3997559,3849.77,147.03,16.171745364,55000,54000
9325b2461cd09c3a68fb7b2eedc3caf1f3997559,3852.03,147.19,16.182651383,54000,54000
9325b2461cd09c3a68fb7b2eedc3caf1f3997559,3856.27,147.09,16.190554463,54000,54000
065bf67454fb758f27db615a3a250d139ec3e10e,3861.87,147.30,16.180011486,54000,55000
065bf67454fb758f27db615a3a250d139ec3e10e,3890.18,149.07,16.337430967,54000,54000
065bf67454fb758f27db615a3a250d139ec3e10e,3861.01,147.42,16.211103176,54000,55000
065bf67454fb758f27db615a3a250d139ec3e10e,3887.71,148.99,16.316263264,54000,54000
065bf67454fb758f27db615a3a250d139ec3e10e,3879.00,148.39,16.276602105,54000,54000
065bf67454fb758f27db615a3a250d139ec3e10e,3863.46,147.84,16.230238914,54000,54000
065bf67454fb758f27db615a3a250d139ec3e10e,3879.20,148.61,16.289905916,54000,54000
065bf67454fb758f27db615a3a250d139ec3e10e,3863.34,147.96,16.241008534,54000,54000
065bf67454fb758f27db615a3a250d139ec3e10e,3890.74,148.93,16.353840347,54000,54000
065bf67454fb758f27db615a3a250d139ec3e10e,3889.30,148.89,16.319657888,53000,54000
065bf67454fb758f27db615a3a250d139ec3e10e,3861.50,147.58,16.218083297,54000,54000
065bf67454fb758f27db615a3a250d139ec3e10e,3882.83,148.37,16.320776155,54000,54000
065bf67454fb758f27db615a3a250d139ec3e10e,3882.28,148.30,16.305313900,54000,54000
065bf67454fb758f27db615a3a250d139ec3e10e,3872.82,147.84,16.269925963,55000,54000
065bf67454fb758f27db615a3a250d139ec3e10e,3862.90,147.70,16.215714711,54000,54000
065bf67454fb758f27db615a3a250d139ec3e10e,3855.59,147.45,16.203731983,54000,53000
065bf67454fb758f27db615a3a250d139ec3e10e,3817.05,146.22,16.056759418,54000,54000
065bf67454fb758f27db615a3a250d139ec3e10e,3850.43,147.16,16.181240514,53000,54000
065bf67454fb758f27db615a3a250d139ec3e10e,3865.52,147.87,16.259514482,54000,54000
065bf67454fb758f27db615a3a250d139ec3e10e,3855.92,147.48,16.191803654,53000,54000
065bf67454fb758f27db615a3a250d139ec3e10e,3852.09,146.76,16.186295530,54000,54000
065bf67454fb758f27db615a3a250d139ec3e10e,3874.05,148.42,16.265845385,55000,55000
065bf67454fb758f27db615a3a250d139ec3e10e,3868.21,148.07,16.239832516,54000,54000
065bf67454fb758f27db615a3a250d139ec3e10e,3889.62,149.04,16.323406319,54000,54000
065bf67454fb758f27db615a3a250d139ec3e10e,3844.53,147.40,16.158589501,54000,53000
065bf67454fb758f27db615a3a250d139ec3e10e,3891.05,148.22,16.329014449,55000,54000
065bf67454fb758f27db615a3a250d139ec3e10e,3855.94,147.14,16.166784677,54000,54000
065bf67454fb758f27db615a3a250d139ec3e10e,3870.88,148.18,16.253252845,54000,54000
065bf67454fb758f27db615a3a250d139ec3e10e,3873.08,147.75,16.264123306,54000,54000
065bf67454fb758f27db615a3a250d139ec3e10e,3872.64,147.89,16.264869353,54000,54000
e3b5a83ee967d196169b346d96c5c332f3ae8071,3875.91,147.82,16.230962561,54000,54000
e3b5a83ee967d196169b346d96c5c332f3ae8071,3875.33,148.23,16.246325536,56000,55000
e3b5a83ee967d196169b346d96c5c332f3ae8071,3887.10,148.50,16.300518863,54000,56000
e3b5a83ee967d196169b346d96c5c332f3ae8071,3880.70,147.94,16.267680429,55000,55000
e3b5a83ee967d196169b346d96c5c332f3ae8071,3881.22,148.20,16.268284892,55000,55000
e3b5a83ee967d196169b346d96c5c332f3ae8071,3915.99,150.16,16.436866033,54000,54000
e3b5a83ee967d196169b346d96c5c332f3ae8071,3883.59,148.12,16.308643939,54000,54000
e3b5a83ee967d196169b346d96c5c332f3ae8071,3865.57,147.54,16.234722523,55000,54000
e3b5a83ee967d196169b346d96c5c332f3ae8071,3837.15,146.85,16.141307160,54000,54000
e3b5a83ee967d196169b346d96c5c332f3ae8071,3839.24,146.93,16.145048851,54000,55000
e3b5a83ee967d196169b346d96c5c332f3ae8071,3846.85,146.90,16.150267537,54000,54000
e3b5a83ee967d196169b346d96c5c332f3ae8071,3833.49,147.20,16.130028239,55000,54000
e3b5a83ee967d196169b346d96c5c332f3ae8071,3875.71,148.22,16.270510233,54000,55000
e3b5a83ee967d196169b346d96c5c332f3ae8071,3844.95,146.90,16.175920366,54000,54000
e3b5a83ee967d196169b346d96c5c332f3ae8071,3876.61,148.82,16.290360128,54000,54000
e3b5a83ee967d196169b346d96c5c332f3ae8071,3869.59,148.18,16.249511003,54000,54000
e3b5a83ee967d196169b346d96c5c332f3ae8071,3873.18,148.13,16.282684926,54000,54000
e3b5a83ee967d196169b346d96c5c332f3ae8071,3896.61,149.57,16.349133241,54000,54000
e3b5a83ee967d196169b346d96c5c332f3ae8071,3902.77,149.88,16.382496902,54000,54000
e3b5a83ee967d196169b346d96c5c332f3ae8071,3847.52,146.77,16.172102532,54000,54000
e3b5a83ee967d196169b346d96c5c332f3ae8071,3860.07,147.39,16.217388831,54000,54000
e3b5a83ee967d196169b346d96c5c332f3ae8071,3851.80,146.99,16.180227743,54000,54000
e3b5a83ee967d196169b346d96c5c332f3ae8071,3889.69,148.77,16.332287408,54000,54000
e3b5a83ee967d196169b346d96c5c332f3ae8071,3849.81,147.14,16.169473903,54000,54000
e3b5a83ee967d196169b346d96c5c332f3ae8071,3832.32,146.06,16.108251652,54000,54000
e3b5a83ee967d196169b346d96c5c332f3ae8071,3872.47,147.93,16.254155085,54000,54000
e3b5a83ee967d196169b346d96c5c332f3ae8071,3843.47,146.71,16.160973377,54000,54000
e3b5a83ee967d196169b346d96c5c332f3ae8071,3876.53,148.48,16.269408702,54000,55000
e3b5a83ee967d196169b346d96c5c332f3ae8071,3880.68,148.23,16.288724348,54000,54000
e3b5a83ee967d196169b346d96c5c332f3ae8071,3878.26,148.70,16.299690056,54000,54000
091d6e463d04f2da52bd4352b5ed14160a0fe2b9,3864.38,147.73,16.200736507,54000,55000
091d6e463d04f2da52bd4352b5ed14160a0fe2b9,3886.62,148.50,16.282582935,54000,55000
091d6e463d04f2da52bd4352b5ed14160a0fe2b9,3854.27,147.23,16.190425718,54000,54000
091d6e463d04f2da52bd4352b5ed14160a0fe2b9,3874.68,147.90,16.258047115,54000,54000
091d6e463d04f2da52bd4352b5ed14160a0fe2b9,3885.96,148.42,16.304580943,54000,54000
091d6e463d04f2da52bd4352b5ed14160a0fe2b9,3873.59,147.96,16.259510237,54000,54000
091d6e463d04f2da52bd4352b5ed14160a0fe2b9,3861.38,147.78,16.225534788,54000,54000
091d6e463d04f2da52bd4352b5ed14160a0fe2b9,3863.83,147.62,16.230957178,54000,54000
091d6e463d04f2da52bd4352b5ed14160a0fe2b9,3874.21,148.28,16.248592177,54000,54000
091d6e463d04f2da52bd4352b5ed14160a0fe2b9,3862.07,147.94,16.203213796,54000,54000
091d6e463d04f2da52bd4352b5ed14160a0fe2b9,3899.54,149.00,16.407895487,54000,54000
091d6e463d04f2da52bd4352b5ed14160a0fe2b9,3862.57,147.61,16.214119608,54000,54000
091d6e463d04f2da52bd4352b5ed14160a0fe2b9,3848.68,146.90,16.158494279,54000,54000
091d6e463d04f2da52bd4352b5ed14160a0fe2b9,3897.17,148.70,16.348368819,54000,54000
091d6e463d04f2da52bd4352b5ed14160a0fe2b9,3881.89,148.42,16.307666522,54000,54000
091d6e463d04f2da52bd4352b5ed14160a0fe2b9,3862.30,147.49,16.241533060,54000,54000
091d6e463d04f2da52bd4352b5ed14160a0fe2b9,3838.58,146.86,16.144313289,53000,54000
091d6e463d04f2da52bd4352b5ed14160a0fe2b9,3853.62,147.10,16.190668811,53000,54000
091d6e463d04f2da52bd4352b5ed14160a0fe2b9,3844.20,146.48,16.179084244,53000,54000
091d6e463d04f2da52bd4352b5ed14160a0fe2b9,3839.13,145.93,16.129346447,54000,54000
091d6e463d04f2da52bd4352b5ed14160a0fe2b9,3883.33,148.49,16.280327336,54000,54000
091d6e463d04f2da52bd4352b5ed14160a0fe2b9,3871.84,147.64,16.263185381,54000,54000
091d6e463d04f2da52bd4352b5ed14160a0fe2b9,3866.93,148.04,16.245397080,54000,54000
091d6e463d04f2da52bd4352b5ed14160a0fe2b9,3847.90,147.10,16.166724428,54000,54000
091d6e463d04f2da52bd4352b5ed14160a0fe2b9,3836.48,146.24,16.135779896,54000,54000
091d6e463d04f2da52bd4352b5ed14160a0fe2b9,3891.41,148.70,16.331541732,54000,55000
091d6e463d04f2da52bd4352b5ed14160a0fe2b9,3883.69,148.24,16.309937618,54000,54000
091d6e463d04f2da52bd4352b5ed14160a0fe2b9,3865.81,148.03,16.246405936,53000,54000
091d6e463d04f2da52bd4352b5ed14160a0fe2b9,3890.29,148.81,16.342866034,54000,54000
091d6e463d04f2da52bd4352b5ed14160a0fe2b9,3874.06,147.78,16.285485067,54000,54000
b0754712c43b7d454899cba911925cec9aac44dd,3848.53,146.95,16.137439559,55000,56000
b0754712c43b7d454899cba911925cec9aac44dd,3861.32,147.18,16.177791083,55000,56000
b0754712c43b7d454899cba911925cec9aac44dd,3844.78,146.95,16.149857679,55000,55000
b0754712c43b7d454899cba911925cec9aac44dd,3863.77,147.76,16.225342843,55000,55000
b0754712c43b7d454899cba911925cec9aac44dd,3876.46,148.05,16.288949062,54000,54000
b0754712c43b7d454899cba911925cec9aac44dd,3890.44,148.47,16.328194367,54000,54000
b0754712c43b7d454899cba911925cec9aac44dd,3840.16,146.63,16.116662329,54000,54000
b0754712c43b7d454899cba911925cec9aac44dd,3826.07,146.77,16.087935400,54000,54000
b0754712c43b7d454899cba911925cec9aac44dd,3851.75,147.21,16.178201762,55000,54000
b0754712c43b7d454899cba911925cec9aac44dd,3863.30,148.09,16.232371511,54000,54000
b0754712c43b7d454899cba911925cec9aac44dd,3885.66,148.55,16.309130483,54000,54000
b0754712c43b7d454899cba911925cec9aac44dd,3852.62,147.34,16.178254128,54000,54000
b0754712c43b7d454899cba911925cec9aac44dd,3873.78,147.82,16.253655492,54000,54000
b0754712c43b7d454899cba911925cec9aac44dd,3836.06,146.79,16.100267249,54000,54000
b0754712c43b7d454899cba911925cec9aac44dd,3842.86,147.25,16.170465399,54000,54000
b0754712c43b7d454899cba911925cec9aac44dd,3858.83,147.66,16.232819316,54000,54000
b0754712c43b7d454899cba911925cec9aac44dd,3869.23,147.62,16.240951691,54000,54000
b0754712c43b7d454899cba911925cec9aac44dd,3837.54,146.78,16.121589013,55000,54000
b0754712c43b7d454899cba911925cec9aac44dd,3866.72,147.57,16.240821875,54000,54000
b0754712c43b7d454899cba911925cec9aac44dd,3846.17,147.23,16.134474620,54000,53000
b0754712c43b7d454899cba911925cec9aac44dd,3880.93,148.51,16.282420780,54000,54000
b0754712c43b7d454899cba911925cec9aac44dd,3870.40,147.64,16.262026563,54000,54000
b0754712c43b7d454899cba911925cec9aac44dd,3852.85,147.26,16.196927967,54000,54000
b0754712c43b7d454899cba911925cec9aac44dd,3891.81,148.85,16.349833577,54000,54000
b0754712c43b7d454899cba911925cec9aac44dd,3845.33,146.77,16.149843312,54000,54000
b0754712c43b7d454899cba911925cec9aac44dd,3912.24,149.16,16.429937285,54000,54000
b0754712c43b7d454899cba911925cec9aac44dd,3922.38,149.85,16.441484921,54000,54000
b0754712c43b7d454899cba911925cec9aac44dd,3863.78,147.90,16.222813624,54000,54000
b0754712c43b7d454899cba911925cec9aac44dd,3884.26,148.44,16.291919791,54000,54000
b0754712c43b7d454899cba911925cec9aac44dd,3861.35,147.89,16.202201741,54000,54000
dcf815d5defb7fe5572867d5b7a8a59201bf64a7,3855.30,146.96,16.161285001,55000,54000
dcf815d5defb7fe5572867d5b7a8a59201bf64a7,3861.36,146.74,16.187536821,55000,56000
dcf815d5defb7fe5572867d5b7a8a59201bf64a7,3887.17,148.74,16.325832330,54000,54000
dcf815d5defb7fe5572867d5b7a8a59201bf64a7,3873.78,148.40,16.282351254,54000,54000
dcf815d5defb7fe5572867d5b7a8a59201bf64a7,3853.81,147.52,16.158247778,54000,54000
dcf815d5defb7fe5572867d5b7a8a59201bf64a7,3874.13,148.45,16.303920804,54000,55000
dcf815d5defb7fe5572867d5b7a8a59201bf64a7,3887.40,148.50,16.319682082,54000,54000
dcf815d5defb7fe5572867d5b7a8a59201bf64a7,3849.05,147.42,16.171260213,54000,54000
dcf815d5defb7fe5572867d5b7a8a59201bf64a7,3855.66,147.58,16.189583320,54000,54000
dcf815d5defb7fe5572867d5b7a8a59201bf64a7,3860.96,147.49,16.230712867,54000,54000
dcf815d5defb7fe5572867d5b7a8a59201bf64a7,3854.52,147.06,16.192764950,54000,54000
dcf815d5defb7fe5572867d5b7a8a59201bf64a7,3881.48,148.63,16.304003469,54000,54000
dcf815d5defb7fe5572867d5b7a8a59201bf64a7,3851.19,147.41,16.167769553,54000,54000
dcf815d5defb7fe5572867d5b7a8a59201bf64a7,3875.22,148.04,16.266859349,54000,54000
dcf815d5defb7fe5572867d5b7a8a59201bf64a7,3873.45,148.01,16.237449610,54000,54000
dcf815d5defb7fe5572867d5b7a8a59201bf64a7,3855.72,147.22,16.221564053,53000,54000
dcf815d5defb7fe5572867d5b7a8a59201bf64a7,3852.28,147.31,16.170722818,54000,54000
dcf815d5defb7fe5572867d5b7a8a59201bf64a7,3861.32,147.17,16.207760832,54000,54000
dcf815d5defb7fe5572867d5b7a8a59201bf64a7,3851.57,147.17,16.191674187,54000,54000
dcf815d5defb7fe5572867d5b7a8a59201bf64a7,3870.76,148.02,16.240213269,54000,54000
dcf815d5defb7fe5572867d5b7a8a59201bf64a7,3886.33,148.36,16.305190738,54000,54000
dcf815d5defb7fe5572867d5b7a8a59201bf64a7,3920.80,149.60,16.464515742,54000,54000
dcf815d5defb7fe5572867d5b7a8a59201bf64a7,3866.13,147.29,16.220270089,54000,54000
dcf815d5defb7fe5572867d5b7a8a59201bf64a7,3861.36,147.39,16.232013082,54000,54000
dcf815d5defb7fe5572867d5b7a8a59201bf64a7,3854.71,146.98,16.179309261,54000,54000
dcf815d5defb7fe5572867d5b7a8a59201bf64a7,3845.74,147.01,16.143511716,54000,55000
dcf815d5defb7fe5572867d5b7a8a59201bf64a7,3864.77,148.09,16.227936077,54000,54000
dcf815d5defb7fe5572867d5b7a8a59201bf64a7,3852.15,147.54,16.175020874,54000,54000
dcf815d5defb7fe5572867d5b7a8a59201bf64a7,3866.44,147.59,16.223013260,53000,54000
dcf815d5defb7fe5572867d5b7a8a59201bf64a7,3889.08,149.04,16.344842240,54000,54000
e32b72804f732f9354df7227aee7b3d29683ec12,3866.54,147.51,16.186054417,54000,55000
e32b72804f732f9354df7227aee7b3d29683ec12,3876.14,148.20,16.255643459,55000,55000
e32b72804f732f9354df7227aee7b3d29683ec12,3866.36,148.26,16.195458351,55000,55000
e32b72804f732f9354df7227aee7b3d29683ec12,3888.46,148.31,16.287825303,55000,56000
e32b72804f732f9354df7227aee7b3d29683ec12,3854.95,146.89,16.177692300,54000,56000
e32b72804f732f9354df7227aee7b3d29683ec12,3821.06,145.27,16.044909738,54000,54000
e32b72804f732f9354df7227aee7b3d29683ec12,3863.86,147.47,16.236692132,54000,54000
e32b72804f732f9354df7227aee7b3d29683ec12,3876.26,148.31,16.271990881,54000,54000
e32b72804f732f9354df7227aee7b3d29683ec12,3863.13,147.70,16.224384707,54000,54000
e32b72804f732f9354df7227aee7b3d29683ec12,3840.43,146.57,16.152565096,54000,55000
e32b72804f732f9354df7227aee7b3d29683ec12,3888.73,148.40,16.334016227,55000,54000
e32b72804f732f9354df7227aee7b3d29683ec12,3875.07,148.71,16.276857368,54000,54000
e32b72804f732f9354df7227aee7b3d29683ec12,3856.56,147.48,16.183203358,54000,54000
e32b72804f732f9354df7227aee7b3d29683ec12,3880.69,148.64,16.284514608,54000,54000
e32b72804f732f9354df7227aee7b3d29683ec12,3882.06,148.65,16.294468821,54000,54000
e32b72804f732f9354df7227aee7b3d29683ec12,3857.32,147.94,16.223023673,54000,54000
e32b72804f732f9354df7227aee7b3d29683ec12,3851.36,147.12,16.179723422,54000,54000
e32b72804f732f9354df7227aee7b3d29683ec12,3857.67,147.44,16.220958331,53000,54000
e32b72804f732f9354df7227aee7b3d29683ec12,3864.71,147.33,16.233062917,54000,54000
e32b72804f732f9354df7227aee7b3d29683ec12,3846.76,146.73,16.173377158,54000,54000
e32b72804f732f9354df7227aee7b3d29683ec12,3855.80,147.76,16.198384300,54000,54000
e32b72804f732f9354df7227aee7b3d29683ec12,3848.42,146.95,16.169576507,54000,54000
e32b72804f732f9354df7227aee7b3d29683ec12,3851.91,146.58,16.213050399,54000,54000
e32b72804f732f9354df7227aee7b3d29683ec12,3877.73,147.47,16.276656500,54000,54000
e32b72804f732f9354df7227aee7b3d29683ec12,3861.18,147.60,16.219039635,54000,54000
e32b72804f732f9354df7227aee7b3d29683ec12,3881.61,147.87,16.298850109,54000,54000
e32b72804f732f9354df7227aee7b3d29683ec12,3844.63,147.33,16.151984558,54000,54000
e32b72804f732f9354df7227aee7b3d29683ec12,3838.58,146.97,16.112848002,54000,53000
e32b72804f732f9354df7227aee7b3d29683ec12,3860.11,147.54,16.203763857,54000,54000
e32b72804f732f9354df7227aee7b3d29683ec12,3864.92,147.83,16.229065654,54000,54000
e46911c1be681edeec3d23578d3d613860660631,3881.82,148.24,16.295680389,56000,54000
e46911c1be681edeec3d23578d3d613860660631,3875.21,148.49,16.260638974,54000,54000
e46911c1be681edeec3d23578d3d613860660631,3860.98,147.60,16.208712162,54000,54000
e46911c1be681edeec3d23578d3d613860660631,3886.44,148.95,16.320106049,54000,54000
e46911c1be681edeec3d23578d3d613860660631,3883.81,148.67,16.308508664,54000,54000
e46911c1be681edeec3d23578d3d613860660631,3863.87,147.84,16.252221033,54000,54000
e46911c1be681edeec3d23578d3d613860660631,3862.88,148.21,16.246104159,54000,54000
e46911c1be681edeec3d23578d3d613860660631,3849.51,147.43,16.175372586,54000,54000
e46911c1be681edeec3d23578d3d613860660631,3896.30,148.80,16.360879508,54000,54000
e46911c1be681edeec3d23578d3d613860660631,3875.48,148.10,16.269478213,54000,54000
e46911c1be681edeec3d23578d3d613860660631,3891.91,149.38,16.341677395,54000,54000
e46911c1be681edeec3d23578d3d613860660631,3834.51,147.09,16.123463181,54000,54000
e46911c1be681edeec3d23578d3d613860660631,3875.59,148.11,16.285932976,54000,54000
e46911c1be681edeec3d23578d3d613860660631,3869.89,147.83,16.262683438,54000,54000
e46911c1be681edeec3d23578d3d613860660631,3871.83,147.53,16.253444549,54000,54000
e46911c1be681edeec3d23578d3d613860660631,3860.97,147.29,16.219181096,54000,54000
e46911c1be681edeec3d23578d3d613860660631,3875.10,148.15,16.279381289,54000,54000
e46911c1be681edeec3d23578d3d613860660631,3841.26,146.52,16.141620648,54000,53000
e46911c1be681edeec3d23578d3d613860660631,3862.76,147.58,16.226786224,54000,54000
e46911c1be681edeec3d23578d3d613860660631,3898.82,149.33,16.367532940,53000,54000
e46911c1be681edeec3d23578d3d613860660631,3882.46,148.40,16.316496548,54000,54000
e46911c1be681edeec3d23578d3d613860660631,3875.67,147.91,16.267173553,54000,54000
e46911c1be681edeec3d23578d3d613860660631,3895.41,149.18,16.367825699,54000,54000
e46911c1be681edeec3d23578d3d613860660631,3894.45,148.44,16.351903512,54000,54000
e46911c1be681edeec3d23578d3d613860660631,3879.24,148.35,16.272473671,54000,54000
e46911c1be681edeec3d23578d3d613860660631,3910.36,149.76,16.424057265,54000,54000
e46911c1be681edeec3d23578d3d613860660631,3881.10,148.78,16.301368846,54000,54000
e46911c1be681edeec3d23578d3d613860660631,3868.84,147.79,16.246647920,54000,54000
e46911c1be681edeec3d23578d3d613860660631,3863.28,147.31,16.238941152,54000,54000
e46911c1be681edeec3d23578d3d613860660631,3883.86,148.55,16.301294010,54000,54000
95279e638e8f17e90ebf4356b94c1cc0ad7ceec6,3864.30,147.06,16.203139176,56000,56000
95279e638e8f17e90ebf4356b94c1cc0ad7ceec6,3892.23,148.55,16.320725438,54000,54000
95279e638e8f17e90ebf4356b94c1cc0ad7ceec6,3872.68,147.84,16.261675189,54000,54000
95279e638e8f17e90ebf4356b94c1cc0ad7ceec6,3888.37,148.76,16.340903704,54000,54000
95279e638e8f17e90ebf4356b94c1cc0ad7ceec6,3854.49,147.29,16.185597169,55000,54000
95279e638e8f17e90ebf4356b94c1cc0ad7ceec6,3867.26,148.51,16.260084976,54000,54000
95279e638e8f17e90ebf4356b94c1cc0ad7ceec6,3841.32,146.91,16.120203205,55000,54000
95279e638e8f17e90ebf4356b94c1cc0ad7ceec6,3829.34,146.37,16.093883506,54000,54000
95279e638e8f17e90ebf4356b94c1cc0ad7ceec6,3851.48,147.39,16.184744460,54000,54000
95279e638e8f17e90ebf4356b94c1cc0ad7ceec6,3847.72,147.21,16.163722599,54000,54000
95279e638e8f17e90ebf4356b94c1cc0ad7ceec6,3882.73,148.72,16.315398614,54000,54000
95279e638e8f17e90ebf4356b94c1cc0ad7ceec6,3844.96,147.76,16.161044397,54000,54000
95279e638e8f17e90ebf4356b94c1cc0ad7ceec6,3855.99,147.63,16.196217757,54000,54000
95279e638e8f17e90ebf4356b94c1cc0ad7ceec6,3862.61,147.21,16.212552284,55000,54000
95279e638e8f17e90ebf4356b94c1cc0ad7ceec6,3886.92,148.56,16.304549550,54000,54000
95279e638e8f17e90ebf4356b94c1cc0ad7ceec6,3871.45,147.83,16.241190811,54000,54000
95279e638e8f17e90ebf4356b94c1cc0ad7ceec6,3882.00,148.23,16.296412632,54000,54000
95279e638e8f17e90ebf4356b94c1cc0ad7ceec6,3885.95,148.45,16.316640758,54000,54000
95279e638e8f17e90ebf4356b94c1cc0ad7ceec6,3841.50,147.01,16.152063277,54000,54000
95279e638e8f17e90ebf4356b94c1cc0ad7ceec6,3878.86,147.81,16.289185638,54000,53000
95279e638e8f17e90ebf4356b94c1cc0ad7ceec6,3873.21,147.74,16.258791642,54000,54000
95279e638e8f17e90ebf4356b94c1cc0ad7ceec6,3869.00,147.87,16.247569731,54000,54000
95279e638e8f17e90ebf4356b94c1cc0ad7ceec6,3896.69,148.58,16.342506782,54000,54000
95279e638e8f17e90ebf4356b94c1cc0ad7ceec6,3853.66,146.91,16.180196998,54000,54000
95279e638e8f17e90ebf4356b94c1cc0ad7ceec6,3872.02,147.85,16.262674531,54000,54000
95279e638e8f17e90ebf4356b94c1cc0ad7ceec6,3871.18,148.06,16.254373337,54000,54000
95279e638e8f17e90ebf4356b94c1cc0ad7ceec6,3903.30,149.87,16.388362979,54000,54000
95279e638e8f17e90ebf4356b94c1cc0ad7ceec6,3885.96,149.04,16.315310870,55000,54000
95279e638e8f17e90ebf4356b94c1cc0ad7ceec6,3867.72,148.12,16.258931835,54000,55000
95279e638e8f17e90ebf4356b94c1cc0ad7ceec6,3878.23,148.33,16.285543848,54000,54000
b74ce2a9d74c7cd712509243ed0a952f40b16e1b,3900.57,148.55,16.349764427,54000,55000
b74ce2a9d74c7cd712509243ed0a952f40b16e1b,3854.55,146.86,16.192777322,54000,54000
b74ce2a9d74c7cd712509243ed0a952f40b16e1b,3859.69,147.22,16.190886481,54000,54000
b74ce2a9d74c7cd712509243ed0a952f40b16e1b,3869.53,147.70,16.242013898,54000,54000
b74ce2a9d74c7cd712509243ed0a952f40b16e1b,3849.47,147.30,16.161394198,54000,54000
b74ce2a9d74c7cd712509243ed0a952f40b16e1b,3842.33,146.98,16.133695435,55000,54000
b74ce2a9d74c7cd712509243ed0a952f40b16e1b,3885.40,149.01,16.302751146,55000,54000
b74ce2a9d74c7cd712509243ed0a952f40b16e1b,3870.34,148.14,16.280994502,54000,54000
b74ce2a9d74c7cd712509243ed0a952f40b16e1b,3828.70,146.11,16.098449999,54000,54000
b74ce2a9d74c7cd712509243ed0a952f40b16e1b,3872.59,148.66,16.271705261,54000,54000
b74ce2a9d74c7cd712509243ed0a952f40b16e1b,3859.82,147.52,16.198231311,54000,54000
b74ce2a9d74c7cd712509243ed0a952f40b16e1b,3855.23,148.35,16.208622383,54000,54000
b74ce2a9d74c7cd712509243ed0a952f40b16e1b,3857.99,148.29,16.215622559,54000,54000
b74ce2a9d74c7cd712509243ed0a952f40b16e1b,3885.15,148.73,16.318054483,54000,54000
b74ce2a9d74c7cd712509243ed0a952f40b16e1b,3868.64,147.68,16.235307642,54000,54000
b74ce2a9d74c7cd712509243ed0a952f40b16e1b,3892.03,148.23,16.346833490,54000,54000
b74ce2a9d74c7cd712509243ed0a952f40b16e1b,3856.39,147.03,16.196212827,54000,54000
b74ce2a9d74c7cd712509243ed0a952f40b16e1b,3865.41,147.53,16.237190993,54000,54000
b74ce2a9d74c7cd712509243ed0a952f40b16e1b,3850.42,147.20,16.177814900,54000,54000
b74ce2a9d74c7cd712509243ed0a952f40b16e1b,3879.21,148.25,16.264619322,53000,54000
b74ce2a9d74c7cd712509243ed0a952f40b16e1b,3858.82,147.84,16.219130598,53000,53000
b74ce2a9d74c7cd712509243ed0a952f40b16e1b,3859.59,147.37,16.194076929,54000,54000
b74ce2a9d74c7cd712509243ed0a952f40b16e1b,3856.38,147.25,16.208559818,53000,54000
b74ce2a9d74c7cd712509243ed0a952f40b16e1b,3847.20,146.89,16.203202440,54000,53000
b74ce2a9d74c7cd712509243ed0a952f40b16e1b,3881.24,148.55,16.307516209,53000,54000
b74ce2a9d74c7cd712509243ed0a952f40b16e1b,3843.28,147.50,16.140706099,54000,54000
b74ce2a9d74c7cd712509243ed0a952f40b16e1b,3864.81,148.00,16.255297679,54000,54000
b74ce2a9d74c7cd712509243ed0a952f40b16e1b,3829.71,146.30,16.088863857,54000,54000
b74ce2a9d74c7cd712509243ed0a952f40b16e1b,3879.42,147.82,16.317022665,54000,54000
b74ce2a9d74c7cd712509243ed0a952f40b16e1b,3868.83,147.54,16.245321456,54000,54000
02408d2f8ffa710ac56aa4ce398f9892cb69458f,3879.45,148.33,16.257990576,54000,55000
02408d2f8ffa710ac56aa4ce398f9892cb69458f,3892.61,149.03,16.304447390,55000,55000
02408d2f8ffa710ac56aa4ce398f9892cb69458f,3869.23,148.19,16.233073848,54000,54000
02408d2f8ffa710ac56aa4ce398f9892cb69458f,3880.88,148.64,16.259749438,55000,54000
02408d2f8ffa710ac56aa4ce398f9892cb69458f,3891.01,148.57,16.320150967,54000,54000
02408d2f8ffa710ac56aa4ce398f9892cb69458f,3864.73,147.55,16.222578205,54000,54000
02408d2f8ffa710ac56aa4ce398f9892cb69458f,3893.47,148.96,16.334886148,54000,54000
02408d2f8ffa710ac56aa4ce398f9892cb69458f,3895.17,148.58,16.345514431,54000,54000
02408d2f8ffa710ac56aa4ce398f9892cb69458f,3889.73,149.06,16.317238529,54000,54000
02408d2f8ffa710ac56aa4ce398f9892cb69458f,3849.00,147.68,16.139526768,54000,54000
02408d2f8ffa710ac56aa4ce398f9892cb69458f,3854.27,147.76,16.184231428,54000,54000
02408d2f8ffa710ac56aa4ce398f9892cb69458f,3866.62,148.22,16.233638164,54000,54000
02408d2f8ffa710ac56aa4ce398f9892cb69458f,3883.25,148.72,16.273426804,54000,54000
02408d2f8ffa710ac56aa4ce398f9892cb69458f,3902.75,149.71,16.375379203,54000,55000
02408d2f8ffa710ac56aa4ce398f9892cb69458f,3891.74,149.27,16.336009891,54000,54000
02408d2f8ffa710ac56aa4ce398f9892cb69458f,3864.82,148.11,16.226142194,54000,54000
02408d2f8ffa710ac56aa4ce398f9892cb69458f,3874.28,148.24,16.258440550,54000,54000
02408d2f8ffa710ac56aa4ce398f9892cb69458f,3893.12,149.39,16.336374402,54000,54000
02408d2f8ffa710ac56aa4ce398f9892cb69458f,3880.14,148.27,16.296116587,54000,54000
02408d2f8ffa710ac56aa4ce398f9892cb69458f,3892.31,148.67,16.332229008,54000,54000
02408d2f8ffa710ac56aa4ce398f9892cb69458f,3840.60,146.61,16.132408964,54000,53000
02408d2f8ffa710ac56aa4ce398f9892cb69458f,3869.56,148.23,16.212376643,54000,54000
02408d2f8ffa710ac56aa4ce398f9892cb69458f,3840.26,147.07,16.137266783,54000,54000
02408d2f8ffa710ac56aa4ce398f9892cb69458f,3860.12,147.60,16.219787490,54000,54000
02408d2f8ffa710ac56aa4ce398f9892cb69458f,3873.84,148.45,16.277089652,54000,54000
02408d2f8ffa710ac56aa4ce398f9892cb69458f,3883.28,148.52,16.295854127,54000,54000
02408d2f8ffa710ac56aa4ce398f9892cb69458f,3877.09,148.67,16.262337522,54000,54000
02408d2f8ffa710ac56aa4ce398f9892cb69458f,3864.63,148.30,16.218002110,54000,54000
02408d2f8ffa710ac56aa4ce398f9892cb69458f,3888.78,148.68,16.323058866,55000,54000
02408d2f8ffa710ac56aa4ce398f9892cb69458f,3891.00,148.43,16.322479905,54000,54000
f339f9ac92a268ad7cc9d42b3f861af98a4d81b8,3874.18,147.66,16.232416429,55000,55000
f339f9ac92a268ad7cc9d42b3f861af98a4d81b8,3876.88,148.33,16.226326720,55000,54000
f339f9ac92a268ad7cc9d42b3f861af98a4d81b8,3879.46,148.35,16.263524150,54000,56000
f339f9ac92a268ad7cc9d42b3f861af98a4d81b8,3878.46,148.51,16.276849950,54000,54000
f339f9ac92a268ad7cc9d42b3f861af98a4d81b8,3885.99,148.22,16.305131406,54000,54000
f339f9ac92a268ad7cc9d42b3f861af98a4d81b8,3910.65,149.66,16.406915716,54000,54000
f339f9ac92a268ad7cc9d42b3f861af98a4d81b8,3900.02,150.11,16.374670875,54000,55000
f339f9ac92a268ad7cc9d42b3f861af98a4d81b8,3897.30,148.76,16.361320917,54000,54000
f339f9ac92a268ad7cc9d42b3f861af98a4d81b8,3905.91,149.57,16.396110502,54000,54000
f339f9ac92a268ad7cc9d42b3f861af98a4d81b8,3890.13,149.22,16.326954145,54000,54000
f339f9ac92a268ad7cc9d42b3f861af98a4d81b8,3878.37,148.66,16.275923526,54000,54000
f339f9ac92a268ad7cc9d42b3f861af98a4d81b8,3889.69,149.70,16.346798045,54000,54000
f339f9ac92a268ad7cc9d42b3f861af98a4d81b8,3919.54,150.23,16.429548232,54000,54000
f339f9ac92a268ad7cc9d42b3f861af98a4d81b8,3898.21,149.56,16.375297063,54000,54000
f339f9ac92a268ad7cc9d42b3f861af98a4d81b8,3906.04,148.82,16.415437838,54000,54000
f339f9ac92a268ad7cc9d42b3f861af98a4d81b8,3878.86,149.29,16.287843668,54000,54000
f339f9ac92a268ad7cc9d42b3f861af98a4d81b8,3862.47,148.03,16.228250365,53000,54000
f339f9ac92a268ad7cc9d42b3f861af98a4d81b8,3870.46,148.57,16.256656081,54000,54000
f339f9ac92a268ad7cc9d42b3f861af98a4d81b8,3913.03,149.68,16.441555866,54000,54000
f339f9ac92a268ad7cc9d42b3f861af98a4d81b8,3831.54,146.46,16.123265108,54000,54000
f339f9ac92a268ad7cc9d42b3f861af98a4d81b8,3858.14,147.49,16.176901910,54000,54000
f339f9ac92a268ad7cc9d42b3f861af98a4d81b8,3872.96,147.79,16.268474575,54000,54000
f339f9ac92a268ad7cc9d42b3f861af98a4d81b8,3875.88,148.07,16.265404916,54000,54000
f339f9ac92a268ad7cc9d42b3f861af98a4d81b8,3878.74,148.16,16.264090495,54000,54000
f339f9ac92a268ad7cc9d42b3f861af98a4d81b8,3902.15,149.30,16.378923581,54000,55000
f339f9ac92a268ad7cc9d42b3f861af98a4d81b8,3866.30,148.00,16.209528434,54000,54000
f339f9ac92a268ad7cc9d42b3f861af98a4d81b8,3857.46,148.25,16.187655123,54000,54000
f339f9ac92a268ad7cc9d42b3f861af98a4d81b8,3856.97,147.76,16.194818795,54000,54000
f339f9ac92a268ad7cc9d42b3f861af98a4d81b8,3883.93,148.60,16.282274683,54000,54000
f339f9ac92a268ad7cc9d42b3f861af98a4d81b8,3888.53,149.32,16.297027684,54000,54000
037789510430278659cb943d00f2f52d4f74c8ac,3886.27,148.30,16.276963601,54000,54000
037789510430278659cb943d00f2f52d4f74c8ac,3902.79,149.27,16.327968034,55000,54000
037789510430278659cb943d00f2f52d4f74c8ac,3884.33,148.45,16.296074889,55000,55000
037789510430278659cb943d00f2f52d4f74c8ac,3889.63,148.69,16.333604995,55000,54000
037789510430278659cb943d00f2f52d4f74c8ac,3876.54,148.05,16.256904190,54000,54000
037789510430278659cb943d00f2f52d4f74c8ac,3909.76,149.74,16.405142787,55000,54000
037789510430278659cb943d00f2f52d4f74c8ac,3882.20,149.13,16.286349495,55000,55000
037789510430278659cb943d00f2f52d4f74c8ac,3883.87,149.07,16.296188257,54000,54000
037789510430278659cb943d00f2f52d4f74c8ac,3850.72,147.71,16.164321092,54000,54000
037789510430278659cb943d00f2f52d4f74c8ac,3885.97,149.21,16.312147211,55000,54000
037789510430278659cb943d00f2f52d4f74c8ac,3864.27,147.87,16.219788903,54000,54000
037789510430278659cb943d00f2f52d4f74c8ac,3881.52,148.38,16.281733302,54000,53000
037789510430278659cb943d00f2f52d4f74c8ac,3871.58,148.57,16.239644182,54000,55000
037789510430278659cb943d00f2f52d4f74c8ac,3867.04,147.59,16.229861887,54000,54000
037789510430278659cb943d00f2f52d4f74c8ac,3918.11,150.14,16.460736100,54000,54000
037789510430278659cb943d00f2f52d4f74c8ac,3867.54,148.38,16.238612473,54000,54000
037789510430278659cb943d00f2f52d4f74c8ac,3868.22,148.27,16.227918549,54000,54000
037789510430278659cb943d00f2f52d4f74c8ac,3938.92,150.78,16.520511635,54000,54000
037789510430278659cb943d00f2f52d4f74c8ac,3883.33,148.46,16.310469877,54000,54000
037789510430278659cb943d00f2f52d4f74c8ac,3882.82,148.86,16.317423548,54000,54000
037789510430278659cb943d00f2f52d4f74c8ac,3873.88,147.97,16.230723781,54000,54000
037789510430278659cb943d00f2f52d4f74c8ac,3872.74,147.97,16.225300396,54000,54000
037789510430278659cb943d00f2f52d4f74c8ac,3900.49,149.92,16.385282936,54000,54000
037789510430278659cb943d00f2f52d4f74c8ac,3915.06,149.98,16.418106102,54000,54000
037789510430278659cb943d00f2f52d4f74c8ac,3852.18,147.03,16.172947343,54000,54000
037789510430278659cb943d00f2f52d4f74c8ac,3889.52,149.21,16.297191192,55000,54000
037789510430278659cb943d00f2f52d4f74c8ac,3887.57,149.28,16.282406936,54000,54000
037789510430278659cb943d00f2f52d4f74c8ac,3883.06,148.69,16.294557021,54000,54000
037789510430278659cb943d00f2f52d4f74c8ac,3873.86,148.26,16.246183505,54000,54000
037789510430278659cb943d00f2f52d4f74c8ac,3870.40,147.41,16.241948144,54000,54000
268aeb90f993612b3e48e18ac9e161b56b18bc0b,3909.82,149.61,16.304791346,54000,55000
268aeb90f993612b3e48e18ac9e161b56b18bc0b,3914.72,150.35,16.360579045,55000,54000
268aeb90f993612b3e48e18ac9e161b56b18bc0b,3948.46,151.04,16.517371804,55000,56000
268aeb90f993612b3e48e18ac9e161b56b18bc0b,3937.65,150.98,16.473122816,55000,54000
268aeb90f993612b3e48e18ac9e161b56b18bc0b,3924.14,150.78,16.424664290,54000,54000
268aeb90f993612b3e48e18ac9e161b56b18bc0b,3931.02,150.60,16.490385393,54000,55000
268aeb90f993612b3e48e18ac9e161b56b18bc0b,3956.50,151.77,16.587149410,54000,54000
268aeb90f993612b3e48e18ac9e161b56b18bc0b,3912.65,150.04,16.404100324,54000,54000
268aeb90f993612b3e48e18ac9e161b56b18bc0b,3908.22,149.78,16.370074828,54000,54000
268aeb90f993612b3e48e18ac9e161b56b18bc0b,3942.28,151.21,16.538212136,54000,54000
268aeb90f993612b3e48e18ac9e161b56b18bc0b,3901.35,148.89,16.356907563,54000,54000
268aeb90f993612b3e48e18ac9e161b56b18bc0b,3929.04,150.05,16.470266154,54000,54000
268aeb90f993612b3e48e18ac9e161b56b18bc0b,3911.64,150.00,16.406103185,54000,54000
268aeb90f993612b3e48e18ac9e161b56b18bc0b,3916.20,150.01,16.443856626,54000,54000
268aeb90f993612b3e48e18ac9e161b56b18bc0b,3922.56,150.39,16.437972619,54000,53000
268aeb90f993612b3e48e18ac9e161b56b18bc0b,3905.63,149.74,16.355805903,54000,54000
268aeb90f993612b3e48e18ac9e161b56b18bc0b,3911.36,149.68,16.407800648,53000,54000
268aeb90f993612b3e48e18ac9e161b56b18bc0b,3955.64,151.36,16.584166592,54000,54000
268aeb90f993612b3e48e18ac9e161b56b18bc0b,3884.40,148.75,16.283531822,54000,54000
268aeb90f993612b3e48e18ac9e161b56b18bc0b,3936.29,150.68,16.515540362,54000,54000
268aeb90f993612b3e48e18ac9e161b56b18bc0b,3906.89,149.45,16.383685245,55000,54000
268aeb90f993612b3e48e18ac9e161b56b18bc0b,3945.97,150.61,16.550249047,54000,54000
268aeb90f993612b3e48e18ac9e161b56b18bc0b,3913.78,149.60,16.411241283,54000,54000
268aeb90f993612b3e48e18ac9e161b56b18bc0b,3907.97,149.38,16.372808038,54000,54000
268aeb90f993612b3e48e18ac9e161b56b18bc0b,3935.41,150.88,16.461047708,54000,54000
268aeb90f993612b3e48e18ac9e161b56b18bc0b,3979.78,152.83,16.661471873,54000,53000
268aeb90f993612b3e48e18ac9e161b56b18bc0b,3929.01,151.27,16.448796775,54000,54000
268aeb90f993612b3e48e18ac9e161b56b18bc0b,3946.52,151.30,16.558006056,54000,54000
268aeb90f993612b3e48e18ac9e161b56b18bc0b,3917.37,149.91,16.433337288,54000,54000
268aeb90f993612b3e48e18ac9e161b56b18bc0b,3932.36,150.60,16.490003347,54000,54000
e95901173d145c0ffc21bd43262337f552d908cd,3930.51,150.67,16.428483036,55000,54000
e95901173d145c0ffc21bd43262337f552d908cd,3942.77,150.89,16.499127342,55000,55000
e95901173d145c0ffc21bd43262337f552d908cd,3940.37,151.04,16.517192031,54000,54000
e95901173d145c0ffc21bd43262337f552d908cd,3922.51,150.57,16.437579349,54000,54000
e95901173d145c0ffc21bd43262337f552d908cd,3914.29,149.55,16.396874644,55000,55000
e95901173d145c0ffc21bd43262337f552d908cd,3890.89,148.81,16.302488874,54000,54000
e95901173d145c0ffc21bd43262337f552d908cd,3945.72,151.28,16.533860103,54000,54000
e95901173d145c0ffc21bd43262337f552d908cd,3935.55,151.26,16.488474686,54000,54000
e95901173d145c0ffc21bd43262337f552d908cd,3930.65,150.67,16.467050793,54000,54000
e95901173d145c0ffc21bd43262337f552d908cd,3911.72,150.11,16.377730701,54000,54000
e95901173d145c0ffc21bd43262337f552d908cd,3941.20,151.45,16.481371243,54000,54000
e95901173d145c0ffc21bd43262337f552d908cd,3910.22,149.27,16.391204076,54000,54000
e95901173d145c0ffc21bd43262337f552d908cd,3931.18,151.35,16.483510730,54000,54000
e95901173d145c0ffc21bd43262337f552d908cd,3909.99,149.41,16.387322755,54000,54000
e95901173d145c0ffc21bd43262337f552d908cd,3926.27,149.64,16.458163274,54000,54000
e95901173d145c0ffc21bd43262337f552d908cd,3914.76,149.64,16.408621603,54000,55000
e95901173d145c0ffc21bd43262337f552d908cd,3923.17,150.01,16.426501566,54000,54000
e95901173d145c0ffc21bd43262337f552d908cd,3916.23,150.02,16.411452276,54000,54000
e95901173d145c0ffc21bd43262337f552d908cd,3930.61,150.47,16.453148038,54000,54000
e95901173d145c0ffc21bd43262337f552d908cd,3922.94,150.65,16.473649281,54000,54000
e95901173d145c0ffc21bd43262337f552d908cd,3924.30,149.80,16.456793179,54000,54000
e95901173d145c0ffc21bd43262337f552d908cd,3916.52,149.82,16.424362096,54000,54000
e95901173d145c0ffc21bd43262337f552d908cd,3930.98,150.37,16.502518372,54000,54000
e95901173d145c0ffc21bd43262337f552d908cd,3935.80,150.86,16.489424292,54000,54000
e95901173d145c0ffc21bd43262337f552d908cd,3953.82,151.37,16.574427602,54000,55000
e95901173d145c0ffc21bd43262337f552d908cd,3958.70,151.82,16.598034982,54000,54000
e95901173d145c0ffc21bd43262337f552d908cd,3922.24,150.05,16.430418612,54000,54000
e95901173d145c0ffc21bd43262337f552d908cd,3938.17,151.09,16.508636636,55000,54000
e95901173d145c0ffc21bd43262337f552d908cd,3914.92,149.49,16.417807141,54000,54000
e95901173d145c0ffc21bd43262337f552d908cd,3926.61,150.34,16.475777781,54000,54000
14f804a623e539cd289916d3beaccfe9940b3d50,3927.73,150.64,16.442210345,54000,54000
14f804a623e539cd289916d3beaccfe9940b3d50,3914.67,149.47,16.379839916,54000,55000
14f804a623e539cd289916d3beaccfe9940b3d50,3943.83,150.67,16.548417557,54000,54000
14f804a623e539cd289916d3beaccfe9940b3d50,3907.95,149.75,16.379961883,53000,54000
14f804a623e539cd289916d3beaccfe9940b3d50,3914.34,149.82,16.445794799,54000,55000
14f804a623e539cd289916d3beaccfe9940b3d50,3912.98,150.15,16.424448748,54000,54000
14f804a623e539cd289916d3beaccfe9940b3d50,3928.54,151.08,16.446593592,54000,53000
14f804a623e539cd289916d3beaccfe9940b3d50,3930.34,150.74,16.448918369,54000,54000
14f804a623e539cd289916d3beaccfe9940b3d50,3910.89,149.90,16.359448692,54000,54000
14f804a623e539cd289916d3beaccfe9940b3d50,3910.19,149.96,16.385415778,54000,54000
14f804a623e539cd289916d3beaccfe9940b3d50,3930.75,150.67,16.477733707,54000,54000
14f804a623e539cd289916d3beaccfe9940b3d50,3945.67,151.29,16.546732372,55000,54000
14f804a623e539cd289916d3beaccfe9940b3d50,3927.14,150.44,16.474684500,54000,54000
14f804a623e539cd289916d3beaccfe9940b3d50,3916.26,150.16,16.400811113,54000,54000
14f804a623e539cd289916d3beaccfe9940b3d50,3916.89,150.13,16.393792582,54000,54000
14f804a623e539cd289916d3beaccfe9940b3d50,3945.24,152.03,16.534544605,54000,54000
14f804a623e539cd289916d3beaccfe9940b3d50,3912.07,149.76,16.382810601,54000,54000
14f804a623e539cd289916d3beaccfe9940b3d50,3894.55,149.32,16.348296711,54000,53000
14f804a623e539cd289916d3beaccfe9940b3d50,3909.12,149.59,16.385106039,54000,54000
14f804a623e539cd289916d3beaccfe9940b3d50,3926.67,150.54,16.464878321,54000,54000
14f804a623e539cd289916d3beaccfe9940b3d50,3934.79,150.18,16.489004199,54000,54000
14f804a623e539cd289916d3beaccfe9940b3d50,3930.72,150.69,16.491379503,54000,54000
14f804a623e539cd289916d3beaccfe9940b3d50,3951.75,151.28,16.547397516,54000,54000
14f804a623e539cd289916d3beaccfe9940b3d50,3931.89,151.11,16.477620254,54000,54000
14f804a623e539cd289916d3beaccfe9940b3d50,3936.53,150.79,16.483747811,54000,54000
14f804a623e539cd289916d3beaccfe9940b3d50,3913.24,150.19,16.401426589,54000,54000
14f804a623e539cd289916d3beaccfe9940b3d50,3905.04,150.33,16.352792384,54000,54000
14f804a623e539cd289916d3beaccfe9940b3d50,3935.25,151.08,16.498321997,54000,54000
14f804a623e539cd289916d3beaccfe9940b3d50,3918.98,149.94,16.422239949,54000,54000
14f804a623e539cd289916d3beaccfe9940b3d50,3905.04,150.36,16.358507313,55000,54000
22465afd4c6de43495e5e59e56f5bb7771963651,3928.49,150.49,16.450019228,55000,56000
22465afd4c6de43495e5e59e56f5bb7771963651,3927.55,150.40,16.459758616,54000,55000
22465afd4c6de43495e5e59e56f5bb7771963651,3907.74,149.54,16.389076030,54000,54000
22465afd4c6de43495e5e59e56f5bb7771963651,3943.47,151.14,16.558920767,55000,54000
22465afd4c6de43495e5e59e56f5bb7771963651,3916.00,150.16,16.430565521,54000,54000
22465afd4c6de43495e5e59e56f5bb7771963651,3904.17,149.73,16.401066804,54000,54000
22465afd4c6de43495e5e59e56f5bb7771963651,3941.43,151.32,16.507472253,54000,54000
22465afd4c6de43495e5e59e56f5bb7771963651,3934.71,150.82,16.493649678,54000,54000
22465afd4c6de43495e5e59e56f5bb7771963651,4014.65,154.03,16.818584594,54000,54000
22465afd4c6de43495e5e59e56f5bb7771963651,3912.97,150.35,16.387965211,54000,54000
22465afd4c6de43495e5e59e56f5bb7771963651,3953.95,151.69,16.597080532,54000,54000
22465afd4c6de43495e5e59e56f5bb7771963651,3928.00,150.21,16.463519877,54000,54000
22465afd4c6de43495e5e59e56f5bb7771963651,3964.92,151.87,16.602534284,54000,54000
22465afd4c6de43495e5e59e56f5bb7771963651,3963.87,152.25,16.624502715,54000,54000
22465afd4c6de43495e5e59e56f5bb7771963651,3938.09,150.74,16.531294735,54000,54000
22465afd4c6de43495e5e59e56f5bb7771963651,3940.69,151.00,16.528882721,54000,54000
22465afd4c6de43495e5e59e56f5bb7771963651,3950.74,150.85,16.549316726,54000,54000
22465afd4c6de43495e5e59e56f5bb7771963651,3923.26,150.07,16.457443634,54000,54000
22465afd4c6de43495e5e59e56f5bb7771963651,3920.75,150.70,16.409846669,54000,54000
22465afd4c6de43495e5e59e56f5bb7771963651,3929.57,150.33,16.469642110,54000,54000
22465afd4c6de43495e5e59e56f5bb7771963651,3941.51,150.73,16.514231633,54000,54000
22465afd4c6de43495e5e59e56f5bb7771963651,3957.26,150.94,16.582219166,54000,54000
22465afd4c6de43495e5e59e56f5bb7771963651,3904.03,149.06,16.339478964,54000,54000
22465afd4c6de43495e5e59e56f5bb7771963651,3913.03,149.43,16.407825129,54000,54000
22465afd4c6de43495e5e59e56f5bb7771963651,3926.26,149.93,16.482655982,54000,54000
22465afd4c6de43495e5e59e56f5bb7771963651,3912.04,149.90,16.390177130,54000,54000
22465afd4c6de43495e5e59e56f5bb7771963651,3978.56,151.77,16.679247946,54000,54000
22465afd4c6de43495e5e59e56f5bb7771963651,3918.02,149.82,16.408685718,54000,54000
22465afd4c6de43495e5e59e56f5bb7771963651,3936.47,150.47,16.458603357,54000,55000
22465afd4c6de43495e5e59e56f5bb7771963651,3953.06,151.63,16.576236889,54000,54000
b48e656501c191251023af25b0fc64a519b1dd31,3922.15,149.75,16.414766057,55000,55000
b48e656501c191251023af25b0fc64a519b1dd31,3947.40,150.79,16.531340403,55000,54000
b48e656501c191251023af25b0fc64a519b1dd31,3905.74,149.30,16.381047670,55000,55000
b48e656501c191251023af25b0fc64a519b1dd31,3917.84,150.32,16.457949720,54000,54000
b48e656501c191251023af25b0fc64a519b1dd31,3986.92,153.14,16.702359291,54000,54000
b48e656501c191251023af25b0fc64a519b1dd31,3910.59,149.95,16.399126354,54000,54000
b48e656501c191251023af25b0fc64a519b1dd31,3925.76,150.31,16.463963308,54000,54000
b48e656501c191251023af25b0fc64a519b1dd31,3929.40,150.65,16.475438739,54000,54000
b48e656501c191251023af25b0fc64a519b1dd31,3943.60,151.18,16.529077720,54000,54000
b48e656501c191251023af25b0fc64a519b1dd31,3916.84,150.20,16.401424931,54000,54000
b48e656501c191251023af25b0fc64a519b1dd31,3939.11,151.27,16.507277690,54000,54000
b48e656501c191251023af25b0fc64a519b1dd31,3911.06,149.66,16.373872045,54000,54000
b48e656501c191251023af25b0fc64a519b1dd31,3905.99,149.86,16.393110191,54000,54000
b48e656501c191251023af25b0fc64a519b1dd31,3935.91,150.64,16.506184450,54000,54000
b48e656501c191251023af25b0fc64a519b1dd31,3921.36,150.61,16.430589978,54000,54000
b48e656501c191251023af25b0fc64a519b1dd31,3912.44,149.51,16.418044101,54000,54000
b48e656501c191251023af25b0fc64a519b1dd31,3940.94,151.09,16.526850969,54000,54000
b48e656501c191251023af25b0fc64a519b1dd31,3947.36,150.83,16.544989437,54000,54000
b48e656501c191251023af25b0fc64a519b1dd31,3915.04,150.08,16.396676149,54000,54000
b48e656501c191251023af25b0fc64a519b1dd31,3895.82,148.79,16.337043590,53000,54000
b48e656501c191251023af25b0fc64a519b1dd31,3947.72,150.82,16.536402485,54000,54000
b48e656501c191251023af25b0fc64a519b1dd31,3921.38,149.66,16.434938453,54000,54000
b48e656501c191251023af25b0fc64a519b1dd31,3926.53,150.16,16.435950474,54000,54000
b48e656501c191251023af25b0fc64a519b1dd31,3908.51,149.89,16.396273468,54000,54000
b48e656501c191251023af25b0fc64a519b1dd31,3960.82,151.68,16.591937213,54000,53000
b48e656501c191251023af25b0fc64a519b1dd31,3921.69,150.14,16.466811023,54000,54000
b48e656501c191251023af25b0fc64a519b1dd31,3934.85,150.78,16.451714138,54000,54000
b48e656501c191251023af25b0fc64a519b1dd31,3915.92,150.02,16.393627227,54000,54000
b48e656501c191251023af25b0fc64a519b1dd31,3919.27,149.49,16.439369372,54000,54000
b48e656501c191251023af25b0fc64a519b1dd31,3907.74,149.70,16.384323931,54000,54000
c8795039f275eab9233a960b68be79c0adaf5dca,3931.89,150.17,16.446938847,55000,54000
c8795039f275eab9233a960b68be79c0adaf5dca,3919.08,150.18,16.405113803,54000,54000
c8795039f275eab9233a960b68be79c0adaf5dca,3935.12,150.71,16.485978774,54000,54000
c8795039f275eab9233a960b68be79c0adaf5dca,3911.11,149.59,16.415302032,54000,54000
c8795039f275eab9233a960b68be79c0adaf5dca,3950.31,151.46,16.583890789,54000,54000
c8795039f275eab9233a960b68be79c0adaf5dca,3904.21,149.68,16.359937329,55000,53000
c8795039f275eab9233a960b68be79c0adaf5dca,3896.72,149.56,16.319395849,54000,54000
c8795039f275eab9233a960b68be79c0adaf5dca,3921.53,150.32,16.427923303,54000,53000
c8795039f275eab9233a960b68be79c0adaf5dca,3919.16,150.44,16.439596051,54000,54000
c8795039f275eab9233a960b68be79c0adaf5dca,3921.21,150.11,16.436854504,54000,54000
c8795039f275eab9233a960b68be79c0adaf5dca,3943.29,151.30,16.497322037,54000,54000
c8795039f275eab9233a960b68be79c0adaf5dca,3895.29,149.18,16.348008543,54000,54000
c8795039f275eab9233a960b68be79c0adaf5dca,3930.90,150.39,16.508301641,54000,54000
c8795039f275eab9233a960b68be79c0adaf5dca,3952.78,151.65,16.597544727,54000,54000
c8795039f275eab9233a960b68be79c0adaf5dca,3928.94,150.47,16.476749863,54000,54000
c8795039f275eab9233a960b68be79c0adaf5dca,3933.00,150.30,16.465994468,54000,54000
c8795039f275eab9233a960b68be79c0adaf5dca,3938.03,150.80,16.486429912,54000,54000
c8795039f275eab9233a960b68be79c0adaf5dca,3903.89,149.22,16.365608254,55000,54000
c8795039f275eab9233a960b68be79c0adaf5dca,3920.72,150.66,16.438401928,53000,54000
c8795039f275eab9233a960b68be79c0adaf5dca,3933.20,150.51,16.491014570,54000,54000
c8795039f275eab9233a960b68be79c0adaf5dca,3901.79,149.36,16.353299145,54000,54000
c8795039f275eab9233a960b68be79c0adaf5dca,3911.85,149.73,16.394846128,54000,54000
c8795039f275eab9233a960b68be79c0adaf5dca,3899.15,149.04,16.336240126,54000,53000
c8795039f275eab9233a960b68be79c0adaf5dca,3917.69,150.40,16.394399933,54000,54000
c8795039f275eab9233a960b68be79c0adaf5dca,3913.53,149.87,16.377266645,54000,54000
c8795039f275eab9233a960b68be79c0adaf5dca,3930.58,150.50,16.464282618,54000,54000
c8795039f275eab9233a960b68be79c0adaf5dca,3928.82,150.44,16.463874143,54000,54000
c8795039f275eab9233a960b68be79c0adaf5dca,3909.10,150.14,16.394850841,54000,54000
c8795039f275eab9233a960b68be79c0adaf5dca,3934.77,150.23,16.489685554,54000,54000
c8795039f275eab9233a960b68be79c0adaf5dca,3943.35,150.57,16.556498646,54000,54000
2822a17bb158305b17963dddd10f4d8fdcb636c7,3935.91,150.74,16.452701643,55000,55000
2822a17bb158305b17963dddd10f4d8fdcb636c7,3924.88,150.24,16.457561368,54000,54000
2822a17bb158305b17963dddd10f4d8fdcb636c7,3937.00,150.93,16.500794509,54000,54000
2822a17bb158305b17963dddd10f4d8fdcb636c7,3914.43,149.83,16.402411989,53000,54000
2822a17bb158305b17963dddd10f4d8fdcb636c7,3920.18,150.13,16.434304440,54000,54000
2822a17bb158305b17963dddd10f4d8fdcb636c7,3932.60,150.70,16.472210335,54000,54000
2822a17bb158305b17963dddd10f4d8fdcb636c7,3907.79,149.78,16.409263476,54000,54000
2822a17bb158305b17963dddd10f4d8fdcb636c7,3953.40,151.96,16.581197748,53000,54000
2822a17bb158305b17963dddd10f4d8fdcb636c7,3977.50,152.64,16.664109738,54000,54000
2822a17bb158305b17963dddd10f4d8fdcb636c7,3920.75,150.49,16.447234131,54000,54000
2822a17bb158305b17963dddd10f4d8fdcb636c7,3939.90,150.89,16.532421361,54000,54000
2822a17bb158305b17963dddd10f4d8fdcb636c7,3902.40,149.14,16.349727061,54000,54000
2822a17bb158305b17963dddd10f4d8fdcb636c7,3907.91,149.92,16.377270588,54000,54000
2822a17bb158305b17963dddd10f4d8fdcb636c7,3923.12,149.64,16.443554675,54000,54000
2822a17bb158305b17963dddd10f4d8fdcb636c7,3905.52,149.57,16.378995393,54000,54000
2822a17bb158305b17963dddd10f4d8fdcb636c7,3912.04,149.95,16.411706341,54000,54000
2822a17bb158305b17963dddd10f4d8fdcb636c7,3933.16,150.71,16.479275835,54000,54000
2822a17bb158305b17963dddd10f4d8fdcb636c7,3945.27,150.44,16.524439609,54000,54000
2822a17bb158305b17963dddd10f4d8fdcb636c7,3925.52,149.47,16.464825485,54000,54000
2822a17bb158305b17963dddd10f4d8fdcb636c7,3912.28,149.52,16.387624848,54000,54000
2822a17bb158305b17963dddd10f4d8fdcb636c7,3933.01,150.46,16.482744281,54000,54000
2822a17bb158305b17963dddd10f4d8fdcb636c7,3931.45,150.05,16.480369207,54000,54000
2822a17bb158305b17963dddd10f4d8fdcb636c7,3912.85,149.42,16.399179392,54000,54000
2822a17bb158305b17963dddd10f4d8fdcb636c7,3924.77,149.95,16.463368522,55000,54000
2822a17bb158305b17963dddd10f4d8fdcb636c7,3918.06,150.68,16.423322926,55000,55000
2822a17bb158305b17963dddd10f4d8fdcb636c7,3938.19,150.89,16.504054632,54000,54000
2822a17bb158305b17963dddd10f4d8fdcb636c7,3932.17,150.50,16.468868110,54000,54000
2822a17bb158305b17963dddd10f4d8fdcb636c7,3931.35,150.76,16.476709519,54000,54000
2822a17bb158305b17963dddd10f4d8fdcb636c7,3918.29,150.19,16.432977034,55000,54000
2822a17bb158305b17963dddd10f4d8fdcb636c7,3905.90,149.53,16.387292903,54000,54000
8a077679aa9843bf064a0cd04d4402c34062ae88,3928.70,149.86,16.442515329,55000,55000
8a077679aa9843bf064a0cd04d4402c34062ae88,3926.85,150.23,16.453156570,55000,55000
8a077679aa9843bf064a0cd04d4402c34062ae88,3950.00,150.37,16.542108029,54000,54000
8a077679aa9843bf064a0cd04d4402c34062ae88,3936.24,151.01,16.484032694,54000,54000
8a077679aa9843bf064a0cd04d4402c34062ae88,3913.53,149.83,16.386802883,54000,54000
8a077679aa9843bf064a0cd04d4402c34062ae88,3944.79,151.39,16.574144613,54000,55000
8a077679aa9843bf064a0cd04d4402c34062ae88,3936.15,150.72,16.488706218,54000,54000
8a077679aa9843bf064a0cd04d4402c34062ae88,3952.11,151.38,16.539186725,54000,55000
8a077679aa9843bf064a0cd04d4402c34062ae88,3941.78,151.14,16.500852940,54000,54000
8a077679aa9843bf064a0cd04d4402c34062ae88,3965.29,151.82,16.628588540,54000,54000
8a077679aa9843bf064a0cd04d4402c34062ae88,3945.66,151.27,16.545887323,54000,54000
8a077679aa9843bf064a0cd04d4402c34062ae88,3907.75,149.74,16.363455598,54000,54000
8a077679aa9843bf064a0cd04d4402c34062ae88,3944.33,151.72,16.529885692,54000,54000
8a077679aa9843bf064a0cd04d4402c34062ae88,3914.26,149.94,16.389363720,55000,54000
8a077679aa9843bf064a0cd04d4402c34062ae88,3948.66,151.29,16.542706221,54000,55000
8a077679aa9843bf064a0cd04d4402c34062ae88,3934.29,150.47,16.487810393,56000,54000
8a077679aa9843bf064a0cd04d4402c34062ae88,3924.31,150.05,16.444965927,54000,54000
8a077679aa9843bf064a0cd04d4402c34062ae88,3933.40,151.04,16.450286046,54000,54000
8a077679aa9843bf064a0cd04d4402c34062ae88,3914.93,149.93,16.404635098,54000,54000
8a077679aa9843bf064a0cd04d4402c34062ae88,3910.43,150.31,16.382594006,54000,54000
8a077679aa9843bf064a0cd04d4402c34062ae88,3938.41,151.12,16.496888885,54000,54000
8a077679aa9843bf064a0cd04d4402c34062ae88,3921.26,150.25,16.405145888,54000,54000
8a077679aa9843bf064a0cd04d4402c34062ae88,3942.70,150.67,16.555670993,54000,54000
8a077679aa9843bf064a0cd04d4402c34062ae88,3934.03,150.70,16.476802762,54000,54000
8a077679aa9843bf064a0cd04d4402c34062ae88,3913.88,150.64,16.379928511,54000,54000
8a077679aa9843bf064a0cd04d4402c34062ae88,3938.73,151.12,16.494393313,54000,54000
8a077679aa9843bf064a0cd04d4402c34062ae88,3951.32,151.19,16.545053402,54000,54000
8a077679aa9843bf064a0cd04d4402c34062ae88,3900.23,148.88,16.351410148,54000,54000
8a077679aa9843bf064a0cd04d4402c34062ae88,3943.59,151.02,16.536842890,54000,54000
8a077679aa9843bf064a0cd04d4402c34062ae88,3906.37,149.23,16.366284450,54000,54000
2f4e43c878212550f6c36d49a5cc199ad876dbea,3931.40,150.53,16.452228105,54000,54000
2f4e43c878212550f6c36d49a5cc199ad876dbea,3949.68,151.03,16.513795303,54000,55000
2f4e43c878212550f6c36d49a5cc199ad876dbea,3952.25,150.93,16.550880463,54000,54000
2f4e43c878212550f6c36d49a5cc199ad876dbea,3904.00,148.57,16.339991719,54000,54000
2f4e43c878212550f6c36d49a5cc199ad876dbea,3949.90,151.83,16.553176732,54000,54000
2f4e43c878212550f6c36d49a5cc199ad876dbea,3951.22,151.43,16.549243418,54000,55000
2f4e43c878212550f6c36d49a5cc199ad876dbea,3949.38,151.91,16.519489616,54000,54000
2f4e43c878212550f6c36d49a5cc199ad876dbea,3909.87,149.39,16.386894841,54000,54000
2f4e43c878212550f6c36d49a5cc199ad876dbea,3921.03,151.01,16.458004375,54000,55000
2f4e43c878212550f6c36d49a5cc199ad876dbea,3950.95,151.93,16.567205163,54000,54000
2f4e43c878212550f6c36d49a5cc199ad876dbea,3946.18,150.84,16.530297480,54000,54000
2f4e43c878212550f6c36d49a5cc199ad876dbea,3935.39,150.96,16.495165884,54000,54000
2f4e43c878212550f6c36d49a5cc199ad876dbea,3930.13,150.80,16.473334615,54000,54000
2f4e43c878212550f6c36d49a5cc199ad876dbea,3936.51,150.67,16.505660803,54000,54000
2f4e43c878212550f6c36d49a5cc199ad876dbea,3916.96,150.16,16.402975025,54000,54000
2f4e43c878212550f6c36d49a5cc199ad876dbea,3912.38,149.61,16.388707590,54000,54000
2f4e43c878212550f6c36d49a5cc199ad876dbea,3919.14,149.59,16.408695690,54000,54000
2f4e43c878212550f6c36d49a5cc199ad876dbea,3968.24,151.64,16.622154544,54000,54000
2f4e43c878212550f6c36d49a5cc199ad876dbea,3911.50,149.36,16.398129935,55000,54000
2f4e43c878212550f6c36d49a5cc199ad876dbea,3934.85,151.11,16.446585649,54000,54000
2f4e43c878212550f6c36d49a5cc199ad876dbea,3882.43,148.60,16.270616157,54000,54000
2f4e43c878212550f6c36d49a5cc199ad876dbea,3908.80,149.57,16.399216708,54000,54000
2f4e43c878212550f6c36d49a5cc199ad876dbea,3902.10,149.56,16.351248118,54000,54000
2f4e43c878212550f6c36d49a5cc199ad876dbea,3925.11,149.84,16.441076606,54000,54000
2f4e43c878212550f6c36d49a5cc199ad876dbea,3914.86,150.05,16.416348972,54000,54000
2f4e43c878212550f6c36d49a5cc199ad876dbea,3923.63,150.54,16.426884460,54000,54000
2f4e43c878212550f6c36d49a5cc199ad876dbea,3933.21,150.54,16.480012412,54000,54000
2f4e43c878212550f6c36d49a5cc199ad876dbea,3938.85,150.92,16.510952915,54000,54000
2f4e43c878212550f6c36d49a5cc199ad876dbea,3919.39,150.62,16.427270481,54000,54000
2f4e43c878212550f6c36d49a5cc199ad876dbea,3944.79,151.28,16.535568104,54000,54000
74b2f4160e5a71d1fca01fb6cdd22b4be7b9c9d4,3938.71,151.47,16.463887728,54000,54000
74b2f4160e5a71d1fca01fb6cdd22b4be7b9c9d4,3929.55,150.25,16.419298905,54000,55000
74b2f4160e5a71d1fca01fb6cdd22b4be7b9c9d4,3951.52,151.43,16.517528467,55000,55000
74b2f4160e5a71d1fca01fb6cdd22b4be7b9c9d4,3926.24,150.15,16.434762483,54000,55000
74b2f4160e5a71d1fca01fb6cdd22b4be7b9c9d4,3927.93,150.37,16.442436880,56000,54000
74b2f4160e5a71d1fca01fb6cdd22b4be7b9c9d4,3934.92,150.26,16.484872340,54000,54000
74b2f4160e5a71d1fca01fb6cdd22b4be7b9c9d4,3946.73,151.09,16.536906579,54000,54000
74b2f4160e5a71d1fca01fb6cdd22b4be7b9c9d4,3952.40,151.08,16.563535795,54000,54000
74b2f4160e5a71d1fca01fb6cdd22b4be7b9c9d4,3917.39,150.34,16.420209312,54000,54000
74b2f4160e5a71d1fca01fb6cdd22b4be7b9c9d4,3903.02,149.69,16.348825853,54000,54000
74b2f4160e5a71d1fca01fb6cdd22b4be7b9c9d4,3980.03,152.90,16.664065142,54000,54000
74b2f4160e5a71d1fca01fb6cdd22b4be7b9c9d4,3922.62,150.40,16.436386643,54000,54000
74b2f4160e5a71d1fca01fb6cdd22b4be7b9c9d4,3930.38,150.44,16.463193405,55000,54000
74b2f4160e5a71d1fca01fb6cdd22b4be7b9c9d4,3923.25,150.03,16.418392581,54000,54000
74b2f4160e5a71d1fca01fb6cdd22b4be7b9c9d4,3920.26,150.77,16.433768789,54000,54000
74b2f4160e5a71d1fca01fb6cdd22b4be7b9c9d4,3928.52,150.10,16.429605948,55000,54000
74b2f4160e5a71d1fca01fb6cdd22b4be7b9c9d4,3937.82,151.33,16.495993361,54000,54000
74b2f4160e5a71d1fca01fb6cdd22b4be7b9c9d4,3935.97,151.23,16.491566553,54000,54000
74b2f4160e5a71d1fca01fb6cdd22b4be7b9c9d4,3933.11,151.10,16.465873263,54000,54000
74b2f4160e5a71d1fca01fb6cdd22b4be7b9c9d4,3964.73,151.92,16.621225843,54000,54000
74b2f4160e5a71d1fca01fb6cdd22b4be7b9c9d4,3948.39,151.25,16.549070721,54000,54000
74b2f4160e5a71d1fca01fb6cdd22b4be7b9c9d4,3952.46,151.33,16.588487446,54000,54000
74b2f4160e5a71d1fca01fb6cdd22b4be7b9c9d4,3918.93,150.26,16.409136635,54000,54000
74b2f4160e5a71d1fca01fb6cdd22b4be7b9c9d4,3946.65,150.96,16.525952159,54000,54000
74b2f4160e5a71d1fca01fb6cdd22b4be7b9c9d4,3918.02,149.65,16.408829549,54000,54000
74b2f4160e5a71d1fca01fb6cdd22b4be7b9c9d4,3956.38,151.40,16.572175696,55000,54000
74b2f4160e5a71d1fca01fb6cdd22b4be7b9c9d4,3906.21,149.46,16.374272271,55000,54000
74b2f4160e5a71d1fca01fb6cdd22b4be7b9c9d4,3964.40,151.81,16.607902767,54000,54000
74b2f4160e5a71d1fca01fb6cdd22b4be7b9c9d4,3917.48,150.10,16.398519101,54000,54000
74b2f4160e5a71d1fca01fb6cdd22b4be7b9c9d4,3923.85,150.32,16.439245633,54000,54000
6da7ef6a385b0fb5eb860a3c2dad6be3f89764e9,3899.71,148.91,16.358032417,54000,54000
6da7ef6a385b0fb5eb860a3c2dad6be3f89764e9,3948.92,151.18,16.549172953,54000,54000
6da7ef6a385b0fb5eb860a3c2dad6be3f89764e9,3928.46,150.66,16.467592890,54000,54000
6da7ef6a385b0fb5eb860a3c2dad6be3f89764e9,3913.36,150.43,16.423791713,54000,54000
6da7ef6a385b0fb5eb860a3c2dad6be3f89764e9,3979.41,152.74,16.658583915,54000,54000
6da7ef6a385b0fb5eb860a3c2dad6be3f89764e9,3914.60,150.00,16.406388792,54000,54000
6da7ef6a385b0fb5eb860a3c2dad6be3f89764e9,3920.96,150.10,16.423968992,54000,55000
6da7ef6a385b0fb5eb860a3c2dad6be3f89764e9,3944.92,150.82,16.545444036,54000,54000
6da7ef6a385b0fb5eb860a3c2dad6be3f89764e9,3932.70,150.78,16.489126091,55000,54000
6da7ef6a385b0fb5eb860a3c2dad6be3f89764e9,3938.19,151.33,16.518255104,54000,54000
6da7ef6a385b0fb5eb860a3c2dad6be3f89764e9,3896.99,149.54,16.358824595,54000,54000
6da7ef6a385b0fb5eb860a3c2dad6be3f89764e9,3935.01,150.95,16.508707121,54000,54000
6da7ef6a385b0fb5eb860a3c2dad6be3f89764e9,3913.95,149.90,16.398399767,54000,54000
6da7ef6a385b0fb5eb860a3c2dad6be3f89764e9,3903.00,149.60,16.353196999,54000,54000
6da7ef6a385b0fb5eb860a3c2dad6be3f89764e9,3917.78,150.21,16.432231835,54000,54000
6da7ef6a385b0fb5eb860a3c2dad6be3f89764e9,3942.58,151.21,16.556447352,54000,54000
6da7ef6a385b0fb5eb860a3c2dad6be3f89764e9,3985.74,152.39,16.707166316,54000,54000
6da7ef6a385b0fb5eb860a3c2dad6be3f89764e9,3937.03,150.95,16.508185773,54000,54000
6da7ef6a385b0fb5eb860a3c2dad6be3f89764e9,3921.22,150.01,16.454942372,54000,54000
6da7ef6a385b0fb5eb860a3c2dad6be3f89764e9,3915.61,149.61,16.447476895,54000,54000
6da7ef6a385b0fb5eb860a3c2dad6be3f89764e9,3924.87,150.04,16.444166065,54000,54000
6da7ef6a385b0fb5eb860a3c2dad6be3f89764e9,3942.79,150.70,16.522870936,54000,53000
6da7ef6a385b0fb5eb860a3c2dad6be3f89764e9,3922.30,150.10,16.456576316,54000,54000
6da7ef6a385b0fb5eb860a3c2dad6be3f89764e9,3914.12,149.91,16.407948173,54000,53000
6da7ef6a385b0fb5eb860a3c2dad6be3f89764e9,3898.48,149.15,16.346413333,54000,54000
6da7ef6a385b0fb5eb860a3c2dad6be3f89764e9,3907.83,150.01,16.373964940,54000,54000
6da7ef6a385b0fb5eb860a3c2dad6be3f89764e9,3931.47,150.32,16.472185009,54000,54000
6da7ef6a385b0fb5eb860a3c2dad6be3f89764e9,3917.86,150.12,16.442264406,54000,54000
6da7ef6a385b0fb5eb860a3c2dad6be3f89764e9,3948.61,151.20,16.568959711,54000,54000
6da7ef6a385b0fb5eb860a3c2dad6be3f89764e9,3938.64,150.47,16.519015623,54000,54000
d9b3c75f169d088ea636c25aae3f2fc7071fcd5e,3926.15,150.26,16.423975792,54000,54000
d9b3c75f169d088ea636c25aae3f2fc7071fcd5e,3946.91,151.01,16.496060832,54000,55000
d9b3c75f169d088ea636c25aae3f2fc7071fcd5e,3881.49,148.60,16.273013691,55000,54000
d9b3c75f169d088ea636c25aae3f2fc7071fcd5e,3943.32,150.94,16.532615397,55000,54000
d9b3c75f169d088ea636c25aae3f2fc7071fcd5e,3948.87,151.50,16.539723109,54000,54000
d9b3c75f169d088ea636c25aae3f2fc7071fcd5e,3923.33,150.28,16.441789291,55000,54000
d9b3c75f169d088ea636c25aae3f2fc7071fcd5e,3902.87,149.57,16.395197950,55000,54000
d9b3c75f169d088ea636c25aae3f2fc7071fcd5e,3938.22,150.69,16.487822503,54000,54000
d9b3c75f169d088ea636c25aae3f2fc7071fcd5e,3926.46,150.64,16.461228840,54000,54000
d9b3c75f169d088ea636c25aae3f2fc7071fcd5e,3910.90,150.13,16.408179403,54000,54000
d9b3c75f169d088ea636c25aae3f2fc7071fcd5e,3944.84,151.31,16.554411747,55000,54000
d9b3c75f169d088ea636c25aae3f2fc7071fcd5e,3904.29,149.71,16.378148469,54000,54000
d9b3c75f169d088ea636c25aae3f2fc7071fcd5e,3915.57,149.83,16.415474013,54000,54000
d9b3c75f169d088ea636c25aae3f2fc7071fcd5e,3910.67,150.07,16.401170663,54000,54000
d9b3c75f169d088ea636c25aae3f2fc7071fcd5e,3958.11,151.66,16.616683234,53000,54000
d9b3c75f169d088ea636c25aae3f2fc7071fcd5e,3922.65,150.53,16.452517439,54000,54000
d9b3c75f169d088ea636c25aae3f2fc7071fcd5e,3904.08,149.83,16.363547315,54000,54000
d9b3c75f169d088ea636c25aae3f2fc7071fcd5e,3906.74,149.53,16.375725097,54000,54000
d9b3c75f169d088ea636c25aae3f2fc7071fcd5e,3900.24,148.80,16.375768507,54000,54000
d9b3c75f169d088ea636c25aae3f2fc7071fcd5e,3943.37,150.90,16.536105260,54000,54000
d9b3c75f169d088ea636c25aae3f2fc7071fcd5e,3927.45,149.86,16.452070215,54000,53000
d9b3c75f169d088ea636c25aae3f2fc7071fcd5e,3908.61,148.96,16.377662965,54000,54000
d9b3c75f169d088ea636c25aae3f2fc7071fcd5e,3902.34,149.44,16.370187011,54000,54000
d9b3c75f169d088ea636c25aae3f2fc7071fcd5e,3965.02,152.47,16.593561423,54000,54000
d9b3c75f169d088ea636c25aae3f2fc7071fcd5e,3932.42,150.93,16.464546329,54000,55000
d9b3c75f169d088ea636c25aae3f2fc7071fcd5e,3924.14,150.60,16.453233552,54000,54000
d9b3c75f169d088ea636c25aae3f2fc7071fcd5e,3892.19,149.26,16.338703748,54000,54000
d9b3c75f169d088ea636c25aae3f2fc7071fcd5e,3959.73,151.64,16.594669587,54000,54000
d9b3c75f169d088ea636c25aae3f2fc7071fcd5e,3908.98,149.61,16.393783412,54000,54000
d9b3c75f169d088ea636c25aae3f2fc7071fcd5e,3927.04,150.11,16.464650927,54000,53000
ff0c73d66d1db53721a5942126979eb341d98909,3855.88,147.55,16.111864991,55000,55000
ff0c73d66d1db53721a5942126979eb341d98909,3853.90,147.11,16.151855275,56000,55000
ff0c73d66d1db53721a5942126979eb341d98909,3848.54,147.19,16.140697124,54000,54000
ff0c73d66d1db53721a5942126979eb341d98909,3846.50,147.33,16.125263168,54000,54000
ff0c73d66d1db53721a5942126979eb341d98909,3863.45,148.21,16.185424070,54000,54000
ff0c73d66d1db53721a5942126979eb341d98909,3878.68,148.93,16.266934410,55000,54000
ff0c73d66d1db53721a5942126979eb341d98909,3848.59,147.29,16.141130000,54000,55000
ff0c73d66d1db53721a5942126979eb341d98909,3835.92,146.95,16.095304944,54000,54000
ff0c73d66d1db53721a5942126979eb341d98909,3869.16,148.28,16.253256641,54000,54000
ff0c73d66d1db53721a5942126979eb341d98909,3856.01,148.13,16.170109294,54000,54000
ff0c73d66d1db53721a5942126979eb341d98909,3861.81,147.93,16.183324030,54000,54000
ff0c73d66d1db53721a5942126979eb341d98909,3855.04,147.69,16.157900062,54000,54000
ff0c73d66d1db53721a5942126979eb341d98909,3842.33,147.40,16.104299562,54000,54000
ff0c73d66d1db53721a5942126979eb341d98909,3919.55,150.43,16.417180988,54000,54000
ff0c73d66d1db53721a5942126979eb341d98909,3844.87,147.47,16.110488291,54000,54000
ff0c73d66d1db53721a5942126979eb341d98909,3833.49,146.58,16.072672536,54000,54000
ff0c73d66d1db53721a5942126979eb341d98909,3851.87,147.86,16.136750548,54000,54000
ff0c73d66d1db53721a5942126979eb341d98909,3854.74,147.25,16.138398587,54000,54000
ff0c73d66d1db53721a5942126979eb341d98909,3852.08,148.32,16.154991973,54000,54000
ff0c73d66d1db53721a5942126979eb341d98909,3855.52,147.46,16.174790676,54000,54000
ff0c73d66d1db53721a5942126979eb341d98909,3855.00,148.03,16.168204843,54000,54000
ff0c73d66d1db53721a5942126979eb341d98909,3863.60,147.55,16.192824354,54000,54000
ff0c73d66d1db53721a5942126979eb341d98909,3846.81,146.69,16.114094553,54000,54000
ff0c73d66d1db53721a5942126979eb341d98909,3852.87,146.87,16.137069828,54000,54000
ff0c73d66d1db53721a5942126979eb341d98909,3817.75,145.83,16.012843054,54000,54000
ff0c73d66d1db53721a5942126979eb341d98909,3855.82,147.29,16.138417001,55000,54000
ff0c73d66d1db53721a5942126979eb341d98909,3838.34,146.95,16.087132604,54000,54000
ff0c73d66d1db53721a5942126979eb341d98909,3862.87,148.13,16.184165567,54000,54000
ff0c73d66d1db53721a5942126979eb341d98909,3838.53,146.96,16.090971507,54000,54000
ff0c73d66d1db53721a5942126979eb341d98909,3851.37,147.00,16.170002310,54000,54000
54c376e43038022c4e9c49eba64374f2d6296632,3856.76,147.24,16.151571439,55000,55000
54c376e43038022c4e9c49eba64374f2d6296632,3827.76,146.31,16.045485557,55000,54000
54c376e43038022c4e9c49eba64374f2d6296632,3820.06,145.99,16.019970502,55000,54000
54c376e43038022c4e9c49eba64374f2d6296632,3831.54,147.03,16.058169851,54000,54000
54c376e43038022c4e9c49eba64374f2d6296632,3867.69,148.41,16.217476699,54000,54000
54c376e43038022c4e9c49eba64374f2d6296632,3847.05,147.34,16.143593343,54000,54000
54c376e43038022c4e9c49eba64374f2d6296632,3831.61,147.06,16.048472670,54000,55000
54c376e43038022c4e9c49eba64374f2d6296632,3866.29,148.18,16.229906285,54000,54000
54c376e43038022c4e9c49eba64374f2d6296632,3858.95,148.08,16.193326408,55000,54000
54c376e43038022c4e9c49eba64374f2d6296632,3853.09,147.59,16.160506462,54000,54000
54c376e43038022c4e9c49eba64374f2d6296632,3864.84,147.92,16.207351812,54000,54000
54c376e43038022c4e9c49eba64374f2d6296632,3846.82,147.38,16.127148771,54000,54000
54c376e43038022c4e9c49eba64374f2d6296632,3850.41,147.68,16.143504476,54000,54000
54c376e43038022c4e9c49eba64374f2d6296632,3823.38,146.47,16.027338599,54000,54000
54c376e43038022c4e9c49eba64374f2d6296632,3859.22,147.79,16.182998937,54000,54000
54c376e43038022c4e9c49eba64374f2d6296632,3865.81,148.26,16.202463030,55000,54000
54c376e43038022c4e9c49eba64374f2d6296632,3864.71,147.78,16.209878355,54000,55000
54c376e43038022c4e9c49eba64374f2d6296632,3877.47,147.71,16.277976596,54000,54000
54c376e43038022c4e9c49eba64374f2d6296632,3865.20,148.16,16.240527435,54000,54000
54c376e43038022c4e9c49eba64374f2d6296632,3832.43,146.33,16.067330998,54000,54000
54c376e43038022c4e9c49eba64374f2d6296632,3851.60,147.11,16.130025225,54000,54000
54c376e43038022c4e9c49eba64374f2d6296632,3822.86,146.61,16.056752286,54000,54000
54c376e43038022c4e9c49eba64374f2d6296632,3862.72,147.49,16.195270087,53000,54000
54c376e43038022c4e9c49eba64374f2d6296632,3856.71,147.34,16.152608127,54000,54000
54c376e43038022c4e9c49eba64374f2d6296632,3841.58,146.56,16.090080306,54000,54000
54c376e43038022c4e9c49eba64374f2d6296632,3859.83,147.41,16.191338881,54000,54000
54c376e43038022c4e9c49eba64374f2d6296632,3851.49,147.53,16.158488973,54000,54000
54c376e43038022c4e9c49eba64374f2d6296632,3889.78,148.84,16.304185784,54000,54000
54c376e43038022c4e9c49eba64374f2d6296632,3846.80,147.49,16.151746140,54000,54000
54c376e43038022c4e9c49eba64374f2d6296632,3850.85,147.27,16.144568122,55000,54000
2c1ce52a60224f14cd7424c976b84e553fe1fae6,3847.57,147.36,16.098372598,54000,54000
2c1ce52a60224f14cd7424c976b84e553fe1fae6,3838.96,146.75,16.059484984,55000,55000
2c1ce52a60224f14cd7424c976b84e553fe1fae6,3874.65,148.58,16.236892048,54000,54000
2c1ce52a60224f14cd7424c976b84e553fe1fae6,3858.75,148.50,16.200414356,55000,55000
2c1ce52a60224f14cd7424c976b84e553fe1fae6,3854.36,147.57,16.176536251,54000,54000
2c1ce52a60224f14cd7424c976b84e553fe1fae6,3846.95,147.71,16.120371362,54000,55000
2c1ce52a60224f14cd7424c976b84e553fe1fae6,3822.73,146.31,16.035113296,54000,54000
2c1ce52a60224f14cd7424c976b84e553fe1fae6,3838.40,147.26,16.093951245,55000,54000
2c1ce52a60224f14cd7424c976b84e553fe1fae6,3831.51,146.95,16.038264200,54000,54000
2c1ce52a60224f14cd7424c976b84e553fe1fae6,3843.12,147.31,16.105411410,54000,54000
2c1ce52a60224f14cd7424c976b84e553fe1fae6,3866.32,148.45,16.214921366,54000,54000
2c1ce52a60224f14cd7424c976b84e553fe1fae6,3856.30,147.86,16.136741137,54000,54000
2c1ce52a60224f14cd7424c976b84e553fe1fae6,3857.87,147.73,16.166654080,54000,54000
2c1ce52a60224f14cd7424c976b84e553fe1fae6,3850.01,147.74,16.146749946,54000,54000
2c1ce52a60224f14cd7424c976b84e553fe1fae6,3861.65,148.07,16.202511948,54000,54000
2c1ce52a60224f14cd7424c976b84e553fe1fae6,3835.22,146.74,16.066205465,54000,54000
2c1ce52a60224f14cd7424c976b84e553fe1fae6,3861.48,148.29,16.196931911,54000,54000
2c1ce52a60224f14cd7424c976b84e553fe1fae6,3845.17,147.10,16.121070598,54000,54000
2c1ce52a60224f14cd7424c976b84e553fe1fae6,3838.44,146.53,16.104303567,54000,54000
2c1ce52a60224f14cd7424c976b84e553fe1fae6,3875.84,148.70,16.255792315,54000,53000
2c1ce52a60224f14cd7424c976b84e553fe1fae6,3870.67,147.85,16.251035857,54000,54000
2c1ce52a60224f14cd7424c976b84e553fe1fae6,3851.24,147.15,16.137649414,54000,54000
2c1ce52a60224f14cd7424c976b84e553fe1fae6,3848.00,147.15,16.155439652,54000,53000
2c1ce52a60224f14cd7424c976b84e553fe1fae6,3868.14,148.55,16.196917968,54000,54000
2c1ce52a60224f14cd7424c976b84e553fe1fae6,3851.66,147.10,16.137335094,54000,54000
2c1ce52a60224f14cd7424c976b84e553fe1fae6,3849.63,147.43,16.112970001,54000,54000
2c1ce52a60224f14cd7424c976b84e553fe1fae6,3893.69,149.22,16.306364681,54000,54000
2c1ce52a60224f14cd7424c976b84e553fe1fae6,3853.08,147.42,16.156187008,54000,54000
2c1ce52a60224f14cd7424c976b84e553fe1fae6,3859.67,147.54,16.153420358,54000,54000
2c1ce52a60224f14cd7424c976b84e553fe1fae6,3854.92,147.67,16.163841105,54000,54000
829e9cffe73831964353c6313c937547cda2c9ff,3855.29,147.59,16.128383900,55000,55000
829e9cffe73831964353c6313c937547cda2c9ff,3855.63,146.99,16.135150488,54000,54000
829e9cffe73831964353c6313c937547cda2c9ff,3856.79,147.86,16.164522260,54000,54000
829e9cffe73831964353c6313c937547cda2c9ff,3880.93,148.73,16.248965748,55000,55000
829e9cffe73831964353c6313c937547cda2c9ff,3848.08,147.68,16.158140459,54000,54000
829e9cffe73831964353c6313c937547cda2c9ff,3886.23,149.48,16.302234574,54000,54000
829e9cffe73831964353c6313c937547cda2c9ff,3874.45,148.57,16.267391220,54000,54000
829e9cffe73831964353c6313c937547cda2c9ff,3861.12,148.42,16.166502352,54000,54000
829e9cffe73831964353c6313c937547cda2c9ff,3856.32,148.15,16.151920465,54000,55000
829e9cffe73831964353c6313c937547cda2c9ff,3863.03,147.92,16.194856255,54000,54000
829e9cffe73831964353c6313c937547cda2c9ff,3850.92,147.29,16.134384972,54000,54000
829e9cffe73831964353c6313c937547cda2c9ff,3860.96,147.94,16.179954018,54000,54000
829e9cffe73831964353c6313c937547cda2c9ff,3872.48,148.55,16.230174918,54000,54000
829e9cffe73831964353c6313c937547cda2c9ff,3845.57,147.18,16.147803224,54000,54000
829e9cffe73831964353c6313c937547cda2c9ff,3863.55,148.28,16.202962865,54000,54000
829e9cffe73831964353c6313c937547cda2c9ff,3867.13,148.04,16.230279579,54000,55000
829e9cffe73831964353c6313c937547cda2c9ff,3879.25,148.68,16.246624864,54000,54000
829e9cffe73831964353c6313c937547cda2c9ff,3876.30,148.45,16.234928480,54000,54000
829e9cffe73831964353c6313c937547cda2c9ff,3845.33,147.19,16.122054121,54000,54000
829e9cffe73831964353c6313c937547cda2c9ff,3850.02,146.95,16.118413964,53000,54000
829e9cffe73831964353c6313c937547cda2c9ff,3840.31,146.69,16.114263496,54000,54000
829e9cffe73831964353c6313c937547cda2c9ff,3848.65,147.35,16.136477700,54000,54000
829e9cffe73831964353c6313c937547cda2c9ff,3843.62,147.28,16.125088479,54000,54000
829e9cffe73831964353c6313c937547cda2c9ff,3851.28,147.31,16.165272714,54000,54000
829e9cffe73831964353c6313c937547cda2c9ff,3848.39,147.41,16.131614220,54000,55000
829e9cffe73831964353c6313c937547cda2c9ff,3848.76,148.09,16.149838432,54000,54000
829e9cffe73831964353c6313c937547cda2c9ff,3880.08,148.30,16.262624395,54000,54000
829e9cffe73831964353c6313c937547cda2c9ff,3844.91,146.62,16.138139380,54000,53000
829e9cffe73831964353c6313c937547cda2c9ff,3830.58,146.51,16.101057671,55000,54000
829e9cffe73831964353c6313c937547cda2c9ff,3853.29,147.28,16.162370126,54000,54000
8253d82c0c6e75a00002cbce8a20313137c97655,3866.09,147.41,16.166329189,55000,54000
8253d82c0c6e75a00002cbce8a20313137c97655,3861.85,147.41,16.166319715,55000,54000
8253d82c0c6e75a00002cbce8a20313137c97655,3866.67,148.41,16.230980585,54000,54000
8253d82c0c6e75a00002cbce8a20313137c97655,3839.57,147.06,16.104886582,54000,54000
8253d82c0c6e75a00002cbce8a20313137c97655,3851.36,147.45,16.134474589,54000,54000
8253d82c0c6e75a00002cbce8a20313137c97655,3861.71,148.42,16.190084403,54000,54000
8253d82c0c6e75a00002cbce8a20313137c97655,3828.57,146.38,16.050861845,54000,55000
8253d82c0c6e75a00002cbce8a20313137c97655,3828.66,147.11,16.057554267,54000,55000
8253d82c0c6e75a00002cbce8a20313137c97655,3877.06,148.59,16.247136364,53000,54000
8253d82c0c6e75a00002cbce8a20313137c97655,3850.93,147.45,16.144353391,54000,54000
8253d82c0c6e75a00002cbce8a20313137c97655,3855.89,147.49,16.149253247,54000,54000
8253d82c0c6e75a00002cbce8a20313137c97655,3877.42,148.93,16.247213960,54000,54000
8253d82c0c6e75a00002cbce8a20313137c97655,3879.17,149.26,16.281690063,53000,54000
8253d82c0c6e75a00002cbce8a20313137c97655,3892.21,148.71,16.310123867,54000,54000
8253d82c0c6e75a00002cbce8a20313137c97655,3910.70,149.64,16.397218218,54000,54000
8253d82c0c6e75a00002cbce8a20313137c97655,3839.65,146.84,16.092841155,55000,54000
8253d82c0c6e75a00002cbce8a20313137c97655,3861.05,147.75,16.186085369,54000,54000
8253d82c0c6e75a00002cbce8a20313137c97655,3841.84,146.91,16.089421538,54000,54000
8253d82c0c6e75a00002cbce8a20313137c97655,3868.89,147.50,16.222217732,54000,54000
8253d82c0c6e75a00002cbce8a20313137c97655,3850.08,147.45,16.136267682,54000,55000
8253d82c0c6e75a00002cbce8a20313137c97655,3861.16,147.79,16.216086998,54000,54000
8253d82c0c6e75a00002cbce8a20313137c97655,3843.68,147.28,16.130511442,54000,54000
8253d82c0c6e75a00002cbce8a20313137c97655,3871.86,148.19,16.252713075,54000,54000
8253d82c0c6e75a00002cbce8a20313137c97655,3867.13,147.89,16.239354324,54000,54000
8253d82c0c6e75a00002cbce8a20313137c97655,3875.77,148.48,16.289445622,54000,54000
8253d82c0c6e75a00002cbce8a20313137c97655,3876.51,147.96,16.282046286,55000,54000
8253d82c0c6e75a00002cbce8a20313137c97655,3883.81,148.24,16.286790900,54000,54000
8253d82c0c6e75a00002cbce8a20313137c97655,3851.24,147.29,16.142413211,53000,54000
8253d82c0c6e75a00002cbce8a20313137c97655,3839.85,147.20,16.080514966,54000,54000
8253d82c0c6e75a00002cbce8a20313137c97655,3843.30,147.68,16.131013161,54000,54000
3dd9cdb4be847c81d8e0cd8b5ed04c793ea0104b,3840.76,146.55,16.098912833,54000,54000
3dd9cdb4be847c81d8e0cd8b5ed04c793ea0104b,3879.43,148.35,16.254352466,54000,54000
3dd9cdb4be847c81d8e0cd8b5ed04c793ea0104b,3854.81,148.00,16.138157291,54000,54000
3dd9cdb4be847c81d8e0cd8b5ed04c793ea0104b,3849.79,147.81,16.132557769,54000,54000
3dd9cdb4be847c81d8e0cd8b5ed04c793ea0104b,3841.87,146.67,16.124604653,54000,54000
3dd9cdb4be847c81d8e0cd8b5ed04c793ea0104b,3836.23,147.32,16.087852791,54000,54000
3dd9cdb4be847c81d8e0cd8b5ed04c793ea0104b,3824.36,146.99,16.046575347,54000,54000
3dd9cdb4be847c81d8e0cd8b5ed04c793ea0104b,3851.74,147.61,16.154004297,54000,54000
3dd9cdb4be847c81d8e0cd8b5ed04c793ea0104b,3841.53,147.57,16.078959161,54000,55000
3dd9cdb4be847c81d8e0cd8b5ed04c793ea0104b,3884.03,149.10,16.291869949,54000,54000
3dd9cdb4be847c81d8e0cd8b5ed04c793ea0104b,3885.40,148.81,16.294736169,54000,54000
3dd9cdb4be847c81d8e0cd8b5ed04c793ea0104b,3828.35,146.34,16.068151293,55000,54000
3dd9cdb4be847c81d8e0cd8b5ed04c793ea0104b,3887.63,148.96,16.322766880,54000,54000
3dd9cdb4be847c81d8e0cd8b5ed04c793ea0104b,3878.06,148.67,16.261106561,54000,54000
3dd9cdb4be847c81d8e0cd8b5ed04c793ea0104b,3899.91,149.04,16.368019914,54000,54000
3dd9cdb4be847c81d8e0cd8b5ed04c793ea0104b,3857.97,147.71,16.161710652,54000,54000
3dd9cdb4be847c81d8e0cd8b5ed04c793ea0104b,3896.65,148.99,16.333025567,54000,54000
3dd9cdb4be847c81d8e0cd8b5ed04c793ea0104b,3875.00,148.43,16.231722551,54000,54000
3dd9cdb4be847c81d8e0cd8b5ed04c793ea0104b,3898.30,148.89,16.340909607,54000,54000
3dd9cdb4be847c81d8e0cd8b5ed04c793ea0104b,3851.28,147.35,16.151617536,54000,54000
3dd9cdb4be847c81d8e0cd8b5ed04c793ea0104b,3856.83,147.27,16.195815004,53000,54000
3dd9cdb4be847c81d8e0cd8b5ed04c793ea0104b,3849.04,147.08,16.136630785,54000,54000
3dd9cdb4be847c81d8e0cd8b5ed04c793ea0104b,3826.88,146.38,16.030059747,54000,54000
3dd9cdb4be847c81d8e0cd8b5ed04c793ea0104b,3849.63,147.19,16.160352705,54000,54000
3dd9cdb4be847c81d8e0cd8b5ed04c793ea0104b,3845.22,146.85,16.164364685,54000,54000
3dd9cdb4be847c81d8e0cd8b5ed04c793ea0104b,3865.00,147.75,16.195585265,54000,54000
3dd9cdb4be847c81d8e0cd8b5ed04c793ea0104b,3884.23,148.57,16.283520773,54000,54000
3dd9cdb4be847c81d8e0cd8b5ed04c793ea0104b,3875.53,148.54,16.240716142,54000,54000
3dd9cdb4be847c81d8e0cd8b5ed04c793ea0104b,3844.61,147.11,16.129748278,54000,54000
3dd9cdb4be847c81d8e0cd8b5ed04c793ea0104b,3864.66,147.98,16.177458587,54000,54000
144455bd1b9ff9b3722f26c045c7f342fd2e554d,3860.93,147.26,16.150420911,56000,56000
144455bd1b9ff9b3722f26c045c7f342fd2e554d,3841.18,146.42,16.072814716,54000,55000
144455bd1b9ff9b3722f26c045c7f342fd2e554d,3864.96,147.81,16.181670354,56000,56000
144455bd1b9ff9b3722f26c045c7f342fd2e554d,3899.51,149.38,16.331345257,53000,54000
144455bd1b9ff9b3722f26c045c7f342fd2e554d,3839.33,147.30,16.080710928,54000,54000
144455bd1b9ff9b3722f26c045c7f342fd2e554d,3862.07,148.15,16.203641663,55000,54000
144455bd1b9ff9b3722f26c045c7f342fd2e554d,3841.50,147.24,16.107530142,54000,54000
144455bd1b9ff9b3722f26c045c7f342fd2e554d,3861.28,148.11,16.214407648,55000,54000
144455bd1b9ff9b3722f26c045c7f342fd2e554d,3849.94,147.05,16.145167279,54000,54000
144455bd1b9ff9b3722f26c045c7f342fd2e554d,3870.79,148.27,16.216285075,54000,54000
144455bd1b9ff9b3722f26c045c7f342fd2e554d,3845.90,147.51,16.124409685,54000,55000
144455bd1b9ff9b3722f26c045c7f342fd2e554d,3852.77,147.83,16.163448984,54000,54000
144455bd1b9ff9b3722f26c045c7f342fd2e554d,3880.31,148.93,16.249215900,54000,54000
144455bd1b9ff9b3722f26c045c7f342fd2e554d,3819.70,145.81,16.021224557,54000,54000
144455bd1b9ff9b3722f26c045c7f342fd2e554d,3850.43,147.84,16.137447232,54000,54000
144455bd1b9ff9b3722f26c045c7f342fd2e554d,3889.24,149.35,16.312612987,54000,53000
144455bd1b9ff9b3722f26c045c7f342fd2e554d,3828.84,147.06,16.076961927,54000,54000
144455bd1b9ff9b3722f26c045c7f342fd2e554d,3856.99,148.24,16.182368290,54000,54000
144455bd1b9ff9b3722f26c045c7f342fd2e554d,3836.50,147.19,16.081717572,54000,53000
144455bd1b9ff9b3722f26c045c7f342fd2e554d,3875.70,148.92,16.244506874,54000,54000
144455bd1b9ff9b3722f26c045c7f342fd2e554d,3862.43,148.29,16.185420959,54000,54000
144455bd1b9ff9b3722f26c045c7f342fd2e554d,3856.92,147.96,16.154825607,54000,54000
144455bd1b9ff9b3722f26c045c7f342fd2e554d,3865.36,147.56,16.214610495,55000,54000
144455bd1b9ff9b3722f26c045c7f342fd2e554d,3897.00,149.48,16.324934322,54000,53000
144455bd1b9ff9b3722f26c045c7f342fd2e554d,3898.23,149.44,16.347485775,54000,54000
144455bd1b9ff9b3722f26c045c7f342fd2e554d,3851.55,147.68,16.164022079,54000,54000
144455bd1b9ff9b3722f26c045c7f342fd2e554d,3876.67,147.77,16.268536647,55000,54000
144455bd1b9ff9b3722f26c045c7f342fd2e554d,3880.96,148.70,16.283375307,54000,54000
144455bd1b9ff9b3722f26c045c7f342fd2e554d,3879.54,148.56,16.260744646,54000,54000
144455bd1b9ff9b3722f26c045c7f342fd2e554d,3891.13,148.35,16.312843276,54000,54000
94e8bf62b9db0b915f733a4e3ad8d4362f0e8c03,3904.26,149.72,16.332775767,55000,54000
94e8bf62b9db0b915f733a4e3ad8d4362f0e8c03,3883.68,148.49,16.270630698,54000,54000
94e8bf62b9db0b915f733a4e3ad8d4362f0e8c03,3857.04,147.33,16.173403381,54000,54000
94e8bf62b9db0b915f733a4e3ad8d4362f0e8c03,3851.63,147.68,16.127956924,55000,55000
94e8bf62b9db0b915f733a4e3ad8d4362f0e8c03,3855.12,147.26,16.162899434,54000,54000
94e8bf62b9db0b915f733a4e3ad8d4362f0e8c03,3850.07,147.94,16.162835866,55000,54000
94e8bf62b9db0b915f733a4e3ad8d4362f0e8c03,3857.77,148.04,16.195374638,54000,54000
94e8bf62b9db0b915f733a4e3ad8d4362f0e8c03,3874.93,148.41,16.215307312,54000,54000
94e8bf62b9db0b915f733a4e3ad8d4362f0e8c03,3873.44,148.56,16.234700079,54000,55000
94e8bf62b9db0b915f733a4e3ad8d4362f0e8c03,3836.71,147.11,16.081273219,54000,54000
94e8bf62b9db0b915f733a4e3ad8d4362f0e8c03,3830.33,146.89,16.048107958,54000,54000
94e8bf62b9db0b915f733a4e3ad8d4362f0e8c03,3861.08,148.08,16.162302951,54000,54000
94e8bf62b9db0b915f733a4e3ad8d4362f0e8c03,3848.92,147.43,16.126026913,54000,54000
94e8bf62b9db0b915f733a4e3ad8d4362f0e8c03,3895.68,149.20,16.354567905,53000,54000
94e8bf62b9db0b915f733a4e3ad8d4362f0e8c03,3881.25,148.13,16.297370639,54000,54000
94e8bf62b9db0b915f733a4e3ad8d4362f0e8c03,3857.22,147.83,16.209539530,54000,54000
94e8bf62b9db0b915f733a4e3ad8d4362f0e8c03,3862.19,147.79,16.176242323,54000,54000
94e8bf62b9db0b915f733a4e3ad8d4362f0e8c03,3829.64,146.79,16.064407936,54000,54000
94e8bf62b9db0b915f733a4e3ad8d4362f0e8c03,3871.58,147.93,16.234957477,54000,54000
94e8bf62b9db0b915f733a4e3ad8d4362f0e8c03,3881.29,148.45,16.254222013,54000,54000
94e8bf62b9db0b915f733a4e3ad8d4362f0e8c03,3829.31,146.26,16.062279354,54000,54000
94e8bf62b9db0b915f733a4e3ad8d4362f0e8c03,3845.10,146.94,16.110768612,54000,54000
94e8bf62b9db0b915f733a4e3ad8d4362f0e8c03,3855.37,147.13,16.173630510,54000,54000
94e8bf62b9db0b915f733a4e3ad8d4362f0e8c03,3866.82,148.26,16.214140755,54000,54000
94e8bf62b9db0b915f733a4e3ad8d4362f0e8c03,3889.21,149.10,16.295332279,55000,55000
94e8bf62b9db0b915f733a4e3ad8d4362f0e8c03,3833.35,146.99,16.076574732,54000,54000
94e8bf62b9db0b915f733a4e3ad8d4362f0e8c03,3866.77,147.71,16.220064389,54000,55000
94e8bf62b9db0b915f733a4e3ad8d4362f0e8c03,3863.38,148.22,16.216401094,55000,54000
94e8bf62b9db0b915f733a4e3ad8d4362f0e8c03,3839.65,146.69,16.120574133,54000,55000
94e8bf62b9db0b915f733a4e3ad8d4362f0e8c03,3844.87,147.05,16.139533288,54000,54000
25571da5c36eb819da6a7d5d6734398beeae528c,3877.08,148.04,16.234608189,55000,55000
25571da5c36eb819da6a7d5d6734398beeae528c,3899.79,149.21,16.365354961,54000,54000
25571da5c36eb819da6a7d5d6734398beeae528c,3858.15,147.54,16.183392830,54000,54000
25571da5c36eb819da6a7d5d6734398beeae528c,3856.25,147.65,16.171349017,54000,54000
25571da5c36eb819da6a7d5d6734398beeae528c,3855.48,147.51,16.152066912,55000,54000
25571da5c36eb819da6a7d5d6734398beeae528c,3841.09,146.89,16.106216765,54000,55000
25571da5c36eb819da6a7d5d6734398beeae528c,3852.27,148.09,16.151219156,55000,54000
25571da5c36eb819da6a7d5d6734398beeae528c,3874.07,148.81,16.252914464,54000,54000
25571da5c36eb819da6a7d5d6734398beeae528c,3878.16,148.55,16.273051353,54000,54000
25571da5c36eb819da6a7d5d6734398beeae528c,3845.54,147.01,16.145079042,54000,55000
25571da5c36eb819da6a7d5d6734398beeae528c,3848.64,147.56,16.150064030,54000,54000
25571da5c36eb819da6a7d5d6734398beeae528c,3871.45,148.76,16.218809272,54000,54000
25571da5c36eb819da6a7d5d6734398beeae528c,3838.02,146.99,16.108629398,54000,55000
25571da5c36eb819da6a7d5d6734398beeae528c,3879.00,148.95,16.251977056,54000,54000
25571da5c36eb819da6a7d5d6734398beeae528c,3858.36,148.38,16.179374819,54000,54000
25571da5c36eb819da6a7d5d6734398beeae528c,3858.44,148.09,16.172753808,54000,54000
25571da5c36eb819da6a7d5d6734398beeae528c,3868.29,147.68,16.225749095,54000,53000
25571da5c36eb819da6a7d5d6734398beeae528c,3853.08,147.62,16.177834891,54000,54000
25571da5c36eb819da6a7d5d6734398beeae528c,3882.84,148.62,16.293227140,54000,54000
25571da5c36eb819da6a7d5d6734398beeae528c,3853.39,147.59,16.174824269,55000,53000
25571da5c36eb819da6a7d5d6734398beeae528c,3854.52,147.47,16.167387329,54000,54000
25571da5c36eb819da6a7d5d6734398beeae528c,3909.73,149.45,16.408742250,53000,54000
25571da5c36eb819da6a7d5d6734398beeae528c,3871.59,147.88,16.252071286,54000,54000
25571da5c36eb819da6a7d5d6734398beeae528c,3876.50,148.02,16.291107070,54000,54000
25571da5c36eb819da6a7d5d6734398beeae528c,3849.39,147.05,16.125704734,54000,54000
25571da5c36eb819da6a7d5d6734398beeae528c,3830.38,145.85,16.085270082,54000,54000
25571da5c36eb819da6a7d5d6734398beeae528c,3850.87,147.84,16.165963001,53000,53000
25571da5c36eb819da6a7d5d6734398beeae528c,3851.72,147.42,16.150060325,54000,54000
25571da5c36eb819da6a7d5d6734398beeae528c,3864.89,147.40,16.228972955,54000,54000
25571da5c36eb819da6a7d5d6734398beeae528c,3885.17,148.32,16.274410756,54000,54000
24f7cac6ce7e5ae047e596987f395d213dbd08f1,3860.52,147.07,16.184147287,55000,55000
24f7cac6ce7e5ae047e596987f395d213dbd08f1,3849.50,147.14,16.129767724,56000,55000
24f7cac6ce7e5ae047e596987f395d213dbd08f1,3871.40,147.42,16.225315186,54000,55000
24f7cac6ce7e5ae047e596987f395d213dbd08f1,3856.64,147.79,16.163168184,54000,55000
24f7cac6ce7e5ae047e596987f395d213dbd08f1,3868.56,147.46,16.223366923,54000,54000
24f7cac6ce7e5ae047e596987f395d213dbd08f1,3886.98,148.69,16.313874549,54000,54000
24f7cac6ce7e5ae047e596987f395d213dbd08f1,3847.52,147.12,16.128202734,54000,54000
24f7cac6ce7e5ae047e596987f395d213dbd08f1,3865.85,148.55,16.203123900,55000,55000
24f7cac6ce7e5ae047e596987f395d213dbd08f1,3838.41,147.09,16.128420474,54000,54000
24f7cac6ce7e5ae047e596987f395d213dbd08f1,3860.61,147.50,16.167277220,54000,54000
24f7cac6ce7e5ae047e596987f395d213dbd08f1,3869.63,147.99,16.243599583,55000,54000
24f7cac6ce7e5ae047e596987f395d213dbd08f1,3879.94,148.80,16.292833204,54000,54000
24f7cac6ce7e5ae047e596987f395d213dbd08f1,3851.14,147.37,16.139631966,54000,54000
24f7cac6ce7e5ae047e596987f395d213dbd08f1,3862.89,147.90,16.172536297,54000,54000
24f7cac6ce7e5ae047e596987f395d213dbd08f1,3860.17,148.29,16.219899529,54000,54000
24f7cac6ce7e5ae047e596987f395d213dbd08f1,3856.41,147.85,16.157803892,54000,54000
24f7cac6ce7e5ae047e596987f395d213dbd08f1,3846.61,147.36,16.140216495,54000,54000
24f7cac6ce7e5ae047e596987f395d213dbd08f1,3877.89,148.06,16.260079651,54000,54000
24f7cac6ce7e5ae047e596987f395d213dbd08f1,3833.40,147.16,16.091316173,53000,54000
24f7cac6ce7e5ae047e596987f395d213dbd08f1,3861.04,147.94,16.160305861,54000,54000
24f7cac6ce7e5ae047e596987f395d213dbd08f1,3845.62,146.74,16.141567092,54000,54000
24f7cac6ce7e5ae047e596987f395d213dbd08f1,3857.62,147.18,16.172939605,54000,54000
24f7cac6ce7e5ae047e596987f395d213dbd08f1,3873.57,147.72,16.223936581,54000,54000
24f7cac6ce7e5ae047e596987f395d213dbd08f1,3850.48,146.89,16.137469323,54000,54000
24f7cac6ce7e5ae047e596987f395d213dbd08f1,3858.04,147.93,16.187482598,54000,54000
24f7cac6ce7e5ae047e596987f395d213dbd08f1,3852.31,147.04,16.148004601,54000,54000
24f7cac6ce7e5ae047e596987f395d213dbd08f1,3838.28,146.33,16.074199415,54000,54000
24f7cac6ce7e5ae047e596987f395d213dbd08f1,3827.65,146.62,16.056595538,54000,54000
24f7cac6ce7e5ae047e596987f395d213dbd08f1,3870.55,148.38,16.232909036,55000,54000
24f7cac6ce7e5ae047e596987f395d213dbd08f1,3855.32,147.66,16.162899753,54000,54000
d9fbc9172df1b47317b901fa343395f3ec15fc29,3868.65,147.94,16.171480212,54000,55000
d9fbc9172df1b47317b901fa343395f3ec15fc29,3881.32,148.10,16.240053530,54000,54000
d9fbc9172df1b47317b901fa343395f3ec15fc29,3856.88,147.58,16.174213399,54000,55000
d9fbc9172df1b47317b901fa343395f3ec15fc29,3868.46,148.00,16.227335434,54000,54000
d9fbc9172df1b47317b901fa343395f3ec15fc29,3852.58,147.69,16.141267771,54000,54000
d9fbc9172df1b47317b901fa343395f3ec15fc29,3842.81,146.98,16.113429412,54000,54000
d9fbc9172df1b47317b901fa343395f3ec15fc29,3826.62,146.34,16.055043527,54000,54000
d9fbc9172df1b47317b901fa343395f3ec15fc29,3864.93,147.77,16.194113997,54000,54000
d9fbc9172df1b47317b901fa343395f3ec15fc29,3866.96,148.45,16.198898883,54000,54000
d9fbc9172df1b47317b901fa343395f3ec15fc29,3859.90,148.06,16.169680984,54000,54000
d9fbc9172df1b47317b901fa343395f3ec15fc29,3833.12,146.87,16.089551575,54000,54000
d9fbc9172df1b47317b901fa343395f3ec15fc29,3842.65,147.78,16.115045482,54000,54000
d9fbc9172df1b47317b901fa343395f3ec15fc29,3854.61,147.89,16.160411538,54000,54000
d9fbc9172df1b47317b901fa343395f3ec15fc29,3868.42,148.44,16.233144174,54000,54000
d9fbc9172df1b47317b901fa343395f3ec15fc29,3839.48,147.16,16.100547737,54000,54000
d9fbc9172df1b47317b901fa343395f3ec15fc29,3851.91,147.83,16.180073445,54000,54000
d9fbc9172df1b47317b901fa343395f3ec15fc29,3849.32,147.54,16.146327708,53000,54000
d9fbc9172df1b47317b901fa343395f3ec15fc29,3857.65,147.25,16.170381180,54000,55000
d9fbc9172df1b47317b901fa343395f3ec15fc29,3857.86,147.18,16.174544160,54000,54000
d9fbc9172df1b47317b901fa343395f3ec15fc29,3845.56,146.70,16.129783262,54000,54000
d9fbc9172df1b47317b901fa343395f3ec15fc29,3874.79,148.05,16.250267052,54000,54000
d9fbc9172df1b47317b901fa343395f3ec15fc29,3851.59,147.36,16.175822584,54000,53000
d9fbc9172df1b47317b901fa343395f3ec15fc29,3862.47,147.68,16.185956252,54000,53000
d9fbc9172df1b47317b901fa343395f3ec15fc29,3836.34,146.63,16.112383796,54000,54000
d9fbc9172df1b47317b901fa343395f3ec15fc29,3863.68,148.17,16.194713836,54000,54000
d9fbc9172df1b47317b901fa343395f3ec15fc29,3913.99,150.36,16.406264816,54000,54000
d9fbc9172df1b47317b901fa343395f3ec15fc29,3842.97,147.84,16.116902159,54000,54000
d9fbc9172df1b47317b901fa343395f3ec15fc29,3864.41,148.44,16.214709228,53000,54000
d9fbc9172df1b47317b901fa343395f3ec15fc29,3837.14,146.68,16.089114577,54000,54000
d9fbc9172df1b47317b901fa343395f3ec15fc29,3832.82,146.34,16.088778042,54000,54000
e75be1d186214a4ae65cd4de4931fdfec0832821,3824.11,146.09,16.004479442,54000,55000
e75be1d186214a4ae65cd4de4931fdfec0832821,3831.04,147.20,16.077742754,54000,54000
e75be1d186214a4ae65cd4de4931fdfec0832821,3834.67,146.80,16.065827223,54000,54000
e75be1d186214a4ae65cd4de4931fdfec0832821,3841.25,147.10,16.111881961,54000,54000
e75be1d186214a4ae65cd4de4931fdfec0832821,3855.59,147.62,16.200049457,54000,55000
e75be1d186214a4ae65cd4de4931fdfec0832821,3880.45,148.65,16.274066758,54000,54000
e75be1d186214a4ae65cd4de4931fdfec0832821,3840.40,147.16,16.097214315,54000,55000
e75be1d186214a4ae65cd4de4931fdfec0832821,3839.85,146.63,16.107393713,54000,54000
e75be1d186214a4ae65cd4de4931fdfec0832821,3858.07,148.09,16.169971209,54000,54000
e75be1d186214a4ae65cd4de4931fdfec0832821,3823.37,146.50,16.023372906,54000,55000
e75be1d186214a4ae65cd4de4931fdfec0832821,3846.37,147.37,16.125292718,54000,54000
e75be1d186214a4ae65cd4de4931fdfec0832821,3820.88,146.56,16.026608513,54000,54000
e75be1d186214a4ae65cd4de4931fdfec0832821,3868.03,148.03,16.222113647,55000,54000
e75be1d186214a4ae65cd4de4931fdfec0832821,3829.19,146.86,16.045137502,54000,54000
e75be1d186214a4ae65cd4de4931fdfec0832821,3830.29,146.53,16.034075624,54000,54000
e75be1d186214a4ae65cd4de4931fdfec0832821,3832.54,147.49,16.072136891,54000,54000
e75be1d186214a4ae65cd4de4931fdfec0832821,3816.80,146.58,16.007102998,54000,54000
e75be1d186214a4ae65cd4de4931fdfec0832821,3857.08,147.37,16.207612883,53000,54000
e75be1d186214a4ae65cd4de4931fdfec0832821,3834.11,146.49,16.076728176,54000,54000
e75be1d186214a4ae65cd4de4931fdfec0832821,3827.80,146.09,16.050073888,54000,54000
e75be1d186214a4ae65cd4de4931fdfec0832821,3868.42,147.94,16.217056894,54000,54000
e75be1d186214a4ae65cd4de4931fdfec0832821,3845.73,146.94,16.157836759,54000,55000
e75be1d186214a4ae65cd4de4931fdfec0832821,3868.10,147.88,16.236540912,53000,53000
e75be1d186214a4ae65cd4de4931fdfec0832821,3816.24,146.07,16.018045573,54000,54000
e75be1d186214a4ae65cd4de4931fdfec0832821,3847.55,147.00,16.171440825,54000,54000
e75be1d186214a4ae65cd4de4931fdfec0832821,3847.65,146.86,16.151291996,54000,54000
e75be1d186214a4ae65cd4de4931fdfec0832821,3850.70,147.70,16.135278914,54000,54000
e75be1d186214a4ae65cd4de4931fdfec0832821,3825.47,146.14,16.035484281,54000,54000
e75be1d186214a4ae65cd4de4931fdfec0832821,3815.54,145.82,16.003519913,54000,54000
e75be1d186214a4ae65cd4de4931fdfec0832821,3816.25,145.70,16.008955450,54000,54000
c44fd6eed3dfe0008f721a2de6b73ddcd8363bde,3853.85,147.59,16.109912983,54000,54000
c44fd6eed3dfe0008f721a2de6b73ddcd8363bde,3836.58,146.52,16.060845786,54000,55000
c44fd6eed3dfe0008f721a2de6b73ddcd8363bde,3853.90,147.23,16.117341137,54000,54000
c44fd6eed3dfe0008f721a2de6b73ddcd8363bde,3847.57,147.25,16.085861749,55000,55000
c44fd6eed3dfe0008f721a2de6b73ddcd8363bde,3885.27,148.99,16.289052317,54000,54000
c44fd6eed3dfe0008f721a2de6b73ddcd8363bde,3858.52,147.88,16.189169299,54000,54000
c44fd6eed3dfe0008f721a2de6b73ddcd8363bde,3865.33,148.07,16.195008062,54000,55000
c44fd6eed3dfe0008f721a2de6b73ddcd8363bde,3863.51,147.74,16.176169580,54000,54000
c44fd6eed3dfe0008f721a2de6b73ddcd8363bde,3844.76,147.93,16.132584255,54000,54000
c44fd6eed3dfe0008f721a2de6b73ddcd8363bde,3826.47,146.72,16.052455111,54000,54000
c44fd6eed3dfe0008f721a2de6b73ddcd8363bde,3843.74,146.79,16.110863929,54000,54000
c44fd6eed3dfe0008f721a2de6b73ddcd8363bde,3881.28,149.38,16.268323622,54000,54000
c44fd6eed3dfe0008f721a2de6b73ddcd8363bde,3848.13,147.50,16.141095395,54000,54000
c44fd6eed3dfe0008f721a2de6b73ddcd8363bde,3851.92,147.72,16.142249876,54000,54000
c44fd6eed3dfe0008f721a2de6b73ddcd8363bde,3847.57,147.17,16.137882212,54000,54000
c44fd6eed3dfe0008f721a2de6b73ddcd8363bde,3828.38,146.85,16.078922715,54000,54000
c44fd6eed3dfe0008f721a2de6b73ddcd8363bde,3862.60,147.71,16.163410909,54000,54000
c44fd6eed3dfe0008f721a2de6b73ddcd8363bde,3848.24,146.91,16.152139271,54000,54000
c44fd6eed3dfe0008f721a2de6b73ddcd8363bde,3855.45,147.09,16.179433907,54000,54000
c44fd6eed3dfe0008f721a2de6b73ddcd8363bde,3842.55,146.27,16.119886506,53000,54000
c44fd6eed3dfe0008f721a2de6b73ddcd8363bde,3846.46,147.37,16.125579431,54000,54000
c44fd6eed3dfe0008f721a2de6b73ddcd8363bde,3847.00,147.49,16.138454100,54000,54000
c44fd6eed3dfe0008f721a2de6b73ddcd8363bde,3827.62,146.79,16.039312424,54000,53000
c44fd6eed3dfe0008f721a2de6b73ddcd8363bde,3828.69,146.16,16.053049274,54000,54000
c44fd6eed3dfe0008f721a2de6b73ddcd8363bde,3869.04,148.69,16.225057592,54000,54000
c44fd6eed3dfe0008f721a2de6b73ddcd8363bde,3840.74,147.29,16.107972768,54000,53000
c44fd6eed3dfe0008f721a2de6b73ddcd8363bde,3849.65,147.06,16.132233301,54000,54000
c44fd6eed3dfe0008f721a2de6b73ddcd8363bde,3894.03,149.35,16.326782789,54000,54000
c44fd6eed3dfe0008f721a2de6b73ddcd8363bde,3822.29,146.41,16.041096480,54000,54000
c44fd6eed3dfe0008f721a2de6b73ddcd8363bde,3863.24,147.59,16.198712621,54000,54000
546305a1f2581406af1efede77503cf537d4dae0,3855.94,147.54,16.130451953,54000,54000
546305a1f2581406af1efede77503cf537d4dae0,3869.99,147.70,16.185574170,56000,55000
546305a1f2581406af1efede77503cf537d4dae0,3861.58,147.77,16.191876513,54000,54000
546305a1f2581406af1efede77503cf537d4dae0,3836.23,146.67,16.093637440,54000,54000
546305a1f2581406af1efede77503cf537d4dae0,3849.78,147.68,16.120305845,54000,54000
546305a1f2581406af1efede77503cf537d4dae0,3838.55,147.17,16.097862880,54000,53000
546305a1f2581406af1efede77503cf537d4dae0,3881.67,149.04,16.280824647,54000,54000
546305a1f2581406af1efede77503cf537d4dae0,3855.66,147.40,16.174450857,54000,54000
546305a1f2581406af1efede77503cf537d4dae0,3883.39,148.56,16.258712558,54000,54000
546305a1f2581406af1efede77503cf537d4dae0,3861.81,147.65,16.222739816,54000,54000
546305a1f2581406af1efede77503cf537d4dae0,3843.77,147.74,16.125855693,54000,54000
546305a1f2581406af1efede77503cf537d4dae0,3842.06,147.16,16.105664459,54000,54000
546305a1f2581406af1efede77503cf537d4dae0,3842.39,147.63,16.106845095,54000,54000
546305a1f2581406af1efede77503cf537d4dae0,3843.60,146.90,16.117300505,54000,54000
546305a1f2581406af1efede77503cf537d4dae0,3853.46,148.22,16.145660826,54000,54000
546305a1f2581406af1efede77503cf537d4dae0,3867.64,148.07,16.210767294,54000,54000
546305a1f2581406af1efede77503cf537d4dae0,3841.89,147.62,16.112568072,54000,54000
546305a1f2581406af1efede77503cf537d4dae0,3858.56,148.11,16.188314894,54000,54000
546305a1f2581406af1efede77503cf537d4dae0,3871.30,148.31,16.248373651,53000,54000
546305a1f2581406af1efede77503cf537d4dae0,3856.31,147.56,16.177083963,54000,54000
546305a1f2581406af1efede77503cf537d4dae0,3845.08,147.02,16.125567761,54000,54000
546305a1f2581406af1efede77503cf537d4dae0,3849.73,146.51,16.152275080,54000,54000
546305a1f2581406af1efede77503cf537d4dae0,3853.39,147.25,16.165159948,54000,54000
546305a1f2581406af1efede77503cf537d4dae0,3855.99,147.69,16.193772462,54000,54000
546305a1f2581406af1efede77503cf537d4dae0,3849.00,146.77,16.185330261,54000,54000
546305a1f2581406af1efede77503cf537d4dae0,3847.34,147.35,16.139466299,54000,53000
546305a1f2581406af1efede77503cf537d4dae0,3840.52,147.38,16.090818465,54000,54000
546305a1f2581406af1efede77503cf537d4dae0,3834.07,146.79,16.093273681,54000,54000
546305a1f2581406af1efede77503cf537d4dae0,3835.63,146.74,16.080421145,55000,54000
546305a1f2581406af1efede77503cf537d4dae0,3834.87,146.59,16.058727142,54000,54000
1d1888b7109f55deb97b5c59c10f4649e3cd0466,3846.57,146.69,16.101334124,54000,55000
1d1888b7109f55deb97b5c59c10f4649e3cd0466,3858.50,146.86,16.155630029,55000,54000
1d1888b7109f55deb97b5c59c10f4649e3cd0466,3877.30,147.88,16.244588818,54000,53000
1d1888b7109f55deb97b5c59c10f4649e3cd0466,3842.15,147.02,16.122678082,55000,54000
1d1888b7109f55deb97b5c59c10f4649e3cd0466,3846.61,147.46,16.128829929,54000,54000
1d1888b7109f55deb97b5c59c10f4649e3cd0466,3858.66,148.60,16.186101339,54000,54000
1d1888b7109f55deb97b5c59c10f4649e3cd0466,3835.66,147.11,16.085756747,54000,54000
1d1888b7109f55deb97b5c59c10f4649e3cd0466,3867.31,148.31,16.211310488,55000,54000
1d1888b7109f55deb97b5c59c10f4649e3cd0466,3871.77,148.25,16.224883540,54000,55000
1d1888b7109f55deb97b5c59c10f4649e3cd0466,3838.99,147.42,16.083843585,54000,54000
1d1888b7109f55deb97b5c59c10f4649e3cd0466,3832.77,147.21,16.063253140,54000,54000
1d1888b7109f55deb97b5c59c10f4649e3cd0466,3850.48,147.26,16.150616221,54000,53000
1d1888b7109f55deb97b5c59c10f4649e3cd0466,3848.46,147.14,16.134346827,54000,54000
1d1888b7109f55deb97b5c59c10f4649e3cd0466,3846.43,147.53,16.114260186,54000,54000
1d1888b7109f55deb97b5c59c10f4649e3cd0466,3838.20,146.84,16.078675590,54000,54000
1d1888b7109f55deb97b5c59c10f4649e3cd0466,3851.61,147.34,16.161846941,54000,54000
1d1888b7109f55deb97b5c59c10f4649e3cd0466,3908.50,149.13,16.390255639,54000,54000
1d1888b7109f55deb97b5c59c10f4649e3cd0466,3843.62,146.83,16.117688087,54000,54000
1d1888b7109f55deb97b5c59c10f4649e3cd0466,3865.00,147.79,16.191580308,54000,54000
1d1888b7109f55deb97b5c59c10f4649e3cd0466,3856.48,147.64,16.191925543,54000,54000
1d1888b7109f55deb97b5c59c10f4649e3cd0466,3874.32,148.41,16.253180803,54000,54000
1d1888b7109f55deb97b5c59c10f4649e3cd0466,3858.51,147.72,16.193721866,54000,53000
1d1888b7109f55deb97b5c59c10f4649e3cd0466,3855.45,147.27,16.153880846,54000,54000
1d1888b7109f55deb97b5c59c10f4649e3cd0466,3882.03,148.11,16.278927141,54000,54000
1d1888b7109f55deb97b5c59c10f4649e3cd0466,3885.47,148.61,16.286773135,55000,54000
1d1888b7109f55deb97b5c59c10f4649e3cd0466,3864.73,148.06,16.185742405,54000,54000
1d1888b7109f55deb97b5c59c10f4649e3cd0466,3885.60,148.86,16.273534632,54000,54000
1d1888b7109f55deb97b5c59c10f4649e3cd0466,3850.24,147.33,16.142320693,54000,54000
1d1888b7109f55deb97b5c59c10f4649e3cd0466,3838.54,147.09,16.087089721,54000,54000
1d1888b7109f55deb97b5c59c10f4649e3cd0466,3873.32,148.65,16.245924005,54000,54000
61c069a79bc4473bb771f60d0d2ad890632fc685,3841.37,147.15,16.109669632,54000,55000
61c069a79bc4473bb771f60d0d2ad890632fc685,3902.61,149.21,16.357222424,54000,54000
61c069a79bc4473bb771f60d0d2ad890632fc685,3863.49,147.61,16.178177895,54000,54000
61c069a79bc4473bb771f60d0d2ad890632fc685,3884.78,148.69,16.257499526,54000,54000
61c069a79bc4473bb771f60d0d2ad890632fc685,3889.45,149.14,16.330129823,54000,54000
61c069a79bc4473bb771f60d0d2ad890632fc685,3860.84,147.99,16.172347252,54000,54000
61c069a79bc4473bb771f60d0d2ad890632fc685,3857.60,148.12,16.159752072,54000,54000
61c069a79bc4473bb771f60d0d2ad890632fc685,3857.16,147.65,16.191756881,54000,54000
61c069a79bc4473bb771f60d0d2ad890632fc685,3885.29,149.15,16.317777629,54000,55000
61c069a79bc4473bb771f60d0d2ad890632fc685,3868.20,148.88,16.224155568,54000,55000
61c069a79bc4473bb771f60d0d2ad890632fc685,3877.72,148.52,16.294483565,54000,54000
61c069a79bc4473bb771f60d0d2ad890632fc685,3891.04,148.82,16.300210038,54000,54000
61c069a79bc4473bb771f60d0d2ad890632fc685,3847.86,147.41,16.148804902,54000,54000
61c069a79bc4473bb771f60d0d2ad890632fc685,3904.04,149.35,16.353902257,54000,54000
61c069a79bc4473bb771f60d0d2ad890632fc685,3876.30,148.31,16.254471809,54000,54000
61c069a79bc4473bb771f60d0d2ad890632fc685,3886.19,148.65,16.272398552,54000,55000
61c069a79bc4473bb771f60d0d2ad890632fc685,3864.51,147.98,16.211892658,54000,54000
61c069a79bc4473bb771f60d0d2ad890632fc685,3854.91,147.21,16.148542353,54000,54000
61c069a79bc4473bb771f60d0d2ad890632fc685,3873.99,147.92,16.238717864,54000,54000
61c069a79bc4473bb771f60d0d2ad890632fc685,3857.69,147.46,16.168942128,54000,54000
61c069a79bc4473bb771f60d0d2ad890632fc685,3865.88,147.80,16.212504074,54000,54000
61c069a79bc4473bb771f60d0d2ad890632fc685,3859.30,147.54,16.178707551,54000,54000
61c069a79bc4473bb771f60d0d2ad890632fc685,3871.03,148.13,16.234909772,54000,53000
61c069a79bc4473bb771f60d0d2ad890632fc685,3840.91,146.98,16.110059451,54000,54000
61c069a79bc4473bb771f60d0d2ad890632fc685,3874.17,148.32,16.256502530,54000,54000
61c069a79bc4473bb771f60d0d2ad890632fc685,3872.54,148.32,16.226125480,54000,54000
61c069a79bc4473bb771f60d0d2ad890632fc685,3846.54,147.67,16.115678228,54000,54000
61c069a79bc4473bb771f60d0d2ad890632fc685,3880.61,148.60,16.262420298,54000,54000
61c069a79bc4473bb771f60d0d2ad890632fc685,3848.50,147.87,16.123726788,53000,54000
61c069a79bc4473bb771f60d0d2ad890632fc685,3862.82,147.39,16.195041410,54000,54000
bb7f63452c33091a0a411b2a9128d1af6cb7fd05,4115.05,157.24,17.233007435,56000,54000
bb7f63452c33091a0a411b2a9128d1af6cb7fd05,4082.98,155.95,17.064469841,55000,55000
bb7f63452c33091a0a411b2a9128d1af6cb7fd05,4134.73,158.46,17.324730982,55000,54000
bb7f63452c33091a0a411b2a9128d1af6cb7fd05,4052.30,154.66,16.966139881,54000,54000
bb7f63452c33091a0a411b2a9128d1af6cb7fd05,4054.26,155.59,16.997496776,54000,54000
bb7f63452c33091a0a411b2a9128d1af6cb7fd05,4097.90,157.27,17.167091875,55000,54000
bb7f63452c33091a0a411b2a9128d1af6cb7fd05,4119.54,158.17,17.263669946,54000,55000
bb7f63452c33091a0a411b2a9128d1af6cb7fd05,4070.26,155.40,17.074277314,54000,54000
bb7f63452c33091a0a411b2a9128d1af6cb7fd05,4062.18,155.52,17.003287690,54000,55000
bb7f63452c33091a0a411b2a9128d1af6cb7fd05,4060.33,155.85,17.020301633,55000,54000
bb7f63452c33091a0a411b2a9128d1af6cb7fd05,4068.85,156.37,17.030043196,54000,55000
bb7f63452c33091a0a411b2a9128d1af6cb7fd05,4050.55,155.54,17.025709178,54000,54000
bb7f63452c33091a0a411b2a9128d1af6cb7fd05,4091.44,156.22,17.143517540,54000,54000
bb7f63452c33091a0a411b2a9128d1af6cb7fd05,4083.69,157.03,17.103802059,54000,54000
bb7f63452c33091a0a411b2a9128d1af6cb7fd05,4135.69,158.78,17.314994354,54000,54000
bb7f63452c33091a0a411b2a9128d1af6cb7fd05,4080.63,156.74,17.063432053,54000,54000
bb7f63452c33091a0a411b2a9128d1af6cb7fd05,4103.54,157.34,17.206604645,53000,54000
bb7f63452c33091a0a411b2a9128d1af6cb7fd05,4052.03,155.57,16.969754148,54000,54000
bb7f63452c33091a0a411b2a9128d1af6cb7fd05,4099.26,156.52,17.190769315,54000,53000
bb7f63452c33091a0a411b2a9128d1af6cb7fd05,4122.42,157.30,17.291825741,54000,54000
bb7f63452c33091a0a411b2a9128d1af6cb7fd05,4115.87,157.78,17.243670188,54000,54000
bb7f63452c33091a0a411b2a9128d1af6cb7fd05,4057.39,155.38,17.014070986,54000,54000
bb7f63452c33091a0a411b2a9128d1af6cb7fd05,4070.43,156.07,17.060260113,54000,54000
bb7f63452c33091a0a411b2a9128d1af6cb7fd05,4055.76,155.23,16.985319729,54000,53000
bb7f63452c33091a0a411b2a9128d1af6cb7fd05,4102.19,157.31,17.161011371,54000,54000
bb7f63452c33091a0a411b2a9128d1af6cb7fd05,4073.05,156.07,17.067898013,54000,54000
bb7f63452c33091a0a411b2a9128d1af6cb7fd05,4077.62,156.76,17.050298379,54000,54000
bb7f63452c33091a0a411b2a9128d1af6cb7fd05,4079.67,156.66,17.088282657,54000,54000
bb7f63452c33091a0a411b2a9128d1af6cb7fd05,4045.08,155.00,16.967470551,54000,53000
bb7f63452c33091a0a411b2a9128d1af6cb7fd05,4071.43,156.42,17.070349491,54000,53000
49895fceb3468c7b997092b14c7373f3e00dcb8b,4079.19,156.27,17.058669958,55000,54000
49895fceb3468c7b997092b14c7373f3e00dcb8b,4150.07,159.17,17.379281671,55000,56000
49895fceb3468c7b997092b14c7373f3e00dcb8b,4103.43,157.25,17.189799500,55000,54000
49895fceb3468c7b997092b14c7373f3e00dcb8b,4104.60,157.71,17.200344837,54000,54000
49895fceb3468c7b997092b14c7373f3e00dcb8b,4052.42,155.84,16.999513564,54000,54000
49895fceb3468c7b997092b14c7373f3e00dcb8b,4063.17,155.90,17.017556283,54000,54000
49895fceb3468c7b997092b14c7373f3e00dcb8b,4114.98,157.83,17.234318311,54000,54000
49895fceb3468c7b997092b14c7373f3e00dcb8b,4075.51,157.13,17.107319971,54000,54000
49895fceb3468c7b997092b14c7373f3e00dcb8b,4076.26,157.05,17.061099640,54000,54000
49895fceb3468c7b997092b14c7373f3e00dcb8b,4101.06,157.60,17.203948450,54000,54000
49895fceb3468c7b997092b14c7373f3e00dcb8b,4038.98,154.93,16.950368445,53000,54000
49895fceb3468c7b997092b14c7373f3e00dcb8b,4070.51,156.12,17.035430858,54000,54000
49895fceb3468c7b997092b14c7373f3e00dcb8b,4085.25,157.08,17.146484853,54000,54000
49895fceb3468c7b997092b14c7373f3e00dcb8b,4062.09,155.91,17.042281780,54000,54000
49895fceb3468c7b997092b14c7373f3e00dcb8b,4078.72,156.45,17.102202866,54000,54000
49895fceb3468c7b997092b14c7373f3e00dcb8b,4114.23,157.66,17.234101627,54000,54000
49895fceb3468c7b997092b14c7373f3e00dcb8b,4090.65,156.51,17.159168750,54000,54000
49895fceb3468c7b997092b14c7373f3e00dcb8b,4087.84,156.81,17.127304017,54000,54000
49895fceb3468c7b997092b14c7373f3e00dcb8b,4118.97,157.34,17.271210635,54000,54000
49895fceb3468c7b997092b14c7373f3e00dcb8b,4137.00,158.78,17.325509942,54000,54000
49895fceb3468c7b997092b14c7373f3e00dcb8b,4054.98,155.50,16.977120197,54000,54000
49895fceb3468c7b997092b14c7373f3e00dcb8b,4078.99,156.70,17.052125304,53000,54000
49895fceb3468c7b997092b14c7373f3e00dcb8b,4064.68,155.43,17.031543247,54000,54000
49895fceb3468c7b997092b14c7373f3e00dcb8b,4055.39,155.51,17.018515404,54000,54000
49895fceb3468c7b997092b14c7373f3e00dcb8b,4055.03,155.63,16.980611460,54000,54000
49895fceb3468c7b997092b14c7373f3e00dcb8b,4090.38,156.71,17.148725963,54000,54000
49895fceb3468c7b997092b14c7373f3e00dcb8b,4052.10,155.28,16.969988969,54000,55000
49895fceb3468c7b997092b14c7373f3e00dcb8b,4086.23,157.13,17.105405999,54000,55000
49895fceb3468c7b997092b14c7373f3e00dcb8b,4105.63,157.57,17.177568955,54000,54000
49895fceb3468c7b997092b14c7373f3e00dcb8b,4031.22,154.75,16.921858799,54000,54000
5eed6e09fe175fbde789f66777886fe8ae1c18f6,4105.12,156.85,17.162760045,55000,54000
5eed6e09fe175fbde789f66777886fe8ae1c18f6,4072.11,156.30,17.030564393,54000,55000
5eed6e09fe175fbde789f66777886fe8ae1c18f6,4089.34,156.72,17.112960143,54000,55000
5eed6e09fe175fbde789f66777886fe8ae1c18f6,4072.52,156.22,17.051638426,55000,55000
5eed6e09fe175fbde789f66777886fe8ae1c18f6,4077.60,155.67,17.093352758,54000,54000
5eed6e09fe175fbde789f66777886fe8ae1c18f6,4065.06,156.21,17.058315994,54000,55000
5eed6e09fe175fbde789f66777886fe8ae1c18f6,4095.49,156.73,17.178244511,55000,54000
5eed6e09fe175fbde789f66777886fe8ae1c18f6,4067.71,156.29,17.076879765,54000,55000
5eed6e09fe175fbde789f66777886fe8ae1c18f6,4091.62,157.19,17.144973276,54000,54000
5eed6e09fe175fbde789f66777886fe8ae1c18f6,4084.37,156.58,17.119111059,54000,54000
5eed6e09fe175fbde789f66777886fe8ae1c18f6,4095.39,157.29,17.165069986,54000,54000
5eed6e09fe175fbde789f66777886fe8ae1c18f6,4101.83,157.95,17.195414528,54000,54000
5eed6e09fe175fbde789f66777886fe8ae1c18f6,4073.17,156.52,17.116246284,54000,54000
5eed6e09fe175fbde789f66777886fe8ae1c18f6,4119.75,157.91,17.290077389,54000,54000
5eed6e09fe175fbde789f66777886fe8ae1c18f6,4086.49,156.57,17.143799073,54000,54000
5eed6e09fe175fbde789f66777886fe8ae1c18f6,4069.53,156.96,17.074634354,54000,54000
5eed6e09fe175fbde789f66777886fe8ae1c18f6,4064.82,155.48,17.023894203,54000,54000
5eed6e09fe175fbde789f66777886fe8ae1c18f6,4082.08,156.74,17.108378602,54000,54000
5eed6e09fe175fbde789f66777886fe8ae1c18f6,4034.50,154.80,16.940875186,53000,54000
5eed6e09fe175fbde789f66777886fe8ae1c18f6,4068.31,156.54,17.074539416,54000,54000
5eed6e09fe175fbde789f66777886fe8ae1c18f6,4089.34,157.21,17.164413308,54000,54000
5eed6e09fe175fbde789f66777886fe8ae1c18f6,4058.69,155.73,17.038362613,54000,54000
5eed6e09fe175fbde789f66777886fe8ae1c18f6,4061.46,155.35,17.013712737,53000,54000
5eed6e09fe175fbde789f66777886fe8ae1c18f6,4064.07,155.48,17.033046157,54000,54000
5eed6e09fe175fbde789f66777886fe8ae1c18f6,4069.84,155.07,17.091558634,54000,54000
5eed6e09fe175fbde789f66777886fe8ae1c18f6,4076.04,156.18,17.078646895,54000,54000
5eed6e09fe175fbde789f66777886fe8ae1c18f6,4092.53,156.56,17.155102120,54000,54000
5eed6e09fe175fbde789f66777886fe8ae1c18f6,4084.28,155.74,17.113709874,54000,54000
5eed6e09fe175fbde789f66777886fe8ae1c18f6,4082.82,156.44,17.128180819,54000,54000
5eed6e09fe175fbde789f66777886fe8ae1c18f6,4114.98,157.51,17.231299737,54000,54000
cae882e7d0e769b129d857e37320097c0f622ae8,4091.03,156.75,17.101064106,55000,54000
cae882e7d0e769b129d857e37320097c0f622ae8,4119.94,158.34,17.209997252,54000,54000
cae882e7d0e769b129d857e37320097c0f622ae8,4077.06,156.24,17.059641910,54000,55000
cae882e7d0e769b129d857e37320097c0f622ae8,4099.31,156.37,17.161960370,55000,55000
cae882e7d0e769b129d857e37320097c0f622ae8,4060.19,154.84,17.007300849,54000,54000
cae882e7d0e769b129d857e37320097c0f622ae8,4084.14,156.84,17.123090852,54000,54000
cae882e7d0e769b129d857e37320097c0f622ae8,4098.42,157.59,17.160502307,54000,54000
cae882e7d0e769b129d857e37320097c0f622ae8,4061.67,155.74,17.018656305,54000,54000
cae882e7d0e769b129d857e37320097c0f622ae8,4088.14,157.18,17.155048732,54000,54000
cae882e7d0e769b129d857e37320097c0f622ae8,4057.08,154.76,17.026474966,54000,54000
cae882e7d0e769b129d857e37320097c0f622ae8,4078.37,156.62,17.099339365,54000,55000
cae882e7d0e769b129d857e37320097c0f622ae8,4101.17,156.84,17.193088524,54000,54000
cae882e7d0e769b129d857e37320097c0f622ae8,4083.77,156.60,17.120322723,54000,55000
cae882e7d0e769b129d857e37320097c0f622ae8,4076.43,156.81,17.082876362,54000,54000
cae882e7d0e769b129d857e37320097c0f622ae8,4097.69,157.10,17.168704424,54000,54000
cae882e7d0e769b129d857e37320097c0f622ae8,4050.02,155.23,16.980815458,54000,54000
cae882e7d0e769b129d857e37320097c0f622ae8,4090.00,156.78,17.152130008,53000,54000
cae882e7d0e769b129d857e37320097c0f622ae8,4077.56,156.56,17.114443000,54000,54000
cae882e7d0e769b129d857e37320097c0f622ae8,4052.68,155.75,16.966766042,54000,54000
cae882e7d0e769b129d857e37320097c0f622ae8,4078.54,156.28,17.070283637,54000,54000
cae882e7d0e769b129d857e37320097c0f622ae8,4053.72,154.98,16.984753000,54000,54000
cae882e7d0e769b129d857e37320097c0f622ae8,4065.95,155.89,17.030846834,54000,54000
cae882e7d0e769b129d857e37320097c0f622ae8,4066.18,155.51,17.040984715,54000,54000
cae882e7d0e769b129d857e37320097c0f622ae8,4086.42,156.90,17.143537939,54000,53000
cae882e7d0e769b129d857e37320097c0f622ae8,4060.17,155.14,17.017469133,54000,54000
cae882e7d0e769b129d857e37320097c0f622ae8,4091.89,157.27,17.138892820,54000,54000
cae882e7d0e769b129d857e37320097c0f622ae8,4093.10,157.67,17.169954769,54000,54000
cae882e7d0e769b129d857e37320097c0f622ae8,4052.78,155.31,16.995817986,54000,54000
cae882e7d0e769b129d857e37320097c0f622ae8,4100.42,156.98,17.183095839,54000,54000
cae882e7d0e769b129d857e37320097c0f622ae8,4122.62,158.45,17.293267648,54000,54000
4f1585ddedd21c98087628e25b0cbc1b083cdf7a,4137.88,158.54,17.296723250,55000,55000
4f1585ddedd21c98087628e25b0cbc1b083cdf7a,4121.42,157.75,17.220530595,56000,55000
4f1585ddedd21c98087628e25b0cbc1b083cdf7a,4070.83,155.83,17.058870220,54000,54000
4f1585ddedd21c98087628e25b0cbc1b083cdf7a,4081.87,155.87,17.112738833,54000,54000
4f1585ddedd21c98087628e25b0cbc1b083cdf7a,4081.91,156.07,17.112506922,54000,54000
4f1585ddedd21c98087628e25b0cbc1b083cdf7a,4092.89,157.51,17.157926880,55000,54000
4f1585ddedd21c98087628e25b0cbc1b083cdf7a,4065.87,156.73,17.047060439,54000,54000
4f1585ddedd21c98087628e25b0cbc1b083cdf7a,4098.66,157.58,17.186911804,54000,54000
4f1585ddedd21c98087628e25b0cbc1b083cdf7a,4070.69,156.11,17.080983049,54000,54000
4f1585ddedd21c98087628e25b0cbc1b083cdf7a,4099.56,157.20,17.152807040,54000,54000
4f1585ddedd21c98087628e25b0cbc1b083cdf7a,4073.30,155.91,17.037135008,53000,54000
4f1585ddedd21c98087628e25b0cbc1b083cdf7a,4062.51,156.02,17.019766898,54000,54000
4f1585ddedd21c98087628e25b0cbc1b083cdf7a,4074.45,155.92,17.074852869,54000,54000
4f1585ddedd21c98087628e25b0cbc1b083cdf7a,4088.41,156.81,17.120260889,54000,54000
4f1585ddedd21c98087628e25b0cbc1b083cdf7a,4083.28,156.89,17.138849800,54000,54000
4f1585ddedd21c98087628e25b0cbc1b083cdf7a,4087.18,156.94,17.103824090,54000,54000
4f1585ddedd21c98087628e25b0cbc1b083cdf7a,4116.43,158.25,17.245104186,54000,54000
4f1585ddedd21c98087628e25b0cbc1b083cdf7a,4115.66,157.96,17.211443772,54000,54000
4f1585ddedd21c98087628e25b0cbc1b083cdf7a,4082.27,156.00,17.124667346,54000,55000
4f1585ddedd21c98087628e25b0cbc1b083cdf7a,4077.29,155.77,17.090054615,54000,54000
4f1585ddedd21c98087628e25b0cbc1b083cdf7a,4083.58,156.25,17.097592671,54000,54000
4f1585ddedd21c98087628e25b0cbc1b083cdf7a,4080.88,156.63,17.115184563,54000,54000
4f1585ddedd21c98087628e25b0cbc1b083cdf7a,4110.92,157.66,17.248492806,54000,54000
4f1585ddedd21c98087628e25b0cbc1b083cdf7a,4062.63,155.28,17.009909138,54000,54000
4f1585ddedd21c98087628e25b0cbc1b083cdf7a,4083.77,157.25,17.105275909,53000,54000
4f1585ddedd21c98087628e25b0cbc1b083cdf7a,4087.82,156.59,17.154916878,54000,54000
4f1585ddedd21c98087628e25b0cbc1b083cdf7a,4120.60,157.32,17.268308795,54000,54000
4f1585ddedd21c98087628e25b0cbc1b083cdf7a,4081.28,156.60,17.103198683,54000,54000
4f1585ddedd21c98087628e25b0cbc1b083cdf7a,4060.11,155.96,17.031401126,54000,54000
4f1585ddedd21c98087628e25b0cbc1b083cdf7a,4123.50,158.06,17.295311346,54000,55000
805b30f11aaa4a2d7599aecf4228090f220df0e3,4133.22,158.71,17.271967747,54000,55000
805b30f11aaa4a2d7599aecf4228090f220df0e3,4091.20,156.41,17.117665595,55000,54000
805b30f11aaa4a2d7599aecf4228090f220df0e3,4088.89,156.67,17.129776596,56000,54000
805b30f11aaa4a2d7599aecf4228090f220df0e3,4118.69,158.35,17.268291401,54000,54000
805b30f11aaa4a2d7599aecf4228090f220df0e3,4058.72,156.16,17.019223892,55000,55000
805b30f11aaa4a2d7599aecf4228090f220df0e3,4115.83,157.93,17.245453619,54000,54000
805b30f11aaa4a2d7599aecf4228090f220df0e3,4122.38,158.48,17.270433364,53000,54000
805b30f11aaa4a2d7599aecf4228090f220df0e3,4068.50,156.03,17.057601676,54000,54000
805b30f11aaa4a2d7599aecf4228090f220df0e3,4069.85,156.40,17.049557935,54000,54000
805b30f11aaa4a2d7599aecf4228090f220df0e3,4080.45,157.04,17.110690927,54000,54000
805b30f11aaa4a2d7599aecf4228090f220df0e3,4105.66,157.73,17.181639462,54000,54000
805b30f11aaa4a2d7599aecf4228090f220df0e3,4073.29,156.73,17.051292651,54000,54000
805b30f11aaa4a2d7599aecf4228090f220df0e3,4100.23,156.72,17.204709449,54000,54000
805b30f11aaa4a2d7599aecf4228090f220df0e3,4075.58,156.46,17.114799539,53000,54000
805b30f11aaa4a2d7599aecf4228090f220df0e3,4078.45,156.88,17.091528067,54000,54000
805b30f11aaa4a2d7599aecf4228090f220df0e3,4066.48,155.71,17.036358053,54000,53000
805b30f11aaa4a2d7599aecf4228090f220df0e3,4101.40,156.86,17.210898655,54000,54000
805b30f11aaa4a2d7599aecf4228090f220df0e3,4113.74,158.00,17.232164097,54000,54000
805b30f11aaa4a2d7599aecf4228090f220df0e3,4116.78,156.84,17.264199328,54000,54000
805b30f11aaa4a2d7599aecf4228090f220df0e3,4095.22,156.87,17.202475456,53000,54000
805b30f11aaa4a2d7599aecf4228090f220df0e3,4097.57,156.67,17.178667442,54000,54000
805b30f11aaa4a2d7599aecf4228090f220df0e3,4074.13,155.96,17.073404660,54000,54000
805b30f11aaa4a2d7599aecf4228090f220df0e3,4108.48,157.47,17.236004458,54000,55000
805b30f11aaa4a2d7599aecf4228090f220df0e3,4128.11,158.11,17.318541047,55000,54000
805b30f11aaa4a2d7599aecf4228090f220df0e3,4137.09,158.41,17.331465221,54000,54000
805b30f11aaa4a2d7599aecf4228090f220df0e3,4095.72,157.11,17.158573713,54000,53000
805b30f11aaa4a2d7599aecf4228090f220df0e3,4099.77,157.49,17.194202491,54000,54000
805b30f11aaa4a2d7599aecf4228090f220df0e3,4118.94,157.78,17.260730636,54000,54000
805b30f11aaa4a2d7599aecf4228090f220df0e3,4078.45,156.07,17.100874838,55000,54000
805b30f11aaa4a2d7599aecf4228090f220df0e3,4126.49,158.60,17.304403435,54000,54000
33dc2d4a70c16d420379a98c04590a9d115e9fcb,4139.38,158.60,17.299335346,54000,55000
33dc2d4a70c16d420379a98c04590a9d115e9fcb,4141.95,158.67,17.338428232,56000,56000
33dc2d4a70c16d420379a98c04590a9d115e9fcb,4080.69,156.19,17.064531276,55000,54000
33dc2d4a70c16d420379a98c04590a9d115e9fcb,4080.24,156.44,17.045999896,56000,56000
33dc2d4a70c16d420379a98c04590a9d115e9fcb,4112.94,157.27,17.241280449,54000,54000
33dc2d4a70c16d420379a98c04590a9d115e9fcb,4064.47,156.11,17.040726875,54000,54000
33dc2d4a70c16d420379a98c04590a9d115e9fcb,4110.51,157.55,17.258215294,54000,54000
33dc2d4a70c16d420379a98c04590a9d115e9fcb,4112.91,157.82,17.208601672,54000,54000
33dc2d4a70c16d420379a98c04590a9d115e9fcb,4100.27,157.67,17.144135886,55000,55000
33dc2d4a70c16d420379a98c04590a9d115e9fcb,4106.32,156.92,17.213272818,54000,54000
33dc2d4a70c16d420379a98c04590a9d115e9fcb,4066.28,156.78,17.047034735,54000,54000
33dc2d4a70c16d420379a98c04590a9d115e9fcb,4069.59,156.00,17.054537108,54000,54000
33dc2d4a70c16d420379a98c04590a9d115e9fcb,4075.69,156.03,17.071109248,54000,54000
33dc2d4a70c16d420379a98c04590a9d115e9fcb,4123.39,157.56,17.278611527,54000,54000
33dc2d4a70c16d420379a98c04590a9d115e9fcb,4063.44,155.97,17.034994783,54000,54000
33dc2d4a70c16d420379a98c04590a9d115e9fcb,4125.81,158.79,17.301882241,53000,54000
33dc2d4a70c16d420379a98c04590a9d115e9fcb,4057.69,155.06,17.005560524,54000,54000
33dc2d4a70c16d420379a98c04590a9d115e9fcb,4076.68,155.67,17.085083161,54000,54000
33dc2d4a70c16d420379a98c04590a9d115e9fcb,4101.11,157.03,17.190738928,54000,54000
33dc2d4a70c16d420379a98c04590a9d115e9fcb,4065.00,155.53,17.035960638,54000,54000
33dc2d4a70c16d420379a98c04590a9d115e9fcb,4101.56,156.70,17.184709866,54000,54000
33dc2d4a70c16d420379a98c04590a9d115e9fcb,4130.25,158.56,17.279904619,53000,54000
33dc2d4a70c16d420379a98c04590a9d115e9fcb,4087.75,156.63,17.113018005,54000,54000
33dc2d4a70c16d420379a98c04590a9d115e9fcb,4116.13,157.73,17.242800040,54000,54000
33dc2d4a70c16d420379a98c04590a9d115e9fcb,4088.58,156.80,17.158548951,54000,54000
33dc2d4a70c16d420379a98c04590a9d115e9fcb,4089.59,156.68,17.158919872,54000,54000
33dc2d4a70c16d420379a98c04590a9d115e9fcb,4048.91,154.64,16.972155971,54000,54000
33dc2d4a70c16d420379a98c04590a9d115e9fcb,4110.84,157.48,17.223144074,55000,54000
33dc2d4a70c16d420379a98c04590a9d115e9fcb,4130.81,158.86,17.300965864,54000,53000
33dc2d4a70c16d420379a98c04590a9d115e9fcb,4114.97,157.94,17.244116142,54000,54000
250beeaebf14951fc263a226bb637413a58abbc7,4135.78,158.67,17.306592878,55000,55000
250beeaebf14951fc263a226bb637413a58abbc7,4097.88,157.71,17.157213486,54000,54000
250beeaebf14951fc263a226bb637413a58abbc7,4126.64,157.95,17.293764382,54000,54000
250beeaebf14951fc263a226bb637413a58abbc7,4090.08,156.66,17.127261561,54000,54000
250beeaebf14951fc263a226bb637413a58abbc7,4081.99,156.68,17.097487271,54000,54000
250beeaebf14951fc263a226bb637413a58abbc7,4104.99,158.65,17.222799702,54000,54000
250beeaebf14951fc263a226bb637413a58abbc7,4083.86,156.53,17.098307357,54000,54000
250beeaebf14951fc263a226bb637413a58abbc7,4103.38,157.82,17.191194386,54000,54000
250beeaebf14951fc263a226bb637413a58abbc7,4103.98,157.60,17.217838139,54000,54000
250beeaebf14951fc263a226bb637413a58abbc7,4129.28,159.23,17.306939572,54000,54000
250beeaebf14951fc263a226bb637413a58abbc7,4103.06,157.58,17.214614398,54000,54000
250beeaebf14951fc263a226bb637413a58abbc7,4067.59,155.76,17.028513603,54000,54000
250beeaebf14951fc263a226bb637413a58abbc7,4109.48,157.95,17.252246407,54000,53000
250beeaebf14951fc263a226bb637413a58abbc7,4127.83,157.82,17.292852973,54000,54000
250beeaebf14951fc263a226bb637413a58abbc7,4101.74,156.88,17.205236856,54000,54000
250beeaebf14951fc263a226bb637413a58abbc7,4087.56,156.75,17.104092836,54000,54000
250beeaebf14951fc263a226bb637413a58abbc7,4126.67,158.75,17.277336047,54000,54000
250beeaebf14951fc263a226bb637413a58abbc7,4081.06,156.13,17.102681326,53000,54000
250beeaebf14951fc263a226bb637413a58abbc7,4070.43,155.67,17.073004329,54000,54000
250beeaebf14951fc263a226bb637413a58abbc7,4078.33,155.89,17.097149890,54000,54000
250beeaebf14951fc263a226bb637413a58abbc7,4108.05,157.61,17.208630755,54000,54000
250beeaebf14951fc263a226bb637413a58abbc7,4103.71,157.67,17.208234080,54000,54000
250beeaebf14951fc263a226bb637413a58abbc7,4108.66,157.00,17.220303484,54000,54000
250beeaebf14951fc263a226bb637413a58abbc7,4109.49,157.81,17.217877115,54000,54000
250beeaebf14951fc263a226bb637413a58abbc7,4076.91,156.08,17.082583940,54000,54000
250beeaebf14951fc263a226bb637413a58abbc7,4071.77,156.31,17.058010102,54000,54000
250beeaebf14951fc263a226bb637413a58abbc7,4128.68,158.29,17.314469368,54000,54000
250beeaebf14951fc263a226bb637413a58abbc7,4082.67,156.18,17.099606722,54000,54000
250beeaebf14951fc263a226bb637413a58abbc7,4136.82,158.47,17.317911856,54000,54000
250beeaebf14951fc263a226bb637413a58abbc7,4094.86,157.33,17.165088404,55000,54000
433122cf3e4a01cfb2951ee4355505287ab9bef9,4096.26,156.61,17.134184662,54000,54000
433122cf3e4a01cfb2951ee4355505287ab9bef9,4075.99,156.22,17.083171473,56000,55000
433122cf3e4a01cfb2951ee4355505287ab9bef9,4046.05,154.78,16.955668294,54000,54000
433122cf3e4a01cfb2951ee4355505287ab9bef9,4101.38,157.24,17.196036231,54000,55000
433122cf3e4a01cfb2951ee4355505287ab9bef9,4085.81,156.40,17.114204207,54000,55000
433122cf3e4a01cfb2951ee4355505287ab9bef9,4082.18,156.21,17.126012243,54000,54000
433122cf3e4a01cfb2951ee4355505287ab9bef9,4078.59,156.82,17.080796731,54000,55000
433122cf3e4a01cfb2951ee4355505287ab9bef9,4154.61,159.46,17.407235984,54000,54000
433122cf3e4a01cfb2951ee4355505287ab9bef9,4140.52,158.59,17.353695644,54000,54000
433122cf3e4a01cfb2951ee4355505287ab9bef9,4119.93,157.84,17.263210515,54000,54000
433122cf3e4a01cfb2951ee4355505287ab9bef9,4107.65,157.78,17.209217990,54000,54000
433122cf3e4a01cfb2951ee4355505287ab9bef9,4122.01,158.55,17.257154969,54000,54000
433122cf3e4a01cfb2951ee4355505287ab9bef9,4069.82,155.99,17.057284333,54000,54000
433122cf3e4a01cfb2951ee4355505287ab9bef9,4096.05,156.48,17.207537792,54000,54000
433122cf3e4a01cfb2951ee4355505287ab9bef9,4104.95,157.48,17.187862671,54000,54000
433122cf3e4a01cfb2951ee4355505287ab9bef9,4063.03,155.69,17.005428303,53000,54000
433122cf3e4a01cfb2951ee4355505287ab9bef9,4118.76,158.21,17.264621576,54000,54000
433122cf3e4a01cfb2951ee4355505287ab9bef9,4092.89,156.95,17.128343896,54000,54000
433122cf3e4a01cfb2951ee4355505287ab9bef9,4083.56,156.76,17.110738485,54000,54000
433122cf3e4a01cfb2951ee4355505287ab9bef9,4072.40,155.33,17.086763410,54000,54000
433122cf3e4a01cfb2951ee4355505287ab9bef9,4097.51,156.87,17.176946999,54000,54000
433122cf3e4a01cfb2951ee4355505287ab9bef9,4101.37,156.82,17.198393198,54000,54000
433122cf3e4a01cfb2951ee4355505287ab9bef9,4165.35,159.59,17.454963328,54000,54000
433122cf3e4a01cfb2951ee4355505287ab9bef9,4083.30,156.84,17.085594166,54000,54000
433122cf3e4a01cfb2951ee4355505287ab9bef9,4129.77,158.09,17.301549425,54000,54000
433122cf3e4a01cfb2951ee4355505287ab9bef9,4096.73,157.48,17.160208933,54000,54000
433122cf3e4a01cfb2951ee4355505287ab9bef9,4118.11,157.61,17.276742184,54000,54000
433122cf3e4a01cfb2951ee4355505287ab9bef9,4116.42,157.39,17.252211590,54000,54000
433122cf3e4a01cfb2951ee4355505287ab9bef9,4094.94,156.66,17.156491752,54000,54000
433122cf3e4a01cfb2951ee4355505287ab9bef9,4130.95,158.50,17.303254706,54000,54000
932af20c3e28b98f052777ae6c8d063ac721cf2e,4160.72,159.66,17.434363331,53000,53000
932af20c3e28b98f052777ae6c8d063ac721cf2e,4105.84,157.66,17.193103600,54000,54000
932af20c3e28b98f052777ae6c8d063ac721cf2e,4120.70,158.55,17.331132509,54000,54000
932af20c3e28b98f052777ae6c8d063ac721cf2e,4151.10,159.59,17.439851443,54000,54000
932af20c3e28b98f052777ae6c8d063ac721cf2e,4123.47,158.28,17.304184299,54000,54000
932af20c3e28b98f052777ae6c8d063ac721cf2e,4121.25,158.07,17.283815508,54000,53000
932af20c3e28b98f052777ae6c8d063ac721cf2e,4134.57,158.61,17.317386874,54000,55000
932af20c3e28b98f052777ae6c8d063ac721cf2e,4135.15,158.89,17.370264673,54000,54000
932af20c3e28b98f052777ae6c8d063ac721cf2e,4158.19,159.96,17.455014687,54000,55000
932af20c3e28b98f052777ae6c8d063ac721cf2e,4100.03,157.56,17.178180054,54000,55000
932af20c3e28b98f052777ae6c8d063ac721cf2e,4119.88,157.85,17.268019460,54000,54000
932af20c3e28b98f052777ae6c8d063ac721cf2e,4092.78,156.77,17.156101368,54000,54000
932af20c3e28b98f052777ae6c8d063ac721cf2e,4120.38,158.14,17.344438555,54000,54000
932af20c3e28b98f052777ae6c8d063ac721cf2e,4099.24,157.44,17.180222976,54000,54000
932af20c3e28b98f052777ae6c8d063ac721cf2e,4148.89,158.82,17.388013213,54000,54000
932af20c3e28b98f052777ae6c8d063ac721cf2e,4114.06,157.56,17.247599000,54000,54000
932af20c3e28b98f052777ae6c8d063ac721cf2e,4131.10,158.00,17.295526516,54000,54000
932af20c3e28b98f052777ae6c8d063ac721cf2e,4117.65,158.09,17.300999064,54000,54000
932af20c3e28b98f052777ae6c8d063ac721cf2e,4128.69,158.40,17.341050971,54000,54000
932af20c3e28b98f052777ae6c8d063ac721cf2e,4090.31,157.36,17.188422313,54000,54000
932af20c3e28b98f052777ae6c8d063ac721cf2e,4102.44,158.33,17.197954782,54000,54000
932af20c3e28b98f052777ae6c8d063ac721cf2e,4117.54,158.54,17.303588417,54000,54000
932af20c3e28b98f052777ae6c8d063ac721cf2e,4110.52,157.38,17.218107785,53000,54000
932af20c3e28b98f052777ae6c8d063ac721cf2e,4123.88,158.47,17.309522939,54000,54000
932af20c3e28b98f052777ae6c8d063ac721cf2e,4158.52,159.75,17.442979997,54000,54000
932af20c3e28b98f052777ae6c8d063ac721cf2e,4068.71,155.94,17.086573148,54000,54000
932af20c3e28b98f052777ae6c8d063ac721cf2e,4104.44,156.83,17.258467185,54000,54000
932af20c3e28b98f052777ae6c8d063ac721cf2e,4109.03,157.26,17.254206507,53000,54000
932af20c3e28b98f052777ae6c8d063ac721cf2e,4106.26,157.17,17.208963115,55000,54000
932af20c3e28b98f052777ae6c8d063ac721cf2e,4098.75,156.82,17.173671581,54000,54000
244f7634571683bf27ee0ced9c33639537ff2ae5,4091.56,156.66,17.145830808,54000,54000
244f7634571683bf27ee0ced9c33639537ff2ae5,4099.53,157.07,17.212061515,54000,53000
244f7634571683bf27ee0ced9c33639537ff2ae5,4108.88,157.26,17.227231267,54000,55000
244f7634571683bf27ee0ced9c33639537ff2ae5,4125.75,158.40,17.308715057,54000,54000
244f7634571683bf27ee0ced9c33639537ff2ae5,4111.16,157.82,17.233047231,55000,54000
244f7634571683bf27ee0ced9c33639537ff2ae5,4105.46,157.52,17.221054128,54000,54000
244f7634571683bf27ee0ced9c33639537ff2ae5,4114.81,157.56,17.261658242,54000,54000
244f7634571683bf27ee0ced9c33639537ff2ae5,4052.46,155.16,17.006591470,54000,54000
244f7634571683bf27ee0ced9c33639537ff2ae5,4098.61,156.79,17.179047466,54000,54000
244f7634571683bf27ee0ced9c33639537ff2ae5,4116.31,157.92,17.269744982,54000,55000
244f7634571683bf27ee0ced9c33639537ff2ae5,4076.83,156.79,17.087755171,54000,54000
244f7634571683bf27ee0ced9c33639537ff2ae5,4081.36,156.69,17.102490543,54000,54000
244f7634571683bf27ee0ced9c33639537ff2ae5,4085.65,156.84,17.145572763,54000,54000
244f7634571683bf27ee0ced9c33639537ff2ae5,4147.90,159.95,17.405028265,54000,54000
244f7634571683bf27ee0ced9c33639537ff2ae5,4123.20,158.43,17.302055951,54000,54000
244f7634571683bf27ee0ced9c33639537ff2ae5,4120.19,158.15,17.303948543,54000,54000
244f7634571683bf27ee0ced9c33639537ff2ae5,4076.76,155.95,17.107737701,54000,54000
244f7634571683bf27ee0ced9c33639537ff2ae5,4130.92,158.83,17.323333473,54000,53000
244f7634571683bf27ee0ced9c33639537ff2ae5,4105.78,157.38,17.222448674,54000,54000
244f7634571683bf27ee0ced9c33639537ff2ae5,4139.04,158.94,17.328127011,54000,54000
244f7634571683bf27ee0ced9c33639537ff2ae5,4094.47,157.32,17.182078292,55000,54000
244f7634571683bf27ee0ced9c33639537ff2ae5,4191.93,160.90,17.610260980,54000,54000
244f7634571683bf27ee0ced9c33639537ff2ae5,4109.97,157.51,17.269921038,54000,54000
244f7634571683bf27ee0ced9c33639537ff2ae5,4103.49,157.17,17.244562369,54000,54000
244f7634571683bf27ee0ced9c33639537ff2ae5,4088.30,156.19,17.130986104,54000,54000
244f7634571683bf27ee0ced9c33639537ff2ae5,4120.75,158.19,17.339009893,54000,54000
244f7634571683bf27ee0ced9c33639537ff2ae5,4088.17,156.10,17.180791411,54000,54000
244f7634571683bf27ee0ced9c33639537ff2ae5,4106.82,156.78,17.231659808,54000,54000
244f7634571683bf27ee0ced9c33639537ff2ae5,4086.46,156.61,17.155198968,54000,54000
244f7634571683bf27ee0ced9c33639537ff2ae5,4077.24,156.41,17.075503214,54000,54000
ea7259126e630ac2129c53bfdf48c5f0f834226b,4132.63,158.65,17.302892946,53000,54000
ea7259126e630ac2129c53bfdf48c5f0f834226b,4081.35,157.06,17.099024819,54000,55000
ea7259126e630ac2129c53bfdf48c5f0f834226b,4087.60,156.34,17.142754091,54000,54000
ea7259126e630ac2129c53bfdf48c5f0f834226b,4096.93,157.24,17.191087312,54000,54000
ea7259126e630ac2129c53bfdf48c5f0f834226b,4109.52,157.86,17.227988845,55000,54000
ea7259126e630ac2129c53bfdf48c5f0f834226b,4097.85,157.44,17.157096259,55000,54000
ea7259126e630ac2129c53bfdf48c5f0f834226b,4072.44,155.92,17.065663355,54000,54000
ea7259126e630ac2129c53bfdf48c5f0f834226b,4105.19,157.37,17.236425783,54000,54000
ea7259126e630ac2129c53bfdf48c5f0f834226b,4132.89,158.32,17.321994087,54000,54000
ea7259126e630ac2129c53bfdf48c5f0f834226b,4077.72,156.49,17.101443250,54000,54000
ea7259126e630ac2129c53bfdf48c5f0f834226b,4144.29,158.69,17.393375340,54000,54000
ea7259126e630ac2129c53bfdf48c5f0f834226b,4141.28,158.91,17.393980029,54000,54000
ea7259126e630ac2129c53bfdf48c5f0f834226b,4147.70,159.09,17.424326296,54000,54000
ea7259126e630ac2129c53bfdf48c5f0f834226b,4054.52,155.30,17.006140475,54000,54000
ea7259126e630ac2129c53bfdf48c5f0f834226b,4093.57,156.54,17.132302749,54000,54000
ea7259126e630ac2129c53bfdf48c5f0f834226b,4108.77,157.40,17.203976365,55000,54000
ea7259126e630ac2129c53bfdf48c5f0f834226b,4108.69,157.99,17.264562680,54000,54000
ea7259126e630ac2129c53bfdf48c5f0f834226b,4132.89,158.12,17.322624277,54000,54000
ea7259126e630ac2129c53bfdf48c5f0f834226b,4130.81,158.98,17.335311610,54000,54000
ea7259126e630ac2129c53bfdf48c5f0f834226b,4085.18,157.04,17.160515211,54000,54000
ea7259126e630ac2129c53bfdf48c5f0f834226b,4049.25,154.68,16.977143671,54000,54000
ea7259126e630ac2129c53bfdf48c5f0f834226b,4115.76,158.34,17.267568044,54000,54000
ea7259126e630ac2129c53bfdf48c5f0f834226b,4093.91,157.27,17.185991551,54000,54000
ea7259126e630ac2129c53bfdf48c5f0f834226b,4138.89,159.53,17.379003362,54000,54000
ea7259126e630ac2129c53bfdf48c5f0f834226b,4059.71,156.04,17.047266829,55000,54000
ea7259126e630ac2129c53bfdf48c5f0f834226b,4146.36,159.01,17.373348609,54000,54000
ea7259126e630ac2129c53bfdf48c5f0f834226b,4217.32,161.24,17.676772088,54000,54000
ea7259126e630ac2129c53bfdf48c5f0f834226b,4100.06,156.55,17.202786458,54000,54000
ea7259126e630ac2129c53bfdf48c5f0f834226b,4064.02,155.34,17.048664496,54000,54000
ea7259126e630ac2129c53bfdf48c5f0f834226b,4100.68,157.79,17.240999023,54000,54000
dc01e89deded9b2057cc08fea998078d73768a50,4095.06,157.04,17.175530711,54000,53000
dc01e89deded9b2057cc08fea998078d73768a50,4084.97,156.50,17.115427772,54000,53000
dc01e89deded9b2057cc08fea998078d73768a50,4073.44,156.21,17.089411623,54000,54000
dc01e89deded9b2057cc08fea998078d73768a50,4076.41,156.91,17.114889645,55000,54000
dc01e89deded9b2057cc08fea998078d73768a50,4087.95,156.35,17.147617713,54000,55000
dc01e89deded9b2057cc08fea998078d73768a50,4083.50,157.58,17.110400696,54000,54000
dc01e89deded9b2057cc08fea998078d73768a50,4132.49,158.65,17.339477080,54000,54000
dc01e89deded9b2057cc08fea998078d73768a50,4057.75,155.57,17.032432562,54000,54000
dc01e89deded9b2057cc08fea998078d73768a50,4069.80,156.28,17.083711717,55000,54000
dc01e89deded9b2057cc08fea998078d73768a50,4094.14,156.70,17.199183132,54000,54000
dc01e89deded9b2057cc08fea998078d73768a50,4083.83,156.23,17.116360469,54000,54000
dc01e89deded9b2057cc08fea998078d73768a50,4129.53,158.38,17.334607409,54000,54000
dc01e89deded9b2057cc08fea998078d73768a50,4095.83,156.47,17.160506705,54000,54000
dc01e89deded9b2057cc08fea998078d73768a50,4057.06,155.19,17.031188319,54000,54000
dc01e89deded9b2057cc08fea998078d73768a50,4124.82,158.04,17.322200993,54000,54000
dc01e89deded9b2057cc08fea998078d73768a50,4098.45,157.59,17.196357488,54000,54000
dc01e89deded9b2057cc08fea998078d73768a50,4089.84,157.16,17.177374115,54000,54000
dc01e89deded9b2057cc08fea998078d73768a50,4071.04,156.94,17.090774758,55000,54000
dc01e89deded9b2057cc08fea998078d73768a50,4077.78,156.68,17.114482027,54000,54000
dc01e89deded9b2057cc08fea998078d73768a50,4136.09,158.61,17.376601934,54000,54000
dc01e89deded9b2057cc08fea998078d73768a50,4058.24,155.95,17.035403785,54000,54000
dc01e89deded9b2057cc08fea998078d73768a50,4143.48,159.24,17.359720303,54000,54000
dc01e89deded9b2057cc08fea998078d73768a50,4081.45,157.00,17.134622637,54000,54000
dc01e89deded9b2057cc08fea998078d73768a50,4152.19,159.43,17.403754159,54000,55000
dc01e89deded9b2057cc08fea998078d73768a50,4160.05,159.79,17.508035250,54000,54000
dc01e89deded9b2057cc08fea998078d73768a50,4071.22,155.61,17.048266919,54000,54000
dc01e89deded9b2057cc08fea998078d73768a50,4058.91,155.34,17.031202371,54000,54000
dc01e89deded9b2057cc08fea998078d73768a50,4129.49,158.42,17.345303532,54000,54000
dc01e89deded9b2057cc08fea998078d73768a50,4076.16,156.08,17.079614769,54000,54000
dc01e89deded9b2057cc08fea998078d73768a50,4142.67,158.39,17.360828181,54000,54000
c6821b34e02861032a7f10e73f274b0b65616968,4101.15,157.27,17.175771259,54000,54000
c6821b34e02861032a7f10e73f274b0b65616968,4141.96,159.44,17.372905361,54000,54000
c6821b34e02861032a7f10e73f274b0b65616968,4115.95,158.25,17.272976242,54000,54000
c6821b34e02861032a7f10e73f274b0b65616968,4069.11,156.20,17.080309720,54000,54000
c6821b34e02861032a7f10e73f274b0b65616968,4074.65,156.49,17.087255304,54000,54000
c6821b34e02861032a7f10e73f274b0b65616968,4142.98,158.94,17.357568495,54000,55000
c6821b34e02861032a7f10e73f274b0b65616968,4079.38,156.07,17.094088093,54000,54000
c6821b34e02861032a7f10e73f274b0b65616968,4081.53,156.34,17.105974098,54000,54000
c6821b34e02861032a7f10e73f274b0b65616968,4079.11,156.70,17.109841843,55000,54000
c6821b34e02861032a7f10e73f274b0b65616968,4142.78,158.37,17.377078527,54000,54000
c6821b34e02861032a7f10e73f274b0b65616968,4084.85,156.62,17.161247633,54000,54000
c6821b34e02861032a7f10e73f274b0b65616968,4128.48,158.18,17.295336596,54000,54000
c6821b34e02861032a7f10e73f274b0b65616968,4168.65,160.22,17.473131357,54000,54000
c6821b34e02861032a7f10e73f274b0b65616968,4073.58,155.77,17.122980555,53000,55000
c6821b34e02861032a7f10e73f274b0b65616968,4106.28,157.76,17.228752887,56000,54000
c6821b34e02861032a7f10e73f274b0b65616968,4128.57,157.96,17.337634270,54000,55000
c6821b34e02861032a7f10e73f274b0b65616968,4072.30,156.28,17.095124980,55000,54000
c6821b34e02861032a7f10e73f274b0b65616968,4109.38,157.54,17.294736892,54000,53000
c6821b34e02861032a7f10e73f274b0b65616968,4136.15,158.90,17.376902672,54000,54000
c6821b34e02861032a7f10e73f274b0b65616968,4101.01,157.12,17.241632208,54000,54000
c6821b34e02861032a7f10e73f274b0b65616968,4118.48,157.84,17.263969327,54000,54000
c6821b34e02861032a7f10e73f274b0b65616968,4103.07,157.54,17.217259152,54000,55000
c6821b34e02861032a7f10e73f274b0b65616968,4194.20,160.90,17.631962831,53000,54000
c6821b34e02861032a7f10e73f274b0b65616968,4097.30,157.70,17.191016888,54000,54000
c6821b34e02861032a7f10e73f274b0b65616968,4087.82,156.56,17.125088399,54000,54000
c6821b34e02861032a7f10e73f274b0b65616968,4061.54,154.79,17.086198940,54000,54000
c6821b34e02861032a7f10e73f274b0b65616968,4141.73,158.68,17.385066256,54000,54000
c6821b34e02861032a7f10e73f274b0b65616968,4089.11,155.96,17.182583388,54000,54000
c6821b34e02861032a7f10e73f274b0b65616968,4071.31,156.25,17.083552547,54000,55000
c6821b34e02861032a7f10e73f274b0b65616968,4130.33,159.25,17.322908727,54000,54000
252c112a1f427dc16b379971c72f63b313ad5750,4128.87,158.45,17.304551110,54000,53000
252c112a1f427dc16b379971c72f63b313ad5750,4086.55,156.52,17.145044201,54000,54000
252c112a1f427dc16b379971c72f63b313ad5750,4063.94,156.15,17.061399308,54000,54000
252c112a1f427dc16b379971c72f63b313ad5750,4097.26,157.45,17.173476351,54000,54000
252c112a1f427dc16b379971c72f63b313ad5750,4112.62,158.06,17.241095882,54000,55000
252c112a1f427dc16b379971c72f63b313ad5750,4101.85,157.46,17.187243751,54000,54000
252c112a1f427dc16b379971c72f63b313ad5750,4100.75,157.35,17.194078564,54000,54000
252c112a1f427dc16b379971c72f63b313ad5750,4111.34,157.88,17.300872377,54000,54000
252c112a1f427dc16b379971c72f63b313ad5750,4075.63,156.06,17.149899182,54000,54000
252c112a1f427dc16b379971c72f63b313ad5750,4101.25,156.77,17.197642032,54000,54000
252c112a1f427dc16b379971c72f63b313ad5750,4131.26,157.69,17.316470764,54000,54000
252c112a1f427dc16b379971c72f63b313ad5750,4118.12,158.07,17.246441711,54000,54000
252c112a1f427dc16b379971c72f63b313ad5750,4126.37,157.95,17.329471265,54000,54000
252c112a1f427dc16b379971c72f63b313ad5750,4081.96,156.86,17.148910901,54000,54000
252c112a1f427dc16b379971c72f63b313ad5750,4082.89,156.25,17.151398818,54000,54000
252c112a1f427dc16b379971c72f63b313ad5750,4073.24,156.74,17.069518692,54000,54000
252c112a1f427dc16b379971c72f63b313ad5750,4113.07,157.76,17.242055138,54000,54000
252c112a1f427dc16b379971c72f63b313ad5750,4175.34,159.70,17.535890671,54000,54000
252c112a1f427dc16b379971c72f63b313ad5750,4115.26,157.86,17.259671022,54000,54000
252c112a1f427dc16b379971c72f63b313ad5750,4176.35,160.50,17.517651009,54000,54000
252c112a1f427dc16b379971c72f63b313ad5750,4107.94,157.77,17.255242619,54000,54000
252c112a1f427dc16b379971c72f63b313ad5750,4109.07,157.78,17.220802790,54000,54000
252c112a1f427dc16b379971c72f63b313ad5750,4071.36,156.10,17.119861490,54000,53000
252c112a1f427dc16b379971c72f63b313ad5750,4081.82,155.54,17.109800681,54000,53000
252c112a1f427dc16b379971c72f63b313ad5750,4099.36,156.71,17.215374749,54000,53000
252c112a1f427dc16b379971c72f63b313ad5750,4102.76,156.94,17.226271649,54000,54000
252c112a1f427dc16b379971c72f63b313ad5750,4111.65,157.14,17.258397244,54000,53000
252c112a1f427dc16b379971c72f63b313ad5750,4091.57,156.27,17.158814032,54000,54000
252c112a1f427dc16b379971c72f63b313ad5750,4104.75,156.97,17.225989951,54000,54000
252c112a1f427dc16b379971c72f63b313ad5750,4095.63,156.98,17.218605014,54000,54000
9529d3381bd0c00cca11000da8bf3a8c4ec961d4,4137.79,158.97,17.325588225,54000,54000
9529d3381bd0c00cca11000da8bf3a8c4ec961d4,4092.42,157.93,17.161456452,54000,54000
9529d3381bd0c00cca11000da8bf3a8c4ec961d4,4135.19,159.26,17.335210444,54000,54000
9529d3381bd0c00cca11000da8bf3a8c4ec961d4,4110.73,158.23,17.237092030,54000,54000
9529d3381bd0c00cca11000da8bf3a8c4ec961d4,4102.91,157.02,17.213945518,54000,55000
9529d3381bd0c00cca11000da8bf3a8c4ec961d4,4113.66,157.52,17.246579698,54000,55000
9529d3381bd0c00cca11000da8bf3a8c4ec961d4,4105.59,158.03,17.215284199,54000,54000
9529d3381bd0c00cca11000da8bf3a8c4ec961d4,4124.50,158.80,17.275534412,55000,54000
9529d3381bd0c00cca11000da8bf3a8c4ec961d4,4119.97,158.30,17.260149039,54000,54000
9529d3381bd0c00cca11000da8bf3a8c4ec961d4,4157.11,159.02,17.416222669,54000,54000
9529d3381bd0c00cca11000da8bf3a8c4ec961d4,4145.07,159.32,17.376570405,53000,54000
9529d3381bd0c00cca11000da8bf3a8c4ec961d4,4180.08,161.31,17.545891682,54000,54000
9529d3381bd0c00cca11000da8bf3a8c4ec961d4,4093.20,157.39,17.169545836,54000,54000
9529d3381bd0c00cca11000da8bf3a8c4ec961d4,4153.61,159.98,17.410569562,54000,54000
9529d3381bd0c00cca11000da8bf3a8c4ec961d4,4116.68,157.54,17.298223258,54000,54000
9529d3381bd0c00cca11000da8bf3a8c4ec961d4,4138.68,158.66,17.354607510,54000,54000
9529d3381bd0c00cca11000da8bf3a8c4ec961d4,4143.35,158.98,17.370484003,54000,54000
9529d3381bd0c00cca11000da8bf3a8c4ec961d4,4190.10,160.82,17.544147711,54000,54000
9529d3381bd0c00cca11000da8bf3a8c4ec961d4,4136.14,158.83,17.382589802,54000,54000
9529d3381bd0c00cca11000da8bf3a8c4ec961d4,4141.98,159.14,17.394549529,54000,53000
9529d3381bd0c00cca11000da8bf3a8c4ec961d4,4191.89,161.24,17.569067114,54000,54000
9529d3381bd0c00cca11000da8bf3a8c4ec961d4,4115.40,158.29,17.281852657,54000,54000
9529d3381bd0c00cca11000da8bf3a8c4ec961d4,4116.86,158.36,17.293205461,54000,54000
9529d3381bd0c00cca11000da8bf3a8c4ec961d4,4133.01,159.69,17.322293060,54000,54000
9529d3381bd0c00cca11000da8bf3a8c4ec961d4,4136.26,159.20,17.357158332,54000,54000
9529d3381bd0c00cca11000da8bf3a8c4ec961d4,4143.25,159.28,17.372459861,53000,54000
9529d3381bd0c00cca11000da8bf3a8c4ec961d4,4196.89,160.86,17.586086262,54000,54000
9529d3381bd0c00cca11000da8bf3a8c4ec961d4,4118.31,157.81,17.285259523,54000,55000
9529d3381bd0c00cca11000da8bf3a8c4ec961d4,4140.39,158.75,17.376662526,54000,54000
9529d3381bd0c00cca11000da8bf3a8c4ec961d4,4125.26,157.94,17.322407817,54000,54000
debfa4ab369e6b53ea001c634557eb9fa8b625de,4097.46,157.34,17.170795476,54000,53000
debfa4ab369e6b53ea001c634557eb9fa8b625de,4119.42,157.95,17.264447470,54000,54000
debfa4ab369e6b53ea001c634557eb9fa8b625de,4164.99,160.21,17.471482179,54000,54000
debfa4ab369e6b53ea001c634557eb9fa8b625de,4172.91,160.42,17.541963172,54000,54000
debfa4ab369e6b53ea001c634557eb9fa8b625de,4083.92,157.18,17.139993516,54000,54000
debfa4ab369e6b53ea001c634557eb9fa8b625de,4199.19,161.65,17.611124752,54000,54000
debfa4ab369e6b53ea001c634557eb9fa8b625de,4181.69,160.18,17.528044956,54000,54000
debfa4ab369e6b53ea001c634557eb9fa8b625de,4114.89,158.24,17.256959004,54000,54000
debfa4ab369e6b53ea001c634557eb9fa8b625de,4122.01,158.44,17.302259572,54000,54000
debfa4ab369e6b53ea001c634557eb9fa8b625de,4176.64,160.51,17.544009847,54000,53000
debfa4ab369e6b53ea001c634557eb9fa8b625de,4121.86,157.96,17.303363991,54000,54000
debfa4ab369e6b53ea001c634557eb9fa8b625de,4128.92,157.95,17.333585609,54000,54000
debfa4ab369e6b53ea001c634557eb9fa8b625de,4103.59,157.41,17.236050377,54000,54000
debfa4ab369e6b53ea001c634557eb9fa8b625de,4150.01,158.84,17.378745625,54000,54000
debfa4ab369e6b53ea001c634557eb9fa8b625de,4117.46,158.39,17.289520480,54000,54000
debfa4ab369e6b53ea001c634557eb9fa8b625de,4134.28,159.03,17.342341062,54000,54000
debfa4ab369e6b53ea001c634557eb9fa8b625de,4117.02,158.22,17.276788041,54000,54000
debfa4ab369e6b53ea001c634557eb9fa8b625de,4128.02,159.01,17.302806885,54000,54000
debfa4ab369e6b53ea001c634557eb9fa8b625de,4115.75,158.30,17.252264061,54000,54000
debfa4ab369e6b53ea001c634557eb9fa8b625de,4108.44,158.12,17.216292545,53000,54000
debfa4ab369e6b53ea001c634557eb9fa8b625de,4101.45,157.32,17.215799484,54000,54000
debfa4ab369e6b53ea001c634557eb9fa8b625de,4123.55,158.25,17.273341051,54000,54000
debfa4ab369e6b53ea001c634557eb9fa8b625de,4232.58,161.82,17.740473411,54000,54000
debfa4ab369e6b53ea001c634557eb9fa8b625de,4099.37,157.65,17.193373340,54000,54000
debfa4ab369e6b53ea001c634557eb9fa8b625de,4093.20,157.09,17.172099089,54000,54000
debfa4ab369e6b53ea001c634557eb9fa8b625de,4109.18,157.19,17.246396623,54000,54000
debfa4ab369e6b53ea001c634557eb9fa8b625de,4078.11,156.81,17.095194266,54000,54000
debfa4ab369e6b53ea001c634557eb9fa8b625de,4111.58,156.96,17.242612563,54000,55000
debfa4ab369e6b53ea001c634557eb9fa8b625de,4128.17,157.78,17.296257483,54000,54000
debfa4ab369e6b53ea001c634557eb9fa8b625de,4159.60,159.37,17.420833499,54000,54000
86f40955e6268bda451c7572db67605f1041ca86,4148.36,159.20,17.373607788,54000,54000
86f40955e6268bda451c7572db67605f1041ca86,4134.37,159.34,17.345944688,54000,53000
86f40955e6268bda451c7572db67605f1041ca86,4161.68,160.32,17.485682700,54000,54000
86f40955e6268bda451c7572db67605f1041ca86,4125.36,159.11,17.296500033,54000,53000
86f40955e6268bda451c7572db67605f1041ca86,4133.09,158.98,17.331265375,54000,54000
86f40955e6268bda451c7572db67605f1041ca86,4161.10,159.63,17.448881485,54000,55000
86f40955e6268bda451c7572db67605f1041ca86,4167.73,160.67,17.472667078,54000,54000
86f40955e6268bda451c7572db67605f1041ca86,4157.05,159.78,17.379531799,55000,55000
86f40955e6268bda451c7572db67605f1041ca86,4145.29,158.79,17.399412875,54000,54000
86f40955e6268bda451c7572db67605f1041ca86,4105.59,158.02,17.236933931,54000,54000
86f40955e6268bda451c7572db67605f1041ca86,4140.18,158.95,17.336530575,55000,55000
86f40955e6268bda451c7572db67605f1041ca86,4146.99,158.87,17.403418093,54000,54000
86f40955e6268bda451c7572db67605f1041ca86,4147.66,159.27,17.383681980,54000,54000
86f40955e6268bda451c7572db67605f1041ca86,4138.66,158.65,17.371788936,53000,54000
86f40955e6268bda451c7572db67605f1041ca86,4142.62,158.53,17.367254843,54000,54000
86f40955e6268bda451c7572db67605f1041ca86,4115.79,157.63,17.222508774,54000,54000
86f40955e6268bda451c7572db67605f1041ca86,4177.01,160.08,17.481168583,54000,54000
86f40955e6268bda451c7572db67605f1041ca86,4137.98,159.20,17.376447555,54000,54000
86f40955e6268bda451c7572db67605f1041ca86,4147.01,159.00,17.385905910,54000,54000
86f40955e6268bda451c7572db67605f1041ca86,4108.63,157.47,17.219061969,54000,54000
86f40955e6268bda451c7572db67605f1041ca86,4136.25,158.96,17.349231273,54000,54000
86f40955e6268bda451c7572db67605f1041ca86,4121.23,158.15,17.285354035,54000,54000
86f40955e6268bda451c7572db67605f1041ca86,4132.99,159.17,17.366091170,54000,54000
86f40955e6268bda451c7572db67605f1041ca86,4205.64,161.65,17.631050773,54000,54000
86f40955e6268bda451c7572db67605f1041ca86,4159.79,159.52,17.441519098,54000,54000
86f40955e6268bda451c7572db67605f1041ca86,4214.94,161.80,17.648163561,54000,54000
86f40955e6268bda451c7572db67605f1041ca86,4161.97,159.55,17.439238910,54000,55000
86f40955e6268bda451c7572db67605f1041ca86,4152.44,159.53,17.393965330,54000,54000
86f40955e6268bda451c7572db67605f1041ca86,4124.47,158.52,17.290573708,54000,54000
86f40955e6268bda451c7572db67605f1041ca86,4125.63,158.31,17.260420101,54000,54000
00f2641b99dbd06924ff91bfdc88896fecb0b4ae,4115.75,158.51,17.253049261,54000,54000
00f2641b99dbd06924ff91bfdc88896fecb0b4ae,4116.97,158.03,17.282357051,54000,54000
00f2641b99dbd06924ff91bfdc88896fecb0b4ae,4160.50,160.08,17.474534279,54000,54000
00f2641b99dbd06924ff91bfdc88896fecb0b4ae,4119.80,158.07,17.283641893,53000,54000
00f2641b99dbd06924ff91bfdc88896fecb0b4ae,4200.19,160.84,17.605431301,54000,54000
00f2641b99dbd06924ff91bfdc88896fecb0b4ae,4142.61,158.83,17.351141318,54000,54000
00f2641b99dbd06924ff91bfdc88896fecb0b4ae,4149.69,159.76,17.381092549,54000,54000
00f2641b99dbd06924ff91bfdc88896fecb0b4ae,4186.06,160.56,17.554414016,53000,54000
00f2641b99dbd06924ff91bfdc88896fecb0b4ae,4122.54,158.08,17.326083514,54000,54000
00f2641b99dbd06924ff91bfdc88896fecb0b4ae,4165.21,160.22,17.498496446,53000,54000
00f2641b99dbd06924ff91bfdc88896fecb0b4ae,4185.67,161.33,17.555589916,54000,54000
00f2641b99dbd06924ff91bfdc88896fecb0b4ae,4187.17,160.81,17.536377398,54000,55000
00f2641b99dbd06924ff91bfdc88896fecb0b4ae,4149.68,159.35,17.442875093,54000,54000
00f2641b99dbd06924ff91bfdc88896fecb0b4ae,4178.34,160.62,17.543838984,54000,54000
00f2641b99dbd06924ff91bfdc88896fecb0b4ae,4126.47,158.85,17.314360791,54000,54000
00f2641b99dbd06924ff91bfdc88896fecb0b4ae,4091.19,156.49,17.133306973,54000,55000
00f2641b99dbd06924ff91bfdc88896fecb0b4ae,4144.67,159.14,17.393199744,54000,54000
00f2641b99dbd06924ff91bfdc88896fecb0b4ae,4187.82,160.97,17.551014440,54000,54000
00f2641b99dbd06924ff91bfdc88896fecb0b4ae,4123.44,157.68,17.279877382,55000,54000
00f2641b99dbd06924ff91bfdc88896fecb0b4ae,4163.45,160.39,17.459270452,54000,54000
00f2641b99dbd06924ff91bfdc88896fecb0b4ae,4211.63,162.26,17.670960701,54000,54000
00f2641b99dbd06924ff91bfdc88896fecb0b4ae,4114.28,157.99,17.263259199,55000,54000
00f2641b99dbd06924ff91bfdc88896fecb0b4ae,4171.01,159.63,17.497825394,54000,54000
00f2641b99dbd06924ff91bfdc88896fecb0b4ae,4119.61,158.46,17.246407070,54000,53000
00f2641b99dbd06924ff91bfdc88896fecb0b4ae,4102.47,157.13,17.235387927,53000,54000
00f2641b99dbd06924ff91bfdc88896fecb0b4ae,4129.89,158.29,17.297861766,54000,54000
00f2641b99dbd06924ff91bfdc88896fecb0b4ae,4143.39,159.39,17.401575259,54000,54000
00f2641b99dbd06924ff91bfdc88896fecb0b4ae,4117.79,158.31,17.307473578,54000,55000
00f2641b99dbd06924ff91bfdc88896fecb0b4ae,4208.05,161.21,17.632370713,55000,54000
00f2641b99dbd06924ff91bfdc88896fecb0b4ae,4133.48,158.89,17.330398313,54000,54000
04308944fb2639658358a852f6c64a6d3fa9c5f8,4154.76,159.10,17.404102102,53000,54000
04308944fb2639658358a852f6c64a6d3fa9c5f8,4166.28,160.02,17.465219516,54000,54000
04308944fb2639658358a852f6c64a6d3fa9c5f8,4165.42,160.78,17.484223090,54000,54000
04308944fb2639658358a852f6c64a6d3fa9c5f8,4184.26,161.84,17.561896880,54000,54000
04308944fb2639658358a852f6c64a6d3fa9c5f8,4134.24,158.77,17.335768299,54000,54000
04308944fb2639658358a852f6c64a6d3fa9c5f8,4114.10,157.74,17.235228977,54000,54000
04308944fb2639658358a852f6c64a6d3fa9c5f8,4140.57,159.15,17.345605042,54000,54000
04308944fb2639658358a852f6c64a6d3fa9c5f8,4132.86,158.95,17.321086948,54000,54000
04308944fb2639658358a852f6c64a6d3fa9c5f8,4150.95,159.70,17.365658378,54000,54000
04308944fb2639658358a852f6c64a6d3fa9c5f8,4155.93,159.32,17.388776883,54000,54000
04308944fb2639658358a852f6c64a6d3fa9c5f8,4150.42,159.64,17.422406093,54000,54000
04308944fb2639658358a852f6c64a6d3fa9c5f8,4137.78,158.59,17.361352125,54000,54000
04308944fb2639658358a852f6c64a6d3fa9c5f8,4137.40,159.04,17.367740608,55000,54000
04308944fb2639658358a852f6c64a6d3fa9c5f8,4135.44,158.93,17.352489083,54000,54000
04308944fb2639658358a852f6c64a6d3fa9c5f8,4137.23,158.60,17.317773164,54000,53000
04308944fb2639658358a852f6c64a6d3fa9c5f8,4122.15,157.63,17.286035077,54000,54000
04308944fb2639658358a852f6c64a6d3fa9c5f8,4134.68,159.34,17.290166262,54000,53000
04308944fb2639658358a852f6c64a6d3fa9c5f8,4186.00,160.83,17.530118229,54000,54000
04308944fb2639658358a852f6c64a6d3fa9c5f8,4163.68,160.38,17.442437123,54000,54000
04308944fb2639658358a852f6c64a6d3fa9c5f8,4135.28,158.48,17.331039611,54000,55000
04308944fb2639658358a852f6c64a6d3fa9c5f8,4135.17,159.20,17.343834217,54000,54000
04308944fb2639658358a852f6c64a6d3fa9c5f8,4155.77,160.48,17.417799152,54000,54000
04308944fb2639658358a852f6c64a6d3fa9c5f8,4134.14,158.43,17.337876408,54000,54000
04308944fb2639658358a852f6c64a6d3fa9c5f8,4159.89,159.44,17.426620316,54000,54000
04308944fb2639658358a852f6c64a6d3fa9c5f8,4159.39,159.67,17.406572482,55000,54000
04308944fb2639658358a852f6c64a6d3fa9c5f8,4269.29,164.18,17.889019054,54000,54000
04308944fb2639658358a852f6c64a6d3fa9c5f8,4107.74,157.55,17.245649103,54000,54000
04308944fb2639658358a852f6c64a6d3fa9c5f8,4118.26,157.46,17.291385876,54000,54000
04308944fb2639658358a852f6c64a6d3fa9c5f8,4145.72,158.51,17.366297448,54000,54000
04308944fb2639658358a852f6c64a6d3fa9c5f8,4176.26,159.92,17.511874898,55000,54000
1038446b569246485a34beaa633e201cdbd1897e,4198.73,160.74,17.598500928,53000,54000
1038446b569246485a34beaa633e201cdbd1897e,4189.32,160.98,17.566772306,54000,54000
1038446b569246485a34beaa633e201cdbd1897e,4134.07,158.14,17.312216096,54000,54000
1038446b569246485a34beaa633e201cdbd1897e,4125.22,157.64,17.270012894,54000,55000
1038446b569246485a34beaa633e201cdbd1897e,4144.03,159.09,17.382274984,54000,54000
1038446b569246485a34beaa633e201cdbd1897e,4141.54,159.24,17.385917560,54000,54000
1038446b569246485a34beaa633e201cdbd1897e,4110.74,157.67,17.227326300,54000,55000
1038446b569246485a34beaa633e201cdbd1897e,4136.36,159.04,17.359802397,54000,54000
1038446b569246485a34beaa633e201cdbd1897e,4117.80,157.99,17.278651696,54000,54000
1038446b569246485a34beaa633e201cdbd1897e,4136.53,158.41,17.320729598,55000,54000
1038446b569246485a34beaa633e201cdbd1897e,4131.49,158.62,17.349332573,54000,54000
1038446b569246485a34beaa633e201cdbd1897e,4159.64,159.58,17.419679877,54000,54000
1038446b569246485a34beaa633e201cdbd1897e,4156.05,159.47,17.390387512,55000,54000
1038446b569246485a34beaa633e201cdbd1897e,4205.89,161.70,17.602676829,54000,54000
1038446b569246485a34beaa633e201cdbd1897e,4147.57,158.96,17.362565065,54000,54000
1038446b569246485a34beaa633e201cdbd1897e,4160.61,159.61,17.431963280,54000,54000
1038446b569246485a34beaa633e201cdbd1897e,4130.09,158.59,17.341457982,54000,54000
1038446b569246485a34beaa633e201cdbd1897e,4117.65,158.13,17.292996571,54000,54000
1038446b569246485a34beaa633e201cdbd1897e,4137.47,158.81,17.346217811,54000,54000
1038446b569246485a34beaa633e201cdbd1897e,4106.60,157.55,17.223349831,54000,54000
1038446b569246485a34beaa633e201cdbd1897e,4138.55,159.11,17.376560516,54000,54000
1038446b569246485a34beaa633e201cdbd1897e,4133.39,158.59,17.307613097,54000,54000
1038446b569246485a34beaa633e201cdbd1897e,4236.26,163.03,17.794150008,54000,53000
1038446b569246485a34beaa633e201cdbd1897e,4188.16,160.91,17.578061429,54000,54000
1038446b569246485a34beaa633e201cdbd1897e,4166.82,159.69,17.521142622,54000,54000
1038446b569246485a34beaa633e201cdbd1897e,4113.58,157.82,17.256101487,54000,54000
1038446b569246485a34beaa633e201cdbd1897e,4154.81,158.91,17.404008174,54000,54000
1038446b569246485a34beaa633e201cdbd1897e,4181.46,160.64,17.503766196,54000,54000
1038446b569246485a34beaa633e201cdbd1897e,4135.40,158.81,17.329344022,54000,54000
1038446b569246485a34beaa633e201cdbd1897e,4126.90,158.77,17.295646160,54000,54000
afd1daa0b7d540e89711a0bf269775821d90ca36,4136.84,159.12,17.347950812,54000,54000
afd1daa0b7d540e89711a0bf269775821d90ca36,4157.39,160.20,17.461151396,54000,54000
afd1daa0b7d540e89711a0bf269775821d90ca36,4137.28,159.07,17.383450690,53000,54000
afd1daa0b7d540e89711a0bf269775821d90ca36,4143.26,158.87,17.375445149,53000,54000
afd1daa0b7d540e89711a0bf269775821d90ca36,4145.19,159.24,17.371132980,54000,54000
afd1daa0b7d540e89711a0bf269775821d90ca36,4144.83,159.45,17.343843471,54000,54000
afd1daa0b7d540e89711a0bf269775821d90ca36,4146.59,159.60,17.405021858,54000,54000
afd1daa0b7d540e89711a0bf269775821d90ca36,4158.78,159.11,17.418893152,54000,54000
afd1daa0b7d540e89711a0bf269775821d90ca36,4186.78,160.76,17.516625088,54000,54000
afd1daa0b7d540e89711a0bf269775821d90ca36,4162.66,159.93,17.426405607,54000,54000
afd1daa0b7d540e89711a0bf269775821d90ca36,4145.39,159.08,17.407673218,54000,54000
afd1daa0b7d540e89711a0bf269775821d90ca36,4124.95,158.48,17.269981065,54000,54000
afd1daa0b7d540e89711a0bf269775821d90ca36,4099.36,157.40,17.193102287,54000,54000
afd1daa0b7d540e89711a0bf269775821d90ca36,4123.97,158.07,17.271894838,54000,55000
afd1daa0b7d540e89711a0bf269775821d90ca36,4113.66,158.26,17.246975089,54000,54000
afd1daa0b7d540e89711a0bf269775821d90ca36,4156.83,159.22,17.434901687,54000,54000
afd1daa0b7d540e89711a0bf269775821d90ca36,4153.31,159.49,17.429345748,54000,54000
afd1daa0b7d540e89711a0bf269775821d90ca36,4188.73,161.33,17.572885328,54000,54000
afd1daa0b7d540e89711a0bf269775821d90ca36,4153.67,159.56,17.422296753,54000,54000
afd1daa0b7d540e89711a0bf269775821d90ca36,4206.18,161.36,17.644314359,54000,54000
afd1daa0b7d540e89711a0bf269775821d90ca36,4158.64,159.91,17.460910424,54000,54000
afd1daa0b7d540e89711a0bf269775821d90ca36,4120.80,158.08,17.277816396,54000,54000
afd1daa0b7d540e89711a0bf269775821d90ca36,4218.18,161.68,17.699997296,54000,54000
afd1daa0b7d540e89711a0bf269775821d90ca36,4175.80,160.40,17.527573660,54000,54000
afd1daa0b7d540e89711a0bf269775821d90ca36,4159.59,159.75,17.429636509,54000,54000
afd1daa0b7d540e89711a0bf269775821d90ca36,4143.31,158.47,17.364825239,54000,54000
afd1daa0b7d540e89711a0bf269775821d90ca36,4117.60,157.77,17.257195940,54000,55000
afd1daa0b7d540e89711a0bf269775821d90ca36,4169.51,159.63,17.478861795,55000,54000
afd1daa0b7d540e89711a0bf269775821d90ca36,4158.21,159.99,17.447806869,54000,54000
afd1daa0b7d540e89711a0bf269775821d90ca36,4176.24,159.89,17.504492074,54000,54000
b7d2d8c37f7417858081b88b5314246d94eeec94,4164.75,159.32,17.482937485,53000,54000
b7d2d8c37f7417858081b88b5314246d94eeec94,4198.27,161.03,17.586671999,54000,54000
b7d2d8c37f7417858081b88b5314246d94eeec94,4159.22,159.57,17.409154610,54000,54000
b7d2d8c37f7417858081b88b5314246d94eeec94,4188.79,160.84,17.585241064,54000,54000
b7d2d8c37f7417858081b88b5314246d94eeec94,4181.26,160.92,17.562510439,54000,54000
b7d2d8c37f7417858081b88b5314246d94eeec94,4194.93,161.00,17.559701883,54000,54000
b7d2d8c37f7417858081b88b5314246d94eeec94,4145.91,158.66,17.362993311,54000,54000
b7d2d8c37f7417858081b88b5314246d94eeec94,4150.86,159.42,17.400591602,54000,55000
b7d2d8c37f7417858081b88b5314246d94eeec94,4218.56,161.36,17.658058696,54000,55000
b7d2d8c37f7417858081b88b5314246d94eeec94,4210.56,161.23,17.636216513,54000,54000
b7d2d8c37f7417858081b88b5314246d94eeec94,4152.72,159.26,17.383873682,55000,54000
b7d2d8c37f7417858081b88b5314246d94eeec94,4168.90,160.20,17.461370235,54000,54000
b7d2d8c37f7417858081b88b5314246d94eeec94,4174.86,160.16,17.481596076,54000,54000
b7d2d8c37f7417858081b88b5314246d94eeec94,4152.90,158.83,17.391023708,54000,54000
b7d2d8c37f7417858081b88b5314246d94eeec94,4120.41,157.40,17.276597188,54000,54000
b7d2d8c37f7417858081b88b5314246d94eeec94,4199.80,161.79,17.637677383,54000,54000
b7d2d8c37f7417858081b88b5314246d94eeec94,4162.57,160.11,17.501977340,54000,54000
b7d2d8c37f7417858081b88b5314246d94eeec94,4223.57,162.06,17.706513844,54000,54000
b7d2d8c37f7417858081b88b5314246d94eeec94,4144.82,159.60,17.390035858,54000,54000
b7d2d8c37f7417858081b88b5314246d94eeec94,4192.23,160.87,17.565790871,54000,53000
b7d2d8c37f7417858081b88b5314246d94eeec94,4157.24,159.91,17.446768658,54000,54000
b7d2d8c37f7417858081b88b5314246d94eeec94,4140.13,158.99,17.395991669,54000,54000
b7d2d8c37f7417858081b88b5314246d94eeec94,4155.25,158.91,17.444850876,54000,54000
b7d2d8c37f7417858081b88b5314246d94eeec94,4210.90,160.95,17.689870906,54000,54000
b7d2d8c37f7417858081b88b5314246d94eeec94,4126.11,157.66,17.316503005,54000,54000
b7d2d8c37f7417858081b88b5314246d94eeec94,4185.56,160.67,17.535122593,54000,54000
b7d2d8c37f7417858081b88b5314246d94eeec94,4162.79,159.44,17.458023270,54000,54000
b7d2d8c37f7417858081b88b5314246d94eeec94,4155.96,159.77,17.442746144,54000,54000
b7d2d8c37f7417858081b88b5314246d94eeec94,4131.83,158.44,17.347838601,54000,54000
b7d2d8c37f7417858081b88b5314246d94eeec94,4155.57,159.85,17.405399048,54000,54000
c8d212e9885b861aefed29dec7ff07a9f0e889b3,4197.56,161.17,17.572948064,54000,54000
c8d212e9885b861aefed29dec7ff07a9f0e889b3,4166.08,159.76,17.444824671,53000,54000
c8d212e9885b861aefed29dec7ff07a9f0e889b3,4202.67,161.65,17.625206698,54000,54000
c8d212e9885b861aefed29dec7ff07a9f0e889b3,4188.03,160.90,17.558614730,54000,54000
c8d212e9885b861aefed29dec7ff07a9f0e889b3,4172.10,161.09,17.496292500,54000,54000
c8d212e9885b861aefed29dec7ff07a9f0e889b3,4158.36,160.44,17.460429126,54000,54000
c8d212e9885b861aefed29dec7ff07a9f0e889b3,4143.28,159.99,17.413224544,54000,54000
c8d212e9885b861aefed29dec7ff07a9f0e889b3,4168.93,161.04,17.492892173,54000,54000
c8d212e9885b861aefed29dec7ff07a9f0e889b3,4174.91,160.29,17.486662869,54000,54000
c8d212e9885b861aefed29dec7ff07a9f0e889b3,4171.98,159.99,17.470289642,55000,54000
c8d212e9885b861aefed29dec7ff07a9f0e889b3,4155.40,159.30,17.413258730,54000,54000
c8d212e9885b861aefed29dec7ff07a9f0e889b3,4170.00,160.46,17.491895153,54000,54000
c8d212e9885b861aefed29dec7ff07a9f0e889b3,4197.15,161.18,17.635765051,54000,54000
c8d212e9885b861aefed29dec7ff07a9f0e889b3,4171.72,160.63,17.506932327,54000,54000
c8d212e9885b861aefed29dec7ff07a9f0e889b3,4172.75,159.58,17.501754456,54000,54000
c8d212e9885b861aefed29dec7ff07a9f0e889b3,4203.71,161.96,17.634185455,54000,54000
c8d212e9885b861aefed29dec7ff07a9f0e889b3,4160.89,159.52,17.484668940,54000,54000
c8d212e9885b861aefed29dec7ff07a9f0e889b3,4160.69,159.72,17.470037088,54000,54000
c8d212e9885b861aefed29dec7ff07a9f0e889b3,4194.94,160.59,17.602144092,54000,54000
c8d212e9885b861aefed29dec7ff07a9f0e889b3,4165.36,160.06,17.432248199,54000,55000
c8d212e9885b861aefed29dec7ff07a9f0e889b3,4234.58,162.59,17.723610627,55000,54000
c8d212e9885b861aefed29dec7ff07a9f0e889b3,4176.79,159.97,17.496993528,54000,54000
c8d212e9885b861aefed29dec7ff07a9f0e889b3,4171.91,160.37,17.515351164,54000,54000
c8d212e9885b861aefed29dec7ff07a9f0e889b3,4176.74,159.95,17.520951159,54000,54000
c8d212e9885b861aefed29dec7ff07a9f0e889b3,4165.26,160.93,17.481491964,54000,54000
c8d212e9885b861aefed29dec7ff07a9f0e889b3,4185.62,160.54,17.570133354,54000,54000
c8d212e9885b861aefed29dec7ff07a9f0e889b3,4260.35,163.49,17.864628066,53000,53000
c8d212e9885b861aefed29dec7ff07a9f0e889b3,4146.97,159.39,17.405714273,54000,54000
c8d212e9885b861aefed29dec7ff07a9f0e889b3,4165.54,159.39,17.479187728,54000,54000
c8d212e9885b861aefed29dec7ff07a9f0e889b3,4193.19,160.99,17.613443255,54000,54000
c6ce2d5118ec856ee3b9d89623137961e8b12e70,4197.60,161.25,17.627346827,54000,54000
c6ce2d5118ec856ee3b9d89623137961e8b12e70,4202.05,161.54,17.636584000,53000,54000
c6ce2d5118ec856ee3b9d89623137961e8b12e70,4176.42,160.50,17.498025824,54000,54000
c6ce2d5118ec856ee3b9d89623137961e8b12e70,4190.32,161.35,17.573368281,54000,54000
c6ce2d5118ec856ee3b9d89623137961e8b12e70,4175.80,160.63,17.520970963,54000,55000
c6ce2d5118ec856ee3b9d89623137961e8b12e70,4162.45,160.07,17.422976358,54000,54000
c6ce2d5118ec856ee3b9d89623137961e8b12e70,4179.95,160.47,17.524560077,54000,54000
c6ce2d5118ec856ee3b9d89623137961e8b12e70,4171.78,160.54,17.506234584,54000,54000
c6ce2d5118ec856ee3b9d89623137961e8b12e70,4145.19,159.05,17.417390587,54000,54000
c6ce2d5118ec856ee3b9d89623137961e8b12e70,4201.89,161.53,17.575901105,54000,54000
c6ce2d5118ec856ee3b9d89623137961e8b12e70,4237.66,162.83,17.773035538,54000,54000
c6ce2d5118ec856ee3b9d89623137961e8b12e70,4132.61,158.49,17.315107549,54000,54000
c6ce2d5118ec856ee3b9d89623137961e8b12e70,4208.44,161.78,17.623367047,55000,54000
c6ce2d5118ec856ee3b9d89623137961e8b12e70,4192.00,160.84,17.577434162,55000,54000
c6ce2d5118ec856ee3b9d89623137961e8b12e70,4144.01,158.98,17.414025137,54000,54000
c6ce2d5118ec856ee3b9d89623137961e8b12e70,4152.34,159.46,17.424830999,54000,55000
c6ce2d5118ec856ee3b9d89623137961e8b12e70,4201.24,160.88,17.626305587,54000,55000
c6ce2d5118ec856ee3b9d89623137961e8b12e70,4171.47,160.13,17.515170711,54000,54000
c6ce2d5118ec856ee3b9d89623137961e8b12e70,4172.22,160.81,17.510794638,54000,54000
c6ce2d5118ec856ee3b9d89623137961e8b12e70,4141.75,159.30,17.390861519,54000,54000
c6ce2d5118ec856ee3b9d89623137961e8b12e70,4176.34,159.90,17.532549033,54000,54000
c6ce2d5118ec856ee3b9d89623137961e8b12e70,4219.32,161.16,17.697621298,54000,54000
c6ce2d5118ec856ee3b9d89623137961e8b12e70,4152.23,159.31,17.421629757,53000,54000
c6ce2d5118ec856ee3b9d89623137961e8b12e70,4150.85,159.44,17.441196884,54000,54000
c6ce2d5118ec856ee3b9d89623137961e8b12e70,4208.83,161.43,17.652937253,54000,54000
c6ce2d5118ec856ee3b9d89623137961e8b12e70,4188.18,160.73,17.576248954,54000,54000
c6ce2d5118ec856ee3b9d89623137961e8b12e70,4171.06,159.79,17.526653788,54000,54000
c6ce2d5118ec856ee3b9d89623137961e8b12e70,4187.54,160.87,17.522151729,54000,54000
c6ce2d5118ec856ee3b9d89623137961e8b12e70,4186.94,160.87,17.560221227,54000,54000
c6ce2d5118ec856ee3b9d89623137961e8b12e70,4188.03,161.01,17.563166497,54000,54000
5d11dc662aa9ce1681d3b8b10a07ac741a7a37d7,4190.60,160.73,17.559823790,53000,54000
5d11dc662aa9ce1681d3b8b10a07ac741a7a37d7,4205.16,161.06,17.623839351,54000,55000
5d11dc662aa9ce1681d3b8b10a07ac741a7a37d7,4208.80,162.27,17.655707426,54000,54000
5d11dc662aa9ce1681d3b8b10a07ac741a7a37d7,4213.73,162.16,17.661585037,54000,54000
5d11dc662aa9ce1681d3b8b10a07ac741a7a37d7,4199.49,161.01,17.580571349,54000,54000
5d11dc662aa9ce1681d3b8b10a07ac741a7a37d7,4150.46,159.39,17.408763140,54000,54000
5d11dc662aa9ce1681d3b8b10a07ac741a7a37d7,4200.41,160.86,17.630604886,54000,54000
5d11dc662aa9ce1681d3b8b10a07ac741a7a37d7,4189.28,160.27,17.577885580,54000,54000
5d11dc662aa9ce1681d3b8b10a07ac741a7a37d7,4191.91,160.27,17.582980001,54000,54000
5d11dc662aa9ce1681d3b8b10a07ac741a7a37d7,4195.82,161.34,17.587178481,54000,54000
5d11dc662aa9ce1681d3b8b10a07ac741a7a37d7,4206.26,161.50,17.695076477,54000,54000
5d11dc662aa9ce1681d3b8b10a07ac741a7a37d7,4174.24,160.23,17.503477765,54000,54000
5d11dc662aa9ce1681d3b8b10a07ac741a7a37d7,4199.04,160.78,17.603741866,54000,54000
5d11dc662aa9ce1681d3b8b10a07ac741a7a37d7,4165.27,160.39,17.476147899,54000,54000
5d11dc662aa9ce1681d3b8b10a07ac741a7a37d7,4155.87,159.20,17.474545556,54000,54000
5d11dc662aa9ce1681d3b8b10a07ac741a7a37d7,4215.40,161.38,17.675606389,54000,54000
5d11dc662aa9ce1681d3b8b10a07ac741a7a37d7,4187.23,160.87,17.577046505,54000,54000
5d11dc662aa9ce1681d3b8b10a07ac741a7a37d7,4174.64,161.08,17.513974117,54000,54000
5d11dc662aa9ce1681d3b8b10a07ac741a7a37d7,4215.16,161.92,17.658236281,54000,54000
5d11dc662aa9ce1681d3b8b10a07ac741a7a37d7,4174.18,160.13,17.479769662,54000,54000
5d11dc662aa9ce1681d3b8b10a07ac741a7a37d7,4323.85,165.40,18.136977807,54000,54000
5d11dc662aa9ce1681d3b8b10a07ac741a7a37d7,4194.57,161.34,17.590324841,54000,54000
5d11dc662aa9ce1681d3b8b10a07ac741a7a37d7,4188.22,161.67,17.587054549,54000,54000
5d11dc662aa9ce1681d3b8b10a07ac741a7a37d7,4182.43,160.13,17.517837243,54000,54000
5d11dc662aa9ce1681d3b8b10a07ac741a7a37d7,4156.55,160.02,17.423440755,54000,54000
5d11dc662aa9ce1681d3b8b10a07ac741a7a37d7,4224.78,162.76,17.726707031,54000,54000
5d11dc662aa9ce1681d3b8b10a07ac741a7a37d7,4218.62,162.34,17.707920050,54000,54000
5d11dc662aa9ce1681d3b8b10a07ac741a7a37d7,4151.60,158.77,17.434058301,54000,54000
5d11dc662aa9ce1681d3b8b10a07ac741a7a37d7,4166.94,160.48,17.441376366,54000,54000
5d11dc662aa9ce1681d3b8b10a07ac741a7a37d7,4151.18,159.33,17.424232297,54000,54000
8253c895a62a0e96d9b125a6c62c40bf148e68fe,4183.31,160.36,17.517706606,54000,54000
8253c895a62a0e96d9b125a6c62c40bf148e68fe,4240.13,162.50,17.790272161,54000,54000
8253c895a62a0e96d9b125a6c62c40bf148e68fe,4188.47,160.45,17.550495506,55000,54000
8253c895a62a0e96d9b125a6c62c40bf148e68fe,4202.91,161.77,17.657560770,54000,54000
8253c895a62a0e96d9b125a6c62c40bf148e68fe,4199.78,161.76,17.621425490,54000,54000
8253c895a62a0e96d9b125a6c62c40bf148e68fe,4161.78,159.63,17.449908908,54000,54000
8253c895a62a0e96d9b125a6c62c40bf148e68fe,4190.41,161.02,17.567040522,54000,54000
8253c895a62a0e96d9b125a6c62c40bf148e68fe,4207.29,162.03,17.596056918,55000,54000
8253c895a62a0e96d9b125a6c62c40bf148e68fe,4262.98,163.98,17.841699982,54000,54000
8253c895a62a0e96d9b125a6c62c40bf148e68fe,4169.72,159.93,17.494190503,54000,54000
8253c895a62a0e96d9b125a6c62c40bf148e68fe,4199.05,161.17,17.660392286,54000,54000
8253c895a62a0e96d9b125a6c62c40bf148e68fe,4138.20,158.92,17.362063736,54000,54000
8253c895a62a0e96d9b125a6c62c40bf148e68fe,4178.85,160.24,17.516650781,54000,54000
8253c895a62a0e96d9b125a6c62c40bf148e68fe,4254.61,163.27,17.815604855,54000,54000
8253c895a62a0e96d9b125a6c62c40bf148e68fe,4193.88,160.72,17.588943579,54000,54000
8253c895a62a0e96d9b125a6c62c40bf148e68fe,4188.53,160.44,17.558103585,54000,54000
8253c895a62a0e96d9b125a6c62c40bf148e68fe,4136.17,158.26,17.323471863,54000,55000
8253c895a62a0e96d9b125a6c62c40bf148e68fe,4232.39,162.29,17.733976227,54000,54000
8253c895a62a0e96d9b125a6c62c40bf148e68fe,4156.03,159.20,17.412935696,54000,54000
8253c895a62a0e96d9b125a6c62c40bf148e68fe,4162.82,159.06,17.472199861,54000,54000
8253c895a62a0e96d9b125a6c62c40bf148e68fe,4172.94,160.54,17.468303815,54000,54000
8253c895a62a0e96d9b125a6c62c40bf148e68fe,4189.08,160.75,17.595926883,54000,54000
8253c895a62a0e96d9b125a6c62c40bf148e68fe,4178.07,160.25,17.529490586,54000,54000
8253c895a62a0e96d9b125a6c62c40bf148e68fe,4206.02,161.93,17.670544721,54000,54000
8253c895a62a0e96d9b125a6c62c40bf148e68fe,4274.46,163.97,17.973119319,54000,54000
8253c895a62a0e96d9b125a6c62c40bf148e68fe,4194.58,161.05,17.611302593,53000,54000
8253c895a62a0e96d9b125a6c62c40bf148e68fe,4172.71,160.51,17.508154046,54000,54000
8253c895a62a0e96d9b125a6c62c40bf148e68fe,4212.91,161.45,17.672815417,54000,54000
8253c895a62a0e96d9b125a6c62c40bf148e68fe,4142.07,159.12,17.412838352,54000,54000
8253c895a62a0e96d9b125a6c62c40bf148e68fe,4172.50,160.42,17.471436407,54000,54000
cc26d0c44c0c407ce061a3a94b48685fe5a00794,4155.96,159.29,17.407213697,54000,54000
cc26d0c44c0c407ce061a3a94b48685fe5a00794,4148.03,158.71,17.400811679,54000,54000
cc26d0c44c0c407ce061a3a94b48685fe5a00794,4155.06,159.23,17.415047014,54000,54000
cc26d0c44c0c407ce061a3a94b48685fe5a00794,4168.74,159.74,17.483363249,54000,54000
cc26d0c44c0c407ce061a3a94b48685fe5a00794,4185.44,161.31,17.501152485,56000,54000
cc26d0c44c0c407ce061a3a94b48685fe5a00794,4184.21,160.70,17.523388200,54000,54000
cc26d0c44c0c407ce061a3a94b48685fe5a00794,4219.71,162.25,17.686918518,54000,53000
cc26d0c44c0c407ce061a3a94b48685fe5a00794,4179.44,160.51,17.475118096,54000,54000
cc26d0c44c0c407ce061a3a94b48685fe5a00794,4183.27,161.34,17.529853903,54000,54000
cc26d0c44c0c407ce061a3a94b48685fe5a00794,4159.20,159.84,17.467989088,55000,54000
cc26d0c44c0c407ce061a3a94b48685fe5a00794,4188.94,160.64,17.574477321,54000,54000
cc26d0c44c0c407ce061a3a94b48685fe5a00794,4209.36,162.07,17.631343046,54000,54000
cc26d0c44c0c407ce061a3a94b48685fe5a00794,4214.59,161.84,17.687626967,54000,54000
cc26d0c44c0c407ce061a3a94b48685fe5a00794,4177.60,160.25,17.493074736,54000,54000
cc26d0c44c0c407ce061a3a94b48685fe5a00794,4242.62,162.38,17.767296956,54000,54000
cc26d0c44c0c407ce061a3a94b48685fe5a00794,4183.71,160.13,17.516394097,54000,54000
cc26d0c44c0c407ce061a3a94b48685fe5a00794,4220.18,162.28,17.721930147,54000,54000
cc26d0c44c0c407ce061a3a94b48685fe5a00794,4206.44,161.94,17.630250636,54000,55000
cc26d0c44c0c407ce061a3a94b48685fe5a00794,4182.99,161.21,17.557003979,54000,54000
cc26d0c44c0c407ce061a3a94b48685fe5a00794,4180.25,161.19,17.534103552,53000,54000
cc26d0c44c0c407ce061a3a94b48685fe5a00794,4195.72,161.03,17.587859703,54000,54000
cc26d0c44c0c407ce061a3a94b48685fe5a00794,4170.44,160.07,17.474080563,54000,54000
cc26d0c44c0c407ce061a3a94b48685fe5a00794,4266.16,164.00,17.915789243,54000,54000
cc26d0c44c0c407ce061a3a94b48685fe5a00794,4140.80,158.75,17.425109941,54000,54000
cc26d0c44c0c407ce061a3a94b48685fe5a00794,4182.31,159.68,17.535824446,54000,54000
cc26d0c44c0c407ce061a3a94b48685fe5a00794,4208.86,162.02,17.617536583,54000,54000
cc26d0c44c0c407ce061a3a94b48685fe5a00794,4189.74,160.01,17.577843585,54000,54000
cc26d0c44c0c407ce061a3a94b48685fe5a00794,4181.27,160.94,17.481320100,54000,54000
cc26d0c44c0c407ce061a3a94b48685fe5a00794,4193.97,161.37,17.533176421,54000,54000
cc26d0c44c0c407ce061a3a94b48685fe5a00794,4149.17,159.13,17.395040337,54000,54000
aa9a71878b9e662ac206640cdc28249bed025f57,4157.82,159.80,17.392438562,54000,54000
aa9a71878b9e662ac206640cdc28249bed025f57,4163.41,159.43,17.438598381,54000,54000
aa9a71878b9e662ac206640cdc28249bed025f57,4173.77,160.13,17.504991672,54000,54000
aa9a71878b9e662ac206640cdc28249bed025f57,4143.14,158.79,17.378761362,54000,54000
aa9a71878b9e662ac206640cdc28249bed025f57,4198.78,161.56,17.614459068,54000,55000
aa9a71878b9e662ac206640cdc28249bed025f57,4213.86,161.86,17.641700570,54000,54000
aa9a71878b9e662ac206640cdc28249bed025f57,4186.09,161.21,17.530483227,54000,53000
aa9a71878b9e662ac206640cdc28249bed025f57,4149.14,159.17,17.404951651,54000,53000
aa9a71878b9e662ac206640cdc28249bed025f57,4159.11,159.72,17.448071771,54000,54000
aa9a71878b9e662ac206640cdc28249bed025f57,4144.01,158.41,17.356076922,55000,54000
aa9a71878b9e662ac206640cdc28249bed025f57,4213.98,161.38,17.652473559,54000,54000
aa9a71878b9e662ac206640cdc28249bed025f57,4159.83,158.93,17.493137375,54000,54000
aa9a71878b9e662ac206640cdc28249bed025f57,4236.17,162.68,17.784263995,54000,54000
aa9a71878b9e662ac206640cdc28249bed025f57,4198.73,160.86,17.611059075,54000,54000
aa9a71878b9e662ac206640cdc28249bed025f57,4183.06,160.49,17.559831307,54000,54000
aa9a71878b9e662ac206640cdc28249bed025f57,4182.79,161.14,17.565899650,54000,54000
aa9a71878b9e662ac206640cdc28249bed025f57,4180.24,160.81,17.557088322,54000,54000
aa9a71878b9e662ac206640cdc28249bed025f57,4220.65,162.81,17.689568307,54000,54000
aa9a71878b9e662ac206640cdc28249bed025f57,4182.13,160.94,17.574281788,54000,54000
aa9a71878b9e662ac206640cdc28249bed025f57,4237.43,162.75,17.767449371,54000,54000
aa9a71878b9e662ac206640cdc28249bed025f57,4267.21,164.38,17.902907518,54000,54000
aa9a71878b9e662ac206640cdc28249bed025f57,4196.10,161.07,17.622211480,54000,54000
aa9a71878b9e662ac206640cdc28249bed025f57,4222.77,161.01,17.702345871,54000,54000
aa9a71878b9e662ac206640cdc28249bed025f57,4215.66,162.13,17.669047296,54000,54000
aa9a71878b9e662ac206640cdc28249bed025f57,4208.30,160.94,17.627197841,54000,55000
aa9a71878b9e662ac206640cdc28249bed025f57,4164.55,160.06,17.507109855,54000,54000
aa9a71878b9e662ac206640cdc28249bed025f57,4155.78,159.14,17.421725237,55000,54000
aa9a71878b9e662ac206640cdc28249bed025f57,4196.84,161.01,17.598226760,54000,55000
aa9a71878b9e662ac206640cdc28249bed025f57,4221.61,161.74,17.710209866,54000,55000
aa9a71878b9e662ac206640cdc28249bed025f57,4172.59,160.75,17.473310056,54000,55000
b75c19c58c577c7f8cca9ff03fbe1daaa4365b1e,4149.70,159.67,17.381627456,54000,54000
b75c19c58c577c7f8cca9ff03fbe1daaa4365b1e,4202.49,160.82,17.602771692,54000,53000
b75c19c58c577c7f8cca9ff03fbe1daaa4365b1e,4160.16,159.25,17.474553320,54000,54000
b75c19c58c577c7f8cca9ff03fbe1daaa4365b1e,4156.42,161.01,17.443221561,55000,54000
b75c19c58c577c7f8cca9ff03fbe1daaa4365b1e,4172.32,159.42,17.500392288,54000,54000
b75c19c58c577c7f8cca9ff03fbe1daaa4365b1e,4149.56,159.02,17.388854634,54000,54000
b75c19c58c577c7f8cca9ff03fbe1daaa4365b1e,4201.15,161.06,17.582815849,54000,54000
b75c19c58c577c7f8cca9ff03fbe1daaa4365b1e,4183.69,160.36,17.519092998,54000,54000
b75c19c58c577c7f8cca9ff03fbe1daaa4365b1e,4156.79,159.66,17.440174634,54000,55000
b75c19c58c577c7f8cca9ff03fbe1daaa4365b1e,4206.47,161.64,17.594865073,54000,54000
b75c19c58c577c7f8cca9ff03fbe1daaa4365b1e,4192.30,161.50,17.571661491,54000,54000
b75c19c58c577c7f8cca9ff03fbe1daaa4365b1e,4166.87,159.52,17.496814324,54000,54000
b75c19c58c577c7f8cca9ff03fbe1daaa4365b1e,4159.37,159.40,17.423050336,54000,54000
b75c19c58c577c7f8cca9ff03fbe1daaa4365b1e,4183.28,160.22,17.532256186,54000,54000
b75c19c58c577c7f8cca9ff03fbe1daaa4365b1e,4183.66,160.13,17.554379921,54000,54000
b75c19c58c577c7f8cca9ff03fbe1daaa4365b1e,4223.50,162.32,17.680335332,54000,54000
b75c19c58c577c7f8cca9ff03fbe1daaa4365b1e,4224.96,162.17,17.687962689,54000,55000
b75c19c58c577c7f8cca9ff03fbe1daaa4365b1e,4254.08,163.14,17.858590472,54000,55000
b75c19c58c577c7f8cca9ff03fbe1daaa4365b1e,4193.47,161.51,17.565918168,54000,54000
b75c19c58c577c7f8cca9ff03fbe1daaa4365b1e,4184.44,160.10,17.535691518,54000,54000
b75c19c58c577c7f8cca9ff03fbe1daaa4365b1e,4166.47,160.40,17.488248032,54000,54000
b75c19c58c577c7f8cca9ff03fbe1daaa4365b1e,4199.07,160.86,17.583167936,54000,54000
b75c19c58c577c7f8cca9ff03fbe1daaa4365b1e,4284.01,163.85,17.948564886,55000,54000
b75c19c58c577c7f8cca9ff03fbe1daaa4365b1e,4167.88,160.12,17.492712517,54000,54000
b75c19c58c577c7f8cca9ff03fbe1daaa4365b1e,4177.53,161.00,17.517681112,54000,54000
b75c19c58c577c7f8cca9ff03fbe1daaa4365b1e,4156.84,158.72,17.423849450,53000,54000
b75c19c58c577c7f8cca9ff03fbe1daaa4365b1e,4272.42,163.85,17.896022428,55000,54000
b75c19c58c577c7f8cca9ff03fbe1daaa4365b1e,4161.18,159.32,17.453178855,54000,54000
b75c19c58c577c7f8cca9ff03fbe1daaa4365b1e,4189.78,161.50,17.581014553,54000,55000
b75c19c58c577c7f8cca9ff03fbe1daaa4365b1e,4188.02,160.35,17.531243953,54000,55000
0450958e7e06a4bfb28ff0abdc3ae43e7ec3a499,4190.49,161.20,17.571161520,54000,54000
0450958e7e06a4bfb28ff0abdc3ae43e7ec3a499,4166.55,159.90,17.504865993,54000,54000
0450958e7e06a4bfb28ff0abdc3ae43e7ec3a499,4177.01,160.77,17.545359469,54000,54000
0450958e7e06a4bfb28ff0abdc3ae43e7ec3a499,4170.32,159.80,17.465743984,54000,54000
0450958e7e06a4bfb28ff0abdc3ae43e7ec3a499,4203.90,161.01,17.614992161,54000,54000
0450958e7e06a4bfb28ff0abdc3ae43e7ec3a499,4154.12,159.74,17.414137955,54000,54000
0450958e7e06a4bfb28ff0abdc3ae43e7ec3a499,4186.64,160.58,17.564510867,54000,55000
0450958e7e06a4bfb28ff0abdc3ae43e7ec3a499,4185.54,160.94,17.526350068,54000,55000
0450958e7e06a4bfb28ff0abdc3ae43e7ec3a499,4151.03,158.92,17.411672900,55000,54000
0450958e7e06a4bfb28ff0abdc3ae43e7ec3a499,4180.84,160.43,17.544657427,54000,54000
0450958e7e06a4bfb28ff0abdc3ae43e7ec3a499,4186.13,160.89,17.589823395,54000,54000
0450958e7e06a4bfb28ff0abdc3ae43e7ec3a499,4176.96,160.44,17.525294676,54000,54000
0450958e7e06a4bfb28ff0abdc3ae43e7ec3a499,4155.36,159.13,17.443075023,54000,54000
0450958e7e06a4bfb28ff0abdc3ae43e7ec3a499,4171.35,159.85,17.485899997,54000,54000
0450958e7e06a4bfb28ff0abdc3ae43e7ec3a499,4223.74,161.81,17.702383927,54000,54000
0450958e7e06a4bfb28ff0abdc3ae43e7ec3a499,4226.31,162.25,17.690132621,54000,54000
0450958e7e06a4bfb28ff0abdc3ae43e7ec3a499,4163.62,159.57,17.506855421,54000,54000
0450958e7e06a4bfb28ff0abdc3ae43e7ec3a499,4177.09,160.07,17.514173201,54000,54000
0450958e7e06a4bfb28ff0abdc3ae43e7ec3a499,4207.52,161.61,17.635461389,54000,54000
0450958e7e06a4bfb28ff0abdc3ae43e7ec3a499,4198.15,161.80,17.632212870,54000,54000
0450958e7e06a4bfb28ff0abdc3ae43e7ec3a499,4168.03,160.44,17.494543764,54000,54000
0450958e7e06a4bfb28ff0abdc3ae43e7ec3a499,4149.26,159.41,17.403555827,54000,54000
0450958e7e06a4bfb28ff0abdc3ae43e7ec3a499,4187.53,160.42,17.547300649,54000,53000
0450958e7e06a4bfb28ff0abdc3ae43e7ec3a499,4291.26,164.41,18.018499721,54000,54000
0450958e7e06a4bfb28ff0abdc3ae43e7ec3a499,4163.55,159.32,17.467845081,54000,54000
0450958e7e06a4bfb28ff0abdc3ae43e7ec3a499,4213.15,160.98,17.663596870,54000,54000
0450958e7e06a4bfb28ff0abdc3ae43e7ec3a499,4184.26,160.37,17.527239769,54000,54000
0450958e7e06a4bfb28ff0abdc3ae43e7ec3a499,4205.46,161.58,17.625006738,54000,54000
0450958e7e06a4bfb28ff0abdc3ae43e7ec3a499,4187.17,160.93,17.532071227,54000,54000
0450958e7e06a4bfb28ff0abdc3ae43e7ec3a499,4199.98,161.04,17.594360116,54000,54000
5340e163c93f76e204dfa6009d35f6061870a338,4240.28,163.09,17.726082903,54000,54000
5340e163c93f76e204dfa6009d35f6061870a338,4203.37,161.01,17.607336030,54000,54000
5340e163c93f76e204dfa6009d35f6061870a338,4237.94,163.79,17.798181321,54000,54000
5340e163c93f76e204dfa6009d35f6061870a338,4168.45,160.39,17.505342355,54000,54000
5340e163c93f76e204dfa6009d35f6061870a338,4222.24,162.27,17.670803179,54000,54000
5340e163c93f76e204dfa6009d35f6061870a338,4222.45,162.11,17.703648504,54000,54000
5340e163c93f76e204dfa6009d35f6061870a338,4227.79,162.53,17.719092508,54000,54000
5340e163c93f76e204dfa6009d35f6061870a338,4190.89,160.91,17.538682095,54000,55000
5340e163c93f76e204dfa6009d35f6061870a338,4174.34,160.47,17.497660953,54000,54000
5340e163c93f76e204dfa6009d35f6061870a338,4186.78,160.78,17.564795662,54000,54000
5340e163c93f76e204dfa6009d35f6061870a338,4157.71,159.86,17.450370662,54000,54000
5340e163c93f76e204dfa6009d35f6061870a338,4164.04,159.85,17.519625167,54000,53000
5340e163c93f76e204dfa6009d35f6061870a338,4154.93,159.41,17.386384552,54000,54000
5340e163c93f76e204dfa6009d35f6061870a338,4139.37,158.30,17.365641753,54000,54000
5340e163c93f76e204dfa6009d35f6061870a338,4158.21,159.61,17.427720352,54000,54000
5340e163c93f76e204dfa6009d35f6061870a338,4174.89,159.74,17.480748042,54000,54000
5340e163c93f76e204dfa6009d35f6061870a338,4164.35,159.90,17.421547160,54000,54000
5340e163c93f76e204dfa6009d35f6061870a338,4152.31,159.36,17.410249315,54000,55000
5340e163c93f76e204dfa6009d35f6061870a338,4150.13,159.76,17.428748384,54000,54000
5340e163c93f76e204dfa6009d35f6061870a338,4189.57,161.60,17.586774608,54000,54000
5340e163c93f76e204dfa6009d35f6061870a338,4186.67,160.29,17.540126693,54000,54000
5340e163c93f76e204dfa6009d35f6061870a338,4191.98,160.37,17.555755404,53000,53000
5340e163c93f76e204dfa6009d35f6061870a338,4329.33,166.34,18.165359131,54000,54000
5340e163c93f76e204dfa6009d35f6061870a338,4209.27,162.05,17.666743776,53000,54000
5340e163c93f76e204dfa6009d35f6061870a338,4169.76,160.81,17.523039842,54000,54000
5340e163c93f76e204dfa6009d35f6061870a338,4184.58,160.70,17.581307303,54000,54000
5340e163c93f76e204dfa6009d35f6061870a338,4201.51,161.14,17.647563775,54000,54000
5340e163c93f76e204dfa6009d35f6061870a338,4215.90,161.70,17.681151672,54000,54000
5340e163c93f76e204dfa6009d35f6061870a338,4167.60,159.73,17.445004334,54000,55000
5340e163c93f76e204dfa6009d35f6061870a338,4218.80,161.99,17.677970040,54000,54000
83794646562481430b3408dafa4762f1ee85e299,4211.32,161.51,17.641686038,53000,54000
83794646562481430b3408dafa4762f1ee85e299,4218.66,161.86,17.684230251,54000,54000
83794646562481430b3408dafa4762f1ee85e299,4188.80,160.24,17.546948951,54000,54000
83794646562481430b3408dafa4762f1ee85e299,4225.05,162.90,17.736006727,54000,54000
83794646562481430b3408dafa4762f1ee85e299,4181.27,161.09,17.541698925,55000,54000
83794646562481430b3408dafa4762f1ee85e299,4184.81,160.48,17.538842268,54000,54000
83794646562481430b3408dafa4762f1ee85e299,4204.35,162.02,17.580787491,54000,54000
83794646562481430b3408dafa4762f1ee85e299,4174.84,160.19,17.515835413,54000,54000
83794646562481430b3408dafa4762f1ee85e299,4199.00,161.01,17.643117538,54000,54000
83794646562481430b3408dafa4762f1ee85e299,4196.76,160.81,17.633627002,54000,54000
83794646562481430b3408dafa4762f1ee85e299,4172.65,160.49,17.474991782,54000,54000
83794646562481430b3408dafa4762f1ee85e299,4208.57,161.73,17.667669080,54000,54000
83794646562481430b3408dafa4762f1ee85e299,4204.33,160.93,17.635841918,54000,55000
83794646562481430b3408dafa4762f1ee85e299,4172.91,160.29,17.521284457,54000,54000
83794646562481430b3408dafa4762f1ee85e299,4214.65,162.30,17.704731142,55000,54000
83794646562481430b3408dafa4762f1ee85e299,4177.12,160.84,17.534387410,54000,55000
83794646562481430b3408dafa4762f1ee85e299,4216.96,161.85,17.707754377,54000,54000
83794646562481430b3408dafa4762f1ee85e299,4180.15,160.71,17.519919756,54000,54000
83794646562481430b3408dafa4762f1ee85e299,4155.31,159.35,17.429474621,54000,54000
83794646562481430b3408dafa4762f1ee85e299,4179.70,160.54,17.498722909,54000,54000
83794646562481430b3408dafa4762f1ee85e299,4218.01,161.70,17.659937365,54000,54000
83794646562481430b3408dafa4762f1ee85e299,4265.94,163.17,17.891270886,54000,54000
83794646562481430b3408dafa4762f1ee85e299,4226.01,162.14,17.723033809,54000,54000
83794646562481430b3408dafa4762f1ee85e299,4177.65,159.99,17.528188508,54000,54000
83794646562481430b3408dafa4762f1ee85e299,4196.56,161.89,17.640448643,54000,54000
83794646562481430b3408dafa4762f1ee85e299,4183.38,160.54,17.572252114,54000,54000
83794646562481430b3408dafa4762f1ee85e299,4182.90,160.49,17.518977640,54000,54000
83794646562481430b3408dafa4762f1ee85e299,4182.95,160.86,17.487338415,54000,54000
83794646562481430b3408dafa4762f1ee85e299,4225.15,161.99,17.703535603,54000,54000
83794646562481430b3408dafa4762f1ee85e299,4168.63,159.38,17.485403991,54000,54000
0bfb5e545c4376c0b81f913cee873cfe82c33256,4199.33,161.12,17.610120319,54000,54000
0bfb5e545c4376c0b81f913cee873cfe82c33256,4161.06,159.54,17.442677649,54000,54000
0bfb5e545c4376c0b81f913cee873cfe82c33256,4164.26,159.81,17.449266416,54000,54000
0bfb5e545c4376c0b81f913cee873cfe82c33256,4178.04,160.39,17.531297736,54000,54000
0bfb5e545c4376c0b81f913cee873cfe82c33256,4215.86,162.41,17.666001371,54000,54000
0bfb5e545c4376c0b81f913cee873cfe82c33256,4164.97,159.85,17.500633411,54000,54000
0bfb5e545c4376c0b81f913cee873cfe82c33256,4201.05,161.69,17.635045952,54000,54000
0bfb5e545c4376c0b81f913cee873cfe82c33256,4177.75,160.59,17.527669111,54000,54000
0bfb5e545c4376c0b81f913cee873cfe82c33256,4231.02,162.12,17.721880841,54000,54000
0bfb5e545c4376c0b81f913cee873cfe82c33256,4174.89,159.67,17.500260183,54000,54000
0bfb5e545c4376c0b81f913cee873cfe82c33256,4221.20,162.50,17.716421933,54000,54000
0bfb5e545c4376c0b81f913cee873cfe82c33256,4154.91,159.64,17.441858782,54000,54000
0bfb5e545c4376c0b81f913cee873cfe82c33256,4166.83,159.61,17.493256194,54000,54000
0bfb5e545c4376c0b81f913cee873cfe82c33256,4194.29,161.32,17.610168689,54000,54000
0bfb5e545c4376c0b81f913cee873cfe82c33256,4168.90,159.61,17.488351832,54000,54000
0bfb5e545c4376c0b81f913cee873cfe82c33256,4177.68,160.72,17.501967376,55000,54000
0bfb5e545c4376c0b81f913cee873cfe82c33256,4230.07,161.85,17.739110741,54000,54000
0bfb5e545c4376c0b81f913cee873cfe82c33256,4233.98,162.03,17.751319723,53000,54000
0bfb5e545c4376c0b81f913cee873cfe82c33256,4197.73,161.43,17.622212814,54000,54000
0bfb5e545c4376c0b81f913cee873cfe82c33256,4185.90,160.88,17.544862120,54000,54000
0bfb5e545c4376c0b81f913cee873cfe82c33256,4200.79,160.90,17.582549966,54000,53000
0bfb5e545c4376c0b81f913cee873cfe82c33256,4306.06,165.32,18.092213890,53000,54000
0bfb5e545c4376c0b81f913cee873cfe82c33256,4169.14,159.67,17.525121655,54000,54000
0bfb5e545c4376c0b81f913cee873cfe82c33256,4215.88,161.67,17.706014385,54000,54000
0bfb5e545c4376c0b81f913cee873cfe82c33256,4184.85,160.07,17.556711896,54000,54000
0bfb5e545c4376c0b81f913cee873cfe82c33256,4201.81,161.01,17.654674409,54000,54000
0bfb5e545c4376c0b81f913cee873cfe82c33256,4191.83,160.57,17.573368851,54000,54000
0bfb5e545c4376c0b81f913cee873cfe82c33256,4196.50,161.43,17.569939647,54000,54000
0bfb5e545c4376c0b81f913cee873cfe82c33256,4177.62,160.18,17.526769130,54000,54000
0bfb5e545c4376c0b81f913cee873cfe82c33256,4198.60,160.91,17.569510956,54000,54000
7e870290e43218f5adca546572a4e54a2ce7dd6b,4181.18,160.61,17.565494572,54000,54000
7e870290e43218f5adca546572a4e54a2ce7dd6b,4209.59,162.60,17.666128609,54000,54000
7e870290e43218f5adca546572a4e54a2ce7dd6b,4190.21,161.41,17.565123038,53000,54000
7e870290e43218f5adca546572a4e54a2ce7dd6b,4207.23,161.66,17.655964476,54000,54000
7e870290e43218f5adca546572a4e54a2ce7dd6b,4183.72,160.96,17.517657426,54000,54000
7e870290e43218f5adca546572a4e54a2ce7dd6b,4215.99,161.66,17.692613513,54000,54000
7e870290e43218f5adca546572a4e54a2ce7dd6b,4288.12,164.89,17.984469981,54000,54000
7e870290e43218f5adca546572a4e54a2ce7dd6b,4203.83,161.54,17.665861806,54000,54000
7e870290e43218f5adca546572a4e54a2ce7dd6b,4248.61,163.01,17.850619360,54000,53000
7e870290e43218f5adca546572a4e54a2ce7dd6b,4202.67,162.36,17.630946328,54000,54000
7e870290e43218f5adca546572a4e54a2ce7dd6b,4199.17,160.65,17.607802160,54000,54000
7e870290e43218f5adca546572a4e54a2ce7dd6b,4230.65,162.94,17.770228934,54000,54000
7e870290e43218f5adca546572a4e54a2ce7dd6b,4189.61,160.47,17.613473533,54000,54000
7e870290e43218f5adca546572a4e54a2ce7dd6b,4183.20,160.98,17.583218702,54000,54000
7e870290e43218f5adca546572a4e54a2ce7dd6b,4168.58,159.83,17.488226836,54000,54000
7e870290e43218f5adca546572a4e54a2ce7dd6b,4187.90,160.28,17.554085018,54000,54000
7e870290e43218f5adca546572a4e54a2ce7dd6b,4216.33,161.97,17.639170565,54000,54000
7e870290e43218f5adca546572a4e54a2ce7dd6b,4257.47,164.24,17.859693586,54000,54000
7e870290e43218f5adca546572a4e54a2ce7dd6b,4263.26,164.58,17.876572424,54000,54000
7e870290e43218f5adca546572a4e54a2ce7dd6b,4167.28,159.93,17.478446205,54000,54000
7e870290e43218f5adca546572a4e54a2ce7dd6b,4282.38,165.08,17.972335955,54000,54000
7e870290e43218f5adca546572a4e54a2ce7dd6b,4222.55,162.52,17.705186175,54000,54000
7e870290e43218f5adca546572a4e54a2ce7dd6b,4209.17,160.96,17.682546742,54000,54000
7e870290e43218f5adca546572a4e54a2ce7dd6b,4182.73,159.95,17.550045961,54000,54000
7e870290e43218f5adca546572a4e54a2ce7dd6b,4186.52,160.69,17.543455124,55000,54000
7e870290e43218f5adca546572a4e54a2ce7dd6b,4278.86,164.14,17.916107369,54000,54000
7e870290e43218f5adca546572a4e54a2ce7dd6b,4227.23,162.15,17.721273552,54000,54000
7e870290e43218f5adca546572a4e54a2ce7dd6b,4190.26,160.77,17.547038220,54000,54000
7e870290e43218f5adca546572a4e54a2ce7dd6b,4263.70,163.93,17.851301939,54000,54000
7e870290e43218f5adca546572a4e54a2ce7dd6b,4254.24,164.16,17.823780012,54000,54000
634835bdb918d233776e4a9469a34561406568f3,4235.49,162.54,17.739860813,54000,53000
634835bdb918d233776e4a9469a34561406568f3,4248.12,162.70,17.849909336,54000,54000
634835bdb918d233776e4a9469a34561406568f3,4219.61,162.10,17.694155822,54000,54000
634835bdb918d233776e4a9469a34561406568f3,4200.25,160.98,17.593350462,54000,54000
634835bdb918d233776e4a9469a34561406568f3,4238.00,162.53,17.764870360,54000,54000
634835bdb918d233776e4a9469a34561406568f3,4183.45,160.93,17.533322745,54000,54000
634835bdb918d233776e4a9469a34561406568f3,4238.38,162.50,17.750809738,54000,54000
634835bdb918d233776e4a9469a34561406568f3,4247.67,162.97,17.797779611,54000,55000
634835bdb918d233776e4a9469a34561406568f3,4184.82,159.90,17.526079968,54000,54000
634835bdb918d233776e4a9469a34561406568f3,4201.44,160.96,17.612237078,54000,54000
634835bdb918d233776e4a9469a34561406568f3,4238.07,162.65,17.805963110,53000,54000
634835bdb918d233776e4a9469a34561406568f3,4208.96,161.41,17.616107672,54000,54000
634835bdb918d233776e4a9469a34561406568f3,4201.36,161.02,17.586037968,54000,54000
634835bdb918d233776e4a9469a34561406568f3,4197.42,161.45,17.582068971,54000,54000
634835bdb918d233776e4a9469a34561406568f3,4258.08,163.45,17.873099328,54000,54000
634835bdb918d233776e4a9469a34561406568f3,4182.83,160.91,17.537284601,54000,54000
634835bdb918d233776e4a9469a34561406568f3,4275.31,164.48,17.916346120,54000,55000
634835bdb918d233776e4a9469a34561406568f3,4260.49,163.28,17.845018337,54000,54000
634835bdb918d233776e4a9469a34561406568f3,4197.52,160.38,17.607414353,54000,53000
634835bdb918d233776e4a9469a34561406568f3,4242.52,162.80,17.799239174,54000,54000
634835bdb918d233776e4a9469a34561406568f3,4211.27,161.99,17.652705500,54000,54000
634835bdb918d233776e4a9469a34561406568f3,4207.13,161.83,17.652140959,54000,54000
634835bdb918d233776e4a9469a34561406568f3,4183.77,160.21,17.540799600,54000,53000
634835bdb918d233776e4a9469a34561406568f3,4180.70,161.27,17.538073780,54000,54000
634835bdb918d233776e4a9469a34561406568f3,4195.95,160.94,17.605298108,54000,54000
634835bdb918d233776e4a9469a34561406568f3,4172.70,159.69,17.565399696,54000,54000
634835bdb918d233776e4a9469a34561406568f3,4184.74,160.95,17.594943213,54000,53000
634835bdb918d233776e4a9469a34561406568f3,4240.83,162.50,17.789475978,54000,54000
634835bdb918d233776e4a9469a34561406568f3,4216.91,161.56,17.684560482,54000,54000
634835bdb918d233776e4a9469a34561406568f3,4195.96,160.69,17.612410939,54000,54000
7954cc155cc621e13b0219338a3a6e00c1c82d63,4191.04,160.57,17.587735721,53000,54000
7954cc155cc621e13b0219338a3a6e00c1c82d63,4252.49,163.39,17.820946737,54000,54000
7954cc155cc621e13b0219338a3a6e00c1c82d63,4182.01,160.25,17.519172747,54000,54000
7954cc155cc621e13b0219338a3a6e00c1c82d63,4200.86,160.54,17.623777702,54000,53000
7954cc155cc621e13b0219338a3a6e00c1c82d63,4194.48,161.00,17.595847431,54000,55000
7954cc155cc621e13b0219338a3a6e00c1c82d63,4228.04,162.78,17.726446512,54000,54000
7954cc155cc621e13b0219338a3a6e00c1c82d63,4204.55,162.06,17.643641130,54000,55000
7954cc155cc621e13b0219338a3a6e00c1c82d63,4244.97,163.51,17.837376782,54000,53000
7954cc155cc621e13b0219338a3a6e00c1c82d63,4215.34,161.66,17.675533872,54000,54000
7954cc155cc621e13b0219338a3a6e00c1c82d63,4244.20,163.39,17.753497823,54000,54000
7954cc155cc621e13b0219338a3a6e00c1c82d63,4239.37,162.19,17.776821758,54000,54000
7954cc155cc621e13b0219338a3a6e00c1c82d63,4235.15,162.54,17.753494383,54000,54000
7954cc155cc621e13b0219338a3a6e00c1c82d63,4208.66,161.75,17.629359120,54000,54000
7954cc155cc621e13b0219338a3a6e00c1c82d63,4209.12,161.55,17.687041894,55000,55000
7954cc155cc621e13b0219338a3a6e00c1c82d63,4163.10,159.56,17.446320967,54000,54000
7954cc155cc621e13b0219338a3a6e00c1c82d63,4214.40,162.12,17.682476938,54000,54000
7954cc155cc621e13b0219338a3a6e00c1c82d63,4198.52,161.10,17.620568182,54000,54000
7954cc155cc621e13b0219338a3a6e00c1c82d63,4168.44,159.90,17.495981668,54000,54000
7954cc155cc621e13b0219338a3a6e00c1c82d63,4235.91,162.16,17.757106537,54000,54000
7954cc155cc621e13b0219338a3a6e00c1c82d63,4167.14,159.53,17.518885466,54000,54000
7954cc155cc621e13b0219338a3a6e00c1c82d63,4215.81,162.04,17.638906812,54000,54000
7954cc155cc621e13b0219338a3a6e00c1c82d63,4212.25,161.91,17.671393649,53000,54000
7954cc155cc621e13b0219338a3a6e00c1c82d63,4190.01,161.32,17.586554365,53000,54000
7954cc155cc621e13b0219338a3a6e00c1c82d63,4198.53,162.39,17.594775123,54000,54000
7954cc155cc621e13b0219338a3a6e00c1c82d63,4206.09,161.87,17.615164458,54000,54000
7954cc155cc621e13b0219338a3a6e00c1c82d63,4204.54,161.26,17.635198042,54000,53000
7954cc155cc621e13b0219338a3a6e00c1c82d63,4364.66,167.21,18.303804513,54000,54000
7954cc155cc621e13b0219338a3a6e00c1c82d63,4256.53,162.91,17.848521468,54000,54000
7954cc155cc621e13b0219338a3a6e00c1c82d63,4193.90,160.58,17.554546601,54000,54000
7954cc155cc621e13b0219338a3a6e00c1c82d63,4210.29,161.57,17.625668948,54000,54000
d867629606a2dd52f395d627192f2d1938442def,4298.26,165.31,18.070156015,54000,54000
d867629606a2dd52f395d627192f2d1938442def,4330.24,166.40,18.202441751,54000,54000
d867629606a2dd52f395d627192f2d1938442def,4258.91,162.89,17.869649587,54000,54000
d867629606a2dd52f395d627192f2d1938442def,4262.28,162.74,17.881152534,54000,55000
d867629606a2dd52f395d627192f2d1938442def,4297.61,164.92,18.009358065,54000,54000
d867629606a2dd52f395d627192f2d1938442def,4261.08,163.32,17.897718563,54000,54000
d867629606a2dd52f395d627192f2d1938442def,4287.45,164.03,18.024849523,54000,54000
d867629606a2dd52f395d627192f2d1938442def,4295.20,165.14,18.036500762,54000,54000
d867629606a2dd52f395d627192f2d1938442def,4310.34,164.96,18.060274650,54000,54000
d867629606a2dd52f395d627192f2d1938442def,4299.20,164.91,18.044137900,54000,54000
d867629606a2dd52f395d627192f2d1938442def,4296.34,164.38,18.033454043,54000,54000
d867629606a2dd52f395d627192f2d1938442def,4294.64,164.20,18.016517060,54000,54000
d867629606a2dd52f395d627192f2d1938442def,4320.04,166.01,18.083877885,54000,54000
d867629606a2dd52f395d627192f2d1938442def,4315.15,165.20,18.054710633,54000,54000
d867629606a2dd52f395d627192f2d1938442def,4259.62,163.54,17.894986230,54000,54000
d867629606a2dd52f395d627192f2d1938442def,4294.66,164.33,18.017771273,55000,54000
d867629606a2dd52f395d627192f2d1938442def,4286.19,164.69,18.027597368,54000,54000
d867629606a2dd52f395d627192f2d1938442def,4313.27,166.36,18.125985758,54000,54000
d867629606a2dd52f395d627192f2d1938442def,4336.04,166.46,18.195786843,54000,54000
d867629606a2dd52f395d627192f2d1938442def,4263.09,163.59,17.868789133,54000,53000
d867629606a2dd52f395d627192f2d1938442def,4301.58,164.83,18.029944277,54000,54000
d867629606a2dd52f395d627192f2d1938442def,4303.08,165.00,18.062873417,54000,54000
d867629606a2dd52f395d627192f2d1938442def,4306.18,164.72,18.077745133,54000,54000
d867629606a2dd52f395d627192f2d1938442def,4382.80,167.35,18.370446499,54000,54000
d867629606a2dd52f395d627192f2d1938442def,4296.71,164.84,18.016836420,54000,54000
d867629606a2dd52f395d627192f2d1938442def,4292.41,164.84,18.034991086,54000,55000
d867629606a2dd52f395d627192f2d1938442def,4311.70,165.99,18.120844121,54000,54000
d867629606a2dd52f395d627192f2d1938442def,4294.18,164.91,18.065185959,54000,54000
d867629606a2dd52f395d627192f2d1938442def,4294.72,163.97,18.006175604,54000,54000
d867629606a2dd52f395d627192f2d1938442def,4282.39,164.20,17.958079861,55000,54000
fe2438bde0895e2abff81d47f154211704ebfc61,4345.11,166.80,18.226954177,54000,54000
fe2438bde0895e2abff81d47f154211704ebfc61,4312.36,165.80,18.128274905,54000,54000
fe2438bde0895e2abff81d47f154211704ebfc61,4340.54,166.78,18.248031201,54000,54000
fe2438bde0895e2abff81d47f154211704ebfc61,4301.09,165.28,18.048342066,54000,54000
fe2438bde0895e2abff81d47f154211704ebfc61,4271.50,163.31,17.921293891,54000,54000
fe2438bde0895e2abff81d47f154211704ebfc61,4293.48,164.33,17.993971396,54000,54000
fe2438bde0895e2abff81d47f154211704ebfc61,4337.85,166.98,18.216225142,54000,54000
fe2438bde0895e2abff81d47f154211704ebfc61,4302.50,164.15,18.058710348,54000,54000
fe2438bde0895e2abff81d47f154211704ebfc61,4305.49,165.33,18.062403699,55000,54000
fe2438bde0895e2abff81d47f154211704ebfc61,4285.07,164.33,17.988513396,54000,54000
fe2438bde0895e2abff81d47f154211704ebfc61,4322.77,165.78,18.149809599,54000,54000
fe2438bde0895e2abff81d47f154211704ebfc61,4298.70,164.90,18.032840763,54000,54000
fe2438bde0895e2abff81d47f154211704ebfc61,4311.95,165.27,18.052272294,54000,54000
fe2438bde0895e2abff81d47f154211704ebfc61,4269.99,163.42,17.915436193,54000,54000
fe2438bde0895e2abff81d47f154211704ebfc61,4327.92,166.22,18.139388593,54000,54000
fe2438bde0895e2abff81d47f154211704ebfc61,4261.61,163.50,17.910146416,54000,54000
fe2438bde0895e2abff81d47f154211704ebfc61,4277.74,164.13,17.944685951,54000,53000
fe2438bde0895e2abff81d47f154211704ebfc61,4355.88,167.86,18.228869713,54000,54000
fe2438bde0895e2abff81d47f154211704ebfc61,4300.15,164.88,18.035740336,54000,54000
fe2438bde0895e2abff81d47f154211704ebfc61,4258.33,162.58,17.879731641,54000,54000
fe2438bde0895e2abff81d47f154211704ebfc61,4300.20,164.79,18.059897107,54000,54000
fe2438bde0895e2abff81d47f154211704ebfc61,4300.76,165.24,18.028487285,54000,54000
fe2438bde0895e2abff81d47f154211704ebfc61,4292.41,165.30,17.990222407,54000,54000
fe2438bde0895e2abff81d47f154211704ebfc61,4392.18,168.04,18.411215036,54000,54000
fe2438bde0895e2abff81d47f154211704ebfc61,4332.99,166.04,18.188153447,54000,54000
fe2438bde0895e2abff81d47f154211704ebfc61,4293.06,164.38,18.011346604,54000,54000
fe2438bde0895e2abff81d47f154211704ebfc61,4339.65,166.29,18.250297584,54000,54000
fe2438bde0895e2abff81d47f154211704ebfc61,4246.92,162.16,17.849193390,54000,54000
fe2438bde0895e2abff81d47f154211704ebfc61,4291.43,164.47,17.993183817,54000,54000
fe2438bde0895e2abff81d47f154211704ebfc61,4299.25,164.87,18.078916171,54000,54000
efe5272687870780d411644d8615722e9830c244,4279.17,164.68,17.926335725,54000,54000
efe5272687870780d411644d8615722e9830c244,4279.25,164.19,17.937604929,54000,54000
efe5272687870780d411644d8615722e9830c244,4290.85,164.74,17.994400278,54000,54000
efe5272687870780d411644d8615722e9830c244,4304.66,165.42,18.047257372,55000,54000
efe5272687870780d411644d8615722e9830c244,4303.86,165.42,18.011358478,54000,54000
efe5272687870780d411644d8615722e9830c244,4302.93,165.46,18.038553053,54000,54000
efe5272687870780d411644d8615722e9830c244,4303.95,164.98,18.068650244,54000,54000
efe5272687870780d411644d8615722e9830c244,4269.71,163.57,17.935880742,54000,53000
efe5272687870780d411644d8615722e9830c244,4258.83,163.01,17.890293825,54000,54000
efe5272687870780d411644d8615722e9830c244,4282.24,164.01,17.971115538,54000,54000
efe5272687870780d411644d8615722e9830c244,4333.48,166.05,18.169294428,54000,54000
efe5272687870780d411644d8615722e9830c244,4312.76,165.75,18.110568469,54000,54000
efe5272687870780d411644d8615722e9830c244,4279.52,165.08,17.962188457,54000,54000
efe5272687870780d411644d8615722e9830c244,4324.34,166.22,18.151381821,54000,54000
efe5272687870780d411644d8615722e9830c244,4326.65,166.45,18.171708488,54000,54000
efe5272687870780d411644d8615722e9830c244,4267.32,164.28,17.940301582,54000,53000
efe5272687870780d411644d8615722e9830c244,4284.01,164.91,17.976567477,54000,54000
efe5272687870780d411644d8615722e9830c244,4273.83,164.57,17.981599087,54000,54000
efe5272687870780d411644d8615722e9830c244,4274.24,164.09,17.989154568,54000,54000
efe5272687870780d411644d8615722e9830c244,4266.96,163.31,17.911851927,54000,54000
efe5272687870780d411644d8615722e9830c244,4296.94,165.20,18.002622919,54000,54000
efe5272687870780d411644d8615722e9830c244,4339.28,165.79,18.250594910,54000,54000
efe5272687870780d411644d8615722e9830c244,4255.95,162.85,17.867361758,54000,54000
efe5272687870780d411644d8615722e9830c244,4285.51,164.11,17.968995499,54000,54000
efe5272687870780d411644d8615722e9830c244,4320.44,164.79,18.113249273,54000,54000
efe5272687870780d411644d8615722e9830c244,4252.28,162.50,17.831712626,55000,55000
efe5272687870780d411644d8615722e9830c244,4288.39,164.27,17.955673351,54000,54000
efe5272687870780d411644d8615722e9830c244,4297.24,165.39,18.020009977,54000,54000
efe5272687870780d411644d8615722e9830c244,4266.35,163.75,17.932861413,55000,54000
efe5272687870780d411644d8615722e9830c244,4308.37,165.00,18.044280936,54000,54000
7af0d7d8daf5c555cd65b202664a2c970be4479e,4284.97,164.50,17.991392244,54000,54000
7af0d7d8daf5c555cd65b202664a2c970be4479e,4272.20,163.92,17.950572689,54000,54000
7af0d7d8daf5c555cd65b202664a2c970be4479e,4282.32,165.01,17.988525541,54000,54000
7af0d7d8daf5c555cd65b202664a2c970be4479e,4346.40,166.33,18.220311143,54000,54000
7af0d7d8daf5c555cd65b202664a2c970be4479e,4293.12,164.57,18.038025316,54000,54000
7af0d7d8daf5c555cd65b202664a2c970be4479e,4265.69,163.63,17.888338232,54000,53000
7af0d7d8daf5c555cd65b202664a2c970be4479e,4322.74,165.72,18.116479030,54000,54000
7af0d7d8daf5c555cd65b202664a2c970be4479e,4297.74,165.14,18.001221698,54000,54000
7af0d7d8daf5c555cd65b202664a2c970be4479e,4347.61,167.22,18.265517310,54000,54000
7af0d7d8daf5c555cd65b202664a2c970be4479e,4330.30,166.33,18.151621331,54000,54000
7af0d7d8daf5c555cd65b202664a2c970be4479e,4320.70,165.40,18.117318202,54000,54000
7af0d7d8daf5c555cd65b202664a2c970be4479e,4295.27,164.76,17.980030578,54000,54000
7af0d7d8daf5c555cd65b202664a2c970be4479e,4333.65,165.91,18.198379822,54000,54000
7af0d7d8daf5c555cd65b202664a2c970be4479e,4258.13,163.64,17.850199665,54000,54000
7af0d7d8daf5c555cd65b202664a2c970be4479e,4304.36,164.48,18.039673867,54000,55000
7af0d7d8daf5c555cd65b202664a2c970be4479e,4370.55,167.52,18.333853923,54000,54000
7af0d7d8daf5c555cd65b202664a2c970be4479e,4253.68,162.57,17.849976505,54000,54000
7af0d7d8daf5c555cd65b202664a2c970be4479e,4289.55,164.24,17.989868845,54000,54000
7af0d7d8daf5c555cd65b202664a2c970be4479e,4266.87,162.59,17.895257858,56000,54000
7af0d7d8daf5c555cd65b202664a2c970be4479e,4294.79,164.19,18.005113272,55000,54000
7af0d7d8daf5c555cd65b202664a2c970be4479e,4287.71,164.03,18.021563182,54000,54000
7af0d7d8daf5c555cd65b202664a2c970be4479e,4330.31,166.79,18.181277459,54000,54000
7af0d7d8daf5c555cd65b202664a2c970be4479e,4292.47,164.99,18.023852878,54000,54000
7af0d7d8daf5c555cd65b202664a2c970be4479e,4259.48,163.58,17.922461351,54000,54000
7af0d7d8daf5c555cd65b202664a2c970be4479e,4263.47,163.62,17.899215907,54000,54000
7af0d7d8daf5c555cd65b202664a2c970be4479e,4406.06,169.02,18.469699852,54000,54000
7af0d7d8daf5c555cd65b202664a2c970be4479e,4323.30,166.15,18.143527733,53000,54000
7af0d7d8daf5c555cd65b202664a2c970be4479e,4304.84,165.35,18.070565039,54000,54000
7af0d7d8daf5c555cd65b202664a2c970be4479e,4254.91,162.85,17.840219903,54000,54000
7af0d7d8daf5c555cd65b202664a2c970be4479e,4318.98,165.30,18.115892400,54000,54000
