commit,energy-pkg,energy-ram,seconds,temp_before,temp_after
d830adc5b86fb390c3e6e87a6c1fc8092cc5efcc,2085.12,79.69,8.688067226,54000,54000
fee23291a5c305e92269e11846bccf719a8de17a,1946.96,74.21,8.109644857,54000,54000
7ea37a5ca53aeb1c3a8fde4d33cf9ef47875263f,2354.57,90.43,9.812019861,54000,54000
53e8482e48ed28194e29164b52fd0a29ef89626f,1549.24,59.20,6.423237561,54000,54000
6f2d6fa3e5e78b38ea3153d1f35fb855b1ab8476,3415.21,132.01,14.062915662,54000,53000
14145e11550a43e444ef2e8a0bf5e9afa9b3948c,4175.11,161.95,17.151419454,54000,54000
fad9f0dbaa510f678b947c317560adc792a43606,2151.38,82.17,8.976521742,54000,54000
264c219330aeeff5b8d792abda83540aede62b8d,2844.26,109.43,11.809849558,54000,54000
41aad8d6939116d7f1e303e08b7090b49003388e,4144.75,160.88,17.046339987,54000,54000
1d1cf68430db1f2bdc74a96d33f3ccf2ef34ce31,2791.26,107.61,11.601292196,54000,54000
830009e50047d2ca55620929348a83f36b5f280a,4223.23,163.76,17.383794532,54000,54000
fc12713c754231fd13f55eb460c88480898619f5,1691.72,64.12,7.057938996,54000,54000
d36205f068560bd5d7b411717565ca0886487f25,1733.96,66.44,7.227796906,54000,54000
62da5b2a20c8132ac2c5e71574c24d33cfde369f,2072.40,79.58,8.649905322,54000,53000
f071960ddcb86aa2f657fcfea6e604599caf6ad7,2132.23,81.79,8.905603421,54000,54000
5b1e7dd682d20bb249acbcfbc604578da6384e9b,4155.29,161.27,17.135450392,54000,54000
ba72e542052a46f59035590c90b1a786b78bcafe,3461.41,134.65,14.257782656,54000,54000
35b2381d3fdd7d3e3374de1e75c6b6eaaa49f668,2836.70,109.62,11.804589169,54000,54000
c2386faca6c7ccd5c2c94f93eeba12218d6240a8,1685.00,64.32,7.036545914,54000,54000
2b404d03b3124718f0b546f81484c823e80acf53,1662.11,63.47,6.923334117,54000,54000
4d5144c796bc0b4a06115ef8463c56916e5fe469,2612.90,100.43,10.922115999,54000,54000
439fba786eae68c84cc61e07f330aad44870e3c4,2845.63,109.95,11.819470908,53000,54000
d830adc5b86fb390c3e6e87a6c1fc8092cc5efcc,2081.60,79.64,8.696067439,54000,54000
fee23291a5c305e92269e11846bccf719a8de17a,1956.45,75.11,8.167478808,54000,54000
7ea37a5ca53aeb1c3a8fde4d33cf9ef47875263f,2356.17,90.88,9.849752127,54000,54000
53e8482e48ed28194e29164b52fd0a29ef89626f,1534.26,58.45,6.395107898,54000,54000
6f2d6fa3e5e78b38ea3153d1f35fb855b1ab8476,3397.68,131.47,14.011666018,54000,54000
14145e11550a43e444ef2e8a0bf5e9afa9b3948c,4102.95,159.37,16.898794772,54000,54000
fad9f0dbaa510f678b947c317560adc792a43606,2137.02,81.54,8.935303542,54000,54000
264c219330aeeff5b8d792abda83540aede62b8d,2874.95,110.78,11.944211821,54000,54000
41aad8d6939116d7f1e303e08b7090b49003388e,4163.13,161.72,17.151338727,54000,54000
1d1cf68430db1f2bdc74a96d33f3ccf2ef34ce31,2754.17,105.49,11.454293924,54000,54000
830009e50047d2ca55620929348a83f36b5f280a,4157.31,161.45,17.088085367,54000,54000
fc12713c754231fd13f55eb460c88480898619f5,1702.91,64.68,7.087908686,53000,54000
d36205f068560bd5d7b411717565ca0886487f25,1727.48,65.96,7.199924078,54000,53000
62da5b2a20c8132ac2c5e71574c24d33cfde369f,2054.49,78.45,8.568099018,54000,54000
f071960ddcb86aa2f657fcfea6e604599caf6ad7,2132.61,81.27,8.904295817,54000,54000
5b1e7dd682d20bb249acbcfbc604578da6384e9b,4203.65,163.17,17.280488150,54000,54000
ba72e542052a46f59035590c90b1a786b78bcafe,3502.23,136.13,14.400644796,53000,54000
35b2381d3fdd7d3e3374de1e75c6b6eaaa49f668,2825.81,108.20,11.761914843,54000,54000
c2386faca6c7ccd5c2c94f93eeba12218d6240a8,1695.62,64.71,7.047476947,54000,54000
2b404d03b3124718f0b546f81484c823e80acf53,1663.90,63.56,6.911161310,54000,54000
4d5144c796bc0b4a06115ef8463c56916e5fe469,2631.72,100.89,10.979057442,54000,54000
439fba786eae68c84cc61e07f330aad44870e3c4,2825.40,108.94,11.719818545,53000,54000
d830adc5b86fb390c3e6e87a6c1fc8092cc5efcc,2090.68,79.95,8.720922342,54000,55000
fee23291a5c305e92269e11846bccf719a8de17a,1956.88,74.67,8.165817911,54000,54000
7ea37a5ca53aeb1c3a8fde4d33cf9ef47875263f,2335.90,89.53,9.752380514,55000,54000
53e8482e48ed28194e29164b52fd0a29ef89626f,1542.98,58.97,6.417183848,54000,54000
6f2d6fa3e5e78b38ea3153d1f35fb855b1ab8476,3428.74,133.44,14.105928198,54000,54000
14145e11550a43e444ef2e8a0bf5e9afa9b3948c,4138.50,161.15,17.045745798,54000,55000
fad9f0dbaa510f678b947c317560adc792a43606,2142.86,82.29,8.937684168,54000,54000
264c219330aeeff5b8d792abda83540aede62b8d,2827.79,108.64,11.765052734,54000,54000
41aad8d6939116d7f1e303e08b7090b49003388e,4151.51,162.28,17.104539658,54000,54000
1d1cf68430db1f2bdc74a96d33f3ccf2ef34ce31,2756.05,106.64,11.441461097,54000,54000
830009e50047d2ca55620929348a83f36b5f280a,4170.75,162.67,17.169290989,55000,54000
fc12713c754231fd13f55eb460c88480898619f5,1694.39,64.81,7.054152258,54000,54000
d36205f068560bd5d7b411717565ca0886487f25,1721.94,65.81,7.193410969,54000,54000
62da5b2a20c8132ac2c5e71574c24d33cfde369f,2052.27,78.49,8.576297113,54000,54000
f071960ddcb86aa2f657fcfea6e604599caf6ad7,2104.53,80.77,8.782448402,54000,54000
5b1e7dd682d20bb249acbcfbc604578da6384e9b,4130.41,160.24,16.998280503,54000,54000
ba72e542052a46f59035590c90b1a786b78bcafe,3478.80,134.99,14.344465052,54000,54000
35b2381d3fdd7d3e3374de1e75c6b6eaaa49f668,2816.60,108.01,11.734525235,54000,54000
c2386faca6c7ccd5c2c94f93eeba12218d6240a8,1735.50,66.08,7.240341814,54000,54000
2b404d03b3124718f0b546f81484c823e80acf53,1625.83,62.04,6.774982493,54000,54000
4d5144c796bc0b4a06115ef8463c56916e5fe469,2615.76,100.32,10.924725749,54000,54000
439fba786eae68c84cc61e07f330aad44870e3c4,2864.99,110.05,11.912617408,54000,54000
d830adc5b86fb390c3e6e87a6c1fc8092cc5efcc,2107.20,80.80,8.794503719,54000,55000
fee23291a5c305e92269e11846bccf719a8de17a,1962.53,75.33,8.183195552,54000,54000
7ea37a5ca53aeb1c3a8fde4d33cf9ef47875263f,2365.39,90.58,9.873190980,54000,54000
53e8482e48ed28194e29164b52fd0a29ef89626f,1548.60,59.26,6.437100444,54000,54000
6f2d6fa3e5e78b38ea3153d1f35fb855b1ab8476,3414.72,132.64,14.054840202,54000,54000
14145e11550a43e444ef2e8a0bf5e9afa9b3948c,4088.68,159.10,16.830356637,54000,54000
fad9f0dbaa510f678b947c317560adc792a43606,2163.84,82.89,9.024233055,54000,54000
264c219330aeeff5b8d792abda83540aede62b8d,2847.46,109.66,11.819543431,54000,54000
41aad8d6939116d7f1e303e08b7090b49003388e,4118.61,159.85,16.941958652,54000,54000
1d1cf68430db1f2bdc74a96d33f3ccf2ef34ce31,2749.33,105.88,11.410622477,54000,54000
830009e50047d2ca55620929348a83f36b5f280a,4199.52,163.23,17.267459972,54000,54000
fc12713c754231fd13f55eb460c88480898619f5,1709.03,65.25,7.111237378,55000,54000
d36205f068560bd5d7b411717565ca0886487f25,1720.98,65.92,7.166445333,54000,54000
62da5b2a20c8132ac2c5e71574c24d33cfde369f,2058.16,78.62,8.585356028,54000,54000
f071960ddcb86aa2f657fcfea6e604599caf6ad7,2112.82,80.67,8.820260336,54000,54000
5b1e7dd682d20bb249acbcfbc604578da6384e9b,4216.25,163.78,17.352634549,54000,54000
ba72e542052a46f59035590c90b1a786b78bcafe,3457.79,134.15,14.235199813,54000,54000
35b2381d3fdd7d3e3374de1e75c6b6eaaa49f668,2796.78,107.06,11.660999249,54000,54000
c2386faca6c7ccd5c2c94f93eeba12218d6240a8,1702.56,65.02,7.085231087,54000,54000
2b404d03b3124718f0b546f81484c823e80acf53,1619.17,61.88,6.750573727,54000,53000
4d5144c796bc0b4a06115ef8463c56916e5fe469,2594.88,99.56,10.837634227,54000,54000
439fba786eae68c84cc61e07f330aad44870e3c4,2835.09,109.37,11.784821083,54000,53000
d830adc5b86fb390c3e6e87a6c1fc8092cc5efcc,2072.20,79.24,8.664719842,53000,54000
fee23291a5c305e92269e11846bccf719a8de17a,1968.73,75.77,8.218180944,54000,54000
7ea37a5ca53aeb1c3a8fde4d33cf9ef47875263f,2384.22,91.57,9.972882384,54000,54000
53e8482e48ed28194e29164b52fd0a29ef89626f,1533.05,58.62,6.379812195,54000,54000
6f2d6fa3e5e78b38ea3153d1f35fb855b1ab8476,3410.93,132.24,14.056381224,54000,54000
14145e11550a43e444ef2e8a0bf5e9afa9b3948c,4108.81,160.48,16.924413913,54000,54000
fad9f0dbaa510f678b947c317560adc792a43606,2141.94,82.27,8.937899496,54000,54000
264c219330aeeff5b8d792abda83540aede62b8d,2820.63,108.36,11.736884466,54000,54000
41aad8d6939116d7f1e303e08b7090b49003388e,4090.70,159.35,16.853554163,54000,54000
1d1cf68430db1f2bdc74a96d33f3ccf2ef34ce31,2786.62,107.60,11.574726842,54000,55000
830009e50047d2ca55620929348a83f36b5f280a,4188.33,163.12,17.225846199,54000,54000
fc12713c754231fd13f55eb460c88480898619f5,1694.44,64.81,7.049758669,54000,54000
d36205f068560bd5d7b411717565ca0886487f25,1724.45,66.21,7.182345701,54000,54000
62da5b2a20c8132ac2c5e71574c24d33cfde369f,2059.56,78.77,8.592871624,54000,53000
f071960ddcb86aa2f657fcfea6e604599caf6ad7,2154.29,82.77,8.990538256,54000,54000
5b1e7dd682d20bb249acbcfbc604578da6384e9b,4130.51,160.53,17.004114362,54000,53000
ba72e542052a46f59035590c90b1a786b78bcafe,3449.22,133.86,14.202708558,54000,54000
35b2381d3fdd7d3e3374de1e75c6b6eaaa49f668,2865.11,110.32,11.937605273,54000,54000
c2386faca6c7ccd5c2c94f93eeba12218d6240a8,1699.16,65.04,7.067261868,54000,54000
2b404d03b3124718f0b546f81484c823e80acf53,1648.86,63.15,6.855566129,54000,54000
4d5144c796bc0b4a06115ef8463c56916e5fe469,2621.05,100.48,10.931766971,54000,54000
439fba786eae68c84cc61e07f330aad44870e3c4,2859.30,110.40,11.869153397,54000,54000
d830adc5b86fb390c3e6e87a6c1fc8092cc5efcc,2077.77,79.45,8.663807093,54000,54000
fee23291a5c305e92269e11846bccf719a8de17a,1952.60,74.80,8.130020332,54000,54000
7ea37a5ca53aeb1c3a8fde4d33cf9ef47875263f,2347.52,90.15,9.799925073,54000,54000
53e8482e48ed28194e29164b52fd0a29ef89626f,1567.06,59.98,6.512335829,54000,53000
6f2d6fa3e5e78b38ea3153d1f35fb855b1ab8476,3449.26,134.10,14.213273166,54000,52000
14145e11550a43e444ef2e8a0bf5e9afa9b3948c,4185.90,162.84,17.241450724,54000,54000
fad9f0dbaa510f678b947c317560adc792a43606,2145.96,82.09,8.957861747,54000,54000
264c219330aeeff5b8d792abda83540aede62b8d,2856.39,109.75,11.885209483,54000,54000
41aad8d6939116d7f1e303e08b7090b49003388e,4125.29,160.52,17.003672732,54000,54000
1d1cf68430db1f2bdc74a96d33f3ccf2ef34ce31,2751.81,105.62,11.439581218,54000,54000
830009e50047d2ca55620929348a83f36b5f280a,4109.11,159.89,16.911368329,54000,54000
fc12713c754231fd13f55eb460c88480898619f5,1698.76,64.65,7.086695310,54000,54000
d36205f068560bd5d7b411717565ca0886487f25,1730.21,66.27,7.211177874,55000,54000
62da5b2a20c8132ac2c5e71574c24d33cfde369f,2039.38,77.88,8.521387230,54000,54000
f071960ddcb86aa2f657fcfea6e604599caf6ad7,2121.07,80.98,8.863351416,54000,53000
5b1e7dd682d20bb249acbcfbc604578da6384e9b,4206.62,163.49,17.333027347,53000,54000
ba72e542052a46f59035590c90b1a786b78bcafe,3491.35,136.47,14.383194323,54000,53000
35b2381d3fdd7d3e3374de1e75c6b6eaaa49f668,2804.40,107.89,11.679163106,54000,54000
c2386faca6c7ccd5c2c94f93eeba12218d6240a8,1712.58,65.46,7.131301763,54000,54000
2b404d03b3124718f0b546f81484c823e80acf53,1639.75,62.73,6.826665605,54000,54000
4d5144c796bc0b4a06115ef8463c56916e5fe469,2600.59,99.82,10.872683018,53000,54000
439fba786eae68c84cc61e07f330aad44870e3c4,2832.86,108.77,11.799517702,54000,55000
d830adc5b86fb390c3e6e87a6c1fc8092cc5efcc,2099.48,80.63,8.775393206,54000,54000
fee23291a5c305e92269e11846bccf719a8de17a,1950.33,74.62,8.144896832,54000,54000
7ea37a5ca53aeb1c3a8fde4d33cf9ef47875263f,2404.13,92.44,10.060076013,54000,54000
53e8482e48ed28194e29164b52fd0a29ef89626f,1542.40,59.22,6.420408838,54000,54000
6f2d6fa3e5e78b38ea3153d1f35fb855b1ab8476,3428.65,133.49,14.120171043,54000,54000
14145e11550a43e444ef2e8a0bf5e9afa9b3948c,4124.85,160.95,16.979118928,55000,54000
fad9f0dbaa510f678b947c317560adc792a43606,2133.68,81.55,8.918574620,54000,53000
264c219330aeeff5b8d792abda83540aede62b8d,2834.85,109.45,11.778032125,54000,54000
41aad8d6939116d7f1e303e08b7090b49003388e,4072.05,157.89,16.779323233,54000,54000
1d1cf68430db1f2bdc74a96d33f3ccf2ef34ce31,2759.43,105.99,11.473823436,54000,54000
830009e50047d2ca55620929348a83f36b5f280a,4128.72,161.33,16.974238868,54000,54000
fc12713c754231fd13f55eb460c88480898619f5,1695.28,64.67,7.057277515,54000,54000
d36205f068560bd5d7b411717565ca0886487f25,1727.07,66.02,7.197543524,54000,54000
62da5b2a20c8132ac2c5e71574c24d33cfde369f,2050.85,78.65,8.558720873,54000,54000
f071960ddcb86aa2f657fcfea6e604599caf6ad7,2128.59,81.61,8.892821488,54000,54000
5b1e7dd682d20bb249acbcfbc604578da6384e9b,4168.22,162.09,17.178784885,54000,54000
ba72e542052a46f59035590c90b1a786b78bcafe,3459.79,134.32,14.250341360,54000,54000
35b2381d3fdd7d3e3374de1e75c6b6eaaa49f668,2815.83,108.87,11.709085397,53000,54000
c2386faca6c7ccd5c2c94f93eeba12218d6240a8,1699.08,65.00,7.074493892,54000,54000
2b404d03b3124718f0b546f81484c823e80acf53,1638.98,63.01,6.818004541,54000,54000
4d5144c796bc0b4a06115ef8463c56916e5fe469,2582.88,99.40,10.783586366,54000,54000
439fba786eae68c84cc61e07f330aad44870e3c4,2864.43,111.17,11.907203478,54000,54000
d830adc5b86fb390c3e6e87a6c1fc8092cc5efcc,2088.10,80.05,8.719520324,53000,53000
fee23291a5c305e92269e11846bccf719a8de17a,1964.37,75.28,8.203236613,54000,54000
7ea37a5ca53aeb1c3a8fde4d33cf9ef47875263f,2359.26,90.77,9.859200176,54000,54000
53e8482e48ed28194e29164b52fd0a29ef89626f,1549.33,59.40,6.450357639,54000,53000
6f2d6fa3e5e78b38ea3153d1f35fb855b1ab8476,3406.64,132.82,14.043845785,53000,54000
14145e11550a43e444ef2e8a0bf5e9afa9b3948c,4166.70,161.95,17.199522566,54000,54000
fad9f0dbaa510f678b947c317560adc792a43606,2141.25,82.09,8.951048912,54000,54000
264c219330aeeff5b8d792abda83540aede62b8d,2851.05,109.63,11.863712649,54000,54000
41aad8d6939116d7f1e303e08b7090b49003388e,4135.55,160.72,17.063390275,54000,54000
1d1cf68430db1f2bdc74a96d33f3ccf2ef34ce31,2767.41,107.07,11.497614667,54000,54000
830009e50047d2ca55620929348a83f36b5f280a,4177.74,162.82,17.185463419,54000,54000
fc12713c754231fd13f55eb460c88480898619f5,1692.22,64.63,7.039629633,54000,54000
d36205f068560bd5d7b411717565ca0886487f25,1758.39,67.24,7.336453934,54000,54000
62da5b2a20c8132ac2c5e71574c24d33cfde369f,2076.64,79.54,8.666346983,53000,54000
f071960ddcb86aa2f657fcfea6e604599caf6ad7,2122.54,81.18,8.867840328,54000,54000
5b1e7dd682d20bb249acbcfbc604578da6384e9b,4143.27,161.81,17.044199061,54000,54000
ba72e542052a46f59035590c90b1a786b78bcafe,3476.60,135.00,14.314051209,54000,54000
35b2381d3fdd7d3e3374de1e75c6b6eaaa49f668,2829.60,108.60,11.784764885,55000,54000
c2386faca6c7ccd5c2c94f93eeba12218d6240a8,1700.72,64.87,7.084935271,54000,54000
2b404d03b3124718f0b546f81484c823e80acf53,1634.41,62.51,6.802230768,54000,54000
4d5144c796bc0b4a06115ef8463c56916e5fe469,2632.06,101.17,10.984701509,54000,54000
439fba786eae68c84cc61e07f330aad44870e3c4,2836.97,109.13,11.797599752,54000,54000
d830adc5b86fb390c3e6e87a6c1fc8092cc5efcc,2079.18,79.59,8.686014146,54000,54000
fee23291a5c305e92269e11846bccf719a8de17a,1963.65,75.67,8.189122251,54000,54000
7ea37a5ca53aeb1c3a8fde4d33cf9ef47875263f,2390.20,91.92,9.979105057,54000,53000
53e8482e48ed28194e29164b52fd0a29ef89626f,1560.30,59.96,6.488511034,54000,54000
6f2d6fa3e5e78b38ea3153d1f35fb855b1ab8476,3401.31,131.83,14.022587690,54000,54000
14145e11550a43e444ef2e8a0bf5e9afa9b3948c,4136.48,161.16,17.047206865,54000,54000
fad9f0dbaa510f678b947c317560adc792a43606,2165.91,82.99,9.051686422,54000,54000
264c219330aeeff5b8d792abda83540aede62b8d,2845.40,109.73,11.825422031,53000,54000
41aad8d6939116d7f1e303e08b7090b49003388e,4112.31,160.01,16.957760150,54000,54000
1d1cf68430db1f2bdc74a96d33f3ccf2ef34ce31,2750.55,105.61,11.452715131,54000,54000
830009e50047d2ca55620929348a83f36b5f280a,4146.64,161.11,17.066932257,54000,54000
fc12713c754231fd13f55eb460c88480898619f5,1690.88,64.74,7.038487583,54000,54000
d36205f068560bd5d7b411717565ca0886487f25,1734.74,66.37,7.244873308,54000,54000
62da5b2a20c8132ac2c5e71574c24d33cfde369f,2039.77,77.96,8.534815982,54000,54000
f071960ddcb86aa2f657fcfea6e604599caf6ad7,2131.09,81.59,8.903239284,54000,54000
5b1e7dd682d20bb249acbcfbc604578da6384e9b,4133.72,161.73,17.027681078,54000,54000
ba72e542052a46f59035590c90b1a786b78bcafe,3512.59,136.28,14.476116243,54000,54000
35b2381d3fdd7d3e3374de1e75c6b6eaaa49f668,2829.74,109.51,11.776745423,54000,54000
c2386faca6c7ccd5c2c94f93eeba12218d6240a8,1695.37,65.05,7.065686926,53000,54000
2b404d03b3124718f0b546f81484c823e80acf53,1647.07,63.17,6.851852229,54000,54000
4d5144c796bc0b4a06115ef8463c56916e5fe469,2592.56,99.54,10.831714010,54000,55000
439fba786eae68c84cc61e07f330aad44870e3c4,2844.98,110.03,11.822104771,54000,54000
d830adc5b86fb390c3e6e87a6c1fc8092cc5efcc,2077.11,79.54,8.674981080,54000,54000
fee23291a5c305e92269e11846bccf719a8de17a,1942.54,74.78,8.100439945,54000,54000
7ea37a5ca53aeb1c3a8fde4d33cf9ef47875263f,2343.56,90.22,9.791508680,54000,54000
53e8482e48ed28194e29164b52fd0a29ef89626f,1537.54,58.97,6.395412497,54000,54000
6f2d6fa3e5e78b38ea3153d1f35fb855b1ab8476,3406.91,132.85,14.018719982,54000,54000
14145e11550a43e444ef2e8a0bf5e9afa9b3948c,4206.27,162.85,17.326298482,54000,54000
fad9f0dbaa510f678b947c317560adc792a43606,2133.82,81.99,8.892808340,54000,54000
264c219330aeeff5b8d792abda83540aede62b8d,2862.38,109.83,11.901606887,54000,54000
41aad8d6939116d7f1e303e08b7090b49003388e,4161.90,162.34,17.141534054,54000,54000
1d1cf68430db1f2bdc74a96d33f3ccf2ef34ce31,2757.78,106.47,11.440515093,54000,54000
830009e50047d2ca55620929348a83f36b5f280a,4179.85,163.12,17.182271926,55000,54000
fc12713c754231fd13f55eb460c88480898619f5,1686.39,64.49,7.020780939,54000,54000
d36205f068560bd5d7b411717565ca0886487f25,1731.27,66.29,7.225663751,54000,54000
62da5b2a20c8132ac2c5e71574c24d33cfde369f,2079.07,79.60,8.687446753,55000,55000
f071960ddcb86aa2f657fcfea6e604599caf6ad7,2144.84,82.15,8.960768646,54000,54000
5b1e7dd682d20bb249acbcfbc604578da6384e9b,4141.17,161.18,17.057563331,54000,54000
ba72e542052a46f59035590c90b1a786b78bcafe,3485.91,135.54,14.373852586,54000,54000
35b2381d3fdd7d3e3374de1e75c6b6eaaa49f668,2799.69,108.31,11.663112971,54000,55000
c2386faca6c7ccd5c2c94f93eeba12218d6240a8,1703.45,65.13,7.107018836,54000,54000
2b404d03b3124718f0b546f81484c823e80acf53,1635.91,62.58,6.813655942,54000,54000
4d5144c796bc0b4a06115ef8463c56916e5fe469,2601.01,100.41,10.864089124,54000,54000
439fba786eae68c84cc61e07f330aad44870e3c4,2808.58,108.42,11.671637837,54000,54000
d830adc5b86fb390c3e6e87a6c1fc8092cc5efcc,2085.48,80.43,8.706838737,54000,53000
fee23291a5c305e92269e11846bccf719a8de17a,1947.67,75.27,8.130414974,54000,54000
7ea37a5ca53aeb1c3a8fde4d33cf9ef47875263f,2382.08,91.93,9.950873908,54000,54000
53e8482e48ed28194e29164b52fd0a29ef89626f,1535.33,58.84,6.390256393,54000,54000
6f2d6fa3e5e78b38ea3153d1f35fb855b1ab8476,3435.14,133.48,14.161420158,54000,54000
14145e11550a43e444ef2e8a0bf5e9afa9b3948c,4158.51,162.31,17.133904476,54000,54000
fad9f0dbaa510f678b947c317560adc792a43606,2128.97,81.92,8.886568896,54000,54000
264c219330aeeff5b8d792abda83540aede62b8d,2834.09,109.28,11.787670591,54000,54000
41aad8d6939116d7f1e303e08b7090b49003388e,4100.43,159.60,16.909886505,54000,54000
1d1cf68430db1f2bdc74a96d33f3ccf2ef34ce31,2744.30,106.30,11.409938755,54000,54000
830009e50047d2ca55620929348a83f36b5f280a,4170.75,162.53,17.165609709,54000,54000
fc12713c754231fd13f55eb460c88480898619f5,1699.10,65.02,7.072948503,54000,54000
d36205f068560bd5d7b411717565ca0886487f25,1718.99,65.91,7.165998309,54000,54000
62da5b2a20c8132ac2c5e71574c24d33cfde369f,2062.52,78.83,8.619415056,54000,54000
f071960ddcb86aa2f657fcfea6e604599caf6ad7,2129.43,81.80,8.880387434,54000,54000
5b1e7dd682d20bb249acbcfbc604578da6384e9b,4147.11,161.35,17.069018280,54000,54000
ba72e542052a46f59035590c90b1a786b78bcafe,3464.34,134.64,14.265624535,55000,54000
35b2381d3fdd7d3e3374de1e75c6b6eaaa49f668,2800.30,107.53,11.655307794,54000,55000
c2386faca6c7ccd5c2c94f93eeba12218d6240a8,1707.28,65.28,7.108337874,55000,54000
2b404d03b3124718f0b546f81484c823e80acf53,1636.30,62.47,6.812910224,54000,54000
4d5144c796bc0b4a06115ef8463c56916e5fe469,2604.51,99.91,10.870396951,54000,54000
439fba786eae68c84cc61e07f330aad44870e3c4,2833.26,109.37,11.765978615,54000,54000
d830adc5b86fb390c3e6e87a6c1fc8092cc5efcc,2089.90,79.76,8.725739913,54000,54000
fee23291a5c305e92269e11846bccf719a8de17a,1962.04,75.32,8.183094877,54000,54000
7ea37a5ca53aeb1c3a8fde4d33cf9ef47875263f,2345.26,89.79,9.802100036,54000,54000
53e8482e48ed28194e29164b52fd0a29ef89626f,1552.09,59.41,6.449334361,54000,54000
6f2d6fa3e5e78b38ea3153d1f35fb855b1ab8476,3440.61,134.04,14.160249129,54000,54000
14145e11550a43e444ef2e8a0bf5e9afa9b3948c,4136.55,160.80,17.017441774,54000,54000
fad9f0dbaa510f678b947c317560adc792a43606,2134.45,81.93,8.900082281,54000,54000
264c219330aeeff5b8d792abda83540aede62b8d,2855.10,109.52,11.874030179,54000,54000
41aad8d6939116d7f1e303e08b7090b49003388e,4111.59,160.37,16.929702874,54000,54000
1d1cf68430db1f2bdc74a96d33f3ccf2ef34ce31,2758.46,105.96,11.466307182,54000,54000
830009e50047d2ca55620929348a83f36b5f280a,4145.30,161.00,17.077779350,54000,54000
fc12713c754231fd13f55eb460c88480898619f5,1702.11,64.77,7.100632632,54000,54000
d36205f068560bd5d7b411717565ca0886487f25,1717.52,65.80,7.161724020,54000,54000
62da5b2a20c8132ac2c5e71574c24d33cfde369f,2042.95,78.17,8.532529797,54000,54000
f071960ddcb86aa2f657fcfea6e604599caf6ad7,2134.34,81.57,8.916193150,53000,54000
5b1e7dd682d20bb249acbcfbc604578da6384e9b,4179.05,162.19,17.225680920,54000,54000
ba72e542052a46f59035590c90b1a786b78bcafe,3476.61,134.82,14.328570454,54000,54000
35b2381d3fdd7d3e3374de1e75c6b6eaaa49f668,2801.34,107.49,11.677433702,55000,54000
c2386faca6c7ccd5c2c94f93eeba12218d6240a8,1704.40,65.08,7.099965647,54000,54000
2b404d03b3124718f0b546f81484c823e80acf53,1631.79,62.30,6.796709540,54000,55000
4d5144c796bc0b4a06115ef8463c56916e5fe469,2609.98,100.29,10.903449224,54000,54000
439fba786eae68c84cc61e07f330aad44870e3c4,2831.67,108.69,11.786932414,54000,54000
d830adc5b86fb390c3e6e87a6c1fc8092cc5efcc,2117.52,81.38,8.840738156,53000,54000
fee23291a5c305e92269e11846bccf719a8de17a,1965.04,75.13,8.202466422,54000,54000
7ea37a5ca53aeb1c3a8fde4d33cf9ef47875263f,2392.02,92.16,9.993640477,54000,54000
53e8482e48ed28194e29164b52fd0a29ef89626f,1533.52,58.67,6.390143080,54000,54000
6f2d6fa3e5e78b38ea3153d1f35fb855b1ab8476,3396.59,131.70,14.002906630,54000,54000
14145e11550a43e444ef2e8a0bf5e9afa9b3948c,4125.81,159.81,16.990989063,54000,54000
fad9f0dbaa510f678b947c317560adc792a43606,2145.66,82.30,8.951684486,54000,54000
264c219330aeeff5b8d792abda83540aede62b8d,2835.78,108.67,11.788227075,54000,54000
41aad8d6939116d7f1e303e08b7090b49003388e,4164.09,161.85,17.142450859,54000,55000
1d1cf68430db1f2bdc74a96d33f3ccf2ef34ce31,2758.34,106.32,11.443786584,54000,54000
830009e50047d2ca55620929348a83f36b5f280a,4200.86,163.60,17.267819319,54000,54000
fc12713c754231fd13f55eb460c88480898619f5,1698.20,64.70,7.061972597,54000,54000
d36205f068560bd5d7b411717565ca0886487f25,1726.27,66.06,7.189654842,54000,54000
62da5b2a20c8132ac2c5e71574c24d33cfde369f,2055.50,78.34,8.582355802,54000,54000
f071960ddcb86aa2f657fcfea6e604599caf6ad7,2112.80,80.65,8.823259314,55000,54000
5b1e7dd682d20bb249acbcfbc604578da6384e9b,4152.72,161.38,17.095097303,54000,54000
ba72e542052a46f59035590c90b1a786b78bcafe,3468.35,134.88,14.264173201,54000,54000
35b2381d3fdd7d3e3374de1e75c6b6eaaa49f668,2824.47,108.25,11.762654309,54000,54000
c2386faca6c7ccd5c2c94f93eeba12218d6240a8,1699.19,64.93,7.078171640,54000,54000
2b404d03b3124718f0b546f81484c823e80acf53,1632.16,62.44,6.795125681,54000,54000
4d5144c796bc0b4a06115ef8463c56916e5fe469,2602.04,99.51,10.874208572,54000,54000
439fba786eae68c84cc61e07f330aad44870e3c4,2839.50,109.12,11.816164794,54000,54000
d830adc5b86fb390c3e6e87a6c1fc8092cc5efcc,2078.77,79.63,8.684053837,53000,54000
fee23291a5c305e92269e11846bccf719a8de17a,1962.56,74.96,8.194265372,54000,54000
7ea37a5ca53aeb1c3a8fde4d33cf9ef47875263f,2390.69,91.41,10.008647170,54000,54000
53e8482e48ed28194e29164b52fd0a29ef89626f,1558.02,59.61,6.498277569,54000,54000
6f2d6fa3e5e78b38ea3153d1f35fb855b1ab8476,3404.66,131.80,14.059218316,54000,54000
14145e11550a43e444ef2e8a0bf5e9afa9b3948c,4122.58,160.68,17.019765449,54000,54000
fad9f0dbaa510f678b947c317560adc792a43606,2144.72,81.85,8.977516989,54000,54000
264c219330aeeff5b8d792abda83540aede62b8d,2862.50,109.82,11.931882733,54000,54000
41aad8d6939116d7f1e303e08b7090b49003388e,4175.59,162.56,17.233853058,54000,54000
1d1cf68430db1f2bdc74a96d33f3ccf2ef34ce31,2798.35,107.47,11.666220711,54000,54000
830009e50047d2ca55620929348a83f36b5f280a,4154.66,162.23,17.133750967,54000,54000
fc12713c754231fd13f55eb460c88480898619f5,1694.41,64.78,7.059862903,54000,54000
d36205f068560bd5d7b411717565ca0886487f25,1740.24,66.76,7.260647941,54000,54000
62da5b2a20c8132ac2c5e71574c24d33cfde369f,2048.09,78.15,8.561179651,54000,54000
f071960ddcb86aa2f657fcfea6e604599caf6ad7,2112.52,80.68,8.824838278,54000,55000
5b1e7dd682d20bb249acbcfbc604578da6384e9b,4204.43,163.64,17.323474651,54000,54000
ba72e542052a46f59035590c90b1a786b78bcafe,3538.78,137.62,14.574562378,54000,55000
35b2381d3fdd7d3e3374de1e75c6b6eaaa49f668,2788.21,107.16,11.605304531,55000,54000
c2386faca6c7ccd5c2c94f93eeba12218d6240a8,1691.45,64.27,7.061083100,54000,54000
2b404d03b3124718f0b546f81484c823e80acf53,1628.22,61.85,6.792818353,55000,54000
4d5144c796bc0b4a06115ef8463c56916e5fe469,2635.10,101.41,11.012088962,54000,54000
439fba786eae68c84cc61e07f330aad44870e3c4,2819.01,108.33,11.727361689,54000,54000
d830adc5b86fb390c3e6e87a6c1fc8092cc5efcc,2079.33,79.87,8.679952257,54000,54000
fee23291a5c305e92269e11846bccf719a8de17a,1997.73,76.74,8.331074257,54000,54000
7ea37a5ca53aeb1c3a8fde4d33cf9ef47875263f,2377.79,91.24,9.937846237,55000,54000
53e8482e48ed28194e29164b52fd0a29ef89626f,1562.89,59.82,6.502025956,54000,54000
6f2d6fa3e5e78b38ea3153d1f35fb855b1ab8476,3436.98,133.76,14.151258062,55000,54000
14145e11550a43e444ef2e8a0bf5e9afa9b3948c,4148.40,161.00,17.080199838,54000,54000
fad9f0dbaa510f678b947c317560adc792a43606,2136.59,81.69,8.925803927,55000,54000
264c219330aeeff5b8d792abda83540aede62b8d,2842.33,109.54,11.818301564,54000,54000
41aad8d6939116d7f1e303e08b7090b49003388e,4109.82,160.14,16.931166700,54000,54000
1d1cf68430db1f2bdc74a96d33f3ccf2ef34ce31,2730.58,105.28,11.350167435,54000,55000
830009e50047d2ca55620929348a83f36b5f280a,4148.99,161.81,17.058964748,54000,55000
fc12713c754231fd13f55eb460c88480898619f5,1713.30,65.40,7.143597497,54000,54000
d36205f068560bd5d7b411717565ca0886487f25,1738.11,66.70,7.254957882,55000,54000
62da5b2a20c8132ac2c5e71574c24d33cfde369f,2051.26,78.71,8.563559511,54000,54000
f071960ddcb86aa2f657fcfea6e604599caf6ad7,2110.28,80.68,8.820225470,54000,54000
5b1e7dd682d20bb249acbcfbc604578da6384e9b,4143.97,161.50,17.065224744,54000,54000
ba72e542052a46f59035590c90b1a786b78bcafe,3445.31,133.90,14.205102203,55000,54000
35b2381d3fdd7d3e3374de1e75c6b6eaaa49f668,2840.89,109.65,11.830275831,54000,54000
c2386faca6c7ccd5c2c94f93eeba12218d6240a8,1708.65,65.26,7.117618445,55000,54000
2b404d03b3124718f0b546f81484c823e80acf53,1637.58,62.83,6.816938086,55000,54000
4d5144c796bc0b4a06115ef8463c56916e5fe469,2619.04,100.78,10.933927698,54000,54000
439fba786eae68c84cc61e07f330aad44870e3c4,2838.75,109.27,11.801653682,54000,54000
d830adc5b86fb390c3e6e87a6c1fc8092cc5efcc,2072.14,79.86,8.648789290,54000,54000
fee23291a5c305e92269e11846bccf719a8de17a,1960.20,75.56,8.180583815,54000,54000
7ea37a5ca53aeb1c3a8fde4d33cf9ef47875263f,2351.91,90.72,9.829028529,54000,54000
53e8482e48ed28194e29164b52fd0a29ef89626f,1557.32,59.76,6.472289830,54000,54000
6f2d6fa3e5e78b38ea3153d1f35fb855b1ab8476,3400.28,132.30,14.005049104,54000,53000
14145e11550a43e444ef2e8a0bf5e9afa9b3948c,4182.81,162.98,17.232538158,54000,54000
fad9f0dbaa510f678b947c317560adc792a43606,2134.79,82.06,8.910268492,54000,54000
264c219330aeeff5b8d792abda83540aede62b8d,2837.10,109.48,11.792819793,54000,54000
41aad8d6939116d7f1e303e08b7090b49003388e,4141.22,161.63,17.035084187,54000,54000
1d1cf68430db1f2bdc74a96d33f3ccf2ef34ce31,2774.41,107.32,11.511546543,55000,54000
830009e50047d2ca55620929348a83f36b5f280a,4173.97,162.01,17.166166033,54000,54000
fc12713c754231fd13f55eb460c88480898619f5,1705.11,65.13,7.094701532,54000,54000
d36205f068560bd5d7b411717565ca0886487f25,1728.69,66.03,7.213068897,54000,54000
62da5b2a20c8132ac2c5e71574c24d33cfde369f,2068.50,79.32,8.632325508,54000,54000
f071960ddcb86aa2f657fcfea6e604599caf6ad7,2141.36,82.17,8.940653627,54000,54000
5b1e7dd682d20bb249acbcfbc604578da6384e9b,4096.72,159.60,16.841401275,55000,54000
ba72e542052a46f59035590c90b1a786b78bcafe,3473.27,135.40,14.288883679,54000,54000
35b2381d3fdd7d3e3374de1e75c6b6eaaa49f668,2825.92,108.66,11.763880178,54000,54000
c2386faca6c7ccd5c2c94f93eeba12218d6240a8,1709.77,65.39,7.117574694,54000,54000
2b404d03b3124718f0b546f81484c823e80acf53,1641.99,62.76,6.828578817,54000,54000
4d5144c796bc0b4a06115ef8463c56916e5fe469,2606.50,99.92,10.879614239,54000,55000
439fba786eae68c84cc61e07f330aad44870e3c4,2833.65,108.91,11.784733018,54000,54000
d830adc5b86fb390c3e6e87a6c1fc8092cc5efcc,2082.61,79.76,8.702994814,54000,54000
fee23291a5c305e92269e11846bccf719a8de17a,1945.82,74.58,8.126762073,54000,54000
7ea37a5ca53aeb1c3a8fde4d33cf9ef47875263f,2357.80,90.75,9.855654758,54000,54000
53e8482e48ed28194e29164b52fd0a29ef89626f,1542.77,58.98,6.425158522,54000,54000
6f2d6fa3e5e78b38ea3153d1f35fb855b1ab8476,3480.87,135.32,14.346350103,54000,54000
14145e11550a43e444ef2e8a0bf5e9afa9b3948c,4095.09,159.00,16.900682870,54000,54000
fad9f0dbaa510f678b947c317560adc792a43606,2118.82,81.40,8.856572007,54000,54000
264c219330aeeff5b8d792abda83540aede62b8d,2844.37,109.35,11.843875900,54000,54000
41aad8d6939116d7f1e303e08b7090b49003388e,4176.02,162.63,17.235901451,54000,54000
1d1cf68430db1f2bdc74a96d33f3ccf2ef34ce31,2761.69,106.56,11.489878845,54000,54000
830009e50047d2ca55620929348a83f36b5f280a,4217.98,165.09,17.353962276,54000,54000
fc12713c754231fd13f55eb460c88480898619f5,1694.04,64.59,7.066298616,54000,54000
d36205f068560bd5d7b411717565ca0886487f25,1714.97,65.81,7.154270773,55000,54000
62da5b2a20c8132ac2c5e71574c24d33cfde369f,2065.30,79.43,8.620553408,54000,54000
f071960ddcb86aa2f657fcfea6e604599caf6ad7,2139.39,81.76,8.943995219,54000,54000
5b1e7dd682d20bb249acbcfbc604578da6384e9b,4148.15,161.64,17.088481521,54000,54000
ba72e542052a46f59035590c90b1a786b78bcafe,3479.99,134.47,14.346665612,54000,54000
35b2381d3fdd7d3e3374de1e75c6b6eaaa49f668,2812.46,108.33,11.697103025,54000,54000
c2386faca6c7ccd5c2c94f93eeba12218d6240a8,1692.53,64.56,7.044752415,54000,54000
2b404d03b3124718f0b546f81484c823e80acf53,1636.49,62.35,6.806380674,55000,54000
4d5144c796bc0b4a06115ef8463c56916e5fe469,2614.50,100.21,10.909984911,54000,54000
439fba786eae68c84cc61e07f330aad44870e3c4,2824.02,108.79,11.723160144,54000,54000
d830adc5b86fb390c3e6e87a6c1fc8092cc5efcc,2072.16,79.03,8.652732544,54000,54000
fee23291a5c305e92269e11846bccf719a8de17a,1977.32,75.84,8.235244747,54000,55000
7ea37a5ca53aeb1c3a8fde4d33cf9ef47875263f,2375.31,91.19,9.905157035,54000,54000
53e8482e48ed28194e29164b52fd0a29ef89626f,1551.27,59.25,6.442503515,54000,54000
6f2d6fa3e5e78b38ea3153d1f35fb855b1ab8476,3410.02,132.56,14.020953265,54000,54000
14145e11550a43e444ef2e8a0bf5e9afa9b3948c,4102.36,159.40,16.851636811,54000,54000
fad9f0dbaa510f678b947c317560adc792a43606,2141.29,81.99,8.920754779,54000,54000
264c219330aeeff5b8d792abda83540aede62b8d,2877.76,110.25,11.963568715,55000,54000
41aad8d6939116d7f1e303e08b7090b49003388e,4129.89,160.60,17.010594293,54000,54000
1d1cf68430db1f2bdc74a96d33f3ccf2ef34ce31,2772.89,106.94,11.503515290,54000,54000
830009e50047d2ca55620929348a83f36b5f280a,4149.90,160.84,17.054813417,54000,54000
fc12713c754231fd13f55eb460c88480898619f5,1691.69,64.44,7.051314579,54000,54000
d36205f068560bd5d7b411717565ca0886487f25,1716.92,65.47,7.160468777,54000,54000
62da5b2a20c8132ac2c5e71574c24d33cfde369f,2050.58,78.23,8.562153783,54000,54000
f071960ddcb86aa2f657fcfea6e604599caf6ad7,2126.37,81.16,8.882141219,54000,54000
5b1e7dd682d20bb249acbcfbc604578da6384e9b,4188.32,163.04,17.238523268,54000,54000
ba72e542052a46f59035590c90b1a786b78bcafe,3492.83,135.54,14.390985521,54000,54000
35b2381d3fdd7d3e3374de1e75c6b6eaaa49f668,2824.68,108.63,11.745732863,54000,54000
c2386faca6c7ccd5c2c94f93eeba12218d6240a8,1697.96,64.69,7.070311330,53000,54000
2b404d03b3124718f0b546f81484c823e80acf53,1641.30,62.49,6.827547190,54000,54000
4d5144c796bc0b4a06115ef8463c56916e5fe469,2604.43,99.90,10.864931961,54000,54000
439fba786eae68c84cc61e07f330aad44870e3c4,2833.27,108.82,11.781431106,54000,54000
d830adc5b86fb390c3e6e87a6c1fc8092cc5efcc,2078.39,79.72,8.672905746,53000,54000
fee23291a5c305e92269e11846bccf719a8de17a,1955.19,74.73,8.168397354,54000,54000
7ea37a5ca53aeb1c3a8fde4d33cf9ef47875263f,2342.47,89.92,9.783735991,54000,54000
53e8482e48ed28194e29164b52fd0a29ef89626f,1524.69,58.16,6.340642189,54000,54000
6f2d6fa3e5e78b38ea3153d1f35fb855b1ab8476,3432.81,133.40,14.135055445,54000,54000
14145e11550a43e444ef2e8a0bf5e9afa9b3948c,4174.63,162.55,17.177656691,54000,54000
fad9f0dbaa510f678b947c317560adc792a43606,2142.06,82.23,8.933347937,54000,54000
264c219330aeeff5b8d792abda83540aede62b8d,2853.79,110.07,11.849020959,54000,54000
41aad8d6939116d7f1e303e08b7090b49003388e,4191.66,162.99,17.269739478,54000,54000
1d1cf68430db1f2bdc74a96d33f3ccf2ef34ce31,2749.10,106.17,11.402046267,54000,54000
830009e50047d2ca55620929348a83f36b5f280a,4162.93,161.94,17.104308084,54000,54000
fc12713c754231fd13f55eb460c88480898619f5,1702.85,64.90,7.086995932,54000,54000
d36205f068560bd5d7b411717565ca0886487f25,1734.21,66.46,7.220959379,54000,54000
62da5b2a20c8132ac2c5e71574c24d33cfde369f,2057.47,78.57,8.580943583,54000,54000
f071960ddcb86aa2f657fcfea6e604599caf6ad7,2114.77,80.83,8.821529524,54000,54000
5b1e7dd682d20bb249acbcfbc604578da6384e9b,4129.81,160.88,16.957803363,54000,54000
ba72e542052a46f59035590c90b1a786b78bcafe,3458.79,134.65,14.225178493,54000,54000
35b2381d3fdd7d3e3374de1e75c6b6eaaa49f668,2807.99,108.25,11.665444306,54000,54000
c2386faca6c7ccd5c2c94f93eeba12218d6240a8,1699.97,64.86,7.065943994,54000,54000
2b404d03b3124718f0b546f81484c823e80acf53,1637.52,62.53,6.813657589,54000,54000
4d5144c796bc0b4a06115ef8463c56916e5fe469,2636.23,101.19,10.987405075,54000,54000
439fba786eae68c84cc61e07f330aad44870e3c4,2827.00,108.44,11.742203898,54000,53000
d830adc5b86fb390c3e6e87a6c1fc8092cc5efcc,2072.11,78.99,8.650496968,54000,54000
fee23291a5c305e92269e11846bccf719a8de17a,1962.47,74.92,8.191047690,54000,54000
7ea37a5ca53aeb1c3a8fde4d33cf9ef47875263f,2401.48,91.96,10.029571483,54000,54000
53e8482e48ed28194e29164b52fd0a29ef89626f,1542.21,58.87,6.419662782,54000,54000
6f2d6fa3e5e78b38ea3153d1f35fb855b1ab8476,3400.22,131.81,14.030351059,54000,55000
14145e11550a43e444ef2e8a0bf5e9afa9b3948c,4125.96,160.63,17.013807539,54000,54000
fad9f0dbaa510f678b947c317560adc792a43606,2156.10,82.55,8.997581676,53000,54000
264c219330aeeff5b8d792abda83540aede62b8d,2843.63,109.27,11.828207260,54000,53000
41aad8d6939116d7f1e303e08b7090b49003388e,4122.57,160.46,16.984518233,54000,54000
1d1cf68430db1f2bdc74a96d33f3ccf2ef34ce31,2764.17,106.96,11.474996817,54000,54000
830009e50047d2ca55620929348a83f36b5f280a,4149.16,161.66,17.077122734,54000,54000
fc12713c754231fd13f55eb460c88480898619f5,1688.65,64.59,7.028615977,54000,54000
d36205f068560bd5d7b411717565ca0886487f25,1743.58,66.69,7.276612635,54000,54000
62da5b2a20c8132ac2c5e71574c24d33cfde369f,2067.72,79.19,8.636250157,54000,54000
f071960ddcb86aa2f657fcfea6e604599caf6ad7,2141.27,81.67,8.959725181,54000,54000
5b1e7dd682d20bb249acbcfbc604578da6384e9b,4170.22,162.31,17.168210543,54000,54000
ba72e542052a46f59035590c90b1a786b78bcafe,3485.71,135.38,14.362185976,54000,54000
35b2381d3fdd7d3e3374de1e75c6b6eaaa49f668,2821.56,109.05,11.727801684,54000,54000
c2386faca6c7ccd5c2c94f93eeba12218d6240a8,1692.01,64.51,7.044053559,54000,54000
2b404d03b3124718f0b546f81484c823e80acf53,1640.90,62.69,6.826216008,54000,54000
4d5144c796bc0b4a06115ef8463c56916e5fe469,2600.75,99.45,10.876663856,54000,54000
439fba786eae68c84cc61e07f330aad44870e3c4,2855.45,110.18,11.868655179,54000,53000
d830adc5b86fb390c3e6e87a6c1fc8092cc5efcc,2087.47,80.20,8.708209754,54000,54000
fee23291a5c305e92269e11846bccf719a8de17a,1963.87,75.01,8.192737799,54000,54000
7ea37a5ca53aeb1c3a8fde4d33cf9ef47875263f,2360.92,90.64,9.855174517,54000,54000
53e8482e48ed28194e29164b52fd0a29ef89626f,1539.01,58.92,6.398895392,54000,54000
6f2d6fa3e5e78b38ea3153d1f35fb855b1ab8476,3446.90,134.20,14.199321929,54000,54000
14145e11550a43e444ef2e8a0bf5e9afa9b3948c,4152.90,161.69,17.092144534,54000,54000
fad9f0dbaa510f678b947c317560adc792a43606,2141.11,82.16,8.929552922,54000,54000
264c219330aeeff5b8d792abda83540aede62b8d,2836.27,109.45,11.765724413,54000,54000
41aad8d6939116d7f1e303e08b7090b49003388e,4141.23,161.28,17.041894273,54000,54000
1d1cf68430db1f2bdc74a96d33f3ccf2ef34ce31,2763.54,106.11,11.502681583,54000,54000
830009e50047d2ca55620929348a83f36b5f280a,4170.39,161.78,17.163995991,54000,54000
fc12713c754231fd13f55eb460c88480898619f5,1702.95,64.95,7.087253396,54000,54000
d36205f068560bd5d7b411717565ca0886487f25,1725.19,66.01,7.188860940,54000,54000
62da5b2a20c8132ac2c5e71574c24d33cfde369f,2056.94,78.74,8.583114363,54000,54000
f071960ddcb86aa2f657fcfea6e604599caf6ad7,2106.64,80.32,8.802677905,54000,54000
5b1e7dd682d20bb249acbcfbc604578da6384e9b,4159.66,161.78,17.114858039,54000,54000
ba72e542052a46f59035590c90b1a786b78bcafe,3468.16,134.46,14.285201457,54000,54000
35b2381d3fdd7d3e3374de1e75c6b6eaaa49f668,2836.29,108.93,11.810794048,53000,54000
c2386faca6c7ccd5c2c94f93eeba12218d6240a8,1699.62,64.77,7.084700966,54000,54000
2b404d03b3124718f0b546f81484c823e80acf53,1654.27,63.04,6.896617385,54000,54000
4d5144c796bc0b4a06115ef8463c56916e5fe469,2597.29,99.69,10.844476563,54000,54000
439fba786eae68c84cc61e07f330aad44870e3c4,2857.93,110.50,11.880701451,54000,53000
d830adc5b86fb390c3e6e87a6c1fc8092cc5efcc,2097.32,80.73,8.755464546,54000,54000
fee23291a5c305e92269e11846bccf719a8de17a,1978.52,75.91,8.243445883,54000,54000
7ea37a5ca53aeb1c3a8fde4d33cf9ef47875263f,2343.63,89.99,9.785603700,54000,54000
53e8482e48ed28194e29164b52fd0a29ef89626f,1567.19,60.05,6.516800459,54000,54000
6f2d6fa3e5e78b38ea3153d1f35fb855b1ab8476,3413.34,132.20,14.058933550,54000,54000
14145e11550a43e444ef2e8a0bf5e9afa9b3948c,4158.27,162.01,17.112250899,54000,54000
fad9f0dbaa510f678b947c317560adc792a43606,2135.66,82.07,8.912904885,54000,54000
264c219330aeeff5b8d792abda83540aede62b8d,2825.04,108.46,11.756557958,55000,54000
41aad8d6939116d7f1e303e08b7090b49003388e,4168.26,162.80,17.167419350,54000,54000
1d1cf68430db1f2bdc74a96d33f3ccf2ef34ce31,2766.11,107.07,11.485817054,54000,54000
830009e50047d2ca55620929348a83f36b5f280a,4198.55,163.69,17.276860767,54000,54000
fc12713c754231fd13f55eb460c88480898619f5,1700.71,64.96,7.081142573,54000,55000
d36205f068560bd5d7b411717565ca0886487f25,1729.57,66.24,7.210226969,54000,54000
62da5b2a20c8132ac2c5e71574c24d33cfde369f,2064.67,79.21,8.606950132,54000,54000
f071960ddcb86aa2f657fcfea6e604599caf6ad7,2128.78,81.61,8.874729834,54000,54000
5b1e7dd682d20bb249acbcfbc604578da6384e9b,4173.94,161.44,17.190480438,54000,54000
ba72e542052a46f59035590c90b1a786b78bcafe,3469.33,134.24,14.289790641,54000,54000
35b2381d3fdd7d3e3374de1e75c6b6eaaa49f668,2834.39,109.12,11.790208012,54000,54000
c2386faca6c7ccd5c2c94f93eeba12218d6240a8,1710.89,65.36,7.115764351,54000,54000
2b404d03b3124718f0b546f81484c823e80acf53,1647.80,62.88,6.851259983,54000,54000
4d5144c796bc0b4a06115ef8463c56916e5fe469,2633.75,100.93,10.988132770,54000,54000
439fba786eae68c84cc61e07f330aad44870e3c4,2836.35,109.16,11.785608570,54000,54000
d830adc5b86fb390c3e6e87a6c1fc8092cc5efcc,2063.47,78.81,8.623584835,54000,54000
fee23291a5c305e92269e11846bccf719a8de17a,1969.68,75.66,8.210412767,54000,54000
7ea37a5ca53aeb1c3a8fde4d33cf9ef47875263f,2341.67,90.08,9.777305587,54000,54000
53e8482e48ed28194e29164b52fd0a29ef89626f,1552.38,59.48,6.454785467,54000,54000
6f2d6fa3e5e78b38ea3153d1f35fb855b1ab8476,3416.44,132.80,14.050993454,54000,54000
14145e11550a43e444ef2e8a0bf5e9afa9b3948c,4154.56,161.55,17.106613790,54000,54000
fad9f0dbaa510f678b947c317560adc792a43606,2151.33,82.60,8.979344118,54000,54000
264c219330aeeff5b8d792abda83540aede62b8d,2849.66,109.43,11.858179783,54000,54000
41aad8d6939116d7f1e303e08b7090b49003388e,4125.50,160.22,17.025500908,54000,54000
1d1cf68430db1f2bdc74a96d33f3ccf2ef34ce31,2757.77,106.71,11.452985059,54000,54000
830009e50047d2ca55620929348a83f36b5f280a,4197.14,163.15,17.283896923,54000,54000
fc12713c754231fd13f55eb460c88480898619f5,1684.58,64.41,7.011086310,54000,54000
d36205f068560bd5d7b411717565ca0886487f25,1714.69,65.28,7.160012508,54000,54000
62da5b2a20c8132ac2c5e71574c24d33cfde369f,2045.89,78.39,8.541713545,54000,54000
f071960ddcb86aa2f657fcfea6e604599caf6ad7,2164.70,83.26,9.040010371,54000,54000
5b1e7dd682d20bb249acbcfbc604578da6384e9b,4199.66,163.52,17.302618839,54000,54000
ba72e542052a46f59035590c90b1a786b78bcafe,3465.22,134.54,14.282455980,54000,54000
35b2381d3fdd7d3e3374de1e75c6b6eaaa49f668,2793.97,107.89,11.621956453,55000,54000
c2386faca6c7ccd5c2c94f93eeba12218d6240a8,1703.68,65.31,7.086608372,54000,54000
2b404d03b3124718f0b546f81484c823e80acf53,1638.36,62.72,6.818127901,54000,54000
4d5144c796bc0b4a06115ef8463c56916e5fe469,2586.94,99.45,10.793348316,54000,54000
439fba786eae68c84cc61e07f330aad44870e3c4,2866.18,110.48,11.916304220,54000,55000
d830adc5b86fb390c3e6e87a6c1fc8092cc5efcc,2092.92,80.14,8.746936754,54000,54000
fee23291a5c305e92269e11846bccf719a8de17a,1954.39,75.07,8.142255466,54000,54000
7ea37a5ca53aeb1c3a8fde4d33cf9ef47875263f,2392.19,91.89,9.985004545,54000,54000
53e8482e48ed28194e29164b52fd0a29ef89626f,1553.25,59.30,6.463655328,54000,54000
6f2d6fa3e5e78b38ea3153d1f35fb855b1ab8476,3404.15,132.42,14.004363915,54000,54000
14145e11550a43e444ef2e8a0bf5e9afa9b3948c,4169.08,161.77,17.163131448,54000,54000
fad9f0dbaa510f678b947c317560adc792a43606,2123.83,81.35,8.867391582,54000,54000
264c219330aeeff5b8d792abda83540aede62b8d,2839.14,109.05,11.811719400,54000,54000
41aad8d6939116d7f1e303e08b7090b49003388e,4123.86,160.48,16.972493130,54000,54000
1d1cf68430db1f2bdc74a96d33f3ccf2ef34ce31,2755.65,105.84,11.458622493,53000,54000
830009e50047d2ca55620929348a83f36b5f280a,4161.02,161.41,17.117488389,54000,54000
fc12713c754231fd13f55eb460c88480898619f5,1692.36,64.76,7.038580459,54000,54000
d36205f068560bd5d7b411717565ca0886487f25,1712.98,65.62,7.138769928,55000,54000
62da5b2a20c8132ac2c5e71574c24d33cfde369f,2064.83,78.93,8.626806857,54000,54000
f071960ddcb86aa2f657fcfea6e604599caf6ad7,2104.08,80.34,8.793309710,54000,54000
5b1e7dd682d20bb249acbcfbc604578da6384e9b,4091.07,159.18,16.835822789,54000,54000
ba72e542052a46f59035590c90b1a786b78bcafe,3446.75,133.61,14.204444937,54000,54000
35b2381d3fdd7d3e3374de1e75c6b6eaaa49f668,2803.25,107.85,11.671636207,54000,55000
c2386faca6c7ccd5c2c94f93eeba12218d6240a8,1725.19,65.96,7.185896266,54000,53000
2b404d03b3124718f0b546f81484c823e80acf53,1647.43,63.03,6.868977699,53000,54000
4d5144c796bc0b4a06115ef8463c56916e5fe469,2595.71,99.30,10.852671407,54000,54000
439fba786eae68c84cc61e07f330aad44870e3c4,2817.75,108.72,11.717066330,54000,54000
d830adc5b86fb390c3e6e87a6c1fc8092cc5efcc,2078.71,80.16,8.679178966,54000,54000
fee23291a5c305e92269e11846bccf719a8de17a,1954.71,74.97,8.166800366,54000,54000
7ea37a5ca53aeb1c3a8fde4d33cf9ef47875263f,2390.42,92.13,9.989880501,54000,54000
53e8482e48ed28194e29164b52fd0a29ef89626f,1570.95,60.07,6.555214203,54000,54000
6f2d6fa3e5e78b38ea3153d1f35fb855b1ab8476,3416.02,133.43,14.065219983,54000,54000
14145e11550a43e444ef2e8a0bf5e9afa9b3948c,4170.14,162.47,17.214759171,54000,54000
fad9f0dbaa510f678b947c317560adc792a43606,2141.08,82.38,8.933139845,54000,54000
264c219330aeeff5b8d792abda83540aede62b8d,2841.60,109.28,11.823024104,54000,54000
41aad8d6939116d7f1e303e08b7090b49003388e,4162.44,161.79,17.162161818,54000,53000
1d1cf68430db1f2bdc74a96d33f3ccf2ef34ce31,2812.61,108.95,11.678772828,54000,54000
830009e50047d2ca55620929348a83f36b5f280a,4140.23,161.91,17.004559281,54000,54000
fc12713c754231fd13f55eb460c88480898619f5,1697.45,65.05,7.064249643,54000,54000
d36205f068560bd5d7b411717565ca0886487f25,1743.53,66.77,7.274312926,54000,54000
62da5b2a20c8132ac2c5e71574c24d33cfde369f,2061.38,79.04,8.601724978,54000,54000
f071960ddcb86aa2f657fcfea6e604599caf6ad7,2139.39,81.80,8.934918607,54000,54000
5b1e7dd682d20bb249acbcfbc604578da6384e9b,4162.71,161.88,17.134379879,54000,54000
ba72e542052a46f59035590c90b1a786b78bcafe,3445.23,133.96,14.160792154,54000,54000
35b2381d3fdd7d3e3374de1e75c6b6eaaa49f668,2810.76,108.18,11.686517378,55000,55000
c2386faca6c7ccd5c2c94f93eeba12218d6240a8,1712.14,65.49,7.119124076,54000,54000
2b404d03b3124718f0b546f81484c823e80acf53,1642.38,63.00,6.826045152,54000,54000
4d5144c796bc0b4a06115ef8463c56916e5fe469,2615.40,100.40,10.912141931,54000,55000
439fba786eae68c84cc61e07f330aad44870e3c4,2838.72,109.73,11.775133658,55000,54000
d830adc5b86fb390c3e6e87a6c1fc8092cc5efcc,2095.86,80.13,8.743123596,54000,54000
fee23291a5c305e92269e11846bccf719a8de17a,1954.89,75.16,8.146310585,54000,54000
7ea37a5ca53aeb1c3a8fde4d33cf9ef47875263f,2416.84,93.20,10.086481482,54000,54000
53e8482e48ed28194e29164b52fd0a29ef89626f,1544.65,59.10,6.421141532,55000,54000
6f2d6fa3e5e78b38ea3153d1f35fb855b1ab8476,3464.41,135.09,14.234895886,54000,54000
14145e11550a43e444ef2e8a0bf5e9afa9b3948c,4169.56,162.36,17.150174150,55000,53000
fad9f0dbaa510f678b947c317560adc792a43606,2129.34,81.48,8.883820120,53000,54000
264c219330aeeff5b8d792abda83540aede62b8d,2840.82,109.43,11.789943443,54000,54000
41aad8d6939116d7f1e303e08b7090b49003388e,4113.92,159.52,16.959036085,54000,54000
1d1cf68430db1f2bdc74a96d33f3ccf2ef34ce31,2792.64,107.62,11.617593085,53000,54000
830009e50047d2ca55620929348a83f36b5f280a,4113.79,160.50,16.924159090,54000,54000
fc12713c754231fd13f55eb460c88480898619f5,1691.34,64.57,7.057893626,54000,54000
d36205f068560bd5d7b411717565ca0886487f25,1724.22,66.08,7.197568273,54000,54000
62da5b2a20c8132ac2c5e71574c24d33cfde369f,2050.99,78.50,8.569206538,53000,55000
f071960ddcb86aa2f657fcfea6e604599caf6ad7,2129.83,81.36,8.910890911,54000,54000
5b1e7dd682d20bb249acbcfbc604578da6384e9b,4189.07,162.78,17.272728898,54000,54000
ba72e542052a46f59035590c90b1a786b78bcafe,3454.42,135.05,14.207164485,54000,54000
35b2381d3fdd7d3e3374de1e75c6b6eaaa49f668,2833.19,108.99,11.805513734,54000,54000
c2386faca6c7ccd5c2c94f93eeba12218d6240a8,1704.86,64.94,7.118491995,54000,54000
2b404d03b3124718f0b546f81484c823e80acf53,1631.94,62.44,6.804950337,54000,54000
4d5144c796bc0b4a06115ef8463c56916e5fe469,2613.19,100.62,10.918482784,54000,54000
439fba786eae68c84cc61e07f330aad44870e3c4,2849.71,109.48,11.869209375,54000,53000
d830adc5b86fb390c3e6e87a6c1fc8092cc5efcc,2073.45,79.80,8.659047459,54000,54000
fee23291a5c305e92269e11846bccf719a8de17a,1963.35,75.60,8.198551270,54000,54000
7ea37a5ca53aeb1c3a8fde4d33cf9ef47875263f,2345.45,90.17,9.803909897,54000,54000
53e8482e48ed28194e29164b52fd0a29ef89626f,1539.88,58.91,6.409187704,54000,54000
6f2d6fa3e5e78b38ea3153d1f35fb855b1ab8476,3412.58,132.29,14.081403922,54000,54000
14145e11550a43e444ef2e8a0bf5e9afa9b3948c,4095.49,159.15,16.874275369,54000,54000
fad9f0dbaa510f678b947c317560adc792a43606,2158.82,82.86,9.026493818,54000,54000
264c219330aeeff5b8d792abda83540aede62b8d,2841.85,109.84,11.808362192,54000,54000
41aad8d6939116d7f1e303e08b7090b49003388e,4136.13,161.21,17.021789591,54000,54000
1d1cf68430db1f2bdc74a96d33f3ccf2ef34ce31,2750.36,105.94,11.416090946,53000,54000
830009e50047d2ca55620929348a83f36b5f280a,4156.47,162.08,17.073665615,54000,53000
fc12713c754231fd13f55eb460c88480898619f5,1692.37,64.31,7.050582983,54000,54000
d36205f068560bd5d7b411717565ca0886487f25,1739.73,66.65,7.245472939,54000,54000
62da5b2a20c8132ac2c5e71574c24d33cfde369f,2045.29,78.20,8.533813091,54000,54000
f071960ddcb86aa2f657fcfea6e604599caf6ad7,2125.53,81.21,8.879804597,54000,54000
5b1e7dd682d20bb249acbcfbc604578da6384e9b,4098.42,159.19,16.872516597,54000,54000
ba72e542052a46f59035590c90b1a786b78bcafe,3484.35,135.18,14.368097236,54000,54000
35b2381d3fdd7d3e3374de1e75c6b6eaaa49f668,2810.18,108.25,11.686738874,54000,54000
c2386faca6c7ccd5c2c94f93eeba12218d6240a8,1688.18,64.42,7.039287757,54000,54000
2b404d03b3124718f0b546f81484c823e80acf53,1638.02,62.86,6.817539506,54000,54000
4d5144c796bc0b4a06115ef8463c56916e5fe469,2638.95,101.47,11.018277221,54000,54000
439fba786eae68c84cc61e07f330aad44870e3c4,2867.87,110.32,11.949201008,54000,53000
d830adc5b86fb390c3e6e87a6c1fc8092cc5efcc,2078.06,80.08,8.678834012,54000,54000
fee23291a5c305e92269e11846bccf719a8de17a,1956.86,74.98,8.167862665,54000,54000
7ea37a5ca53aeb1c3a8fde4d33cf9ef47875263f,2341.35,90.12,9.789026930,54000,54000
53e8482e48ed28194e29164b52fd0a29ef89626f,1546.48,59.08,6.447381029,54000,54000
6f2d6fa3e5e78b38ea3153d1f35fb855b1ab8476,3385.90,131.39,13.956199568,54000,54000
14145e11550a43e444ef2e8a0bf5e9afa9b3948c,4168.11,162.37,17.172625214,54000,54000
fad9f0dbaa510f678b947c317560adc792a43606,2160.25,82.46,9.036371302,53000,54000
264c219330aeeff5b8d792abda83540aede62b8d,2886.05,111.51,12.005958408,54000,54000
41aad8d6939116d7f1e303e08b7090b49003388e,4116.28,160.66,16.975810265,54000,54000
1d1cf68430db1f2bdc74a96d33f3ccf2ef34ce31,2759.93,106.52,11.460237063,54000,54000
830009e50047d2ca55620929348a83f36b5f280a,4189.32,162.70,17.257194715,54000,54000
fc12713c754231fd13f55eb460c88480898619f5,1696.00,64.88,7.063446081,54000,54000
d36205f068560bd5d7b411717565ca0886487f25,1720.47,65.93,7.174285713,54000,54000
62da5b2a20c8132ac2c5e71574c24d33cfde369f,2076.15,79.49,8.667885341,54000,54000
f071960ddcb86aa2f657fcfea6e604599caf6ad7,2112.74,80.71,8.832588272,54000,54000
5b1e7dd682d20bb249acbcfbc604578da6384e9b,4131.21,160.62,17.016548011,54000,54000
ba72e542052a46f59035590c90b1a786b78bcafe,3460.51,134.19,14.267083364,54000,54000
35b2381d3fdd7d3e3374de1e75c6b6eaaa49f668,2798.34,107.84,11.639504704,54000,54000
c2386faca6c7ccd5c2c94f93eeba12218d6240a8,1705.81,64.89,7.112053857,54000,54000
2b404d03b3124718f0b546f81484c823e80acf53,1654.53,63.25,6.878394879,54000,54000
4d5144c796bc0b4a06115ef8463c56916e5fe469,2640.02,101.50,11.011401994,54000,55000
439fba786eae68c84cc61e07f330aad44870e3c4,2851.68,109.63,11.857424756,54000,54000
d830adc5b86fb390c3e6e87a6c1fc8092cc5efcc,2082.78,79.74,8.697498777,54000,54000
fee23291a5c305e92269e11846bccf719a8de17a,1967.09,75.76,8.204548472,54000,54000
7ea37a5ca53aeb1c3a8fde4d33cf9ef47875263f,2374.14,91.43,9.917194679,54000,54000
53e8482e48ed28194e29164b52fd0a29ef89626f,1535.23,58.73,6.383736397,54000,54000
6f2d6fa3e5e78b38ea3153d1f35fb855b1ab8476,3402.51,132.44,13.977689016,54000,54000
14145e11550a43e444ef2e8a0bf5e9afa9b3948c,4129.57,160.31,16.997543973,54000,53000
fad9f0dbaa510f678b947c317560adc792a43606,2135.56,81.63,8.926031217,54000,54000
264c219330aeeff5b8d792abda83540aede62b8d,2844.15,109.33,11.833193553,54000,54000
41aad8d6939116d7f1e303e08b7090b49003388e,4157.68,162.17,17.128035194,54000,54000
1d1cf68430db1f2bdc74a96d33f3ccf2ef34ce31,2787.15,107.37,11.588989283,54000,54000
830009e50047d2ca55620929348a83f36b5f280a,4180.54,162.84,17.212496159,54000,54000
fc12713c754231fd13f55eb460c88480898619f5,1710.99,65.24,7.137905578,54000,54000
d36205f068560bd5d7b411717565ca0886487f25,1730.97,66.58,7.223144875,54000,54000
62da5b2a20c8132ac2c5e71574c24d33cfde369f,2060.25,79.04,8.605749180,54000,54000
f071960ddcb86aa2f657fcfea6e604599caf6ad7,2126.24,81.53,8.885337761,54000,54000
5b1e7dd682d20bb249acbcfbc604578da6384e9b,4216.71,164.61,17.403367150,54000,54000
ba72e542052a46f59035590c90b1a786b78bcafe,3483.40,136.39,14.358915334,54000,54000
35b2381d3fdd7d3e3374de1e75c6b6eaaa49f668,2822.78,109.24,11.753497996,54000,54000
c2386faca6c7ccd5c2c94f93eeba12218d6240a8,1698.76,64.96,7.077799669,53000,54000
2b404d03b3124718f0b546f81484c823e80acf53,1635.34,62.55,6.805614763,54000,54000
4d5144c796bc0b4a06115ef8463c56916e5fe469,2593.74,99.56,10.833153781,54000,54000
439fba786eae68c84cc61e07f330aad44870e3c4,2853.65,109.89,11.866265279,54000,54000
d830adc5b86fb390c3e6e87a6c1fc8092cc5efcc,2079.75,79.95,8.678496990,54000,54000
fee23291a5c305e92269e11846bccf719a8de17a,1948.89,74.90,8.127034860,54000,54000
7ea37a5ca53aeb1c3a8fde4d33cf9ef47875263f,2390.24,91.86,9.980218477,54000,54000
53e8482e48ed28194e29164b52fd0a29ef89626f,1529.94,58.30,6.376021251,54000,54000
6f2d6fa3e5e78b38ea3153d1f35fb855b1ab8476,3427.29,133.67,14.106285194,54000,54000
14145e11550a43e444ef2e8a0bf5e9afa9b3948c,4165.37,161.88,17.160563669,54000,54000
fad9f0dbaa510f678b947c317560adc792a43606,2135.86,81.84,8.926613690,54000,54000
264c219330aeeff5b8d792abda83540aede62b8d,2847.87,109.29,11.857881049,54000,54000
41aad8d6939116d7f1e303e08b7090b49003388e,4168.92,162.40,17.198645144,54000,54000
1d1cf68430db1f2bdc74a96d33f3ccf2ef34ce31,2741.14,105.05,11.411362747,54000,53000
830009e50047d2ca55620929348a83f36b5f280a,4157.80,161.85,17.133711294,54000,54000
fc12713c754231fd13f55eb460c88480898619f5,1701.66,65.08,7.086940119,54000,54000
d36205f068560bd5d7b411717565ca0886487f25,1724.64,66.26,7.193931055,54000,54000
62da5b2a20c8132ac2c5e71574c24d33cfde369f,2050.05,78.49,8.568593565,53000,54000
f071960ddcb86aa2f657fcfea6e604599caf6ad7,2117.25,81.17,8.842771870,54000,54000
5b1e7dd682d20bb249acbcfbc604578da6384e9b,4215.31,164.36,17.349976926,55000,54000
ba72e542052a46f59035590c90b1a786b78bcafe,3487.04,135.46,14.372258325,54000,54000
35b2381d3fdd7d3e3374de1e75c6b6eaaa49f668,2818.78,108.70,11.733281238,54000,54000
c2386faca6c7ccd5c2c94f93eeba12218d6240a8,1720.56,65.72,7.176748504,54000,55000
2b404d03b3124718f0b546f81484c823e80acf53,1636.94,62.70,6.820862085,55000,55000
4d5144c796bc0b4a06115ef8463c56916e5fe469,2628.04,101.10,10.976422078,54000,54000
439fba786eae68c84cc61e07f330aad44870e3c4,2820.36,108.90,11.721850712,54000,54000
819140c4c070811d00c56b81ccd783ba25ea4a3e,1538.63,59.11,6.440017105,54000,54000
f6adeb635a48832b820b7dc4ad327ac76ccaf6f9,1745.36,67.15,7.318976260,54000,54000
f92826e386b2ee720ad8b3dc3bb5a6a3a37c5ee5,2028.99,78.22,8.509740117,54000,55000
91c5aac9a2ab8d07b6756a476feef62f00d5ead0,2366.18,91.29,9.927621572,55000,54000
a040e687ba3ef780b0952332badb6c6eb830f0ac,2777.29,107.04,11.616585484,54000,55000
475a149a8c3208dc1418929361ed72dccd65048c,3456.88,134.35,14.281562349,55000,54000
c4e9cd586d0122603fe576b3beab62d9e7cc6758,3951.17,154.10,16.319634123,55000,54000
d6b57095d1f9047d5782f86751a8dd3a4b617f8d,1687.50,64.44,7.056065644,54000,55000
f7b99bcab0581f0fbff674668cfb8321a3466bfc,1951.56,74.96,8.163189677,55000,54000
819140c4c070811d00c56b81ccd783ba25ea4a3e,1553.05,59.52,6.473753608,54000,55000
f6adeb635a48832b820b7dc4ad327ac76ccaf6f9,1740.53,66.76,7.273936528,54000,55000
f92826e386b2ee720ad8b3dc3bb5a6a3a37c5ee5,2031.27,78.17,8.502759683,54000,54000
91c5aac9a2ab8d07b6756a476feef62f00d5ead0,2361.81,91.03,9.880055004,54000,54000
a040e687ba3ef780b0952332badb6c6eb830f0ac,2784.05,107.48,11.622780219,54000,54000
475a149a8c3208dc1418929361ed72dccd65048c,3506.97,136.34,14.441612234,54000,54000
c4e9cd586d0122603fe576b3beab62d9e7cc6758,3928.73,152.70,16.172316356,55000,54000
d6b57095d1f9047d5782f86751a8dd3a4b617f8d,1696.78,64.89,7.066486443,54000,55000
f7b99bcab0581f0fbff674668cfb8321a3466bfc,1984.58,76.26,8.270473351,54000,54000
819140c4c070811d00c56b81ccd783ba25ea4a3e,1545.25,59.35,6.424310560,54000,54000
f6adeb635a48832b820b7dc4ad327ac76ccaf6f9,1735.93,66.58,7.242498834,55000,55000
f92826e386b2ee720ad8b3dc3bb5a6a3a37c5ee5,2035.78,78.29,8.502791666,54000,55000
91c5aac9a2ab8d07b6756a476feef62f00d5ead0,2356.73,90.78,9.844838245,55000,54000
a040e687ba3ef780b0952332badb6c6eb830f0ac,2817.15,108.31,11.736637295,54000,54000
475a149a8c3208dc1418929361ed72dccd65048c,3473.12,135.61,14.274614620,54000,54000
c4e9cd586d0122603fe576b3beab62d9e7cc6758,3864.66,149.69,15.929805277,54000,54000
d6b57095d1f9047d5782f86751a8dd3a4b617f8d,1699.86,65.17,7.081411157,54000,54000
f7b99bcab0581f0fbff674668cfb8321a3466bfc,1947.27,74.74,8.123702314,54000,54000
819140c4c070811d00c56b81ccd783ba25ea4a3e,1542.89,59.01,6.413949405,54000,54000
f6adeb635a48832b820b7dc4ad327ac76ccaf6f9,1747.01,67.13,7.283932123,54000,54000
f92826e386b2ee720ad8b3dc3bb5a6a3a37c5ee5,2038.13,78.48,8.509170742,54000,55000
91c5aac9a2ab8d07b6756a476feef62f00d5ead0,2369.74,91.07,9.900139670,54000,54000
a040e687ba3ef780b0952332badb6c6eb830f0ac,2855.38,109.89,11.905662173,54000,54000
475a149a8c3208dc1418929361ed72dccd65048c,3458.71,134.97,14.223467158,54000,54000
c4e9cd586d0122603fe576b3beab62d9e7cc6758,3908.71,151.94,16.103376195,54000,54000
d6b57095d1f9047d5782f86751a8dd3a4b617f8d,1711.08,65.61,7.121713770,54000,54000
f7b99bcab0581f0fbff674668cfb8321a3466bfc,1953.10,74.84,8.148172790,54000,54000
819140c4c070811d00c56b81ccd783ba25ea4a3e,1556.60,59.64,6.474542122,54000,54000
f6adeb635a48832b820b7dc4ad327ac76ccaf6f9,1750.25,67.09,7.296633038,54000,54000
f92826e386b2ee720ad8b3dc3bb5a6a3a37c5ee5,2050.94,78.66,8.567121813,54000,54000
91c5aac9a2ab8d07b6756a476feef62f00d5ead0,2384.12,91.73,9.956488218,54000,54000
a040e687ba3ef780b0952332badb6c6eb830f0ac,2795.31,107.23,11.659114369,54000,54000
475a149a8c3208dc1418929361ed72dccd65048c,3455.93,134.67,14.228357125,54000,54000
c4e9cd586d0122603fe576b3beab62d9e7cc6758,3903.78,152.00,16.088468611,54000,54000
d6b57095d1f9047d5782f86751a8dd3a4b617f8d,1682.25,64.45,7.001367369,54000,54000
f7b99bcab0581f0fbff674668cfb8321a3466bfc,1948.89,74.72,8.124648467,54000,54000
819140c4c070811d00c56b81ccd783ba25ea4a3e,1557.17,59.63,6.470928702,54000,54000
f6adeb635a48832b820b7dc4ad327ac76ccaf6f9,1744.73,66.77,7.276631550,54000,55000
f92826e386b2ee720ad8b3dc3bb5a6a3a37c5ee5,2044.50,78.35,8.541891470,54000,54000
91c5aac9a2ab8d07b6756a476feef62f00d5ead0,2404.26,92.49,10.029032820,54000,54000
a040e687ba3ef780b0952332badb6c6eb830f0ac,2774.66,106.98,11.540100264,54000,54000
475a149a8c3208dc1418929361ed72dccd65048c,3476.00,135.36,14.298938990,54000,54000
c4e9cd586d0122603fe576b3beab62d9e7cc6758,3930.06,152.93,16.145016964,54000,54000
d6b57095d1f9047d5782f86751a8dd3a4b617f8d,1689.56,64.45,7.032159364,54000,54000
f7b99bcab0581f0fbff674668cfb8321a3466bfc,1987.47,75.98,8.288665001,54000,54000
819140c4c070811d00c56b81ccd783ba25ea4a3e,1568.16,60.09,6.520348521,54000,54000
f6adeb635a48832b820b7dc4ad327ac76ccaf6f9,1735.13,66.47,7.233845406,54000,54000
f92826e386b2ee720ad8b3dc3bb5a6a3a37c5ee5,2060.14,79.11,8.596848090,54000,54000
91c5aac9a2ab8d07b6756a476feef62f00d5ead0,2371.16,91.37,9.889687891,54000,54000
a040e687ba3ef780b0952332badb6c6eb830f0ac,2816.62,108.48,11.715131160,54000,54000
475a149a8c3208dc1418929361ed72dccd65048c,3475.58,134.88,14.315323217,54000,54000
c4e9cd586d0122603fe576b3beab62d9e7cc6758,3910.20,152.18,16.073487410,54000,54000
d6b57095d1f9047d5782f86751a8dd3a4b617f8d,1703.72,64.99,7.096553077,54000,54000
f7b99bcab0581f0fbff674668cfb8321a3466bfc,1964.19,75.07,8.195424062,54000,54000
819140c4c070811d00c56b81ccd783ba25ea4a3e,1559.63,59.62,6.485578515,54000,54000
f6adeb635a48832b820b7dc4ad327ac76ccaf6f9,1752.90,67.24,7.303449544,54000,54000
f92826e386b2ee720ad8b3dc3bb5a6a3a37c5ee5,2044.47,78.61,8.533003846,54000,54000
91c5aac9a2ab8d07b6756a476feef62f00d5ead0,2347.52,90.09,9.812184544,54000,54000
a040e687ba3ef780b0952332badb6c6eb830f0ac,2819.43,108.77,11.737294507,54000,54000
475a149a8c3208dc1418929361ed72dccd65048c,3446.86,133.79,14.206176125,54000,54000
c4e9cd586d0122603fe576b3beab62d9e7cc6758,3896.56,151.76,16.037853340,54000,54000
d6b57095d1f9047d5782f86751a8dd3a4b617f8d,1691.51,64.71,7.045045035,54000,54000
f7b99bcab0581f0fbff674668cfb8321a3466bfc,1935.57,74.03,8.073946351,54000,54000
819140c4c070811d00c56b81ccd783ba25ea4a3e,1545.87,59.21,6.429474914,54000,54000
f6adeb635a48832b820b7dc4ad327ac76ccaf6f9,1740.64,66.86,7.258050789,54000,53000
f92826e386b2ee720ad8b3dc3bb5a6a3a37c5ee5,2027.95,78.02,8.476437589,54000,54000
91c5aac9a2ab8d07b6756a476feef62f00d5ead0,2357.43,90.56,9.848269894,54000,54000
a040e687ba3ef780b0952332badb6c6eb830f0ac,2796.60,107.34,11.655045730,54000,54000
475a149a8c3208dc1418929361ed72dccd65048c,3456.60,134.50,14.236954989,54000,54000
c4e9cd586d0122603fe576b3beab62d9e7cc6758,3961.76,154.30,16.338722263,54000,54000
d6b57095d1f9047d5782f86751a8dd3a4b617f8d,1700.13,64.99,7.086009347,54000,54000
f7b99bcab0581f0fbff674668cfb8321a3466bfc,1954.84,75.25,8.160857684,54000,54000
819140c4c070811d00c56b81ccd783ba25ea4a3e,1553.86,59.60,6.465927708,54000,54000
f6adeb635a48832b820b7dc4ad327ac76ccaf6f9,1743.97,66.74,7.275936733,54000,54000
f92826e386b2ee720ad8b3dc3bb5a6a3a37c5ee5,2039.20,78.06,8.524346565,54000,54000
91c5aac9a2ab8d07b6756a476feef62f00d5ead0,2409.33,92.71,10.066700216,53000,55000
a040e687ba3ef780b0952332badb6c6eb830f0ac,2795.65,107.31,11.656354014,55000,54000
475a149a8c3208dc1418929361ed72dccd65048c,3495.22,136.40,14.388914035,54000,54000
c4e9cd586d0122603fe576b3beab62d9e7cc6758,3950.65,153.83,16.266459469,54000,54000
d6b57095d1f9047d5782f86751a8dd3a4b617f8d,1689.30,64.41,7.033429092,54000,54000
f7b99bcab0581f0fbff674668cfb8321a3466bfc,1950.93,74.95,8.124237748,54000,54000
819140c4c070811d00c56b81ccd783ba25ea4a3e,1546.17,59.17,6.421426915,54000,54000
f6adeb635a48832b820b7dc4ad327ac76ccaf6f9,1750.61,66.99,7.303373858,54000,54000
f92826e386b2ee720ad8b3dc3bb5a6a3a37c5ee5,2034.04,78.22,8.488195565,54000,54000
91c5aac9a2ab8d07b6756a476feef62f00d5ead0,2409.44,92.52,10.052999450,54000,54000
a040e687ba3ef780b0952332badb6c6eb830f0ac,2790.86,107.30,11.607742478,54000,54000
475a149a8c3208dc1418929361ed72dccd65048c,3509.53,136.35,14.438352967,54000,54000
c4e9cd586d0122603fe576b3beab62d9e7cc6758,3954.47,154.22,16.266188530,54000,55000
d6b57095d1f9047d5782f86751a8dd3a4b617f8d,1689.98,64.49,7.027626303,54000,54000
f7b99bcab0581f0fbff674668cfb8321a3466bfc,1955.61,75.14,8.140249057,54000,54000
819140c4c070811d00c56b81ccd783ba25ea4a3e,1578.13,60.33,6.565797939,54000,54000
f6adeb635a48832b820b7dc4ad327ac76ccaf6f9,1750.05,67.10,7.296702809,54000,54000
f92826e386b2ee720ad8b3dc3bb5a6a3a37c5ee5,2039.79,78.24,8.524056488,54000,54000
91c5aac9a2ab8d07b6756a476feef62f00d5ead0,2398.82,92.31,10.017992119,54000,54000
a040e687ba3ef780b0952332badb6c6eb830f0ac,2786.78,107.86,11.586003996,53000,53000
475a149a8c3208dc1418929361ed72dccd65048c,3488.35,135.63,14.350925653,54000,54000
c4e9cd586d0122603fe576b3beab62d9e7cc6758,3922.10,152.29,16.160457664,54000,54000
d6b57095d1f9047d5782f86751a8dd3a4b617f8d,1700.64,64.79,7.094013883,54000,53000
f7b99bcab0581f0fbff674668cfb8321a3466bfc,1955.84,74.85,8.158820861,54000,54000
819140c4c070811d00c56b81ccd783ba25ea4a3e,1558.46,59.65,6.486915188,54000,53000
f6adeb635a48832b820b7dc4ad327ac76ccaf6f9,1744.34,66.72,7.282139049,54000,54000
f92826e386b2ee720ad8b3dc3bb5a6a3a37c5ee5,2028.79,77.81,8.485139784,54000,54000
91c5aac9a2ab8d07b6756a476feef62f00d5ead0,2369.93,91.05,9.905802210,54000,54000
a040e687ba3ef780b0952332badb6c6eb830f0ac,2803.66,107.69,11.680247548,54000,54000
475a149a8c3208dc1418929361ed72dccd65048c,3456.71,134.13,14.239484098,53000,54000
c4e9cd586d0122603fe576b3beab62d9e7cc6758,3938.07,153.05,16.241390999,53000,55000
d6b57095d1f9047d5782f86751a8dd3a4b617f8d,1701.50,65.11,7.088719566,55000,54000
f7b99bcab0581f0fbff674668cfb8321a3466bfc,1953.03,74.86,8.154843810,54000,54000
819140c4c070811d00c56b81ccd783ba25ea4a3e,1559.30,59.60,6.489469784,54000,54000
f6adeb635a48832b820b7dc4ad327ac76ccaf6f9,1766.93,67.76,7.375028440,54000,54000
f92826e386b2ee720ad8b3dc3bb5a6a3a37c5ee5,2025.49,77.02,8.485186297,54000,54000
91c5aac9a2ab8d07b6756a476feef62f00d5ead0,2363.02,90.41,9.887267065,53000,54000
a040e687ba3ef780b0952332badb6c6eb830f0ac,2794.70,107.95,11.619363086,54000,54000
475a149a8c3208dc1418929361ed72dccd65048c,3447.96,133.49,14.205603626,54000,54000
c4e9cd586d0122603fe576b3beab62d9e7cc6758,3920.86,152.10,16.151627670,54000,54000
d6b57095d1f9047d5782f86751a8dd3a4b617f8d,1697.96,64.77,7.067285411,54000,54000
f7b99bcab0581f0fbff674668cfb8321a3466bfc,1958.54,74.87,8.178956844,54000,54000
819140c4c070811d00c56b81ccd783ba25ea4a3e,1549.09,59.12,6.443994432,54000,54000
f6adeb635a48832b820b7dc4ad327ac76ccaf6f9,1733.53,66.08,7.233669626,54000,54000
f92826e386b2ee720ad8b3dc3bb5a6a3a37c5ee5,2038.24,78.21,8.508079316,54000,54000
91c5aac9a2ab8d07b6756a476feef62f00d5ead0,2356.79,90.18,9.848366424,54000,54000
a040e687ba3ef780b0952332badb6c6eb830f0ac,2782.07,106.64,11.579696726,54000,55000
475a149a8c3208dc1418929361ed72dccd65048c,3472.04,134.38,14.293930793,54000,54000
c4e9cd586d0122603fe576b3beab62d9e7cc6758,3929.84,152.68,16.156593037,54000,54000
d6b57095d1f9047d5782f86751a8dd3a4b617f8d,1716.19,65.54,7.138109868,54000,54000
f7b99bcab0581f0fbff674668cfb8321a3466bfc,1959.89,75.22,8.165325587,54000,54000
819140c4c070811d00c56b81ccd783ba25ea4a3e,1546.54,58.96,6.434400756,54000,54000
f6adeb635a48832b820b7dc4ad327ac76ccaf6f9,1740.74,66.57,7.261273718,54000,54000
f92826e386b2ee720ad8b3dc3bb5a6a3a37c5ee5,2050.18,78.17,8.572392267,54000,55000
91c5aac9a2ab8d07b6756a476feef62f00d5ead0,2356.64,90.54,9.845540811,55000,54000
a040e687ba3ef780b0952332badb6c6eb830f0ac,2780.01,106.60,11.594875555,54000,54000
475a149a8c3208dc1418929361ed72dccd65048c,3496.71,136.17,14.390766979,54000,54000
c4e9cd586d0122603fe576b3beab62d9e7cc6758,3919.56,152.75,16.157549902,54000,54000
d6b57095d1f9047d5782f86751a8dd3a4b617f8d,1704.13,64.88,7.111851576,54000,54000
f7b99bcab0581f0fbff674668cfb8321a3466bfc,1955.81,74.91,8.175368274,54000,54000
819140c4c070811d00c56b81ccd783ba25ea4a3e,1542.54,59.20,6.424392905,54000,54000
f6adeb635a48832b820b7dc4ad327ac76ccaf6f9,1733.07,66.46,7.235019216,54000,54000
f92826e386b2ee720ad8b3dc3bb5a6a3a37c5ee5,2020.08,77.35,8.458757605,55000,54000
91c5aac9a2ab8d07b6756a476feef62f00d5ead0,2343.08,90.03,9.813423248,54000,54000
a040e687ba3ef780b0952332badb6c6eb830f0ac,2796.72,107.42,11.669102582,54000,54000
475a149a8c3208dc1418929361ed72dccd65048c,3473.31,135.96,14.317771321,54000,54000
c4e9cd586d0122603fe576b3beab62d9e7cc6758,3928.68,153.01,16.209667932,54000,54000
d6b57095d1f9047d5782f86751a8dd3a4b617f8d,1704.37,65.14,7.125267179,54000,54000
f7b99bcab0581f0fbff674668cfb8321a3466bfc,1950.65,75.10,8.150788484,54000,54000
819140c4c070811d00c56b81ccd783ba25ea4a3e,1541.72,58.90,6.429057428,54000,54000
f6adeb635a48832b820b7dc4ad327ac76ccaf6f9,1742.43,66.84,7.279953017,55000,54000
f92826e386b2ee720ad8b3dc3bb5a6a3a37c5ee5,2045.87,78.67,8.562628470,54000,54000
91c5aac9a2ab8d07b6756a476feef62f00d5ead0,2362.64,90.85,9.885494962,54000,54000
a040e687ba3ef780b0952332badb6c6eb830f0ac,2798.64,108.28,11.663038635,54000,54000
475a149a8c3208dc1418929361ed72dccd65048c,3448.40,134.49,14.201952159,54000,54000
c4e9cd586d0122603fe576b3beab62d9e7cc6758,3898.17,151.96,16.070732133,54000,54000
d6b57095d1f9047d5782f86751a8dd3a4b617f8d,1697.66,64.64,7.085560988,54000,54000
f7b99bcab0581f0fbff674668cfb8321a3466bfc,1948.44,74.85,8.139236380,54000,54000
819140c4c070811d00c56b81ccd783ba25ea4a3e,1547.99,59.31,6.442683362,54000,54000
f6adeb635a48832b820b7dc4ad327ac76ccaf6f9,1740.47,66.94,7.254874545,54000,54000
f92826e386b2ee720ad8b3dc3bb5a6a3a37c5ee5,2021.91,77.54,8.459264313,54000,54000
91c5aac9a2ab8d07b6756a476feef62f00d5ead0,2358.95,90.00,9.874178837,54000,54000
a040e687ba3ef780b0952332badb6c6eb830f0ac,2799.95,107.25,11.663843818,53000,54000
475a149a8c3208dc1418929361ed72dccd65048c,3480.86,135.07,14.330683477,54000,54000
c4e9cd586d0122603fe576b3beab62d9e7cc6758,3927.38,152.10,16.191309850,54000,54000
d6b57095d1f9047d5782f86751a8dd3a4b617f8d,1694.87,64.75,7.059354621,54000,54000
f7b99bcab0581f0fbff674668cfb8321a3466bfc,1958.83,74.81,8.176529500,54000,54000
819140c4c070811d00c56b81ccd783ba25ea4a3e,1556.09,59.48,6.475013205,54000,54000
f6adeb635a48832b820b7dc4ad327ac76ccaf6f9,1738.20,66.60,7.249578255,54000,54000
f92826e386b2ee720ad8b3dc3bb5a6a3a37c5ee5,2033.28,77.57,8.506318587,54000,54000
91c5aac9a2ab8d07b6756a476feef62f00d5ead0,2397.66,92.11,10.017085369,54000,54000
a040e687ba3ef780b0952332badb6c6eb830f0ac,2780.99,106.79,11.585684752,54000,54000
475a149a8c3208dc1418929361ed72dccd65048c,3456.69,134.06,14.249308015,54000,54000
c4e9cd586d0122603fe576b3beab62d9e7cc6758,3907.35,151.82,16.091145463,54000,54000
d6b57095d1f9047d5782f86751a8dd3a4b617f8d,1692.74,64.62,7.061140977,54000,54000
f7b99bcab0581f0fbff674668cfb8321a3466bfc,1962.23,75.25,8.187534720,54000,54000
819140c4c070811d00c56b81ccd783ba25ea4a3e,1553.86,59.53,6.466610314,54000,54000
f6adeb635a48832b820b7dc4ad327ac76ccaf6f9,1736.67,66.49,7.257100530,54000,54000
f92826e386b2ee720ad8b3dc3bb5a6a3a37c5ee5,2026.77,77.79,8.480329950,54000,54000
91c5aac9a2ab8d07b6756a476feef62f00d5ead0,2362.86,90.29,9.898126124,54000,54000
a040e687ba3ef780b0952332badb6c6eb830f0ac,2770.03,106.64,11.551765142,54000,54000
475a149a8c3208dc1418929361ed72dccd65048c,3468.90,135.32,14.308156366,54000,54000
c4e9cd586d0122603fe576b3beab62d9e7cc6758,3913.54,152.52,16.151252362,54000,53000
d6b57095d1f9047d5782f86751a8dd3a4b617f8d,1708.94,65.53,7.135662003,54000,54000
f7b99bcab0581f0fbff674668cfb8321a3466bfc,1947.34,74.99,8.139599705,54000,53000
819140c4c070811d00c56b81ccd783ba25ea4a3e,1543.88,59.21,6.438640682,54000,54000
f6adeb635a48832b820b7dc4ad327ac76ccaf6f9,1737.91,66.42,7.275773317,53000,54000
f92826e386b2ee720ad8b3dc3bb5a6a3a37c5ee5,2031.21,78.36,8.514520124,54000,54000
91c5aac9a2ab8d07b6756a476feef62f00d5ead0,2362.34,91.39,9.890912690,54000,54000
a040e687ba3ef780b0952332badb6c6eb830f0ac,2832.26,109.83,11.825900781,53000,54000
475a149a8c3208dc1418929361ed72dccd65048c,3504.17,137.16,14.444188512,54000,54000
c4e9cd586d0122603fe576b3beab62d9e7cc6758,3908.40,152.51,16.114820101,54000,54000
d6b57095d1f9047d5782f86751a8dd3a4b617f8d,1699.44,64.97,7.102628779,54000,54000
f7b99bcab0581f0fbff674668cfb8321a3466bfc,1963.04,75.61,8.199792987,54000,54000
819140c4c070811d00c56b81ccd783ba25ea4a3e,1548.66,59.45,6.454545551,55000,54000
f6adeb635a48832b820b7dc4ad327ac76ccaf6f9,1736.41,66.60,7.259309802,53000,54000
f92826e386b2ee720ad8b3dc3bb5a6a3a37c5ee5,2032.59,78.32,8.501882161,54000,54000
91c5aac9a2ab8d07b6756a476feef62f00d5ead0,2350.87,90.43,9.835403269,54000,54000
a040e687ba3ef780b0952332badb6c6eb830f0ac,2828.83,109.16,11.781776419,54000,54000
475a149a8c3208dc1418929361ed72dccd65048c,3501.43,135.93,14.417125603,54000,54000
c4e9cd586d0122603fe576b3beab62d9e7cc6758,3953.06,153.03,16.296369604,54000,54000
d6b57095d1f9047d5782f86751a8dd3a4b617f8d,1708.84,65.05,7.126506828,54000,54000
f7b99bcab0581f0fbff674668cfb8321a3466bfc,1991.72,76.21,8.324867401,54000,54000
819140c4c070811d00c56b81ccd783ba25ea4a3e,1546.42,59.11,6.435871172,54000,54000
f6adeb635a48832b820b7dc4ad327ac76ccaf6f9,1751.48,66.97,7.304892204,53000,54000
f92826e386b2ee720ad8b3dc3bb5a6a3a37c5ee5,2039.87,78.12,8.520074847,54000,54000
91c5aac9a2ab8d07b6756a476feef62f00d5ead0,2364.47,90.57,9.878984174,54000,53000
a040e687ba3ef780b0952332badb6c6eb830f0ac,2788.95,107.21,11.609062913,54000,54000
475a149a8c3208dc1418929361ed72dccd65048c,3480.52,136.03,14.321522546,54000,54000
c4e9cd586d0122603fe576b3beab62d9e7cc6758,3904.04,151.54,16.074486399,54000,54000
d6b57095d1f9047d5782f86751a8dd3a4b617f8d,1701.97,64.81,7.091429084,54000,54000
f7b99bcab0581f0fbff674668cfb8321a3466bfc,1952.77,74.99,8.135251948,54000,54000
819140c4c070811d00c56b81ccd783ba25ea4a3e,1537.29,58.74,6.394797903,54000,54000
f6adeb635a48832b820b7dc4ad327ac76ccaf6f9,1742.50,66.82,7.266319004,54000,54000
f92826e386b2ee720ad8b3dc3bb5a6a3a37c5ee5,2027.20,77.75,8.463067635,54000,54000
91c5aac9a2ab8d07b6756a476feef62f00d5ead0,2386.46,91.56,9.967821398,54000,54000
a040e687ba3ef780b0952332badb6c6eb830f0ac,2797.91,107.44,11.650772750,55000,54000
475a149a8c3208dc1418929361ed72dccd65048c,3502.01,136.24,14.420415505,54000,54000
c4e9cd586d0122603fe576b3beab62d9e7cc6758,3939.60,152.66,16.223117765,54000,54000
d6b57095d1f9047d5782f86751a8dd3a4b617f8d,1692.21,64.39,7.057580689,54000,54000
f7b99bcab0581f0fbff674668cfb8321a3466bfc,1956.90,75.13,8.161079901,54000,54000
819140c4c070811d00c56b81ccd783ba25ea4a3e,1562.94,59.91,6.504063936,54000,54000
f6adeb635a48832b820b7dc4ad327ac76ccaf6f9,1743.08,66.84,7.276685994,54000,54000
f92826e386b2ee720ad8b3dc3bb5a6a3a37c5ee5,2040.26,78.14,8.538950935,54000,54000
91c5aac9a2ab8d07b6756a476feef62f00d5ead0,2394.14,91.73,10.014881857,54000,54000
a040e687ba3ef780b0952332badb6c6eb830f0ac,2770.97,106.42,11.545660546,54000,54000
475a149a8c3208dc1418929361ed72dccd65048c,3501.37,136.48,14.424157981,54000,53000
c4e9cd586d0122603fe576b3beab62d9e7cc6758,3876.77,150.76,15.977415758,54000,54000
d6b57095d1f9047d5782f86751a8dd3a4b617f8d,1710.94,65.19,7.128265980,54000,54000
f7b99bcab0581f0fbff674668cfb8321a3466bfc,1951.56,74.72,8.146599203,54000,54000
819140c4c070811d00c56b81ccd783ba25ea4a3e,1538.44,58.89,6.403361238,54000,54000
f6adeb635a48832b820b7dc4ad327ac76ccaf6f9,1733.04,66.27,7.234029183,54000,54000
f92826e386b2ee720ad8b3dc3bb5a6a3a37c5ee5,2040.35,78.26,8.532777227,54000,54000
91c5aac9a2ab8d07b6756a476feef62f00d5ead0,2351.44,90.21,9.825542324,54000,54000
a040e687ba3ef780b0952332badb6c6eb830f0ac,2792.62,107.12,11.629987672,54000,54000
475a149a8c3208dc1418929361ed72dccd65048c,3498.31,136.26,14.410114016,54000,54000
c4e9cd586d0122603fe576b3beab62d9e7cc6758,3914.36,150.97,16.139322581,54000,54000
d6b57095d1f9047d5782f86751a8dd3a4b617f8d,1698.35,64.87,7.073993243,54000,54000
f7b99bcab0581f0fbff674668cfb8321a3466bfc,1961.38,74.66,8.195161569,54000,54000
819140c4c070811d00c56b81ccd783ba25ea4a3e,1550.58,59.35,6.445546912,54000,54000
f6adeb635a48832b820b7dc4ad327ac76ccaf6f9,1758.38,67.36,7.335584396,54000,54000
f92826e386b2ee720ad8b3dc3bb5a6a3a37c5ee5,2013.22,77.18,8.416201949,54000,54000
91c5aac9a2ab8d07b6756a476feef62f00d5ead0,2350.19,90.12,9.829950671,54000,54000
a040e687ba3ef780b0952332badb6c6eb830f0ac,2763.21,106.06,11.510349606,54000,54000
475a149a8c3208dc1418929361ed72dccd65048c,3442.74,134.17,14.156504136,54000,54000
c4e9cd586d0122603fe576b3beab62d9e7cc6758,3920.15,151.83,16.137627732,54000,54000
d6b57095d1f9047d5782f86751a8dd3a4b617f8d,1703.76,65.00,7.091075800,54000,54000
f7b99bcab0581f0fbff674668cfb8321a3466bfc,1969.47,75.54,8.202427769,54000,54000
819140c4c070811d00c56b81ccd783ba25ea4a3e,1550.11,59.24,6.446553959,53000,54000
f6adeb635a48832b820b7dc4ad327ac76ccaf6f9,1750.88,66.74,7.302882131,54000,54000
f92826e386b2ee720ad8b3dc3bb5a6a3a37c5ee5,2025.16,77.65,8.448416437,53000,54000
91c5aac9a2ab8d07b6756a476feef62f00d5ead0,2388.10,91.16,9.980778063,54000,54000
a040e687ba3ef780b0952332badb6c6eb830f0ac,2787.90,107.55,11.590138329,54000,53000
475a149a8c3208dc1418929361ed72dccd65048c,3482.58,136.01,14.309034687,54000,54000
c4e9cd586d0122603fe576b3beab62d9e7cc6758,3941.96,153.82,16.214549672,54000,54000
d6b57095d1f9047d5782f86751a8dd3a4b617f8d,1707.98,65.26,7.109063842,54000,54000
f7b99bcab0581f0fbff674668cfb8321a3466bfc,1951.38,74.71,8.145296997,54000,54000
819140c4c070811d00c56b81ccd783ba25ea4a3e,1556.27,59.52,6.469747279,54000,54000
f6adeb635a48832b820b7dc4ad327ac76ccaf6f9,1747.26,66.85,7.307830816,54000,52000
f92826e386b2ee720ad8b3dc3bb5a6a3a37c5ee5,2027.90,77.40,8.497833785,54000,54000
91c5aac9a2ab8d07b6756a476feef62f00d5ead0,2409.35,92.85,10.075932545,53000,54000
a040e687ba3ef780b0952332badb6c6eb830f0ac,2810.92,108.92,11.706533961,53000,54000
475a149a8c3208dc1418929361ed72dccd65048c,3472.46,135.68,14.298509539,54000,54000
c4e9cd586d0122603fe576b3beab62d9e7cc6758,3926.52,152.92,16.193878003,54000,54000
d6b57095d1f9047d5782f86751a8dd3a4b617f8d,1702.04,65.03,7.095617432,54000,55000
f7b99bcab0581f0fbff674668cfb8321a3466bfc,1948.27,74.61,8.134768156,54000,53000
d4e2933e544ac07ef25928e5006b5871d0cc4788,2815.75,108.60,11.755217316,53000,54000
c3d20db236a742b31392e230142a520efea0f9b1,1732.03,66.16,7.256519275,54000,54000
af3b365ce83d48a871eb5d39ce416d2c8ea2d5f2,1668.07,63.78,6.965494137,54000,54000
430a503344bb246f7c6c92bc8b4131aea50d4a83,2366.04,91.01,9.901522508,55000,54000
2f5ee77beaaee8efb2188f2c8afa88b9dbbc0649,1957.94,74.80,8.180023847,54000,54000
2a91a49b1f4e2af391aa18269e1b2f3a5cd971d8,2451.81,94.33,10.251255894,54000,54000
43c895fa3415de42f12809ca638ec2a734afad80,2847.73,109.29,11.869805913,54000,54000
36dd0aa27d234fcf84784ee857843e68a9cbbbb3,2034.48,78.32,8.518602209,54000,54000
5924ab5d30a703d4e76553ecc02f275c5c28c8b1,3669.34,143.29,15.072352479,54000,54000
1e2fdc058ff930788a351f1fc2789fb33cc9face,4113.52,160.45,16.944175588,54000,54000
d4e2933e544ac07ef25928e5006b5871d0cc4788,2790.53,107.77,11.619739277,54000,55000
c3d20db236a742b31392e230142a520efea0f9b1,1735.92,66.63,7.254539025,54000,54000
af3b365ce83d48a871eb5d39ce416d2c8ea2d5f2,1688.07,64.44,7.039002945,54000,54000
430a503344bb246f7c6c92bc8b4131aea50d4a83,2346.19,90.28,9.807130105,54000,54000
2f5ee77beaaee8efb2188f2c8afa88b9dbbc0649,1955.56,74.52,8.168648178,54000,54000
2a91a49b1f4e2af391aa18269e1b2f3a5cd971d8,2427.13,92.92,10.134068496,54000,54000
43c895fa3415de42f12809ca638ec2a734afad80,2820.69,109.10,11.743721133,54000,54000
36dd0aa27d234fcf84784ee857843e68a9cbbbb3,2022.23,77.79,8.466592138,54000,55000
5924ab5d30a703d4e76553ecc02f275c5c28c8b1,3690.70,144.72,15.174472805,54000,54000
1e2fdc058ff930788a351f1fc2789fb33cc9face,4140.13,161.53,17.059112990,54000,54000
d4e2933e544ac07ef25928e5006b5871d0cc4788,2788.27,106.88,11.618434120,55000,54000
c3d20db236a742b31392e230142a520efea0f9b1,1748.72,66.91,7.313568236,54000,54000
af3b365ce83d48a871eb5d39ce416d2c8ea2d5f2,1674.30,64.05,6.983238075,54000,54000
430a503344bb246f7c6c92bc8b4131aea50d4a83,2326.58,89.46,9.734132782,54000,54000
2f5ee77beaaee8efb2188f2c8afa88b9dbbc0649,1946.80,74.71,8.122356911,54000,54000
2a91a49b1f4e2af391aa18269e1b2f3a5cd971d8,2430.24,93.80,10.139904726,54000,54000
43c895fa3415de42f12809ca638ec2a734afad80,2863.79,110.07,11.918787150,54000,55000
36dd0aa27d234fcf84784ee857843e68a9cbbbb3,2046.13,78.57,8.552744550,54000,54000
5924ab5d30a703d4e76553ecc02f275c5c28c8b1,3681.82,142.91,15.128591050,54000,54000
1e2fdc058ff930788a351f1fc2789fb33cc9face,4122.94,160.19,16.971225673,54000,54000
d4e2933e544ac07ef25928e5006b5871d0cc4788,2790.17,107.55,11.600219840,54000,54000
c3d20db236a742b31392e230142a520efea0f9b1,1757.56,67.04,7.339400739,54000,54000
af3b365ce83d48a871eb5d39ce416d2c8ea2d5f2,1681.14,64.09,7.002959633,54000,54000
430a503344bb246f7c6c92bc8b4131aea50d4a83,2353.55,89.79,9.837447254,54000,53000
2f5ee77beaaee8efb2188f2c8afa88b9dbbc0649,1957.37,75.07,8.164402293,54000,54000
2a91a49b1f4e2af391aa18269e1b2f3a5cd971d8,2454.72,94.15,10.232062195,54000,54000
43c895fa3415de42f12809ca638ec2a734afad80,2864.81,110.48,11.901550323,54000,54000
36dd0aa27d234fcf84784ee857843e68a9cbbbb3,2089.01,80.10,8.716207804,54000,54000
5924ab5d30a703d4e76553ecc02f275c5c28c8b1,3656.18,142.16,15.014610661,54000,54000
1e2fdc058ff930788a351f1fc2789fb33cc9face,4187.62,162.26,17.246523373,54000,54000
d4e2933e544ac07ef25928e5006b5871d0cc4788,2805.57,107.83,11.665721636,54000,54000
c3d20db236a742b31392e230142a520efea0f9b1,1748.84,66.58,7.305653646,54000,54000
af3b365ce83d48a871eb5d39ce416d2c8ea2d5f2,1678.20,63.78,6.992142621,54000,54000
430a503344bb246f7c6c92bc8b4131aea50d4a83,2356.91,89.74,9.852862108,54000,54000
2f5ee77beaaee8efb2188f2c8afa88b9dbbc0649,1956.73,74.55,8.153824199,54000,54000
2a91a49b1f4e2af391aa18269e1b2f3a5cd971d8,2439.52,93.44,10.172691174,54000,54000
43c895fa3415de42f12809ca638ec2a734afad80,2854.91,109.73,11.867518601,54000,54000
36dd0aa27d234fcf84784ee857843e68a9cbbbb3,2050.52,78.52,8.554059898,54000,54000
5924ab5d30a703d4e76553ecc02f275c5c28c8b1,3682.58,142.93,15.128085933,54000,54000
1e2fdc058ff930788a351f1fc2789fb33cc9face,4178.96,161.88,17.186706245,54000,54000
d4e2933e544ac07ef25928e5006b5871d0cc4788,2852.07,109.14,11.890378534,54000,54000
c3d20db236a742b31392e230142a520efea0f9b1,1729.82,65.80,7.221923361,54000,54000
af3b365ce83d48a871eb5d39ce416d2c8ea2d5f2,1687.51,64.27,7.030496265,54000,54000
430a503344bb246f7c6c92bc8b4131aea50d4a83,2359.49,90.43,9.858314012,53000,54000
2f5ee77beaaee8efb2188f2c8afa88b9dbbc0649,1957.75,74.53,8.173641261,54000,54000
2a91a49b1f4e2af391aa18269e1b2f3a5cd971d8,2427.35,92.99,10.128413357,54000,54000
43c895fa3415de42f12809ca638ec2a734afad80,2842.10,109.31,11.825054381,54000,54000
36dd0aa27d234fcf84784ee857843e68a9cbbbb3,2047.39,78.56,8.553423808,54000,54000
5924ab5d30a703d4e76553ecc02f275c5c28c8b1,3704.17,144.22,15.210960596,54000,53000
1e2fdc058ff930788a351f1fc2789fb33cc9face,4101.29,159.25,16.879970915,54000,54000
d4e2933e544ac07ef25928e5006b5871d0cc4788,2809.78,107.77,11.697787823,54000,54000
c3d20db236a742b31392e230142a520efea0f9b1,1746.69,66.44,7.299041760,54000,54000
af3b365ce83d48a871eb5d39ce416d2c8ea2d5f2,1671.40,63.78,6.964133412,54000,54000
430a503344bb246f7c6c92bc8b4131aea50d4a83,2372.60,91.25,9.913313663,54000,54000
2f5ee77beaaee8efb2188f2c8afa88b9dbbc0649,1940.74,73.95,8.104257931,54000,54000
2a91a49b1f4e2af391aa18269e1b2f3a5cd971d8,2460.85,93.95,10.272182267,54000,54000
43c895fa3415de42f12809ca638ec2a734afad80,2839.77,109.49,11.803510952,54000,54000
36dd0aa27d234fcf84784ee857843e68a9cbbbb3,2028.82,77.48,8.485437592,54000,54000
5924ab5d30a703d4e76553ecc02f275c5c28c8b1,3711.86,144.50,15.235321858,54000,54000
1e2fdc058ff930788a351f1fc2789fb33cc9face,4149.74,160.92,17.074938086,54000,54000
d4e2933e544ac07ef25928e5006b5871d0cc4788,2818.90,108.39,11.720253908,54000,54000
c3d20db236a742b31392e230142a520efea0f9b1,1745.75,66.84,7.270239996,54000,54000
af3b365ce83d48a871eb5d39ce416d2c8ea2d5f2,1679.93,64.05,6.989558219,54000,54000
430a503344bb246f7c6c92bc8b4131aea50d4a83,2385.46,91.49,9.947205228,55000,54000
2f5ee77beaaee8efb2188f2c8afa88b9dbbc0649,1977.70,75.60,8.245118743,54000,55000
2a91a49b1f4e2af391aa18269e1b2f3a5cd971d8,2478.33,94.60,10.338664051,54000,54000
43c895fa3415de42f12809ca638ec2a734afad80,2882.52,110.96,11.992321868,54000,54000
36dd0aa27d234fcf84784ee857843e68a9cbbbb3,2045.69,78.44,8.542597058,54000,54000
5924ab5d30a703d4e76553ecc02f275c5c28c8b1,3707.91,144.81,15.205296621,54000,54000
1e2fdc058ff930788a351f1fc2789fb33cc9face,4159.22,161.64,17.110027494,54000,54000
d4e2933e544ac07ef25928e5006b5871d0cc4788,2805.76,107.54,11.676589715,53000,54000
c3d20db236a742b31392e230142a520efea0f9b1,1741.93,66.71,7.252198711,54000,54000
af3b365ce83d48a871eb5d39ce416d2c8ea2d5f2,1687.82,64.57,7.014212468,54000,54000
430a503344bb246f7c6c92bc8b4131aea50d4a83,2378.07,90.82,9.940018986,54000,54000
2f5ee77beaaee8efb2188f2c8afa88b9dbbc0649,1972.07,75.29,8.222702500,54000,53000
2a91a49b1f4e2af391aa18269e1b2f3a5cd971d8,2467.53,94.84,10.280820730,54000,54000
43c895fa3415de42f12809ca638ec2a734afad80,2852.71,110.19,11.847171430,54000,54000
36dd0aa27d234fcf84784ee857843e68a9cbbbb3,2031.52,77.94,8.485348403,54000,54000
5924ab5d30a703d4e76553ecc02f275c5c28c8b1,3675.54,143.48,15.101063429,54000,54000
1e2fdc058ff930788a351f1fc2789fb33cc9face,4092.53,158.74,16.853589580,54000,54000
d4e2933e544ac07ef25928e5006b5871d0cc4788,2808.00,107.81,11.701264752,54000,53000
c3d20db236a742b31392e230142a520efea0f9b1,1743.46,66.86,7.273520183,54000,53000
af3b365ce83d48a871eb5d39ce416d2c8ea2d5f2,1686.43,64.39,7.025573403,54000,54000
430a503344bb246f7c6c92bc8b4131aea50d4a83,2392.43,91.89,9.990048128,54000,53000
2f5ee77beaaee8efb2188f2c8afa88b9dbbc0649,1975.58,75.96,8.237783063,54000,54000
2a91a49b1f4e2af391aa18269e1b2f3a5cd971d8,2477.11,95.50,10.325581502,54000,54000
43c895fa3415de42f12809ca638ec2a734afad80,2840.04,109.32,11.801377076,54000,54000
36dd0aa27d234fcf84784ee857843e68a9cbbbb3,2038.69,77.88,8.525919898,54000,54000
5924ab5d30a703d4e76553ecc02f275c5c28c8b1,3681.20,142.80,15.130597800,54000,54000
1e2fdc058ff930788a351f1fc2789fb33cc9face,4136.27,160.68,17.004858400,54000,54000
d4e2933e544ac07ef25928e5006b5871d0cc4788,2771.52,106.31,11.542719369,54000,54000
c3d20db236a742b31392e230142a520efea0f9b1,1744.50,66.71,7.286671551,54000,54000
af3b365ce83d48a871eb5d39ce416d2c8ea2d5f2,1701.76,65.03,7.097215411,54000,54000
430a503344bb246f7c6c92bc8b4131aea50d4a83,2376.40,91.22,9.935457270,54000,54000
2f5ee77beaaee8efb2188f2c8afa88b9dbbc0649,1963.30,75.33,8.183080076,53000,54000
2a91a49b1f4e2af391aa18269e1b2f3a5cd971d8,2455.77,94.24,10.240497392,54000,54000
43c895fa3415de42f12809ca638ec2a734afad80,2831.33,108.68,11.778724316,54000,54000
36dd0aa27d234fcf84784ee857843e68a9cbbbb3,2082.54,80.26,8.710908116,54000,54000
5924ab5d30a703d4e76553ecc02f275c5c28c8b1,3681.56,144.25,15.092164419,54000,54000
1e2fdc058ff930788a351f1fc2789fb33cc9face,4158.16,161.44,17.107692284,54000,54000
d4e2933e544ac07ef25928e5006b5871d0cc4788,2817.40,108.78,11.703292764,54000,54000
c3d20db236a742b31392e230142a520efea0f9b1,1739.16,66.52,7.253266512,54000,54000
af3b365ce83d48a871eb5d39ce416d2c8ea2d5f2,1690.56,64.60,7.036730361,54000,54000
430a503344bb246f7c6c92bc8b4131aea50d4a83,2364.83,90.68,9.863399299,54000,54000
2f5ee77beaaee8efb2188f2c8afa88b9dbbc0649,1973.94,75.76,8.221992187,54000,54000
2a91a49b1f4e2af391aa18269e1b2f3a5cd971d8,2420.55,93.04,10.078631852,54000,54000
43c895fa3415de42f12809ca638ec2a734afad80,2854.14,110.06,11.854198354,54000,54000
36dd0aa27d234fcf84784ee857843e68a9cbbbb3,2049.67,78.57,8.547664130,54000,54000
5924ab5d30a703d4e76553ecc02f275c5c28c8b1,3697.01,144.46,15.132224792,54000,54000
1e2fdc058ff930788a351f1fc2789fb33cc9face,4189.80,162.81,17.226298583,54000,54000
d4e2933e544ac07ef25928e5006b5871d0cc4788,2785.78,107.58,11.570648542,54000,54000
c3d20db236a742b31392e230142a520efea0f9b1,1740.43,66.42,7.260314454,54000,54000
af3b365ce83d48a871eb5d39ce416d2c8ea2d5f2,1688.07,64.16,7.035372276,54000,54000
430a503344bb246f7c6c92bc8b4131aea50d4a83,2336.25,89.36,9.765121337,54000,54000
2f5ee77beaaee8efb2188f2c8afa88b9dbbc0649,1965.93,75.50,8.187739984,54000,53000
2a91a49b1f4e2af391aa18269e1b2f3a5cd971d8,2420.31,92.85,10.092058020,53000,54000
43c895fa3415de42f12809ca638ec2a734afad80,2854.21,110.39,11.856666731,54000,54000
36dd0aa27d234fcf84784ee857843e68a9cbbbb3,2039.32,78.25,8.512996816,54000,54000
5924ab5d30a703d4e76553ecc02f275c5c28c8b1,3655.85,142.65,15.000895117,54000,54000
1e2fdc058ff930788a351f1fc2789fb33cc9face,4136.64,161.44,17.008116210,54000,54000
d4e2933e544ac07ef25928e5006b5871d0cc4788,2799.08,107.45,11.652942389,54000,53000
c3d20db236a742b31392e230142a520efea0f9b1,1739.81,66.63,7.261535502,54000,54000
af3b365ce83d48a871eb5d39ce416d2c8ea2d5f2,1676.00,64.03,6.980661485,54000,54000
430a503344bb246f7c6c92bc8b4131aea50d4a83,2359.45,90.59,9.848694255,54000,54000
2f5ee77beaaee8efb2188f2c8afa88b9dbbc0649,1968.95,75.27,8.220616189,54000,54000
2a91a49b1f4e2af391aa18269e1b2f3a5cd971d8,2424.06,93.23,10.110352057,54000,54000
43c895fa3415de42f12809ca638ec2a734afad80,2832.07,108.88,11.783878608,54000,53000
36dd0aa27d234fcf84784ee857843e68a9cbbbb3,2050.52,78.70,8.565532606,54000,54000
5924ab5d30a703d4e76553ecc02f275c5c28c8b1,3688.94,143.83,15.145414035,54000,54000
1e2fdc058ff930788a351f1fc2789fb33cc9face,4121.00,160.03,16.959062294,54000,54000
d4e2933e544ac07ef25928e5006b5871d0cc4788,2818.67,108.16,11.723746958,54000,54000
c3d20db236a742b31392e230142a520efea0f9b1,1749.47,66.91,7.285544148,53000,54000
af3b365ce83d48a871eb5d39ce416d2c8ea2d5f2,1680.51,63.84,6.996029495,54000,53000
430a503344bb246f7c6c92bc8b4131aea50d4a83,2381.08,91.24,9.926792205,53000,54000
2f5ee77beaaee8efb2188f2c8afa88b9dbbc0649,1955.88,74.53,8.145710419,54000,53000
2a91a49b1f4e2af391aa18269e1b2f3a5cd971d8,2435.68,93.27,10.143244706,54000,54000
43c895fa3415de42f12809ca638ec2a734afad80,2858.72,109.56,11.881943023,54000,54000
36dd0aa27d234fcf84784ee857843e68a9cbbbb3,2038.86,77.82,8.512439343,54000,54000
5924ab5d30a703d4e76553ecc02f275c5c28c8b1,3689.13,143.11,15.125206442,54000,54000
1e2fdc058ff930788a351f1fc2789fb33cc9face,4128.14,160.18,16.969186880,54000,54000
d4e2933e544ac07ef25928e5006b5871d0cc4788,2802.40,107.90,11.637254865,54000,54000
c3d20db236a742b31392e230142a520efea0f9b1,1741.03,66.31,7.249776538,54000,53000
af3b365ce83d48a871eb5d39ce416d2c8ea2d5f2,1674.84,63.48,6.970081812,54000,54000
430a503344bb246f7c6c92bc8b4131aea50d4a83,2411.95,92.28,10.068671446,54000,53000
2f5ee77beaaee8efb2188f2c8afa88b9dbbc0649,1956.19,74.72,8.153472681,54000,54000
2a91a49b1f4e2af391aa18269e1b2f3a5cd971d8,2463.57,94.38,10.252928948,53000,54000
43c895fa3415de42f12809ca638ec2a734afad80,2854.53,109.30,11.871865831,54000,54000
36dd0aa27d234fcf84784ee857843e68a9cbbbb3,2053.50,78.71,8.566209692,54000,54000
5924ab5d30a703d4e76553ecc02f275c5c28c8b1,3716.67,143.84,15.282103763,54000,54000
1e2fdc058ff930788a351f1fc2789fb33cc9face,4174.40,161.78,17.179226321,54000,54000
d4e2933e544ac07ef25928e5006b5871d0cc4788,2791.88,107.34,11.595899583,54000,54000
c3d20db236a742b31392e230142a520efea0f9b1,1754.28,66.75,7.328508759,54000,53000
af3b365ce83d48a871eb5d39ce416d2c8ea2d5f2,1677.21,64.15,6.972622653,54000,53000
430a503344bb246f7c6c92bc8b4131aea50d4a83,2335.25,89.62,9.749978813,54000,54000
2f5ee77beaaee8efb2188f2c8afa88b9dbbc0649,1972.36,75.65,8.227638227,54000,54000
2a91a49b1f4e2af391aa18269e1b2f3a5cd971d8,2478.18,95.06,10.320660705,54000,54000
43c895fa3415de42f12809ca638ec2a734afad80,2835.67,109.57,11.771330885,54000,54000
36dd0aa27d234fcf84784ee857843e68a9cbbbb3,2043.91,78.22,8.520122001,54000,54000
5924ab5d30a703d4e76553ecc02f275c5c28c8b1,3714.47,144.69,15.226164413,54000,54000
1e2fdc058ff930788a351f1fc2789fb33cc9face,4156.86,161.11,17.096259009,54000,54000
d4e2933e544ac07ef25928e5006b5871d0cc4788,2801.26,107.50,11.662883483,54000,54000
c3d20db236a742b31392e230142a520efea0f9b1,1740.16,66.52,7.257151698,54000,54000
af3b365ce83d48a871eb5d39ce416d2c8ea2d5f2,1696.20,64.62,7.058576004,54000,54000
430a503344bb246f7c6c92bc8b4131aea50d4a83,2347.56,90.10,9.792350518,54000,54000
2f5ee77beaaee8efb2188f2c8afa88b9dbbc0649,1945.93,74.33,8.114404333,54000,54000
2a91a49b1f4e2af391aa18269e1b2f3a5cd971d8,2425.53,93.09,10.097537945,54000,54000
43c895fa3415de42f12809ca638ec2a734afad80,2847.70,109.74,11.808100127,54000,54000
36dd0aa27d234fcf84784ee857843e68a9cbbbb3,2037.44,77.95,8.489067354,54000,54000
5924ab5d30a703d4e76553ecc02f275c5c28c8b1,3695.90,143.43,15.133534005,54000,54000
1e2fdc058ff930788a351f1fc2789fb33cc9face,4163.07,161.50,17.088877288,54000,54000
d4e2933e544ac07ef25928e5006b5871d0cc4788,2785.51,107.12,11.552856698,54000,54000
c3d20db236a742b31392e230142a520efea0f9b1,1749.24,66.69,7.283914422,54000,54000
af3b365ce83d48a871eb5d39ce416d2c8ea2d5f2,1691.32,64.39,7.035787356,54000,54000
430a503344bb246f7c6c92bc8b4131aea50d4a83,2345.95,89.93,9.777175392,54000,54000
2f5ee77beaaee8efb2188f2c8afa88b9dbbc0649,1957.48,74.64,8.155794513,54000,53000
2a91a49b1f4e2af391aa18269e1b2f3a5cd971d8,2467.91,94.61,10.264659776,54000,54000
43c895fa3415de42f12809ca638ec2a734afad80,2848.49,108.85,11.843290003,54000,54000
36dd0aa27d234fcf84784ee857843e68a9cbbbb3,2039.59,77.97,8.512357015,54000,54000
5924ab5d30a703d4e76553ecc02f275c5c28c8b1,3680.06,142.68,15.090684626,54000,54000
1e2fdc058ff930788a351f1fc2789fb33cc9face,4145.11,160.85,17.027237789,54000,56000
d4e2933e544ac07ef25928e5006b5871d0cc4788,2780.80,106.78,11.549565474,55000,54000
c3d20db236a742b31392e230142a520efea0f9b1,1754.51,66.54,7.330163104,54000,54000
af3b365ce83d48a871eb5d39ce416d2c8ea2d5f2,1679.49,63.92,6.985005415,54000,54000
430a503344bb246f7c6c92bc8b4131aea50d4a83,2355.27,90.24,9.818463595,54000,54000
2f5ee77beaaee8efb2188f2c8afa88b9dbbc0649,1949.99,74.66,8.113978686,54000,54000
2a91a49b1f4e2af391aa18269e1b2f3a5cd971d8,2426.22,93.03,10.100139562,54000,55000
43c895fa3415de42f12809ca638ec2a734afad80,2851.50,109.18,11.843533055,54000,54000
36dd0aa27d234fcf84784ee857843e68a9cbbbb3,2039.80,77.96,8.505899507,56000,53000
5924ab5d30a703d4e76553ecc02f275c5c28c8b1,3676.89,143.15,15.071511807,54000,54000
1e2fdc058ff930788a351f1fc2789fb33cc9face,4146.17,160.31,17.047899127,54000,54000
d4e2933e544ac07ef25928e5006b5871d0cc4788,2782.47,106.57,11.567063139,54000,54000
c3d20db236a742b31392e230142a520efea0f9b1,1760.97,67.14,7.343591017,54000,54000
af3b365ce83d48a871eb5d39ce416d2c8ea2d5f2,1671.08,63.71,6.946203628,54000,54000
430a503344bb246f7c6c92bc8b4131aea50d4a83,2368.81,90.73,9.876844003,54000,53000
2f5ee77beaaee8efb2188f2c8afa88b9dbbc0649,1956.63,74.84,8.152434775,54000,54000
2a91a49b1f4e2af391aa18269e1b2f3a5cd971d8,2448.89,93.87,10.203795559,54000,53000
43c895fa3415de42f12809ca638ec2a734afad80,2879.71,111.07,11.948016236,54000,54000
36dd0aa27d234fcf84784ee857843e68a9cbbbb3,2025.69,77.37,8.447793916,54000,54000
5924ab5d30a703d4e76553ecc02f275c5c28c8b1,3670.53,142.70,15.053085649,54000,55000
1e2fdc058ff930788a351f1fc2789fb33cc9face,4178.47,161.63,17.169574376,54000,54000
d4e2933e544ac07ef25928e5006b5871d0cc4788,2790.04,107.39,11.577052316,53000,54000
c3d20db236a742b31392e230142a520efea0f9b1,1765.52,67.35,7.348076546,54000,54000
af3b365ce83d48a871eb5d39ce416d2c8ea2d5f2,1671.74,63.55,6.948438566,54000,54000
430a503344bb246f7c6c92bc8b4131aea50d4a83,2371.53,90.62,9.873239754,54000,54000
2f5ee77beaaee8efb2188f2c8afa88b9dbbc0649,1952.67,74.81,8.119653871,54000,54000
2a91a49b1f4e2af391aa18269e1b2f3a5cd971d8,2424.27,92.86,10.079921272,54000,54000
43c895fa3415de42f12809ca638ec2a734afad80,2885.37,111.11,11.954580826,54000,54000
36dd0aa27d234fcf84784ee857843e68a9cbbbb3,2035.93,77.48,8.496032488,54000,54000
5924ab5d30a703d4e76553ecc02f275c5c28c8b1,3719.12,144.19,15.250638292,54000,54000
1e2fdc058ff930788a351f1fc2789fb33cc9face,4107.03,158.77,16.873834890,55000,54000
d4e2933e544ac07ef25928e5006b5871d0cc4788,2814.08,108.31,11.669661759,54000,54000
c3d20db236a742b31392e230142a520efea0f9b1,1751.86,66.79,7.295108921,54000,54000
af3b365ce83d48a871eb5d39ce416d2c8ea2d5f2,1677.85,63.94,6.976922174,54000,55000
430a503344bb246f7c6c92bc8b4131aea50d4a83,2363.85,90.63,9.847831746,54000,54000
2f5ee77beaaee8efb2188f2c8afa88b9dbbc0649,1956.72,74.46,8.154554962,54000,54000
2a91a49b1f4e2af391aa18269e1b2f3a5cd971d8,2467.38,94.85,10.267266577,54000,54000
43c895fa3415de42f12809ca638ec2a734afad80,2839.34,109.49,11.773166474,54000,54000
36dd0aa27d234fcf84784ee857843e68a9cbbbb3,2038.48,78.28,8.502991638,54000,54000
5924ab5d30a703d4e76553ecc02f275c5c28c8b1,3677.87,142.81,15.096486607,54000,54000
1e2fdc058ff930788a351f1fc2789fb33cc9face,4096.21,159.09,16.851502138,54000,54000
d4e2933e544ac07ef25928e5006b5871d0cc4788,2773.88,106.32,11.550835013,54000,54000
c3d20db236a742b31392e230142a520efea0f9b1,1745.53,66.53,7.273852220,55000,54000
af3b365ce83d48a871eb5d39ce416d2c8ea2d5f2,1686.41,64.36,7.011970757,54000,54000
430a503344bb246f7c6c92bc8b4131aea50d4a83,2361.59,90.25,9.856498272,54000,54000
2f5ee77beaaee8efb2188f2c8afa88b9dbbc0649,1967.94,75.28,8.187656934,54000,54000
2a91a49b1f4e2af391aa18269e1b2f3a5cd971d8,2439.47,93.04,10.185833683,54000,54000
43c895fa3415de42f12809ca638ec2a734afad80,2848.68,109.26,11.842955668,54000,54000
36dd0aa27d234fcf84784ee857843e68a9cbbbb3,2056.15,78.75,8.585612921,54000,54000
5924ab5d30a703d4e76553ecc02f275c5c28c8b1,3666.81,142.60,15.050728988,54000,54000
1e2fdc058ff930788a351f1fc2789fb33cc9face,4111.66,159.40,16.903131333,54000,54000
d4e2933e544ac07ef25928e5006b5871d0cc4788,2820.50,108.40,11.711557982,54000,54000
c3d20db236a742b31392e230142a520efea0f9b1,1736.24,66.13,7.242781026,54000,54000
af3b365ce83d48a871eb5d39ce416d2c8ea2d5f2,1674.43,64.01,6.956539785,54000,54000
430a503344bb246f7c6c92bc8b4131aea50d4a83,2401.37,92.16,10.005420951,54000,54000
2f5ee77beaaee8efb2188f2c8afa88b9dbbc0649,1961.05,75.12,8.160139998,54000,54000
2a91a49b1f4e2af391aa18269e1b2f3a5cd971d8,2421.99,92.27,10.104987074,54000,54000
43c895fa3415de42f12809ca638ec2a734afad80,2850.73,109.57,11.827139579,54000,54000
36dd0aa27d234fcf84784ee857843e68a9cbbbb3,2034.35,77.67,8.488215457,53000,53000
5924ab5d30a703d4e76553ecc02f275c5c28c8b1,3664.89,143.10,15.003072336,54000,54000
1e2fdc058ff930788a351f1fc2789fb33cc9face,4160.15,161.51,17.095166543,54000,54000
d4e2933e544ac07ef25928e5006b5871d0cc4788,2806.24,108.31,11.644936429,54000,54000
c3d20db236a742b31392e230142a520efea0f9b1,1744.32,66.79,7.256207462,54000,55000
af3b365ce83d48a871eb5d39ce416d2c8ea2d5f2,1677.32,63.91,6.972065535,54000,54000
430a503344bb246f7c6c92bc8b4131aea50d4a83,2328.98,88.98,9.717437851,54000,54000
2f5ee77beaaee8efb2188f2c8afa88b9dbbc0649,1967.63,75.36,8.189824327,54000,54000
2a91a49b1f4e2af391aa18269e1b2f3a5cd971d8,2425.22,93.03,10.090377871,54000,54000
43c895fa3415de42f12809ca638ec2a734afad80,2859.71,109.53,11.880327962,54000,54000
36dd0aa27d234fcf84784ee857843e68a9cbbbb3,2040.75,77.84,8.526935099,54000,54000
5924ab5d30a703d4e76553ecc02f275c5c28c8b1,3709.60,144.46,15.224238864,54000,54000
1e2fdc058ff930788a351f1fc2789fb33cc9face,4198.56,162.79,17.268387255,54000,54000
d4e2933e544ac07ef25928e5006b5871d0cc4788,2781.92,106.76,11.562798556,54000,55000
c3d20db236a742b31392e230142a520efea0f9b1,1757.30,67.18,7.324959030,54000,54000
af3b365ce83d48a871eb5d39ce416d2c8ea2d5f2,1670.16,63.73,6.951187157,54000,54000
430a503344bb246f7c6c92bc8b4131aea50d4a83,2355.03,89.82,9.847865413,54000,53000
2f5ee77beaaee8efb2188f2c8afa88b9dbbc0649,1975.97,76.01,8.232408364,54000,54000
2a91a49b1f4e2af391aa18269e1b2f3a5cd971d8,2410.06,92.42,10.050119735,54000,54000
43c895fa3415de42f12809ca638ec2a734afad80,2824.85,109.13,11.722141471,53000,54000
36dd0aa27d234fcf84784ee857843e68a9cbbbb3,2060.54,79.07,8.600262801,54000,54000
5924ab5d30a703d4e76553ecc02f275c5c28c8b1,3689.92,143.10,15.172724203,54000,54000
1e2fdc058ff930788a351f1fc2789fb33cc9face,4171.37,162.56,17.171087132,54000,54000
d4e2933e544ac07ef25928e5006b5871d0cc4788,2776.57,106.80,11.556344797,54000,54000
c3d20db236a742b31392e230142a520efea0f9b1,1745.33,66.95,7.274539411,54000,54000
af3b365ce83d48a871eb5d39ce416d2c8ea2d5f2,1717.39,65.78,7.151134870,54000,54000
430a503344bb246f7c6c92bc8b4131aea50d4a83,2377.81,91.39,9.925033771,54000,54000
2f5ee77beaaee8efb2188f2c8afa88b9dbbc0649,1959.89,75.26,8.168886284,54000,54000
2a91a49b1f4e2af391aa18269e1b2f3a5cd971d8,2468.06,95.16,10.281067995,54000,54000
43c895fa3415de42f12809ca638ec2a734afad80,2851.55,109.56,11.858464917,54000,54000
36dd0aa27d234fcf84784ee857843e68a9cbbbb3,2031.13,78.14,8.484883850,54000,54000
5924ab5d30a703d4e76553ecc02f275c5c28c8b1,3653.15,142.51,15.026737304,54000,54000
1e2fdc058ff930788a351f1fc2789fb33cc9face,4111.63,160.22,16.915264227,54000,54000
d4e2933e544ac07ef25928e5006b5871d0cc4788,2807.72,108.47,11.669838219,54000,54000
c3d20db236a742b31392e230142a520efea0f9b1,1755.27,67.11,7.331528327,54000,53000
af3b365ce83d48a871eb5d39ce416d2c8ea2d5f2,1673.04,63.87,6.962729088,53000,53000
430a503344bb246f7c6c92bc8b4131aea50d4a83,2367.08,90.78,9.877812296,53000,53000
2f5ee77beaaee8efb2188f2c8afa88b9dbbc0649,1952.45,74.78,8.134853469,54000,54000
2a91a49b1f4e2af391aa18269e1b2f3a5cd971d8,2448.16,94.10,10.196674991,54000,54000
43c895fa3415de42f12809ca638ec2a734afad80,2850.03,110.08,11.824204720,53000,54000
36dd0aa27d234fcf84784ee857843e68a9cbbbb3,2044.31,78.46,8.538205073,54000,54000
5924ab5d30a703d4e76553ecc02f275c5c28c8b1,3679.86,143.14,15.127531401,53000,54000
1e2fdc058ff930788a351f1fc2789fb33cc9face,4190.54,163.22,17.213978115,54000,54000
d4e2933e544ac07ef25928e5006b5871d0cc4788,2790.02,107.65,11.582035501,54000,54000
c3d20db236a742b31392e230142a520efea0f9b1,1748.72,66.83,7.293305191,54000,54000
af3b365ce83d48a871eb5d39ce416d2c8ea2d5f2,1685.99,64.30,7.001455154,53000,54000
430a503344bb246f7c6c92bc8b4131aea50d4a83,2334.30,89.35,9.728480146,54000,54000
2f5ee77beaaee8efb2188f2c8afa88b9dbbc0649,1958.11,75.13,8.146427783,54000,54000
2a91a49b1f4e2af391aa18269e1b2f3a5cd971d8,2501.40,95.96,10.412186107,54000,54000
43c895fa3415de42f12809ca638ec2a734afad80,2878.08,110.40,11.967466044,54000,53000
36dd0aa27d234fcf84784ee857843e68a9cbbbb3,2050.18,78.64,8.546147158,54000,54000
5924ab5d30a703d4e76553ecc02f275c5c28c8b1,3646.76,141.98,14.944712872,54000,54000
1e2fdc058ff930788a351f1fc2789fb33cc9face,4176.31,162.48,17.155065513,54000,54000
f5f991b88975524cdcc7215e4adc43df22a544b3,4160.74,162.24,17.169525178,54000,55000
26d44d80f74063f9108e8d75ab63f59118d9e07a,2323.51,89.64,9.733505994,55000,54000
d91f430d7579acfcef019b9eb68260acb0f407d6,2597.60,100.04,10.872827178,54000,54000
49b4a2f1711506fd9951713a32b455c2bf0eef11,2032.51,77.93,8.521780160,54000,54000
a3f9cf113c98e10d4b83b708946d184b93086bd8,3952.99,154.21,16.299315954,54000,55000
b7e766e2b41682e5448599f5460e685077a33e6f,2576.85,99.12,10.780137534,54000,55000
bf33070de5e289c9a5add68bd8e999cbe263b0a3,2054.23,78.65,8.582676687,55000,54000
0f6ff3c6228953d579281f8cb7174d7981eb1550,3559.74,139.03,14.655970009,55000,54000
aff79805b6aef9c084346c9ee3919f74331812fc,1751.64,67.40,7.308989248,55000,55000
bec5774375c56233303e20f40fbec85d56eb8338,2428.41,93.41,10.142481034,54000,56000
7902f19570a6a7e7921ee3098271b49a763a4d9d,3459.17,134.50,14.250280996,56000,54000
f5f991b88975524cdcc7215e4adc43df22a544b3,4141.22,161.01,17.023426779,55000,55000
26d44d80f74063f9108e8d75ab63f59118d9e07a,2338.19,89.60,9.764734373,55000,55000
d91f430d7579acfcef019b9eb68260acb0f407d6,2606.27,99.88,10.874028256,55000,55000
49b4a2f1711506fd9951713a32b455c2bf0eef11,2034.34,77.55,8.498521199,55000,54000
a3f9cf113c98e10d4b83b708946d184b93086bd8,3887.36,150.22,16.005938410,55000,54000
b7e766e2b41682e5448599f5460e685077a33e6f,2606.20,100.28,10.880758284,55000,54000
bf33070de5e289c9a5add68bd8e999cbe263b0a3,2053.37,78.75,8.568366199,54000,54000
0f6ff3c6228953d579281f8cb7174d7981eb1550,3487.26,136.22,14.333078632,55000,54000
aff79805b6aef9c084346c9ee3919f74331812fc,1740.90,66.56,7.270663938,55000,54000
bec5774375c56233303e20f40fbec85d56eb8338,2393.80,92.14,9.988288113,54000,54000
7902f19570a6a7e7921ee3098271b49a763a4d9d,3467.77,134.81,14.262652662,54000,54000
f5f991b88975524cdcc7215e4adc43df22a544b3,4200.93,163.65,17.299548917,54000,54000
26d44d80f74063f9108e8d75ab63f59118d9e07a,2333.25,89.93,9.739076013,54000,54000
d91f430d7579acfcef019b9eb68260acb0f407d6,2626.40,101.08,10.952439688,53000,54000
49b4a2f1711506fd9951713a32b455c2bf0eef11,2038.61,78.49,8.515205841,55000,55000
a3f9cf113c98e10d4b83b708946d184b93086bd8,3884.43,150.66,15.997132291,55000,54000
b7e766e2b41682e5448599f5460e685077a33e6f,2598.57,99.73,10.850990654,54000,54000
bf33070de5e289c9a5add68bd8e999cbe263b0a3,2056.60,78.82,8.585536132,54000,54000
0f6ff3c6228953d579281f8cb7174d7981eb1550,3498.20,135.35,14.409175568,54000,54000
aff79805b6aef9c084346c9ee3919f74331812fc,1770.98,67.87,7.392334286,54000,54000
bec5774375c56233303e20f40fbec85d56eb8338,2405.22,92.48,10.043351930,54000,54000
7902f19570a6a7e7921ee3098271b49a763a4d9d,3488.57,135.79,14.365892169,54000,54000
f5f991b88975524cdcc7215e4adc43df22a544b3,4157.96,161.62,17.115340559,54000,54000
26d44d80f74063f9108e8d75ab63f59118d9e07a,2373.57,91.25,9.905949352,54000,54000
d91f430d7579acfcef019b9eb68260acb0f407d6,2612.25,100.32,10.899953915,54000,54000
49b4a2f1711506fd9951713a32b455c2bf0eef11,2042.64,78.35,8.524739269,54000,54000
a3f9cf113c98e10d4b83b708946d184b93086bd8,3936.00,152.84,16.208894896,54000,54000
b7e766e2b41682e5448599f5460e685077a33e6f,2623.59,100.78,10.961006033,54000,54000
bf33070de5e289c9a5add68bd8e999cbe263b0a3,2054.80,78.53,8.571300287,54000,54000
0f6ff3c6228953d579281f8cb7174d7981eb1550,3479.10,135.60,14.302354440,54000,54000
aff79805b6aef9c084346c9ee3919f74331812fc,1743.93,66.55,7.274073127,54000,54000
bec5774375c56233303e20f40fbec85d56eb8338,2441.93,93.28,10.199417406,54000,54000
7902f19570a6a7e7921ee3098271b49a763a4d9d,3473.60,134.38,14.300974603,55000,54000
f5f991b88975524cdcc7215e4adc43df22a544b3,4148.28,160.86,17.076288035,56000,55000
26d44d80f74063f9108e8d75ab63f59118d9e07a,2364.67,91.09,9.863361488,54000,54000
d91f430d7579acfcef019b9eb68260acb0f407d6,2629.02,100.87,10.966653509,54000,54000
49b4a2f1711506fd9951713a32b455c2bf0eef11,2036.12,78.19,8.493796719,54000,54000
a3f9cf113c98e10d4b83b708946d184b93086bd8,3941.23,152.98,16.211122429,54000,54000
b7e766e2b41682e5448599f5460e685077a33e6f,2585.35,99.34,10.783874497,54000,54000
bf33070de5e289c9a5add68bd8e999cbe263b0a3,2067.58,78.92,8.640442983,54000,54000
0f6ff3c6228953d579281f8cb7174d7981eb1550,3475.86,135.19,14.296275351,54000,54000
aff79805b6aef9c084346c9ee3919f74331812fc,1749.67,66.94,7.316834156,54000,54000
bec5774375c56233303e20f40fbec85d56eb8338,2409.19,92.77,10.061487262,55000,54000
7902f19570a6a7e7921ee3098271b49a763a4d9d,3469.14,135.04,14.299650154,54000,54000
f5f991b88975524cdcc7215e4adc43df22a544b3,4138.34,161.56,16.997340691,55000,55000
26d44d80f74063f9108e8d75ab63f59118d9e07a,2343.56,90.10,9.777672834,54000,54000
d91f430d7579acfcef019b9eb68260acb0f407d6,2619.01,100.46,10.919209879,54000,54000
49b4a2f1711506fd9951713a32b455c2bf0eef11,2055.06,79.08,8.579107212,54000,54000
a3f9cf113c98e10d4b83b708946d184b93086bd8,3927.81,152.66,16.150048334,54000,54000
b7e766e2b41682e5448599f5460e685077a33e6f,2581.51,99.43,10.767729668,54000,54000
bf33070de5e289c9a5add68bd8e999cbe263b0a3,2057.38,78.91,8.593546313,54000,54000
0f6ff3c6228953d579281f8cb7174d7981eb1550,3473.17,135.34,14.307082878,53000,54000
aff79805b6aef9c084346c9ee3919f74331812fc,1736.60,66.60,7.249256955,54000,54000
bec5774375c56233303e20f40fbec85d56eb8338,2402.45,92.40,10.034963420,54000,54000
7902f19570a6a7e7921ee3098271b49a763a4d9d,3487.67,135.85,14.360061728,54000,54000
f5f991b88975524cdcc7215e4adc43df22a544b3,4147.26,161.33,17.066569908,54000,54000
26d44d80f74063f9108e8d75ab63f59118d9e07a,2381.41,91.74,9.942311187,54000,54000
d91f430d7579acfcef019b9eb68260acb0f407d6,2650.34,102.11,11.043548684,54000,54000
49b4a2f1711506fd9951713a32b455c2bf0eef11,2046.67,78.76,8.538218014,54000,54000
a3f9cf113c98e10d4b83b708946d184b93086bd8,3967.27,154.22,16.327608801,54000,54000
b7e766e2b41682e5448599f5460e685077a33e6f,2593.00,99.88,10.811244551,54000,54000
bf33070de5e289c9a5add68bd8e999cbe263b0a3,2032.74,77.73,8.482922432,55000,54000
0f6ff3c6228953d579281f8cb7174d7981eb1550,3516.33,137.04,14.439505106,54000,54000
aff79805b6aef9c084346c9ee3919f74331812fc,1751.01,66.95,7.294844182,54000,54000
bec5774375c56233303e20f40fbec85d56eb8338,2445.84,93.84,10.189692280,54000,55000
7902f19570a6a7e7921ee3098271b49a763a4d9d,3459.03,134.73,14.196451002,54000,54000
f5f991b88975524cdcc7215e4adc43df22a544b3,4160.29,161.48,17.092685505,54000,54000
26d44d80f74063f9108e8d75ab63f59118d9e07a,2350.34,90.41,9.790053452,55000,54000
d91f430d7579acfcef019b9eb68260acb0f407d6,2641.86,101.43,11.004814473,55000,55000
49b4a2f1711506fd9951713a32b455c2bf0eef11,2034.93,77.95,8.498748890,54000,54000
a3f9cf113c98e10d4b83b708946d184b93086bd8,3939.42,152.90,16.231115795,55000,55000
b7e766e2b41682e5448599f5460e685077a33e6f,2623.51,101.10,10.939953528,54000,54000
bf33070de5e289c9a5add68bd8e999cbe263b0a3,2052.15,78.71,8.560518701,55000,54000
0f6ff3c6228953d579281f8cb7174d7981eb1550,3478.02,135.39,14.298802415,54000,55000
aff79805b6aef9c084346c9ee3919f74331812fc,1750.32,66.82,7.302558566,54000,54000
bec5774375c56233303e20f40fbec85d56eb8338,2423.60,92.98,10.104680999,54000,54000
7902f19570a6a7e7921ee3098271b49a763a4d9d,3501.09,136.24,14.387558285,54000,54000
f5f991b88975524cdcc7215e4adc43df22a544b3,4145.20,161.57,17.045465641,55000,54000
26d44d80f74063f9108e8d75ab63f59118d9e07a,2341.19,89.86,9.771119668,54000,54000
d91f430d7579acfcef019b9eb68260acb0f407d6,2615.81,99.99,10.924839864,54000,54000
49b4a2f1711506fd9951713a32b455c2bf0eef11,2055.93,79.22,8.572632687,53000,54000
a3f9cf113c98e10d4b83b708946d184b93086bd8,3960.51,154.09,16.286727312,54000,54000
b7e766e2b41682e5448599f5460e685077a33e6f,2630.06,101.03,10.972199704,54000,54000
bf33070de5e289c9a5add68bd8e999cbe263b0a3,2082.64,79.84,8.691867111,55000,54000
0f6ff3c6228953d579281f8cb7174d7981eb1550,3476.54,135.42,14.291081833,54000,54000
aff79805b6aef9c084346c9ee3919f74331812fc,1745.31,66.92,7.266149726,54000,54000
bec5774375c56233303e20f40fbec85d56eb8338,2430.80,93.15,10.134279008,54000,55000
7902f19570a6a7e7921ee3098271b49a763a4d9d,3496.30,135.99,14.386827692,54000,53000
f5f991b88975524cdcc7215e4adc43df22a544b3,4116.52,159.94,16.934189350,54000,54000
26d44d80f74063f9108e8d75ab63f59118d9e07a,2334.16,89.93,9.727179963,54000,54000
d91f430d7579acfcef019b9eb68260acb0f407d6,2665.53,102.54,11.115286714,54000,54000
49b4a2f1711506fd9951713a32b455c2bf0eef11,2051.48,78.81,8.553545496,54000,54000
a3f9cf113c98e10d4b83b708946d184b93086bd8,3945.33,153.11,16.222694963,55000,54000
b7e766e2b41682e5448599f5460e685077a33e6f,2631.20,101.16,10.963205297,54000,54000
bf33070de5e289c9a5add68bd8e999cbe263b0a3,2053.44,78.59,8.562050769,54000,55000
0f6ff3c6228953d579281f8cb7174d7981eb1550,3478.16,135.65,14.284308749,54000,54000
aff79805b6aef9c084346c9ee3919f74331812fc,1737.38,66.35,7.240600376,54000,54000
bec5774375c56233303e20f40fbec85d56eb8338,2453.54,94.22,10.215724832,54000,54000
7902f19570a6a7e7921ee3098271b49a763a4d9d,3481.13,135.42,14.298606422,54000,54000
f5f991b88975524cdcc7215e4adc43df22a544b3,4126.27,160.45,16.954093836,54000,54000
26d44d80f74063f9108e8d75ab63f59118d9e07a,2366.34,91.15,9.863264710,54000,54000
d91f430d7579acfcef019b9eb68260acb0f407d6,2657.88,102.42,11.069593117,54000,54000
49b4a2f1711506fd9951713a32b455c2bf0eef11,2044.27,78.09,8.545145483,55000,54000
a3f9cf113c98e10d4b83b708946d184b93086bd8,3930.44,153.13,16.163114415,54000,54000
b7e766e2b41682e5448599f5460e685077a33e6f,2622.43,100.68,10.937679752,54000,54000
bf33070de5e289c9a5add68bd8e999cbe263b0a3,2058.60,78.82,8.590948032,54000,54000
0f6ff3c6228953d579281f8cb7174d7981eb1550,3518.78,136.58,14.479830060,54000,54000
aff79805b6aef9c084346c9ee3919f74331812fc,1740.82,66.65,7.260599278,54000,54000
bec5774375c56233303e20f40fbec85d56eb8338,2409.92,92.37,10.054164245,54000,54000
7902f19570a6a7e7921ee3098271b49a763a4d9d,3484.60,135.35,14.349661858,54000,54000
f5f991b88975524cdcc7215e4adc43df22a544b3,4169.00,162.53,17.138069956,54000,54000
26d44d80f74063f9108e8d75ab63f59118d9e07a,2322.08,89.55,9.681105305,54000,54000
d91f430d7579acfcef019b9eb68260acb0f407d6,2605.60,100.11,10.868242764,54000,54000
49b4a2f1711506fd9951713a32b455c2bf0eef11,2054.82,79.10,8.573297565,54000,55000
a3f9cf113c98e10d4b83b708946d184b93086bd8,3891.67,151.69,15.992453524,55000,54000
b7e766e2b41682e5448599f5460e685077a33e6f,2640.03,101.73,11.007724086,54000,55000
bf33070de5e289c9a5add68bd8e999cbe263b0a3,2062.78,79.21,8.609359106,54000,54000
0f6ff3c6228953d579281f8cb7174d7981eb1550,3490.42,136.24,14.370616342,54000,54000
aff79805b6aef9c084346c9ee3919f74331812fc,1749.28,67.19,7.296824119,54000,54000
bec5774375c56233303e20f40fbec85d56eb8338,2444.70,94.07,10.192503810,54000,54000
7902f19570a6a7e7921ee3098271b49a763a4d9d,3511.02,136.54,14.442031425,54000,54000
f5f991b88975524cdcc7215e4adc43df22a544b3,4104.03,160.30,16.880587753,54000,54000
26d44d80f74063f9108e8d75ab63f59118d9e07a,2353.18,90.54,9.821309211,54000,55000
d91f430d7579acfcef019b9eb68260acb0f407d6,2611.08,100.45,10.878426011,54000,54000
49b4a2f1711506fd9951713a32b455c2bf0eef11,2057.06,78.73,8.589169144,54000,55000
a3f9cf113c98e10d4b83b708946d184b93086bd8,3900.77,151.30,16.048684036,55000,54000
b7e766e2b41682e5448599f5460e685077a33e6f,2574.69,98.94,10.743507630,54000,54000
bf33070de5e289c9a5add68bd8e999cbe263b0a3,2074.27,79.55,8.650804964,53000,54000
0f6ff3c6228953d579281f8cb7174d7981eb1550,3495.12,135.97,14.368119005,54000,54000
aff79805b6aef9c084346c9ee3919f74331812fc,1754.52,67.11,7.323296959,53000,54000
bec5774375c56233303e20f40fbec85d56eb8338,2443.25,94.21,10.176500594,55000,54000
7902f19570a6a7e7921ee3098271b49a763a4d9d,3504.75,135.75,14.424464652,54000,54000
f5f991b88975524cdcc7215e4adc43df22a544b3,4178.18,162.33,17.177100576,54000,54000
26d44d80f74063f9108e8d75ab63f59118d9e07a,2340.63,90.10,9.751334846,55000,55000
d91f430d7579acfcef019b9eb68260acb0f407d6,2596.25,99.84,10.819025191,54000,54000
49b4a2f1711506fd9951713a32b455c2bf0eef11,2059.49,79.05,8.599215308,54000,54000
a3f9cf113c98e10d4b83b708946d184b93086bd8,3928.30,152.58,16.162499116,54000,54000
b7e766e2b41682e5448599f5460e685077a33e6f,2584.24,99.35,10.777122804,55000,55000
bf33070de5e289c9a5add68bd8e999cbe263b0a3,2073.80,79.52,8.650436345,54000,54000
0f6ff3c6228953d579281f8cb7174d7981eb1550,3472.12,135.31,14.276931662,53000,55000
aff79805b6aef9c084346c9ee3919f74331812fc,1740.89,66.43,7.258171575,54000,55000
bec5774375c56233303e20f40fbec85d56eb8338,2436.65,93.74,10.155887140,55000,54000
7902f19570a6a7e7921ee3098271b49a763a4d9d,3469.91,135.66,14.257225397,54000,55000
f5f991b88975524cdcc7215e4adc43df22a544b3,4190.28,163.43,17.213317730,54000,54000
26d44d80f74063f9108e8d75ab63f59118d9e07a,2357.74,90.82,9.825507320,54000,54000
d91f430d7579acfcef019b9eb68260acb0f407d6,2644.47,101.82,11.010946951,54000,54000
49b4a2f1711506fd9951713a32b455c2bf0eef11,2045.75,78.77,8.525875005,54000,54000
a3f9cf113c98e10d4b83b708946d184b93086bd8,3910.66,152.79,16.054862559,54000,54000
b7e766e2b41682e5448599f5460e685077a33e6f,2614.72,100.04,10.925315442,54000,54000
bf33070de5e289c9a5add68bd8e999cbe263b0a3,2039.35,78.23,8.511461573,54000,55000
0f6ff3c6228953d579281f8cb7174d7981eb1550,3487.08,136.13,14.331821474,54000,54000
aff79805b6aef9c084346c9ee3919f74331812fc,1751.01,67.01,7.301742682,54000,54000
bec5774375c56233303e20f40fbec85d56eb8338,2408.58,92.36,10.047184392,53000,54000
7902f19570a6a7e7921ee3098271b49a763a4d9d,3459.66,134.80,14.207349960,54000,54000
f5f991b88975524cdcc7215e4adc43df22a544b3,4209.42,163.68,17.306853837,54000,54000
26d44d80f74063f9108e8d75ab63f59118d9e07a,2354.83,89.98,9.839449373,54000,54000
d91f430d7579acfcef019b9eb68260acb0f407d6,2627.78,100.68,10.957199738,54000,54000
49b4a2f1711506fd9951713a32b455c2bf0eef11,2029.74,77.43,8.479907114,55000,55000
a3f9cf113c98e10d4b83b708946d184b93086bd8,3910.89,151.73,16.090340574,54000,54000
b7e766e2b41682e5448599f5460e685077a33e6f,2616.68,100.45,10.909565618,54000,54000
bf33070de5e289c9a5add68bd8e999cbe263b0a3,2068.66,79.01,8.632774584,54000,54000
0f6ff3c6228953d579281f8cb7174d7981eb1550,3499.42,136.39,14.370626653,54000,55000
aff79805b6aef9c084346c9ee3919f74331812fc,1773.95,67.97,7.389089683,54000,54000
bec5774375c56233303e20f40fbec85d56eb8338,2411.83,92.54,10.051424411,54000,55000
7902f19570a6a7e7921ee3098271b49a763a4d9d,3517.65,136.72,14.464210850,54000,54000
f5f991b88975524cdcc7215e4adc43df22a544b3,4208.65,163.02,17.335989621,54000,55000
26d44d80f74063f9108e8d75ab63f59118d9e07a,2307.74,88.17,9.643375613,55000,55000
d91f430d7579acfcef019b9eb68260acb0f407d6,2610.72,100.38,10.885189625,55000,54000
49b4a2f1711506fd9951713a32b455c2bf0eef11,2036.84,78.22,8.492475540,54000,54000
a3f9cf113c98e10d4b83b708946d184b93086bd8,3932.36,153.01,16.172793537,55000,54000
b7e766e2b41682e5448599f5460e685077a33e6f,2596.93,99.71,10.837571858,56000,55000
bf33070de5e289c9a5add68bd8e999cbe263b0a3,2062.77,78.89,8.610773908,55000,54000
0f6ff3c6228953d579281f8cb7174d7981eb1550,3500.45,135.74,14.407065010,55000,54000
aff79805b6aef9c084346c9ee3919f74331812fc,1737.23,66.59,7.242518833,54000,54000
bec5774375c56233303e20f40fbec85d56eb8338,2426.50,93.07,10.121652152,55000,54000
7902f19570a6a7e7921ee3098271b49a763a4d9d,3484.67,135.78,14.343930575,56000,54000
f5f991b88975524cdcc7215e4adc43df22a544b3,4118.15,160.20,16.936176677,54000,54000
26d44d80f74063f9108e8d75ab63f59118d9e07a,2385.09,91.49,9.945046270,54000,54000
d91f430d7579acfcef019b9eb68260acb0f407d6,2592.14,99.23,10.799883140,54000,55000
49b4a2f1711506fd9951713a32b455c2bf0eef11,2031.64,77.21,8.497763913,54000,54000
a3f9cf113c98e10d4b83b708946d184b93086bd8,3891.22,150.91,16.007426649,54000,54000
b7e766e2b41682e5448599f5460e685077a33e6f,2638.57,100.71,11.024641658,54000,54000
bf33070de5e289c9a5add68bd8e999cbe263b0a3,2064.63,78.95,8.613924734,54000,53000
0f6ff3c6228953d579281f8cb7174d7981eb1550,3507.84,136.29,14.431434763,54000,54000
aff79805b6aef9c084346c9ee3919f74331812fc,1731.57,66.09,7.224525048,54000,55000
bec5774375c56233303e20f40fbec85d56eb8338,2435.12,93.24,10.168293351,54000,54000
7902f19570a6a7e7921ee3098271b49a763a4d9d,3479.49,134.83,14.338792041,54000,54000
f5f991b88975524cdcc7215e4adc43df22a544b3,4136.61,160.55,17.028778492,54000,53000
26d44d80f74063f9108e8d75ab63f59118d9e07a,2365.58,90.93,9.865327350,54000,54000
d91f430d7579acfcef019b9eb68260acb0f407d6,2606.98,100.09,10.871526181,54000,54000
49b4a2f1711506fd9951713a32b455c2bf0eef11,2058.98,78.90,8.585169765,54000,54000
a3f9cf113c98e10d4b83b708946d184b93086bd8,3941.01,152.95,16.197994733,55000,54000
b7e766e2b41682e5448599f5460e685077a33e6f,2589.42,99.12,10.802621778,54000,54000
bf33070de5e289c9a5add68bd8e999cbe263b0a3,2068.81,78.81,8.633879195,54000,54000
0f6ff3c6228953d579281f8cb7174d7981eb1550,3504.11,135.90,14.407116987,54000,54000
aff79805b6aef9c084346c9ee3919f74331812fc,1740.59,66.54,7.255561413,54000,55000
bec5774375c56233303e20f40fbec85d56eb8338,2416.59,92.64,10.071078759,55000,54000
7902f19570a6a7e7921ee3098271b49a763a4d9d,3481.02,134.67,14.318032897,54000,54000
f5f991b88975524cdcc7215e4adc43df22a544b3,4112.67,159.58,16.917163518,54000,54000
26d44d80f74063f9108e8d75ab63f59118d9e07a,2367.24,90.92,9.867951164,54000,54000
d91f430d7579acfcef019b9eb68260acb0f407d6,2589.02,99.35,10.798194469,54000,55000
49b4a2f1711506fd9951713a32b455c2bf0eef11,2051.82,78.91,8.559175256,54000,54000
a3f9cf113c98e10d4b83b708946d184b93086bd8,3949.13,153.31,16.253781276,54000,54000
b7e766e2b41682e5448599f5460e685077a33e6f,2615.01,100.34,10.916630757,54000,54000
bf33070de5e289c9a5add68bd8e999cbe263b0a3,2077.28,79.50,8.669789912,55000,54000
0f6ff3c6228953d579281f8cb7174d7981eb1550,3486.68,136.20,14.344068994,54000,54000
aff79805b6aef9c084346c9ee3919f74331812fc,1759.78,67.20,7.348489697,54000,54000
bec5774375c56233303e20f40fbec85d56eb8338,2442.17,93.88,10.188495929,53000,54000
7902f19570a6a7e7921ee3098271b49a763a4d9d,3479.36,135.40,14.336003083,54000,54000
f5f991b88975524cdcc7215e4adc43df22a544b3,4133.88,160.02,17.034773987,54000,55000
26d44d80f74063f9108e8d75ab63f59118d9e07a,2331.94,89.61,9.731080069,54000,54000
d91f430d7579acfcef019b9eb68260acb0f407d6,2632.19,101.31,10.984990749,55000,54000
49b4a2f1711506fd9951713a32b455c2bf0eef11,2058.42,78.94,8.585909113,54000,54000
a3f9cf113c98e10d4b83b708946d184b93086bd8,3911.10,152.48,16.064049621,54000,54000
b7e766e2b41682e5448599f5460e685077a33e6f,2590.87,99.34,10.803975185,53000,54000
bf33070de5e289c9a5add68bd8e999cbe263b0a3,2104.16,80.33,8.785819098,54000,54000
0f6ff3c6228953d579281f8cb7174d7981eb1550,3507.01,136.14,14.411525755,54000,54000
aff79805b6aef9c084346c9ee3919f74331812fc,1750.77,66.85,7.306711312,54000,54000
bec5774375c56233303e20f40fbec85d56eb8338,2413.82,92.32,10.068995955,54000,54000
7902f19570a6a7e7921ee3098271b49a763a4d9d,3490.09,134.83,14.364203824,54000,54000
f5f991b88975524cdcc7215e4adc43df22a544b3,4140.92,161.06,16.997688823,54000,54000
26d44d80f74063f9108e8d75ab63f59118d9e07a,2342.32,89.68,9.764436526,54000,54000
d91f430d7579acfcef019b9eb68260acb0f407d6,2612.05,100.07,10.881689455,54000,54000
49b4a2f1711506fd9951713a32b455c2bf0eef11,2043.91,78.15,8.515675791,54000,54000
a3f9cf113c98e10d4b83b708946d184b93086bd8,3913.56,151.83,16.063864379,54000,54000
b7e766e2b41682e5448599f5460e685077a33e6f,2618.77,100.29,10.911731667,54000,54000
bf33070de5e289c9a5add68bd8e999cbe263b0a3,2082.10,79.22,8.690591498,54000,54000
0f6ff3c6228953d579281f8cb7174d7981eb1550,3467.05,134.20,14.256607161,54000,54000
aff79805b6aef9c084346c9ee3919f74331812fc,1756.45,67.11,7.314308183,54000,54000
bec5774375c56233303e20f40fbec85d56eb8338,2405.46,92.26,10.026841159,55000,54000
7902f19570a6a7e7921ee3098271b49a763a4d9d,3467.22,134.91,14.247935134,54000,54000
f5f991b88975524cdcc7215e4adc43df22a544b3,4104.40,158.87,16.848518004,54000,54000
26d44d80f74063f9108e8d75ab63f59118d9e07a,2340.35,89.28,9.775651093,54000,54000
d91f430d7579acfcef019b9eb68260acb0f407d6,2646.25,100.82,11.045435460,54000,54000
49b4a2f1711506fd9951713a32b455c2bf0eef11,2012.72,77.07,8.389281436,54000,54000
a3f9cf113c98e10d4b83b708946d184b93086bd8,3992.95,155.18,16.399802365,54000,54000
b7e766e2b41682e5448599f5460e685077a33e6f,2600.13,99.58,10.847963986,54000,54000
bf33070de5e289c9a5add68bd8e999cbe263b0a3,2046.91,78.19,8.543788429,54000,54000
0f6ff3c6228953d579281f8cb7174d7981eb1550,3477.15,134.63,14.330018093,54000,54000
aff79805b6aef9c084346c9ee3919f74331812fc,1746.47,66.79,7.286428874,54000,54000
bec5774375c56233303e20f40fbec85d56eb8338,2434.58,93.39,10.148594538,54000,54000
7902f19570a6a7e7921ee3098271b49a763a4d9d,3464.78,134.54,14.238816129,54000,54000
f5f991b88975524cdcc7215e4adc43df22a544b3,4165.42,161.91,17.138321709,54000,54000
26d44d80f74063f9108e8d75ab63f59118d9e07a,2354.68,90.23,9.827586737,54000,54000
d91f430d7579acfcef019b9eb68260acb0f407d6,2587.29,99.26,10.793278502,54000,54000
49b4a2f1711506fd9951713a32b455c2bf0eef11,2034.50,77.95,8.487000241,54000,54000
a3f9cf113c98e10d4b83b708946d184b93086bd8,3910.57,152.25,16.072706330,54000,54000
b7e766e2b41682e5448599f5460e685077a33e6f,2617.36,100.63,10.917318582,54000,54000
bf33070de5e289c9a5add68bd8e999cbe263b0a3,2061.48,78.90,8.600971111,54000,54000
0f6ff3c6228953d579281f8cb7174d7981eb1550,3480.93,135.43,14.304332053,54000,54000
aff79805b6aef9c084346c9ee3919f74331812fc,1747.69,66.59,7.295120041,54000,55000
bec5774375c56233303e20f40fbec85d56eb8338,2410.87,92.56,10.057891209,54000,54000
7902f19570a6a7e7921ee3098271b49a763a4d9d,3454.51,133.61,14.217198864,54000,54000
f5f991b88975524cdcc7215e4adc43df22a544b3,4164.09,161.05,17.118571941,54000,54000
26d44d80f74063f9108e8d75ab63f59118d9e07a,2320.64,88.77,9.685058549,54000,54000
d91f430d7579acfcef019b9eb68260acb0f407d6,2591.88,99.24,10.802071931,54000,54000
49b4a2f1711506fd9951713a32b455c2bf0eef11,2047.17,78.33,8.529807462,54000,54000
a3f9cf113c98e10d4b83b708946d184b93086bd8,3913.73,151.13,16.102545306,54000,54000
b7e766e2b41682e5448599f5460e685077a33e6f,2590.88,99.18,10.792422675,54000,54000
bf33070de5e289c9a5add68bd8e999cbe263b0a3,2061.10,78.62,8.591243806,55000,54000
0f6ff3c6228953d579281f8cb7174d7981eb1550,3466.25,134.17,14.253907950,54000,54000
aff79805b6aef9c084346c9ee3919f74331812fc,1743.68,66.50,7.263243205,55000,55000
bec5774375c56233303e20f40fbec85d56eb8338,2403.36,91.99,10.012118987,54000,54000
7902f19570a6a7e7921ee3098271b49a763a4d9d,3469.80,134.74,14.233244453,54000,54000
f5f991b88975524cdcc7215e4adc43df22a544b3,4124.90,160.24,16.929474813,54000,54000
26d44d80f74063f9108e8d75ab63f59118d9e07a,2328.78,88.99,9.720321513,54000,54000
d91f430d7579acfcef019b9eb68260acb0f407d6,2625.39,100.39,10.933446891,54000,54000
49b4a2f1711506fd9951713a32b455c2bf0eef11,2044.16,77.91,8.529910103,54000,54000
a3f9cf113c98e10d4b83b708946d184b93086bd8,3895.75,150.72,16.027069894,55000,54000
b7e766e2b41682e5448599f5460e685077a33e6f,2597.03,99.47,10.822714064,54000,54000
bf33070de5e289c9a5add68bd8e999cbe263b0a3,2058.35,78.58,8.590661284,54000,54000
0f6ff3c6228953d579281f8cb7174d7981eb1550,3516.52,137.32,14.434749845,54000,54000
aff79805b6aef9c084346c9ee3919f74331812fc,1738.02,66.24,7.248691162,54000,54000
bec5774375c56233303e20f40fbec85d56eb8338,2412.61,92.53,10.055370230,54000,54000
7902f19570a6a7e7921ee3098271b49a763a4d9d,3509.74,135.85,14.447096417,55000,56000
f5f991b88975524cdcc7215e4adc43df22a544b3,4131.56,160.03,17.003610016,54000,54000
26d44d80f74063f9108e8d75ab63f59118d9e07a,2324.69,89.05,9.688483087,54000,54000
d91f430d7579acfcef019b9eb68260acb0f407d6,2585.32,99.07,10.776164382,55000,54000
49b4a2f1711506fd9951713a32b455c2bf0eef11,2045.09,78.24,8.526317600,54000,54000
a3f9cf113c98e10d4b83b708946d184b93086bd8,3876.17,150.00,15.954027478,54000,55000
b7e766e2b41682e5448599f5460e685077a33e6f,2620.46,100.35,10.943392980,54000,54000
bf33070de5e289c9a5add68bd8e999cbe263b0a3,2059.82,78.83,8.585846295,54000,54000
0f6ff3c6228953d579281f8cb7174d7981eb1550,3486.26,135.44,14.309752703,54000,54000
aff79805b6aef9c084346c9ee3919f74331812fc,1752.01,66.76,7.310252057,54000,54000
bec5774375c56233303e20f40fbec85d56eb8338,2455.75,93.83,10.232483478,54000,55000
7902f19570a6a7e7921ee3098271b49a763a4d9d,3463.96,134.11,14.257957853,55000,55000
f5f991b88975524cdcc7215e4adc43df22a544b3,4181.73,162.43,17.181944669,55000,54000
26d44d80f74063f9108e8d75ab63f59118d9e07a,2349.59,89.52,9.808378652,54000,54000
d91f430d7579acfcef019b9eb68260acb0f407d6,2597.52,99.47,10.821387715,54000,54000
49b4a2f1711506fd9951713a32b455c2bf0eef11,2057.78,78.65,8.573622800,54000,55000
a3f9cf113c98e10d4b83b708946d184b93086bd8,3933.01,151.87,16.167709258,54000,54000
b7e766e2b41682e5448599f5460e685077a33e6f,2596.37,99.12,10.828277353,54000,54000
bf33070de5e289c9a5add68bd8e999cbe263b0a3,2071.75,79.01,8.638514032,54000,54000
0f6ff3c6228953d579281f8cb7174d7981eb1550,3474.56,135.00,14.259102535,54000,54000
aff79805b6aef9c084346c9ee3919f74331812fc,1742.88,66.36,7.261788960,55000,54000
bec5774375c56233303e20f40fbec85d56eb8338,2453.06,93.99,10.202539771,55000,55000
7902f19570a6a7e7921ee3098271b49a763a4d9d,3476.46,134.88,14.267979464,54000,54000
f5f991b88975524cdcc7215e4adc43df22a544b3,4190.28,162.42,17.219280814,54000,54000
26d44d80f74063f9108e8d75ab63f59118d9e07a,2433.36,93.48,10.149163247,54000,54000
d91f430d7579acfcef019b9eb68260acb0f407d6,2647.63,101.47,11.025181775,54000,54000
49b4a2f1711506fd9951713a32b455c2bf0eef11,2032.22,77.80,8.470953134,54000,54000
a3f9cf113c98e10d4b83b708946d184b93086bd8,3937.26,152.67,16.183001548,54000,54000
b7e766e2b41682e5448599f5460e685077a33e6f,2599.08,99.59,10.828708027,54000,54000
bf33070de5e289c9a5add68bd8e999cbe263b0a3,2059.06,78.68,8.582242339,54000,54000
0f6ff3c6228953d579281f8cb7174d7981eb1550,3490.79,135.97,14.329049641,54000,55000
aff79805b6aef9c084346c9ee3919f74331812fc,1745.20,66.46,7.276772341,54000,54000
bec5774375c56233303e20f40fbec85d56eb8338,2436.33,93.28,10.152101687,54000,54000
7902f19570a6a7e7921ee3098271b49a763a4d9d,3477.61,135.45,14.287679074,54000,54000
f5f991b88975524cdcc7215e4adc43df22a544b3,4124.82,160.55,16.940489265,54000,54000
26d44d80f74063f9108e8d75ab63f59118d9e07a,2338.74,89.58,9.745027553,54000,54000
d91f430d7579acfcef019b9eb68260acb0f407d6,2589.37,98.81,10.815105532,54000,54000
49b4a2f1711506fd9951713a32b455c2bf0eef11,2045.94,78.46,8.532942127,54000,54000
a3f9cf113c98e10d4b83b708946d184b93086bd8,3895.94,151.22,16.011602514,54000,54000
b7e766e2b41682e5448599f5460e685077a33e6f,2585.65,99.08,10.781599343,54000,54000
bf33070de5e289c9a5add68bd8e999cbe263b0a3,2074.67,79.24,8.666464539,54000,54000
0f6ff3c6228953d579281f8cb7174d7981eb1550,3498.89,135.84,14.391604723,54000,54000
aff79805b6aef9c084346c9ee3919f74331812fc,1773.37,67.59,7.403693698,54000,54000
bec5774375c56233303e20f40fbec85d56eb8338,2425.90,92.69,10.114923252,54000,54000
7902f19570a6a7e7921ee3098271b49a763a4d9d,3454.97,133.58,14.230012825,55000,54000
f0202484806ff039cb7ffbd24cfd3da58480c009,2799.56,108.35,11.684167507,55000,55000
5dfcfa32342d25916d3712b4cc266de9ff92d15f,3671.78,143.18,15.127278711,55000,55000
e2fa99cd07c127f7d6961e59297048ca43ff5a5b,2020.86,77.77,8.476692336,55000,54000
3abedf1be6ab61d0fce27ff1db450ad9b825aa04,2606.19,100.71,10.905981451,55000,56000
4c17117f108d48d074a3b77a68d56441fdf8e431,1972.70,76.08,8.257521916,56000,55000
06fd8a19e7bc3edd525dd092d6fc2ff936b80cc1,3877.60,150.59,16.039619717,55000,54000
ef7c3ac40f0185461476caced0247f2eed00bd7a,3653.70,142.54,15.054307222,54000,55000
81a58361771a9b862f52851d0dd091c69bd54a12,1954.92,75.47,8.176390497,55000,55000
8adbbf742bf35dafbea0f8ac8424305cd902eb7d,2828.43,109.10,11.790610531,54000,54000
6597754504bf59340bc0593bca23d4ae70d2c203,2148.58,82.80,8.985475638,54000,55000
f0202484806ff039cb7ffbd24cfd3da58480c009,2806.49,108.08,11.700617534,55000,54000
5dfcfa32342d25916d3712b4cc266de9ff92d15f,3697.92,144.39,15.224553241,55000,56000
e2fa99cd07c127f7d6961e59297048ca43ff5a5b,2058.02,78.57,8.614321544,55000,56000
3abedf1be6ab61d0fce27ff1db450ad9b825aa04,2599.60,100.06,10.867281046,54000,54000
4c17117f108d48d074a3b77a68d56441fdf8e431,1952.23,74.88,8.155738003,55000,54000
06fd8a19e7bc3edd525dd092d6fc2ff936b80cc1,3936.34,153.34,16.233817726,55000,55000
ef7c3ac40f0185461476caced0247f2eed00bd7a,3665.42,142.40,15.076511546,54000,54000
81a58361771a9b862f52851d0dd091c69bd54a12,1958.51,75.11,8.163163916,54000,55000
8adbbf742bf35dafbea0f8ac8424305cd902eb7d,2841.15,109.37,11.814430942,54000,54000
6597754504bf59340bc0593bca23d4ae70d2c203,2142.66,82.54,8.942951756,54000,54000
f0202484806ff039cb7ffbd24cfd3da58480c009,2780.89,106.47,11.582965309,55000,54000
5dfcfa32342d25916d3712b4cc266de9ff92d15f,3660.60,142.52,15.020244755,54000,54000
e2fa99cd07c127f7d6961e59297048ca43ff5a5b,2032.15,77.82,8.485770554,54000,55000
3abedf1be6ab61d0fce27ff1db450ad9b825aa04,2608.67,100.03,10.889696909,54000,54000
4c17117f108d48d074a3b77a68d56441fdf8e431,1963.30,75.45,8.175182478,54000,54000
06fd8a19e7bc3edd525dd092d6fc2ff936b80cc1,3936.18,153.19,16.221655939,54000,54000
ef7c3ac40f0185461476caced0247f2eed00bd7a,3704.23,144.12,15.203247505,54000,54000
81a58361771a9b862f52851d0dd091c69bd54a12,1961.71,75.32,8.169400599,54000,54000
8adbbf742bf35dafbea0f8ac8424305cd902eb7d,2853.75,109.57,11.861922871,54000,54000
6597754504bf59340bc0593bca23d4ae70d2c203,2148.96,82.08,8.985847307,54000,54000
f0202484806ff039cb7ffbd24cfd3da58480c009,2805.13,108.30,11.666829186,55000,54000
5dfcfa32342d25916d3712b4cc266de9ff92d15f,3713.59,144.81,15.266507658,54000,54000
e2fa99cd07c127f7d6961e59297048ca43ff5a5b,2043.90,78.56,8.536694925,54000,54000
3abedf1be6ab61d0fce27ff1db450ad9b825aa04,2576.57,99.17,10.757145895,54000,54000
4c17117f108d48d074a3b77a68d56441fdf8e431,1982.13,76.21,8.269327298,55000,54000
06fd8a19e7bc3edd525dd092d6fc2ff936b80cc1,3919.21,152.31,16.153706375,54000,54000
ef7c3ac40f0185461476caced0247f2eed00bd7a,3676.66,142.83,15.109975864,54000,54000
81a58361771a9b862f52851d0dd091c69bd54a12,1955.13,74.94,8.156923597,54000,54000
8adbbf742bf35dafbea0f8ac8424305cd902eb7d,2832.87,109.49,11.774819548,54000,54000
6597754504bf59340bc0593bca23d4ae70d2c203,2128.48,81.54,8.886380759,54000,54000
f0202484806ff039cb7ffbd24cfd3da58480c009,2814.51,109.02,11.711413520,54000,54000
5dfcfa32342d25916d3712b4cc266de9ff92d15f,3697.28,143.65,15.220362273,54000,54000
e2fa99cd07c127f7d6961e59297048ca43ff5a5b,2017.78,77.28,8.428208974,54000,54000
3abedf1be6ab61d0fce27ff1db450ad9b825aa04,2607.65,100.35,10.881136909,54000,54000
4c17117f108d48d074a3b77a68d56441fdf8e431,1976.47,75.67,8.257483472,54000,54000
06fd8a19e7bc3edd525dd092d6fc2ff936b80cc1,3934.17,153.22,16.234617671,54000,54000
ef7c3ac40f0185461476caced0247f2eed00bd7a,3703.78,144.07,15.229874349,54000,54000
81a58361771a9b862f52851d0dd091c69bd54a12,1976.30,76.02,8.238044613,54000,54000
8adbbf742bf35dafbea0f8ac8424305cd902eb7d,2855.47,109.64,11.872781173,54000,54000
6597754504bf59340bc0593bca23d4ae70d2c203,2148.58,82.30,8.969464301,54000,54000
f0202484806ff039cb7ffbd24cfd3da58480c009,2802.07,108.29,11.646047120,55000,54000
5dfcfa32342d25916d3712b4cc266de9ff92d15f,3707.66,143.98,15.234335776,53000,54000
e2fa99cd07c127f7d6961e59297048ca43ff5a5b,2028.04,77.18,8.489278534,54000,54000
3abedf1be6ab61d0fce27ff1db450ad9b825aa04,2594.25,99.63,10.824602145,54000,54000
4c17117f108d48d074a3b77a68d56441fdf8e431,1952.96,74.89,8.142303097,54000,54000
06fd8a19e7bc3edd525dd092d6fc2ff936b80cc1,3902.66,150.93,16.096083166,55000,54000
ef7c3ac40f0185461476caced0247f2eed00bd7a,3677.80,142.66,15.120704763,54000,54000
81a58361771a9b862f52851d0dd091c69bd54a12,1964.70,75.23,8.182111207,54000,54000
8adbbf742bf35dafbea0f8ac8424305cd902eb7d,2842.00,109.31,11.806438347,54000,54000
6597754504bf59340bc0593bca23d4ae70d2c203,2131.27,81.54,8.886938488,55000,54000
f0202484806ff039cb7ffbd24cfd3da58480c009,2797.89,107.49,11.627467050,54000,54000
5dfcfa32342d25916d3712b4cc266de9ff92d15f,3651.15,141.51,15.004789632,54000,54000
e2fa99cd07c127f7d6961e59297048ca43ff5a5b,2018.14,77.13,8.418853934,54000,54000
3abedf1be6ab61d0fce27ff1db450ad9b825aa04,2610.38,100.15,10.882677636,54000,54000
4c17117f108d48d074a3b77a68d56441fdf8e431,1956.64,75.07,8.151819730,54000,54000
06fd8a19e7bc3edd525dd092d6fc2ff936b80cc1,3908.72,151.80,16.075597112,54000,54000
ef7c3ac40f0185461476caced0247f2eed00bd7a,3663.89,142.47,15.036935583,54000,54000
81a58361771a9b862f52851d0dd091c69bd54a12,1950.03,74.71,8.110694726,55000,54000
8adbbf742bf35dafbea0f8ac8424305cd902eb7d,2858.57,109.91,11.881582228,54000,55000
6597754504bf59340bc0593bca23d4ae70d2c203,2139.29,81.56,8.937915324,55000,55000
f0202484806ff039cb7ffbd24cfd3da58480c009,2788.34,106.75,11.615611021,55000,54000
5dfcfa32342d25916d3712b4cc266de9ff92d15f,3696.99,143.93,15.185452665,54000,54000
e2fa99cd07c127f7d6961e59297048ca43ff5a5b,2030.25,77.64,8.484646530,55000,54000
3abedf1be6ab61d0fce27ff1db450ad9b825aa04,2630.65,101.19,10.975187766,54000,54000
4c17117f108d48d074a3b77a68d56441fdf8e431,1961.57,74.89,8.190816307,54000,54000
06fd8a19e7bc3edd525dd092d6fc2ff936b80cc1,3870.52,149.43,15.950703008,54000,54000
ef7c3ac40f0185461476caced0247f2eed00bd7a,3694.40,143.07,15.189961214,54000,54000
81a58361771a9b862f52851d0dd091c69bd54a12,1954.25,74.85,8.142074205,54000,54000
8adbbf742bf35dafbea0f8ac8424305cd902eb7d,2845.65,109.71,11.821223433,54000,54000
6597754504bf59340bc0593bca23d4ae70d2c203,2133.08,81.68,8.891376906,54000,54000
f0202484806ff039cb7ffbd24cfd3da58480c009,2783.95,106.63,11.602876078,54000,54000
5dfcfa32342d25916d3712b4cc266de9ff92d15f,3672.70,142.84,15.096271062,54000,54000
e2fa99cd07c127f7d6961e59297048ca43ff5a5b,2036.34,78.15,8.502644285,54000,55000
3abedf1be6ab61d0fce27ff1db450ad9b825aa04,2617.06,100.20,10.936336329,54000,54000
4c17117f108d48d074a3b77a68d56441fdf8e431,1975.21,75.40,8.251205995,55000,54000
06fd8a19e7bc3edd525dd092d6fc2ff936b80cc1,3959.27,154.00,16.307018585,54000,54000
ef7c3ac40f0185461476caced0247f2eed00bd7a,3673.08,142.23,15.094808145,54000,54000
81a58361771a9b862f52851d0dd091c69bd54a12,1961.86,75.22,8.167331411,54000,54000
8adbbf742bf35dafbea0f8ac8424305cd902eb7d,2851.37,109.28,11.854497162,54000,54000
6597754504bf59340bc0593bca23d4ae70d2c203,2126.36,81.00,8.872424501,54000,54000
f0202484806ff039cb7ffbd24cfd3da58480c009,2773.63,105.93,11.543576847,55000,54000
5dfcfa32342d25916d3712b4cc266de9ff92d15f,3708.12,143.14,15.252829765,54000,55000
e2fa99cd07c127f7d6961e59297048ca43ff5a5b,2014.21,76.91,8.410693178,54000,54000
3abedf1be6ab61d0fce27ff1db450ad9b825aa04,2613.07,100.04,10.886664651,54000,54000
4c17117f108d48d074a3b77a68d56441fdf8e431,1978.26,75.74,8.238472063,55000,55000
06fd8a19e7bc3edd525dd092d6fc2ff936b80cc1,3897.24,150.53,16.044768660,54000,54000
ef7c3ac40f0185461476caced0247f2eed00bd7a,3678.34,142.67,15.091804938,55000,54000
81a58361771a9b862f52851d0dd091c69bd54a12,1959.55,74.80,8.156875013,54000,55000
8adbbf742bf35dafbea0f8ac8424305cd902eb7d,2854.88,109.93,11.838774304,55000,54000
6597754504bf59340bc0593bca23d4ae70d2c203,2131.21,81.62,8.885454475,54000,54000
f0202484806ff039cb7ffbd24cfd3da58480c009,2808.21,108.17,11.672587222,54000,54000
5dfcfa32342d25916d3712b4cc266de9ff92d15f,3666.15,142.38,15.045349517,54000,54000
e2fa99cd07c127f7d6961e59297048ca43ff5a5b,2024.82,77.46,8.455945710,55000,54000
3abedf1be6ab61d0fce27ff1db450ad9b825aa04,2574.80,98.82,10.735856013,54000,54000
4c17117f108d48d074a3b77a68d56441fdf8e431,1952.57,74.84,8.127729204,54000,54000
06fd8a19e7bc3edd525dd092d6fc2ff936b80cc1,3920.94,152.13,16.124420858,55000,55000
ef7c3ac40f0185461476caced0247f2eed00bd7a,3700.42,143.30,15.197252352,54000,54000
81a58361771a9b862f52851d0dd091c69bd54a12,1954.39,74.98,8.127632724,54000,54000
8adbbf742bf35dafbea0f8ac8424305cd902eb7d,2842.86,108.98,11.819266107,54000,55000
6597754504bf59340bc0593bca23d4ae70d2c203,2132.15,81.29,8.902853991,54000,54000
f0202484806ff039cb7ffbd24cfd3da58480c009,2785.39,106.82,11.586557896,54000,54000
5dfcfa32342d25916d3712b4cc266de9ff92d15f,3726.36,145.01,15.309250744,54000,54000
e2fa99cd07c127f7d6961e59297048ca43ff5a5b,2051.46,78.49,8.567879946,54000,54000
3abedf1be6ab61d0fce27ff1db450ad9b825aa04,2629.92,100.93,10.958802667,54000,54000
4c17117f108d48d074a3b77a68d56441fdf8e431,1964.47,75.18,8.200914361,54000,54000
06fd8a19e7bc3edd525dd092d6fc2ff936b80cc1,3912.76,151.38,16.109171251,54000,54000
ef7c3ac40f0185461476caced0247f2eed00bd7a,3638.10,141.45,14.937301458,54000,54000
81a58361771a9b862f52851d0dd091c69bd54a12,1954.56,75.04,8.133016907,54000,54000
8adbbf742bf35dafbea0f8ac8424305cd902eb7d,2849.77,109.23,11.839316626,54000,54000
6597754504bf59340bc0593bca23d4ae70d2c203,2125.93,81.27,8.867705185,55000,54000
f0202484806ff039cb7ffbd24cfd3da58480c009,2809.97,107.65,11.689655464,54000,55000
5dfcfa32342d25916d3712b4cc266de9ff92d15f,3688.26,143.11,15.128424115,54000,54000
e2fa99cd07c127f7d6961e59297048ca43ff5a5b,2023.45,77.25,8.445653920,54000,54000
3abedf1be6ab61d0fce27ff1db450ad9b825aa04,2580.90,99.06,10.751250024,54000,54000
4c17117f108d48d074a3b77a68d56441fdf8e431,1975.89,75.88,8.223555291,54000,54000
06fd8a19e7bc3edd525dd092d6fc2ff936b80cc1,3898.52,151.03,16.023662159,54000,54000
ef7c3ac40f0185461476caced0247f2eed00bd7a,3694.25,143.68,15.166923032,54000,55000
81a58361771a9b862f52851d0dd091c69bd54a12,1955.92,74.75,8.137297644,55000,55000
8adbbf742bf35dafbea0f8ac8424305cd902eb7d,2878.99,110.26,11.967051582,55000,54000
6597754504bf59340bc0593bca23d4ae70d2c203,2133.18,81.76,8.891897739,54000,55000
f0202484806ff039cb7ffbd24cfd3da58480c009,2771.29,106.08,11.548968578,54000,54000
5dfcfa32342d25916d3712b4cc266de9ff92d15f,3692.25,143.40,15.153050202,54000,55000
e2fa99cd07c127f7d6961e59297048ca43ff5a5b,2026.98,77.64,8.461587373,55000,55000
3abedf1be6ab61d0fce27ff1db450ad9b825aa04,2607.06,100.19,10.867038558,55000,54000
4c17117f108d48d074a3b77a68d56441fdf8e431,1958.24,74.82,8.169645066,54000,54000
06fd8a19e7bc3edd525dd092d6fc2ff936b80cc1,3985.73,155.04,16.401736235,55000,54000
ef7c3ac40f0185461476caced0247f2eed00bd7a,3643.00,141.67,14.969821543,54000,54000
81a58361771a9b862f52851d0dd091c69bd54a12,1972.53,75.75,8.220586620,55000,55000
8adbbf742bf35dafbea0f8ac8424305cd902eb7d,2836.13,109.66,11.777777403,54000,54000
6597754504bf59340bc0593bca23d4ae70d2c203,2123.93,81.59,8.866148199,54000,54000
f0202484806ff039cb7ffbd24cfd3da58480c009,2800.23,107.80,11.645753693,55000,54000
5dfcfa32342d25916d3712b4cc266de9ff92d15f,3672.29,143.31,15.056135903,54000,54000
e2fa99cd07c127f7d6961e59297048ca43ff5a5b,2033.84,77.91,8.488673814,54000,54000
3abedf1be6ab61d0fce27ff1db450ad9b825aa04,2580.88,98.93,10.762130546,55000,54000
4c17117f108d48d074a3b77a68d56441fdf8e431,1963.40,75.22,8.180518900,54000,54000
06fd8a19e7bc3edd525dd092d6fc2ff936b80cc1,3972.10,153.77,16.365235552,54000,54000
ef7c3ac40f0185461476caced0247f2eed00bd7a,3686.64,143.23,15.127695978,54000,54000
81a58361771a9b862f52851d0dd091c69bd54a12,1967.64,75.11,8.202208645,54000,54000
8adbbf742bf35dafbea0f8ac8424305cd902eb7d,2851.96,109.85,11.834574427,54000,54000
6597754504bf59340bc0593bca23d4ae70d2c203,2146.14,82.42,8.940129069,54000,54000
f0202484806ff039cb7ffbd24cfd3da58480c009,2769.67,106.48,11.517771196,54000,55000
5dfcfa32342d25916d3712b4cc266de9ff92d15f,3687.41,143.52,15.137512039,54000,54000
e2fa99cd07c127f7d6961e59297048ca43ff5a5b,2037.91,77.92,8.495525831,54000,54000
3abedf1be6ab61d0fce27ff1db450ad9b825aa04,2571.88,98.55,10.712172460,54000,54000
4c17117f108d48d074a3b77a68d56441fdf8e431,1984.69,75.90,8.277055450,54000,54000
06fd8a19e7bc3edd525dd092d6fc2ff936b80cc1,3928.07,151.94,16.164497093,54000,55000
ef7c3ac40f0185461476caced0247f2eed00bd7a,3720.02,144.44,15.277755953,54000,54000
81a58361771a9b862f52851d0dd091c69bd54a12,1959.78,74.78,8.163973550,54000,54000
8adbbf742bf35dafbea0f8ac8424305cd902eb7d,2836.61,109.28,11.763782133,54000,54000
6597754504bf59340bc0593bca23d4ae70d2c203,2148.89,82.11,8.953674060,54000,54000
f0202484806ff039cb7ffbd24cfd3da58480c009,2843.26,108.92,11.833406242,54000,54000
5dfcfa32342d25916d3712b4cc266de9ff92d15f,3691.53,143.36,15.168222684,55000,54000
e2fa99cd07c127f7d6961e59297048ca43ff5a5b,2046.08,78.05,8.545368792,55000,54000
3abedf1be6ab61d0fce27ff1db450ad9b825aa04,2623.95,100.84,10.930383549,54000,54000
4c17117f108d48d074a3b77a68d56441fdf8e431,1967.29,75.57,8.194425356,54000,54000
06fd8a19e7bc3edd525dd092d6fc2ff936b80cc1,3919.38,151.76,16.132325997,54000,54000
ef7c3ac40f0185461476caced0247f2eed00bd7a,3670.64,142.91,15.065588391,54000,55000
81a58361771a9b862f52851d0dd091c69bd54a12,1960.88,75.33,8.158152289,54000,54000
8adbbf742bf35dafbea0f8ac8424305cd902eb7d,2832.46,108.60,11.774277504,55000,53000
6597754504bf59340bc0593bca23d4ae70d2c203,2132.65,81.68,8.892689127,54000,54000
f0202484806ff039cb7ffbd24cfd3da58480c009,2805.43,107.21,11.672296004,54000,54000
5dfcfa32342d25916d3712b4cc266de9ff92d15f,3709.08,144.28,15.241073274,54000,54000
e2fa99cd07c127f7d6961e59297048ca43ff5a5b,2031.93,77.95,8.469276639,54000,54000
3abedf1be6ab61d0fce27ff1db450ad9b825aa04,2593.27,99.19,10.805828813,54000,54000
4c17117f108d48d074a3b77a68d56441fdf8e431,1972.56,75.42,8.216281234,54000,54000
06fd8a19e7bc3edd525dd092d6fc2ff936b80cc1,3900.65,151.77,16.024947378,54000,54000
ef7c3ac40f0185461476caced0247f2eed00bd7a,3686.45,143.49,15.120338096,54000,54000
81a58361771a9b862f52851d0dd091c69bd54a12,1974.15,75.23,8.233148145,54000,55000
8adbbf742bf35dafbea0f8ac8424305cd902eb7d,2875.06,110.33,11.946819007,54000,55000
6597754504bf59340bc0593bca23d4ae70d2c203,2136.11,81.83,8.900712764,54000,54000
f0202484806ff039cb7ffbd24cfd3da58480c009,2803.84,107.36,11.655533657,55000,54000
5dfcfa32342d25916d3712b4cc266de9ff92d15f,3659.96,141.82,15.027877616,54000,54000
e2fa99cd07c127f7d6961e59297048ca43ff5a5b,2045.72,78.25,8.532224468,54000,54000
3abedf1be6ab61d0fce27ff1db450ad9b825aa04,2611.21,100.17,10.872531647,54000,54000
4c17117f108d48d074a3b77a68d56441fdf8e431,1974.13,75.21,8.233756642,54000,54000
06fd8a19e7bc3edd525dd092d6fc2ff936b80cc1,3959.97,154.01,16.281533754,54000,55000
ef7c3ac40f0185461476caced0247f2eed00bd7a,3719.21,144.38,15.258408778,54000,54000
81a58361771a9b862f52851d0dd091c69bd54a12,1948.14,74.55,8.103531243,54000,54000
8adbbf742bf35dafbea0f8ac8424305cd902eb7d,2837.28,108.68,11.780660752,54000,54000
6597754504bf59340bc0593bca23d4ae70d2c203,2133.83,81.38,8.896867414,54000,54000
f0202484806ff039cb7ffbd24cfd3da58480c009,2806.61,107.40,11.660365975,54000,54000
5dfcfa32342d25916d3712b4cc266de9ff92d15f,3679.80,142.29,15.090086895,54000,54000
e2fa99cd07c127f7d6961e59297048ca43ff5a5b,2044.53,78.10,8.516048968,55000,54000
3abedf1be6ab61d0fce27ff1db450ad9b825aa04,2598.73,99.26,10.820724911,54000,54000
4c17117f108d48d074a3b77a68d56441fdf8e431,1959.29,75.05,8.152748137,54000,54000
06fd8a19e7bc3edd525dd092d6fc2ff936b80cc1,3943.78,153.08,16.196860926,54000,54000
ef7c3ac40f0185461476caced0247f2eed00bd7a,3707.54,143.95,15.211280435,54000,54000
81a58361771a9b862f52851d0dd091c69bd54a12,1960.71,75.03,8.148458428,54000,54000
8adbbf742bf35dafbea0f8ac8424305cd902eb7d,2848.74,109.10,11.843821962,55000,54000
6597754504bf59340bc0593bca23d4ae70d2c203,2117.82,81.02,8.825569891,54000,54000
f0202484806ff039cb7ffbd24cfd3da58480c009,2788.07,106.72,11.614663440,54000,54000
5dfcfa32342d25916d3712b4cc266de9ff92d15f,3647.01,141.18,15.012859039,54000,54000
e2fa99cd07c127f7d6961e59297048ca43ff5a5b,2027.72,77.14,8.482494867,55000,54000
3abedf1be6ab61d0fce27ff1db450ad9b825aa04,2619.86,100.49,10.932007539,54000,55000
4c17117f108d48d074a3b77a68d56441fdf8e431,1954.72,74.46,8.164067516,54000,54000
06fd8a19e7bc3edd525dd092d6fc2ff936b80cc1,3932.22,152.34,16.196761844,54000,54000
ef7c3ac40f0185461476caced0247f2eed00bd7a,3663.55,141.65,15.068781538,55000,54000
81a58361771a9b862f52851d0dd091c69bd54a12,1957.22,74.96,8.147366899,54000,55000
8adbbf742bf35dafbea0f8ac8424305cd902eb7d,2838.61,108.82,11.793674382,54000,55000
6597754504bf59340bc0593bca23d4ae70d2c203,2170.50,82.98,9.059107810,54000,54000
f0202484806ff039cb7ffbd24cfd3da58480c009,2829.50,108.89,11.765774076,54000,54000
5dfcfa32342d25916d3712b4cc266de9ff92d15f,3666.31,142.54,15.043767272,54000,54000
e2fa99cd07c127f7d6961e59297048ca43ff5a5b,2042.46,78.39,8.518890986,54000,54000
3abedf1be6ab61d0fce27ff1db450ad9b825aa04,2615.77,100.46,10.894612516,54000,54000
4c17117f108d48d074a3b77a68d56441fdf8e431,1968.26,75.44,8.194507928,54000,54000
06fd8a19e7bc3edd525dd092d6fc2ff936b80cc1,3985.17,154.52,16.403420088,55000,54000
ef7c3ac40f0185461476caced0247f2eed00bd7a,3644.91,141.68,14.928638642,55000,54000
81a58361771a9b862f52851d0dd091c69bd54a12,1965.20,75.20,8.174855837,54000,54000
8adbbf742bf35dafbea0f8ac8424305cd902eb7d,2851.73,109.79,11.818848027,54000,55000
6597754504bf59340bc0593bca23d4ae70d2c203,2136.68,81.76,8.901698941,55000,54000
f0202484806ff039cb7ffbd24cfd3da58480c009,2828.33,108.43,11.761916178,54000,54000
5dfcfa32342d25916d3712b4cc266de9ff92d15f,3666.16,141.75,15.057723339,54000,55000
e2fa99cd07c127f7d6961e59297048ca43ff5a5b,2047.45,78.05,8.538372328,54000,54000
3abedf1be6ab61d0fce27ff1db450ad9b825aa04,2621.59,100.22,10.918035547,54000,54000
4c17117f108d48d074a3b77a68d56441fdf8e431,1967.38,75.42,8.188449925,54000,54000
06fd8a19e7bc3edd525dd092d6fc2ff936b80cc1,3959.31,153.40,16.279852451,54000,56000
ef7c3ac40f0185461476caced0247f2eed00bd7a,3641.04,140.73,14.941469406,54000,54000
81a58361771a9b862f52851d0dd091c69bd54a12,1961.77,74.76,8.168913607,54000,54000
8adbbf742bf35dafbea0f8ac8424305cd902eb7d,2848.27,109.25,11.814945882,54000,54000
6597754504bf59340bc0593bca23d4ae70d2c203,2149.39,82.30,8.942716373,54000,54000
f0202484806ff039cb7ffbd24cfd3da58480c009,2793.83,107.05,11.617902831,54000,54000
5dfcfa32342d25916d3712b4cc266de9ff92d15f,3679.57,142.66,15.119934388,54000,55000
e2fa99cd07c127f7d6961e59297048ca43ff5a5b,2043.21,77.74,8.541472408,55000,54000
3abedf1be6ab61d0fce27ff1db450ad9b825aa04,2592.50,99.37,10.808206058,54000,54000
4c17117f108d48d074a3b77a68d56441fdf8e431,1954.52,74.91,8.143238163,54000,54000
06fd8a19e7bc3edd525dd092d6fc2ff936b80cc1,3898.75,151.39,16.049177728,54000,54000
ef7c3ac40f0185461476caced0247f2eed00bd7a,3671.99,142.73,15.074611603,54000,54000
81a58361771a9b862f52851d0dd091c69bd54a12,1976.28,75.68,8.238633542,54000,54000
8adbbf742bf35dafbea0f8ac8424305cd902eb7d,2842.27,109.42,11.801589740,54000,54000
6597754504bf59340bc0593bca23d4ae70d2c203,2137.26,81.78,8.913423530,55000,54000
f0202484806ff039cb7ffbd24cfd3da58480c009,2801.62,107.74,11.640008291,54000,55000
5dfcfa32342d25916d3712b4cc266de9ff92d15f,3657.83,142.32,15.005355862,54000,54000
e2fa99cd07c127f7d6961e59297048ca43ff5a5b,2019.92,77.00,8.425947275,54000,54000
3abedf1be6ab61d0fce27ff1db450ad9b825aa04,2628.99,100.87,10.936049742,54000,54000
4c17117f108d48d074a3b77a68d56441fdf8e431,1961.83,75.01,8.167457153,54000,54000
06fd8a19e7bc3edd525dd092d6fc2ff936b80cc1,3923.22,151.84,16.139486952,54000,54000
ef7c3ac40f0185461476caced0247f2eed00bd7a,3660.40,141.55,15.028390699,54000,54000
81a58361771a9b862f52851d0dd091c69bd54a12,1962.43,75.03,8.156689889,55000,54000
8adbbf742bf35dafbea0f8ac8424305cd902eb7d,2857.87,109.90,11.835313965,55000,54000
6597754504bf59340bc0593bca23d4ae70d2c203,2148.40,82.17,8.933567103,54000,54000
f0202484806ff039cb7ffbd24cfd3da58480c009,2808.53,107.28,11.671568534,54000,54000
5dfcfa32342d25916d3712b4cc266de9ff92d15f,3679.09,142.73,15.063955050,54000,54000
e2fa99cd07c127f7d6961e59297048ca43ff5a5b,2047.50,78.01,8.528321699,54000,54000
3abedf1be6ab61d0fce27ff1db450ad9b825aa04,2582.84,98.58,10.753473658,54000,54000
4c17117f108d48d074a3b77a68d56441fdf8e431,1967.69,74.91,8.204840914,54000,54000
06fd8a19e7bc3edd525dd092d6fc2ff936b80cc1,3982.27,153.63,16.398160355,54000,54000
ef7c3ac40f0185461476caced0247f2eed00bd7a,3689.71,143.25,15.108858969,54000,54000
81a58361771a9b862f52851d0dd091c69bd54a12,1959.75,74.70,8.152386976,54000,54000
8adbbf742bf35dafbea0f8ac8424305cd902eb7d,2853.68,109.70,11.822047890,54000,54000
6597754504bf59340bc0593bca23d4ae70d2c203,2147.94,82.07,8.943088285,54000,54000
f0202484806ff039cb7ffbd24cfd3da58480c009,2802.91,107.10,11.670338791,54000,54000
5dfcfa32342d25916d3712b4cc266de9ff92d15f,3680.14,142.09,15.119358367,54000,54000
e2fa99cd07c127f7d6961e59297048ca43ff5a5b,2034.53,77.56,8.484219511,54000,54000
3abedf1be6ab61d0fce27ff1db450ad9b825aa04,2681.34,102.87,11.180489211,54000,54000
4c17117f108d48d074a3b77a68d56441fdf8e431,1962.78,75.19,8.170294989,54000,54000
06fd8a19e7bc3edd525dd092d6fc2ff936b80cc1,3948.94,152.82,16.244546830,54000,54000
ef7c3ac40f0185461476caced0247f2eed00bd7a,3650.40,141.35,14.972111036,54000,54000
81a58361771a9b862f52851d0dd091c69bd54a12,1970.70,75.46,8.200618319,54000,54000
8adbbf742bf35dafbea0f8ac8424305cd902eb7d,2850.01,109.13,11.842928304,54000,55000
6597754504bf59340bc0593bca23d4ae70d2c203,2125.16,81.04,8.870562237,54000,54000
f0202484806ff039cb7ffbd24cfd3da58480c009,2789.01,107.20,11.591871157,54000,55000
5dfcfa32342d25916d3712b4cc266de9ff92d15f,3694.33,143.93,15.144328957,55000,54000
e2fa99cd07c127f7d6961e59297048ca43ff5a5b,2036.46,78.12,8.492601729,54000,54000
3abedf1be6ab61d0fce27ff1db450ad9b825aa04,2594.85,99.69,10.809445647,54000,54000
4c17117f108d48d074a3b77a68d56441fdf8e431,1965.66,75.41,8.179693206,54000,54000
06fd8a19e7bc3edd525dd092d6fc2ff936b80cc1,3936.55,152.81,16.159446053,54000,54000
ef7c3ac40f0185461476caced0247f2eed00bd7a,3666.32,142.11,15.033280122,54000,54000
81a58361771a9b862f52851d0dd091c69bd54a12,1968.21,75.15,8.204748449,54000,54000
8adbbf742bf35dafbea0f8ac8424305cd902eb7d,2856.33,109.58,11.846003319,54000,54000
6597754504bf59340bc0593bca23d4ae70d2c203,2151.38,82.33,8.946831842,54000,54000
f0202484806ff039cb7ffbd24cfd3da58480c009,2808.86,107.95,11.649587514,54000,54000
5dfcfa32342d25916d3712b4cc266de9ff92d15f,3658.62,141.87,14.993489606,54000,55000
e2fa99cd07c127f7d6961e59297048ca43ff5a5b,2028.97,77.59,8.450384147,54000,54000
3abedf1be6ab61d0fce27ff1db450ad9b825aa04,2625.19,100.48,10.910688570,54000,54000
4c17117f108d48d074a3b77a68d56441fdf8e431,1970.30,75.16,8.212146469,54000,54000
06fd8a19e7bc3edd525dd092d6fc2ff936b80cc1,3922.46,151.86,16.098500928,54000,54000
ef7c3ac40f0185461476caced0247f2eed00bd7a,3672.99,142.40,15.066295046,54000,54000
81a58361771a9b862f52851d0dd091c69bd54a12,1956.60,74.76,8.140953471,54000,54000
8adbbf742bf35dafbea0f8ac8424305cd902eb7d,2826.35,108.32,11.737856196,54000,54000
6597754504bf59340bc0593bca23d4ae70d2c203,2148.13,82.31,8.944741669,54000,54000
f0202484806ff039cb7ffbd24cfd3da58480c009,2795.16,106.80,11.641342951,54000,54000
5dfcfa32342d25916d3712b4cc266de9ff92d15f,3680.58,143.18,15.092547858,54000,54000
e2fa99cd07c127f7d6961e59297048ca43ff5a5b,2039.06,78.01,8.499722860,54000,54000
3abedf1be6ab61d0fce27ff1db450ad9b825aa04,2618.59,100.65,10.906362052,55000,54000
4c17117f108d48d074a3b77a68d56441fdf8e431,1965.28,75.45,8.177483239,54000,54000
06fd8a19e7bc3edd525dd092d6fc2ff936b80cc1,3885.26,150.13,15.987063032,54000,54000
ef7c3ac40f0185461476caced0247f2eed00bd7a,3689.02,143.27,15.129494762,53000,54000
81a58361771a9b862f52851d0dd091c69bd54a12,1961.11,75.20,8.156199317,54000,54000
8adbbf742bf35dafbea0f8ac8424305cd902eb7d,2832.83,108.69,11.779213759,54000,54000
6597754504bf59340bc0593bca23d4ae70d2c203,2142.26,81.83,8.939929239,54000,54000
5a5698a4b384af0b63c2d1a601a626252a15f9cb,3927.39,152.98,16.176056980,54000,54000
86473c1406473daeadda8b2ce384f49b8e00fa18,2048.68,78.81,8.562455569,54000,54000
c99b1830f301bbd0a72bbd0ebd68ac70a2fad90c,1538.15,58.92,6.403347080,54000,55000
663d69abce341623323a4513b6cd4e8dd9e9d7c9,2840.21,109.23,11.821636981,54000,54000
5a5698a4b384af0b63c2d1a601a626252a15f9cb,3921.66,152.56,16.159761962,55000,54000
86473c1406473daeadda8b2ce384f49b8e00fa18,2044.20,78.03,8.540899765,55000,54000
c99b1830f301bbd0a72bbd0ebd68ac70a2fad90c,1541.40,58.96,6.408791886,54000,55000
663d69abce341623323a4513b6cd4e8dd9e9d7c9,2839.20,109.45,11.803722999,54000,54000
5a5698a4b384af0b63c2d1a601a626252a15f9cb,3895.13,151.75,16.014993189,54000,54000
86473c1406473daeadda8b2ce384f49b8e00fa18,2070.47,79.10,8.642053270,55000,55000
c99b1830f301bbd0a72bbd0ebd68ac70a2fad90c,1554.50,59.33,6.457504353,54000,55000
663d69abce341623323a4513b6cd4e8dd9e9d7c9,2828.27,108.39,11.754192937,54000,55000
5a5698a4b384af0b63c2d1a601a626252a15f9cb,3940.75,153.56,16.196903661,55000,55000
86473c1406473daeadda8b2ce384f49b8e00fa18,2046.23,77.92,8.550415049,54000,54000
c99b1830f301bbd0a72bbd0ebd68ac70a2fad90c,1556.54,59.36,6.470531941,55000,55000
663d69abce341623323a4513b6cd4e8dd9e9d7c9,2853.03,109.52,11.863547584,54000,54000
5a5698a4b384af0b63c2d1a601a626252a15f9cb,3923.56,152.33,16.147283433,55000,55000
86473c1406473daeadda8b2ce384f49b8e00fa18,2047.96,78.43,8.549459861,54000,54000
c99b1830f301bbd0a72bbd0ebd68ac70a2fad90c,1549.19,59.30,6.431466168,54000,54000
663d69abce341623323a4513b6cd4e8dd9e9d7c9,2826.76,109.18,11.740373751,54000,55000
5a5698a4b384af0b63c2d1a601a626252a15f9cb,3915.38,152.89,16.089335426,54000,54000
86473c1406473daeadda8b2ce384f49b8e00fa18,2052.57,78.64,8.565209042,54000,54000
c99b1830f301bbd0a72bbd0ebd68ac70a2fad90c,1548.37,59.09,6.436157506,54000,54000
663d69abce341623323a4513b6cd4e8dd9e9d7c9,2819.88,108.48,11.718455952,54000,55000
5a5698a4b384af0b63c2d1a601a626252a15f9cb,3925.26,152.26,16.159084320,55000,54000
86473c1406473daeadda8b2ce384f49b8e00fa18,2061.91,78.79,8.615915434,54000,55000
c99b1830f301bbd0a72bbd0ebd68ac70a2fad90c,1547.52,59.22,6.435285898,54000,55000
663d69abce341623323a4513b6cd4e8dd9e9d7c9,2823.49,108.55,11.741544480,54000,54000
5a5698a4b384af0b63c2d1a601a626252a15f9cb,3903.64,151.18,16.085890119,55000,54000
86473c1406473daeadda8b2ce384f49b8e00fa18,2047.07,78.27,8.553117194,54000,54000
c99b1830f301bbd0a72bbd0ebd68ac70a2fad90c,1535.18,58.52,6.387018866,54000,54000
663d69abce341623323a4513b6cd4e8dd9e9d7c9,2822.73,108.81,11.733673833,54000,54000
5a5698a4b384af0b63c2d1a601a626252a15f9cb,3919.76,152.20,16.122839799,54000,54000
86473c1406473daeadda8b2ce384f49b8e00fa18,2050.71,78.55,8.556826026,54000,54000
c99b1830f301bbd0a72bbd0ebd68ac70a2fad90c,1552.76,59.40,6.449201170,54000,55000
663d69abce341623323a4513b6cd4e8dd9e9d7c9,2849.25,109.08,11.854666691,54000,54000
5a5698a4b384af0b63c2d1a601a626252a15f9cb,3883.36,150.35,15.969907886,54000,55000
86473c1406473daeadda8b2ce384f49b8e00fa18,2054.39,78.56,8.575559054,55000,54000
c99b1830f301bbd0a72bbd0ebd68ac70a2fad90c,1552.79,59.05,6.454804319,54000,54000
663d69abce341623323a4513b6cd4e8dd9e9d7c9,2826.52,108.46,11.749523590,54000,55000
5a5698a4b384af0b63c2d1a601a626252a15f9cb,3911.78,151.65,16.101419884,54000,54000
86473c1406473daeadda8b2ce384f49b8e00fa18,2065.02,78.71,8.623351650,54000,54000
c99b1830f301bbd0a72bbd0ebd68ac70a2fad90c,1566.02,59.80,6.508037817,54000,54000
663d69abce341623323a4513b6cd4e8dd9e9d7c9,2835.89,108.49,11.783031876,55000,55000
5a5698a4b384af0b63c2d1a601a626252a15f9cb,3926.03,151.88,16.140794322,54000,55000
86473c1406473daeadda8b2ce384f49b8e00fa18,2066.56,78.88,8.622270756,54000,54000
c99b1830f301bbd0a72bbd0ebd68ac70a2fad90c,1533.76,58.47,6.369248059,54000,54000
663d69abce341623323a4513b6cd4e8dd9e9d7c9,2866.65,110.02,11.912780265,54000,54000
5a5698a4b384af0b63c2d1a601a626252a15f9cb,3868.65,149.54,15.929851267,54000,54000
86473c1406473daeadda8b2ce384f49b8e00fa18,2077.40,79.18,8.673149713,55000,54000
c99b1830f301bbd0a72bbd0ebd68ac70a2fad90c,1545.23,59.01,6.421781674,54000,54000
663d69abce341623323a4513b6cd4e8dd9e9d7c9,2835.95,108.91,11.786540865,54000,54000
5a5698a4b384af0b63c2d1a601a626252a15f9cb,3930.37,152.21,16.178456948,54000,54000
86473c1406473daeadda8b2ce384f49b8e00fa18,2048.68,78.39,8.550428633,55000,54000
c99b1830f301bbd0a72bbd0ebd68ac70a2fad90c,1542.29,58.97,6.409233368,54000,55000
663d69abce341623323a4513b6cd4e8dd9e9d7c9,2820.12,108.84,11.717173310,54000,55000
5a5698a4b384af0b63c2d1a601a626252a15f9cb,3900.76,151.16,16.046766423,54000,55000
86473c1406473daeadda8b2ce384f49b8e00fa18,2051.72,78.77,8.556970262,54000,54000
c99b1830f301bbd0a72bbd0ebd68ac70a2fad90c,1551.52,59.31,6.445467418,54000,53000
663d69abce341623323a4513b6cd4e8dd9e9d7c9,2861.17,109.55,11.919184689,54000,54000
5a5698a4b384af0b63c2d1a601a626252a15f9cb,3958.87,153.56,16.298676172,54000,54000
86473c1406473daeadda8b2ce384f49b8e00fa18,2071.46,79.02,8.651584361,54000,54000
c99b1830f301bbd0a72bbd0ebd68ac70a2fad90c,1542.71,58.94,6.414423225,54000,54000
663d69abce341623323a4513b6cd4e8dd9e9d7c9,2849.76,109.42,11.855038637,54000,54000
5a5698a4b384af0b63c2d1a601a626252a15f9cb,3901.26,151.48,16.048577587,54000,55000
86473c1406473daeadda8b2ce384f49b8e00fa18,2106.15,80.56,8.798082215,54000,54000
c99b1830f301bbd0a72bbd0ebd68ac70a2fad90c,1559.60,59.48,6.484008719,54000,54000
663d69abce341623323a4513b6cd4e8dd9e9d7c9,2826.16,108.27,11.761524504,54000,54000
5a5698a4b384af0b63c2d1a601a626252a15f9cb,3909.43,151.38,16.075043736,54000,54000
86473c1406473daeadda8b2ce384f49b8e00fa18,2048.72,78.08,8.551469523,54000,54000
c99b1830f301bbd0a72bbd0ebd68ac70a2fad90c,1545.83,59.04,6.424973882,54000,54000
663d69abce341623323a4513b6cd4e8dd9e9d7c9,2848.04,109.36,11.833064545,54000,54000
5a5698a4b384af0b63c2d1a601a626252a15f9cb,3884.92,150.31,15.981798781,54000,54000
86473c1406473daeadda8b2ce384f49b8e00fa18,2041.03,77.78,8.522101361,55000,55000
c99b1830f301bbd0a72bbd0ebd68ac70a2fad90c,1554.47,59.46,6.448385356,54000,54000
663d69abce341623323a4513b6cd4e8dd9e9d7c9,2836.45,109.30,11.778028305,54000,54000
5a5698a4b384af0b63c2d1a601a626252a15f9cb,3879.68,150.17,15.971842295,54000,54000
86473c1406473daeadda8b2ce384f49b8e00fa18,2047.13,78.03,8.538729409,54000,54000
c99b1830f301bbd0a72bbd0ebd68ac70a2fad90c,1539.90,58.60,6.394323811,55000,54000
663d69abce341623323a4513b6cd4e8dd9e9d7c9,2828.44,108.09,11.745819804,54000,55000
5a5698a4b384af0b63c2d1a601a626252a15f9cb,3955.42,153.88,16.264055317,54000,55000
86473c1406473daeadda8b2ce384f49b8e00fa18,2060.54,78.64,8.587645087,55000,54000
c99b1830f301bbd0a72bbd0ebd68ac70a2fad90c,1552.14,59.10,6.441565077,54000,54000
663d69abce341623323a4513b6cd4e8dd9e9d7c9,2829.45,108.07,11.771774063,54000,54000
5a5698a4b384af0b63c2d1a601a626252a15f9cb,3925.09,152.92,16.123794306,54000,55000
86473c1406473daeadda8b2ce384f49b8e00fa18,2064.17,78.75,8.619198296,55000,54000
c99b1830f301bbd0a72bbd0ebd68ac70a2fad90c,1546.33,59.07,6.427177813,55000,54000
663d69abce341623323a4513b6cd4e8dd9e9d7c9,2829.40,108.60,11.752309182,54000,54000
5a5698a4b384af0b63c2d1a601a626252a15f9cb,3926.69,152.68,16.127723605,54000,54000
86473c1406473daeadda8b2ce384f49b8e00fa18,2048.22,77.96,8.551881165,54000,54000
c99b1830f301bbd0a72bbd0ebd68ac70a2fad90c,1568.50,59.65,6.519202200,54000,54000
663d69abce341623323a4513b6cd4e8dd9e9d7c9,2846.82,108.89,11.841854804,54000,54000
5a5698a4b384af0b63c2d1a601a626252a15f9cb,3896.65,150.92,16.028809298,54000,54000
86473c1406473daeadda8b2ce384f49b8e00fa18,2071.08,79.00,8.649119977,54000,55000
c99b1830f301bbd0a72bbd0ebd68ac70a2fad90c,1546.48,58.86,6.431071569,54000,54000
663d69abce341623323a4513b6cd4e8dd9e9d7c9,2820.22,108.93,11.715861421,54000,54000
5a5698a4b384af0b63c2d1a601a626252a15f9cb,3881.89,150.30,15.975724740,54000,54000
86473c1406473daeadda8b2ce384f49b8e00fa18,2048.07,78.23,8.551124923,54000,54000
c99b1830f301bbd0a72bbd0ebd68ac70a2fad90c,1547.64,59.13,6.438949975,54000,54000
663d69abce341623323a4513b6cd4e8dd9e9d7c9,2815.26,107.96,11.713900392,54000,54000
5a5698a4b384af0b63c2d1a601a626252a15f9cb,3913.43,151.54,16.092824296,54000,54000
86473c1406473daeadda8b2ce384f49b8e00fa18,2042.29,77.91,8.533510493,54000,54000
c99b1830f301bbd0a72bbd0ebd68ac70a2fad90c,1542.49,58.72,6.412905161,54000,54000
663d69abce341623323a4513b6cd4e8dd9e9d7c9,2829.38,108.38,11.763484021,54000,54000
5a5698a4b384af0b63c2d1a601a626252a15f9cb,3877.01,150.14,15.963072226,54000,54000
86473c1406473daeadda8b2ce384f49b8e00fa18,2050.16,78.26,8.560228780,54000,55000
c99b1830f301bbd0a72bbd0ebd68ac70a2fad90c,1544.93,58.99,6.425495720,54000,54000
663d69abce341623323a4513b6cd4e8dd9e9d7c9,2818.69,108.21,11.721656074,54000,54000
5a5698a4b384af0b63c2d1a601a626252a15f9cb,3951.95,153.43,16.276456913,54000,55000
86473c1406473daeadda8b2ce384f49b8e00fa18,2055.30,78.81,8.575142178,54000,54000
c99b1830f301bbd0a72bbd0ebd68ac70a2fad90c,1548.18,58.91,6.442327322,54000,54000
663d69abce341623323a4513b6cd4e8dd9e9d7c9,2818.75,108.31,11.718325291,54000,54000
5a5698a4b384af0b63c2d1a601a626252a15f9cb,3853.75,150.09,15.845883882,54000,54000
86473c1406473daeadda8b2ce384f49b8e00fa18,2050.51,78.28,8.554145887,54000,54000
c99b1830f301bbd0a72bbd0ebd68ac70a2fad90c,1540.41,58.52,6.408758716,55000,54000
663d69abce341623323a4513b6cd4e8dd9e9d7c9,2835.40,109.42,11.770979700,55000,54000
5a5698a4b384af0b63c2d1a601a626252a15f9cb,3906.53,151.71,16.052614454,54000,54000
86473c1406473daeadda8b2ce384f49b8e00fa18,2072.81,79.10,8.653802226,54000,54000
c99b1830f301bbd0a72bbd0ebd68ac70a2fad90c,1568.65,59.91,6.508208936,54000,54000
663d69abce341623323a4513b6cd4e8dd9e9d7c9,2843.00,108.93,11.819064437,55000,54000
